contrast_family,contrast,metric,scope,variant,estimate,unit,left_expression,right_expression,identity_ct_residual,identity_tc_residual
FACTORIAL,C_T0,coverage_per_image,10,SEED_530101,-0.0934999999999997,count_per_image,M10,M00,,
FACTORIAL,C_T1,coverage_per_image,10,SEED_530101,-0.13349999999999973,count_per_image,M11,M01,,
FACTORIAL,T_C0,coverage_per_image,10,SEED_530101,-0.03049999999999997,count_per_image,M01,M00,,
FACTORIAL,T_C1,coverage_per_image,10,SEED_530101,-0.07050000000000001,count_per_image,M11,M10,,
FACTORIAL,I,coverage_per_image,10,SEED_530101,-0.040000000000000036,count_per_image,M11-M10,M01-M00,0,0
VS_S_ADAPT,M00_VS_S_ADAPT,coverage_per_image,10,SEED_530101,0.242,count_per_image,M00,S_ADAPT,,
VS_S_ADAPT,M10_VS_S_ADAPT,coverage_per_image,10,SEED_530101,0.1485000000000003,count_per_image,M10,S_ADAPT,,
VS_S_ADAPT,M01_VS_S_ADAPT,coverage_per_image,10,SEED_530101,0.21150000000000002,count_per_image,M01,S_ADAPT,,
VS_S_ADAPT,M11_VS_S_ADAPT,coverage_per_image,10,SEED_530101,0.07800000000000029,count_per_image,M11,S_ADAPT,,
FACTORIAL,C_T0,coverage_per_image,15,SEED_530101,-0.06049999999999933,count_per_image,M10,M00,,
FACTORIAL,C_T1,coverage_per_image,15,SEED_530101,-0.09200000000000053,count_per_image,M11,M01,,
FACTORIAL,T_C0,coverage_per_image,15,SEED_530101,-0.013999999999999346,count_per_image,M01,M00,,
FACTORIAL,T_C1,coverage_per_image,15,SEED_530101,-0.04550000000000054,count_per_image,M11,M10,,
FACTORIAL,I,coverage_per_image,15,SEED_530101,-0.031500000000001194,count_per_image,M11-M10,M01-M00,0,0
VS_S_ADAPT,M00_VS_S_ADAPT,coverage_per_image,15,SEED_530101,0.21699999999999875,count_per_image,M00,S_ADAPT,,
VS_S_ADAPT,M10_VS_S_ADAPT,coverage_per_image,15,SEED_530101,0.15649999999999942,count_per_image,M10,S_ADAPT,,
VS_S_ADAPT,M01_VS_S_ADAPT,coverage_per_image,15,SEED_530101,0.2029999999999994,count_per_image,M01,S_ADAPT,,
VS_S_ADAPT,M11_VS_S_ADAPT,coverage_per_image,15,SEED_530101,0.11099999999999888,count_per_image,M11,S_ADAPT,,
FACTORIAL,C_T0,coverage_per_image,20,SEED_530101,-0.06950000000000145,count_per_image,M10,M00,,
FACTORIAL,C_T1,coverage_per_image,20,SEED_530101,-0.08300000000000018,count_per_image,M11,M01,,
FACTORIAL,T_C0,coverage_per_image,20,SEED_530101,-0.0235000000000003,count_per_image,M01,M00,,
FACTORIAL,T_C1,coverage_per_image,20,SEED_530101,-0.036999999999999034,count_per_image,M11,M10,,
FACTORIAL,I,coverage_per_image,20,SEED_530101,-0.013499999999998735,count_per_image,M11-M10,M01-M00,0,0
VS_S_ADAPT,M00_VS_S_ADAPT,coverage_per_image,20,SEED_530101,0.23000000000000043,count_per_image,M00,S_ADAPT,,
VS_S_ADAPT,M10_VS_S_ADAPT,coverage_per_image,20,SEED_530101,0.16049999999999898,count_per_image,M10,S_ADAPT,,
VS_S_ADAPT,M01_VS_S_ADAPT,coverage_per_image,20,SEED_530101,0.20650000000000013,count_per_image,M01,S_ADAPT,,
VS_S_ADAPT,M11_VS_S_ADAPT,coverage_per_image,20,SEED_530101,0.12349999999999994,count_per_image,M11,S_ADAPT,,
FACTORIAL,C_T0,coverage_per_image,30,SEED_530101,-0.03950000000000031,count_per_image,M10,M00,,
FACTORIAL,C_T1,coverage_per_image,30,SEED_530101,-0.041999999999999815,count_per_image,M11,M01,,
FACTORIAL,T_C0,coverage_per_image,30,SEED_530101,-0.012500000000001066,count_per_image,M01,M00,,
FACTORIAL,T_C1,coverage_per_image,30,SEED_530101,-0.015000000000000568,count_per_image,M11,M10,,
FACTORIAL,I,coverage_per_image,30,SEED_530101,-0.0024999999999995026,count_per_image,M11-M10,M01-M00,0,0
VS_S_ADAPT,M00_VS_S_ADAPT,coverage_per_image,30,SEED_530101,0.15200000000000102,count_per_image,M00,S_ADAPT,,
VS_S_ADAPT,M10_VS_S_ADAPT,coverage_per_image,30,SEED_530101,0.11250000000000071,count_per_image,M10,S_ADAPT,,
VS_S_ADAPT,M01_VS_S_ADAPT,coverage_per_image,30,SEED_530101,0.13949999999999996,count_per_image,M01,S_ADAPT,,
VS_S_ADAPT,M11_VS_S_ADAPT,coverage_per_image,30,SEED_530101,0.09750000000000014,count_per_image,M11,S_ADAPT,,
FACTORIAL,C_T0,coverage_per_image,40,SEED_530101,-0.00849999999999973,count_per_image,M10,M00,,
FACTORIAL,C_T1,coverage_per_image,40,SEED_530101,-0.009500000000000952,count_per_image,M11,M01,,
FACTORIAL,T_C0,coverage_per_image,40,SEED_530101,-0.008999999999998565,count_per_image,M01,M00,,
FACTORIAL,T_C1,coverage_per_image,40,SEED_530101,-0.009999999999999787,count_per_image,M11,M10,,
FACTORIAL,I,coverage_per_image,40,SEED_530101,-0.0010000000000012221,count_per_image,M11-M10,M01-M00,0,0
VS_S_ADAPT,M00_VS_S_ADAPT,coverage_per_image,40,SEED_530101,0.07899999999999885,count_per_image,M00,S_ADAPT,,
VS_S_ADAPT,M10_VS_S_ADAPT,coverage_per_image,40,SEED_530101,0.07049999999999912,count_per_image,M10,S_ADAPT,,
VS_S_ADAPT,M01_VS_S_ADAPT,coverage_per_image,40,SEED_530101,0.07000000000000028,count_per_image,M01,S_ADAPT,,
VS_S_ADAPT,M11_VS_S_ADAPT,coverage_per_image,40,SEED_530101,0.06049999999999933,count_per_image,M11,S_ADAPT,,
FACTORIAL,C_T0,coverage_per_image,CORE_10_15_20,SEED_530101,-0.07450000000000045,count_per_image,M10,M00,,
FACTORIAL,C_T1,coverage_per_image,CORE_10_15_20,SEED_530101,-0.10283333333333289,count_per_image,M11,M01,,
FACTORIAL,T_C0,coverage_per_image,CORE_10_15_20,SEED_530101,-0.022666666666665947,count_per_image,M01,M00,,
FACTORIAL,T_C1,coverage_per_image,CORE_10_15_20,SEED_530101,-0.05099999999999838,count_per_image,M11,M10,,
FACTORIAL,I,coverage_per_image,CORE_10_15_20,SEED_530101,-0.028333333333332433,count_per_image,M11-M10,M01-M00,0,0
VS_S_ADAPT,M00_VS_S_ADAPT,coverage_per_image,CORE_10_15_20,SEED_530101,0.22966666666666669,count_per_image,M00,S_ADAPT,,
VS_S_ADAPT,M10_VS_S_ADAPT,coverage_per_image,CORE_10_15_20,SEED_530101,0.15516666666666623,count_per_image,M10,S_ADAPT,,
VS_S_ADAPT,M01_VS_S_ADAPT,coverage_per_image,CORE_10_15_20,SEED_530101,0.20700000000000074,count_per_image,M01,S_ADAPT,,
VS_S_ADAPT,M11_VS_S_ADAPT,coverage_per_image,CORE_10_15_20,SEED_530101,0.10416666666666785,count_per_image,M11,S_ADAPT,,
FACTORIAL,C_T0,quality_per_image,10,SEED_530101,0.07967978880187054,count_per_image,M10,M00,,
FACTORIAL,C_T1,quality_per_image,10,SEED_530101,0.05955671785808647,count_per_image,M11,M01,,
FACTORIAL,T_C0,quality_per_image,10,SEED_530101,0.03191997595254126,count_per_image,M01,M00,,
FACTORIAL,T_C1,quality_per_image,10,SEED_530101,0.011796905008757186,count_per_image,M11,M10,,
FACTORIAL,I,quality_per_image,10,SEED_530101,-0.02012307094378407,count_per_image,M11-M10,M01-M00,0,0
VS_S_ADAPT,M00_VS_S_ADAPT,quality_per_image,10,SEED_530101,0.03829254500599788,count_per_image,M00,S_ADAPT,,
VS_S_ADAPT,M10_VS_S_ADAPT,quality_per_image,10,SEED_530101,0.11797233380786842,count_per_image,M10,S_ADAPT,,
VS_S_ADAPT,M01_VS_S_ADAPT,quality_per_image,10,SEED_530101,0.07021252095853914,count_per_image,M01,S_ADAPT,,
VS_S_ADAPT,M11_VS_S_ADAPT,quality_per_image,10,SEED_530101,0.1297692388166256,count_per_image,M11,S_ADAPT,,
FACTORIAL,C_T0,quality_per_image,15,SEED_530101,0.059084237166191045,count_per_image,M10,M00,,
FACTORIAL,C_T1,quality_per_image,15,SEED_530101,0.050528760841673126,count_per_image,M11,M01,,
FACTORIAL,T_C0,quality_per_image,15,SEED_530101,0.03691019381333671,count_per_image,M01,M00,,
FACTORIAL,T_C1,quality_per_image,15,SEED_530101,0.028354717488818793,count_per_image,M11,M10,,
FACTORIAL,I,quality_per_image,15,SEED_530101,-0.008555476324517919,count_per_image,M11-M10,M01-M00,0,0
VS_S_ADAPT,M00_VS_S_ADAPT,quality_per_image,15,SEED_530101,0.03520919591170646,count_per_image,M00,S_ADAPT,,
VS_S_ADAPT,M10_VS_S_ADAPT,quality_per_image,15,SEED_530101,0.0942934330778975,count_per_image,M10,S_ADAPT,,
VS_S_ADAPT,M01_VS_S_ADAPT,quality_per_image,15,SEED_530101,0.07211938972504317,count_per_image,M01,S_ADAPT,,
VS_S_ADAPT,M11_VS_S_ADAPT,quality_per_image,15,SEED_530101,0.1226481505667163,count_per_image,M11,S_ADAPT,,
FACTORIAL,C_T0,quality_per_image,20,SEED_530101,0.031916304201335954,count_per_image,M10,M00,,
FACTORIAL,C_T1,quality_per_image,20,SEED_530101,0.03152479171678024,count_per_image,M11,M01,,
FACTORIAL,T_C0,quality_per_image,20,SEED_530101,0.017553223006771645,count_per_image,M01,M00,,
FACTORIAL,T_C1,quality_per_image,20,SEED_530101,0.017161710522215934,count_per_image,M11,M10,,
FACTORIAL,I,quality_per_image,20,SEED_530101,-0.00039151248455571164,count_per_image,M11-M10,M01-M00,0,0
VS_S_ADAPT,M00_VS_S_ADAPT,quality_per_image,20,SEED_530101,0.055970738591067715,count_per_image,M00,S_ADAPT,,
VS_S_ADAPT,M10_VS_S_ADAPT,quality_per_image,20,SEED_530101,0.08788704279240367,count_per_image,M10,S_ADAPT,,
VS_S_ADAPT,M01_VS_S_ADAPT,quality_per_image,20,SEED_530101,0.07352396159783936,count_per_image,M01,S_ADAPT,,
VS_S_ADAPT,M11_VS_S_ADAPT,quality_per_image,20,SEED_530101,0.1050487533146196,count_per_image,M11,S_ADAPT,,
FACTORIAL,C_T0,quality_per_image,30,SEED_530101,0.021585059973818765,count_per_image,M10,M00,,
FACTORIAL,C_T1,quality_per_image,30,SEED_530101,0.019051666543427714,count_per_image,M11,M01,,
FACTORIAL,T_C0,quality_per_image,30,SEED_530101,0.01519307383571622,count_per_image,M01,M00,,
FACTORIAL,T_C1,quality_per_image,30,SEED_530101,0.012659680405325169,count_per_image,M11,M10,,
FACTORIAL,I,quality_per_image,30,SEED_530101,-0.002533393430391051,count_per_image,M11-M10,M01-M00,0,0
VS_S_ADAPT,M00_VS_S_ADAPT,quality_per_image,30,SEED_530101,0.027006745585054226,count_per_image,M00,S_ADAPT,,
VS_S_ADAPT,M10_VS_S_ADAPT,quality_per_image,30,SEED_530101,0.04859180555887299,count_per_image,M10,S_ADAPT,,
VS_S_ADAPT,M01_VS_S_ADAPT,quality_per_image,30,SEED_530101,0.042199819420770446,count_per_image,M01,S_ADAPT,,
VS_S_ADAPT,M11_VS_S_ADAPT,quality_per_image,30,SEED_530101,0.06125148596419816,count_per_image,M11,S_ADAPT,,
FACTORIAL,C_T0,quality_per_image,40,SEED_530101,0.008572176951404664,count_per_image,M10,M00,,
FACTORIAL,C_T1,quality_per_image,40,SEED_530101,0.014497999930339844,count_per_image,M11,M01,,
FACTORIAL,T_C0,quality_per_image,40,SEED_530101,0.0008518372517265504,count_per_image,M01,M00,,
FACTORIAL,T_C1,quality_per_image,40,SEED_530101,0.006777660230661731,count_per_image,M11,M10,,
FACTORIAL,I,quality_per_image,40,SEED_530101,0.00592582297893518,count_per_image,M11-M10,M01-M00,0,0
VS_S_ADAPT,M00_VS_S_ADAPT,quality_per_image,40,SEED_530101,0.01710504460062623,count_per_image,M00,S_ADAPT,,
VS_S_ADAPT,M10_VS_S_ADAPT,quality_per_image,40,SEED_530101,0.025677221552030893,count_per_image,M10,S_ADAPT,,
VS_S_ADAPT,M01_VS_S_ADAPT,quality_per_image,40,SEED_530101,0.01795688185235278,count_per_image,M01,S_ADAPT,,
VS_S_ADAPT,M11_VS_S_ADAPT,quality_per_image,40,SEED_530101,0.032454881782692624,count_per_image,M11,S_ADAPT,,
FACTORIAL,C_T0,quality_per_image,CORE_10_15_20,SEED_530101,0.05689344338979918,count_per_image,M10,M00,,
FACTORIAL,C_T1,quality_per_image,CORE_10_15_20,SEED_530101,0.04720342347218054,count_per_image,M11,M01,,
FACTORIAL,T_C0,quality_per_image,CORE_10_15_20,SEED_530101,0.028794464257550167,count_per_image,M01,M00,,
FACTORIAL,T_C1,quality_per_image,CORE_10_15_20,SEED_530101,0.019104444339931526,count_per_image,M11,M10,,
FACTORIAL,I,quality_per_image,CORE_10_15_20,SEED_530101,-0.009690019917618642,count_per_image,M11-M10,M01-M00,0,0
VS_S_ADAPT,M00_VS_S_ADAPT,quality_per_image,CORE_10_15_20,SEED_530101,0.04315749316959039,count_per_image,M00,S_ADAPT,,
VS_S_ADAPT,M10_VS_S_ADAPT,quality_per_image,CORE_10_15_20,SEED_530101,0.10005093655938957,count_per_image,M10,S_ADAPT,,
VS_S_ADAPT,M01_VS_S_ADAPT,quality_per_image,CORE_10_15_20,SEED_530101,0.07195195742714056,count_per_image,M01,S_ADAPT,,
VS_S_ADAPT,M11_VS_S_ADAPT,quality_per_image,CORE_10_15_20,SEED_530101,0.1191553808993211,count_per_image,M11,S_ADAPT,,
FACTORIAL,C_T0,AP,10,SEED_530101,0.0066108753029451295,proportion,M10,M00,,
FACTORIAL,C_T1,AP,10,SEED_530101,0.004884521551223514,proportion,M11,M01,,
FACTORIAL,T_C0,AP,10,SEED_530101,0.002584252965466216,proportion,M01,M00,,
FACTORIAL,T_C1,AP,10,SEED_530101,0.0008578992137446007,proportion,M11,M10,,
FACTORIAL,I,AP,10,SEED_530101,-0.0017263537517216154,proportion,M11-M10,M01-M00,0,0
VS_S_ADAPT,M00_VS_S_ADAPT,AP,10,SEED_530101,-0.0011121776800552818,proportion,M00,S_ADAPT,,
VS_S_ADAPT,M10_VS_S_ADAPT,AP,10,SEED_530101,0.005498697622889848,proportion,M10,S_ADAPT,,
VS_S_ADAPT,M01_VS_S_ADAPT,AP,10,SEED_530101,0.0014720752854109342,proportion,M01,S_ADAPT,,
VS_S_ADAPT,M11_VS_S_ADAPT,AP,10,SEED_530101,0.006356596836634448,proportion,M11,S_ADAPT,,
FACTORIAL,C_T0,AP,15,SEED_530101,0.004225114309535899,proportion,M10,M00,,
FACTORIAL,C_T1,AP,15,SEED_530101,0.0036202302154300925,proportion,M11,M01,,
FACTORIAL,T_C0,AP,15,SEED_530101,0.0017082762908100513,proportion,M01,M00,,
FACTORIAL,T_C1,AP,15,SEED_530101,0.0011033921967042448,proportion,M11,M10,,
FACTORIAL,I,AP,15,SEED_530101,-0.0006048840941058065,proportion,M11-M10,M01-M00,0,0
VS_S_ADAPT,M00_VS_S_ADAPT,AP,15,SEED_530101,-0.0010707317631687696,proportion,M00,S_ADAPT,,
VS_S_ADAPT,M10_VS_S_ADAPT,AP,15,SEED_530101,0.0031543825463671293,proportion,M10,S_ADAPT,,
VS_S_ADAPT,M01_VS_S_ADAPT,AP,15,SEED_530101,0.0006375445276412817,proportion,M01,S_ADAPT,,
VS_S_ADAPT,M11_VS_S_ADAPT,AP,15,SEED_530101,0.004257774743071374,proportion,M11,S_ADAPT,,
FACTORIAL,C_T0,AP,20,SEED_530101,0.002077769757251685,proportion,M10,M00,,
FACTORIAL,C_T1,AP,20,SEED_530101,0.002172437977039837,proportion,M11,M01,,
FACTORIAL,T_C0,AP,20,SEED_530101,0.000557068548598133,proportion,M01,M00,,
FACTORIAL,T_C1,AP,20,SEED_530101,0.0006517367683862851,proportion,M11,M10,,
FACTORIAL,I,AP,20,SEED_530101,0.0000946682197881521,proportion,M11-M10,M01-M00,0,0
VS_S_ADAPT,M00_VS_S_ADAPT,AP,20,SEED_530101,0.000036157155847399425,proportion,M00,S_ADAPT,,
VS_S_ADAPT,M10_VS_S_ADAPT,AP,20,SEED_530101,0.0021139269130990845,proportion,M10,S_ADAPT,,
VS_S_ADAPT,M01_VS_S_ADAPT,AP,20,SEED_530101,0.0005932257044455325,proportion,M01,S_ADAPT,,
VS_S_ADAPT,M11_VS_S_ADAPT,AP,20,SEED_530101,0.0027656636814853697,proportion,M11,S_ADAPT,,
FACTORIAL,C_T0,AP,30,SEED_530101,0.0007321305822241275,proportion,M10,M00,,
FACTORIAL,C_T1,AP,30,SEED_530101,0.0006144382004023008,proportion,M11,M01,,
FACTORIAL,T_C0,AP,30,SEED_530101,0.0005134338363882995,proportion,M01,M00,,
FACTORIAL,T_C1,AP,30,SEED_530101,0.0003957414545664728,proportion,M11,M10,,
FACTORIAL,I,AP,30,SEED_530101,-0.00011769238182182673,proportion,M11-M10,M01-M00,0,0
VS_S_ADAPT,M00_VS_S_ADAPT,AP,30,SEED_530101,-0.00006873990516156891,proportion,M00,S_ADAPT,,
VS_S_ADAPT,M10_VS_S_ADAPT,AP,30,SEED_530101,0.0006633906770625586,proportion,M10,S_ADAPT,,
VS_S_ADAPT,M01_VS_S_ADAPT,AP,30,SEED_530101,0.0004446939312267306,proportion,M01,S_ADAPT,,
VS_S_ADAPT,M11_VS_S_ADAPT,AP,30,SEED_530101,0.0010591321316290314,proportion,M11,S_ADAPT,,
FACTORIAL,C_T0,AP,40,SEED_530101,0.0001564509951055837,proportion,M10,M00,,
FACTORIAL,C_T1,AP,40,SEED_530101,0.00011544223386533714,proportion,M11,M01,,
FACTORIAL,T_C0,AP,40,SEED_530101,0.000028720191415615437,proportion,M01,M00,,
FACTORIAL,T_C1,AP,40,SEED_530101,-0.000012288569824631113,proportion,M11,M10,,
FACTORIAL,I,AP,40,SEED_530101,-0.00004100876124024655,proportion,M11-M10,M01-M00,0,0
VS_S_ADAPT,M00_VS_S_ADAPT,AP,40,SEED_530101,0.0001813438666392886,proportion,M00,S_ADAPT,,
VS_S_ADAPT,M10_VS_S_ADAPT,AP,40,SEED_530101,0.0003377948617448723,proportion,M10,S_ADAPT,,
VS_S_ADAPT,M01_VS_S_ADAPT,AP,40,SEED_530101,0.00021006405805490402,proportion,M01,S_ADAPT,,
VS_S_ADAPT,M11_VS_S_ADAPT,AP,40,SEED_530101,0.00032550629192024116,proportion,M11,S_ADAPT,,
FACTORIAL,C_T0,AP,CORE_10_15_20,SEED_530101,0.00430458645657758,proportion,M10,M00,,
FACTORIAL,C_T1,AP,CORE_10_15_20,SEED_530101,0.003559063247897787,proportion,M11,M01,,
FACTORIAL,T_C0,AP,CORE_10_15_20,SEED_530101,0.0016165326016248094,proportion,M01,M00,,
FACTORIAL,T_C1,AP,CORE_10_15_20,SEED_530101,0.0008710093929450158,proportion,M11,M10,,
FACTORIAL,I,AP,CORE_10_15_20,SEED_530101,-0.0007455232086797936,proportion,M11-M10,M01-M00,0,0
VS_S_ADAPT,M00_VS_S_ADAPT,AP,CORE_10_15_20,SEED_530101,-0.0007155840957922266,proportion,M00,S_ADAPT,,
VS_S_ADAPT,M10_VS_S_ADAPT,AP,CORE_10_15_20,SEED_530101,0.003589002360785354,proportion,M10,S_ADAPT,,
VS_S_ADAPT,M01_VS_S_ADAPT,AP,CORE_10_15_20,SEED_530101,0.0009009485058325828,proportion,M01,S_ADAPT,,
VS_S_ADAPT,M11_VS_S_ADAPT,AP,CORE_10_15_20,SEED_530101,0.00446001175373037,proportion,M11,S_ADAPT,,
FACTORIAL,C_T0,AP50,10,SEED_530101,0.01133895552004266,proportion,M10,M00,,
FACTORIAL,C_T1,AP50,10,SEED_530101,0.008764708377783925,proportion,M11,M01,,
FACTORIAL,T_C0,AP50,10,SEED_530101,0.002989314588287939,proportion,M01,M00,,
FACTORIAL,T_C1,AP50,10,SEED_530101,0.00041506744602920476,proportion,M11,M10,,
FACTORIAL,I,AP50,10,SEED_530101,-0.0025742471422587343,proportion,M11-M10,M01-M00,0,0
VS_S_ADAPT,M00_VS_S_ADAPT,AP50,10,SEED_530101,0.0014099829190961921,proportion,M00,S_ADAPT,,
VS_S_ADAPT,M10_VS_S_ADAPT,AP50,10,SEED_530101,0.012748938439138852,proportion,M10,S_ADAPT,,
VS_S_ADAPT,M01_VS_S_ADAPT,AP50,10,SEED_530101,0.004399297507384131,proportion,M01,S_ADAPT,,
VS_S_ADAPT,M11_VS_S_ADAPT,AP50,10,SEED_530101,0.013164005885168056,proportion,M11,S_ADAPT,,
FACTORIAL,C_T0,AP50,15,SEED_530101,0.010073510162742938,proportion,M10,M00,,
FACTORIAL,C_T1,AP50,15,SEED_530101,0.007274030488715055,proportion,M11,M01,,
FACTORIAL,T_C0,AP50,15,SEED_530101,0.003071954323660142,proportion,M01,M00,,
FACTORIAL,T_C1,AP50,15,SEED_530101,0.0002724746496322594,proportion,M11,M10,,
FACTORIAL,I,AP50,15,SEED_530101,-0.0027994796740278827,proportion,M11-M10,M01-M00,0,0
VS_S_ADAPT,M00_VS_S_ADAPT,AP50,15,SEED_530101,-0.0012586168250890983,proportion,M00,S_ADAPT,,
VS_S_ADAPT,M10_VS_S_ADAPT,AP50,15,SEED_530101,0.00881489333765384,proportion,M10,S_ADAPT,,
VS_S_ADAPT,M01_VS_S_ADAPT,AP50,15,SEED_530101,0.0018133374985710438,proportion,M01,S_ADAPT,,
VS_S_ADAPT,M11_VS_S_ADAPT,AP50,15,SEED_530101,0.009087367987286099,proportion,M11,S_ADAPT,,
FACTORIAL,C_T0,AP50,20,SEED_530101,0.004337011560313242,proportion,M10,M00,,
FACTORIAL,C_T1,AP50,20,SEED_530101,0.004031459921873204,proportion,M11,M01,,
FACTORIAL,T_C0,AP50,20,SEED_530101,0.00029949319189626067,proportion,M01,M00,,
FACTORIAL,T_C1,AP50,20,SEED_530101,-0.000006058446543777407,proportion,M11,M10,,
FACTORIAL,I,AP50,20,SEED_530101,-0.0003055516384400381,proportion,M11-M10,M01-M00,0,0
VS_S_ADAPT,M00_VS_S_ADAPT,AP50,20,SEED_530101,0.0023932830635478575,proportion,M00,S_ADAPT,,
VS_S_ADAPT,M10_VS_S_ADAPT,AP50,20,SEED_530101,0.0067302946238610994,proportion,M10,S_ADAPT,,
VS_S_ADAPT,M01_VS_S_ADAPT,AP50,20,SEED_530101,0.002692776255444118,proportion,M01,S_ADAPT,,
VS_S_ADAPT,M11_VS_S_ADAPT,AP50,20,SEED_530101,0.006724236177317322,proportion,M11,S_ADAPT,,
FACTORIAL,C_T0,AP50,30,SEED_530101,0.001820653849627818,proportion,M10,M00,,
FACTORIAL,C_T1,AP50,30,SEED_530101,0.0012416296816062378,proportion,M11,M01,,
FACTORIAL,T_C0,AP50,30,SEED_530101,0.0005417516187394278,proportion,M01,M00,,
FACTORIAL,T_C1,AP50,30,SEED_530101,-0.0000372725492821524,proportion,M11,M10,,
FACTORIAL,I,AP50,30,SEED_530101,-0.0005790241680215802,proportion,M11-M10,M01-M00,0,0
VS_S_ADAPT,M00_VS_S_ADAPT,AP50,30,SEED_530101,-0.000017716540905654554,proportion,M00,S_ADAPT,,
VS_S_ADAPT,M10_VS_S_ADAPT,AP50,30,SEED_530101,0.0018029373087221634,proportion,M10,S_ADAPT,,
VS_S_ADAPT,M01_VS_S_ADAPT,AP50,30,SEED_530101,0.0005240350778337732,proportion,M01,S_ADAPT,,
VS_S_ADAPT,M11_VS_S_ADAPT,AP50,30,SEED_530101,0.001765664759440011,proportion,M11,S_ADAPT,,
FACTORIAL,C_T0,AP50,40,SEED_530101,-0.00010555010658092057,proportion,M10,M00,,
FACTORIAL,C_T1,AP50,40,SEED_530101,-0.0000024761992035715608,proportion,M11,M01,,
FACTORIAL,T_C0,AP50,40,SEED_530101,-0.0002998948980198479,proportion,M01,M00,,
FACTORIAL,T_C1,AP50,40,SEED_530101,-0.00019682099064249892,proportion,M11,M10,,
FACTORIAL,I,AP50,40,SEED_530101,0.000103073907377349,proportion,M11-M10,M01-M00,0,0
VS_S_ADAPT,M00_VS_S_ADAPT,AP50,40,SEED_530101,0.0010318828433045213,proportion,M00,S_ADAPT,,
VS_S_ADAPT,M10_VS_S_ADAPT,AP50,40,SEED_530101,0.0009263327367236007,proportion,M10,S_ADAPT,,
VS_S_ADAPT,M01_VS_S_ADAPT,AP50,40,SEED_530101,0.0007319879452846734,proportion,M01,S_ADAPT,,
VS_S_ADAPT,M11_VS_S_ADAPT,AP50,40,SEED_530101,0.0007295117460811018,proportion,M11,S_ADAPT,,
FACTORIAL,C_T0,AP50,CORE_10_15_20,SEED_530101,0.00858315908103291,proportion,M10,M00,,
FACTORIAL,C_T1,AP50,CORE_10_15_20,SEED_530101,0.006690066262790728,proportion,M11,M01,,
FACTORIAL,T_C0,AP50,CORE_10_15_20,SEED_530101,0.0021202540346147436,proportion,M01,M00,,
FACTORIAL,T_C1,AP50,CORE_10_15_20,SEED_530101,0.00022716121637256226,proportion,M11,M10,,
FACTORIAL,I,AP50,CORE_10_15_20,SEED_530101,-0.0018930928182421813,proportion,M11-M10,M01-M00,0,0
VS_S_ADAPT,M00_VS_S_ADAPT,AP50,CORE_10_15_20,SEED_530101,0.0008482163858516967,proportion,M00,S_ADAPT,,
VS_S_ADAPT,M10_VS_S_ADAPT,AP50,CORE_10_15_20,SEED_530101,0.009431375466884606,proportion,M10,S_ADAPT,,
VS_S_ADAPT,M01_VS_S_ADAPT,AP50,CORE_10_15_20,SEED_530101,0.0029684704204664403,proportion,M01,S_ADAPT,,
VS_S_ADAPT,M11_VS_S_ADAPT,AP50,CORE_10_15_20,SEED_530101,0.009658536683257168,proportion,M11,S_ADAPT,,
FACTORIAL,C_T0,AP75,10,SEED_530101,0.006295041633305493,proportion,M10,M00,,
FACTORIAL,C_T1,AP75,10,SEED_530101,0.004813615808722194,proportion,M11,M01,,
FACTORIAL,T_C0,AP75,10,SEED_530101,0.0033977785860041243,proportion,M01,M00,,
FACTORIAL,T_C1,AP75,10,SEED_530101,0.0019163527614208253,proportion,M11,M10,,
FACTORIAL,I,AP75,10,SEED_530101,-0.001481425824583299,proportion,M11-M10,M01-M00,0,0
VS_S_ADAPT,M00_VS_S_ADAPT,AP75,10,SEED_530101,-0.002185230985577269,proportion,M00,S_ADAPT,,
VS_S_ADAPT,M10_VS_S_ADAPT,AP75,10,SEED_530101,0.004109810647728224,proportion,M10,S_ADAPT,,
VS_S_ADAPT,M01_VS_S_ADAPT,AP75,10,SEED_530101,0.0012125476004268554,proportion,M01,S_ADAPT,,
VS_S_ADAPT,M11_VS_S_ADAPT,AP75,10,SEED_530101,0.006026163409149049,proportion,M11,S_ADAPT,,
FACTORIAL,C_T0,AP75,15,SEED_530101,0.0034956529079786247,proportion,M10,M00,,
FACTORIAL,C_T1,AP75,15,SEED_530101,0.0018296827741649258,proportion,M11,M01,,
FACTORIAL,T_C0,AP75,15,SEED_530101,0.002098639177792405,proportion,M01,M00,,
FACTORIAL,T_C1,AP75,15,SEED_530101,0.0004326690439787062,proportion,M11,M10,,
FACTORIAL,I,AP75,15,SEED_530101,-0.001665970133813699,proportion,M11-M10,M01-M00,0,0
VS_S_ADAPT,M00_VS_S_ADAPT,AP75,15,SEED_530101,-0.0009305969051260632,proportion,M00,S_ADAPT,,
VS_S_ADAPT,M10_VS_S_ADAPT,AP75,15,SEED_530101,0.0025650560028525615,proportion,M10,S_ADAPT,,
VS_S_ADAPT,M01_VS_S_ADAPT,AP75,15,SEED_530101,0.001168042272666342,proportion,M01,S_ADAPT,,
VS_S_ADAPT,M11_VS_S_ADAPT,AP75,15,SEED_530101,0.0029977250468312677,proportion,M11,S_ADAPT,,
FACTORIAL,C_T0,AP75,20,SEED_530101,0.0010561131003169189,proportion,M10,M00,,
FACTORIAL,C_T1,AP75,20,SEED_530101,0.0012167206962576116,proportion,M11,M01,,
FACTORIAL,T_C0,AP75,20,SEED_530101,0.0010903519011384588,proportion,M01,M00,,
FACTORIAL,T_C1,AP75,20,SEED_530101,0.0012509594970791516,proportion,M11,M10,,
FACTORIAL,I,AP75,20,SEED_530101,0.00016060759594069274,proportion,M11-M10,M01-M00,0,0
VS_S_ADAPT,M00_VS_S_ADAPT,AP75,20,SEED_530101,-0.00012437621648114794,proportion,M00,S_ADAPT,,
VS_S_ADAPT,M10_VS_S_ADAPT,AP75,20,SEED_530101,0.0009317368838357709,proportion,M10,S_ADAPT,,
VS_S_ADAPT,M01_VS_S_ADAPT,AP75,20,SEED_530101,0.0009659756846573109,proportion,M01,S_ADAPT,,
VS_S_ADAPT,M11_VS_S_ADAPT,AP75,20,SEED_530101,0.0021826963809149225,proportion,M11,S_ADAPT,,
FACTORIAL,C_T0,AP75,30,SEED_530101,0.0004965239030359225,proportion,M10,M00,,
FACTORIAL,C_T1,AP75,30,SEED_530101,0.00042263603799705396,proportion,M11,M01,,
FACTORIAL,T_C0,AP75,30,SEED_530101,0.0005730381844175347,proportion,M01,M00,,
FACTORIAL,T_C1,AP75,30,SEED_530101,0.0004991503193786662,proportion,M11,M10,,
FACTORIAL,I,AP75,30,SEED_530101,-0.00007388786503886857,proportion,M11-M10,M01-M00,0,0
VS_S_ADAPT,M00_VS_S_ADAPT,AP75,30,SEED_530101,-0.00039135838884477026,proportion,M00,S_ADAPT,,
VS_S_ADAPT,M10_VS_S_ADAPT,AP75,30,SEED_530101,0.00010516551419115228,proportion,M10,S_ADAPT,,
VS_S_ADAPT,M01_VS_S_ADAPT,AP75,30,SEED_530101,0.00018167979557276448,proportion,M01,S_ADAPT,,
VS_S_ADAPT,M11_VS_S_ADAPT,AP75,30,SEED_530101,0.0006043158335698184,proportion,M11,S_ADAPT,,
FACTORIAL,C_T0,AP75,40,SEED_530101,0.0004809478108017129,proportion,M10,M00,,
FACTORIAL,C_T1,AP75,40,SEED_530101,0.00005900277481077354,proportion,M11,M01,,
FACTORIAL,T_C0,AP75,40,SEED_530101,0.0003446939471430932,proportion,M01,M00,,
FACTORIAL,T_C1,AP75,40,SEED_530101,-0.00007725108884784615,proportion,M11,M10,,
FACTORIAL,I,AP75,40,SEED_530101,-0.00042194503599093935,proportion,M11-M10,M01-M00,0,0
VS_S_ADAPT,M00_VS_S_ADAPT,AP75,40,SEED_530101,-0.0003044167695904765,proportion,M00,S_ADAPT,,
VS_S_ADAPT,M10_VS_S_ADAPT,AP75,40,SEED_530101,0.00017653104121123642,proportion,M10,S_ADAPT,,
VS_S_ADAPT,M01_VS_S_ADAPT,AP75,40,SEED_530101,0.00004027717755261673,proportion,M01,S_ADAPT,,
VS_S_ADAPT,M11_VS_S_ADAPT,AP75,40,SEED_530101,0.00009927995236339027,proportion,M11,S_ADAPT,,
FACTORIAL,C_T0,AP75,CORE_10_15_20,SEED_530101,0.003615602547200364,proportion,M10,M00,,
FACTORIAL,C_T1,AP75,CORE_10_15_20,SEED_530101,0.0026200064263815492,proportion,M11,M01,,
FACTORIAL,T_C0,AP75,CORE_10_15_20,SEED_530101,0.002195589888311672,proportion,M01,M00,,
FACTORIAL,T_C1,AP75,CORE_10_15_20,SEED_530101,0.0011999937674928574,proportion,M11,M10,,
FACTORIAL,I,AP75,CORE_10_15_20,SEED_530101,-0.0009955961208188147,proportion,M11-M10,M01-M00,0,0
VS_S_ADAPT,M00_VS_S_ADAPT,AP75,CORE_10_15_20,SEED_530101,-0.00108006803572816,proportion,M00,S_ADAPT,,
VS_S_ADAPT,M10_VS_S_ADAPT,AP75,CORE_10_15_20,SEED_530101,0.002535534511472204,proportion,M10,S_ADAPT,,
VS_S_ADAPT,M01_VS_S_ADAPT,AP75,CORE_10_15_20,SEED_530101,0.001115521852583512,proportion,M01,S_ADAPT,,
VS_S_ADAPT,M11_VS_S_ADAPT,AP75,CORE_10_15_20,SEED_530101,0.0037355282789650612,proportion,M11,S_ADAPT,,
FACTORIAL,C_T0,AR100,10,SEED_530101,0.016894609752237805,proportion,M10,M00,,
FACTORIAL,C_T1,AR100,10,SEED_530101,0.014383654008560426,proportion,M11,M01,,
FACTORIAL,T_C0,AR100,10,SEED_530101,0.006265636780110356,proportion,M01,M00,,
FACTORIAL,T_C1,AR100,10,SEED_530101,0.0037546810364329775,proportion,M11,M10,,
FACTORIAL,I,AR100,10,SEED_530101,-0.002510955743677379,proportion,M11-M10,M01-M00,0,0
VS_S_ADAPT,M00_VS_S_ADAPT,AR100,10,SEED_530101,-0.005579722049878361,proportion,M00,S_ADAPT,,
VS_S_ADAPT,M10_VS_S_ADAPT,AR100,10,SEED_530101,0.011314887702359444,proportion,M10,S_ADAPT,,
VS_S_ADAPT,M01_VS_S_ADAPT,AR100,10,SEED_530101,0.0006859147302319957,proportion,M01,S_ADAPT,,
VS_S_ADAPT,M11_VS_S_ADAPT,AR100,10,SEED_530101,0.015069568738792422,proportion,M11,S_ADAPT,,
FACTORIAL,C_T0,AR100,15,SEED_530101,0.014263581960024724,proportion,M10,M00,,
FACTORIAL,C_T1,AR100,15,SEED_530101,0.013696943781461746,proportion,M11,M01,,
FACTORIAL,T_C0,AR100,15,SEED_530101,0.00583703343111594,proportion,M01,M00,,
FACTORIAL,T_C1,AR100,15,SEED_530101,0.005270395252552962,proportion,M11,M10,,
FACTORIAL,I,AR100,15,SEED_530101,-0.0005666381785629782,proportion,M11-M10,M01-M00,0,0
VS_S_ADAPT,M00_VS_S_ADAPT,AR100,15,SEED_530101,-0.006192508671641284,proportion,M00,S_ADAPT,,
VS_S_ADAPT,M10_VS_S_ADAPT,AR100,15,SEED_530101,0.00807107328838344,proportion,M10,S_ADAPT,,
VS_S_ADAPT,M01_VS_S_ADAPT,AR100,15,SEED_530101,-0.00035547524052534363,proportion,M01,S_ADAPT,,
VS_S_ADAPT,M11_VS_S_ADAPT,AR100,15,SEED_530101,0.013341468540936402,proportion,M11,S_ADAPT,,
FACTORIAL,C_T0,AR100,20,SEED_530101,0.010575977884529852,proportion,M10,M00,,
FACTORIAL,C_T1,AR100,20,SEED_530101,0.011421870431427006,proportion,M11,M01,,
FACTORIAL,T_C0,AR100,20,SEED_530101,0.0029203198015831933,proportion,M01,M00,,
FACTORIAL,T_C1,AR100,20,SEED_530101,0.0037662123484803467,proportion,M11,M10,,
FACTORIAL,I,AR100,20,SEED_530101,0.0008458925468971534,proportion,M11-M10,M01-M00,0,0
VS_S_ADAPT,M00_VS_S_ADAPT,AR100,20,SEED_530101,-0.003841204432430023,proportion,M00,S_ADAPT,,
VS_S_ADAPT,M10_VS_S_ADAPT,AR100,20,SEED_530101,0.006734773452099829,proportion,M10,S_ADAPT,,
VS_S_ADAPT,M01_VS_S_ADAPT,AR100,20,SEED_530101,-0.0009208846308468299,proportion,M01,S_ADAPT,,
VS_S_ADAPT,M11_VS_S_ADAPT,AR100,20,SEED_530101,0.010500985800580176,proportion,M11,S_ADAPT,,
FACTORIAL,C_T0,AR100,30,SEED_530101,0.005963940443798388,proportion,M10,M00,,
FACTORIAL,C_T1,AR100,30,SEED_530101,0.005609925316554798,proportion,M11,M01,,
FACTORIAL,T_C0,AR100,30,SEED_530101,0.003654048942765886,proportion,M01,M00,,
FACTORIAL,T_C1,AR100,30,SEED_530101,0.0033000338155222964,proportion,M11,M10,,
FACTORIAL,I,AR100,30,SEED_530101,-0.00035401512724358986,proportion,M11-M10,M01-M00,0,0
VS_S_ADAPT,M00_VS_S_ADAPT,AR100,30,SEED_530101,-0.0027131770156597623,proportion,M00,S_ADAPT,,
VS_S_ADAPT,M10_VS_S_ADAPT,AR100,30,SEED_530101,0.0032507634281386255,proportion,M10,S_ADAPT,,
VS_S_ADAPT,M01_VS_S_ADAPT,AR100,30,SEED_530101,0.0009408719271061239,proportion,M01,S_ADAPT,,
VS_S_ADAPT,M11_VS_S_ADAPT,AR100,30,SEED_530101,0.006550797243660922,proportion,M11,S_ADAPT,,
FACTORIAL,C_T0,AR100,40,SEED_530101,0.001964100214400022,proportion,M10,M00,,
FACTORIAL,C_T1,AR100,40,SEED_530101,0.0022806332900167092,proportion,M11,M01,,
FACTORIAL,T_C0,AR100,40,SEED_530101,0.0004329565190044349,proportion,M01,M00,,
FACTORIAL,T_C1,AR100,40,SEED_530101,0.0007494895946211222,proportion,M11,M10,,
FACTORIAL,I,AR100,40,SEED_530101,0.0003165330756166873,proportion,M11-M10,M01-M00,0,0
VS_S_ADAPT,M00_VS_S_ADAPT,AR100,40,SEED_530101,-0.00022758825406699046,proportion,M00,S_ADAPT,,
VS_S_ADAPT,M10_VS_S_ADAPT,AR100,40,SEED_530101,0.0017365119603330315,proportion,M10,S_ADAPT,,
VS_S_ADAPT,M01_VS_S_ADAPT,AR100,40,SEED_530101,0.00020536826493744442,proportion,M01,S_ADAPT,,
VS_S_ADAPT,M11_VS_S_ADAPT,AR100,40,SEED_530101,0.0024860015549541536,proportion,M11,S_ADAPT,,
FACTORIAL,C_T0,AR100,CORE_10_15_20,SEED_530101,0.013911389865597479,proportion,M10,M00,,
FACTORIAL,C_T1,AR100,CORE_10_15_20,SEED_530101,0.013167489407149763,proportion,M11,M01,,
FACTORIAL,T_C0,AR100,CORE_10_15_20,SEED_530101,0.005007663337603163,proportion,M01,M00,,
FACTORIAL,T_C1,AR100,CORE_10_15_20,SEED_530101,0.004263762879155447,proportion,M11,M10,,
FACTORIAL,I,AR100,CORE_10_15_20,SEED_530101,-0.000743900458447716,proportion,M11-M10,M01-M00,0,0
VS_S_ADAPT,M00_VS_S_ADAPT,AR100,CORE_10_15_20,SEED_530101,-0.00520447838464988,proportion,M00,S_ADAPT,,
VS_S_ADAPT,M10_VS_S_ADAPT,AR100,CORE_10_15_20,SEED_530101,0.008706911480947599,proportion,M10,S_ADAPT,,
VS_S_ADAPT,M01_VS_S_ADAPT,AR100,CORE_10_15_20,SEED_530101,-0.0001968150470467167,proportion,M01,S_ADAPT,,
VS_S_ADAPT,M11_VS_S_ADAPT,AR100,CORE_10_15_20,SEED_530101,0.012970674360103046,proportion,M11,S_ADAPT,,
FACTORIAL,C_T0,coverage_per_image,10,SEED_530102,-0.10400000000000009,count_per_image,M10,M00,,
FACTORIAL,C_T1,coverage_per_image,10,SEED_530102,-0.13099999999999934,count_per_image,M11,M01,,
FACTORIAL,T_C0,coverage_per_image,10,SEED_530102,-0.051000000000000156,count_per_image,M01,M00,,
FACTORIAL,T_C1,coverage_per_image,10,SEED_530102,-0.0779999999999994,count_per_image,M11,M10,,
FACTORIAL,I,coverage_per_image,10,SEED_530102,-0.026999999999999247,count_per_image,M11-M10,M01-M00,0,0
VS_S_ADAPT,M00_VS_S_ADAPT,coverage_per_image,10,SEED_530102,0.24049999999999994,count_per_image,M00,S_ADAPT,,
VS_S_ADAPT,M10_VS_S_ADAPT,coverage_per_image,10,SEED_530102,0.13649999999999984,count_per_image,M10,S_ADAPT,,
VS_S_ADAPT,M01_VS_S_ADAPT,coverage_per_image,10,SEED_530102,0.18949999999999978,count_per_image,M01,S_ADAPT,,
VS_S_ADAPT,M11_VS_S_ADAPT,coverage_per_image,10,SEED_530102,0.05850000000000044,count_per_image,M11,S_ADAPT,,
FACTORIAL,C_T0,coverage_per_image,15,SEED_530102,-0.07200000000000095,count_per_image,M10,M00,,
FACTORIAL,C_T1,coverage_per_image,15,SEED_530102,-0.11599999999999966,count_per_image,M11,M01,,
FACTORIAL,T_C0,coverage_per_image,15,SEED_530102,-0.04100000000000037,count_per_image,M01,M00,,
FACTORIAL,T_C1,coverage_per_image,15,SEED_530102,-0.08499999999999908,count_per_image,M11,M10,,
FACTORIAL,I,coverage_per_image,15,SEED_530102,-0.04399999999999871,count_per_image,M11-M10,M01-M00,0,0
VS_S_ADAPT,M00_VS_S_ADAPT,coverage_per_image,15,SEED_530102,0.2234999999999996,count_per_image,M00,S_ADAPT,,
VS_S_ADAPT,M10_VS_S_ADAPT,coverage_per_image,15,SEED_530102,0.15149999999999864,count_per_image,M10,S_ADAPT,,
VS_S_ADAPT,M01_VS_S_ADAPT,coverage_per_image,15,SEED_530102,0.18249999999999922,count_per_image,M01,S_ADAPT,,
VS_S_ADAPT,M11_VS_S_ADAPT,coverage_per_image,15,SEED_530102,0.06649999999999956,count_per_image,M11,S_ADAPT,,
FACTORIAL,C_T0,coverage_per_image,20,SEED_530102,-0.067499999999999,count_per_image,M10,M00,,
FACTORIAL,C_T1,coverage_per_image,20,SEED_530102,-0.09199999999999875,count_per_image,M11,M01,,
FACTORIAL,T_C0,coverage_per_image,20,SEED_530102,-0.033500000000000085,count_per_image,M01,M00,,
FACTORIAL,T_C1,coverage_per_image,20,SEED_530102,-0.05799999999999983,count_per_image,M11,M10,,
FACTORIAL,I,coverage_per_image,20,SEED_530102,-0.024499999999999744,count_per_image,M11-M10,M01-M00,0,0
VS_S_ADAPT,M00_VS_S_ADAPT,coverage_per_image,20,SEED_530102,0.2289999999999992,count_per_image,M00,S_ADAPT,,
VS_S_ADAPT,M10_VS_S_ADAPT,coverage_per_image,20,SEED_530102,0.1615000000000002,count_per_image,M10,S_ADAPT,,
VS_S_ADAPT,M01_VS_S_ADAPT,coverage_per_image,20,SEED_530102,0.19549999999999912,count_per_image,M01,S_ADAPT,,
VS_S_ADAPT,M11_VS_S_ADAPT,coverage_per_image,20,SEED_530102,0.10350000000000037,count_per_image,M11,S_ADAPT,,
FACTORIAL,C_T0,coverage_per_image,30,SEED_530102,-0.01950000000000074,count_per_image,M10,M00,,
FACTORIAL,C_T1,coverage_per_image,30,SEED_530102,-0.03049999999999997,count_per_image,M11,M01,,
FACTORIAL,T_C0,coverage_per_image,30,SEED_530102,-0.016500000000000625,count_per_image,M01,M00,,
FACTORIAL,T_C1,coverage_per_image,30,SEED_530102,-0.027499999999999858,count_per_image,M11,M10,,
FACTORIAL,I,coverage_per_image,30,SEED_530102,-0.010999999999999233,count_per_image,M11-M10,M01-M00,0,0
VS_S_ADAPT,M00_VS_S_ADAPT,coverage_per_image,30,SEED_530102,0.15300000000000047,count_per_image,M00,S_ADAPT,,
VS_S_ADAPT,M10_VS_S_ADAPT,coverage_per_image,30,SEED_530102,0.13349999999999973,count_per_image,M10,S_ADAPT,,
VS_S_ADAPT,M01_VS_S_ADAPT,coverage_per_image,30,SEED_530102,0.13649999999999984,count_per_image,M01,S_ADAPT,,
VS_S_ADAPT,M11_VS_S_ADAPT,coverage_per_image,30,SEED_530102,0.10599999999999987,count_per_image,M11,S_ADAPT,,
FACTORIAL,C_T0,coverage_per_image,40,SEED_530102,-0.0034999999999989484,count_per_image,M10,M00,,
FACTORIAL,C_T1,coverage_per_image,40,SEED_530102,-0.01249999999999929,count_per_image,M11,M01,,
FACTORIAL,T_C0,coverage_per_image,40,SEED_530102,-0.006000000000000227,count_per_image,M01,M00,,
FACTORIAL,T_C1,coverage_per_image,40,SEED_530102,-0.015000000000000568,count_per_image,M11,M10,,
FACTORIAL,I,coverage_per_image,40,SEED_530102,-0.009000000000000341,count_per_image,M11-M10,M01-M00,0,0
VS_S_ADAPT,M00_VS_S_ADAPT,coverage_per_image,40,SEED_530102,0.07499999999999929,count_per_image,M00,S_ADAPT,,
VS_S_ADAPT,M10_VS_S_ADAPT,coverage_per_image,40,SEED_530102,0.07150000000000034,count_per_image,M10,S_ADAPT,,
VS_S_ADAPT,M01_VS_S_ADAPT,coverage_per_image,40,SEED_530102,0.06899999999999906,count_per_image,M01,S_ADAPT,,
VS_S_ADAPT,M11_VS_S_ADAPT,coverage_per_image,40,SEED_530102,0.05649999999999977,count_per_image,M11,S_ADAPT,,
FACTORIAL,C_T0,coverage_per_image,CORE_10_15_20,SEED_530102,-0.08116666666666639,count_per_image,M10,M00,,
FACTORIAL,C_T1,coverage_per_image,CORE_10_15_20,SEED_530102,-0.11299999999999777,count_per_image,M11,M01,,
FACTORIAL,T_C0,coverage_per_image,CORE_10_15_20,SEED_530102,-0.041833333333332945,count_per_image,M01,M00,,
FACTORIAL,T_C1,coverage_per_image,CORE_10_15_20,SEED_530102,-0.07366666666666433,count_per_image,M11,M10,,
FACTORIAL,I,coverage_per_image,CORE_10_15_20,SEED_530102,-0.03183333333333138,count_per_image,M11-M10,M01-M00,0,0
VS_S_ADAPT,M00_VS_S_ADAPT,coverage_per_image,CORE_10_15_20,SEED_530102,0.23099999999999987,count_per_image,M00,S_ADAPT,,
VS_S_ADAPT,M10_VS_S_ADAPT,coverage_per_image,CORE_10_15_20,SEED_530102,0.14983333333333348,count_per_image,M10,S_ADAPT,,
VS_S_ADAPT,M01_VS_S_ADAPT,coverage_per_image,CORE_10_15_20,SEED_530102,0.18916666666666693,count_per_image,M01,S_ADAPT,,
VS_S_ADAPT,M11_VS_S_ADAPT,coverage_per_image,CORE_10_15_20,SEED_530102,0.07616666666666916,count_per_image,M11,S_ADAPT,,
FACTORIAL,C_T0,quality_per_image,10,SEED_530102,0.07416496036965903,count_per_image,M10,M00,,
FACTORIAL,C_T1,quality_per_image,10,SEED_530102,0.04833116890077793,count_per_image,M11,M01,,
FACTORIAL,T_C0,quality_per_image,10,SEED_530102,0.03371977207816901,count_per_image,M01,M00,,
FACTORIAL,T_C1,quality_per_image,10,SEED_530102,0.007885980609287913,count_per_image,M11,M10,,
FACTORIAL,I,quality_per_image,10,SEED_530102,-0.025833791468881095,count_per_image,M11-M10,M01-M00,0,0
VS_S_ADAPT,M00_VS_S_ADAPT,quality_per_image,10,SEED_530102,0.05245485737888078,count_per_image,M00,S_ADAPT,,
VS_S_ADAPT,M10_VS_S_ADAPT,quality_per_image,10,SEED_530102,0.1266198177485398,count_per_image,M10,S_ADAPT,,
VS_S_ADAPT,M01_VS_S_ADAPT,quality_per_image,10,SEED_530102,0.08617462945704979,count_per_image,M01,S_ADAPT,,
VS_S_ADAPT,M11_VS_S_ADAPT,quality_per_image,10,SEED_530102,0.13450579835782772,count_per_image,M11,S_ADAPT,,
FACTORIAL,C_T0,quality_per_image,15,SEED_530102,0.043772803314285014,count_per_image,M10,M00,,
FACTORIAL,C_T1,quality_per_image,15,SEED_530102,0.03201169698062678,count_per_image,M11,M01,,
FACTORIAL,T_C0,quality_per_image,15,SEED_530102,0.02270441476023244,count_per_image,M01,M00,,
FACTORIAL,T_C1,quality_per_image,15,SEED_530102,0.010943308426574205,count_per_image,M11,M10,,
FACTORIAL,I,quality_per_image,15,SEED_530102,-0.011761106333658233,count_per_image,M11-M10,M01-M00,0,0
VS_S_ADAPT,M00_VS_S_ADAPT,quality_per_image,15,SEED_530102,0.0485700174982977,count_per_image,M00,S_ADAPT,,
VS_S_ADAPT,M10_VS_S_ADAPT,quality_per_image,15,SEED_530102,0.09234282081258272,count_per_image,M10,S_ADAPT,,
VS_S_ADAPT,M01_VS_S_ADAPT,quality_per_image,15,SEED_530102,0.07127443225853014,count_per_image,M01,S_ADAPT,,
VS_S_ADAPT,M11_VS_S_ADAPT,quality_per_image,15,SEED_530102,0.10328612923915692,count_per_image,M11,S_ADAPT,,
FACTORIAL,C_T0,quality_per_image,20,SEED_530102,0.0385967739064661,count_per_image,M10,M00,,
FACTORIAL,C_T1,quality_per_image,20,SEED_530102,0.034919509594637965,count_per_image,M11,M01,,
FACTORIAL,T_C0,quality_per_image,20,SEED_530102,0.021889916426426126,count_per_image,M01,M00,,
FACTORIAL,T_C1,quality_per_image,20,SEED_530102,0.018212652114597994,count_per_image,M11,M10,,
FACTORIAL,I,quality_per_image,20,SEED_530102,-0.0036772643118281323,count_per_image,M11-M10,M01-M00,0,0
VS_S_ADAPT,M00_VS_S_ADAPT,quality_per_image,20,SEED_530102,0.056225641529637826,count_per_image,M00,S_ADAPT,,
VS_S_ADAPT,M10_VS_S_ADAPT,quality_per_image,20,SEED_530102,0.09482241543610392,count_per_image,M10,S_ADAPT,,
VS_S_ADAPT,M01_VS_S_ADAPT,quality_per_image,20,SEED_530102,0.07811555795606395,count_per_image,M01,S_ADAPT,,
VS_S_ADAPT,M11_VS_S_ADAPT,quality_per_image,20,SEED_530102,0.11303506755070192,count_per_image,M11,S_ADAPT,,
FACTORIAL,C_T0,quality_per_image,30,SEED_530102,0.03017041129570508,count_per_image,M10,M00,,
FACTORIAL,C_T1,quality_per_image,30,SEED_530102,0.019639561471377576,count_per_image,M11,M01,,
FACTORIAL,T_C0,quality_per_image,30,SEED_530102,0.015358701638908734,count_per_image,M01,M00,,
FACTORIAL,T_C1,quality_per_image,30,SEED_530102,0.00482785181458123,count_per_image,M11,M10,,
FACTORIAL,I,quality_per_image,30,SEED_530102,-0.010530849824327504,count_per_image,M11-M10,M01-M00,0,0
VS_S_ADAPT,M00_VS_S_ADAPT,quality_per_image,30,SEED_530102,0.02558160090866224,count_per_image,M00,S_ADAPT,,
VS_S_ADAPT,M10_VS_S_ADAPT,quality_per_image,30,SEED_530102,0.05575201220436732,count_per_image,M10,S_ADAPT,,
VS_S_ADAPT,M01_VS_S_ADAPT,quality_per_image,30,SEED_530102,0.04094030254757097,count_per_image,M01,S_ADAPT,,
VS_S_ADAPT,M11_VS_S_ADAPT,quality_per_image,30,SEED_530102,0.06057986401894855,count_per_image,M11,S_ADAPT,,
FACTORIAL,C_T0,quality_per_image,40,SEED_530102,0.013601242293823645,count_per_image,M10,M00,,
FACTORIAL,C_T1,quality_per_image,40,SEED_530102,0.011996069558481537,count_per_image,M11,M01,,
FACTORIAL,T_C0,quality_per_image,40,SEED_530102,0.00576615025524152,count_per_image,M01,M00,,
FACTORIAL,T_C1,quality_per_image,40,SEED_530102,0.0041609775198994114,count_per_image,M11,M10,,
FACTORIAL,I,quality_per_image,40,SEED_530102,-0.0016051727353421086,count_per_image,M11-M10,M01-M00,0,0
VS_S_ADAPT,M00_VS_S_ADAPT,quality_per_image,40,SEED_530102,0.01066791584093707,count_per_image,M00,S_ADAPT,,
VS_S_ADAPT,M10_VS_S_ADAPT,quality_per_image,40,SEED_530102,0.024269158134760715,count_per_image,M10,S_ADAPT,,
VS_S_ADAPT,M01_VS_S_ADAPT,quality_per_image,40,SEED_530102,0.01643406609617859,count_per_image,M01,S_ADAPT,,
VS_S_ADAPT,M11_VS_S_ADAPT,quality_per_image,40,SEED_530102,0.028430135654660127,count_per_image,M11,S_ADAPT,,
FACTORIAL,C_T0,quality_per_image,CORE_10_15_20,SEED_530102,0.052178179196803676,count_per_image,M10,M00,,
FACTORIAL,C_T1,quality_per_image,CORE_10_15_20,SEED_530102,0.038420791825347855,count_per_image,M11,M01,,
FACTORIAL,T_C0,quality_per_image,CORE_10_15_20,SEED_530102,0.02610470108827556,count_per_image,M01,M00,,
FACTORIAL,T_C1,quality_per_image,CORE_10_15_20,SEED_530102,0.012347313716819741,count_per_image,M11,M10,,
FACTORIAL,I,quality_per_image,CORE_10_15_20,SEED_530102,-0.01375738737145582,count_per_image,M11-M10,M01-M00,0,0
VS_S_ADAPT,M00_VS_S_ADAPT,quality_per_image,CORE_10_15_20,SEED_530102,0.0524168388022721,count_per_image,M00,S_ADAPT,,
VS_S_ADAPT,M10_VS_S_ADAPT,quality_per_image,CORE_10_15_20,SEED_530102,0.10459501799907578,count_per_image,M10,S_ADAPT,,
VS_S_ADAPT,M01_VS_S_ADAPT,quality_per_image,CORE_10_15_20,SEED_530102,0.07852153989054766,count_per_image,M01,S_ADAPT,,
VS_S_ADAPT,M11_VS_S_ADAPT,quality_per_image,CORE_10_15_20,SEED_530102,0.11694233171589552,count_per_image,M11,S_ADAPT,,
FACTORIAL,C_T0,AP,10,SEED_530102,0.005502917368632815,proportion,M10,M00,,
FACTORIAL,C_T1,AP,10,SEED_530102,0.004367559602793225,proportion,M11,M01,,
FACTORIAL,T_C0,AP,10,SEED_530102,0.0019520929077151417,proportion,M01,M00,,
FACTORIAL,T_C1,AP,10,SEED_530102,0.000816735141875552,proportion,M11,M10,,
FACTORIAL,I,AP,10,SEED_530102,-0.0011353577658395897,proportion,M11-M10,M01-M00,0,0
VS_S_ADAPT,M00_VS_S_ADAPT,AP,10,SEED_530102,0.0008594319110903637,proportion,M00,S_ADAPT,,
VS_S_ADAPT,M10_VS_S_ADAPT,AP,10,SEED_530102,0.006362349279723178,proportion,M10,S_ADAPT,,
VS_S_ADAPT,M01_VS_S_ADAPT,AP,10,SEED_530102,0.0028115248188055053,proportion,M01,S_ADAPT,,
VS_S_ADAPT,M11_VS_S_ADAPT,AP,10,SEED_530102,0.00717908442159873,proportion,M11,S_ADAPT,,
FACTORIAL,C_T0,AP,15,SEED_530102,0.002213210009408828,proportion,M10,M00,,
FACTORIAL,C_T1,AP,15,SEED_530102,0.0026926349742229794,proportion,M11,M01,,
FACTORIAL,T_C0,AP,15,SEED_530102,0.000976645414418692,proportion,M01,M00,,
FACTORIAL,T_C1,AP,15,SEED_530102,0.0014560703792328433,proportion,M11,M10,,
FACTORIAL,I,AP,15,SEED_530102,0.0004794249648141513,proportion,M11-M10,M01-M00,0,0
VS_S_ADAPT,M00_VS_S_ADAPT,AP,15,SEED_530102,0.00040614954415588156,proportion,M00,S_ADAPT,,
VS_S_ADAPT,M10_VS_S_ADAPT,AP,15,SEED_530102,0.0026193595535647096,proportion,M10,S_ADAPT,,
VS_S_ADAPT,M01_VS_S_ADAPT,AP,15,SEED_530102,0.0013827949585745736,proportion,M01,S_ADAPT,,
VS_S_ADAPT,M11_VS_S_ADAPT,AP,15,SEED_530102,0.004075429932797553,proportion,M11,S_ADAPT,,
FACTORIAL,C_T0,AP,20,SEED_530102,0.0023904690827758757,proportion,M10,M00,,
FACTORIAL,C_T1,AP,20,SEED_530102,0.00181500765421716,proportion,M11,M01,,
FACTORIAL,T_C0,AP,20,SEED_530102,0.0012957978135676729,proportion,M01,M00,,
FACTORIAL,T_C1,AP,20,SEED_530102,0.0007203363850089572,proportion,M11,M10,,
FACTORIAL,I,AP,20,SEED_530102,-0.0005754614285587156,proportion,M11-M10,M01-M00,0,0
VS_S_ADAPT,M00_VS_S_ADAPT,AP,20,SEED_530102,-0.000007030747096375967,proportion,M00,S_ADAPT,,
VS_S_ADAPT,M10_VS_S_ADAPT,AP,20,SEED_530102,0.0023834383356794997,proportion,M10,S_ADAPT,,
VS_S_ADAPT,M01_VS_S_ADAPT,AP,20,SEED_530102,0.001288767066471297,proportion,M01,S_ADAPT,,
VS_S_ADAPT,M11_VS_S_ADAPT,AP,20,SEED_530102,0.003103774720688457,proportion,M11,S_ADAPT,,
FACTORIAL,C_T0,AP,30,SEED_530102,0.0006441497485075443,proportion,M10,M00,,
FACTORIAL,C_T1,AP,30,SEED_530102,0.0005001343338227326,proportion,M11,M01,,
FACTORIAL,T_C0,AP,30,SEED_530102,0.0004648238279104655,proportion,M01,M00,,
FACTORIAL,T_C1,AP,30,SEED_530102,0.0003208084132256539,proportion,M11,M10,,
FACTORIAL,I,AP,30,SEED_530102,-0.0001440154146848116,proportion,M11-M10,M01-M00,0,0
VS_S_ADAPT,M00_VS_S_ADAPT,AP,30,SEED_530102,0.00012101385954510491,proportion,M00,S_ADAPT,,
VS_S_ADAPT,M10_VS_S_ADAPT,AP,30,SEED_530102,0.0007651636080526492,proportion,M10,S_ADAPT,,
VS_S_ADAPT,M01_VS_S_ADAPT,AP,30,SEED_530102,0.0005858376874555704,proportion,M01,S_ADAPT,,
VS_S_ADAPT,M11_VS_S_ADAPT,AP,30,SEED_530102,0.001085972021278303,proportion,M11,S_ADAPT,,
FACTORIAL,C_T0,AP,40,SEED_530102,0.00020384078955790197,proportion,M10,M00,,
FACTORIAL,C_T1,AP,40,SEED_530102,0.000042248130959848806,proportion,M11,M01,,
FACTORIAL,T_C0,AP,40,SEED_530102,0.00013120534293670216,proportion,M01,M00,,
FACTORIAL,T_C1,AP,40,SEED_530102,-0.000030387315661351,proportion,M11,M10,,
FACTORIAL,I,AP,40,SEED_530102,-0.00016159265859805316,proportion,M11-M10,M01-M00,0,0
VS_S_ADAPT,M00_VS_S_ADAPT,AP,40,SEED_530102,0.00013738977177812917,proportion,M00,S_ADAPT,,
VS_S_ADAPT,M10_VS_S_ADAPT,AP,40,SEED_530102,0.00034123056133603114,proportion,M10,S_ADAPT,,
VS_S_ADAPT,M01_VS_S_ADAPT,AP,40,SEED_530102,0.00026859511471483133,proportion,M01,S_ADAPT,,
VS_S_ADAPT,M11_VS_S_ADAPT,AP,40,SEED_530102,0.00031084324567468014,proportion,M11,S_ADAPT,,
FACTORIAL,C_T0,AP,CORE_10_15_20,SEED_530102,0.0033688654869391543,proportion,M10,M00,,
FACTORIAL,C_T1,AP,CORE_10_15_20,SEED_530102,0.0029584007437444826,proportion,M11,M01,,
FACTORIAL,T_C0,AP,CORE_10_15_20,SEED_530102,0.0014081787119004652,proportion,M01,M00,,
FACTORIAL,T_C1,AP,CORE_10_15_20,SEED_530102,0.0009977139687057934,proportion,M11,M10,,
FACTORIAL,I,AP,CORE_10_15_20,SEED_530102,-0.00041046474319467174,proportion,M11-M10,M01-M00,0,0
VS_S_ADAPT,M00_VS_S_ADAPT,AP,CORE_10_15_20,SEED_530102,0.00041951690271663233,proportion,M00,S_ADAPT,,
VS_S_ADAPT,M10_VS_S_ADAPT,AP,CORE_10_15_20,SEED_530102,0.0037883823896557867,proportion,M10,S_ADAPT,,
VS_S_ADAPT,M01_VS_S_ADAPT,AP,CORE_10_15_20,SEED_530102,0.0018276956146170975,proportion,M01,S_ADAPT,,
VS_S_ADAPT,M11_VS_S_ADAPT,AP,CORE_10_15_20,SEED_530102,0.00478609635836158,proportion,M11,S_ADAPT,,
FACTORIAL,C_T0,AP50,10,SEED_530102,0.009189118983387756,proportion,M10,M00,,
FACTORIAL,C_T1,AP50,10,SEED_530102,0.008313889007241893,proportion,M11,M01,,
FACTORIAL,T_C0,AP50,10,SEED_530102,0.0006822104909999793,proportion,M01,M00,,
FACTORIAL,T_C1,AP50,10,SEED_530102,-0.0001930194851458844,proportion,M11,M10,,
FACTORIAL,I,AP50,10,SEED_530102,-0.0008752299761458637,proportion,M11-M10,M01-M00,0,0
VS_S_ADAPT,M00_VS_S_ADAPT,AP50,10,SEED_530102,0.0056163730452572225,proportion,M00,S_ADAPT,,
VS_S_ADAPT,M10_VS_S_ADAPT,AP50,10,SEED_530102,0.014805492028644979,proportion,M10,S_ADAPT,,
VS_S_ADAPT,M01_VS_S_ADAPT,AP50,10,SEED_530102,0.006298583536257202,proportion,M01,S_ADAPT,,
VS_S_ADAPT,M11_VS_S_ADAPT,AP50,10,SEED_530102,0.014612472543499094,proportion,M11,S_ADAPT,,
FACTORIAL,C_T0,AP50,15,SEED_530102,0.0058752835711144424,proportion,M10,M00,,
FACTORIAL,C_T1,AP50,15,SEED_530102,0.0037378684692565,proportion,M11,M01,,
FACTORIAL,T_C0,AP50,15,SEED_530102,0.0023108947345943376,proportion,M01,M00,,
FACTORIAL,T_C1,AP50,15,SEED_530102,0.00017347963273639522,proportion,M11,M10,,
FACTORIAL,I,AP50,15,SEED_530102,-0.0021374151018579424,proportion,M11-M10,M01-M00,0,0
VS_S_ADAPT,M00_VS_S_ADAPT,AP50,15,SEED_530102,0.0021195777671424443,proportion,M00,S_ADAPT,,
VS_S_ADAPT,M10_VS_S_ADAPT,AP50,15,SEED_530102,0.007994861338256887,proportion,M10,S_ADAPT,,
VS_S_ADAPT,M01_VS_S_ADAPT,AP50,15,SEED_530102,0.004430472501736782,proportion,M01,S_ADAPT,,
VS_S_ADAPT,M11_VS_S_ADAPT,AP50,15,SEED_530102,0.008168340970993282,proportion,M11,S_ADAPT,,
FACTORIAL,C_T0,AP50,20,SEED_530102,0.004293855046067052,proportion,M10,M00,,
FACTORIAL,C_T1,AP50,20,SEED_530102,0.0034993042639271388,proportion,M11,M01,,
FACTORIAL,T_C0,AP50,20,SEED_530102,0.0015471762537197509,proportion,M01,M00,,
FACTORIAL,T_C1,AP50,20,SEED_530102,0.0007526254715798375,proportion,M11,M10,,
FACTORIAL,I,AP50,20,SEED_530102,-0.0007945507821399134,proportion,M11-M10,M01-M00,0,0
VS_S_ADAPT,M00_VS_S_ADAPT,AP50,20,SEED_530102,0.0019272079155062682,proportion,M00,S_ADAPT,,
VS_S_ADAPT,M10_VS_S_ADAPT,AP50,20,SEED_530102,0.00622106296157332,proportion,M10,S_ADAPT,,
VS_S_ADAPT,M01_VS_S_ADAPT,AP50,20,SEED_530102,0.003474384169226019,proportion,M01,S_ADAPT,,
VS_S_ADAPT,M11_VS_S_ADAPT,AP50,20,SEED_530102,0.006973688433153158,proportion,M11,S_ADAPT,,
FACTORIAL,C_T0,AP50,30,SEED_530102,0.0021770867704817287,proportion,M10,M00,,
FACTORIAL,C_T1,AP50,30,SEED_530102,0.0013353498932921481,proportion,M11,M01,,
FACTORIAL,T_C0,AP50,30,SEED_530102,0.0007366894747415365,proportion,M01,M00,,
FACTORIAL,T_C1,AP50,30,SEED_530102,-0.00010504740244804411,proportion,M11,M10,,
FACTORIAL,I,AP50,30,SEED_530102,-0.0008417368771895806,proportion,M11-M10,M01-M00,0,0
VS_S_ADAPT,M00_VS_S_ADAPT,AP50,30,SEED_530102,0.00027489661003160526,proportion,M00,S_ADAPT,,
VS_S_ADAPT,M10_VS_S_ADAPT,AP50,30,SEED_530102,0.002451983380513334,proportion,M10,S_ADAPT,,
VS_S_ADAPT,M01_VS_S_ADAPT,AP50,30,SEED_530102,0.0010115860847731417,proportion,M01,S_ADAPT,,
VS_S_ADAPT,M11_VS_S_ADAPT,AP50,30,SEED_530102,0.00234693597806529,proportion,M11,S_ADAPT,,
FACTORIAL,C_T0,AP50,40,SEED_530102,0.0007144206429813837,proportion,M10,M00,,
FACTORIAL,C_T1,AP50,40,SEED_530102,-0.00015775077722846031,proportion,M11,M01,,
FACTORIAL,T_C0,AP50,40,SEED_530102,0.00021881866290007768,proportion,M01,M00,,
FACTORIAL,T_C1,AP50,40,SEED_530102,-0.0006533527573097664,proportion,M11,M10,,
FACTORIAL,I,AP50,40,SEED_530102,-0.0008721714202098441,proportion,M11-M10,M01-M00,0,0
VS_S_ADAPT,M00_VS_S_ADAPT,AP50,40,SEED_530102,0.0006551503091600241,proportion,M00,S_ADAPT,,
VS_S_ADAPT,M10_VS_S_ADAPT,AP50,40,SEED_530102,0.001369570952141408,proportion,M10,S_ADAPT,,
VS_S_ADAPT,M01_VS_S_ADAPT,AP50,40,SEED_530102,0.0008739689720601018,proportion,M01,S_ADAPT,,
VS_S_ADAPT,M11_VS_S_ADAPT,AP50,40,SEED_530102,0.0007162181948316415,proportion,M11,S_ADAPT,,
FACTORIAL,C_T0,AP50,CORE_10_15_20,SEED_530102,0.006452752533523121,proportion,M10,M00,,
FACTORIAL,C_T1,AP50,CORE_10_15_20,SEED_530102,0.0051836872468085105,proportion,M11,M01,,
FACTORIAL,T_C0,AP50,CORE_10_15_20,SEED_530102,0.0015134271597713744,proportion,M01,M00,,
FACTORIAL,T_C1,AP50,CORE_10_15_20,SEED_530102,0.00024436187305676427,proportion,M11,M10,,
FACTORIAL,I,AP50,CORE_10_15_20,SEED_530102,-0.0012690652867146102,proportion,M11-M10,M01-M00,0,0
VS_S_ADAPT,M00_VS_S_ADAPT,AP50,CORE_10_15_20,SEED_530102,0.003221052909301969,proportion,M00,S_ADAPT,,
VS_S_ADAPT,M10_VS_S_ADAPT,AP50,CORE_10_15_20,SEED_530102,0.00967380544282509,proportion,M10,S_ADAPT,,
VS_S_ADAPT,M01_VS_S_ADAPT,AP50,CORE_10_15_20,SEED_530102,0.0047344800690733435,proportion,M01,S_ADAPT,,
VS_S_ADAPT,M11_VS_S_ADAPT,AP50,CORE_10_15_20,SEED_530102,0.009918167315881854,proportion,M11,S_ADAPT,,
FACTORIAL,C_T0,AP75,10,SEED_530102,0.005416108426942762,proportion,M10,M00,,
FACTORIAL,C_T1,AP75,10,SEED_530102,0.004605078411221486,proportion,M11,M01,,
FACTORIAL,T_C0,AP75,10,SEED_530102,0.002369776177375882,proportion,M01,M00,,
FACTORIAL,T_C1,AP75,10,SEED_530102,0.0015587461616546061,proportion,M11,M10,,
FACTORIAL,I,AP75,10,SEED_530102,-0.0008110300157212758,proportion,M11-M10,M01-M00,0,0
VS_S_ADAPT,M00_VS_S_ADAPT,AP75,10,SEED_530102,-0.000058146871530107,proportion,M00,S_ADAPT,,
VS_S_ADAPT,M10_VS_S_ADAPT,AP75,10,SEED_530102,0.005357961555412655,proportion,M10,S_ADAPT,,
VS_S_ADAPT,M01_VS_S_ADAPT,AP75,10,SEED_530102,0.002311629305845775,proportion,M01,S_ADAPT,,
VS_S_ADAPT,M11_VS_S_ADAPT,AP75,10,SEED_530102,0.006916707717067261,proportion,M11,S_ADAPT,,
FACTORIAL,C_T0,AP75,15,SEED_530102,0.001482747193587014,proportion,M10,M00,,
FACTORIAL,C_T1,AP75,15,SEED_530102,0.0018168601541645457,proportion,M11,M01,,
FACTORIAL,T_C0,AP75,15,SEED_530102,0.000999674582962018,proportion,M01,M00,,
FACTORIAL,T_C1,AP75,15,SEED_530102,0.0013337875435395496,proportion,M11,M10,,
FACTORIAL,I,AP75,15,SEED_530102,0.0003341129605775317,proportion,M11-M10,M01-M00,0,0
VS_S_ADAPT,M00_VS_S_ADAPT,AP75,15,SEED_530102,0.0005084677916400993,proportion,M00,S_ADAPT,,
VS_S_ADAPT,M10_VS_S_ADAPT,AP75,15,SEED_530102,0.0019912149852271133,proportion,M10,S_ADAPT,,
VS_S_ADAPT,M01_VS_S_ADAPT,AP75,15,SEED_530102,0.0015081423746021172,proportion,M01,S_ADAPT,,
VS_S_ADAPT,M11_VS_S_ADAPT,AP75,15,SEED_530102,0.003325002528766663,proportion,M11,S_ADAPT,,
FACTORIAL,C_T0,AP75,20,SEED_530102,0.0019470678548680898,proportion,M10,M00,,
FACTORIAL,C_T1,AP75,20,SEED_530102,0.0013879537829618593,proportion,M11,M01,,
FACTORIAL,T_C0,AP75,20,SEED_530102,0.0012012265444153458,proportion,M01,M00,,
FACTORIAL,T_C1,AP75,20,SEED_530102,0.0006421124725091154,proportion,M11,M10,,
FACTORIAL,I,AP75,20,SEED_530102,-0.0005591140719062304,proportion,M11-M10,M01-M00,0,0
VS_S_ADAPT,M00_VS_S_ADAPT,AP75,20,SEED_530102,0.00017592465729762696,proportion,M00,S_ADAPT,,
VS_S_ADAPT,M10_VS_S_ADAPT,AP75,20,SEED_530102,0.0021229925121657167,proportion,M10,S_ADAPT,,
VS_S_ADAPT,M01_VS_S_ADAPT,AP75,20,SEED_530102,0.0013771512017129728,proportion,M01,S_ADAPT,,
VS_S_ADAPT,M11_VS_S_ADAPT,AP75,20,SEED_530102,0.002765104984674832,proportion,M11,S_ADAPT,,
FACTORIAL,C_T0,AP75,30,SEED_530102,0.00023651505571686826,proportion,M10,M00,,
FACTORIAL,C_T1,AP75,30,SEED_530102,-0.00002172513676085286,proportion,M11,M01,,
FACTORIAL,T_C0,AP75,30,SEED_530102,0.0005887563919642624,proportion,M01,M00,,
FACTORIAL,T_C1,AP75,30,SEED_530102,0.0003305161994865413,proportion,M11,M10,,
FACTORIAL,I,AP75,30,SEED_530102,-0.0002582401924777211,proportion,M11-M10,M01-M00,0,0
VS_S_ADAPT,M00_VS_S_ADAPT,AP75,30,SEED_530102,-0.00012182480865396972,proportion,M00,S_ADAPT,,
VS_S_ADAPT,M10_VS_S_ADAPT,AP75,30,SEED_530102,0.00011469024706289854,proportion,M10,S_ADAPT,,
VS_S_ADAPT,M01_VS_S_ADAPT,AP75,30,SEED_530102,0.0004669315833102927,proportion,M01,S_ADAPT,,
VS_S_ADAPT,M11_VS_S_ADAPT,AP75,30,SEED_530102,0.00044520644654943986,proportion,M11,S_ADAPT,,
FACTORIAL,C_T0,AP75,40,SEED_530102,0.00017683343222643644,proportion,M10,M00,,
FACTORIAL,C_T1,AP75,40,SEED_530102,0.00006174220639409977,proportion,M11,M01,,
FACTORIAL,T_C0,AP75,40,SEED_530102,0.00018716107152122463,proportion,M01,M00,,
FACTORIAL,T_C1,AP75,40,SEED_530102,0.00007206984568888797,proportion,M11,M10,,
FACTORIAL,I,AP75,40,SEED_530102,-0.00011509122583233666,proportion,M11-M10,M01-M00,0,0
VS_S_ADAPT,M00_VS_S_ADAPT,AP75,40,SEED_530102,-0.00015910915896494293,proportion,M00,S_ADAPT,,
VS_S_ADAPT,M10_VS_S_ADAPT,AP75,40,SEED_530102,0.000017724273261493506,proportion,M10,S_ADAPT,,
VS_S_ADAPT,M01_VS_S_ADAPT,AP75,40,SEED_530102,0.0000280519125562817,proportion,M01,S_ADAPT,,
VS_S_ADAPT,M11_VS_S_ADAPT,AP75,40,SEED_530102,0.00008979411895038147,proportion,M11,S_ADAPT,,
FACTORIAL,C_T0,AP75,CORE_10_15_20,SEED_530102,0.0029486411584659367,proportion,M10,M00,,
FACTORIAL,C_T1,AP75,CORE_10_15_20,SEED_530102,0.0026032974494492878,proportion,M11,M01,,
FACTORIAL,T_C0,AP75,CORE_10_15_20,SEED_530102,0.0015235591015844152,proportion,M01,M00,,
FACTORIAL,T_C1,AP75,CORE_10_15_20,SEED_530102,0.0011782153925677663,proportion,M11,M10,,
FACTORIAL,I,AP75,CORE_10_15_20,SEED_530102,-0.0003453437090166489,proportion,M11-M10,M01-M00,0,0
VS_S_ADAPT,M00_VS_S_ADAPT,AP75,CORE_10_15_20,SEED_530102,0.000208748525802549,proportion,M00,S_ADAPT,,
VS_S_ADAPT,M10_VS_S_ADAPT,AP75,CORE_10_15_20,SEED_530102,0.0031573896842684857,proportion,M10,S_ADAPT,,
VS_S_ADAPT,M01_VS_S_ADAPT,AP75,CORE_10_15_20,SEED_530102,0.0017323076273869642,proportion,M01,S_ADAPT,,
VS_S_ADAPT,M11_VS_S_ADAPT,AP75,CORE_10_15_20,SEED_530102,0.004335605076836252,proportion,M11,S_ADAPT,,
FACTORIAL,C_T0,AR100,10,SEED_530102,0.015322699345564017,proportion,M10,M00,,
FACTORIAL,C_T1,AR100,10,SEED_530102,0.013850385235717105,proportion,M11,M01,,
FACTORIAL,T_C0,AR100,10,SEED_530102,0.0059268032437581886,proportion,M01,M00,,
FACTORIAL,T_C1,AR100,10,SEED_530102,0.004454489133911277,proportion,M11,M10,,
FACTORIAL,I,AR100,10,SEED_530102,-0.0014723141098469117,proportion,M11-M10,M01-M00,0,0
VS_S_ADAPT,M00_VS_S_ADAPT,AR100,10,SEED_530102,-0.0014069651488795576,proportion,M00,S_ADAPT,,
VS_S_ADAPT,M10_VS_S_ADAPT,AR100,10,SEED_530102,0.01391573419668446,proportion,M10,S_ADAPT,,
VS_S_ADAPT,M01_VS_S_ADAPT,AR100,10,SEED_530102,0.004519838094878631,proportion,M01,S_ADAPT,,
VS_S_ADAPT,M11_VS_S_ADAPT,AR100,10,SEED_530102,0.018370223330595736,proportion,M11,S_ADAPT,,
FACTORIAL,C_T0,AR100,15,SEED_530102,0.009450254746603381,proportion,M10,M00,,
FACTORIAL,C_T1,AR100,15,SEED_530102,0.01211974598598689,proportion,M11,M01,,
FACTORIAL,T_C0,AR100,15,SEED_530102,0.0050162970038326316,proportion,M01,M00,,
FACTORIAL,T_C1,AR100,15,SEED_530102,0.007685788243216141,proportion,M11,M10,,
FACTORIAL,I,AR100,15,SEED_530102,0.002669491239383509,proportion,M11-M10,M01-M00,0,0
VS_S_ADAPT,M00_VS_S_ADAPT,AR100,15,SEED_530102,-0.0023604191858187795,proportion,M00,S_ADAPT,,
VS_S_ADAPT,M10_VS_S_ADAPT,AR100,15,SEED_530102,0.007089835560784602,proportion,M10,S_ADAPT,,
VS_S_ADAPT,M01_VS_S_ADAPT,AR100,15,SEED_530102,0.002655877818013852,proportion,M01,S_ADAPT,,
VS_S_ADAPT,M11_VS_S_ADAPT,AR100,15,SEED_530102,0.014775623804000743,proportion,M11,S_ADAPT,,
FACTORIAL,C_T0,AR100,20,SEED_530102,0.011852312391686826,proportion,M10,M00,,
FACTORIAL,C_T1,AR100,20,SEED_530102,0.009790587612287849,proportion,M11,M01,,
FACTORIAL,T_C0,AR100,20,SEED_530102,0.00682021981975528,proportion,M01,M00,,
FACTORIAL,T_C1,AR100,20,SEED_530102,0.004758495040356303,proportion,M11,M10,,
FACTORIAL,I,AR100,20,SEED_530102,-0.002061724779398977,proportion,M11-M10,M01-M00,0,0
VS_S_ADAPT,M00_VS_S_ADAPT,AR100,20,SEED_530102,-0.0032581625092567013,proportion,M00,S_ADAPT,,
VS_S_ADAPT,M10_VS_S_ADAPT,AR100,20,SEED_530102,0.008594149882430124,proportion,M10,S_ADAPT,,
VS_S_ADAPT,M01_VS_S_ADAPT,AR100,20,SEED_530102,0.0035620573104985787,proportion,M01,S_ADAPT,,
VS_S_ADAPT,M11_VS_S_ADAPT,AR100,20,SEED_530102,0.013352644922786427,proportion,M11,S_ADAPT,,
FACTORIAL,C_T0,AR100,30,SEED_530102,0.005590709144634831,proportion,M10,M00,,
FACTORIAL,C_T1,AR100,30,SEED_530102,0.005496637421518125,proportion,M11,M01,,
FACTORIAL,T_C0,AR100,30,SEED_530102,0.0028604772167078463,proportion,M01,M00,,
FACTORIAL,T_C1,AR100,30,SEED_530102,0.0027664054935911397,proportion,M11,M10,,
FACTORIAL,I,AR100,30,SEED_530102,-0.00009407172311670653,proportion,M11-M10,M01-M00,0,0
VS_S_ADAPT,M00_VS_S_ADAPT,AR100,30,SEED_530102,-0.0014268048615873052,proportion,M00,S_ADAPT,,
VS_S_ADAPT,M10_VS_S_ADAPT,AR100,30,SEED_530102,0.004163904283047526,proportion,M10,S_ADAPT,,
VS_S_ADAPT,M01_VS_S_ADAPT,AR100,30,SEED_530102,0.001433672355120541,proportion,M01,S_ADAPT,,
VS_S_ADAPT,M11_VS_S_ADAPT,AR100,30,SEED_530102,0.006930309776638666,proportion,M11,S_ADAPT,,
FACTORIAL,C_T0,AR100,40,SEED_530102,0.0024036389031272254,proportion,M10,M00,,
FACTORIAL,C_T1,AR100,40,SEED_530102,0.0019083543628742317,proportion,M11,M01,,
FACTORIAL,T_C0,AR100,40,SEED_530102,0.0008336143180724398,proportion,M01,M00,,
FACTORIAL,T_C1,AR100,40,SEED_530102,0.00033832977781944606,proportion,M11,M10,,
FACTORIAL,I,AR100,40,SEED_530102,-0.0004952845402529937,proportion,M11-M10,M01-M00,0,0
VS_S_ADAPT,M00_VS_S_ADAPT,AR100,40,SEED_530102,-0.0005144535133178585,proportion,M00,S_ADAPT,,
VS_S_ADAPT,M10_VS_S_ADAPT,AR100,40,SEED_530102,0.001889185389809367,proportion,M10,S_ADAPT,,
VS_S_ADAPT,M01_VS_S_ADAPT,AR100,40,SEED_530102,0.0003191608047545813,proportion,M01,S_ADAPT,,
VS_S_ADAPT,M11_VS_S_ADAPT,AR100,40,SEED_530102,0.002227515167628813,proportion,M11,S_ADAPT,,
FACTORIAL,C_T0,AR100,CORE_10_15_20,SEED_530102,0.012208422161284732,proportion,M10,M00,,
FACTORIAL,C_T1,AR100,CORE_10_15_20,SEED_530102,0.011920239611330624,proportion,M11,M01,,
FACTORIAL,T_C0,AR100,CORE_10_15_20,SEED_530102,0.005921106689115357,proportion,M01,M00,,
FACTORIAL,T_C1,AR100,CORE_10_15_20,SEED_530102,0.0056329241391612495,proportion,M11,M10,,
FACTORIAL,I,AR100,CORE_10_15_20,SEED_530102,-0.00028818254995410797,proportion,M11-M10,M01-M00,0,0
VS_S_ADAPT,M00_VS_S_ADAPT,AR100,CORE_10_15_20,SEED_530102,-0.0023418489479849758,proportion,M00,S_ADAPT,,
VS_S_ADAPT,M10_VS_S_ADAPT,AR100,CORE_10_15_20,SEED_530102,0.009866573213299756,proportion,M10,S_ADAPT,,
VS_S_ADAPT,M01_VS_S_ADAPT,AR100,CORE_10_15_20,SEED_530102,0.0035792577411303816,proportion,M01,S_ADAPT,,
VS_S_ADAPT,M11_VS_S_ADAPT,AR100,CORE_10_15_20,SEED_530102,0.015499497352461006,proportion,M11,S_ADAPT,,
FACTORIAL,C_T0,coverage_per_image,10,SEED_530103,-0.11299999999999955,count_per_image,M10,M00,,
FACTORIAL,C_T1,coverage_per_image,10,SEED_530103,-0.10899999999999999,count_per_image,M11,M01,,
FACTORIAL,T_C0,coverage_per_image,10,SEED_530103,-0.056999999999999496,count_per_image,M01,M00,,
FACTORIAL,T_C1,coverage_per_image,10,SEED_530103,-0.052999999999999936,count_per_image,M11,M10,,
FACTORIAL,I,coverage_per_image,10,SEED_530103,0.0039999999999995595,count_per_image,M11-M10,M01-M00,0,0
VS_S_ADAPT,M00_VS_S_ADAPT,coverage_per_image,10,SEED_530103,0.2370000000000001,count_per_image,M00,S_ADAPT,,
VS_S_ADAPT,M10_VS_S_ADAPT,coverage_per_image,10,SEED_530103,0.12400000000000055,count_per_image,M10,S_ADAPT,,
VS_S_ADAPT,M01_VS_S_ADAPT,coverage_per_image,10,SEED_530103,0.1800000000000006,count_per_image,M01,S_ADAPT,,
VS_S_ADAPT,M11_VS_S_ADAPT,coverage_per_image,10,SEED_530103,0.07100000000000062,count_per_image,M11,S_ADAPT,,
FACTORIAL,C_T0,coverage_per_image,15,SEED_530103,-0.0649999999999995,count_per_image,M10,M00,,
FACTORIAL,C_T1,coverage_per_image,15,SEED_530103,-0.08900000000000041,count_per_image,M11,M01,,
FACTORIAL,T_C0,coverage_per_image,15,SEED_530103,-0.03999999999999915,count_per_image,M01,M00,,
FACTORIAL,T_C1,coverage_per_image,15,SEED_530103,-0.06400000000000006,count_per_image,M11,M10,,
FACTORIAL,I,coverage_per_image,15,SEED_530103,-0.02400000000000091,count_per_image,M11-M10,M01-M00,0,0
VS_S_ADAPT,M00_VS_S_ADAPT,coverage_per_image,15,SEED_530103,0.22999999999999865,count_per_image,M00,S_ADAPT,,
VS_S_ADAPT,M10_VS_S_ADAPT,coverage_per_image,15,SEED_530103,0.16499999999999915,count_per_image,M10,S_ADAPT,,
VS_S_ADAPT,M01_VS_S_ADAPT,coverage_per_image,15,SEED_530103,0.1899999999999995,count_per_image,M01,S_ADAPT,,
VS_S_ADAPT,M11_VS_S_ADAPT,coverage_per_image,15,SEED_530103,0.10099999999999909,count_per_image,M11,S_ADAPT,,
FACTORIAL,C_T0,coverage_per_image,20,SEED_530103,-0.054999999999999716,count_per_image,M10,M00,,
FACTORIAL,C_T1,coverage_per_image,20,SEED_530103,-0.0804999999999989,count_per_image,M11,M01,,
FACTORIAL,T_C0,coverage_per_image,20,SEED_530103,-0.02400000000000091,count_per_image,M01,M00,,
FACTORIAL,T_C1,coverage_per_image,20,SEED_530103,-0.0495000000000001,count_per_image,M11,M10,,
FACTORIAL,I,coverage_per_image,20,SEED_530103,-0.02549999999999919,count_per_image,M11-M10,M01-M00,0,0
VS_S_ADAPT,M00_VS_S_ADAPT,coverage_per_image,20,SEED_530103,0.23249999999999993,count_per_image,M00,S_ADAPT,,
VS_S_ADAPT,M10_VS_S_ADAPT,coverage_per_image,20,SEED_530103,0.1775000000000002,count_per_image,M10,S_ADAPT,,
VS_S_ADAPT,M01_VS_S_ADAPT,coverage_per_image,20,SEED_530103,0.20849999999999902,count_per_image,M01,S_ADAPT,,
VS_S_ADAPT,M11_VS_S_ADAPT,coverage_per_image,20,SEED_530103,0.1280000000000001,count_per_image,M11,S_ADAPT,,
FACTORIAL,C_T0,coverage_per_image,30,SEED_530103,-0.0235000000000003,count_per_image,M10,M00,,
FACTORIAL,C_T1,coverage_per_image,30,SEED_530103,-0.03599999999999959,count_per_image,M11,M01,,
FACTORIAL,T_C0,coverage_per_image,30,SEED_530103,-0.0129999999999999,count_per_image,M01,M00,,
FACTORIAL,T_C1,coverage_per_image,30,SEED_530103,-0.02549999999999919,count_per_image,M11,M10,,
FACTORIAL,I,coverage_per_image,30,SEED_530103,-0.01249999999999929,count_per_image,M11-M10,M01-M00,0,0
VS_S_ADAPT,M00_VS_S_ADAPT,coverage_per_image,30,SEED_530103,0.1590000000000007,count_per_image,M00,S_ADAPT,,
VS_S_ADAPT,M10_VS_S_ADAPT,coverage_per_image,30,SEED_530103,0.1355000000000004,count_per_image,M10,S_ADAPT,,
VS_S_ADAPT,M01_VS_S_ADAPT,coverage_per_image,30,SEED_530103,0.1460000000000008,count_per_image,M01,S_ADAPT,,
VS_S_ADAPT,M11_VS_S_ADAPT,coverage_per_image,30,SEED_530103,0.11000000000000121,count_per_image,M11,S_ADAPT,,
FACTORIAL,C_T0,coverage_per_image,40,SEED_530103,-0.002000000000000668,count_per_image,M10,M00,,
FACTORIAL,C_T1,coverage_per_image,40,SEED_530103,-0.0129999999999999,count_per_image,M11,M01,,
FACTORIAL,T_C0,coverage_per_image,40,SEED_530103,-0.0009999999999994458,count_per_image,M01,M00,,
FACTORIAL,T_C1,coverage_per_image,40,SEED_530103,-0.011999999999998678,count_per_image,M11,M10,,
FACTORIAL,I,coverage_per_image,40,SEED_530103,-0.010999999999999233,count_per_image,M11-M10,M01-M00,0,0
VS_S_ADAPT,M00_VS_S_ADAPT,coverage_per_image,40,SEED_530103,0.08399999999999963,count_per_image,M00,S_ADAPT,,
VS_S_ADAPT,M10_VS_S_ADAPT,coverage_per_image,40,SEED_530103,0.08199999999999896,count_per_image,M10,S_ADAPT,,
VS_S_ADAPT,M01_VS_S_ADAPT,coverage_per_image,40,SEED_530103,0.08300000000000018,count_per_image,M01,S_ADAPT,,
VS_S_ADAPT,M11_VS_S_ADAPT,coverage_per_image,40,SEED_530103,0.07000000000000028,count_per_image,M11,S_ADAPT,,
FACTORIAL,C_T0,coverage_per_image,CORE_10_15_20,SEED_530103,-0.07766666666666744,count_per_image,M10,M00,,
FACTORIAL,C_T1,coverage_per_image,CORE_10_15_20,SEED_530103,-0.09283333333333132,count_per_image,M11,M01,,
FACTORIAL,T_C0,coverage_per_image,CORE_10_15_20,SEED_530103,-0.040333333333334664,count_per_image,M01,M00,,
FACTORIAL,T_C1,coverage_per_image,CORE_10_15_20,SEED_530103,-0.05549999999999855,count_per_image,M11,M10,,
FACTORIAL,I,coverage_per_image,CORE_10_15_20,SEED_530103,-0.015166666666663886,count_per_image,M11-M10,M01-M00,0,0
VS_S_ADAPT,M00_VS_S_ADAPT,coverage_per_image,CORE_10_15_20,SEED_530103,0.2331666666666674,count_per_image,M00,S_ADAPT,,
VS_S_ADAPT,M10_VS_S_ADAPT,coverage_per_image,CORE_10_15_20,SEED_530103,0.15549999999999997,count_per_image,M10,S_ADAPT,,
VS_S_ADAPT,M01_VS_S_ADAPT,coverage_per_image,CORE_10_15_20,SEED_530103,0.19283333333333275,count_per_image,M01,S_ADAPT,,
VS_S_ADAPT,M11_VS_S_ADAPT,coverage_per_image,CORE_10_15_20,SEED_530103,0.10000000000000142,count_per_image,M11,S_ADAPT,,
FACTORIAL,C_T0,quality_per_image,10,SEED_530103,0.07003472324737992,count_per_image,M10,M00,,
FACTORIAL,C_T1,quality_per_image,10,SEED_530103,0.05856219540174301,count_per_image,M11,M01,,
FACTORIAL,T_C0,quality_per_image,10,SEED_530103,0.026501432306405448,count_per_image,M01,M00,,
FACTORIAL,T_C1,quality_per_image,10,SEED_530103,0.015028904460768544,count_per_image,M11,M10,,
FACTORIAL,I,quality_per_image,10,SEED_530103,-0.011472527845636904,count_per_image,M11-M10,M01-M00,0,0
VS_S_ADAPT,M00_VS_S_ADAPT,quality_per_image,10,SEED_530103,0.04539472824349566,count_per_image,M00,S_ADAPT,,
VS_S_ADAPT,M10_VS_S_ADAPT,quality_per_image,10,SEED_530103,0.11542945149087558,count_per_image,M10,S_ADAPT,,
VS_S_ADAPT,M01_VS_S_ADAPT,quality_per_image,10,SEED_530103,0.07189616054990111,count_per_image,M01,S_ADAPT,,
VS_S_ADAPT,M11_VS_S_ADAPT,quality_per_image,10,SEED_530103,0.13045835595164412,count_per_image,M11,S_ADAPT,,
FACTORIAL,C_T0,quality_per_image,15,SEED_530103,0.05625648903305969,count_per_image,M10,M00,,
FACTORIAL,C_T1,quality_per_image,15,SEED_530103,0.05165448971081599,count_per_image,M11,M01,,
FACTORIAL,T_C0,quality_per_image,15,SEED_530103,0.02033368906553079,count_per_image,M01,M00,,
FACTORIAL,T_C1,quality_per_image,15,SEED_530103,0.01573168974328709,count_per_image,M11,M10,,
FACTORIAL,I,quality_per_image,15,SEED_530103,-0.0046019993222436995,count_per_image,M11-M10,M01-M00,0,0
VS_S_ADAPT,M00_VS_S_ADAPT,quality_per_image,15,SEED_530103,0.04556944860016987,count_per_image,M00,S_ADAPT,,
VS_S_ADAPT,M10_VS_S_ADAPT,quality_per_image,15,SEED_530103,0.10182593763322956,count_per_image,M10,S_ADAPT,,
VS_S_ADAPT,M01_VS_S_ADAPT,quality_per_image,15,SEED_530103,0.06590313766570066,count_per_image,M01,S_ADAPT,,
VS_S_ADAPT,M11_VS_S_ADAPT,quality_per_image,15,SEED_530103,0.11755762737651665,count_per_image,M11,S_ADAPT,,
FACTORIAL,C_T0,quality_per_image,20,SEED_530103,0.04861801572947755,count_per_image,M10,M00,,
FACTORIAL,C_T1,quality_per_image,20,SEED_530103,0.024502461351660898,count_per_image,M11,M01,,
FACTORIAL,T_C0,quality_per_image,20,SEED_530103,0.03384493384041054,count_per_image,M01,M00,,
FACTORIAL,T_C1,quality_per_image,20,SEED_530103,0.00972937946259389,count_per_image,M11,M10,,
FACTORIAL,I,quality_per_image,20,SEED_530103,-0.02411555437781665,count_per_image,M11-M10,M01-M00,0,0
VS_S_ADAPT,M00_VS_S_ADAPT,quality_per_image,20,SEED_530103,0.05156745679527397,count_per_image,M00,S_ADAPT,,
VS_S_ADAPT,M10_VS_S_ADAPT,quality_per_image,20,SEED_530103,0.10018547252475152,count_per_image,M10,S_ADAPT,,
VS_S_ADAPT,M01_VS_S_ADAPT,quality_per_image,20,SEED_530103,0.08541239063568451,count_per_image,M01,S_ADAPT,,
VS_S_ADAPT,M11_VS_S_ADAPT,quality_per_image,20,SEED_530103,0.10991485198734541,count_per_image,M11,S_ADAPT,,
FACTORIAL,C_T0,quality_per_image,30,SEED_530103,0.03008332512231693,count_per_image,M10,M00,,
FACTORIAL,C_T1,quality_per_image,30,SEED_530103,0.02090751541544389,count_per_image,M11,M01,,
FACTORIAL,T_C0,quality_per_image,30,SEED_530103,0.017945421749448798,count_per_image,M01,M00,,
FACTORIAL,T_C1,quality_per_image,30,SEED_530103,0.008769612042575758,count_per_image,M11,M10,,
FACTORIAL,I,quality_per_image,30,SEED_530103,-0.00917580970687304,count_per_image,M11-M10,M01-M00,0,0
VS_S_ADAPT,M00_VS_S_ADAPT,quality_per_image,30,SEED_530103,0.029262179591047044,count_per_image,M00,S_ADAPT,,
VS_S_ADAPT,M10_VS_S_ADAPT,quality_per_image,30,SEED_530103,0.05934550471336397,count_per_image,M10,S_ADAPT,,
VS_S_ADAPT,M01_VS_S_ADAPT,quality_per_image,30,SEED_530103,0.04720760134049584,count_per_image,M01,S_ADAPT,,
VS_S_ADAPT,M11_VS_S_ADAPT,quality_per_image,30,SEED_530103,0.06811511675593973,count_per_image,M11,S_ADAPT,,
FACTORIAL,C_T0,quality_per_image,40,SEED_530103,0.013514583506410993,count_per_image,M10,M00,,
FACTORIAL,C_T1,quality_per_image,40,SEED_530103,0.007492303013807877,count_per_image,M11,M01,,
FACTORIAL,T_C0,quality_per_image,40,SEED_530103,0.008589728691171139,count_per_image,M01,M00,,
FACTORIAL,T_C1,quality_per_image,40,SEED_530103,0.002567448198568023,count_per_image,M11,M10,,
FACTORIAL,I,quality_per_image,40,SEED_530103,-0.006022280492603116,count_per_image,M11-M10,M01-M00,0,0
VS_S_ADAPT,M00_VS_S_ADAPT,quality_per_image,40,SEED_530103,0.017737424421995662,count_per_image,M00,S_ADAPT,,
VS_S_ADAPT,M10_VS_S_ADAPT,quality_per_image,40,SEED_530103,0.031252007928406655,count_per_image,M10,S_ADAPT,,
VS_S_ADAPT,M01_VS_S_ADAPT,quality_per_image,40,SEED_530103,0.0263271531131668,count_per_image,M01,S_ADAPT,,
VS_S_ADAPT,M11_VS_S_ADAPT,quality_per_image,40,SEED_530103,0.03381945612697468,count_per_image,M11,S_ADAPT,,
FACTORIAL,C_T0,quality_per_image,CORE_10_15_20,SEED_530103,0.0583030760033072,count_per_image,M10,M00,,
FACTORIAL,C_T1,quality_per_image,CORE_10_15_20,SEED_530103,0.044906382154739966,count_per_image,M11,M01,,
FACTORIAL,T_C0,quality_per_image,CORE_10_15_20,SEED_530103,0.026893351737449223,count_per_image,M01,M00,,
FACTORIAL,T_C1,quality_per_image,CORE_10_15_20,SEED_530103,0.013496657888881991,count_per_image,M11,M10,,
FACTORIAL,I,quality_per_image,CORE_10_15_20,SEED_530103,-0.013396693848567232,count_per_image,M11-M10,M01-M00,0,0
VS_S_ADAPT,M00_VS_S_ADAPT,quality_per_image,CORE_10_15_20,SEED_530103,0.04751054454631287,count_per_image,M00,S_ADAPT,,
VS_S_ADAPT,M10_VS_S_ADAPT,quality_per_image,CORE_10_15_20,SEED_530103,0.10581362054962007,count_per_image,M10,S_ADAPT,,
VS_S_ADAPT,M01_VS_S_ADAPT,quality_per_image,CORE_10_15_20,SEED_530103,0.0744038962837621,count_per_image,M01,S_ADAPT,,
VS_S_ADAPT,M11_VS_S_ADAPT,quality_per_image,CORE_10_15_20,SEED_530103,0.11931027843850206,count_per_image,M11,S_ADAPT,,
FACTORIAL,C_T0,AP,10,SEED_530103,0.006723104064663227,proportion,M10,M00,,
FACTORIAL,C_T1,AP,10,SEED_530103,0.004946857932451115,proportion,M11,M01,,
FACTORIAL,T_C0,AP,10,SEED_530103,0.0028466465396228824,proportion,M01,M00,,
FACTORIAL,T_C1,AP,10,SEED_530103,0.001070400407410771,proportion,M11,M10,,
FACTORIAL,I,AP,10,SEED_530103,-0.0017762461322121115,proportion,M11-M10,M01-M00,0,0
VS_S_ADAPT,M00_VS_S_ADAPT,AP,10,SEED_530103,-0.0005127986379468152,proportion,M00,S_ADAPT,,
VS_S_ADAPT,M10_VS_S_ADAPT,AP,10,SEED_530103,0.0062103054267164115,proportion,M10,S_ADAPT,,
VS_S_ADAPT,M01_VS_S_ADAPT,AP,10,SEED_530103,0.002333847901676067,proportion,M01,S_ADAPT,,
VS_S_ADAPT,M11_VS_S_ADAPT,AP,10,SEED_530103,0.007280705834127182,proportion,M11,S_ADAPT,,
FACTORIAL,C_T0,AP,15,SEED_530103,0.003105837380201676,proportion,M10,M00,,
FACTORIAL,C_T1,AP,15,SEED_530103,0.003232064817425828,proportion,M11,M01,,
FACTORIAL,T_C0,AP,15,SEED_530103,0.0007047765339912859,proportion,M01,M00,,
FACTORIAL,T_C1,AP,15,SEED_530103,0.0008310039712154382,proportion,M11,M10,,
FACTORIAL,I,AP,15,SEED_530103,0.0001262274372241523,proportion,M11-M10,M01-M00,0,0
VS_S_ADAPT,M00_VS_S_ADAPT,AP,15,SEED_530103,0.00037976704349212964,proportion,M00,S_ADAPT,,
VS_S_ADAPT,M10_VS_S_ADAPT,AP,15,SEED_530103,0.0034856044236938055,proportion,M10,S_ADAPT,,
VS_S_ADAPT,M01_VS_S_ADAPT,AP,15,SEED_530103,0.0010845435774834156,proportion,M01,S_ADAPT,,
VS_S_ADAPT,M11_VS_S_ADAPT,AP,15,SEED_530103,0.004316608394909244,proportion,M11,S_ADAPT,,
FACTORIAL,C_T0,AP,20,SEED_530103,0.0022484728010268296,proportion,M10,M00,,
FACTORIAL,C_T1,AP,20,SEED_530103,0.0014014917478805122,proportion,M11,M01,,
FACTORIAL,T_C0,AP,20,SEED_530103,0.0015939474158666311,proportion,M01,M00,,
FACTORIAL,T_C1,AP,20,SEED_530103,0.0007469663627203138,proportion,M11,M10,,
FACTORIAL,I,AP,20,SEED_530103,-0.0008469810531463173,proportion,M11-M10,M01-M00,0,0
VS_S_ADAPT,M00_VS_S_ADAPT,AP,20,SEED_530103,-0.00006407683729645064,proportion,M00,S_ADAPT,,
VS_S_ADAPT,M10_VS_S_ADAPT,AP,20,SEED_530103,0.002184395963730379,proportion,M10,S_ADAPT,,
VS_S_ADAPT,M01_VS_S_ADAPT,AP,20,SEED_530103,0.0015298705785701805,proportion,M01,S_ADAPT,,
VS_S_ADAPT,M11_VS_S_ADAPT,AP,20,SEED_530103,0.0029313623264506927,proportion,M11,S_ADAPT,,
FACTORIAL,C_T0,AP,30,SEED_530103,0.0009192800849961158,proportion,M10,M00,,
FACTORIAL,C_T1,AP,30,SEED_530103,0.0005746926933777041,proportion,M11,M01,,
FACTORIAL,T_C0,AP,30,SEED_530103,0.0005624536307446693,proportion,M01,M00,,
FACTORIAL,T_C1,AP,30,SEED_530103,0.00021786623912625758,proportion,M11,M10,,
FACTORIAL,I,AP,30,SEED_530103,-0.0003445873916184117,proportion,M11-M10,M01-M00,0,0
VS_S_ADAPT,M00_VS_S_ADAPT,AP,30,SEED_530103,-0.000013017849462226838,proportion,M00,S_ADAPT,,
VS_S_ADAPT,M10_VS_S_ADAPT,AP,30,SEED_530103,0.000906262235533889,proportion,M10,S_ADAPT,,
VS_S_ADAPT,M01_VS_S_ADAPT,AP,30,SEED_530103,0.0005494357812824424,proportion,M01,S_ADAPT,,
VS_S_ADAPT,M11_VS_S_ADAPT,AP,30,SEED_530103,0.0011241284746601465,proportion,M11,S_ADAPT,,
FACTORIAL,C_T0,AP,40,SEED_530103,0.00014141381508994688,proportion,M10,M00,,
FACTORIAL,C_T1,AP,40,SEED_530103,0.00008694084056765083,proportion,M11,M01,,
FACTORIAL,T_C0,AP,40,SEED_530103,0.00003488806074819495,proportion,M01,M00,,
FACTORIAL,T_C1,AP,40,SEED_530103,-0.000019584913774101098,proportion,M11,M10,,
FACTORIAL,I,AP,40,SEED_530103,-0.00005447297452229605,proportion,M11-M10,M01-M00,0,0
VS_S_ADAPT,M00_VS_S_ADAPT,AP,40,SEED_530103,0.000235253641080152,proportion,M00,S_ADAPT,,
VS_S_ADAPT,M10_VS_S_ADAPT,AP,40,SEED_530103,0.0003766674561700989,proportion,M10,S_ADAPT,,
VS_S_ADAPT,M01_VS_S_ADAPT,AP,40,SEED_530103,0.00027014170182834696,proportion,M01,S_ADAPT,,
VS_S_ADAPT,M11_VS_S_ADAPT,AP,40,SEED_530103,0.0003570825423959978,proportion,M11,S_ADAPT,,
FACTORIAL,C_T0,AP,CORE_10_15_20,SEED_530103,0.004025804748630596,proportion,M10,M00,,
FACTORIAL,C_T1,AP,CORE_10_15_20,SEED_530103,0.003193471499252476,proportion,M11,M01,,
FACTORIAL,T_C0,AP,CORE_10_15_20,SEED_530103,0.001715123496493609,proportion,M01,M00,,
FACTORIAL,T_C1,AP,CORE_10_15_20,SEED_530103,0.0008827902471154891,proportion,M11,M10,,
FACTORIAL,I,AP,CORE_10_15_20,SEED_530103,-0.0008323332493781199,proportion,M11-M10,M01-M00,0,0
VS_S_ADAPT,M00_VS_S_ADAPT,AP,CORE_10_15_20,SEED_530103,-0.00006570281058371208,proportion,M00,S_ADAPT,,
VS_S_ADAPT,M10_VS_S_ADAPT,AP,CORE_10_15_20,SEED_530103,0.003960101938046884,proportion,M10,S_ADAPT,,
VS_S_ADAPT,M01_VS_S_ADAPT,AP,CORE_10_15_20,SEED_530103,0.001649420685909897,proportion,M01,S_ADAPT,,
VS_S_ADAPT,M11_VS_S_ADAPT,AP,CORE_10_15_20,SEED_530103,0.004842892185162373,proportion,M11,S_ADAPT,,
FACTORIAL,C_T0,AP50,10,SEED_530103,0.012070403704382782,proportion,M10,M00,,
FACTORIAL,C_T1,AP50,10,SEED_530103,0.010994643145105731,proportion,M11,M01,,
FACTORIAL,T_C0,AP50,10,SEED_530103,0.0017148399673962422,proportion,M01,M00,,
FACTORIAL,T_C1,AP50,10,SEED_530103,0.000639079408119192,proportion,M11,M10,,
FACTORIAL,I,AP50,10,SEED_530103,-0.0010757605592770503,proportion,M11-M10,M01-M00,0,0
VS_S_ADAPT,M00_VS_S_ADAPT,AP50,10,SEED_530103,0.0021775778853773964,proportion,M00,S_ADAPT,,
VS_S_ADAPT,M10_VS_S_ADAPT,AP50,10,SEED_530103,0.014247981589760178,proportion,M10,S_ADAPT,,
VS_S_ADAPT,M01_VS_S_ADAPT,AP50,10,SEED_530103,0.0038924178527736386,proportion,M01,S_ADAPT,,
VS_S_ADAPT,M11_VS_S_ADAPT,AP50,10,SEED_530103,0.01488706099787937,proportion,M11,S_ADAPT,,
FACTORIAL,C_T0,AP50,15,SEED_530103,0.007491294669901838,proportion,M10,M00,,
FACTORIAL,C_T1,AP50,15,SEED_530103,0.006189149147115602,proportion,M11,M01,,
FACTORIAL,T_C0,AP50,15,SEED_530103,0.0012541883320827951,proportion,M01,M00,,
FACTORIAL,T_C1,AP50,15,SEED_530103,-0.0000479571907034404,proportion,M11,M10,,
FACTORIAL,I,AP50,15,SEED_530103,-0.0013021455227862355,proportion,M11-M10,M01-M00,0,0
VS_S_ADAPT,M00_VS_S_ADAPT,AP50,15,SEED_530103,0.0018043609145905748,proportion,M00,S_ADAPT,,
VS_S_ADAPT,M10_VS_S_ADAPT,AP50,15,SEED_530103,0.009295655584492413,proportion,M10,S_ADAPT,,
VS_S_ADAPT,M01_VS_S_ADAPT,AP50,15,SEED_530103,0.00305854924667337,proportion,M01,S_ADAPT,,
VS_S_ADAPT,M11_VS_S_ADAPT,AP50,15,SEED_530103,0.009247698393788972,proportion,M11,S_ADAPT,,
FACTORIAL,C_T0,AP50,20,SEED_530103,0.003949861363237217,proportion,M10,M00,,
FACTORIAL,C_T1,AP50,20,SEED_530103,0.003004170302833842,proportion,M11,M01,,
FACTORIAL,T_C0,AP50,20,SEED_530103,0.001502774657425987,proportion,M01,M00,,
FACTORIAL,T_C1,AP50,20,SEED_530103,0.0005570835970226118,proportion,M11,M10,,
FACTORIAL,I,AP50,20,SEED_530103,-0.0009456910604033752,proportion,M11-M10,M01-M00,0,0
VS_S_ADAPT,M00_VS_S_ADAPT,AP50,20,SEED_530103,0.002314446877269949,proportion,M00,S_ADAPT,,
VS_S_ADAPT,M10_VS_S_ADAPT,AP50,20,SEED_530103,0.006264308240507166,proportion,M10,S_ADAPT,,
VS_S_ADAPT,M01_VS_S_ADAPT,AP50,20,SEED_530103,0.003817221534695936,proportion,M01,S_ADAPT,,
VS_S_ADAPT,M11_VS_S_ADAPT,AP50,20,SEED_530103,0.006821391837529778,proportion,M11,S_ADAPT,,
FACTORIAL,C_T0,AP50,30,SEED_530103,0.0028166124490474065,proportion,M10,M00,,
FACTORIAL,C_T1,AP50,30,SEED_530103,0.0013769956939780892,proportion,M11,M01,,
FACTORIAL,T_C0,AP50,30,SEED_530103,0.001090565551230216,proportion,M01,M00,,
FACTORIAL,T_C1,AP50,30,SEED_530103,-0.0003490512038391014,proportion,M11,M10,,
FACTORIAL,I,AP50,30,SEED_530103,-0.0014396167550693173,proportion,M11-M10,M01-M00,0,0
VS_S_ADAPT,M00_VS_S_ADAPT,AP50,30,SEED_530103,-0.00007194158916284943,proportion,M00,S_ADAPT,,
VS_S_ADAPT,M10_VS_S_ADAPT,AP50,30,SEED_530103,0.002744670859884557,proportion,M10,S_ADAPT,,
VS_S_ADAPT,M01_VS_S_ADAPT,AP50,30,SEED_530103,0.0010186239620673665,proportion,M01,S_ADAPT,,
VS_S_ADAPT,M11_VS_S_ADAPT,AP50,30,SEED_530103,0.0023956196560454557,proportion,M11,S_ADAPT,,
FACTORIAL,C_T0,AP50,40,SEED_530103,0.00028577725727890746,proportion,M10,M00,,
FACTORIAL,C_T1,AP50,40,SEED_530103,0.0003434741757938897,proportion,M11,M01,,
FACTORIAL,T_C0,AP50,40,SEED_530103,-0.00007209338927260944,proportion,M01,M00,,
FACTORIAL,T_C1,AP50,40,SEED_530103,-0.000014396470757627178,proportion,M11,M10,,
FACTORIAL,I,AP50,40,SEED_530103,0.000057696918514982265,proportion,M11-M10,M01-M00,0,0
VS_S_ADAPT,M00_VS_S_ADAPT,AP50,40,SEED_530103,0.0009149177351906457,proportion,M00,S_ADAPT,,
VS_S_ADAPT,M10_VS_S_ADAPT,AP50,40,SEED_530103,0.0012006949924695531,proportion,M10,S_ADAPT,,
VS_S_ADAPT,M01_VS_S_ADAPT,AP50,40,SEED_530103,0.0008428243459180362,proportion,M01,S_ADAPT,,
VS_S_ADAPT,M11_VS_S_ADAPT,AP50,40,SEED_530103,0.001186298521711926,proportion,M11,S_ADAPT,,
FACTORIAL,C_T0,AP50,CORE_10_15_20,SEED_530103,0.007837186579173872,proportion,M10,M00,,
FACTORIAL,C_T1,AP50,CORE_10_15_20,SEED_530103,0.006729320865018373,proportion,M11,M01,,
FACTORIAL,T_C0,AP50,CORE_10_15_20,SEED_530103,0.0014906009856349711,proportion,M01,M00,,
FACTORIAL,T_C1,AP50,CORE_10_15_20,SEED_530103,0.00038273527147947295,proportion,M11,M10,,
FACTORIAL,I,AP50,CORE_10_15_20,SEED_530103,-0.0011078657141554982,proportion,M11-M10,M01-M00,0,0
VS_S_ADAPT,M00_VS_S_ADAPT,AP50,CORE_10_15_20,SEED_530103,0.0020987952257460196,proportion,M00,S_ADAPT,,
VS_S_ADAPT,M10_VS_S_ADAPT,AP50,CORE_10_15_20,SEED_530103,0.009935981804919891,proportion,M10,S_ADAPT,,
VS_S_ADAPT,M01_VS_S_ADAPT,AP50,CORE_10_15_20,SEED_530103,0.0035893962113809907,proportion,M01,S_ADAPT,,
VS_S_ADAPT,M11_VS_S_ADAPT,AP50,CORE_10_15_20,SEED_530103,0.010318717076399364,proportion,M11,S_ADAPT,,
FACTORIAL,C_T0,AP75,10,SEED_530103,0.006652497788688122,proportion,M10,M00,,
FACTORIAL,C_T1,AP75,10,SEED_530103,0.00450488335092214,proportion,M11,M01,,
FACTORIAL,T_C0,AP75,10,SEED_530103,0.0035510034401760038,proportion,M01,M00,,
FACTORIAL,T_C1,AP75,10,SEED_530103,0.0014033890024100215,proportion,M11,M10,,
FACTORIAL,I,AP75,10,SEED_530103,-0.0021476144377659823,proportion,M11-M10,M01-M00,0,0
VS_S_ADAPT,M00_VS_S_ADAPT,AP75,10,SEED_530103,-0.0011876587685884232,proportion,M00,S_ADAPT,,
VS_S_ADAPT,M10_VS_S_ADAPT,AP75,10,SEED_530103,0.005464839020099699,proportion,M10,S_ADAPT,,
VS_S_ADAPT,M01_VS_S_ADAPT,AP75,10,SEED_530103,0.0023633446715875805,proportion,M01,S_ADAPT,,
VS_S_ADAPT,M11_VS_S_ADAPT,AP75,10,SEED_530103,0.00686822802250972,proportion,M11,S_ADAPT,,
FACTORIAL,C_T0,AP75,15,SEED_530103,0.0023838478912563132,proportion,M10,M00,,
FACTORIAL,C_T1,AP75,15,SEED_530103,0.002098545003635238,proportion,M11,M01,,
FACTORIAL,T_C0,AP75,15,SEED_530103,0.0014699725621568904,proportion,M01,M00,,
FACTORIAL,T_C1,AP75,15,SEED_530103,0.0011846696745358154,proportion,M11,M10,,
FACTORIAL,I,AP75,15,SEED_530103,-0.00028530288762107503,proportion,M11-M10,M01-M00,0,0
VS_S_ADAPT,M00_VS_S_ADAPT,AP75,15,SEED_530103,0.00015647600449880672,proportion,M00,S_ADAPT,,
VS_S_ADAPT,M10_VS_S_ADAPT,AP75,15,SEED_530103,0.00254032389575512,proportion,M10,S_ADAPT,,
VS_S_ADAPT,M01_VS_S_ADAPT,AP75,15,SEED_530103,0.0016264485666556971,proportion,M01,S_ADAPT,,
VS_S_ADAPT,M11_VS_S_ADAPT,AP75,15,SEED_530103,0.0037249935702909354,proportion,M11,S_ADAPT,,
FACTORIAL,C_T0,AP75,20,SEED_530103,0.0010563829301069305,proportion,M10,M00,,
FACTORIAL,C_T1,AP75,20,SEED_530103,0.0009523663506176561,proportion,M11,M01,,
FACTORIAL,T_C0,AP75,20,SEED_530103,0.0015486312556363402,proportion,M01,M00,,
FACTORIAL,T_C1,AP75,20,SEED_530103,0.0014446146761470657,proportion,M11,M10,,
FACTORIAL,I,AP75,20,SEED_530103,-0.00010401657948927445,proportion,M11-M10,M01-M00,0,0
VS_S_ADAPT,M00_VS_S_ADAPT,AP75,20,SEED_530103,0.00008296625572215555,proportion,M00,S_ADAPT,,
VS_S_ADAPT,M10_VS_S_ADAPT,AP75,20,SEED_530103,0.001139349185829086,proportion,M10,S_ADAPT,,
VS_S_ADAPT,M01_VS_S_ADAPT,AP75,20,SEED_530103,0.0016315975113584957,proportion,M01,S_ADAPT,,
VS_S_ADAPT,M11_VS_S_ADAPT,AP75,20,SEED_530103,0.002583963861976152,proportion,M11,S_ADAPT,,
FACTORIAL,C_T0,AP75,30,SEED_530103,0.0004193038264208304,proportion,M10,M00,,
FACTORIAL,C_T1,AP75,30,SEED_530103,0.00016340677978052276,proportion,M11,M01,,
FACTORIAL,T_C0,AP75,30,SEED_530103,0.0005281610965868211,proportion,M01,M00,,
FACTORIAL,T_C1,AP75,30,SEED_530103,0.00027226404994651343,proportion,M11,M10,,
FACTORIAL,I,AP75,30,SEED_530103,-0.00025589704664030766,proportion,M11-M10,M01-M00,0,0
VS_S_ADAPT,M00_VS_S_ADAPT,AP75,30,SEED_530103,-0.0002193735561217547,proportion,M00,S_ADAPT,,
VS_S_ADAPT,M10_VS_S_ADAPT,AP75,30,SEED_530103,0.00019993027029907573,proportion,M10,S_ADAPT,,
VS_S_ADAPT,M01_VS_S_ADAPT,AP75,30,SEED_530103,0.0003087875404650664,proportion,M01,S_ADAPT,,
VS_S_ADAPT,M11_VS_S_ADAPT,AP75,30,SEED_530103,0.00047219432024558916,proportion,M11,S_ADAPT,,
FACTORIAL,C_T0,AP75,40,SEED_530103,0.0001959297792619441,proportion,M10,M00,,
FACTORIAL,C_T1,AP75,40,SEED_530103,0.00006255622261386318,proportion,M11,M01,,
FACTORIAL,T_C0,AP75,40,SEED_530103,0.00012788971272373328,proportion,M01,M00,,
FACTORIAL,T_C1,AP75,40,SEED_530103,-0.000005483843924347642,proportion,M11,M10,,
FACTORIAL,I,AP75,40,SEED_530103,-0.00013337355664808093,proportion,M11-M10,M01-M00,0,0
VS_S_ADAPT,M00_VS_S_ADAPT,AP75,40,SEED_530103,-0.00009430573663307684,proportion,M00,S_ADAPT,,
VS_S_ADAPT,M10_VS_S_ADAPT,AP75,40,SEED_530103,0.00010162404262886726,proportion,M10,S_ADAPT,,
VS_S_ADAPT,M01_VS_S_ADAPT,AP75,40,SEED_530103,0.00003358397609065644,proportion,M01,S_ADAPT,,
VS_S_ADAPT,M11_VS_S_ADAPT,AP75,40,SEED_530103,0.00009614019870451962,proportion,M11,S_ADAPT,,
FACTORIAL,C_T0,AP75,CORE_10_15_20,SEED_530103,0.0033642428700170757,proportion,M10,M00,,
FACTORIAL,C_T1,AP75,CORE_10_15_20,SEED_530103,0.0025185982350583447,proportion,M11,M01,,
FACTORIAL,T_C0,AP75,CORE_10_15_20,SEED_530103,0.0021898690859897263,proportion,M01,M00,,
FACTORIAL,T_C1,AP75,CORE_10_15_20,SEED_530103,0.0013442244510309953,proportion,M11,M10,,
FACTORIAL,I,AP75,CORE_10_15_20,SEED_530103,-0.000845644634958731,proportion,M11-M10,M01-M00,0,0
VS_S_ADAPT,M00_VS_S_ADAPT,AP75,CORE_10_15_20,SEED_530103,-0.0003160721694557833,proportion,M00,S_ADAPT,,
VS_S_ADAPT,M10_VS_S_ADAPT,AP75,CORE_10_15_20,SEED_530103,0.0030481707005612924,proportion,M10,S_ADAPT,,
VS_S_ADAPT,M01_VS_S_ADAPT,AP75,CORE_10_15_20,SEED_530103,0.001873796916533943,proportion,M01,S_ADAPT,,
VS_S_ADAPT,M11_VS_S_ADAPT,AP75,CORE_10_15_20,SEED_530103,0.004392395151592288,proportion,M11,S_ADAPT,,
FACTORIAL,C_T0,AR100,10,SEED_530103,0.017607288083054867,proportion,M10,M00,,
FACTORIAL,C_T1,AR100,10,SEED_530103,0.014333785651255065,proportion,M11,M01,,
FACTORIAL,T_C0,AR100,10,SEED_530103,0.006882205497943744,proportion,M01,M00,,
FACTORIAL,T_C1,AR100,10,SEED_530103,0.0036087030661439423,proportion,M11,M10,,
FACTORIAL,I,AR100,10,SEED_530103,-0.003273502431799802,proportion,M11-M10,M01-M00,0,0
VS_S_ADAPT,M00_VS_S_ADAPT,AR100,10,SEED_530103,-0.003991465886378859,proportion,M00,S_ADAPT,,
VS_S_ADAPT,M10_VS_S_ADAPT,AR100,10,SEED_530103,0.013615822196676008,proportion,M10,S_ADAPT,,
VS_S_ADAPT,M01_VS_S_ADAPT,AR100,10,SEED_530103,0.0028907396115648853,proportion,M01,S_ADAPT,,
VS_S_ADAPT,M11_VS_S_ADAPT,AR100,10,SEED_530103,0.01722452526281995,proportion,M11,S_ADAPT,,
FACTORIAL,C_T0,AR100,15,SEED_530103,0.012193973942660224,proportion,M10,M00,,
FACTORIAL,C_T1,AR100,15,SEED_530103,0.013801284186311435,proportion,M11,M01,,
FACTORIAL,T_C0,AR100,15,SEED_530103,0.0037142918170596506,proportion,M01,M00,,
FACTORIAL,T_C1,AR100,15,SEED_530103,0.005321602060710862,proportion,M11,M10,,
FACTORIAL,I,AR100,15,SEED_530103,0.001607310243651211,proportion,M11-M10,M01-M00,0,0
VS_S_ADAPT,M00_VS_S_ADAPT,AR100,15,SEED_530103,-0.0025502866577746808,proportion,M00,S_ADAPT,,
VS_S_ADAPT,M10_VS_S_ADAPT,AR100,15,SEED_530103,0.009643687284885544,proportion,M10,S_ADAPT,,
VS_S_ADAPT,M01_VS_S_ADAPT,AR100,15,SEED_530103,0.0011640051592849698,proportion,M01,S_ADAPT,,
VS_S_ADAPT,M11_VS_S_ADAPT,AR100,15,SEED_530103,0.014965289345596405,proportion,M11,S_ADAPT,,
FACTORIAL,C_T0,AR100,20,SEED_530103,0.012019611183343382,proportion,M10,M00,,
FACTORIAL,C_T1,AR100,20,SEED_530103,0.007296767117484559,proportion,M11,M01,,
FACTORIAL,T_C0,AR100,20,SEED_530103,0.008610013210705314,proportion,M01,M00,,
FACTORIAL,T_C1,AR100,20,SEED_530103,0.003887169144846492,proportion,M11,M10,,
FACTORIAL,I,AR100,20,SEED_530103,-0.004722844065858822,proportion,M11-M10,M01-M00,0,0
VS_S_ADAPT,M00_VS_S_ADAPT,AR100,20,SEED_530103,-0.004022230590858766,proportion,M00,S_ADAPT,,
VS_S_ADAPT,M10_VS_S_ADAPT,AR100,20,SEED_530103,0.007997380592484615,proportion,M10,S_ADAPT,,
VS_S_ADAPT,M01_VS_S_ADAPT,AR100,20,SEED_530103,0.004587782619846548,proportion,M01,S_ADAPT,,
VS_S_ADAPT,M11_VS_S_ADAPT,AR100,20,SEED_530103,0.011884549737331107,proportion,M11,S_ADAPT,,
FACTORIAL,C_T0,AR100,30,SEED_530103,0.00668338621036435,proportion,M10,M00,,
FACTORIAL,C_T1,AR100,30,SEED_530103,0.00574585450664139,proportion,M11,M01,,
FACTORIAL,T_C0,AR100,30,SEED_530103,0.0038739829691169514,proportion,M01,M00,,
FACTORIAL,T_C1,AR100,30,SEED_530103,0.002936451265393991,proportion,M11,M10,,
FACTORIAL,I,AR100,30,SEED_530103,-0.0009375317037229602,proportion,M11-M10,M01-M00,0,0
VS_S_ADAPT,M00_VS_S_ADAPT,AR100,30,SEED_530103,-0.002259303014862657,proportion,M00,S_ADAPT,,
VS_S_ADAPT,M10_VS_S_ADAPT,AR100,30,SEED_530103,0.0044240831955016935,proportion,M10,S_ADAPT,,
VS_S_ADAPT,M01_VS_S_ADAPT,AR100,30,SEED_530103,0.0016146799542542944,proportion,M01,S_ADAPT,,
VS_S_ADAPT,M11_VS_S_ADAPT,AR100,30,SEED_530103,0.007360534460895685,proportion,M11,S_ADAPT,,
FACTORIAL,C_T0,AR100,40,SEED_530103,0.0019582906910095566,proportion,M10,M00,,
FACTORIAL,C_T1,AR100,40,SEED_530103,0.0013039959839194482,proportion,M11,M01,,
FACTORIAL,T_C0,AR100,40,SEED_530103,0.0008110571481908524,proportion,M01,M00,,
FACTORIAL,T_C1,AR100,40,SEED_530103,0.000156762441100744,proportion,M11,M10,,
FACTORIAL,I,AR100,40,SEED_530103,-0.0006542947070901084,proportion,M11-M10,M01-M00,0,0
VS_S_ADAPT,M00_VS_S_ADAPT,AR100,40,SEED_530103,0.00022674475686584872,proportion,M00,S_ADAPT,,
VS_S_ADAPT,M10_VS_S_ADAPT,AR100,40,SEED_530103,0.0021850354478754053,proportion,M10,S_ADAPT,,
VS_S_ADAPT,M01_VS_S_ADAPT,AR100,40,SEED_530103,0.0010378019050567011,proportion,M01,S_ADAPT,,
VS_S_ADAPT,M11_VS_S_ADAPT,AR100,40,SEED_530103,0.0023417978889761493,proportion,M11,S_ADAPT,,
FACTORIAL,C_T0,AR100,CORE_10_15_20,SEED_530103,0.013940291069686112,proportion,M10,M00,,
FACTORIAL,C_T1,AR100,CORE_10_15_20,SEED_530103,0.011810612318350316,proportion,M11,M01,,
FACTORIAL,T_C0,AR100,CORE_10_15_20,SEED_530103,0.006402170175236227,proportion,M01,M00,,
FACTORIAL,T_C1,AR100,CORE_10_15_20,SEED_530103,0.004272491423900432,proportion,M11,M10,,
FACTORIAL,I,AR100,CORE_10_15_20,SEED_530103,-0.002129678751335795,proportion,M11-M10,M01-M00,0,0
VS_S_ADAPT,M00_VS_S_ADAPT,AR100,CORE_10_15_20,SEED_530103,-0.003521327711670713,proportion,M00,S_ADAPT,,
VS_S_ADAPT,M10_VS_S_ADAPT,AR100,CORE_10_15_20,SEED_530103,0.010418963358015398,proportion,M10,S_ADAPT,,
VS_S_ADAPT,M01_VS_S_ADAPT,AR100,CORE_10_15_20,SEED_530103,0.002880842463565514,proportion,M01,S_ADAPT,,
VS_S_ADAPT,M11_VS_S_ADAPT,AR100,CORE_10_15_20,SEED_530103,0.01469145478191583,proportion,M11,S_ADAPT,,
FACTORIAL,C_T0,coverage_per_image,10,THREE_SEED_MEAN,-0.10350000000000037,count_per_image,M10,M00,,
FACTORIAL,C_T1,coverage_per_image,10,THREE_SEED_MEAN,-0.12450000000000028,count_per_image,M11,M01,,
FACTORIAL,T_C0,coverage_per_image,10,THREE_SEED_MEAN,-0.046166666666666245,count_per_image,M01,M00,,
FACTORIAL,T_C1,coverage_per_image,10,THREE_SEED_MEAN,-0.06716666666666615,count_per_image,M11,M10,,
FACTORIAL,I,coverage_per_image,10,THREE_SEED_MEAN,-0.020999999999999908,count_per_image,M11-M10,M01-M00,0,0
VS_S_ADAPT,M00_VS_S_ADAPT,coverage_per_image,10,THREE_SEED_MEAN,0.23983333333333334,count_per_image,M00,S_ADAPT,,
VS_S_ADAPT,M10_VS_S_ADAPT,coverage_per_image,10,THREE_SEED_MEAN,0.13633333333333297,count_per_image,M10,S_ADAPT,,
VS_S_ADAPT,M01_VS_S_ADAPT,coverage_per_image,10,THREE_SEED_MEAN,0.1936666666666671,count_per_image,M01,S_ADAPT,,
VS_S_ADAPT,M11_VS_S_ADAPT,coverage_per_image,10,THREE_SEED_MEAN,0.06916666666666682,count_per_image,M11,S_ADAPT,,
FACTORIAL,C_T0,coverage_per_image,15,THREE_SEED_MEAN,-0.06583333333333385,count_per_image,M10,M00,,
FACTORIAL,C_T1,coverage_per_image,15,THREE_SEED_MEAN,-0.0990000000000002,count_per_image,M11,M01,,
FACTORIAL,T_C0,coverage_per_image,15,THREE_SEED_MEAN,-0.03166666666666629,count_per_image,M01,M00,,
FACTORIAL,T_C1,coverage_per_image,15,THREE_SEED_MEAN,-0.06483333333333263,count_per_image,M11,M10,,
FACTORIAL,I,coverage_per_image,15,THREE_SEED_MEAN,-0.033166666666666345,count_per_image,M11-M10,M01-M00,0,0
VS_S_ADAPT,M00_VS_S_ADAPT,coverage_per_image,15,THREE_SEED_MEAN,0.2234999999999978,count_per_image,M00,S_ADAPT,,
VS_S_ADAPT,M10_VS_S_ADAPT,coverage_per_image,15,THREE_SEED_MEAN,0.15766666666666396,count_per_image,M10,S_ADAPT,,
VS_S_ADAPT,M01_VS_S_ADAPT,coverage_per_image,15,THREE_SEED_MEAN,0.19183333333333152,count_per_image,M01,S_ADAPT,,
VS_S_ADAPT,M11_VS_S_ADAPT,coverage_per_image,15,THREE_SEED_MEAN,0.09283333333333132,count_per_image,M11,S_ADAPT,,
FACTORIAL,C_T0,coverage_per_image,20,THREE_SEED_MEAN,-0.06400000000000006,count_per_image,M10,M00,,
FACTORIAL,C_T1,coverage_per_image,20,THREE_SEED_MEAN,-0.08516666666666417,count_per_image,M11,M01,,
FACTORIAL,T_C0,coverage_per_image,20,THREE_SEED_MEAN,-0.027000000000001023,count_per_image,M01,M00,,
FACTORIAL,T_C1,coverage_per_image,20,THREE_SEED_MEAN,-0.04816666666666514,count_per_image,M11,M10,,
FACTORIAL,I,coverage_per_image,20,THREE_SEED_MEAN,-0.021166666666664113,count_per_image,M11-M10,M01-M00,0,0
VS_S_ADAPT,M00_VS_S_ADAPT,coverage_per_image,20,THREE_SEED_MEAN,0.23049999999999926,count_per_image,M00,S_ADAPT,,
VS_S_ADAPT,M10_VS_S_ADAPT,coverage_per_image,20,THREE_SEED_MEAN,0.1664999999999992,count_per_image,M10,S_ADAPT,,
VS_S_ADAPT,M01_VS_S_ADAPT,coverage_per_image,20,THREE_SEED_MEAN,0.20349999999999824,count_per_image,M01,S_ADAPT,,
VS_S_ADAPT,M11_VS_S_ADAPT,coverage_per_image,20,THREE_SEED_MEAN,0.11833333333333407,count_per_image,M11,S_ADAPT,,
FACTORIAL,C_T0,coverage_per_image,30,THREE_SEED_MEAN,-0.027500000000001634,count_per_image,M10,M00,,
FACTORIAL,C_T1,coverage_per_image,30,THREE_SEED_MEAN,-0.03616666666666468,count_per_image,M11,M01,,
FACTORIAL,T_C0,coverage_per_image,30,THREE_SEED_MEAN,-0.014000000000001123,count_per_image,M01,M00,,
FACTORIAL,T_C1,coverage_per_image,30,THREE_SEED_MEAN,-0.02266666666666417,count_per_image,M11,M10,,
FACTORIAL,I,coverage_per_image,30,THREE_SEED_MEAN,-0.008666666666663048,count_per_image,M11-M10,M01-M00,0,0
VS_S_ADAPT,M00_VS_S_ADAPT,coverage_per_image,30,THREE_SEED_MEAN,0.1546666666666674,count_per_image,M00,S_ADAPT,,
VS_S_ADAPT,M10_VS_S_ADAPT,coverage_per_image,30,THREE_SEED_MEAN,0.12716666666666576,count_per_image,M10,S_ADAPT,,
VS_S_ADAPT,M01_VS_S_ADAPT,coverage_per_image,30,THREE_SEED_MEAN,0.14066666666666627,count_per_image,M01,S_ADAPT,,
VS_S_ADAPT,M11_VS_S_ADAPT,coverage_per_image,30,THREE_SEED_MEAN,0.10450000000000159,count_per_image,M11,S_ADAPT,,
FACTORIAL,C_T0,coverage_per_image,40,THREE_SEED_MEAN,-0.004666666666667041,count_per_image,M10,M00,,
FACTORIAL,C_T1,coverage_per_image,40,THREE_SEED_MEAN,-0.011666666666666714,count_per_image,M11,M01,,
FACTORIAL,T_C0,coverage_per_image,40,THREE_SEED_MEAN,-0.005333333333332746,count_per_image,M01,M00,,
FACTORIAL,T_C1,coverage_per_image,40,THREE_SEED_MEAN,-0.012333333333332419,count_per_image,M11,M10,,
FACTORIAL,I,coverage_per_image,40,THREE_SEED_MEAN,-0.006999999999999673,count_per_image,M11-M10,M01-M00,0,0
VS_S_ADAPT,M00_VS_S_ADAPT,coverage_per_image,40,THREE_SEED_MEAN,0.07933333333333259,count_per_image,M00,S_ADAPT,,
VS_S_ADAPT,M10_VS_S_ADAPT,coverage_per_image,40,THREE_SEED_MEAN,0.07466666666666555,count_per_image,M10,S_ADAPT,,
VS_S_ADAPT,M01_VS_S_ADAPT,coverage_per_image,40,THREE_SEED_MEAN,0.07399999999999984,count_per_image,M01,S_ADAPT,,
VS_S_ADAPT,M11_VS_S_ADAPT,coverage_per_image,40,THREE_SEED_MEAN,0.06233333333333313,count_per_image,M11,S_ADAPT,,
FACTORIAL,C_T0,coverage_per_image,CORE_10_15_20,THREE_SEED_MEAN,-0.0777777777777775,count_per_image,M10,M00,,
FACTORIAL,C_T1,coverage_per_image,CORE_10_15_20,THREE_SEED_MEAN,-0.1028888888888897,count_per_image,M11,M01,,
FACTORIAL,T_C0,coverage_per_image,CORE_10_15_20,THREE_SEED_MEAN,-0.034944444444443334,count_per_image,M01,M00,,
FACTORIAL,T_C1,coverage_per_image,CORE_10_15_20,THREE_SEED_MEAN,-0.06005555555555553,count_per_image,M11,M10,,
FACTORIAL,I,coverage_per_image,CORE_10_15_20,THREE_SEED_MEAN,-0.025111111111112194,count_per_image,M11-M10,M01-M00,0,0
VS_S_ADAPT,M00_VS_S_ADAPT,coverage_per_image,CORE_10_15_20,THREE_SEED_MEAN,0.2312777777777768,count_per_image,M00,S_ADAPT,,
VS_S_ADAPT,M10_VS_S_ADAPT,coverage_per_image,CORE_10_15_20,THREE_SEED_MEAN,0.1534999999999993,count_per_image,M10,S_ADAPT,,
VS_S_ADAPT,M01_VS_S_ADAPT,coverage_per_image,CORE_10_15_20,THREE_SEED_MEAN,0.19633333333333347,count_per_image,M01,S_ADAPT,,
VS_S_ADAPT,M11_VS_S_ADAPT,coverage_per_image,CORE_10_15_20,THREE_SEED_MEAN,0.09344444444444377,count_per_image,M11,S_ADAPT,,
FACTORIAL,C_T0,quality_per_image,10,THREE_SEED_MEAN,0.07462649080630257,count_per_image,M10,M00,,
FACTORIAL,C_T1,quality_per_image,10,THREE_SEED_MEAN,0.05548336072020277,count_per_image,M11,M01,,
FACTORIAL,T_C0,quality_per_image,10,THREE_SEED_MEAN,0.030713726779037387,count_per_image,M01,M00,,
FACTORIAL,T_C1,quality_per_image,10,THREE_SEED_MEAN,0.011570596692937585,count_per_image,M11,M10,,
FACTORIAL,I,quality_per_image,10,THREE_SEED_MEAN,-0.019143130086099802,count_per_image,M11-M10,M01-M00,0,0
VS_S_ADAPT,M00_VS_S_ADAPT,quality_per_image,10,THREE_SEED_MEAN,0.045380710209458996,count_per_image,M00,S_ADAPT,,
VS_S_ADAPT,M10_VS_S_ADAPT,quality_per_image,10,THREE_SEED_MEAN,0.12000720101576157,count_per_image,M10,S_ADAPT,,
VS_S_ADAPT,M01_VS_S_ADAPT,quality_per_image,10,THREE_SEED_MEAN,0.07609443698849638,count_per_image,M01,S_ADAPT,,
VS_S_ADAPT,M11_VS_S_ADAPT,quality_per_image,10,THREE_SEED_MEAN,0.13157779770869915,count_per_image,M11,S_ADAPT,,
FACTORIAL,C_T0,quality_per_image,15,THREE_SEED_MEAN,0.05303784317117799,count_per_image,M10,M00,,
FACTORIAL,C_T1,quality_per_image,15,THREE_SEED_MEAN,0.04473164917770589,count_per_image,M11,M01,,
FACTORIAL,T_C0,quality_per_image,15,THREE_SEED_MEAN,0.02664943254636576,count_per_image,M01,M00,,
FACTORIAL,T_C1,quality_per_image,15,THREE_SEED_MEAN,0.01834323855289366,count_per_image,M11,M10,,
FACTORIAL,I,quality_per_image,15,THREE_SEED_MEAN,-0.0083061939934721,count_per_image,M11-M10,M01-M00,0,0
VS_S_ADAPT,M00_VS_S_ADAPT,quality_per_image,15,THREE_SEED_MEAN,0.0431162206700586,count_per_image,M00,S_ADAPT,,
VS_S_ADAPT,M10_VS_S_ADAPT,quality_per_image,15,THREE_SEED_MEAN,0.09615406384123659,count_per_image,M10,S_ADAPT,,
VS_S_ADAPT,M01_VS_S_ADAPT,quality_per_image,15,THREE_SEED_MEAN,0.06976565321642436,count_per_image,M01,S_ADAPT,,
VS_S_ADAPT,M11_VS_S_ADAPT,quality_per_image,15,THREE_SEED_MEAN,0.11449730239413025,count_per_image,M11,S_ADAPT,,
FACTORIAL,C_T0,quality_per_image,20,THREE_SEED_MEAN,0.03971036461242594,count_per_image,M10,M00,,
FACTORIAL,C_T1,quality_per_image,20,THREE_SEED_MEAN,0.030315587554359702,count_per_image,M11,M01,,
FACTORIAL,T_C0,quality_per_image,20,THREE_SEED_MEAN,0.02442935775786914,count_per_image,M01,M00,,
FACTORIAL,T_C1,quality_per_image,20,THREE_SEED_MEAN,0.015034580699802902,count_per_image,M11,M10,,
FACTORIAL,I,quality_per_image,20,THREE_SEED_MEAN,-0.00939477705806624,count_per_image,M11-M10,M01-M00,0,0
VS_S_ADAPT,M00_VS_S_ADAPT,quality_per_image,20,THREE_SEED_MEAN,0.05458794563866043,count_per_image,M00,S_ADAPT,,
VS_S_ADAPT,M10_VS_S_ADAPT,quality_per_image,20,THREE_SEED_MEAN,0.09429831025108637,count_per_image,M10,S_ADAPT,,
VS_S_ADAPT,M01_VS_S_ADAPT,quality_per_image,20,THREE_SEED_MEAN,0.07901730339652957,count_per_image,M01,S_ADAPT,,
VS_S_ADAPT,M11_VS_S_ADAPT,quality_per_image,20,THREE_SEED_MEAN,0.10933289095088927,count_per_image,M11,S_ADAPT,,
FACTORIAL,C_T0,quality_per_image,30,THREE_SEED_MEAN,0.02727959879727937,count_per_image,M10,M00,,
FACTORIAL,C_T1,quality_per_image,30,THREE_SEED_MEAN,0.019866247810083948,count_per_image,M11,M01,,
FACTORIAL,T_C0,quality_per_image,30,THREE_SEED_MEAN,0.01616573240802399,count_per_image,M01,M00,,
FACTORIAL,T_C1,quality_per_image,30,THREE_SEED_MEAN,0.00875238142082857,count_per_image,M11,M10,,
FACTORIAL,I,quality_per_image,30,THREE_SEED_MEAN,-0.007413350987195422,count_per_image,M11-M10,M01-M00,0,0
VS_S_ADAPT,M00_VS_S_ADAPT,quality_per_image,30,THREE_SEED_MEAN,0.027283508694921466,count_per_image,M00,S_ADAPT,,
VS_S_ADAPT,M10_VS_S_ADAPT,quality_per_image,30,THREE_SEED_MEAN,0.054563107492200835,count_per_image,M10,S_ADAPT,,
VS_S_ADAPT,M01_VS_S_ADAPT,quality_per_image,30,THREE_SEED_MEAN,0.04344924110294546,count_per_image,M01,S_ADAPT,,
VS_S_ADAPT,M11_VS_S_ADAPT,quality_per_image,30,THREE_SEED_MEAN,0.0633154889130294,count_per_image,M11,S_ADAPT,,
FACTORIAL,C_T0,quality_per_image,40,THREE_SEED_MEAN,0.011896000917212213,count_per_image,M10,M00,,
FACTORIAL,C_T1,quality_per_image,40,THREE_SEED_MEAN,0.011328790834210345,count_per_image,M11,M01,,
FACTORIAL,T_C0,quality_per_image,40,THREE_SEED_MEAN,0.005069238732712478,count_per_image,M01,M00,,
FACTORIAL,T_C1,quality_per_image,40,THREE_SEED_MEAN,0.00450202864971061,count_per_image,M11,M10,,
FACTORIAL,I,quality_per_image,40,THREE_SEED_MEAN,-0.0005672100830018678,count_per_image,M11-M10,M01-M00,0,0
VS_S_ADAPT,M00_VS_S_ADAPT,quality_per_image,40,THREE_SEED_MEAN,0.01517012828785358,count_per_image,M00,S_ADAPT,,
VS_S_ADAPT,M10_VS_S_ADAPT,quality_per_image,40,THREE_SEED_MEAN,0.027066129205065792,count_per_image,M10,S_ADAPT,,
VS_S_ADAPT,M01_VS_S_ADAPT,quality_per_image,40,THREE_SEED_MEAN,0.020239367020566057,count_per_image,M01,S_ADAPT,,
VS_S_ADAPT,M11_VS_S_ADAPT,quality_per_image,40,THREE_SEED_MEAN,0.0315681578547764,count_per_image,M11,S_ADAPT,,
FACTORIAL,C_T0,quality_per_image,CORE_10_15_20,THREE_SEED_MEAN,0.0557915661966355,count_per_image,M10,M00,,
FACTORIAL,C_T1,quality_per_image,CORE_10_15_20,THREE_SEED_MEAN,0.04351019915075671,count_per_image,M11,M01,,
FACTORIAL,T_C0,quality_per_image,CORE_10_15_20,THREE_SEED_MEAN,0.027264172361090466,count_per_image,M01,M00,,
FACTORIAL,T_C1,quality_per_image,CORE_10_15_20,THREE_SEED_MEAN,0.014982805315211678,count_per_image,M11,M10,,
FACTORIAL,I,quality_per_image,CORE_10_15_20,THREE_SEED_MEAN,-0.012281367045878788,count_per_image,M11-M10,M01-M00,0,0
VS_S_ADAPT,M00_VS_S_ADAPT,quality_per_image,CORE_10_15_20,THREE_SEED_MEAN,0.047694958839392676,count_per_image,M00,S_ADAPT,,
VS_S_ADAPT,M10_VS_S_ADAPT,quality_per_image,CORE_10_15_20,THREE_SEED_MEAN,0.10348652503602818,count_per_image,M10,S_ADAPT,,
VS_S_ADAPT,M01_VS_S_ADAPT,quality_per_image,CORE_10_15_20,THREE_SEED_MEAN,0.07495913120048314,count_per_image,M01,S_ADAPT,,
VS_S_ADAPT,M11_VS_S_ADAPT,quality_per_image,CORE_10_15_20,THREE_SEED_MEAN,0.11846933035123985,count_per_image,M11,S_ADAPT,,
FACTORIAL,C_T0,AP,10,THREE_SEED_MEAN,0.006278965578747048,proportion,M10,M00,,
FACTORIAL,C_T1,AP,10,THREE_SEED_MEAN,0.0047329796954892756,proportion,M11,M01,,
FACTORIAL,T_C0,AP,10,THREE_SEED_MEAN,0.002460997470934756,proportion,M01,M00,,
FACTORIAL,T_C1,AP,10,THREE_SEED_MEAN,0.0009150115876769838,proportion,M11,M10,,
FACTORIAL,I,AP,10,THREE_SEED_MEAN,-0.0015459858832577722,proportion,M11-M10,M01-M00,0,0
VS_S_ADAPT,M00_VS_S_ADAPT,AP,10,THREE_SEED_MEAN,-0.0002551814689705778,proportion,M00,S_ADAPT,,
VS_S_ADAPT,M10_VS_S_ADAPT,AP,10,THREE_SEED_MEAN,0.00602378410977647,proportion,M10,S_ADAPT,,
VS_S_ADAPT,M01_VS_S_ADAPT,AP,10,THREE_SEED_MEAN,0.002205816001964178,proportion,M01,S_ADAPT,,
VS_S_ADAPT,M11_VS_S_ADAPT,AP,10,THREE_SEED_MEAN,0.006938795697453454,proportion,M11,S_ADAPT,,
FACTORIAL,C_T0,AP,15,THREE_SEED_MEAN,0.0031813872330487825,proportion,M10,M00,,
FACTORIAL,C_T1,AP,15,THREE_SEED_MEAN,0.003181643335693013,proportion,M11,M01,,
FACTORIAL,T_C0,AP,15,THREE_SEED_MEAN,0.0011298994130733153,proportion,M01,M00,,
FACTORIAL,T_C1,AP,15,THREE_SEED_MEAN,0.0011301555157175458,proportion,M11,M10,,
FACTORIAL,I,AP,15,THREE_SEED_MEAN,2.5610264423048257e-7,proportion,M11-M10,M01-M00,0,0
VS_S_ADAPT,M00_VS_S_ADAPT,AP,15,THREE_SEED_MEAN,-0.00009493839184024355,proportion,M00,S_ADAPT,,
VS_S_ADAPT,M10_VS_S_ADAPT,AP,15,THREE_SEED_MEAN,0.003086448841208539,proportion,M10,S_ADAPT,,
VS_S_ADAPT,M01_VS_S_ADAPT,AP,15,THREE_SEED_MEAN,0.0010349610212330718,proportion,M01,S_ADAPT,,
VS_S_ADAPT,M11_VS_S_ADAPT,AP,15,THREE_SEED_MEAN,0.004216604356926085,proportion,M11,S_ADAPT,,
FACTORIAL,C_T0,AP,20,THREE_SEED_MEAN,0.002238903880351445,proportion,M10,M00,,
FACTORIAL,C_T1,AP,20,THREE_SEED_MEAN,0.0017963124597125402,proportion,M11,M01,,
FACTORIAL,T_C0,AP,20,THREE_SEED_MEAN,0.0011489379260107846,proportion,M01,M00,,
FACTORIAL,T_C1,AP,20,THREE_SEED_MEAN,0.0007063465053718798,proportion,M11,M10,,
FACTORIAL,I,AP,20,THREE_SEED_MEAN,-0.0004425914206389048,proportion,M11-M10,M01-M00,0,0
VS_S_ADAPT,M00_VS_S_ADAPT,AP,20,THREE_SEED_MEAN,-0.000011650142848457223,proportion,M00,S_ADAPT,,
VS_S_ADAPT,M10_VS_S_ADAPT,AP,20,THREE_SEED_MEAN,0.0022272537375029877,proportion,M10,S_ADAPT,,
VS_S_ADAPT,M01_VS_S_ADAPT,AP,20,THREE_SEED_MEAN,0.0011372877831623274,proportion,M01,S_ADAPT,,
VS_S_ADAPT,M11_VS_S_ADAPT,AP,20,THREE_SEED_MEAN,0.0029336002428748675,proportion,M11,S_ADAPT,,
FACTORIAL,C_T0,AP,30,THREE_SEED_MEAN,0.0007651868052425959,proportion,M10,M00,,
FACTORIAL,C_T1,AP,30,THREE_SEED_MEAN,0.000563088409200857,proportion,M11,M01,,
FACTORIAL,T_C0,AP,30,THREE_SEED_MEAN,0.0005135704316811818,proportion,M01,M00,,
FACTORIAL,T_C1,AP,30,THREE_SEED_MEAN,0.0003114720356394429,proportion,M11,M10,,
FACTORIAL,I,AP,30,THREE_SEED_MEAN,-0.00020209839604173885,proportion,M11-M10,M01-M00,0,0
VS_S_ADAPT,M00_VS_S_ADAPT,AP,30,THREE_SEED_MEAN,0.000013085368307103051,proportion,M00,S_ADAPT,,
VS_S_ADAPT,M10_VS_S_ADAPT,AP,30,THREE_SEED_MEAN,0.0007782721735496989,proportion,M10,S_ADAPT,,
VS_S_ADAPT,M01_VS_S_ADAPT,AP,30,THREE_SEED_MEAN,0.0005266557999882848,proportion,M01,S_ADAPT,,
VS_S_ADAPT,M11_VS_S_ADAPT,AP,30,THREE_SEED_MEAN,0.0010897442091891418,proportion,M11,S_ADAPT,,
FACTORIAL,C_T0,AP,40,THREE_SEED_MEAN,0.0001672351999178201,proportion,M10,M00,,
FACTORIAL,C_T1,AP,40,THREE_SEED_MEAN,0.0000815437351309456,proportion,M11,M01,,
FACTORIAL,T_C0,AP,40,THREE_SEED_MEAN,0.00006493786503350418,proportion,M01,M00,,
FACTORIAL,T_C1,AP,40,THREE_SEED_MEAN,-0.000020753599753370322,proportion,M11,M10,,
FACTORIAL,I,AP,40,THREE_SEED_MEAN,-0.0000856914647868745,proportion,M11-M10,M01-M00,0,0
VS_S_ADAPT,M00_VS_S_ADAPT,AP,40,THREE_SEED_MEAN,0.00018466242649919917,proportion,M00,S_ADAPT,,
VS_S_ADAPT,M10_VS_S_ADAPT,AP,40,THREE_SEED_MEAN,0.00035189762641701927,proportion,M10,S_ADAPT,,
VS_S_ADAPT,M01_VS_S_ADAPT,AP,40,THREE_SEED_MEAN,0.00024960029153270336,proportion,M01,S_ADAPT,,
VS_S_ADAPT,M11_VS_S_ADAPT,AP,40,THREE_SEED_MEAN,0.00033114402666364895,proportion,M11,S_ADAPT,,
FACTORIAL,C_T0,AP,CORE_10_15_20,THREE_SEED_MEAN,0.0038997522307157306,proportion,M10,M00,,
FACTORIAL,C_T1,AP,CORE_10_15_20,THREE_SEED_MEAN,0.0032369784969649706,proportion,M11,M01,,
FACTORIAL,T_C0,AP,CORE_10_15_20,THREE_SEED_MEAN,0.0015799449366729335,proportion,M01,M00,,
FACTORIAL,T_C1,AP,CORE_10_15_20,THREE_SEED_MEAN,0.0009171712029221735,proportion,M11,M10,,
FACTORIAL,I,AP,CORE_10_15_20,THREE_SEED_MEAN,-0.00066277373375076,proportion,M11-M10,M01-M00,0,0
VS_S_ADAPT,M00_VS_S_ADAPT,AP,CORE_10_15_20,THREE_SEED_MEAN,-0.00012059000121975028,proportion,M00,S_ADAPT,,
VS_S_ADAPT,M10_VS_S_ADAPT,AP,CORE_10_15_20,THREE_SEED_MEAN,0.0037791622294959804,proportion,M10,S_ADAPT,,
VS_S_ADAPT,M01_VS_S_ADAPT,AP,CORE_10_15_20,THREE_SEED_MEAN,0.0014593549354531832,proportion,M01,S_ADAPT,,
VS_S_ADAPT,M11_VS_S_ADAPT,AP,CORE_10_15_20,THREE_SEED_MEAN,0.004696333432418154,proportion,M11,S_ADAPT,,
FACTORIAL,C_T0,AP50,10,THREE_SEED_MEAN,0.01086615940260438,proportion,M10,M00,,
FACTORIAL,C_T1,AP50,10,THREE_SEED_MEAN,0.009357746843377146,proportion,M11,M01,,
FACTORIAL,T_C0,AP50,10,THREE_SEED_MEAN,0.0017954550155613869,proportion,M01,M00,,
FACTORIAL,T_C1,AP50,10,THREE_SEED_MEAN,0.00028704245633415226,proportion,M11,M10,,
FACTORIAL,I,AP50,10,THREE_SEED_MEAN,-0.0015084125592272346,proportion,M11-M10,M01-M00,0,0
VS_S_ADAPT,M00_VS_S_ADAPT,AP50,10,THREE_SEED_MEAN,0.003067977949910289,proportion,M00,S_ADAPT,,
VS_S_ADAPT,M10_VS_S_ADAPT,AP50,10,THREE_SEED_MEAN,0.01393413735251467,proportion,M10,S_ADAPT,,
VS_S_ADAPT,M01_VS_S_ADAPT,AP50,10,THREE_SEED_MEAN,0.004863432965471676,proportion,M01,S_ADAPT,,
VS_S_ADAPT,M11_VS_S_ADAPT,AP50,10,THREE_SEED_MEAN,0.014221179808848822,proportion,M11,S_ADAPT,,
FACTORIAL,C_T0,AP50,15,THREE_SEED_MEAN,0.007813362801253054,proportion,M10,M00,,
FACTORIAL,C_T1,AP50,15,THREE_SEED_MEAN,0.005733682701695719,proportion,M11,M01,,
FACTORIAL,T_C0,AP50,15,THREE_SEED_MEAN,0.0022123457967790916,proportion,M01,M00,,
FACTORIAL,T_C1,AP50,15,THREE_SEED_MEAN,0.00013266569722175658,proportion,M11,M10,,
FACTORIAL,I,AP50,15,THREE_SEED_MEAN,-0.002079680099557335,proportion,M11-M10,M01-M00,0,0
VS_S_ADAPT,M00_VS_S_ADAPT,AP50,15,THREE_SEED_MEAN,0.0008884406188813254,proportion,M00,S_ADAPT,,
VS_S_ADAPT,M10_VS_S_ADAPT,AP50,15,THREE_SEED_MEAN,0.00870180342013438,proportion,M10,S_ADAPT,,
VS_S_ADAPT,M01_VS_S_ADAPT,AP50,15,THREE_SEED_MEAN,0.003100786415660417,proportion,M01,S_ADAPT,,
VS_S_ADAPT,M11_VS_S_ADAPT,AP50,15,THREE_SEED_MEAN,0.008834469117356136,proportion,M11,S_ADAPT,,
FACTORIAL,C_T0,AP50,20,THREE_SEED_MEAN,0.004193575989872522,proportion,M10,M00,,
FACTORIAL,C_T1,AP50,20,THREE_SEED_MEAN,0.003511644829544691,proportion,M11,M01,,
FACTORIAL,T_C0,AP50,20,THREE_SEED_MEAN,0.0011164813676807217,proportion,M01,M00,,
FACTORIAL,T_C1,AP50,20,THREE_SEED_MEAN,0.00043455020735289063,proportion,M11,M10,,
FACTORIAL,I,AP50,20,THREE_SEED_MEAN,-0.0006819311603278311,proportion,M11-M10,M01-M00,0,0
VS_S_ADAPT,M00_VS_S_ADAPT,AP50,20,THREE_SEED_MEAN,0.002211645952107988,proportion,M00,S_ADAPT,,
VS_S_ADAPT,M10_VS_S_ADAPT,AP50,20,THREE_SEED_MEAN,0.00640522194198051,proportion,M10,S_ADAPT,,
VS_S_ADAPT,M01_VS_S_ADAPT,AP50,20,THREE_SEED_MEAN,0.0033281273197887096,proportion,M01,S_ADAPT,,
VS_S_ADAPT,M11_VS_S_ADAPT,AP50,20,THREE_SEED_MEAN,0.006839772149333401,proportion,M11,S_ADAPT,,
FACTORIAL,C_T0,AP50,30,THREE_SEED_MEAN,0.0022714510230523732,proportion,M10,M00,,
FACTORIAL,C_T1,AP50,30,THREE_SEED_MEAN,0.0013179917562922139,proportion,M11,M01,,
FACTORIAL,T_C0,AP50,30,THREE_SEED_MEAN,0.0007896688815703934,proportion,M01,M00,,
FACTORIAL,T_C1,AP50,30,THREE_SEED_MEAN,-0.00016379038518976596,proportion,M11,M10,,
FACTORIAL,I,AP50,30,THREE_SEED_MEAN,-0.0009534592667601594,proportion,M11-M10,M01-M00,0,0
VS_S_ADAPT,M00_VS_S_ADAPT,AP50,30,THREE_SEED_MEAN,0.00006174615998766342,proportion,M00,S_ADAPT,,
VS_S_ADAPT,M10_VS_S_ADAPT,AP50,30,THREE_SEED_MEAN,0.0023331971830400366,proportion,M10,S_ADAPT,,
VS_S_ADAPT,M01_VS_S_ADAPT,AP50,30,THREE_SEED_MEAN,0.0008514150415580568,proportion,M01,S_ADAPT,,
VS_S_ADAPT,M11_VS_S_ADAPT,AP50,30,THREE_SEED_MEAN,0.0021694067978502707,proportion,M11,S_ADAPT,,
FACTORIAL,C_T0,AP50,40,THREE_SEED_MEAN,0.00029821593122641987,proportion,M10,M00,,
FACTORIAL,C_T1,AP50,40,THREE_SEED_MEAN,0.00006108239978724894,proportion,M11,M01,,
FACTORIAL,T_C0,AP50,40,THREE_SEED_MEAN,-0.000051056541464145067,proportion,M01,M00,,
FACTORIAL,T_C1,AP50,40,THREE_SEED_MEAN,-0.000288190072903316,proportion,M11,M10,,
FACTORIAL,I,AP50,40,THREE_SEED_MEAN,-0.00023713353143917093,proportion,M11-M10,M01-M00,0,0
VS_S_ADAPT,M00_VS_S_ADAPT,AP50,40,THREE_SEED_MEAN,0.0008673169625517674,proportion,M00,S_ADAPT,,
VS_S_ADAPT,M10_VS_S_ADAPT,AP50,40,THREE_SEED_MEAN,0.0011655328937781873,proportion,M10,S_ADAPT,,
VS_S_ADAPT,M01_VS_S_ADAPT,AP50,40,THREE_SEED_MEAN,0.0008162604210876223,proportion,M01,S_ADAPT,,
VS_S_ADAPT,M11_VS_S_ADAPT,AP50,40,THREE_SEED_MEAN,0.0008773428208748713,proportion,M11,S_ADAPT,,
FACTORIAL,C_T0,AP50,CORE_10_15_20,THREE_SEED_MEAN,0.007624366064576671,proportion,M10,M00,,
FACTORIAL,C_T1,AP50,CORE_10_15_20,THREE_SEED_MEAN,0.0062010247915392225,proportion,M11,M01,,
FACTORIAL,T_C0,AP50,CORE_10_15_20,THREE_SEED_MEAN,0.0017080940600070482,proportion,M01,M00,,
FACTORIAL,T_C1,AP50,CORE_10_15_20,THREE_SEED_MEAN,0.0002847527869695998,proportion,M11,M10,,
FACTORIAL,I,AP50,CORE_10_15_20,THREE_SEED_MEAN,-0.0014233412730374484,proportion,M11-M10,M01-M00,0,0
VS_S_ADAPT,M00_VS_S_ADAPT,AP50,CORE_10_15_20,THREE_SEED_MEAN,0.0020560215069665433,proportion,M00,S_ADAPT,,
VS_S_ADAPT,M10_VS_S_ADAPT,AP50,CORE_10_15_20,THREE_SEED_MEAN,0.009680387571543214,proportion,M10,S_ADAPT,,
VS_S_ADAPT,M01_VS_S_ADAPT,AP50,CORE_10_15_20,THREE_SEED_MEAN,0.0037641155669735915,proportion,M01,S_ADAPT,,
VS_S_ADAPT,M11_VS_S_ADAPT,AP50,CORE_10_15_20,THREE_SEED_MEAN,0.009965140358512814,proportion,M11,S_ADAPT,,
FACTORIAL,C_T0,AP75,10,THREE_SEED_MEAN,0.006121215949645459,proportion,M10,M00,,
FACTORIAL,C_T1,AP75,10,THREE_SEED_MEAN,0.00464119252362194,proportion,M11,M01,,
FACTORIAL,T_C0,AP75,10,THREE_SEED_MEAN,0.003106186067851985,proportion,M01,M00,,
FACTORIAL,T_C1,AP75,10,THREE_SEED_MEAN,0.0016261626418284658,proportion,M11,M10,,
FACTORIAL,I,AP75,10,THREE_SEED_MEAN,-0.001480023426023519,proportion,M11-M10,M01-M00,0,0
VS_S_ADAPT,M00_VS_S_ADAPT,AP75,10,THREE_SEED_MEAN,-0.0011436788752319238,proportion,M00,S_ADAPT,,
VS_S_ADAPT,M10_VS_S_ADAPT,AP75,10,THREE_SEED_MEAN,0.004977537074413535,proportion,M10,S_ADAPT,,
VS_S_ADAPT,M01_VS_S_ADAPT,AP75,10,THREE_SEED_MEAN,0.001962507192620061,proportion,M01,S_ADAPT,,
VS_S_ADAPT,M11_VS_S_ADAPT,AP75,10,THREE_SEED_MEAN,0.006603699716242001,proportion,M11,S_ADAPT,,
FACTORIAL,C_T0,AP75,15,THREE_SEED_MEAN,0.0024540826642739655,proportion,M10,M00,,
FACTORIAL,C_T1,AP75,15,THREE_SEED_MEAN,0.0019150293106549032,proportion,M11,M01,,
FACTORIAL,T_C0,AP75,15,THREE_SEED_MEAN,0.0015227621076371045,proportion,M01,M00,,
FACTORIAL,T_C1,AP75,15,THREE_SEED_MEAN,0.0009837087540180423,proportion,M11,M10,,
FACTORIAL,I,AP75,15,THREE_SEED_MEAN,-0.0005390533536190623,proportion,M11-M10,M01-M00,0,0
VS_S_ADAPT,M00_VS_S_ADAPT,AP75,15,THREE_SEED_MEAN,-0.00008855103632904315,proportion,M00,S_ADAPT,,
VS_S_ADAPT,M10_VS_S_ADAPT,AP75,15,THREE_SEED_MEAN,0.0023655316279449223,proportion,M10,S_ADAPT,,
VS_S_ADAPT,M01_VS_S_ADAPT,AP75,15,THREE_SEED_MEAN,0.0014342110713080614,proportion,M01,S_ADAPT,,
VS_S_ADAPT,M11_VS_S_ADAPT,AP75,15,THREE_SEED_MEAN,0.0033492403819629646,proportion,M11,S_ADAPT,,
FACTORIAL,C_T0,AP75,20,THREE_SEED_MEAN,0.0013531879617639797,proportion,M10,M00,,
FACTORIAL,C_T1,AP75,20,THREE_SEED_MEAN,0.0011856802766123664,proportion,M11,M01,,
FACTORIAL,T_C0,AP75,20,THREE_SEED_MEAN,0.0012800699003967242,proportion,M01,M00,,
FACTORIAL,T_C1,AP75,20,THREE_SEED_MEAN,0.001112562215245111,proportion,M11,M10,,
FACTORIAL,I,AP75,20,THREE_SEED_MEAN,-0.0001675076851516133,proportion,M11-M10,M01-M00,0,0
VS_S_ADAPT,M00_VS_S_ADAPT,AP75,20,THREE_SEED_MEAN,0.00004483823217954486,proportion,M00,S_ADAPT,,
VS_S_ADAPT,M10_VS_S_ADAPT,AP75,20,THREE_SEED_MEAN,0.0013980261939435246,proportion,M10,S_ADAPT,,
VS_S_ADAPT,M01_VS_S_ADAPT,AP75,20,THREE_SEED_MEAN,0.001324908132576269,proportion,M01,S_ADAPT,,
VS_S_ADAPT,M11_VS_S_ADAPT,AP75,20,THREE_SEED_MEAN,0.0025105884091886355,proportion,M11,S_ADAPT,,
FACTORIAL,C_T0,AP75,30,THREE_SEED_MEAN,0.00038411426172454965,proportion,M10,M00,,
FACTORIAL,C_T1,AP75,30,THREE_SEED_MEAN,0.0001881058936722413,proportion,M11,M01,,
FACTORIAL,T_C0,AP75,30,THREE_SEED_MEAN,0.0005633185576562338,proportion,M01,M00,,
FACTORIAL,T_C1,AP75,30,THREE_SEED_MEAN,0.0003673101896039255,proportion,M11,M10,,
FACTORIAL,I,AP75,30,THREE_SEED_MEAN,-0.00019600836805230837,proportion,M11-M10,M01-M00,0,0
VS_S_ADAPT,M00_VS_S_ADAPT,AP75,30,THREE_SEED_MEAN,-0.00024418558454017414,proportion,M00,S_ADAPT,,
VS_S_ADAPT,M10_VS_S_ADAPT,AP75,30,THREE_SEED_MEAN,0.00013992867718437552,proportion,M10,S_ADAPT,,
VS_S_ADAPT,M01_VS_S_ADAPT,AP75,30,THREE_SEED_MEAN,0.0003191329731160597,proportion,M01,S_ADAPT,,
VS_S_ADAPT,M11_VS_S_ADAPT,AP75,30,THREE_SEED_MEAN,0.000507238866788301,proportion,M11,S_ADAPT,,
FACTORIAL,C_T0,AP75,40,THREE_SEED_MEAN,0.000284570340763346,proportion,M10,M00,,
FACTORIAL,C_T1,AP75,40,THREE_SEED_MEAN,0.00006110040127293992,proportion,M11,M01,,
FACTORIAL,T_C0,AP75,40,THREE_SEED_MEAN,0.0002199149104626652,proportion,M01,M00,,
FACTORIAL,T_C1,AP75,40,THREE_SEED_MEAN,-0.0000035550290277408525,proportion,M11,M10,,
FACTORIAL,I,AP75,40,THREE_SEED_MEAN,-0.00022346993949040606,proportion,M11-M10,M01-M00,0,0
VS_S_ADAPT,M00_VS_S_ADAPT,AP75,40,THREE_SEED_MEAN,-0.00018594388839615617,proportion,M00,S_ADAPT,,
VS_S_ADAPT,M10_VS_S_ADAPT,AP75,40,THREE_SEED_MEAN,0.00009862645236718981,proportion,M10,S_ADAPT,,
VS_S_ADAPT,M01_VS_S_ADAPT,AP75,40,THREE_SEED_MEAN,0.00003397102206650904,proportion,M01,S_ADAPT,,
VS_S_ADAPT,M11_VS_S_ADAPT,AP75,40,THREE_SEED_MEAN,0.00009507142333944896,proportion,M11,S_ADAPT,,
FACTORIAL,C_T0,AP75,CORE_10_15_20,THREE_SEED_MEAN,0.0033094955252277736,proportion,M10,M00,,
FACTORIAL,C_T1,AP75,CORE_10_15_20,THREE_SEED_MEAN,0.00258063403696307,proportion,M11,M01,,
FACTORIAL,T_C0,AP75,CORE_10_15_20,THREE_SEED_MEAN,0.001969672691961938,proportion,M01,M00,,
FACTORIAL,T_C1,AP75,CORE_10_15_20,THREE_SEED_MEAN,0.001240811203697234,proportion,M11,M10,,
FACTORIAL,I,AP75,CORE_10_15_20,THREE_SEED_MEAN,-0.0007288614882647038,proportion,M11-M10,M01-M00,0,0
VS_S_ADAPT,M00_VS_S_ADAPT,AP75,CORE_10_15_20,THREE_SEED_MEAN,-0.0003957972264604648,proportion,M00,S_ADAPT,,
VS_S_ADAPT,M10_VS_S_ADAPT,AP75,CORE_10_15_20,THREE_SEED_MEAN,0.002913698298767309,proportion,M10,S_ADAPT,,
VS_S_ADAPT,M01_VS_S_ADAPT,AP75,CORE_10_15_20,THREE_SEED_MEAN,0.001573875465501473,proportion,M01,S_ADAPT,,
VS_S_ADAPT,M11_VS_S_ADAPT,AP75,CORE_10_15_20,THREE_SEED_MEAN,0.004154509502464543,proportion,M11,S_ADAPT,,
FACTORIAL,C_T0,AR100,10,THREE_SEED_MEAN,0.016608199060285544,proportion,M10,M00,,
FACTORIAL,C_T1,AR100,10,THREE_SEED_MEAN,0.014189274965177523,proportion,M11,M01,,
FACTORIAL,T_C0,AR100,10,THREE_SEED_MEAN,0.00635821517393742,proportion,M01,M00,,
FACTORIAL,T_C1,AR100,10,THREE_SEED_MEAN,0.003939291078829399,proportion,M11,M10,,
FACTORIAL,I,AR100,10,THREE_SEED_MEAN,-0.0024189240951080215,proportion,M11-M10,M01-M00,0,0
VS_S_ADAPT,M00_VS_S_ADAPT,AR100,10,THREE_SEED_MEAN,-0.0036593843617122312,proportion,M00,S_ADAPT,,
VS_S_ADAPT,M10_VS_S_ADAPT,AR100,10,THREE_SEED_MEAN,0.012948814698573313,proportion,M10,S_ADAPT,,
VS_S_ADAPT,M01_VS_S_ADAPT,AR100,10,THREE_SEED_MEAN,0.002698830812225189,proportion,M01,S_ADAPT,,
VS_S_ADAPT,M11_VS_S_ADAPT,AR100,10,THREE_SEED_MEAN,0.016888105777402712,proportion,M11,S_ADAPT,,
FACTORIAL,C_T0,AR100,15,THREE_SEED_MEAN,0.011969270216429434,proportion,M10,M00,,
FACTORIAL,C_T1,AR100,15,THREE_SEED_MEAN,0.013205991317920024,proportion,M11,M01,,
FACTORIAL,T_C0,AR100,15,THREE_SEED_MEAN,0.0048558740840027315,proportion,M01,M00,,
FACTORIAL,T_C1,AR100,15,THREE_SEED_MEAN,0.006092595185493321,proportion,M11,M10,,
FACTORIAL,I,AR100,15,THREE_SEED_MEAN,0.0012367211014905899,proportion,M11-M10,M01-M00,0,0
VS_S_ADAPT,M00_VS_S_ADAPT,AR100,15,THREE_SEED_MEAN,-0.0037010715050782572,proportion,M00,S_ADAPT,,
VS_S_ADAPT,M10_VS_S_ADAPT,AR100,15,THREE_SEED_MEAN,0.008268198711351177,proportion,M10,S_ADAPT,,
VS_S_ADAPT,M01_VS_S_ADAPT,AR100,15,THREE_SEED_MEAN,0.0011548025789244742,proportion,M01,S_ADAPT,,
VS_S_ADAPT,M11_VS_S_ADAPT,AR100,15,THREE_SEED_MEAN,0.014360793896844498,proportion,M11,S_ADAPT,,
FACTORIAL,C_T0,AR100,20,THREE_SEED_MEAN,0.011482633819853427,proportion,M10,M00,,
FACTORIAL,C_T1,AR100,20,THREE_SEED_MEAN,0.009503075053733046,proportion,M11,M01,,
FACTORIAL,T_C0,AR100,20,THREE_SEED_MEAN,0.006116850944014707,proportion,M01,M00,,
FACTORIAL,T_C1,AR100,20,THREE_SEED_MEAN,0.004137292177894325,proportion,M11,M10,,
FACTORIAL,I,AR100,20,THREE_SEED_MEAN,-0.0019795587661203817,proportion,M11-M10,M01-M00,0,0
VS_S_ADAPT,M00_VS_S_ADAPT,AR100,20,THREE_SEED_MEAN,-0.003707199177515219,proportion,M00,S_ADAPT,,
VS_S_ADAPT,M10_VS_S_ADAPT,AR100,20,THREE_SEED_MEAN,0.007775434642338208,proportion,M10,S_ADAPT,,
VS_S_ADAPT,M01_VS_S_ADAPT,AR100,20,THREE_SEED_MEAN,0.0024096517664994876,proportion,M01,S_ADAPT,,
VS_S_ADAPT,M11_VS_S_ADAPT,AR100,20,THREE_SEED_MEAN,0.011912726820232533,proportion,M11,S_ADAPT,,
FACTORIAL,C_T0,AR100,30,THREE_SEED_MEAN,0.0060793452662658565,proportion,M10,M00,,
FACTORIAL,C_T1,AR100,30,THREE_SEED_MEAN,0.0056174724149047894,proportion,M11,M01,,
FACTORIAL,T_C0,AR100,30,THREE_SEED_MEAN,0.003462836376196876,proportion,M01,M00,,
FACTORIAL,T_C1,AR100,30,THREE_SEED_MEAN,0.003000963524835809,proportion,M11,M10,,
FACTORIAL,I,AR100,30,THREE_SEED_MEAN,-0.00046187285136106704,proportion,M11-M10,M01-M00,0,0
VS_S_ADAPT,M00_VS_S_ADAPT,AR100,30,THREE_SEED_MEAN,-0.002133094964036575,proportion,M00,S_ADAPT,,
VS_S_ADAPT,M10_VS_S_ADAPT,AR100,30,THREE_SEED_MEAN,0.003946250302229282,proportion,M10,S_ADAPT,,
VS_S_ADAPT,M01_VS_S_ADAPT,AR100,30,THREE_SEED_MEAN,0.0013297414121603013,proportion,M01,S_ADAPT,,
VS_S_ADAPT,M11_VS_S_ADAPT,AR100,30,THREE_SEED_MEAN,0.006947213827065091,proportion,M11,S_ADAPT,,
FACTORIAL,C_T0,AR100,40,THREE_SEED_MEAN,0.0021086766028456383,proportion,M10,M00,,
FACTORIAL,C_T1,AR100,40,THREE_SEED_MEAN,0.0018309945456034815,proportion,M11,M01,,
FACTORIAL,T_C0,AR100,40,THREE_SEED_MEAN,0.0006925426617558905,proportion,M01,M00,,
FACTORIAL,T_C1,AR100,40,THREE_SEED_MEAN,0.00041486060451373374,proportion,M11,M10,,
FACTORIAL,I,AR100,40,THREE_SEED_MEAN,-0.0002776820572421568,proportion,M11-M10,M01-M00,0,0
VS_S_ADAPT,M00_VS_S_ADAPT,AR100,40,THREE_SEED_MEAN,-0.00017176567017301858,proportion,M00,S_ADAPT,,
VS_S_ADAPT,M10_VS_S_ADAPT,AR100,40,THREE_SEED_MEAN,0.0019369109326726197,proportion,M10,S_ADAPT,,
VS_S_ADAPT,M01_VS_S_ADAPT,AR100,40,THREE_SEED_MEAN,0.0005207769915828719,proportion,M01,S_ADAPT,,
VS_S_ADAPT,M11_VS_S_ADAPT,AR100,40,THREE_SEED_MEAN,0.0023517715371863535,proportion,M11,S_ADAPT,,
FACTORIAL,C_T0,AR100,CORE_10_15_20,THREE_SEED_MEAN,0.013353367698856144,proportion,M10,M00,,
FACTORIAL,C_T1,AR100,CORE_10_15_20,THREE_SEED_MEAN,0.012299447112276873,proportion,M11,M01,,
FACTORIAL,T_C0,AR100,CORE_10_15_20,THREE_SEED_MEAN,0.005776980067318277,proportion,M01,M00,,
FACTORIAL,T_C1,AR100,CORE_10_15_20,THREE_SEED_MEAN,0.004723059480739006,proportion,M11,M10,,
FACTORIAL,I,AR100,CORE_10_15_20,THREE_SEED_MEAN,-0.0010539205865792711,proportion,M11-M10,M01-M00,0,0
VS_S_ADAPT,M00_VS_S_ADAPT,AR100,CORE_10_15_20,THREE_SEED_MEAN,-0.0036892183481018748,proportion,M00,S_ADAPT,,
VS_S_ADAPT,M10_VS_S_ADAPT,AR100,CORE_10_15_20,THREE_SEED_MEAN,0.00966414935075427,proportion,M10,S_ADAPT,,
VS_S_ADAPT,M01_VS_S_ADAPT,AR100,CORE_10_15_20,THREE_SEED_MEAN,0.002087761719216402,proportion,M01,S_ADAPT,,
VS_S_ADAPT,M11_VS_S_ADAPT,AR100,CORE_10_15_20,THREE_SEED_MEAN,0.014387208831493276,proportion,M11,S_ADAPT,,
