method,seed,budget,category_id,class_name,GT,images_with_GT,selected_records,coverage,coverage_recall,legacy_TP,precision,recall,F1,AP,AP50,AP75,AR100,variant_id,class_weight_on,multi_threshold_on,source
LEARN_MICRO,530101,10,1,person,2771,631,1825,1331,0.48033201010465537,1331,0.7293150684931506,0.48033201010465537,0.5791993037423847,0.23883060186532423,0.43707077820753015,0.22547090723785604,0.2846986647419705,M00,false,false,REUSED_P1
LEARN_MICRO,530101,10,2,bicycle,244,125,60,42,0.1721311475409836,42,0.7,0.1721311475409836,0.2763157894736842,0.07734901569241621,0.15980507420145024,0.06394430651856395,0.09385245901639346,M00,false,false,REUSED_P1
LEARN_MICRO,530101,10,3,car,20453,1988,13997,11070,0.5412408937564172,11065,0.790526541401729,0.5409964308414413,0.6423802612481857,0.32685191759140675,0.5143724420370864,0.34452487706994367,0.36340879088642253,M00,false,false,REUSED_P1
LEARN_MICRO,530101,10,4,motorcycle,95,66,28,16,0.16842105263157894,16,0.5714285714285714,0.16842105263157894,0.2601626016260163,0.06809970252878131,0.15165651180502668,0.06505954943320419,0.07789473684210527,M00,false,false,REUSED_P1
LEARN_MICRO,530101,10,5,bus,350,258,317,129,0.36857142857142855,129,0.4069400630914827,0.36857142857142855,0.3868065967016492,0.24095550475008637,0.28981109052846354,0.2731344090905584,0.3125714285714286,M00,false,false,REUSED_P1
LEARN_MICRO,530101,10,6,train,6,5,63,0,0,0,0,0,0,0,0,0,0,M00,false,false,REUSED_P1
LEARN_MICRO,530101,10,7,truck,889,540,1126,377,0.42407199100112486,377,0.33481349911190056,0.42407199100112486,0.3741935483870968,0.20007281715998818,0.265131719798134,0.22515948903615954,0.3361079865016873,M00,false,false,REUSED_P1
LEARN_MICRO,530101,10,8,traffic light,5158,1123,2584,1337,0.2592089957347809,1337,0.5174148606811145,0.2592089957347809,0.3453887884267631,0.0683461228579796,0.18368093155699192,0.03974964998698175,0.11436603334625821,M00,false,false,REUSED_P1
LEARN_MICRO,530101,15,1,person,2771,631,2790,1579,0.569830386142187,1578,0.5655913978494623,0.5694695055936485,0.5675238266498832,0.259083591680768,0.48883310141569986,0.23633959446292796,0.32446770119090584,M00,false,false,REUSED_P1
LEARN_MICRO,530101,15,2,bicycle,244,125,121,58,0.23770491803278687,56,0.4628099173553719,0.22950819672131148,0.30684931506849317,0.0897809898973184,0.18955687027695114,0.07470194708767881,0.1221311475409836,M00,false,false,REUSED_P1
LEARN_MICRO,530101,15,3,car,20453,1988,18985,12612,0.6166332567349533,12593,0.6633131419541743,0.6157042976580452,0.6386226482073127,0.3462731671188359,0.562726517442435,0.35444882856344634,0.3971397838947831,M00,false,false,REUSED_P1
LEARN_MICRO,530101,15,4,motorcycle,95,66,60,18,0.18947368421052632,18,0.3,0.18947368421052632,0.23225806451612904,0.07083271706477012,0.15796499385811463,0.06461312797946461,0.08842105263157896,M00,false,false,REUSED_P1
LEARN_MICRO,530101,15,5,bus,350,258,572,168,0.48,168,0.2937062937062937,0.48,0.3644251626898047,0.271868248794163,0.33675181735738113,0.3118013740151752,0.3942857142857143,M00,false,false,REUSED_P1
LEARN_MICRO,530101,15,6,train,6,5,80,0,0,0,0,0,0,0,0,0,0,M00,false,false,REUSED_P1
LEARN_MICRO,530101,15,7,truck,889,540,2458,477,0.5365579302587177,477,0.19406021155410902,0.5365579302587177,0.28503137137735285,0.21719883876116572,0.29098546382826446,0.24437085245056123,0.41417322834645676,M00,false,false,REUSED_P1
LEARN_MICRO,530101,15,8,traffic light,5158,1123,4934,1974,0.3827064753780535,1974,0.4000810701256587,0.3827064753780535,0.39120095124851373,0.08455001259581989,0.242518798588763,0.04448391366049172,0.16345482745250098,M00,false,false,REUSED_P1
LEARN_MICRO,530101,20,1,person,2771,631,3723,1709,0.6167448574521833,1708,0.45876980929358047,0.6163839769036449,0.5260240221743148,0.26835844223301314,0.5141751383907294,0.23919463863040488,0.3471670876939733,M00,false,false,REUSED_P1
LEARN_MICRO,530101,20,2,bicycle,244,125,184,73,0.29918032786885246,71,0.3858695652173913,0.29098360655737704,0.3317757009345794,0.09956655651387125,0.22167746758684606,0.07842907806471978,0.14959016393442623,M00,false,false,REUSED_P1
LEARN_MICRO,530101,20,3,car,20453,1988,23689,13479,0.6590231261917567,13456,0.5680273544683186,0.657898596782868,0.6096687961578542,0.3561538031452143,0.5856143893625768,0.362551476742281,0.4159878746394172,M00,false,false,REUSED_P1
LEARN_MICRO,530101,20,4,motorcycle,95,66,102,22,0.23157894736842105,22,0.21568627450980393,0.23157894736842105,0.2233502538071066,0.07508453459892461,0.17326375294174867,0.06586395927728365,0.10526315789473684,M00,false,false,REUSED_P1
LEARN_MICRO,530101,20,5,bus,350,258,805,192,0.5485714285714286,192,0.23850931677018633,0.5485714285714286,0.33246753246753247,0.2839988470560923,0.3531460529977653,0.32508461827311713,0.44399999999999995,M00,false,false,REUSED_P1
LEARN_MICRO,530101,20,6,train,6,5,92,0,0,0,0,0,0,0,0,0,0,M00,false,false,REUSED_P1
LEARN_MICRO,530101,20,7,truck,889,540,3953,541,0.608548931383577,541,0.13685808246901088,0.608548931383577,0.2234613795952086,0.2232618589746997,0.3014656460988261,0.2508604243959782,0.45826771653543313,M00,false,false,REUSED_P1
LEARN_MICRO,530101,20,8,traffic light,5158,1123,7452,2311,0.44804187669639395,2310,0.30998389694041867,0.44784800310197753,0.366375892149088,0.0897534123055376,0.2619299953719227,0.04635622488521513,0.1870686312524234,M00,false,false,REUSED_P1
LEARN_MICRO,530101,30,1,person,2771,631,5748,1819,0.656441717791411,1818,0.3162839248434238,0.6560808372428726,0.42681065852799627,0.2732908720253635,0.5274348447181089,0.24316783649882553,0.3642367376398412,M00,false,false,REUSED_P1
LEARN_MICRO,530101,30,2,bicycle,244,125,299,86,0.3524590163934426,82,0.27424749163879597,0.3360655737704918,0.30202578268876606,0.10604889430477331,0.23398793579369348,0.08284939269880631,0.17909836065573773,M00,false,false,REUSED_P1
LEARN_MICRO,530101,30,3,car,20453,1988,32871,14498,0.7088446682638244,14471,0.44023607435125184,0.7075245685229551,0.542757482559448,0.3646707907189554,0.6086550361419245,0.3655739264893804,0.43769129223096853,M00,false,false,REUSED_P1
LEARN_MICRO,530101,30,4,motorcycle,95,66,220,27,0.28421052631578947,27,0.12272727272727273,0.28421052631578947,0.17142857142857143,0.08292391238145584,0.18501150172417166,0.07239630776024465,0.15052631578947367,M00,false,false,REUSED_P1
LEARN_MICRO,530101,30,5,bus,350,258,1300,217,0.62,217,0.16692307692307692,0.62,0.263030303030303,0.2934676404287112,0.36825545069337506,0.3359088674211084,0.4965714285714286,M00,false,false,REUSED_P1
LEARN_MICRO,530101,30,6,train,6,5,165,0,0,0,0,0,0,0,0,0,0,M00,false,false,REUSED_P1
LEARN_MICRO,530101,30,7,truck,889,540,6834,618,0.6951631046119235,618,0.09043020193151888,0.6951631046119235,0.1600414346756442,0.22775073342078966,0.3097142496367263,0.2543757796723259,0.5119235095613048,M00,false,false,REUSED_P1
LEARN_MICRO,530101,30,8,traffic light,5158,1123,12563,2669,0.5174486234974797,2668,0.21236965692907744,0.5172547499030632,0.3011116754133514,0.09424360416517268,0.2785629026795185,0.046836435005050026,0.21227219852656062,M00,false,false,REUSED_P1
LEARN_MICRO,530101,40,1,person,2771,631,7967,1858,0.6705160591844099,1857,0.2330864817371658,0.6701551786358715,0.3458744645185323,0.2749405166549788,0.5320555410116363,0.24321195480525137,0.3712378202814869,M00,false,false,REUSED_P1
LEARN_MICRO,530101,40,2,bicycle,244,125,442,97,0.3975409836065574,93,0.21040723981900453,0.38114754098360654,0.2711370262390671,0.10984463449865858,0.24705653738628844,0.08378139086341845,0.1987704918032787,M00,false,false,REUSED_P1
LEARN_MICRO,530101,40,3,car,20453,1988,41689,15001,0.7334376375103897,14973,0.359159490513085,0.7320686451865253,0.48189630201795886,0.36830066210239204,0.6193085249308246,0.36812725292549636,0.44867745562998096,M00,false,false,REUSED_P1
LEARN_MICRO,530101,40,4,motorcycle,95,66,350,31,0.3263157894736842,31,0.08857142857142856,0.3263157894736842,0.1393258426966292,0.0853770058072809,0.18954430862898375,0.07370441798001479,0.17789473684210527,M00,false,false,REUSED_P1
LEARN_MICRO,530101,40,5,bus,350,258,1883,227,0.6485714285714286,227,0.12055231014338821,0.6485714285714286,0.2033139274518585,0.29556923709232463,0.3707731090100399,0.33824592885785826,0.5154285714285713,M00,false,false,REUSED_P1
LEARN_MICRO,530101,40,6,train,6,5,338,0,0,0,0,0,0,0,0,0,0,M00,false,false,REUSED_P1
LEARN_MICRO,530101,40,7,truck,889,540,9704,658,0.7401574803149606,658,0.06780708985985161,0.7401574803149606,0.12423298404606817,0.229676168040123,0.3129901534147702,0.2562306261443135,0.5433070866141733,M00,false,false,REUSED_P1
LEARN_MICRO,530101,40,8,traffic light,5158,1123,17627,2813,0.545366421093447,2812,0.15952799682305555,0.5451725474990307,0.24682905420232612,0.09546972436980167,0.2834768233953966,0.04726981807335678,0.22293524621946492,M00,false,false,REUSED_P1
LEARN_MICRO,530102,10,1,person,2771,631,1805,1331,0.48033201010465537,1331,0.7373961218836566,0.48033201010465537,0.5817307692307693,0.23885006032038816,0.43724797408536437,0.2254330005307087,0.2848069289065319,M00,false,false,REUSED_P1
LEARN_MICRO,530102,10,2,bicycle,244,125,62,44,0.18032786885245902,44,0.7096774193548387,0.18032786885245902,0.28758169934640526,0.08036636021304734,0.16763403085158152,0.06821532185539174,0.10040983606557377,M00,false,false,REUSED_P1
LEARN_MICRO,530102,10,3,car,20453,1988,13995,11072,0.5413386789224075,11068,0.7908538763844231,0.5411431085904268,0.6425917324663261,0.3270931473081002,0.5143437480512967,0.34454569834422016,0.3637657067422872,M00,false,false,REUSED_P1
LEARN_MICRO,530102,10,4,motorcycle,95,66,32,18,0.18947368421052632,18,0.5625,0.18947368421052632,0.28346456692913385,0.0730095872310646,0.1640625497620068,0.06505954943320419,0.08842105263157896,M00,false,false,REUSED_P1
LEARN_MICRO,530102,10,5,bus,350,258,340,134,0.38285714285714284,134,0.3941176470588235,0.38285714285714284,0.38840579710144923,0.24696717018927355,0.3006354222265174,0.2829251590307922,0.32199999999999995,M00,false,false,REUSED_P1
LEARN_MICRO,530102,10,6,train,6,5,65,0,0,0,0,0,0,0,0,0,0,M00,false,false,REUSED_P1
LEARN_MICRO,530102,10,7,truck,889,540,1166,385,0.4330708661417323,385,0.330188679245283,0.4330708661417323,0.3746958637469587,0.20248198274477835,0.26811137114657047,0.22808361122975,0.34443194600674915,M00,false,false,REUSED_P1
LEARN_MICRO,530102,10,8,traffic light,5158,1123,2535,1315,0.25494377665761925,1315,0.5187376725838264,0.25494377665761925,0.34186923176914075,0.06751025116849552,0.18314457302063433,0.03979752086157791,0.11244668476153548,M00,false,false,REUSED_P1
LEARN_MICRO,530102,15,1,person,2771,631,2752,1575,0.5683868639480332,1574,0.5719476744186046,0.5680259833994947,0.5699800832880679,0.2591206029790575,0.48880647825650303,0.23635683660840165,0.3243955250811982,M00,false,false,REUSED_P1
LEARN_MICRO,530102,15,2,bicycle,244,125,120,61,0.25,59,0.49166666666666664,0.24180327868852458,0.3241758241758242,0.09303342204436764,0.20050274166285312,0.0745906109048875,0.1266393442622951,M00,false,false,REUSED_P1
LEARN_MICRO,530102,15,3,car,20453,1988,19033,12643,0.6181489268078033,12628,0.6634792203015815,0.6174155380628759,0.6396191055057489,0.34734086069701386,0.5626752934731801,0.3588783743459401,0.39844032660245443,M00,false,false,REUSED_P1
LEARN_MICRO,530102,15,4,motorcycle,95,66,63,20,0.21052631578947367,20,0.31746031746031744,0.21052631578947367,0.25316455696202533,0.0734200797402878,0.16998527514585424,0.06461312797946461,0.09473684210526316,M00,false,false,REUSED_P1
LEARN_MICRO,530102,15,5,bus,350,258,602,175,0.5,175,0.29069767441860467,0.5,0.3676470588235294,0.2763105266103462,0.34326641460524054,0.31752255054024375,0.40857142857142864,M00,false,false,REUSED_P1
LEARN_MICRO,530102,15,6,train,6,5,84,0,0,0,0,0,0,0,0,0,0,M00,false,false,REUSED_P1
LEARN_MICRO,530102,15,7,truck,889,540,2512,487,0.547806524184477,487,0.19386942675159236,0.547806524184477,0.2863863569538371,0.21876411619892563,0.29281911013407574,0.2458729037462796,0.4228346456692914,M00,false,false,REUSED_P1
LEARN_MICRO,530102,15,8,traffic light,5158,1123,4834,1938,0.37572702597906166,1938,0.4009102192800993,0.37572702597906166,0.38791032826261007,0.08341300810143966,0.238307806227755,0.044437751668657675,0.1591120589375727,M00,false,false,REUSED_P1
LEARN_MICRO,530102,20,1,person,2771,631,3629,1695,0.6116925297726452,1694,0.46679526040231467,0.6113316492241068,0.5293749999999999,0.2679859781478929,0.5138731322427044,0.23918168143520901,0.3452905088415735,M00,false,false,REUSED_P1
LEARN_MICRO,530102,20,2,bicycle,244,125,184,72,0.29508196721311475,70,0.3804347826086957,0.28688524590163933,0.32710280373831774,0.09861975017809929,0.2178416001073235,0.0784111252799077,0.1483606557377049,M00,false,false,REUSED_P1
LEARN_MICRO,530102,20,3,car,20453,1988,23871,13516,0.6608321517625776,13491,0.5651627497800679,0.6596098371876986,0.6087446981319374,0.35612127903877283,0.5855451760005222,0.3625254470581256,0.4168777196499291,M00,false,false,REUSED_P1
LEARN_MICRO,530102,20,4,motorcycle,95,66,113,22,0.23157894736842105,22,0.19469026548672566,0.23157894736842105,0.21153846153846154,0.07547901161821874,0.17308909630082683,0.06696406928828476,0.10842105263157895,M00,false,false,REUSED_P1
LEARN_MICRO,530102,20,5,bus,350,258,845,193,0.5514285714285714,193,0.22840236686390533,0.5514285714285714,0.3230125523012552,0.2846660349812013,0.3545438151420541,0.3268086335400247,0.44685714285714295,M00,false,false,REUSED_P1
LEARN_MICRO,530102,20,6,train,6,5,100,0,0,0,0,0,0,0,0,0,0,M00,false,false,REUSED_P1
LEARN_MICRO,530102,20,7,truck,889,540,4013,542,0.609673790776153,542,0.13506105158235734,0.609673790776153,0.2211342309261526,0.22319276918139702,0.3008548175112667,0.25048725015190615,0.46074240719910015,M00,false,false,REUSED_P1
LEARN_MICRO,530102,20,8,traffic light,5158,1123,7245,2285,0.4430011632415665,2284,0.3152518978605935,0.44280728964715005,0.3682979924211883,0.0897671284582209,0.26179620426138506,0.046364620505772114,0.18545948041876695,M00,false,false,REUSED_P1
LEARN_MICRO,530102,30,1,person,2771,631,5585,1810,0.6531937928545651,1809,0.3239033124440466,0.6528329123060267,0.43298228817616086,0.27325194408399006,0.5273333457363771,0.2431406015487414,0.3628293035005413,M00,false,false,REUSED_P1
LEARN_MICRO,530102,30,2,bicycle,244,125,297,86,0.3524590163934426,82,0.2760942760942761,0.3360655737704918,0.3031423290203327,0.10607685368647417,0.23431671962114395,0.0828150316415413,0.17909836065573775,M00,false,false,REUSED_P1
LEARN_MICRO,530102,30,3,car,20453,1988,33151,14512,0.7095291644257566,14486,0.4369702271424693,0.7082579572678824,0.5404820535780912,0.36462040274132473,0.6085184367305478,0.3655723521269912,0.437969979954041,M00,false,false,REUSED_P1
LEARN_MICRO,530102,30,4,motorcycle,95,66,231,28,0.29473684210526313,28,0.12121212121212122,0.29473684210526313,0.17177914110429449,0.08386719001289909,0.1865516557395732,0.0732542266825798,0.15894736842105264,M00,false,false,REUSED_P1
LEARN_MICRO,530102,30,5,bus,350,258,1337,218,0.6228571428571429,218,0.1630516080777861,0.6228571428571429,0.25844694724362777,0.29381610964015,0.368106826189182,0.33738951222746766,0.4982857142857142,M00,false,false,REUSED_P1
LEARN_MICRO,530102,30,6,train,6,5,193,0,0,0,0,0,0,0,0,0,0,M00,false,false,REUSED_P1
LEARN_MICRO,530102,30,7,truck,889,540,6864,623,0.7007874015748031,623,0.09076340326340326,0.7007874015748031,0.1607119824584032,0.22805459300672545,0.31058255195175266,0.2543003176804064,0.5146231721034871,M00,false,false,REUSED_P1
LEARN_MICRO,530102,30,8,traffic light,5158,1123,12342,2659,0.5155098875533153,2658,0.21536217792902285,0.5153160139588988,0.3037714285714286,0.09422738439131172,0.2785532906264401,0.04679277227954002,0.21085692128732064,M00,false,false,REUSED_P1
LEARN_MICRO,530102,40,1,person,2771,631,7769,1854,0.6690725369902563,1853,0.23851203501094093,0.6687116564417178,0.35161290322580646,0.27471167348270725,0.5297717160599801,0.24321775116380473,0.37047997112955616,M00,false,false,REUSED_P1
LEARN_MICRO,530102,40,2,bicycle,244,125,436,97,0.3975409836065574,93,0.21330275229357798,0.38114754098360654,0.2735294117647059,0.1100840104043901,0.24714402493376764,0.08504088968181109,0.20081967213114754,M00,false,false,REUSED_P1
LEARN_MICRO,530102,40,3,car,20453,1988,41962,15004,0.7335843152593752,14976,0.35689433296792333,0.7322153229355107,0.47988464311463586,0.36827090563837567,0.6192656653314997,0.36811015012248893,0.44867745562998096,M00,false,false,REUSED_P1
LEARN_MICRO,530102,40,4,motorcycle,95,66,352,31,0.3263157894736842,31,0.08806818181818182,0.3263157894736842,0.13870246085011187,0.08542218283533858,0.18962849901612344,0.07373880239495452,0.17789473684210527,M00,false,false,REUSED_P1
LEARN_MICRO,530102,40,5,bus,350,258,1909,227,0.6485714285714286,227,0.11891042430591933,0.6485714285714286,0.20097388224878265,0.29538669190530015,0.37069196949686933,0.3381990843010344,0.5142857142857143,M00,false,false,REUSED_P1
LEARN_MICRO,530102,40,6,train,6,5,398,0,0,0,0,0,0,0,0,0,0,M00,false,false,REUSED_P1
LEARN_MICRO,530102,40,7,truck,889,540,9699,657,0.7390326209223848,657,0.06773894215898546,0.7390326209223848,0.12410275783906308,0.22948458892292303,0.3122206478208053,0.25618074444080324,0.5416197975253094,M00,false,false,REUSED_P1
LEARN_MICRO,530102,40,8,traffic light,5158,1123,17475,2807,0.5442031795269484,2806,0.1605722460658083,0.5440093059325319,0.24795652366014226,0.09546626261763573,0.28346861484573804,0.0472464284298169,0.2221791392012408,M00,false,false,REUSED_P1
LEARN_MICRO,530103,10,1,person,2771,631,1796,1326,0.4785276073619632,1326,0.7383073496659243,0.4785276073619632,0.5806875410553973,0.23759186255162643,0.4301325773108299,0.2255626514881,0.28408516780945503,M00,false,false,REUSED_P1
LEARN_MICRO,530103,10,2,bicycle,244,125,61,42,0.1721311475409836,42,0.6885245901639344,0.1721311475409836,0.2754098360655738,0.07732747964050593,0.15968760482739422,0.06394430651856395,0.09385245901639346,M00,false,false,REUSED_P1
LEARN_MICRO,530103,10,3,car,20453,1988,14055,11087,0.5420720676673348,11082,0.7884738527214514,0.541827604752359,0.6422858467601715,0.3270669056171688,0.5143342999823878,0.3444885318794319,0.36379504229208426,M00,false,false,REUSED_P1
LEARN_MICRO,530103,10,4,motorcycle,95,66,29,16,0.16842105263157894,16,0.5517241379310345,0.16842105263157894,0.25806451612903225,0.06809970252878131,0.15165651180502668,0.06505954943320419,0.07789473684210527,M00,false,false,REUSED_P1
LEARN_MICRO,530103,10,5,bus,350,258,329,133,0.38,133,0.40425531914893614,0.38,0.3917525773195877,0.2448395956484457,0.29953885274864156,0.27758490454924273,0.32,M00,false,false,REUSED_P1
LEARN_MICRO,530103,10,6,train,6,5,63,0,0,0,0,0,0,0,0,0,0,M00,false,false,REUSED_P1
LEARN_MICRO,530103,10,7,truck,889,540,1148,385,0.4330708661417323,385,0.3353658536585366,0.4330708661417323,0.3780068728522337,0.20278525270040854,0.2690100393330218,0.22858598681482695,0.3435320584926884,M00,false,false,REUSED_P1
LEARN_MICRO,530103,10,8,traffic light,5158,1123,2519,1303,0.2526172935246219,1303,0.5172687574434299,0.2526172935246219,0.33945551647779076,0.06758991609591379,0.1833094218576313,0.039797835425808774,0.11244668476153545,M00,false,false,REUSED_P1
LEARN_MICRO,530103,15,1,person,2771,631,2718,1568,0.5658607001082642,1567,0.5765268579838116,0.5654998195597257,0.5709601020222262,0.25891067116357586,0.48883060499982844,0.23300774567890767,0.32316853121616745,M00,false,false,REUSED_P1
LEARN_MICRO,530103,15,2,bicycle,244,125,125,62,0.2540983606557377,60,0.48,0.2459016393442623,0.32520325203252026,0.09285115905415917,0.20020047518555711,0.07455889874259372,0.1266393442622951,M00,false,false,REUSED_P1
LEARN_MICRO,530103,15,3,car,20453,1988,19073,12655,0.6187356378037452,12635,0.6624547790069732,0.617757786143842,0.6393260132570967,0.34732740256461253,0.5626883191423865,0.35882086418500375,0.3979122867061067,M00,false,false,REUSED_P1
LEARN_MICRO,530103,15,4,motorcycle,95,66,61,20,0.21052631578947367,20,0.32786885245901637,0.21052631578947367,0.2564102564102564,0.07327487693824328,0.16968447976019324,0.06452145214521451,0.09473684210526316,M00,false,false,REUSED_P1
LEARN_MICRO,530103,15,5,bus,350,258,582,173,0.4942857142857143,173,0.2972508591065292,0.4942857142857143,0.371244635193133,0.27620631372557936,0.3407283037331453,0.3183123297022306,0.40857142857142864,M00,false,false,REUSED_P1
LEARN_MICRO,530103,15,6,train,6,5,83,0,0,0,0,0,0,0,0,0,0,M00,false,false,REUSED_P1
LEARN_MICRO,530103,15,7,truck,889,540,2559,487,0.547806524184477,487,0.19030871434153968,0.547806524184477,0.28248259860788866,0.21878372283923284,0.29295510581228174,0.2457341762063843,0.4215973003374579,M00,false,false,REUSED_P1
LEARN_MICRO,530103,15,8,traffic light,5158,1123,4799,1947,0.3774718883288096,1947,0.4057095228172536,0.3774718883288096,0.3910816510997288,0.0838374100807254,0.23875409605165424,0.04450075483641008,0.16058549825513765,M00,false,false,REUSED_P1
LEARN_MICRO,530103,20,1,person,2771,631,3640,1692,0.61060988812703,1691,0.4645604395604396,0.6102490075784915,0.5275308064264546,0.2679520838094572,0.5138687936909075,0.2392508029980562,0.34485745218332736,M00,false,false,REUSED_P1
LEARN_MICRO,530103,20,2,bicycle,244,125,190,75,0.3073770491803279,73,0.38421052631578945,0.29918032786885246,0.33640552995391704,0.09995166497745757,0.2223892195530496,0.07841346798117246,0.15204918032786888,M00,false,false,REUSED_P1
LEARN_MICRO,530103,20,3,car,20453,1988,23868,13519,0.6609788295115631,13495,0.5654013742249037,0.6598054075196793,0.6089664041876313,0.35614147830948867,0.5856374874060276,0.3625217250020774,0.41663325673495333,M00,false,false,REUSED_P1
LEARN_MICRO,530103,20,4,motorcycle,95,66,103,22,0.23157894736842105,22,0.21359223300970873,0.23157894736842105,0.22222222222222224,0.07515558505911098,0.17344920550974258,0.06588710595197451,0.10526315789473684,M00,false,false,REUSED_P1
LEARN_MICRO,530103,20,5,bus,350,258,821,191,0.5457142857142857,191,0.23264311814859928,0.5457142857142857,0.3262169086251067,0.28374604944510406,0.3526531254618488,0.327306288012965,0.4434285714285714,M00,false,false,REUSED_P1
LEARN_MICRO,530103,20,6,train,6,5,96,0,0,0,0,0,0,0,0,0,0,M00,false,false,REUSED_P1
LEARN_MICRO,530103,20,7,truck,889,540,4014,537,0.6040494938132733,537,0.13378176382660686,0.6040494938132733,0.21904956149296348,0.22266143300157462,0.30068905043079514,0.2502727847072071,0.4572553430821148,M00,false,false,REUSED_P1
LEARN_MICRO,530103,20,8,traffic light,5158,1123,7268,2296,0.4451337727801473,2295,0.315767749036874,0.4449398991857309,0.36938676967648476,0.08976728828000892,0.2619548712078207,0.04634698539317332,0.1864094610314075,M00,false,false,REUSED_P1
LEARN_MICRO,530103,30,1,person,2771,631,5710,1816,0.6553590761457957,1815,0.3178633975481611,0.6549981955972574,0.42801556420233466,0.2732794458009469,0.527430578106296,0.24316532152371303,0.3638036809815951,M00,false,false,REUSED_P1
LEARN_MICRO,530103,30,2,bicycle,244,125,310,85,0.3483606557377049,81,0.26129032258064516,0.3319672131147541,0.2924187725631769,0.1059784791988794,0.23357949242508164,0.08280251141822668,0.17950819672131146,M00,false,false,REUSED_P1
LEARN_MICRO,530103,30,3,car,20453,1988,33046,14516,0.7097247347577372,14488,0.43841917327361857,0.7083557424338728,0.5416176003289781,0.36466313453589955,0.6086539358553654,0.365577565730665,0.4379993155038381,M00,false,false,REUSED_P1
LEARN_MICRO,530103,30,4,motorcycle,95,66,229,27,0.28421052631578947,27,0.11790393013100436,0.28421052631578947,0.16666666666666666,0.08293173403716549,0.18501150172417166,0.07241063399109106,0.15052631578947367,M00,false,false,REUSED_P1
LEARN_MICRO,530103,30,5,bus,350,258,1324,218,0.6228571428571429,218,0.1646525679758308,0.6228571428571429,0.26045400238948624,0.29379056793987823,0.3680648507130373,0.33725730536300264,0.49857142857142855,M00,false,false,REUSED_P1
LEARN_MICRO,530103,30,6,train,6,5,179,0,0,0,0,0,0,0,0,0,0,M00,false,false,REUSED_P1
LEARN_MICRO,530103,30,7,truck,889,540,6905,622,0.6996625421822272,622,0.09007965242577842,0.6996625421822272,0.15960995637670003,0.2279429044184283,0.30988637135320923,0.25445682044481144,0.5139482564679414,M00,false,false,REUSED_P1
LEARN_MICRO,530103,30,8,traffic light,5158,1123,12297,2664,0.5164792555253974,2663,0.216556883792795,0.516285381930981,0.3051274706387854,0.09425595795961872,0.27856139082429976,0.046814265736015506,0.21159364094610314,M00,false,false,REUSED_P1
LEARN_MICRO,530103,40,1,person,2771,631,7924,1854,0.6690725369902563,1853,0.23384654215042908,0.6687116564417178,0.34651706404862087,0.2747049385320369,0.5297439476095779,0.24321220771120106,0.37087693973294844,M00,false,false,REUSED_P1
LEARN_MICRO,530103,40,2,bicycle,244,125,449,97,0.3975409836065574,93,0.2071269487750557,0.38114754098360654,0.2683982683982684,0.10983289191451023,0.24700064703133393,0.08377582123267202,0.1987704918032787,M00,false,false,REUSED_P1
LEARN_MICRO,530103,40,3,car,20453,1988,41812,15013,0.7340243485063316,14984,0.35836601932459583,0.732606463599472,0.4812976792740705,0.36830415492205304,0.6193919989051498,0.36810416557546416,0.4487361267295752,M00,false,false,REUSED_P1
LEARN_MICRO,530103,40,4,motorcycle,95,66,357,31,0.3263157894736842,31,0.08683473389355742,0.3263157894736842,0.13716814159292035,0.08540012970306107,0.18959065336907502,0.07372864902884727,0.17789473684210527,M00,false,false,REUSED_P1
LEARN_MICRO,530103,40,5,bus,350,258,1906,229,0.6542857142857142,229,0.12014690451206715,0.6542857142857142,0.20301418439716312,0.29616477142749226,0.37206736867564894,0.33939820236650975,0.5188571428571429,M00,false,false,REUSED_P1
LEARN_MICRO,530103,40,6,train,6,5,396,0,0,0,0,0,0,0,0,0,0,M00,false,false,REUSED_P1
LEARN_MICRO,530103,40,7,truck,889,540,9737,660,0.7424071991001124,660,0.06778268460511451,0.7424071991001124,0.12422360248447205,0.2297276980888764,0.31298316248776453,0.2567866176009657,0.5443194600674917,M00,false,false,REUSED_P1
LEARN_MICRO,530103,40,8,traffic light,5158,1123,17419,2811,0.5449786739046142,2810,0.1613181009242781,0.5447848003101977,0.2489258980378261,0.0954746421730566,0.2834914988344786,0.047246614397708664,0.22243117487398217,M00,false,false,REUSED_P1
LEARN_QUALITY,530101,10,1,person,2771,631,2136,1435,0.5178635871526525,1435,0.6718164794007491,0.5178635871526525,0.5848787446504993,0.24712711093485662,0.4580167515129809,0.2292930365337103,0.3012991699747384,M11,true,true,REUSED_P1
LEARN_QUALITY,530101,10,2,bicycle,244,125,95,52,0.21311475409836064,52,0.5473684210526316,0.21311475409836064,0.30678466076696165,0.08837450861968521,0.18577650748020447,0.07488910789525334,0.11762295081967214,M11,true,true,REUSED_P1
LEARN_QUALITY,530101,10,3,car,20453,1988,13053,10495,0.5131276585342004,10490,0.8036466712633111,0.5128831956192246,0.6261565092819197,0.31842051648411956,0.4898698400144305,0.3388959656545639,0.3532880262064245,M11,true,true,REUSED_P1
LEARN_QUALITY,530101,10,4,motorcycle,95,66,38,17,0.17894736842105263,17,0.4473684210526316,0.17894736842105263,0.2556390977443609,0.071307135901607,0.15201039997898994,0.06493399339933993,0.08736842105263158,M11,true,true,REUSED_P1
LEARN_QUALITY,530101,10,5,bus,350,258,452,162,0.46285714285714286,162,0.3584070796460177,0.46285714285714286,0.40399002493765584,0.2702000553481744,0.33295486837389404,0.3101150371727862,0.38485714285714284,M11,true,true,REUSED_P1
LEARN_QUALITY,530101,10,6,train,6,5,68,0,0,0,0,0,0,0,0,0,0,M11,true,true,REUSED_P1
LEARN_QUALITY,530101,10,7,truck,889,540,1457,439,0.4938132733408324,439,0.3013040494166095,0.4938132733408324,0.3742540494458653,0.21497545650253255,0.28823302552115143,0.24265364089821198,0.38425196850393706,M11,true,true,REUSED_P1
LEARN_QUALITY,530101,10,8,traffic light,5158,1123,2701,1374,0.26638231872818924,1374,0.508700481303221,0.26638231872818924,0.3496628069728973,0.06985109478852533,0.18869933898160696,0.04195356197721231,0.11940674680108569,M11,true,true,REUSED_P1
LEARN_QUALITY,530101,15,1,person,2771,631,3253,1663,0.6001443522194154,1662,0.510913003381494,0.599783471670877,0.5517928286852589,0.26641342796543044,0.5049643924501812,0.2393026382666355,0.34059906171057386,M11,true,true,REUSED_P1
LEARN_QUALITY,530101,15,2,bicycle,244,125,187,74,0.30327868852459017,70,0.37433155080213903,0.28688524590163933,0.32482598607888635,0.09931686703945596,0.21827912803796887,0.07839641674509829,0.15081967213114753,M11,true,true,REUSED_P1
LEARN_QUALITY,530101,15,3,car,20453,1988,17747,12193,0.5961472644599815,12179,0.6862568321406435,0.5954627682980492,0.6376439790575915,0.34318991311652,0.5492469036057057,0.35462263694195484,0.3908717547548037,M11,true,true,REUSED_P1
LEARN_QUALITY,530101,15,4,motorcycle,95,66,78,23,0.24210526315789474,23,0.2948717948717949,0.24210526315789474,0.2658959537572254,0.080378456597413,0.1804137524288951,0.0677039132484677,0.12,M11,true,true,REUSED_P1
LEARN_QUALITY,530101,15,5,bus,350,258,765,191,0.5457142857142857,191,0.2496732026143791,0.5457142857142857,0.34260089686098655,0.2839209357403438,0.3540123359440327,0.32544487736802047,0.4411428571428571,M11,true,true,REUSED_P1
LEARN_QUALITY,530101,15,6,train,6,5,77,0,0,0,0,0,0,0,0,0,0,M11,true,true,REUSED_P1
LEARN_QUALITY,530101,15,7,truck,889,540,2835,527,0.592800899887514,527,0.18589065255731924,0.592800899887514,0.2830290010741139,0.223800540086103,0.30262928228498825,0.25094469870042674,0.4509561304836895,M11,true,true,REUSED_P1
LEARN_QUALITY,530101,15,8,traffic light,5158,1123,5058,2003,0.3883288096161303,2003,0.3960063266113088,0.3883288096161303,0.39212999216914646,0.08519547741749608,0.24255964651483922,0.04577103256480067,0.16595579682047304,M11,true,true,REUSED_P1
LEARN_QUALITY,530101,20,1,person,2771,631,4333,1765,0.6369541681703356,1764,0.407108239095315,0.6365932876217972,0.4966216216216217,0.27140031572791057,0.5217386379578054,0.2416003302222429,0.35561169252977265,M11,true,true,REUSED_P1
LEARN_QUALITY,530101,20,2,bicycle,244,125,255,82,0.3360655737704918,78,0.3058823529411765,0.319672131147541,0.31262525050100204,0.105321257949873,0.22847377943293962,0.08157412561434091,0.17418032786885246,M11,true,true,REUSED_P1
LEARN_QUALITY,530101,20,3,car,20453,1988,22209,13122,0.6415684740624847,13101,0.5898959881129272,0.6405417298195863,0.6141765505602175,0.3540822880333141,0.5798483590115728,0.3626840369842337,0.4100620935804039,M11,true,true,REUSED_P1
LEARN_QUALITY,530101,20,4,motorcycle,95,66,145,25,0.2631578947368421,25,0.1724137931034483,0.2631578947368421,0.20833333333333334,0.08191983048036744,0.18156047941888243,0.07193923352078227,0.14,M11,true,true,REUSED_P1
LEARN_QUALITY,530101,20,5,bus,350,258,1012,203,0.58,203,0.20059288537549408,0.58,0.2980910425844347,0.28775448653508684,0.36149704570866187,0.3287577863987176,0.4631428571428572,M11,true,true,REUSED_P1
LEARN_QUALITY,530101,20,6,train,6,5,96,0,0,0,0,0,0,0,0,0,0,M11,true,true,REUSED_P1
LEARN_QUALITY,530101,20,7,truck,889,540,4426,582,0.6546681664791901,582,0.13149570718481698,0.6546681664791901,0.21900282220131703,0.22693267866298925,0.30794854728173904,0.2538956463692546,0.4896512935883014,M11,true,true,REUSED_P1
LEARN_QUALITY,530101,20,8,traffic light,5158,1123,7524,2335,0.45269484296238854,2335,0.31034024455077086,0.45269484296238854,0.36823844819429113,0.09060264964291558,0.2648532188489697,0.0463458419385966,0.18943388910430398,M11,true,true,REUSED_P1
LEARN_QUALITY,530101,30,1,person,2771,631,6245,1839,0.6636593287621797,1838,0.2943154523618895,0.6632984482136413,0.4077196095829636,0.2747512742697841,0.53043212625398,0.24327712702163795,0.3680259833994948,M11,true,true,REUSED_P1
LEARN_QUALITY,530101,30,2,bicycle,244,125,377,94,0.38524590163934425,90,0.23872679045092837,0.36885245901639346,0.2898550724637682,0.10992473558947344,0.24205087666841246,0.08535164392954976,0.19959016393442622,M11,true,true,REUSED_P1
LEARN_QUALITY,530101,30,3,car,20453,1988,31641,14315,0.6998973255757102,14286,0.45150279700388735,0.6984794406688505,0.5484700733289822,0.363177377159637,0.6040388619776498,0.36558464652454176,0.434928861291742,M11,true,true,REUSED_P1
LEARN_QUALITY,530101,30,4,motorcycle,95,66,263,29,0.30526315789473685,29,0.11026615969581749,0.30526315789473685,0.16201117318435757,0.08470741982811664,0.1875589752098008,0.07382633008768688,0.1694736842105263,M11,true,true,REUSED_P1
LEARN_QUALITY,530101,30,5,bus,350,258,1524,224,0.64,224,0.14698162729658792,0.64,0.23906083244397014,0.29522944118014344,0.3709611856504864,0.3384009464160335,0.5097142857142857,M11,true,true,REUSED_P1
LEARN_QUALITY,530101,30,6,train,6,5,160,0,0,0,0,0,0,0,0,0,0,M11,true,true,REUSED_P1
LEARN_QUALITY,530101,30,7,truck,889,540,7430,643,0.7232845894263217,643,0.08654104979811575,0.7232845894263217,0.15458588772689025,0.22922744624810062,0.3122105794002027,0.25578183031567336,0.530933633295838,M11,true,true,REUSED_P1
LEARN_QUALITY,530101,30,8,traffic light,5158,1123,12360,2681,0.5197751066304769,2680,0.2168284789644013,0.5195812330360605,0.30597100125585114,0.09440172946429125,0.2786363666297515,0.04685141502993463,0.2137650252035673,M11,true,true,REUSED_P1
LEARN_QUALITY,530101,40,1,person,2771,631,8260,1862,0.6719595813785637,1861,0.22530266343825667,0.6715987008300253,0.337412745897924,0.275137227533174,0.5320825475468399,0.2432028838560181,0.3719234933237099,M11,true,true,REUSED_P1
LEARN_QUALITY,530101,40,2,bicycle,244,125,483,97,0.3975409836065574,93,0.19254658385093168,0.38114754098360654,0.2558459422283356,0.1100132198574419,0.246896289673126,0.08498907647371828,0.2012295081967213,M11,true,true,REUSED_P1
LEARN_QUALITY,530101,40,3,car,20453,1988,40918,14942,0.7305529751136752,14914,0.36448506769636835,0.7291839827898108,0.48602760261361233,0.36792411550831394,0.6156326580207013,0.3681122452483954,0.44790495281865744,M11,true,true,REUSED_P1
LEARN_QUALITY,530101,40,4,motorcycle,95,66,385,31,0.3263157894736842,31,0.08051948051948052,0.3263157894736842,0.12916666666666665,0.08529160244084967,0.1893957030642373,0.07365279261357704,0.17789473684210527,M11,true,true,REUSED_P1
LEARN_QUALITY,530101,40,5,bus,350,258,2029,230,0.6571428571428571,230,0.11335633316904879,0.6571428571428571,0.19335855401429172,0.2961809959717327,0.37177902379719757,0.33925104353529906,0.5228571428571429,M11,true,true,REUSED_P1
LEARN_QUALITY,530101,40,6,train,6,5,350,0,0,0,0,0,0,0,0,0,0,M11,true,true,REUSED_P1
LEARN_QUALITY,530101,40,7,truck,889,540,10177,671,0.7547806524184477,671,0.06593298614522944,0.7547806524184477,0.12127236580516898,0.2303248884672186,0.31356300332661896,0.25732866307442775,0.5551181102362205,M11,true,true,REUSED_P1
LEARN_QUALITY,530101,40,8,traffic light,5158,1123,17398,2815,0.54575416828228,2814,0.16174272904931603,0.5455602946878635,0.24951232488029793,0.09545919818907614,0.283436803571431,0.047264258623905014,0.2230321830166731,M11,true,true,REUSED_P1
LEARN_QUALITY,530102,10,1,person,2771,631,2118,1431,0.5164200649584988,1431,0.6756373937677054,0.5164200649584988,0.5853957864593986,0.24714643519403556,0.45803414054852465,0.2293119523756702,0.30068567304222305,M11,true,true,REUSED_P1
LEARN_QUALITY,530102,10,2,bicycle,244,125,97,54,0.22131147540983606,53,0.5463917525773195,0.21721311475409835,0.31085043988269795,0.08839230253522733,0.18636649506115935,0.07485289737764986,0.1180327868852459,M11,true,true,REUSED_P1
LEARN_QUALITY,530102,10,3,car,20453,1988,12960,10468,0.5118075587933311,10462,0.8072530864197531,0.5115142032953601,0.6262233262502619,0.3185142249454741,0.49001974251261116,0.3389858445208524,0.35297022441695597,M11,true,true,REUSED_P1
LEARN_QUALITY,530102,10,4,motorcycle,95,66,44,18,0.18947368421052632,18,0.4090909090909091,0.18947368421052632,0.2589928057553957,0.07328699832149904,0.15571144158950306,0.06690290081639742,0.09578947368421054,M11,true,true,REUSED_P1
LEARN_QUALITY,530102,10,5,bus,350,258,502,168,0.48,168,0.3346613545816733,0.48,0.39436619718309857,0.2739999140784962,0.33876790967993164,0.31649825240607127,0.39771428571428574,M11,true,true,REUSED_P1
LEARN_QUALITY,530102,10,6,train,6,5,70,0,0,0,0,0,0,0,0,0,0,M11,true,true,REUSED_P1
LEARN_QUALITY,530102,10,7,truck,889,540,1580,450,0.5061867266591676,450,0.2848101265822785,0.5061867266591676,0.3645200486026731,0.21595613613909911,0.2892435503258621,0.2413921667289081,0.3925759280089988,M11,true,true,REUSED_P1
LEARN_QUALITY,530102,10,8,traffic light,5158,1123,2629,1346,0.26095385808452887,1346,0.5119817421072651,0.26095385808452887,0.3457043790933607,0.06953976804538319,0.18900518541231454,0.041914683768874694,0.11673129119813881,M11,true,true,REUSED_P1
LEARN_QUALITY,530102,15,1,person,2771,631,3210,1646,0.594009382894262,1645,0.5124610591900312,0.5936485023457235,0.5500752382544725,0.26481623710090263,0.5046067798577852,0.23923872812413163,0.33706243233489713,M11,true,true,REUSED_P1
LEARN_QUALITY,530102,15,2,bicycle,244,125,197,72,0.29508196721311475,69,0.350253807106599,0.2827868852459016,0.31292517006802717,0.10013949864965607,0.2171343463564124,0.07822623869359982,0.15204918032786885,M11,true,true,REUSED_P1
LEARN_QUALITY,530102,15,3,car,20453,1988,17691,12166,0.5948271647191121,12152,0.6869029450002826,0.5941426685571799,0.6371644295302014,0.3425968079143336,0.5491145313350791,0.3545716376525347,0.3900014667774899,M11,true,true,REUSED_P1
LEARN_QUALITY,530102,15,4,motorcycle,95,66,95,23,0.24210526315789474,23,0.24210526315789474,0.24210526315789474,0.24210526315789474,0.08066682137554915,0.1789394306790139,0.07048563078937303,0.12631578947368421,M11,true,true,REUSED_P1
LEARN_QUALITY,530102,15,5,bus,350,258,827,194,0.5542857142857143,194,0.23458282950423218,0.5542857142857143,0.3296516567544605,0.2850815769681829,0.35504925428740824,0.32728057242085007,0.45,M11,true,true,REUSED_P1
LEARN_QUALITY,530102,15,6,train,6,5,80,0,0,0,0,0,0,0,0,0,0,M11,true,true,REUSED_P1
LEARN_QUALITY,530102,15,7,truck,889,540,3014,533,0.5995500562429696,533,0.17684140676841406,0.5995500562429696,0.2731232385344607,0.22378801610631668,0.3017866208698073,0.2504758408727688,0.4543307086614172,M11,true,true,REUSED_P1
LEARN_QUALITY,530102,15,8,traffic light,5158,1123,4886,1951,0.3782473827064754,1951,0.3993041342611543,0.3782473827064754,0.3884906411788132,0.08366790136563061,0.2381222617507621,0.04452578513762955,0.16205893757270257,M11,true,true,REUSED_P1
LEARN_QUALITY,530102,20,1,person,2771,631,4262,1747,0.6304583182966438,1746,0.4096668230877522,0.6300974377481053,0.49651642257926915,0.2713970467116551,0.5214748716094694,0.24167346612387974,0.3539877300613497,M11,true,true,REUSED_P1
LEARN_QUALITY,530102,20,2,bicycle,244,125,263,82,0.3360655737704918,78,0.2965779467680608,0.319672131147541,0.3076923076923077,0.10489509340434938,0.22848776130931137,0.08144119672778272,0.1737704918032787,M11,true,true,REUSED_P1
LEARN_QUALITY,530102,20,3,car,20453,1988,22224,13115,0.6412262259815186,13094,0.5891828653707704,0.6401994817386203,0.613632635846006,0.35401337418173806,0.579684805135258,0.3626189035812959,0.4101989928127903,M11,true,true,REUSED_P1
LEARN_QUALITY,530102,20,4,motorcycle,95,66,158,25,0.2631578947368421,25,0.15822784810126583,0.2631578947368421,0.1976284584980237,0.08168616764733548,0.1811664974029669,0.07171235742215708,0.14,M11,true,true,REUSED_P1
LEARN_QUALITY,530102,20,5,bus,350,258,1089,211,0.6028571428571429,211,0.19375573921028466,0.6028571428571429,0.29325920778318276,0.29067327745063326,0.3649725904811865,0.33255663465086105,0.4797142857142857,M11,true,true,REUSED_P1
LEARN_QUALITY,530102,20,6,train,6,5,104,0,0,0,0,0,0,0,0,0,0,M11,true,true,REUSED_P1
LEARN_QUALITY,530102,20,7,truck,889,540,4659,597,0.671541057367829,597,0.12813908564069543,0.671541057367829,0.21521268925739004,0.22829943348910095,0.3102701136729458,0.25507283729895264,0.5005624296962881,M11,true,true,REUSED_P1
LEARN_QUALITY,530102,20,8,traffic light,5158,1123,7241,2297,0.4453276463745638,2297,0.3172213782626709,0.4453276463745638,0.3705137511089604,0.08975400246126936,0.26185904609611976,0.046380874073318444,0.1866614967041489,M11,true,true,REUSED_P1
LEARN_QUALITY,530102,30,1,person,2771,631,6160,1835,0.662215806568026,1834,0.29772727272727273,0.6618549260194876,0.4107042884335461,0.2747312984628185,0.5304557548019827,0.24327760284775493,0.36715987008300255,M11,true,true,REUSED_P1
LEARN_QUALITY,530102,30,2,bicycle,244,125,398,95,0.38934426229508196,91,0.228643216080402,0.3729508196721312,0.28348909657320875,0.10986388362331036,0.24567546194278994,0.08408125807965688,0.1975409836065574,M11,true,true,REUSED_P1
LEARN_QUALITY,530102,30,3,car,20453,1988,31755,14336,0.7009240698186086,14308,0.45057471264367815,0.699555077494744,0.5481152313821637,0.3630249522756428,0.6040037337350029,0.36561618345696023,0.435344448247201,M11,true,true,REUSED_P1
LEARN_QUALITY,530102,30,4,motorcycle,95,66,274,30,0.3157894736842105,30,0.10948905109489052,0.3157894736842105,0.1626016260162602,0.0851027554365739,0.1887441370303176,0.07375960578313058,0.1736842105263158,M11,true,true,REUSED_P1
LEARN_QUALITY,530102,30,5,bus,350,258,1581,225,0.6428571428571429,225,0.14231499051233396,0.6428571428571429,0.23303987571206625,0.2953304445563608,0.3709222891850932,0.3383733139769338,0.5117142857142858,M11,true,true,REUSED_P1
LEARN_QUALITY,530102,30,6,train,6,5,183,0,0,0,0,0,0,0,0,0,0,M11,true,true,REUSED_P1
LEARN_QUALITY,530102,30,7,truck,889,540,7529,643,0.7232845894263217,643,0.0854031079824678,0.7232845894263217,0.15276787835590402,0.22918616264493652,0.31209748904115936,0.2558497248169511,0.5308211473565804,M11,true,true,REUSED_P1
LEARN_QUALITY,530102,30,8,traffic light,5158,1123,12120,2678,0.5191934858472276,2677,0.22087458745874589,0.5189996122528112,0.30987382798935065,0.09439464585709792,0.2786402758029403,0.04684337526750738,0.2132027917797596,M11,true,true,REUSED_P1
LEARN_QUALITY,530102,40,1,person,2771,631,8125,1860,0.6712378202814868,1859,0.2288,0.6708769397329484,0.34122613803230545,0.27515113688862775,0.532112281491082,0.24320445223875664,0.3714182605557561,M11,true,true,REUSED_P1
LEARN_QUALITY,530102,40,2,bicycle,244,125,494,97,0.3975409836065574,93,0.1882591093117409,0.38114754098360654,0.2520325203252033,0.10999282246250972,0.2468363104729987,0.08497741654212713,0.2012295081967213,M11,true,true,REUSED_P1
LEARN_QUALITY,530102,40,3,car,20453,1988,41059,14944,0.7306507602796656,14917,0.36330646143354683,0.7293306605387962,0.485011054753544,0.36791485022509307,0.615617965040512,0.3681139047948154,0.4479685131765511,M11,true,true,REUSED_P1
LEARN_QUALITY,530102,40,4,motorcycle,95,66,397,31,0.3263157894736842,31,0.07808564231738035,0.3263157894736842,0.12601626016260162,0.08528823445288046,0.1893891790981881,0.0736498870737659,0.17789473684210527,M11,true,true,REUSED_P1
LEARN_QUALITY,530102,40,5,bus,350,258,2086,230,0.6571428571428571,230,0.11025886864813039,0.6571428571428571,0.18883415435139572,0.29617257504108574,0.371760505946709,0.33923715454100534,0.5222857142857144,M11,true,true,REUSED_P1
LEARN_QUALITY,530102,40,6,train,6,5,380,0,0,0,0,0,0,0,0,0,0,M11,true,true,REUSED_P1
LEARN_QUALITY,530102,40,7,truck,889,540,10246,672,0.7559055118110236,672,0.06558657036892446,0.7559055118110236,0.12070049393803323,0.2302299054903068,0.3135128852503023,0.25728459847800406,0.5547806524184477,M11,true,true,REUSED_P1
LEARN_QUALITY,530102,40,8,traffic light,5158,1123,17213,2806,0.5440093059325319,2805,0.16295822924533782,0.5438154323381156,0.25077108756872735,0.09546441903733917,0.2834505532903643,0.04725766308956203,0.2223148507173323,M11,true,true,REUSED_P1
LEARN_QUALITY,530103,10,1,person,2771,631,2100,1425,0.5142547816672681,1425,0.6785714285714286,0.5142547816672681,0.585095462943954,0.24656600087823774,0.4581840224252886,0.22928760106516125,0.29938650306748466,M11,true,true,REUSED_P1
LEARN_QUALITY,530103,10,2,bicycle,244,125,99,55,0.22540983606557377,54,0.5454545454545454,0.22131147540983606,0.314868804664723,0.0899325386459532,0.19205469964880867,0.0746899756800747,0.11926229508196722,M11,true,true,REUSED_P1
LEARN_QUALITY,530103,10,3,car,20453,1988,13069,10523,0.5144966508580648,10517,0.804728747417553,0.5142032953600939,0.6274685281307798,0.3200058702114168,0.4900238749398806,0.33893196315330326,0.35389918349386396,M11,true,true,REUSED_P1
LEARN_QUALITY,530103,10,4,motorcycle,95,66,45,18,0.18947368421052632,18,0.4,0.18947368421052632,0.2571428571428571,0.0711365289754782,0.15898705255140896,0.06461312797946461,0.08842105263157896,M11,true,true,REUSED_P1
LEARN_QUALITY,530103,10,5,bus,350,258,479,167,0.47714285714285715,167,0.348643006263048,0.47714285714285715,0.40289505428226774,0.274518302344617,0.33629045955870956,0.31761221408453083,0.39771428571428574,M11,true,true,REUSED_P1
LEARN_QUALITY,530103,10,6,train,6,5,70,0,0,0,0,0,0,0,0,0,0,M11,true,true,REUSED_P1
LEARN_QUALITY,530103,10,7,truck,889,540,1522,450,0.5061867266591676,450,0.2956636005256242,0.5061867266591676,0.3732890916632103,0.21694004890471588,0.2908183954171991,0.24251082371803018,0.3914510686164229,M11,true,true,REUSED_P1
LEARN_QUALITY,530103,10,8,traffic light,5158,1123,2616,1322,0.2563008918185343,1322,0.5053516819571865,0.2563008918185343,0.3401080524826344,0.06854946059902342,0.18298666822365373,0.04182515475739883,0.1151996898022489,M11,true,true,REUSED_P1
LEARN_QUALITY,530103,15,1,person,2771,631,3241,1651,0.5958137856369542,1650,0.5091021289725394,0.5954529050884158,0.5489021956087825,0.2652872707333435,0.5048655445647566,0.23929272307260405,0.3380728978708048,M11,true,true,REUSED_P1
LEARN_QUALITY,530103,15,2,bicycle,244,125,204,73,0.29918032786885246,69,0.3382352941176471,0.2827868852459016,0.3080357142857143,0.09835271086844494,0.21670261449288597,0.07804920603519423,0.14795081967213114,M11,true,true,REUSED_P1
LEARN_QUALITY,530103,15,3,car,20453,1988,17792,12216,0.5972717938688701,12201,0.6857576438848921,0.5965384051239427,0.6380441887828475,0.3431809370568655,0.5492463229926974,0.3546146759579908,0.3911308854446781,M11,true,true,REUSED_P1
LEARN_QUALITY,530103,15,4,motorcycle,95,66,90,24,0.25263157894736843,24,0.26666666666666666,0.25263157894736843,0.2594594594594594,0.08128187822466708,0.181473992044755,0.07015039315362899,0.13052631578947368,M11,true,true,REUSED_P1
LEARN_QUALITY,530103,15,5,bus,350,258,788,194,0.5542857142857143,194,0.24619289340101522,0.5542857142857143,0.3409490333919156,0.2856754522856549,0.35648318171432225,0.3279062830963698,0.4477142857142857,M11,true,true,REUSED_P1
LEARN_QUALITY,530103,15,6,train,6,5,76,0,0,0,0,0,0,0,0,0,0,M11,true,true,REUSED_P1
LEARN_QUALITY,530103,15,7,truck,889,540,2969,531,0.5973003374578177,531,0.1788480970023577,0.5973003374578177,0.27527216174183516,0.22413116003017444,0.3018864422936522,0.25213417817650063,0.45433070866141734,M11,true,true,REUSED_P1
LEARN_QUALITY,530103,15,8,traffic light,5158,1123,4840,1965,0.38096161302830556,1965,0.4059917355371901,0.38096161302830556,0.3930786157231447,0.08477687797831476,0.24272998641556484,0.04585690253079321,0.1636099263280341,M11,true,true,REUSED_P1
LEARN_QUALITY,530103,20,1,person,2771,631,4291,1750,0.6315409599422591,1749,0.4075972966674435,0.6311800793937207,0.4953271028037384,0.27129640734690913,0.5214227963710041,0.24160279063701456,0.35409599422591126,M11,true,true,REUSED_P1
LEARN_QUALITY,530103,20,2,bicycle,244,125,268,83,0.3401639344262295,79,0.2947761194029851,0.3237704918032787,0.30859375,0.10506598200378592,0.23164361175012393,0.0812108110141601,0.1725409836065574,M11,true,true,REUSED_P1
LEARN_QUALITY,530103,20,3,car,20453,1988,22374,13156,0.6432308218843201,13132,0.5869312594976311,0.6420573998924363,0.6132579914539893,0.3540656560951175,0.5798403468658312,0.36265763031793735,0.41075147900063563,M11,true,true,REUSED_P1
LEARN_QUALITY,530103,20,4,motorcycle,95,66,154,25,0.2631578947368421,25,0.16233766233766234,0.2631578947368421,0.20080321285140562,0.08176582616920519,0.18132742596792853,0.07176244256908695,0.14,M11,true,true,REUSED_P1
LEARN_QUALITY,530103,20,5,bus,350,258,1046,206,0.5885714285714285,206,0.19694072657743786,0.5885714285714285,0.2951289398280802,0.2896107501199376,0.36101265668133176,0.3326381494921933,0.47400000000000003,M11,true,true,REUSED_P1
LEARN_QUALITY,530103,20,6,train,6,5,94,0,0,0,0,0,0,0,0,0,0,M11,true,true,REUSED_P1
LEARN_QUALITY,530103,20,7,truck,889,540,4515,588,0.6614173228346457,588,0.13023255813953488,0.6614173228346457,0.21761658031088082,0.22747553073123136,0.3090705237291543,0.2537448775558865,0.4941507311586051,M11,true,true,REUSED_P1
LEARN_QUALITY,530103,20,8,traffic light,5158,1123,7258,2315,0.4488173710740597,2315,0.31895839074125104,0.4488173710740597,0.3729059278350516,0.09005894372599246,0.26237995157689686,0.046390439310379755,0.18761147731678945,M11,true,true,REUSED_P1
LEARN_QUALITY,530103,30,1,person,2771,631,6224,1840,0.6640202093107181,1839,0.29546915167095117,0.6636593287621797,0.40889382990550305,0.2747836598865051,0.530491030183452,0.2433555281664355,0.36845904005774094,M11,true,true,REUSED_P1
LEARN_QUALITY,530103,30,2,bicycle,244,125,410,95,0.38934426229508196,91,0.22195121951219512,0.3729508196721312,0.2782874617737003,0.10980303758360757,0.24552550037759996,0.08405357760304902,0.19795081967213116,M11,true,true,REUSED_P1
LEARN_QUALITY,530103,30,3,car,20453,1988,31770,14337,0.7009729624016037,14309,0.450393452943028,0.6996039700777392,0.5479960936752005,0.36321968558280326,0.6041294319128654,0.3656483331735555,0.4358089277856549,M11,true,true,REUSED_P1
LEARN_QUALITY,530103,30,4,motorcycle,95,66,271,30,0.3157894736842105,30,0.11070110701107011,0.3157894736842105,0.1639344262295082,0.08506535033139741,0.18868037504167684,0.07372626157842561,0.1736842105263158,M11,true,true,REUSED_P1
LEARN_QUALITY,530103,30,5,bus,350,258,1529,225,0.6428571428571429,225,0.1471550032701112,0.6428571428571429,0.23948908994145823,0.2956252551142708,0.3711708816824352,0.33854934376507956,0.5125714285714286,M11,true,true,REUSED_P1
LEARN_QUALITY,530103,30,6,train,6,5,180,0,0,0,0,0,0,0,0,0,0,M11,true,true,REUSED_P1
LEARN_QUALITY,530103,30,7,truck,889,540,7489,644,0.7244094488188977,644,0.08599278942448925,0.7244094488188977,0.15373597517307233,0.2291136037331335,0.3121664705684962,0.25582846535148446,0.5312710911136109,M11,true,true,REUSED_P1
LEARN_QUALITY,530103,30,8,traffic light,5158,1123,12127,2679,0.519387359441644,2678,0.22082955388801848,0.5191934858472276,0.309864043968759,0.09432880225207779,0.27876492119660196,0.04685545758043428,0.21316401706087632,M11,true,true,REUSED_P1
LEARN_QUALITY,530103,40,1,person,2771,631,8268,1861,0.6715987008300253,1860,0.22496371552975328,0.6712378202814868,0.3369870459280732,0.27513972916184654,0.5320761747612164,0.2432032140124759,0.37170696499458683,M11,true,true,REUSED_P1
LEARN_QUALITY,530103,40,2,bicycle,244,125,491,97,0.3975409836065574,93,0.1894093686354379,0.38114754098360654,0.25306122448979596,0.11000178815819951,0.24686125548419077,0.08498352032712062,0.2012295081967213,M11,true,true,REUSED_P1
LEARN_QUALITY,530103,40,3,car,20453,1988,41030,14960,0.7314330416075882,14933,0.36395320497197176,0.7301129418667188,0.4857602914626808,0.36828830052234984,0.6192606277625367,0.36811866837112495,0.4481934190583289,M11,true,true,REUSED_P1
LEARN_QUALITY,530103,40,4,motorcycle,95,66,399,31,0.3263157894736842,31,0.07769423558897243,0.3263157894736842,0.12550607287449392,0.08528602441044765,0.18938322159249965,0.0736498870737659,0.17789473684210527,M11,true,true,REUSED_P1
LEARN_QUALITY,530103,40,5,bus,350,258,2040,229,0.6542857142857142,229,0.11225490196078432,0.6542857142857142,0.19163179916317993,0.29608049732646113,0.37178905859698674,0.33925832156338853,0.5211428571428571,M11,true,true,REUSED_P1
LEARN_QUALITY,530103,40,6,train,6,5,388,0,0,0,0,0,0,0,0,0,0,M11,true,true,REUSED_P1
LEARN_QUALITY,530103,40,7,truck,889,540,10310,672,0.7559055118110236,672,0.06517943743937925,0.7559055118110236,0.12001071524243237,0.23029486611157204,0.3135026646523885,0.2572889025345398,0.5555680539932508,M11,true,true,REUSED_P1
LEARN_QUALITY,530103,40,8,traffic light,5158,1123,17074,2817,0.5461419154711128,2815,0.16487056342977627,0.54575416828228,0.2532385750269881,0.09549265228073679,0.2835673203553801,0.047273331513653705,0.22307095773555644,M11,true,true,REUSED_P1
S_ADAPT,-1,10,1,person,2771,631,1830,1314,0.474197040779502,1314,0.7180327868852459,0.474197040779502,0.5711801782221256,0.2360052885632116,0.42897249430410134,0.22072425816143657,0.28303861421869364,BASELINE,false,false,REUSED_P1
S_ADAPT,-1,10,2,bicycle,244,125,63,44,0.18032786885245902,44,0.6984126984126984,0.18032786885245902,0.28664495114006516,0.08208784480889676,0.16829071488040157,0.06826473856176828,0.10204918032786885,BASELINE,false,false,REUSED_P1
S_ADAPT,-1,10,3,car,20453,1988,13515,10627,0.5195814794895615,10620,0.7857935627081021,0.5192392314085953,0.6252943947244465,0.3191788991215324,0.4889845762223092,0.3383298892303067,0.35466190778858847,BASELINE,false,false,REUSED_P1
S_ADAPT,-1,10,4,motorcycle,95,66,38,16,0.16842105263157894,16,0.42105263157894735,0.16842105263157894,0.24060150375939848,0.06677387401537033,0.14763227453967118,0.06452145214521451,0.07789473684210527,BASELINE,false,false,REUSED_P1
S_ADAPT,-1,10,5,bus,350,258,358,141,0.40285714285714286,141,0.39385474860335196,0.40285714285714286,0.3983050847457627,0.2543317144238837,0.30894203674143805,0.2919257403806901,0.34,BASELINE,false,false,REUSED_P1
S_ADAPT,-1,10,6,train,6,5,65,0,0,0,0,0,0,0,0,0,0,BASELINE,false,false,REUSED_P1
S_ADAPT,-1,10,7,truck,889,540,1545,403,0.453318335208099,403,0.2608414239482201,0.453318335208099,0.3311421528348398,0.2053317356621455,0.27130306436180496,0.23107047576228235,0.36130483689538806,BASELINE,false,false,REUSED_P1
S_ADAPT,-1,10,8,traffic light,5158,1123,2586,1273,0.24680108569212872,1273,0.4922660479505027,0.24680108569212872,0.3287706611570248,0.06569374729138458,0.17612352373218748,0.03968848201618704,0.1085886002326483,BASELINE,false,false,REUSED_P1
S_ADAPT,-1,15,1,person,2771,631,2757,1561,0.5633345362684952,1560,0.5658324265505985,0.5629736557199567,0.5643994211287988,0.25826972338771625,0.487843531196575,0.2363054785445822,0.3229520028870444,BASELINE,false,false,REUSED_P1
S_ADAPT,-1,15,2,bicycle,244,125,134,64,0.26229508196721313,61,0.4552238805970149,0.25,0.32275132275132273,0.09352362726989581,0.2046180049968533,0.07417087702582272,0.130327868852459,BASELINE,false,false,REUSED_P1
S_ADAPT,-1,15,3,car,20453,1988,18271,12210,0.5969784383708991,12194,0.6673964205571671,0.5961961570429766,0.6297903109182935,0.34266841989482555,0.5480178062150273,0.35427993922087614,0.3902752652422628,BASELINE,false,false,REUSED_P1
S_ADAPT,-1,15,4,motorcycle,95,66,76,21,0.22105263157894736,21,0.27631578947368424,0.22105263157894736,0.2456140350877193,0.07593237384869583,0.17040494524936506,0.06581994265000271,0.10736842105263159,BASELINE,false,false,REUSED_P1
S_ADAPT,-1,15,5,bus,350,258,611,173,0.4942857142857143,173,0.28314238952536824,0.4942857142857143,0.36004162330905304,0.2762811256135658,0.3390880941236343,0.31703196506420595,0.4128571428571428,BASELINE,false,false,REUSED_P1
S_ADAPT,-1,15,6,train,6,5,87,0,0,0,0,0,0,0,0,0,0,BASELINE,false,false,REUSED_P1
S_ADAPT,-1,15,7,truck,889,540,3147,497,0.5590551181102362,497,0.1579281855735621,0.5590551181102362,0.2462834489593657,0.21903447278643548,0.2926292235356272,0.2462935690289215,0.43205849268841395,BASELINE,false,false,REUSED_P1
S_ADAPT,-1,15,8,traffic light,5158,1123,4917,1926,0.3734005428460644,1926,0.39170225747406956,0.3734005428460644,0.382332506203474,0.08244367721705656,0.23680489205124017,0.04430264192634303,0.15777433113609923,BASELINE,false,false,REUSED_P1
S_ADAPT,-1,20,1,person,2771,631,3781,1686,0.6084446048357993,1685,0.445649299127215,0.6080837242872609,0.5143467643467643,0.26702503769604796,0.5078881013203981,0.23911828950836087,0.34370263442800436,BASELINE,false,false,REUSED_P1
S_ADAPT,-1,20,2,bicycle,244,125,196,73,0.29918032786885246,70,0.35714285714285715,0.28688524590163933,0.3181818181818182,0.09820130139037403,0.21705892529967147,0.07634769045184617,0.14631147540983605,BASELINE,false,false,REUSED_P1
S_ADAPT,-1,20,3,car,20453,1988,22786,13078,0.6394172004106977,13054,0.5728956376722549,0.6382437784188139,0.6038067485372002,0.35220076233720055,0.5728550351399408,0.35855608037704534,0.4085806483156505,BASELINE,false,false,REUSED_P1
S_ADAPT,-1,20,4,motorcycle,95,66,145,25,0.2631578947368421,25,0.1724137931034483,0.2631578947368421,0.20833333333333334,0.0807980975570096,0.18069203937637068,0.07056914470173158,0.13473684210526318,BASELINE,false,false,REUSED_P1
S_ADAPT,-1,20,5,bus,350,258,880,194,0.5542857142857143,194,0.22045454545454546,0.5542857142857143,0.3154471544715447,0.2852609126574515,0.354163685561318,0.32853348249016473,0.45285714285714285,BASELINE,false,false,REUSED_P1
S_ADAPT,-1,20,6,train,6,5,124,0,0,0,0,0,0,0,0,0,0,BASELINE,false,false,REUSED_P1
S_ADAPT,-1,20,7,truck,889,540,4644,552,0.6209223847019123,552,0.11886304909560723,0.6209223847019123,0.19953009217422735,0.22376062387149032,0.3020885480004226,0.25092048524294686,0.4697412823397076,BASELINE,false,false,REUSED_P1
S_ADAPT,-1,20,8,traffic light,5158,1123,7444,2259,0.43796044978673904,2258,0.3033315421816228,0.4377665761923226,0.35835581653705767,0.08864146207099981,0.2573798435439109,0.04529025722875348,0.18214424195424583,BASELINE,false,false,REUSED_P1
S_ADAPT,-1,30,1,person,2771,631,5980,1815,0.6549981955972574,1814,0.30334448160535116,0.6546373150487189,0.4145811907210605,0.2730921410641784,0.5267491838368978,0.24319397762109762,0.3640923854204258,BASELINE,false,false,REUSED_P1
S_ADAPT,-1,30,2,bicycle,244,125,335,90,0.36885245901639346,86,0.25671641791044775,0.3524590163934426,0.2970639032815198,0.10775569275285009,0.24016814404054593,0.08395260339376914,0.18729508196721312,BASELINE,false,false,REUSED_P1
S_ADAPT,-1,30,3,car,20453,1988,31687,14203,0.6944213562802523,14175,0.44734433679426894,0.6930523639563878,0.5437284234752588,0.3627891918964407,0.6033783700522719,0.3655132603317634,0.432767809123356,BASELINE,false,false,REUSED_P1
S_ADAPT,-1,30,4,motorcycle,95,66,259,28,0.29473684210526313,28,0.10810810810810811,0.29473684210526313,0.1581920903954802,0.08384070612784185,0.18608210809718378,0.07297289629776521,0.16105263157894736,BASELINE,false,false,REUSED_P1
S_ADAPT,-1,30,5,bus,350,258,1393,219,0.6257142857142857,219,0.15721464465183058,0.6257142857142857,0.2512908777969019,0.2935259677664421,0.3676863628003364,0.33691672453250526,0.4997142857142857,BASELINE,false,false,REUSED_P1
S_ADAPT,-1,30,6,train,6,5,209,0,0,0,0,0,0,0,0,0,0,BASELINE,false,false,REUSED_P1
S_ADAPT,-1,30,7,truck,889,540,7440,627,0.7052868391451068,627,0.0842741935483871,0.7052868391451068,0.1505582903109617,0.22788507859736168,0.30988213653462165,0.25492472945529604,0.5186726659167604,BASELINE,false,false,REUSED_P1
S_ADAPT,-1,30,8,traffic light,5158,1123,12697,2648,0.5133772780147344,2647,0.20847444278175947,0.513183404420318,0.29649957994959397,0.09405758848139985,0.27781734835290617,0.046765221024302854,0.21043039937960453,BASELINE,false,false,REUSED_P1
S_ADAPT,-1,40,1,person,2771,631,8134,1857,0.6701551786358715,1856,0.2281780181952299,0.669794298087333,0.3403943145346171,0.27464447749944493,0.5296323598860704,0.24318976309224716,0.3709130277878023,BASELINE,false,false,REUSED_P1
S_ADAPT,-1,40,2,bicycle,244,125,449,95,0.38934426229508196,91,0.2026726057906459,0.3729508196721312,0.2626262626262627,0.10977220917343866,0.24477636035886838,0.08496056215672504,0.2,BASELINE,false,false,REUSED_P1
S_ADAPT,-1,40,3,car,20453,1988,40792,14848,0.7259570723121302,14822,0.36335555991370855,0.7246858651542561,0.48402318556616875,0.3671653695593534,0.6153806559300101,0.36809067365693304,0.4461839338972278,BASELINE,false,false,REUSED_P1
S_ADAPT,-1,40,4,motorcycle,95,66,399,31,0.3263157894736842,31,0.07769423558897243,0.3263157894736842,0.12550607287449392,0.08527331997490571,0.1893489748532127,0.0736498870737659,0.17789473684210527,BASELINE,false,false,REUSED_P1
S_ADAPT,-1,40,5,bus,350,258,1926,228,0.6514285714285715,228,0.11838006230529595,0.6514285714285715,0.20035149384885764,0.29585764070877385,0.37175580272595343,0.3391778032729315,0.518,BASELINE,false,false,REUSED_P1
S_ADAPT,-1,40,6,train,6,5,366,0,0,0,0,0,0,0,0,0,0,BASELINE,false,false,REUSED_P1
S_ADAPT,-1,40,7,truck,889,540,10093,659,0.7412823397075365,659,0.06529277717229763,0.7412823397075365,0.12001456929521034,0.22959476691506542,0.3127561813557412,0.25668697581492006,0.5448818897637795,BASELINE,false,false,REUSED_P1
S_ADAPT,-1,40,8,traffic light,5158,1123,17841,2809,0.5445909267157814,2807,0.1573342301440502,0.5442031795269484,0.2440975694595417,0.09541941380146318,0.2832995999216473,0.047251058738910674,0.22219852656068242,BASELINE,false,false,REUSED_P1
LEARN_CLASS50,530101,10,1,person,2771,631,2155,1455,0.5250811981234211,1455,0.6751740139211136,0.5250811981234211,0.5907429963459196,0.2497265957677511,0.46535929943355175,0.22945677889508803,0.30393359797906894,M10,true,false,NEW_P1A
LEARN_CLASS50,530101,10,2,bicycle,244,125,91,51,0.20901639344262296,51,0.5604395604395604,0.20901639344262296,0.3044776119402985,0.08800891760093595,0.1806297768110211,0.07514089949972093,0.11680327868852458,M10,true,false,NEW_P1A
LEARN_CLASS50,530101,10,3,car,20453,1988,13009,10525,0.5145944360240552,10519,0.808594050272888,0.5143010805260841,0.6287131671747057,0.31754929715832014,0.49035450677586456,0.33881077245147284,0.3512980980785215,M10,true,false,NEW_P1A
LEARN_CLASS50,530101,10,4,motorcycle,95,66,39,17,0.17894736842105263,17,0.4358974358974359,0.17894736842105263,0.2537313432835821,0.07096808221936252,0.15114060856635114,0.06481848184818483,0.08736842105263158,M10,true,false,NEW_P1A
LEARN_CLASS50,530101,10,5,bus,350,258,405,153,0.43714285714285717,153,0.37777777777777777,0.43714285714285717,0.4052980132450331,0.26291136937345466,0.3216957236852802,0.29920842132681763,0.36314285714285716,M10,true,false,NEW_P1A
LEARN_CLASS50,530101,10,6,train,6,5,66,0,0,0,0,0,0,0,0,0,0,M10,true,false,NEW_P1A
LEARN_CLASS50,530101,10,7,truck,889,540,1310,420,0.47244094488188976,420,0.32061068702290074,0.47244094488188976,0.38199181446111874,0.21132573470195415,0.28310944566072926,0.23832913670286762,0.369066366704162,M10,true,false,NEW_P1A
LEARN_CLASS50,530101,10,8,traffic light,5158,1123,2925,1494,0.28964715005816205,1494,0.5107692307692308,0.28964715005816205,0.36966472844241,0.07290268804776519,0.19995083136222663,0.04163903071555968,0.12644435827840245,M10,true,false,NEW_P1A
LEARN_CLASS50,530101,15,1,person,2771,631,3246,1661,0.5994225911223385,1660,0.5113986444855206,0.5990617105738001,0.5517699850423798,0.265751757288627,0.5051199795810959,0.23914870182488757,0.3390111872970047,M10,true,false,NEW_P1A
LEARN_CLASS50,530101,15,2,bicycle,244,125,177,71,0.29098360655737704,69,0.3898305084745763,0.2827868852459016,0.327790973871734,0.09708049492560666,0.2178868165967805,0.07849039576395177,0.1426229508196721,M10,true,false,NEW_P1A
LEARN_CLASS50,530101,15,3,car,20453,1988,17841,12260,0.5994230675206571,12246,0.6863965024382042,0.5987385713587249,0.6395780017757351,0.3425577890559644,0.5492617429693797,0.35436636900615975,0.39000635603578937,M10,true,false,NEW_P1A
LEARN_CLASS50,530101,15,4,motorcycle,95,66,73,23,0.24210526315789474,23,0.3150684931506849,0.24210526315789474,0.2738095238095238,0.07953464800700964,0.18226106531665737,0.06794871794871796,0.11578947368421053,M10,true,false,NEW_P1A
LEARN_CLASS50,530101,15,5,bus,350,258,692,184,0.5257142857142857,184,0.2658959537572254,0.5257142857142857,0.3531669865642994,0.280171756450806,0.3486411711398508,0.3228476919411396,0.4248571428571428,M10,true,false,NEW_P1A
LEARN_CLASS50,530101,15,6,train,6,5,78,0,0,0,0,0,0,0,0,0,0,M10,true,false,NEW_P1A
LEARN_CLASS50,530101,15,7,truck,889,540,2626,509,0.5725534308211474,509,0.19383092155369383,0.5725534308211474,0.2896159317211949,0.22211214182076558,0.29991218618134224,0.2501971135665266,0.4368953880764904,M10,true,false,NEW_P1A
LEARN_CLASS50,530101,15,8,traffic light,5158,1123,5267,2057,0.39879798371461805,2057,0.3905449022213784,0.39879798371461805,0.3946282973621103,0.08617989284034902,0.2468426822844461,0.04572587143219155,0.16899961225281118,M10,true,false,NEW_P1A
LEARN_CLASS50,530101,20,1,person,2771,631,4273,1755,0.6333453626849512,1754,0.4104844371635853,0.6329844821364129,0.49801249290176036,0.27102244825552757,0.5217120238814085,0.24147380828486995,0.3536629375676651,M10,true,false,NEW_P1A
LEARN_CLASS50,530101,20,2,bicycle,244,125,240,81,0.3319672131147541,77,0.32083333333333336,0.3155737704918033,0.3181818181818182,0.1034698780549935,0.22868895132530997,0.07966135424943191,0.16475409836065574,M10,true,false,NEW_P1A
LEARN_CLASS50,530101,20,3,car,20453,1988,22345,13186,0.6446975993741749,13166,0.5892145893936004,0.6437197477142718,0.6152623954390393,0.35322998235102576,0.5800147415136119,0.3587285368211868,0.41005720432210435,M10,true,false,NEW_P1A
LEARN_CLASS50,530101,20,4,motorcycle,95,66,131,25,0.2631578947368421,25,0.19083969465648856,0.2631578947368421,0.22123893805309733,0.08165919596987681,0.18244105690363852,0.07078098255721543,0.13684210526315793,M10,true,false,NEW_P1A
LEARN_CLASS50,530101,20,5,bus,350,258,944,201,0.5742857142857143,201,0.2129237288135593,0.5742857142857143,0.3106646058732612,0.2865747425991953,0.3596272579434802,0.32689676872449286,0.45685714285714285,M10,true,false,NEW_P1A
LEARN_CLASS50,530101,20,6,train,6,5,91,0,0,0,0,0,0,0,0,0,0,M10,true,false,NEW_P1A
LEARN_CLASS50,530101,20,7,truck,889,540,4187,567,0.6377952755905512,567,0.13541915452591355,0.6377952755905512,0.22340425531914893,0.22569801653666882,0.30549168149600897,0.2529113206391469,0.4777277840269966,M10,true,false,NEW_P1A
LEARN_CLASS50,530101,20,8,traffic light,5158,1123,7789,2373,0.46006203955021324,2373,0.3046604185389652,0.46006203955021324,0.366571406503437,0.0911453491180787,0.267992822169463,0.04633655379519138,0.1920511826289259,M10,true,false,NEW_P1A
LEARN_CLASS50,530101,30,1,person,2771,631,6152,1838,0.6632984482136413,1837,0.29860208062418725,0.6629375676651028,0.4117449288355934,0.2746753097527046,0.53044107532151,0.24314327957968154,0.3677011909058102,M10,true,false,NEW_P1A
LEARN_CLASS50,530101,30,2,bicycle,244,125,367,91,0.3729508196721312,87,0.23705722070844687,0.35655737704918034,0.2847790507364975,0.10838110137605082,0.23908378651492884,0.08416204006500427,0.1930327868852459,M10,true,false,NEW_P1A
LEARN_CLASS50,530101,30,3,car,20453,1988,31595,14348,0.7015107808145504,14321,0.45326792213957906,0.7001906810736811,0.5502997233323087,0.36351223105834496,0.6087155761342209,0.36554006545217493,0.43474306947636043,M10,true,false,NEW_P1A
LEARN_CLASS50,530101,30,4,motorcycle,95,66,246,28,0.29473684210526313,28,0.11382113821138211,0.29473684210526313,0.16422287390029325,0.08364655860529832,0.18617692512696107,0.07302465675682113,0.15894736842105264,M10,true,false,NEW_P1A
LEARN_CLASS50,530101,30,5,bus,350,258,1454,222,0.6342857142857142,222,0.15268225584594222,0.6342857142857142,0.24611973392461195,0.29463251073346225,0.36969363097366287,0.3372218591902,0.5057142857142858,M10,true,false,NEW_P1A
LEARN_CLASS50,530101,30,6,train,6,5,148,0,0,0,0,0,0,0,0,0,0,M10,true,false,NEW_P1A
LEARN_CLASS50,530101,30,7,truck,889,540,7184,638,0.7176602924634421,638,0.08880846325167038,0.7176602924634421,0.15805772327511458,0.22884003613454762,0.3114865621452864,0.25515611815122907,0.5257592800899887,M10,true,false,NEW_P1A
LEARN_CLASS50,530101,30,8,traffic light,5158,1123,12854,2690,0.5215199689802249,2689,0.20919558114205694,0.5213260953858084,0.2985787252942483,0.09456574444260614,0.2805895959679708,0.04683271757491784,0.21413338503295853,M10,true,false,NEW_P1A
LEARN_CLASS50,530101,40,1,person,2771,631,8273,1861,0.6715987008300253,1860,0.22482775293122204,0.6712378202814868,0.33683448026077506,0.2751455102247568,0.5320892666322609,0.2432065998728704,0.37174305304944066,M10,true,false,NEW_P1A
LEARN_CLASS50,530101,40,2,bicycle,244,125,479,97,0.3975409836065574,93,0.1941544885177453,0.38114754098360654,0.2572614107883818,0.10997951440372089,0.24681139818536346,0.084966035065825,0.2012295081967213,M10,true,false,NEW_P1A
LEARN_CLASS50,530101,40,3,car,20453,1988,40768,14953,0.731090793526622,14926,0.36612048665620095,0.7297706937857527,0.487610460462913,0.36795051977466353,0.6157156253934808,0.36813673831849497,0.4476507113870826,M10,true,false,NEW_P1A
LEARN_CLASS50,530101,40,4,motorcycle,95,66,382,31,0.3263157894736842,31,0.08115183246073299,0.3263157894736842,0.129979035639413,0.08531600829772905,0.18944039319968556,0.07366689149824364,0.17789473684210527,M10,true,false,NEW_P1A
LEARN_CLASS50,530101,40,5,bus,350,258,1991,231,0.66,231,0.11602209944751381,0.66,0.19735155916275093,0.29640443456352467,0.3731259105059735,0.34038704345060555,0.5225714285714286,M10,true,false,NEW_P1A
LEARN_CLASS50,530101,40,6,train,6,5,362,0,0,0,0,0,0,0,0,0,0,M10,true,false,NEW_P1A
LEARN_CLASS50,530101,40,7,truck,889,540,9953,667,0.750281214848144,667,0.06701497036069527,0.750281214848144,0.12304002951484967,0.230017941149454,0.31364994191430956,0.2567906358070599,0.5489313835770528,M10,true,false,NEW_P1A
LEARN_CLASS50,530101,40,8,traffic light,5158,1123,17792,2828,0.5482745250096936,2827,0.1588916366906475,0.5480806514152773,0.24636165577342045,0.09561562811255521,0.28352806109421846,0.047265028123023876,0.2239433889104304,M10,true,false,NEW_P1A
LEARN_CLASS50,530102,10,1,person,2771,631,2114,1443,0.5207506315409599,1443,0.6825922421948912,0.5207506315409599,0.5907881269191402,0.24875575844856707,0.465581662549513,0.22962586728245796,0.3026705160591844,M10,true,false,NEW_P1A
LEARN_CLASS50,530102,10,2,bicycle,244,125,94,53,0.21721311475409835,53,0.5638297872340425,0.21721311475409835,0.3136094674556213,0.08839230253522733,0.18636649506115935,0.07485289737764986,0.1180327868852459,M10,true,false,NEW_P1A
LEARN_CLASS50,530102,10,3,car,20453,1988,13019,10537,0.5151811470199971,10532,0.8089715031876488,0.5149366841050212,0.629302103250478,0.3184018478534266,0.4904627338312041,0.33890495862668657,0.3520021512736518,M10,true,false,NEW_P1A
LEARN_CLASS50,530102,10,4,motorcycle,95,66,41,17,0.17894736842105263,17,0.4146341463414634,0.17894736842105263,0.24999999999999994,0.07086104448856242,0.15088065979155088,0.06481848184818483,0.08736842105263158,M10,true,false,NEW_P1A
LEARN_CLASS50,530102,10,5,bus,350,258,436,159,0.4542857142857143,159,0.3646788990825688,0.4542857142857143,0.40458015267175573,0.26774567809670136,0.329791080190013,0.3069564095416261,0.37657142857142856,M10,true,false,NEW_P1A
LEARN_CLASS50,530102,10,6,train,6,5,66,0,0,0,0,0,0,0,0,0,0,M10,true,false,NEW_P1A
LEARN_CLASS50,530102,10,7,truck,889,540,1383,433,0.4870641169853768,433,0.31308749096167754,0.4870641169853768,0.381161971830986,0.21411693127078285,0.2860631985251652,0.24054025018861766,0.3793025871766029,M10,true,false,NEW_P1A
LEARN_CLASS50,530102,10,8,traffic light,5158,1123,2847,1449,0.2809228383094223,1449,0.5089567966280295,0.2809228383094223,0.3620237351655216,0.07202833543094257,0.1995467910624682,0.04168986383596387,0.12291585886002325,M10,true,false,NEW_P1A
LEARN_CLASS50,530102,15,1,person,2771,631,3166,1657,0.5979790689281848,1656,0.5230574857864814,0.5976181883796463,0.5578575037897928,0.26543882157325843,0.5051737817667827,0.23919220514434594,0.3379646337062433,M10,true,false,NEW_P1A
LEARN_CLASS50,530102,15,2,bicycle,244,125,182,70,0.28688524590163933,68,0.37362637362637363,0.2786885245901639,0.3192488262910798,0.09683067648389972,0.21413424063800174,0.07825946983233589,0.1426229508196721,M10,true,false,NEW_P1A
LEARN_CLASS50,530102,15,3,car,20453,1988,17900,12285,0.6006453820955361,12273,0.6856424581005587,0.6000586710995942,0.6400020858863714,0.3432522585369539,0.5560520651608284,0.35443906823331356,0.3908962010463013,M10,true,false,NEW_P1A
LEARN_CLASS50,530102,15,4,motorcycle,95,66,78,21,0.22105263157894736,21,0.2692307692307692,0.22105263157894736,0.24277456647398846,0.07490694065481901,0.1717471860308203,0.06593587930221594,0.10315789473684212,M10,true,false,NEW_P1A
LEARN_CLASS50,530102,15,5,bus,350,258,728,186,0.5314285714285715,186,0.2554945054945055,0.5314285714285715,0.34508348794063076,0.28129095586867503,0.35103055919504733,0.3227242253007911,0.4291428571428571,M10,true,false,NEW_P1A
LEARN_CLASS50,530102,15,6,train,6,5,80,0,0,0,0,0,0,0,0,0,0,M10,true,false,NEW_P1A
LEARN_CLASS50,530102,15,7,truck,889,540,2761,515,0.5793025871766029,515,0.186526620789569,0.5793025871766029,0.28219178082191776,0.22155004504901438,0.29842223247279004,0.2491034556037626,0.44049493813273344,M10,true,false,NEW_P1A
LEARN_CLASS50,530102,15,8,traffic light,5158,1123,5105,2021,0.3918185343156262,2021,0.3958863858961802,0.3918185343156262,0.3938419565429212,0.08583859828008826,0.24680532281010692,0.04447982992580598,0.16605273361768128,M10,true,false,NEW_P1A
LEARN_CLASS50,530102,20,1,person,2771,631,4171,1747,0.6304583182966438,1746,0.4186046511627907,0.6300974377481053,0.5030250648228176,0.27070848001910935,0.5217405529890504,0.24162639944484537,0.35315770479971126,M10,true,false,NEW_P1A
LEARN_CLASS50,530102,20,2,bicycle,244,125,250,81,0.3319672131147541,77,0.308,0.3155737704918033,0.3117408906882591,0.10377422769612607,0.22878676859484498,0.0813402171366879,0.1680327868852459,M10,true,false,NEW_P1A
LEARN_CLASS50,530102,20,3,car,20453,1988,22433,13222,0.6464577323620007,13198,0.5883296928631926,0.6452843103701168,0.6154922352282796,0.3540079919217002,0.5798897224054417,0.3625130845903489,0.41099105265731195,M10,true,false,NEW_P1A
LEARN_CLASS50,530102,20,4,motorcycle,95,66,142,24,0.25263157894736843,24,0.16901408450704225,0.25263157894736843,0.20253164556962025,0.08044732321800313,0.17875706143696554,0.07056248034197692,0.1336842105263158,M10,true,false,NEW_P1A
LEARN_CLASS50,530102,20,5,bus,350,258,977,206,0.5885714285714285,206,0.21084953940634596,0.5885714285714285,0.3104747550866616,0.28926210935933744,0.36161388085111645,0.33107562412128416,0.4702857142857143,M10,true,false,NEW_P1A
LEARN_CLASS50,530102,20,6,train,6,5,99,0,0,0,0,0,0,0,0,0,0,M10,true,false,NEW_P1A
LEARN_CLASS50,530102,20,7,truck,889,540,4344,574,0.6456692913385826,574,0.13213627992633517,0.6456692913385826,0.2193770303841009,0.22598443314177175,0.30649976020180725,0.2529000530066851,0.4815523059617548,M10,true,false,NEW_P1A
LEARN_CLASS50,530102,20,8,traffic light,5158,1123,7584,2336,0.45288871655680496,2336,0.3080168776371308,0.45288871655680496,0.3666614346256475,0.09077113890996182,0.2646069354553927,0.04630151145634662,0.18912369135323764,M10,true,false,NEW_P1A
LEARN_CLASS50,530102,30,1,person,2771,631,6023,1836,0.6625766871165644,1835,0.3046654491117383,0.662215806568026,0.4173299977257221,0.274736142282443,0.5304445741186143,0.24327495237558497,0.36759292674124866,M10,true,false,NEW_P1A
LEARN_CLASS50,530102,30,2,bicycle,244,125,364,93,0.38114754098360654,89,0.2445054945054945,0.36475409836065575,0.29276315789473684,0.10871560711181633,0.24296206016713598,0.08411438886383617,0.19385245901639342,M10,true,false,NEW_P1A
LEARN_CLASS50,530102,30,3,car,20453,1988,31844,14391,0.7036131618833423,14366,0.4511367918603191,0.7023908473084634,0.5494005392278717,0.3634878165099492,0.60866438988315,0.3655705191690383,0.43558891116217674,M10,true,false,NEW_P1A
LEARN_CLASS50,530102,30,4,motorcycle,95,66,238,29,0.30526315789473685,29,0.12184873949579832,0.30526315789473685,0.17417417417417416,0.08420957354572127,0.18768112585244212,0.07308247974686738,0.1631578947368421,M10,true,false,NEW_P1A
LEARN_CLASS50,530102,30,5,bus,350,258,1497,222,0.6342857142857142,222,0.14829659318637275,0.6342857142857142,0.24038982133188955,0.2945803211482515,0.3696055621442377,0.3371676855349356,0.5062857142857143,M10,true,false,NEW_P1A
LEARN_CLASS50,530102,30,6,train,6,5,181,0,0,0,0,0,0,0,0,0,0,M10,true,false,NEW_P1A
LEARN_CLASS50,530102,30,7,truck,889,540,7235,639,0.718785151856018,639,0.08832066344160332,0.718785151856018,0.15731166912850814,0.22875588218132234,0.3113275129294996,0.25512098588990256,0.5269966254218222,M10,true,false,NEW_P1A
LEARN_CLASS50,530102,30,8,traffic light,5158,1123,12618,2687,0.5209383481969756,2686,0.21287050245680775,0.5207444746025591,0.30220522052205223,0.09458233277143191,0.28069429566379095,0.046825923052837864,0.2138619620007755,M10,true,false,NEW_P1A
LEARN_CLASS50,530102,40,1,person,2771,631,8090,1859,0.6708769397329484,1858,0.22966625463535228,0.6705160591844099,0.3421416075867784,0.2749390079158459,0.5321359022758009,0.2432065998728704,0.3713099963911945,M10,true,false,NEW_P1A
LEARN_CLASS50,530102,40,2,bicycle,244,125,471,97,0.3975409836065574,93,0.19745222929936307,0.38114754098360654,0.2601398601398601,0.11001618297604056,0.2469078772415719,0.084995241421047,0.2012295081967213,M10,true,false,NEW_P1A
LEARN_CLASS50,530102,40,3,car,20453,1988,40947,14962,0.7315308267735785,14934,0.364715363762913,0.7301618344497139,0.48644951140065135,0.3682864385950046,0.6193024476182327,0.3681231757769862,0.4476653791619811,M10,true,false,NEW_P1A
LEARN_CLASS50,530102,40,4,motorcycle,95,66,382,31,0.3263157894736842,31,0.08115183246073299,0.3263157894736842,0.129979035639413,0.08529430937521626,0.18940556605154785,0.0736498870737659,0.17789473684210527,M10,true,false,NEW_P1A
LEARN_CLASS50,530102,40,5,bus,350,258,2036,232,0.6628571428571428,232,0.11394891944990176,0.6628571428571428,0.19446772841575857,0.29638011011972004,0.3731217418385974,0.3392046240433315,0.5228571428571429,M10,true,false,NEW_P1A
LEARN_CLASS50,530102,40,6,train,6,5,397,0,0,0,0,0,0,0,0,0,0,M10,true,false,NEW_P1A
LEARN_CLASS50,530102,40,7,truck,889,540,9995,670,0.7536557930258717,670,0.0670335167583792,0.7536557930258717,0.12311650128629181,0.23009272471972536,0.31361696845302606,0.256730405349386,0.5512935883014622,M10,true,false,NEW_P1A
LEARN_CLASS50,530102,40,8,traffic light,5158,1123,17682,2819,0.5465296626599457,2818,0.1593711118651736,0.5463357890655293,0.2467600700525394,0.09544826842158068,0.28341599916985777,0.04723858445513825,0.22293524621946492,M10,true,false,NEW_P1A
LEARN_CLASS50,530103,10,1,person,2771,631,2101,1436,0.5182244677011909,1436,0.6834840552118039,0.5182244677011909,0.5894909688013137,0.24727854116158496,0.4585447893379074,0.22938055591749626,0.3008300252616384,M10,true,false,NEW_P1A
LEARN_CLASS50,530103,10,2,bicycle,244,125,97,52,0.21311475409836064,52,0.5360824742268041,0.21311475409836064,0.3049853372434017,0.08888308718554493,0.1857367446896414,0.07475998268077476,0.1180327868852459,M10,true,false,NEW_P1A
LEARN_CLASS50,530103,10,3,car,20453,1988,13058,10533,0.5149855766880165,10528,0.8062490427324246,0.5147411137730407,0.6283309957924265,0.3175498773476934,0.4903408798648891,0.33879224204754255,0.3516256783845891,M10,true,false,NEW_P1A
LEARN_CLASS50,530103,10,4,motorcycle,95,66,40,18,0.18947368421052632,18,0.45,0.18947368421052632,0.26666666666666666,0.07153625381148537,0.16004655676485766,0.06471185580096471,0.08842105263157896,M10,true,false,NEW_P1A
LEARN_CLASS50,530103,10,5,bus,350,258,427,159,0.4542857142857143,159,0.37236533957845436,0.4542857142857143,0.4092664092664092,0.2691686449671183,0.3292048057073244,0.3107529008740908,0.37942857142857145,M10,true,false,NEW_P1A
LEARN_CLASS50,530103,10,6,train,6,5,67,0,0,0,0,0,0,0,0,0,0,M10,true,false,NEW_P1A
LEARN_CLASS50,530103,10,7,truck,889,540,1366,429,0.48256467941507314,429,0.3140556368960469,0.48256467941507314,0.3804878048780488,0.21311872220321743,0.2860628350950899,0.23812698205568802,0.3753655793025872,M10,true,false,NEW_P1A
LEARN_CLASS50,530103,10,8,traffic light,5158,1123,2844,1439,0.27898410236525784,1439,0.5059774964838256,0.27898410236525784,0.3596600849787553,0.07155042062351159,0.19429592604028553,0.04171922904212604,0.1227607599844901,M10,true,false,NEW_P1A
LEARN_CLASS50,530103,15,1,person,2771,631,3200,1657,0.5979790689281848,1656,0.5175,0.5976181883796463,0.5546809579634902,0.26590445040090105,0.5053530064689452,0.2393046448383987,0.33872248285817397,M10,true,false,NEW_P1A
LEARN_CLASS50,530103,15,2,bicycle,244,125,190,74,0.30327868852459017,70,0.3684210526315789,0.28688524590163933,0.3225806451612903,0.09883148896399853,0.21769628289404727,0.0783416334228197,0.14877049180327867,M10,true,false,NEW_P1A
LEARN_CLASS50,530103,15,3,car,20453,1988,17937,12305,0.6016232337554392,12290,0.6851758934046942,0.6008898450105119,0.640270903881219,0.3432362642430922,0.5560874794936385,0.3544103679381368,0.3908668654965042,M10,true,false,NEW_P1A
LEARN_CLASS50,530103,15,4,motorcycle,95,66,79,23,0.24210526315789474,23,0.2911392405063291,0.24210526315789474,0.26436781609195403,0.07846019931762481,0.1792391151002069,0.06759417321042449,0.11578947368421053,M10,true,false,NEW_P1A
LEARN_CLASS50,530103,15,5,bus,350,258,701,185,0.5285714285714286,185,0.26390870185449355,0.5285714285714286,0.35204567078972404,0.2806492121537432,0.34899050588693203,0.32317214666225347,0.4274285714285714,M10,true,false,NEW_P1A
LEARN_CLASS50,530103,15,6,train,6,5,79,0,0,0,0,0,0,0,0,0,0,M10,true,false,NEW_P1A
LEARN_CLASS50,530103,15,7,truck,889,540,2707,515,0.5793025871766029,515,0.1902475064647211,0.5793025871766029,0.2864293659621802,0.22298184714560118,0.299571334188541,0.24997735035946328,0.4427446569178852,M10,true,false,NEW_P1A
LEARN_CLASS50,530103,15,8,traffic light,5158,1123,5107,2023,0.3922062815044591,2023,0.3961229684746426,0.3922062815044591,0.394154895275207,0.08597479318278063,0.24683401801195085,0.04572668819529882,0.16644048080651414,M10,true,false,NEW_P1A
LEARN_CLASS50,530103,20,1,person,2771,631,4209,1753,0.6326236015878745,1752,0.41625089094796863,0.632262721039336,0.5020057306590258,0.27116197386576757,0.5220156540083725,0.24161129487891184,0.35377120173222665,M10,true,false,NEW_P1A
LEARN_CLASS50,530103,20,2,bicycle,244,125,253,82,0.3360655737704918,78,0.308300395256917,0.319672131147541,0.31388329979879276,0.10432258653283227,0.22851276439711388,0.08118351722521866,0.16967213114754098,M10,true,false,NEW_P1A
LEARN_CLASS50,530103,20,3,car,20453,1988,22459,13226,0.6466533026939814,13201,0.5877821808629058,0.6454309881191024,0.6152591349739002,0.35366057337676005,0.5799817134374333,0.3587359409245786,0.41093727081601716,M10,true,false,NEW_P1A
LEARN_CLASS50,530103,20,4,motorcycle,95,66,142,24,0.25263157894736843,24,0.16901408450704225,0.25263157894736843,0.20253164556962025,0.07982704544442891,0.178576841671038,0.06921051143256945,0.13052631578947368,M10,true,false,NEW_P1A
LEARN_CLASS50,530103,20,5,bus,350,258,967,203,0.58,203,0.20992761116856257,0.58,0.3082763857251329,0.2876089551196013,0.36147588957154403,0.32878841803406855,0.4631428571428572,M10,true,false,NEW_P1A
LEARN_CLASS50,530103,20,6,train,6,5,93,0,0,0,0,0,0,0,0,0,0,M10,true,false,NEW_P1A
LEARN_CLASS50,530103,20,7,truck,889,540,4299,576,0.6479190101237345,576,0.13398464759246337,0.6479190101237345,0.22205088666152661,0.22585793785530914,0.3064465503180577,0.25259974807423713,0.4834645669291338,M10,true,false,NEW_P1A
LEARN_CLASS50,530103,20,8,traffic light,5158,1123,7578,2358,0.45715393563396667,2358,0.31116389548693585,0.45715393563396667,0.3702889447236181,0.09092429309571766,0.2652312307625305,0.04632079291789776,0.19053896859247768,M10,true,false,NEW_P1A
LEARN_CLASS50,530103,30,1,person,2771,631,6098,1838,0.6632984482136413,1837,0.3012463102656609,0.6629375676651028,0.4142518886007442,0.2746765981152298,0.53037097138164,0.24317140517466818,0.36759292674124866,M10,true,false,NEW_P1A
LEARN_CLASS50,530103,30,2,bicycle,244,125,391,93,0.38114754098360654,89,0.22762148337595908,0.36475409836065575,0.28031496062992123,0.10864455256866588,0.24285923785193106,0.08401463986112484,0.1918032786885246,M10,true,false,NEW_P1A
LEARN_CLASS50,530103,30,3,car,20453,1988,31798,14383,0.703222021219381,14355,0.45144348701176173,0.7018530288955166,0.5494631681690303,0.3639375200305735,0.6087833047562191,0.3655937785965267,0.4356818070698675,M10,true,false,NEW_P1A
LEARN_CLASS50,530103,30,4,motorcycle,95,66,255,29,0.30526315789473685,29,0.11372549019607843,0.30526315789473685,0.1657142857142857,0.08402366965441196,0.1872572403188552,0.07298154408166477,0.1631578947368421,M10,true,false,NEW_P1A
LEARN_CLASS50,530103,30,5,bus,350,258,1459,224,0.64,224,0.15352981494174092,0.64,0.2476506357103372,0.2950761453794343,0.3713722658880669,0.337295047025374,0.508,M10,true,false,NEW_P1A
LEARN_CLASS50,530103,30,6,train,6,5,179,0,0,0,0,0,0,0,0,0,0,M10,true,false,NEW_P1A
LEARN_CLASS50,530103,30,7,truck,889,540,7210,642,0.7221597300337458,642,0.08904299583911235,0.7221597300337458,0.1585380911223608,0.22925157620389666,0.31239865377347087,0.2559472557576919,0.5293588301462318,M10,true,false,NEW_P1A
LEARN_CLASS50,530103,30,8,traffic light,5158,1123,12610,2692,0.5219077161690577,2691,0.2134020618556701,0.5217138425746414,0.3029040972534894,0.09458640261857329,0.28067934662365723,0.04683518432184147,0.21382318728189217,M10,true,false,NEW_P1A
LEARN_CLASS50,530103,40,1,person,2771,631,8218,1859,0.6708769397329484,1858,0.2260890727670966,0.6705160591844099,0.33815633815633817,0.27512784529618656,0.5319600275925789,0.2432050720192845,0.3715987008300253,M10,true,false,NEW_P1A
LEARN_CLASS50,530103,40,2,bicycle,244,125,484,97,0.3975409836065574,93,0.1921487603305785,0.38114754098360654,0.2554945054945055,0.10998836497879415,0.24682603035768425,0.08497408879781959,0.2012295081967213,M10,true,false,NEW_P1A
LEARN_CLASS50,530103,40,3,car,20453,1988,40920,14976,0.7322153229355107,14948,0.36529814271749755,0.7308463306116462,0.4871197432095547,0.36830822817970427,0.6193844018637173,0.36809997431830643,0.4478805065271598,M10,true,false,NEW_P1A
LEARN_CLASS50,530103,40,4,motorcycle,95,66,380,31,0.3263157894736842,31,0.08157894736842106,0.3263157894736842,0.13052631578947368,0.085310152514437,0.18944256401846035,0.07365279261357704,0.17789473684210527,M10,true,false,NEW_P1A
LEARN_CLASS50,530103,40,5,bus,350,258,2005,230,0.6571428571428571,230,0.11471321695760599,0.6571428571428571,0.19532908704883228,0.2961604626041266,0.37184995763173273,0.33930344271211305,0.5217142857142857,M10,true,false,NEW_P1A
LEARN_CLASS50,530103,40,6,train,6,5,380,0,0,0,0,0,0,0,0,0,0,M10,true,false,NEW_P1A
LEARN_CLASS50,530103,40,7,truck,889,540,10044,671,0.7547806524184477,671,0.06680605336519314,0.7547806524184477,0.12274764474526662,0.23023023274977455,0.3135733707479794,0.25731910297096006,0.553543307086614,M10,true,false,NEW_P1A
LEARN_CLASS50,530103,40,8,traffic light,5158,1123,17569,2827,0.5480806514152773,2826,0.16085149980078547,0.5478867778208608,0.24869098429181152,0.09561525095878298,0.2835191427591068,0.04726524271540367,0.22369135323768902,M10,true,false,NEW_P1A
LEARN_MULTI,530101,10,1,person,2771,631,1834,1338,0.4828581739444244,1338,0.7295528898582334,0.4828581739444244,0.5811074918566775,0.23883748223813236,0.43723572448932885,0.22552150146549563,0.28617827499097803,M01,false,true,NEW_P1A
LEARN_MULTI,530101,10,2,bicycle,244,125,60,44,0.18032786885245902,44,0.7333333333333333,0.18032786885245902,0.2894736842105263,0.08031870685278947,0.16782645792839057,0.06821532185539174,0.09959016393442624,M01,false,true,NEW_P1A
LEARN_MULTI,530101,10,3,car,20453,1988,13964,11033,0.5394318681855963,11024,0.789458607848754,0.5389918349386398,0.6406136502309905,0.3273390156112384,0.5061955354309668,0.34460074747745767,0.36456265584510833,M01,false,true,NEW_P1A
LEARN_MULTI,530101,10,4,motorcycle,95,66,31,17,0.17894736842105263,17,0.5483870967741935,0.17894736842105263,0.2698412698412698,0.07041482307571417,0.1574230225220324,0.06493399339933993,0.08315789473684211,M01,false,true,NEW_P1A
LEARN_MULTI,530101,10,5,bus,350,258,359,141,0.40285714285714286,141,0.39275766016713093,0.40285714285714286,0.39774330042313116,0.25351847399997324,0.30841713636661017,0.29062767909820264,0.33914285714285713,M01,false,true,NEW_P1A
LEARN_MULTI,530101,10,6,train,6,5,62,0,0,0,0,0,0,0,0,0,0,M01,false,true,NEW_P1A
LEARN_MULTI,530101,10,7,truck,889,540,1235,392,0.4409448818897638,392,0.3174089068825911,0.4409448818897638,0.3691148775894539,0.20424352279839134,0.27091573510589595,0.23046806318979055,0.3493813273340832,M01,false,true,NEW_P1A
LEARN_MULTI,530101,10,8,traffic light,5158,1123,2455,1276,0.24738270647537805,1276,0.519755600814664,0.24738270647537805,0.33521607776172335,0.06650768159347333,0.17742945299776247,0.03985811057562232,0.1110120201628538,M01,false,true,NEW_P1A
LEARN_MULTI,530101,15,1,person,2771,631,2809,1590,0.5738000721761097,1589,0.5656817372730509,0.5734391916275713,0.5695340501792114,0.2607586594909903,0.4946430755393547,0.23652922147611186,0.3271021291952364,M01,false,true,NEW_P1A
LEARN_MULTI,530101,15,2,bicycle,244,125,113,58,0.23770491803278687,56,0.49557522123893805,0.22950819672131148,0.3137254901960784,0.09044900895115059,0.1911569694031251,0.07486592091453433,0.12336065573770491,M01,false,true,NEW_P1A
LEARN_MULTI,530101,15,3,car,20453,1988,18967,12578,0.6149709089131179,12561,0.6622554963884641,0.6141397350022002,0.6372907153729072,0.34699106228893956,0.5624836837867593,0.3590053411920572,0.3981469711044835,M01,false,true,NEW_P1A
LEARN_MULTI,530101,15,4,motorcycle,95,66,65,20,0.21052631578947367,20,0.3076923076923077,0.21052631578947367,0.25,0.07343199929959068,0.16999445973778282,0.06461312797946461,0.09473684210526316,M01,false,true,NEW_P1A
LEARN_MULTI,530101,15,5,bus,350,258,619,178,0.5085714285714286,178,0.2875605815831987,0.5085714285714286,0.36738906088751294,0.27739335134881965,0.3423296087793419,0.3201086345011154,0.41657142857142854,M01,false,true,NEW_P1A
LEARN_MULTI,530101,15,6,train,6,5,83,0,0,0,0,0,0,0,0,0,0,M01,false,true,NEW_P1A
LEARN_MULTI,530101,15,7,truck,889,540,2578,496,0.5579302587176603,496,0.19239720713731576,0.5579302587176603,0.2861263340063455,0.22049247360774882,0.29510159204499775,0.24794635111491561,0.4294713160854893,M01,false,true,NEW_P1A
LEARN_MULTI,530101,15,8,traffic light,5158,1123,4766,1938,0.37572702597906166,1938,0.40663029794376837,0.37572702597906166,0.39056831922611845,0.08373722125208187,0.23820380806552846,0.04448015446388609,0.16138037999224505,M01,false,true,NEW_P1A
LEARN_MULTI,530101,20,1,person,2771,631,3773,1709,0.6167448574521833,1708,0.45269016697588127,0.6163839769036449,0.5220048899755501,0.26886122263077245,0.5137015257743027,0.24170425792269015,0.3481775532298809,M01,false,true,NEW_P1A
LEARN_MULTI,530101,20,2,bicycle,244,125,187,74,0.30327868852459017,71,0.37967914438502676,0.29098360655737704,0.3294663573085847,0.10101057409926577,0.22167559730663322,0.08050229051399234,0.15532786885245903,M01,false,true,NEW_P1A
LEARN_MULTI,530101,20,3,car,20453,1988,23729,13446,0.6574096709529165,13423,0.5656791268068608,0.6562851415440277,0.6076230138970622,0.35611157407379807,0.5854104145260086,0.36258976183007813,0.41648168972766825,M01,false,true,NEW_P1A
LEARN_MULTI,530101,20,4,motorcycle,95,66,113,22,0.23157894736842105,22,0.19469026548672566,0.23157894736842105,0.21153846153846154,0.07561049029718037,0.1734746638760561,0.06704436453497567,0.10842105263157895,M01,false,true,NEW_P1A
LEARN_MULTI,530101,20,5,bus,350,258,861,195,0.5571428571428572,195,0.2264808362369338,0.5571428571428572,0.3220478943022296,0.28537577425988525,0.35513192828344653,0.3270622546959517,0.4508571428571429,M01,false,true,NEW_P1A
LEARN_MULTI,530101,20,6,train,6,5,90,0,0,0,0,0,0,0,0,0,0,M01,false,true,NEW_P1A
LEARN_MULTI,530101,20,7,truck,889,540,4038,549,0.6175478065241845,549,0.13595839524517087,0.6175478065241845,0.22285366348690885,0.22393630904684114,0.30246177394026275,0.2518047678878458,0.4651293588301463,M01,false,true,NEW_P1A
LEARN_MULTI,530101,20,8,traffic light,5158,1123,7209,2285,0.4430011632415665,2285,0.3169649049798863,0.4430011632415665,0.36953181854936523,0.089728058808395,0.26181248457887507,0.046355538092573964,0.18631252423419928,M01,false,true,NEW_P1A
LEARN_MULTI,530101,30,1,person,2771,631,5815,1819,0.656441717791411,1818,0.31263972484952707,0.6560808372428726,0.42348008385744235,0.27352875201960053,0.5272856378706958,0.2432657039059195,0.3644532659689643,M01,false,true,NEW_P1A
LEARN_MULTI,530101,30,2,bicycle,244,125,308,87,0.35655737704918034,83,0.2694805194805195,0.3401639344262295,0.3007246376811595,0.107594262117503,0.23665662646107244,0.08438563655168257,0.1872950819672131,M01,false,true,NEW_P1A
LEARN_MULTI,530101,30,3,car,20453,1988,33060,14479,0.7079157091869164,14452,0.43714458560193586,0.706595609446047,0.5401304355950891,0.36478674522187465,0.6085008946966903,0.36560940522927554,0.4382975602601086,M01,false,true,NEW_P1A
LEARN_MULTI,530101,30,4,motorcycle,95,66,236,28,0.29473684210526313,28,0.11864406779661017,0.29473684210526313,0.16918429003021146,0.08407323161518336,0.1863884442103497,0.07318153060100609,0.16105263157894736,M01,false,true,NEW_P1A
LEARN_MULTI,530101,30,5,bus,350,258,1359,219,0.6257142857142857,219,0.16114790286975716,0.6257142857142857,0.25629022820362785,0.2939000000035411,0.3679494198723942,0.337181275731208,0.5014285714285714,M01,false,true,NEW_P1A
LEARN_MULTI,530101,30,6,train,6,5,145,0,0,0,0,0,0,0,0,0,0,M01,false,true,NEW_P1A
LEARN_MULTI,530101,30,7,truck,889,540,6979,623,0.7007874015748031,623,0.08926780341023069,0.7007874015748031,0.1583629893238434,0.22837375472651938,0.31062506223196473,0.255257440538246,0.5175478065241844,M01,false,true,NEW_P1A
LEARN_MULTI,530101,30,8,traffic light,5158,1123,12098,2654,0.514540519581233,2653,0.21929244503223674,0.5143466459868166,0.307487250811312,0.09424717243210613,0.278549848994267,0.04681185846374423,0.2114773167894533,M01,false,true,NEW_P1A
LEARN_MULTI,530101,40,1,person,2771,631,7946,1854,0.6690725369902563,1853,0.23319909388371507,0.6687116564417178,0.3458057292152654,0.27470822893371233,0.5297240210125286,0.24321611586709013,0.37062432334897155,M01,false,true,NEW_P1A
LEARN_MULTI,530101,40,2,bicycle,244,125,440,97,0.3975409836065574,93,0.21136363636363636,0.38114754098360654,0.27192982456140347,0.11019847977124547,0.2474174868929469,0.08510856282452571,0.20081967213114754,M01,false,true,NEW_P1A
LEARN_MULTI,530101,40,3,car,20453,1988,41922,14994,0.7330953894294235,14966,0.3569963265111397,0.7317263971055591,0.479871743486974,0.3682754312734766,0.6192121023071931,0.3681120384284043,0.4487801300542708,M01,false,true,NEW_P1A
LEARN_MULTI,530101,40,4,motorcycle,95,66,361,31,0.3263157894736842,31,0.08587257617728532,0.3263157894736842,0.13596491228070176,0.0853470989565639,0.1894996596467268,0.07368322276892215,0.17789473684210527,M01,false,true,NEW_P1A
LEARN_MULTI,530101,40,5,bus,350,258,1904,226,0.6457142857142857,226,0.11869747899159663,0.6457142857142857,0.2005323868677906,0.2956959492545726,0.3705754000073079,0.33919690627760285,0.516,M01,false,true,NEW_P1A
LEARN_MULTI,530101,40,6,train,6,5,314,0,0,0,0,0,0,0,0,0,0,M01,false,true,NEW_P1A
LEARN_MULTI,530101,40,7,truck,889,540,9845,660,0.7424071991001124,660,0.0670391061452514,0.7424071991001124,0.12297372833985465,0.22971453426578806,0.31291677923380534,0.25674195153238255,0.5451068616422947,M01,false,true,NEW_P1A
LEARN_MULTI,530101,40,8,traffic light,5158,1123,17268,2805,0.5438154323381156,2803,0.16232337271253186,0.5434276851492826,0.24997770445019177,0.09546798764152567,0.28346038949327224,0.04727014352792685,0.2224893369523071,M01,false,true,NEW_P1A
LEARN_MULTI,530102,10,1,person,2771,631,1824,1341,0.4839408155900397,1341,0.7351973684210527,0.4839408155900397,0.5836779107725788,0.23883237181436132,0.43719370724856493,0.22548232669805562,0.28708047636232403,M01,false,true,NEW_P1A
LEARN_MULTI,530102,10,2,bicycle,244,125,63,45,0.18442622950819673,45,0.7142857142857143,0.18442622950819673,0.2931596091205212,0.08174023031895195,0.16767965753406544,0.06821532185539174,0.10327868852459014,M01,false,true,NEW_P1A
LEARN_MULTI,530102,10,3,car,20453,1988,13928,10993,0.5374761648657899,10987,0.7888426191843768,0.5371828093678189,0.6391320787644339,0.326686733432971,0.5062340042254287,0.34464938936443373,0.3643475284799296,M01,false,true,NEW_P1A
LEARN_MULTI,530102,10,4,motorcycle,95,66,32,17,0.17894736842105263,17,0.53125,0.17894736842105263,0.2677165354330709,0.07035570337430766,0.15640909624461205,0.06493399339933993,0.08421052631578947,M01,false,true,NEW_P1A
LEARN_MULTI,530102,10,5,bus,350,258,390,147,0.42,147,0.3769230769230769,0.42,0.3972972972972973,0.25886688469358915,0.31755198681884955,0.29559160126547224,0.35285714285714287,M01,false,true,NEW_P1A
LEARN_MULTI,530102,10,6,train,6,5,67,0,0,0,0,0,0,0,0,0,0,M01,false,true,NEW_P1A
LEARN_MULTI,530102,10,7,truck,889,540,1303,409,0.46006749156355453,409,0.3138910207214121,0.46006749156355453,0.37317518248175185,0.208905743303893,0.27828739939610325,0.2342177411851121,0.3637795275590551,M01,false,true,NEW_P1A
LEARN_MULTI,530102,10,8,traffic light,5158,1123,2393,1245,0.2413726250484684,1245,0.5202674467195988,0.2413726250484684,0.3297576479936432,0.0665076354987948,0.17728150160434766,0.03992769693684647,0.10814269096549048,M01,false,true,NEW_P1A
LEARN_MULTI,530102,15,1,person,2771,631,2791,1581,0.5705521472392638,1580,0.5661053385883196,0.5701912666907254,0.5681409564904711,0.25984733541312466,0.4943153118870684,0.2364423686319433,0.3260916636593288,M01,false,true,NEW_P1A
LEARN_MULTI,530102,15,2,bicycle,244,125,131,64,0.26229508196721313,61,0.46564885496183206,0.25,0.3253333333333333,0.09324755860357281,0.2058489574033984,0.0743939229087744,0.12868852459016394,M01,false,true,NEW_P1A
LEARN_MULTI,530102,15,3,car,20453,1988,18979,12561,0.6141397350022002,12545,0.660993729912008,0.6133574536742776,0.6362852505579226,0.34729816896960164,0.5623583866980489,0.3589504811387599,0.3981225248129859,M01,false,true,NEW_P1A
LEARN_MULTI,530102,15,4,motorcycle,95,66,69,21,0.22105263157894736,21,0.30434782608695654,0.22105263157894736,0.25609756097560976,0.07534882512684282,0.1731752134489467,0.06604468139121604,0.10315789473684212,M01,false,true,NEW_P1A
LEARN_MULTI,530102,15,5,bus,350,258,666,182,0.52,182,0.2732732732732733,0.52,0.3582677165354331,0.2806030054989517,0.3485434012008515,0.3229290409286638,0.4268571428571429,M01,false,true,NEW_P1A
LEARN_MULTI,530102,15,6,train,6,5,81,0,0,0,0,0,0,0,0,0,0,M01,false,true,NEW_P1A
LEARN_MULTI,530102,15,7,truck,889,540,2637,501,0.5635545556805399,501,0.1899886234357224,0.5635545556805399,0.28417470221213836,0.22007426907993569,0.29619505389966255,0.24700426386289864,0.43385826771653535,M01,false,true,NEW_P1A
LEARN_MULTI,530102,15,8,traffic light,5158,1123,4646,1907,0.369716944552152,1907,0.4104606112785192,0.369716944552152,0.3890248878008976,0.08279661699475858,0.23441395284424035,0.04450479359531513,0.15808452888716554,M01,false,true,NEW_P1A
LEARN_MULTI,530102,20,1,person,2771,631,3714,1697,0.6124142908697221,1696,0.45665051157781367,0.6120534103211837,0.5230531996915959,0.2677471661500162,0.5131372046649176,0.2392125376458159,0.3458318296643811,M01,false,true,NEW_P1A
LEARN_MULTI,530102,20,2,bicycle,244,125,202,76,0.3114754098360656,73,0.3613861386138614,0.29918032786885246,0.3273542600896861,0.1019564582849705,0.22189530162452756,0.08203946136227862,0.1610655737704918,M01,false,true,NEW_P1A
LEARN_MULTI,530102,20,3,car,20453,1988,23819,13454,0.6578008116168778,13428,0.5637516268525127,0.6565296044590035,0.6066136610046983,0.35607519230562584,0.5852948509442504,0.36257182074218186,0.4169412800078229,M01,false,true,NEW_P1A
LEARN_MULTI,530102,20,4,motorcycle,95,66,131,24,0.25263157894736843,24,0.183206106870229,0.25263157894736843,0.21238938053097348,0.07990130746354547,0.1788199248661656,0.06966915792702866,0.12842105263157894,M01,false,true,NEW_P1A
LEARN_MULTI,530102,20,5,bus,350,258,911,199,0.5685714285714286,199,0.21844127332601537,0.5685714285714286,0.31562252180808886,0.28628183247488354,0.356938873856589,0.3287098809661474,0.45714285714285713,M01,false,true,NEW_P1A
LEARN_MULTI,530102,20,6,train,6,5,97,0,0,0,0,0,0,0,0,0,0,M01,false,true,NEW_P1A
LEARN_MULTI,530102,20,7,truck,889,540,4154,561,0.6310461192350956,561,0.1350505536831969,0.6310461192350956,0.2224866151100535,0.22506823863968098,0.3050954813870189,0.25176458567156873,0.47401574803149604,M01,false,true,NEW_P1A
LEARN_MULTI,530102,20,8,traffic light,5158,1123,6972,2247,0.43563396665374177,2247,0.32228915662650603,0.43563396665374177,0.37048639736191263,0.08916813879362157,0.2587396142523712,0.04638519529953165,0.18315238464521133,M01,false,true,NEW_P1A
LEARN_MULTI,530102,30,1,person,2771,631,5673,1808,0.6524720317574882,1807,0.3185263528997003,0.6521111512089498,0.4279962103268593,0.27327024096922553,0.5272475479714859,0.2432617839671528,0.36279321544568754,M01,false,true,NEW_P1A
LEARN_MULTI,530102,30,2,bicycle,244,125,313,88,0.36065573770491804,84,0.268370607028754,0.3442622950819672,0.3016157989228007,0.10757172728389028,0.2380525450004681,0.08429462606000665,0.18524590163934426,M01,false,true,NEW_P1A
LEARN_MULTI,530102,30,3,car,20453,1988,33216,14488,0.7083557424338728,14461,0.4353624759152216,0.7070356426930035,0.53889582440515,0.36534510943940374,0.6084470385531937,0.3682953038211557,0.438595805016379,M01,false,true,NEW_P1A
LEARN_MULTI,530102,30,4,motorcycle,95,66,239,29,0.30526315789473685,29,0.12133891213389121,0.30526315789473685,0.17365269461077845,0.08422217940975218,0.18761451000181156,0.07314148442404615,0.1631578947368421,M01,false,true,NEW_P1A
LEARN_MULTI,530102,30,5,bus,350,258,1407,222,0.6342857142857142,222,0.15778251599147122,0.6342857142857142,0.25270347182697783,0.29456831754837975,0.369549439504633,0.337049074590948,0.5048571428571428,M01,false,true,NEW_P1A
LEARN_MULTI,530102,30,6,train,6,5,179,0,0,0,0,0,0,0,0,0,0,M01,false,true,NEW_P1A
LEARN_MULTI,530102,30,7,truck,889,540,7080,629,0.7075365579302587,629,0.08884180790960453,0.7075365579302587,0.15786171414230143,0.2284131559462549,0.3104461591805312,0.2551171761955301,0.5204724409448819,M01,false,true,NEW_P1A
LEARN_MULTI,530102,30,8,traffic light,5158,1123,11893,2639,0.5116324156649864,2638,0.22181114941562263,0.5114385420705699,0.3094246671749457,0.09424233758925242,0.2784991021808257,0.04681541626414223,0.21037223730127952,M01,false,true,NEW_P1A
LEARN_MULTI,530102,40,1,person,2771,631,7834,1854,0.6690725369902563,1853,0.23653306101608373,0.6687116564417178,0.3494578029231495,0.27472616618645024,0.5297916904659173,0.24322250498458162,0.37058823529411766,M01,false,true,NEW_P1A
LEARN_MULTI,530102,40,2,bicycle,244,125,456,97,0.3975409836065574,93,0.20394736842105263,0.38114754098360654,0.2657142857142857,0.11016217054535068,0.24729655763474134,0.08508287814352405,0.20081967213114754,M01,false,true,NEW_P1A
LEARN_MULTI,530102,40,3,car,20453,1988,42092,15001,0.7334376375103897,14974,0.35574455953625395,0.7321175377695204,0.4788232472619714,0.36852009465275054,0.6192089617974589,0.36810831658209453,0.4489854789028505,M01,false,true,NEW_P1A
LEARN_MULTI,530102,40,4,motorcycle,95,66,360,31,0.3263157894736842,31,0.08611111111111111,0.3263157894736842,0.13626373626373625,0.08532599872159126,0.18946669848087003,0.07366606796034725,0.17789473684210527,M01,false,true,NEW_P1A
LEARN_MULTI,530102,40,5,bus,350,258,1933,228,0.6514285714285715,228,0.11795137092602173,0.6514285714285715,0.1997371879106439,0.29594515021757106,0.3717874118273657,0.3391693428250185,0.5177142857142858,M01,false,true,NEW_P1A
LEARN_MULTI,530102,40,6,train,6,5,386,0,0,0,0,0,0,0,0,0,0,M01,false,true,NEW_P1A
LEARN_MULTI,530102,40,7,truck,889,540,9868,661,0.7435320584926884,661,0.06698419132549656,0.7435320584926884,0.12289671841591521,0.2297371546602668,0.31295466801370475,0.25674152192690886,0.5452193475815523,M01,false,true,NEW_P1A
LEARN_MULTI,530102,40,8,traffic light,5158,1123,17071,2793,0.5414889492051183,2792,0.16355222306836154,0.5412950756107018,0.2512033829681947,0.09545922356618355,0.28343569858792667,0.04724050668440875,0.221403644823575,M01,false,true,NEW_P1A
LEARN_MULTI,530103,10,1,person,2771,631,1799,1324,0.4778058462648863,1324,0.735964424680378,0.4778058462648863,0.5794310722100657,0.2375046297993254,0.42977860573145,0.2255161600557232,0.2845904005774089,M01,false,true,NEW_P1A
LEARN_MULTI,530103,10,2,bicycle,244,125,64,45,0.18442622950819673,45,0.703125,0.18442622950819673,0.29220779220779225,0.0817939143909929,0.16779372424027522,0.06821532185539174,0.10327868852459014,M01,false,true,NEW_P1A
LEARN_MULTI,530103,10,3,car,20453,1988,14038,11045,0.5400185791815382,11037,0.7862231087049437,0.5396274385175769,0.6399930416630426,0.3281179339477887,0.5062249387209685,0.3446458191978905,0.365535618246712,M01,false,true,NEW_P1A
LEARN_MULTI,530103,10,4,motorcycle,95,66,33,17,0.17894736842105263,17,0.5151515151515151,0.17894736842105263,0.265625,0.07041482307571417,0.1574230225220324,0.06493399339933993,0.08315789473684211,M01,false,true,NEW_P1A
LEARN_MULTI,530103,10,5,bus,350,258,377,145,0.4142857142857143,145,0.38461538461538464,0.4142857142857143,0.3988995873452545,0.2575617591604825,0.31380627931975,0.2957780315070261,0.348,M01,false,true,NEW_P1A
LEARN_MULTI,530103,10,6,train,6,5,65,0,0,0,0,0,0,0,0,0,0,M01,false,true,NEW_P1A
LEARN_MULTI,530103,10,7,truck,889,540,1287,404,0.4544431946006749,404,0.3139083139083139,0.4544431946006749,0.3713235294117647,0.20853414015411426,0.27542066449962016,0.23460297313244455,0.36107986501687284,M01,false,true,NEW_P1A
LEARN_MULTI,530103,10,8,traffic light,5158,1123,2337,1198,0.23226056611089568,1198,0.5126230209670518,0.23226056611089568,0.31967978652434953,0.06414668657141542,0.1709407925700068,0.03973949448277038,0.10502132609538581,M01,false,true,NEW_P1A
LEARN_MULTI,530103,15,1,person,2771,631,2766,1575,0.5683868639480332,1574,0.5690527838033261,0.5680259833994947,0.5685389199927758,0.25931879121662327,0.488772224663833,0.236468667502512,0.32573078311079035,M01,false,true,NEW_P1A
LEARN_MULTI,530103,15,2,bicycle,244,125,131,62,0.2540983606557377,59,0.45038167938931295,0.24180327868852458,0.31466666666666665,0.09092073454366817,0.20019337658021902,0.07422417467511086,0.12336065573770491,M01,false,true,NEW_P1A
LEARN_MULTI,530103,15,3,car,20453,1988,19078,12600,0.6160465457390114,12581,0.6594506761715064,0.6151175866621034,0.6365131162884824,0.3476308077484508,0.562516590155634,0.359015101240186,0.39867012174253164,M01,false,true,NEW_P1A
LEARN_MULTI,530103,15,4,motorcycle,95,66,70,22,0.23157894736842105,22,0.3142857142857143,0.23157894736842105,0.26666666666666666,0.07622694415989081,0.1772259801788918,0.0661056105610561,0.10526315789473684,M01,false,true,NEW_P1A
LEARN_MULTI,530103,15,5,bus,350,258,643,180,0.5142857142857142,180,0.27993779160186627,0.5142857142857142,0.36253776435045315,0.279414363260011,0.34592826009070043,0.3233794119521367,0.42285714285714293,M01,false,true,NEW_P1A
LEARN_MULTI,530103,15,6,train,6,5,81,0,0,0,0,0,0,0,0,0,0,M01,false,true,NEW_P1A
LEARN_MULTI,530103,15,7,truck,889,540,2629,494,0.5556805399325084,494,0.18790414606314187,0.5556805399325084,0.28084138715179074,0.22011538478785986,0.29462635375463925,0.24749816991701692,0.42857142857142855,M01,false,true,NEW_P1A
LEARN_MULTI,530103,15,8,traffic light,5158,1123,4602,1899,0.3681659557968205,1899,0.41264667535853977,0.3681659557968205,0.38913934426229513,0.08320274292155491,0.23461210591779177,0.04452486614598132,0.15847227607599845,M01,false,true,NEW_P1A
LEARN_MULTI,530103,20,1,person,2771,631,3729,1703,0.6145795741609528,1702,0.45642263341378386,0.6142186936124143,0.5236923076923077,0.26877818458588887,0.5133336165189862,0.24186452278211049,0.34734752796824253,M01,false,true,NEW_P1A
LEARN_MULTI,530103,20,2,bicycle,244,125,205,76,0.3114754098360656,73,0.35609756097560974,0.29918032786885246,0.3251670378619154,0.10130675382837549,0.22154408432279318,0.07988065989508186,0.15819672131147544,M01,false,true,NEW_P1A
LEARN_MULTI,530103,20,3,car,20453,1988,23849,13459,0.6580452745318535,13434,0.563294058451088,0.6568229599569745,0.606473748363505,0.3561094133163442,0.58541421051772,0.36259422787645146,0.4166674815430499,M01,false,true,NEW_P1A
LEARN_MULTI,530103,20,4,motorcycle,95,66,126,25,0.2631578947368421,25,0.1984126984126984,0.2631578947368421,0.2262443438914027,0.0810406258675139,0.18097869819817447,0.0707484022738557,0.1368421052631579,M01,false,true,NEW_P1A
LEARN_MULTI,530103,20,5,bus,350,258,883,198,0.5657142857142857,198,0.22423556058890148,0.5657142857142857,0.32116788321167883,0.28633714785174463,0.3573659933920337,0.3292351022698593,0.4554285714285715,M01,false,true,NEW_P1A
LEARN_MULTI,530103,20,6,train,6,5,93,0,0,0,0,0,0,0,0,0,0,M01,false,true,NEW_P1A
LEARN_MULTI,530103,20,7,truck,889,540,4118,564,0.6344206974128234,564,0.13695968916949977,0.6344206974128234,0.22528460155781907,0.22536394899874135,0.30525369568410043,0.2516551510686358,0.47615298087739033,M01,false,true,NEW_P1A
LEARN_MULTI,530103,20,8,traffic light,5158,1123,6997,2259,0.43796044978673904,2259,0.3228526511362012,0.43796044978673904,0.3716988893459482,0.08919108776052663,0.25877365188579204,0.046410143925722604,0.18414113997673515,M01,false,true,NEW_P1A
LEARN_MULTI,530103,30,1,person,2771,631,5803,1817,0.6557199566943341,1816,0.3129415819403757,0.6553590761457957,0.423606251457896,0.27323000834944455,0.5272832836519025,0.2432052829919433,0.36402020931071816,M01,false,true,NEW_P1A
LEARN_MULTI,530103,30,2,bicycle,244,125,327,89,0.36475409836065575,85,0.2599388379204893,0.3483606557377049,0.297723292469352,0.10715834529766971,0.23782505948925853,0.08271655660588653,0.18565573770491803,M01,false,true,NEW_P1A
LEARN_MULTI,530103,30,3,car,20453,1988,33133,14484,0.7081601721018922,14458,0.4363625388585398,0.706888964944018,0.539618557085806,0.3655633716501481,0.6085498888866165,0.36834750021659995,0.43877181831516154,M01,false,true,NEW_P1A
LEARN_MULTI,530103,30,4,motorcycle,95,66,242,29,0.30526315789473685,29,0.11983471074380166,0.30526315789473685,0.17210682492581603,0.08419754570948264,0.1875801539517265,0.07312299269505035,0.1631578947368421,M01,false,true,NEW_P1A
LEARN_MULTI,530103,30,5,bus,350,258,1384,221,0.6314285714285715,221,0.1596820809248555,0.6314285714285715,0.25490196078431376,0.2944214903448662,0.36960874610460503,0.3372779162397856,0.5039999999999999,M01,false,true,NEW_P1A
LEARN_MULTI,530103,30,6,train,6,5,164,0,0,0,0,0,0,0,0,0,0,M01,false,true,NEW_P1A
LEARN_MULTI,530103,30,7,truck,889,540,7067,628,0.7064116985376828,628,0.08886373284279044,0.7064116985376828,0.15786827551533436,0.228485899033021,0.3105203304609648,0.2552031062338418,0.5202474690663668,M01,false,true,NEW_P1A
LEARN_MULTI,530103,30,8,traffic light,5158,1123,11880,2654,0.514540519581233,2653,0.22331649831649833,0.5143466459868166,0.3114215283483977,0.09428519255214185,0.27854518286622865,0.04683635799711266,0.2110895696006204,M01,false,true,NEW_P1A
LEARN_MULTI,530103,40,1,person,2771,631,7991,1857,0.6701551786358715,1856,0.23226129395570017,0.669794298087333,0.34491730161679984,0.27470901790161995,0.5297499484062893,0.24321477735354147,0.3710934680620715,M01,false,true,NEW_P1A
LEARN_MULTI,530103,40,2,bicycle,244,125,469,97,0.3975409836065574,93,0.19829424307036247,0.38114754098360654,0.26086956521739135,0.11000726372264019,0.24690782391189123,0.08498629138508285,0.2012295081967213,M01,false,true,NEW_P1A
LEARN_MULTI,530103,40,3,car,20453,1988,41975,15012,0.7339754559233365,14984,0.35697438951757,0.732606463599472,0.4800410072403409,0.36854047521303873,0.6192572893094939,0.3681179060036191,0.44916149220163304,M01,false,true,NEW_P1A
LEARN_MULTI,530103,40,4,motorcycle,95,66,372,31,0.3263157894736842,31,0.08333333333333333,0.3263157894736842,0.13276231263383298,0.0853161764518074,0.18944020972662853,0.07366606796034725,0.17789473684210527,M01,false,true,NEW_P1A
LEARN_MULTI,530103,40,5,bus,350,258,1924,228,0.6514285714285715,228,0.11850311850311851,0.6514285714285715,0.20052770448548812,0.2959908734390203,0.3718277139548426,0.33925967703132287,0.5185714285714287,M01,false,true,NEW_P1A
LEARN_MULTI,530103,40,6,train,6,5,372,0,0,0,0,0,0,0,0,0,0,M01,false,true,NEW_P1A
LEARN_MULTI,530103,40,7,truck,889,540,9937,664,0.7469066366704162,664,0.06682097212438362,0.7469066366704162,0.12266765194901164,0.22983822862794784,0.31297044808852087,0.25676625816367904,0.5480314960629921,M01,false,true,NEW_P1A
LEARN_MULTI,530103,40,8,traffic light,5158,1123,16960,2804,0.5436215587436991,2802,0.1652122641509434,0.5432338115548663,0.2533682973144046,0.09548629589099743,0.2835390964011816,0.047264417717566204,0.2223924001550989,M01,false,true,NEW_P1A
