sample_order,phase,timing_scope,policy,seed,budget,profile_group_id,elapsed_ms,amortized_ms_per_image,output_records,predicted_objective,selection_digest
0,MEASURED,FULL_POLICY_PATH,S_ADAPT,-1,20,2,63.83,1.59575,800,432.81260257959366,e79987f149cce4d4391ef92c6a97c1d767fd16cd492c031ea4af70e8451de98c
1,MEASURED,FULL_POLICY_PATH,LEARN_QUALITY,530101,20,1,436.08,10.902,800,94.47869624869647,10a79b6eb4692460620841197d21cd855c4439e299eaf5266b74fedcd9385dea
2,MEASURED,FULL_POLICY_PATH,LEARN_QUALITY,530102,15,2,442.6579,11.066447499999999,600,96.04228128698834,1dcbf51da51c3c5c7e5aaac195fa63233a31f75b76d2b56a660384d24de891db
3,MEASURED,FULL_POLICY_PATH,S_ADAPT,-1,10,3,63.5841,1.5896025,400,293.82467341423035,4041c2353650ffc3521df07aeec818741f2a7f8acf14590c93615e6d8d3ced8c
4,MEASURED,FULL_POLICY_PATH,S_ADAPT,-1,20,0,68.0785,1.7019625,800,441.55207175016403,3a221c89dcb7b438299f2f48d0eef0494bea948ec6de9698110e215c3af14aea
5,MEASURED,FULL_POLICY_PATH,LEARN_QUALITY,530101,10,3,438.0931,10.952327499999999,400,97.29233640543227,e2ac0f2f414f8e7b0771e1cf681e9fa7f847877736a984a87d7eae625858a2be
6,MEASURED,FULL_POLICY_PATH,S_ADAPT,-1,10,3,69.9406,1.748515,400,293.82467341423035,4041c2353650ffc3521df07aeec818741f2a7f8acf14590c93615e6d8d3ced8c
7,MEASURED,FULL_POLICY_PATH,LEARN_QUALITY,530101,10,4,445.1137,11.1278425,400,68.38854427300772,28b79183e97c33c01ad9eb08a621cfb39e8a80e95d38c09997c1d42fc0bd92aa
8,MEASURED,FULL_POLICY_PATH,S_ADAPT,-1,15,0,73.8456,1.8461400000000001,600,371.3841568529606,b3004c94c0a1acc4bea41b0fbb2b1d0eba865c9be972d407e019303ca1057a20
9,MEASURED,FULL_POLICY_PATH,S_ADAPT,-1,10,0,75.4767,1.8869174999999998,400,284.22937551140785,53942cbb9a8a5a64b0db98a82f4fce558f482e6886ecc097434e9fba646b0a60
10,MEASURED,FULL_POLICY_PATH,LEARN_QUALITY,530102,15,1,451.4938,11.287345,600,88.85858850968494,137522f16ce89c6b0964334ac914c43f2b64c71721cca92fe9621367226a38dc
11,MEASURED,FULL_POLICY_PATH,LEARN_QUALITY,530102,15,3,420.2285,10.5057125,600,130.85751169268352,193749538056523b200d7397e4f0e0851e50f5a02ca8546856390506f0dfb37a
12,MEASURED,FULL_POLICY_PATH,S_ADAPT,-1,10,4,227.6516,5.69129,400,271.37676933407784,88737f813284457f30f2c69d44f68791f7370e2c49c928c86777821b577f4051
13,MEASURED,FULL_POLICY_PATH,LEARN_QUALITY,530101,10,0,351.9067,8.7976675,400,72.99146302310172,e7c35db7138d5e4d01b4cc857cbad087b7738d5333c1cd3599fbeb0aa1d0e715
14,MEASURED,FULL_POLICY_PATH,LEARN_QUALITY,530103,15,3,373.6538,9.341345,600,128.91935920997827,d93fd818664fe8939762cb0968ba5cd4c12fa8ac131c19dd7cc9e8b43f9c9b9f
15,MEASURED,FULL_POLICY_PATH,LEARN_QUALITY,530102,15,2,409.328,10.2332,600,96.04228128698834,1dcbf51da51c3c5c7e5aaac195fa63233a31f75b76d2b56a660384d24de891db
16,MEASURED,FULL_POLICY_PATH,S_ADAPT,-1,15,1,50.7025,1.2675625,600,353.76666152477264,106a9662fdc268276fd832a53813a5d41c26843d15913d386057929c37645238
17,MEASURED,FULL_POLICY_PATH,LEARN_QUALITY,530101,10,0,366.7429,9.1685725,400,72.99146302310172,e7c35db7138d5e4d01b4cc857cbad087b7738d5333c1cd3599fbeb0aa1d0e715
18,MEASURED,FULL_POLICY_PATH,LEARN_QUALITY,530101,15,0,451.401,11.285025000000001,600,97.20164785567786,5dfc6e9b928df4d0f08ff5efa0db383122234cf621cb1aff31d5dc76cea53281
19,MEASURED,FULL_POLICY_PATH,LEARN_QUALITY,530101,10,1,355.0958,8.877395,400,62.94320651540613,1f16862fb35fea7c20a78a332c201ac0ebb4d60127abe43776c0618b1143b81b
20,MEASURED,FULL_POLICY_PATH,S_ADAPT,-1,20,4,55.8619,1.3965475,800,428.6769134104252,a4557f4ce7bfe56aa5dcd63a55abb879b843c5e934e2dfc46b1bb08a31d616cb
21,MEASURED,FULL_POLICY_PATH,S_ADAPT,-1,15,4,57.1977,1.4299425,600,357.80318182706833,5938eba45c73290974057dd22f17b06e25d6b2d6c0e2628f2227edfdebb7b23b
22,MEASURED,FULL_POLICY_PATH,LEARN_QUALITY,530101,15,2,364.4997,9.1124925,600,97.01479891499869,7e6d95d769c7d9687624018c1d858390f954fe241d6b8975ccdd997e695297b3
23,MEASURED,FULL_POLICY_PATH,S_ADAPT,-1,20,2,64.7164,1.6179099999999997,800,432.81260257959366,e79987f149cce4d4391ef92c6a97c1d767fd16cd492c031ea4af70e8451de98c
24,MEASURED,FULL_POLICY_PATH,LEARN_QUALITY,530101,10,3,442.9779,11.0744475,400,97.29233640543227,e2ac0f2f414f8e7b0771e1cf681e9fa7f847877736a984a87d7eae625858a2be
25,MEASURED,FULL_POLICY_PATH,LEARN_QUALITY,530101,15,0,416.3106,10.407765000000001,600,97.20164785567786,5dfc6e9b928df4d0f08ff5efa0db383122234cf621cb1aff31d5dc76cea53281
26,MEASURED,FULL_POLICY_PATH,S_ADAPT,-1,15,1,62.4904,1.56226,600,353.76666152477264,106a9662fdc268276fd832a53813a5d41c26843d15913d386057929c37645238
27,MEASURED,FULL_POLICY_PATH,LEARN_QUALITY,530101,20,3,423.5925,10.589812499999999,800,146.51983876547857,67a588433daba80df4bc1c340bf736b7fd5266dbd6db36bc042c11d3251a6616
28,MEASURED,FULL_POLICY_PATH,S_ADAPT,-1,20,2,64.672,1.6168,800,432.81260257959366,e79987f149cce4d4391ef92c6a97c1d767fd16cd492c031ea4af70e8451de98c
29,MEASURED,FULL_POLICY_PATH,LEARN_QUALITY,530101,20,2,424.478,10.61195,800,109.65310171004846,7fa0870805ff4cf7f09e6127254261b25246cc80f569411aae3dc5104d2933cc
30,MEASURED,FULL_POLICY_PATH,S_ADAPT,-1,10,4,62.2018,1.555045,400,271.37676933407784,88737f813284457f30f2c69d44f68791f7370e2c49c928c86777821b577f4051
31,MEASURED,FULL_POLICY_PATH,LEARN_QUALITY,530101,15,4,459.1577,11.478942499999999,600,93.15287583446096,f4a94ff0a77b6bd17929b939cf25ec2bc7ef76ebdf3f58bce2d75db46d2d99f4
32,MEASURED,FULL_POLICY_PATH,LEARN_QUALITY,530101,10,4,440.4429,11.011072500000001,400,68.38854427300772,28b79183e97c33c01ad9eb08a621cfb39e8a80e95d38c09997c1d42fc0bd92aa
33,MEASURED,FULL_POLICY_PATH,S_ADAPT,-1,15,4,73.225,1.830625,600,357.80318182706833,5938eba45c73290974057dd22f17b06e25d6b2d6c0e2628f2227edfdebb7b23b
34,MEASURED,FULL_POLICY_PATH,LEARN_QUALITY,530103,15,1,435.3333,10.8833325,600,89.4662974903967,bff6741b3772ab020c60b8d6bf7bdcb60fda36d4e6f9f0f5e9a7a79ef7429f69
35,MEASURED,FULL_POLICY_PATH,S_ADAPT,-1,15,3,64.3908,1.60977,600,386.0996204018593,252c151f42ca3b8e280b1fc6e087a8dee2153f14747c336e7dcac0134425feea
36,MEASURED,FULL_POLICY_PATH,S_ADAPT,-1,20,1,66.2233,1.6555825,800,415.7503350973129,6d0cb0c4405dc90387b55d6457229758e4276ae0e27c754a78dcc25cc13f41c8
37,MEASURED,FULL_POLICY_PATH,S_ADAPT,-1,15,1,67.0499,1.6762475,600,353.76666152477264,106a9662fdc268276fd832a53813a5d41c26843d15913d386057929c37645238
38,MEASURED,FULL_POLICY_PATH,S_ADAPT,-1,20,3,74.1126,1.852815,800,457.9206243157387,21e3005e62f6d231cb3cc40fdf9074ca833f899ce9df57bbef5710e5840e09f9
39,MEASURED,FULL_POLICY_PATH,S_ADAPT,-1,15,2,68.107,1.702675,600,363.60913959145546,f3eef135fbf7cda7d4259deff31d97d81321154c3d403ba8eae0e13e337b36ae
40,MEASURED,FULL_POLICY_PATH,LEARN_QUALITY,530103,15,0,444.03,11.10075,600,97.23300665858619,96f63382c5fbe6ecfa278de26ef88164348acb939a5bbd361a9e1772a00d4d50
41,MEASURED,FULL_POLICY_PATH,S_ADAPT,-1,15,2,69.164,1.7291,600,363.60913959145546,f3eef135fbf7cda7d4259deff31d97d81321154c3d403ba8eae0e13e337b36ae
42,MEASURED,FULL_POLICY_PATH,LEARN_QUALITY,530101,15,3,457.2203,11.430507500000001,600,130.3358717953731,189881a5e1bfcc51a0b294aead80a5689fa4ff9cc9441444624324248e655954
43,MEASURED,FULL_POLICY_PATH,LEARN_QUALITY,530102,15,3,467.036,11.6759,600,130.85751169268352,193749538056523b200d7397e4f0e0851e50f5a02ca8546856390506f0dfb37a
44,MEASURED,FULL_POLICY_PATH,S_ADAPT,-1,10,1,64.2613,1.6065325000000001,400,275.9327971637249,1ce6b8ff41cb97b662aedc7ad8bedd7c817837cf26b99fc81f6d1ec0c5c1c3ce
45,MEASURED,FULL_POLICY_PATH,S_ADAPT,-1,20,3,65.9825,1.6495625,800,457.9206243157387,21e3005e62f6d231cb3cc40fdf9074ca833f899ce9df57bbef5710e5840e09f9
46,MEASURED,FULL_POLICY_PATH,S_ADAPT,-1,10,0,69.1553,1.7288824999999999,400,284.22937551140785,53942cbb9a8a5a64b0db98a82f4fce558f482e6886ecc097434e9fba646b0a60
47,MEASURED,FULL_POLICY_PATH,S_ADAPT,-1,10,0,68.6607,1.7165175000000001,400,284.22937551140785,53942cbb9a8a5a64b0db98a82f4fce558f482e6886ecc097434e9fba646b0a60
48,MEASURED,FULL_POLICY_PATH,S_ADAPT,-1,15,1,67.8961,1.6974025000000001,600,353.76666152477264,106a9662fdc268276fd832a53813a5d41c26843d15913d386057929c37645238
49,MEASURED,FULL_POLICY_PATH,LEARN_QUALITY,530101,10,3,427.3012,10.68253,400,97.29233640543227,e2ac0f2f414f8e7b0771e1cf681e9fa7f847877736a984a87d7eae625858a2be
50,MEASURED,FULL_POLICY_PATH,S_ADAPT,-1,15,3,108.9384,2.72346,600,386.0996204018593,252c151f42ca3b8e280b1fc6e087a8dee2153f14747c336e7dcac0134425feea
51,MEASURED,FULL_POLICY_PATH,S_ADAPT,-1,20,3,54.1535,1.3538375,800,457.9206243157387,21e3005e62f6d231cb3cc40fdf9074ca833f899ce9df57bbef5710e5840e09f9
52,MEASURED,FULL_POLICY_PATH,LEARN_QUALITY,530101,20,3,422.3076,10.55769,800,146.51983876547857,67a588433daba80df4bc1c340bf736b7fd5266dbd6db36bc042c11d3251a6616
53,MEASURED,FULL_POLICY_PATH,S_ADAPT,-1,10,0,71.2809,1.7820225,400,284.22937551140785,53942cbb9a8a5a64b0db98a82f4fce558f482e6886ecc097434e9fba646b0a60
54,MEASURED,FULL_POLICY_PATH,S_ADAPT,-1,10,3,74.2224,1.8555599999999999,400,293.82467341423035,4041c2353650ffc3521df07aeec818741f2a7f8acf14590c93615e6d8d3ced8c
55,MEASURED,FULL_POLICY_PATH,LEARN_QUALITY,530101,10,1,383.8721,9.596802499999999,400,62.94320651540613,1f16862fb35fea7c20a78a332c201ac0ebb4d60127abe43776c0618b1143b81b
56,MEASURED,FULL_POLICY_PATH,LEARN_QUALITY,530101,20,1,445.1704,11.129259999999999,800,94.47869624869647,10a79b6eb4692460620841197d21cd855c4439e299eaf5266b74fedcd9385dea
57,MEASURED,FULL_POLICY_PATH,S_ADAPT,-1,15,1,53.4345,1.3358625,600,353.76666152477264,106a9662fdc268276fd832a53813a5d41c26843d15913d386057929c37645238
58,MEASURED,FULL_POLICY_PATH,LEARN_QUALITY,530101,20,0,404.5725,10.1143125,800,111.63427928148889,572f3263127b4169ac34f08b36891d7413aed8677c721a37c36d255a3899a9b3
59,MEASURED,FULL_POLICY_PATH,LEARN_QUALITY,530101,20,0,444.9579,11.1239475,800,111.63427928148889,572f3263127b4169ac34f08b36891d7413aed8677c721a37c36d255a3899a9b3
60,MEASURED,FULL_POLICY_PATH,S_ADAPT,-1,20,0,63.9316,1.59829,800,441.55207175016403,3a221c89dcb7b438299f2f48d0eef0494bea948ec6de9698110e215c3af14aea
61,MEASURED,FULL_POLICY_PATH,S_ADAPT,-1,15,4,58.6483,1.4662074999999999,600,357.80318182706833,5938eba45c73290974057dd22f17b06e25d6b2d6c0e2628f2227edfdebb7b23b
62,MEASURED,FULL_POLICY_PATH,S_ADAPT,-1,15,0,55.1922,1.379805,600,371.3841568529606,b3004c94c0a1acc4bea41b0fbb2b1d0eba865c9be972d407e019303ca1057a20
63,MEASURED,FULL_POLICY_PATH,LEARN_QUALITY,530101,10,2,435.1182,10.877955,400,71.15188249646685,9b25952942cfac66d6dd841368d70f12dd91486c3cf6a523c8fcc245cc3f86b3
64,MEASURED,FULL_POLICY_PATH,S_ADAPT,-1,20,0,69.1003,1.7275075000000002,800,441.55207175016403,3a221c89dcb7b438299f2f48d0eef0494bea948ec6de9698110e215c3af14aea
65,MEASURED,FULL_POLICY_PATH,S_ADAPT,-1,10,2,62.7938,1.569845,400,278.2561217844486,6b879b5ecb141762cd197fdffe85d1828a5f5bb545a8ba4e2aab31ea59c47870
66,MEASURED,FULL_POLICY_PATH,S_ADAPT,-1,20,4,62.3738,1.559345,800,428.6769134104252,a4557f4ce7bfe56aa5dcd63a55abb879b843c5e934e2dfc46b1bb08a31d616cb
67,MEASURED,FULL_POLICY_PATH,S_ADAPT,-1,10,3,63.923,1.5980750000000001,400,293.82467341423035,4041c2353650ffc3521df07aeec818741f2a7f8acf14590c93615e6d8d3ced8c
68,MEASURED,FULL_POLICY_PATH,LEARN_QUALITY,530101,20,4,433.5821,10.8395525,800,107.49725294030088,a3d86880da36c46da8dc4226de2d15a21bafcbb3d3de6234525944bb5aa264e7
69,MEASURED,FULL_POLICY_PATH,S_ADAPT,-1,10,0,63.633,1.5908250000000002,400,284.22937551140785,53942cbb9a8a5a64b0db98a82f4fce558f482e6886ecc097434e9fba646b0a60
70,MEASURED,FULL_POLICY_PATH,LEARN_QUALITY,530101,15,2,428.8471,10.7211775,600,97.01479891499869,7e6d95d769c7d9687624018c1d858390f954fe241d6b8975ccdd997e695297b3
71,MEASURED,FULL_POLICY_PATH,LEARN_QUALITY,530101,10,0,415.269,10.381725,400,72.99146302310172,e7c35db7138d5e4d01b4cc857cbad087b7738d5333c1cd3599fbeb0aa1d0e715
72,MEASURED,FULL_POLICY_PATH,LEARN_QUALITY,530101,10,2,434.6511,10.866277499999999,400,71.15188249646685,9b25952942cfac66d6dd841368d70f12dd91486c3cf6a523c8fcc245cc3f86b3
73,MEASURED,FULL_POLICY_PATH,LEARN_QUALITY,530101,15,2,432.0789,10.8019725,600,97.01479891499869,7e6d95d769c7d9687624018c1d858390f954fe241d6b8975ccdd997e695297b3
74,MEASURED,FULL_POLICY_PATH,S_ADAPT,-1,15,4,68.4418,1.711045,600,357.80318182706833,5938eba45c73290974057dd22f17b06e25d6b2d6c0e2628f2227edfdebb7b23b
75,MEASURED,FULL_POLICY_PATH,S_ADAPT,-1,15,0,69.292,1.7323,600,371.3841568529606,b3004c94c0a1acc4bea41b0fbb2b1d0eba865c9be972d407e019303ca1057a20
76,MEASURED,FULL_POLICY_PATH,LEARN_QUALITY,530101,10,2,449.5278,11.238195000000001,400,71.15188249646685,9b25952942cfac66d6dd841368d70f12dd91486c3cf6a523c8fcc245cc3f86b3
77,MEASURED,FULL_POLICY_PATH,LEARN_QUALITY,530101,20,0,428.747,10.718675000000001,800,111.63427928148889,572f3263127b4169ac34f08b36891d7413aed8677c721a37c36d255a3899a9b3
78,MEASURED,FULL_POLICY_PATH,S_ADAPT,-1,20,1,64.6088,1.61522,800,415.7503350973129,6d0cb0c4405dc90387b55d6457229758e4276ae0e27c754a78dcc25cc13f41c8
79,MEASURED,FULL_POLICY_PATH,LEARN_QUALITY,530102,15,2,448.3267,11.2081675,600,96.04228128698834,1dcbf51da51c3c5c7e5aaac195fa63233a31f75b76d2b56a660384d24de891db
80,MEASURED,FULL_POLICY_PATH,LEARN_QUALITY,530101,15,4,436.9366,10.923415,600,93.15287583446096,f4a94ff0a77b6bd17929b939cf25ec2bc7ef76ebdf3f58bce2d75db46d2d99f4
81,MEASURED,FULL_POLICY_PATH,S_ADAPT,-1,15,3,69.0708,1.7267700000000001,600,386.0996204018593,252c151f42ca3b8e280b1fc6e087a8dee2153f14747c336e7dcac0134425feea
82,MEASURED,FULL_POLICY_PATH,S_ADAPT,-1,15,2,62.6627,1.5665675000000001,600,363.60913959145546,f3eef135fbf7cda7d4259deff31d97d81321154c3d403ba8eae0e13e337b36ae
83,MEASURED,FULL_POLICY_PATH,LEARN_QUALITY,530101,15,3,453.6094,11.340235,600,130.3358717953731,189881a5e1bfcc51a0b294aead80a5689fa4ff9cc9441444624324248e655954
84,MEASURED,FULL_POLICY_PATH,LEARN_QUALITY,530102,15,2,452.1862,11.304655,600,96.04228128698834,1dcbf51da51c3c5c7e5aaac195fa63233a31f75b76d2b56a660384d24de891db
85,MEASURED,FULL_POLICY_PATH,LEARN_QUALITY,530101,10,2,366.4406,9.161015,400,71.15188249646685,9b25952942cfac66d6dd841368d70f12dd91486c3cf6a523c8fcc245cc3f86b3
86,MEASURED,FULL_POLICY_PATH,S_ADAPT,-1,15,2,57.0654,1.4266349999999999,600,363.60913959145546,f3eef135fbf7cda7d4259deff31d97d81321154c3d403ba8eae0e13e337b36ae
87,MEASURED,FULL_POLICY_PATH,LEARN_QUALITY,530101,15,0,452.5176,11.312940000000001,600,97.20164785567786,5dfc6e9b928df4d0f08ff5efa0db383122234cf621cb1aff31d5dc76cea53281
88,MEASURED,FULL_POLICY_PATH,S_ADAPT,-1,20,0,54.4998,1.362495,800,441.55207175016403,3a221c89dcb7b438299f2f48d0eef0494bea948ec6de9698110e215c3af14aea
89,MEASURED,FULL_POLICY_PATH,LEARN_QUALITY,530101,15,3,348.0529,8.7013225,600,130.3358717953731,189881a5e1bfcc51a0b294aead80a5689fa4ff9cc9441444624324248e655954
90,MEASURED,FULL_POLICY_PATH,LEARN_QUALITY,530102,15,3,381.6161,9.5404025,600,130.85751169268352,193749538056523b200d7397e4f0e0851e50f5a02ca8546856390506f0dfb37a
91,MEASURED,FULL_POLICY_PATH,S_ADAPT,-1,20,3,52.5771,1.3144275,800,457.9206243157387,21e3005e62f6d231cb3cc40fdf9074ca833f899ce9df57bbef5710e5840e09f9
92,MEASURED,FULL_POLICY_PATH,S_ADAPT,-1,20,0,52.9678,1.324195,800,441.55207175016403,3a221c89dcb7b438299f2f48d0eef0494bea948ec6de9698110e215c3af14aea
93,MEASURED,FULL_POLICY_PATH,S_ADAPT,-1,15,2,77.8452,1.9461300000000001,600,363.60913959145546,f3eef135fbf7cda7d4259deff31d97d81321154c3d403ba8eae0e13e337b36ae
94,MEASURED,FULL_POLICY_PATH,S_ADAPT,-1,10,2,99.0939,2.4773475,400,278.2561217844486,6b879b5ecb141762cd197fdffe85d1828a5f5bb545a8ba4e2aab31ea59c47870
95,MEASURED,FULL_POLICY_PATH,S_ADAPT,-1,20,1,51.4417,1.2860425,800,415.7503350973129,6d0cb0c4405dc90387b55d6457229758e4276ae0e27c754a78dcc25cc13f41c8
96,MEASURED,FULL_POLICY_PATH,S_ADAPT,-1,10,2,52.6964,1.31741,400,278.2561217844486,6b879b5ecb141762cd197fdffe85d1828a5f5bb545a8ba4e2aab31ea59c47870
97,MEASURED,FULL_POLICY_PATH,S_ADAPT,-1,15,3,48.8716,1.22179,600,386.0996204018593,252c151f42ca3b8e280b1fc6e087a8dee2153f14747c336e7dcac0134425feea
98,MEASURED,FULL_POLICY_PATH,LEARN_QUALITY,530101,20,2,367.1639,9.179097500000001,800,109.65310171004846,7fa0870805ff4cf7f09e6127254261b25246cc80f569411aae3dc5104d2933cc
99,MEASURED,FULL_POLICY_PATH,S_ADAPT,-1,20,0,65.4385,1.6359625000000002,800,441.55207175016403,3a221c89dcb7b438299f2f48d0eef0494bea948ec6de9698110e215c3af14aea
100,MEASURED,FULL_POLICY_PATH,S_ADAPT,-1,15,1,70.3405,1.7585125000000001,600,353.76666152477264,106a9662fdc268276fd832a53813a5d41c26843d15913d386057929c37645238
101,MEASURED,FULL_POLICY_PATH,S_ADAPT,-1,20,1,54.314,1.35785,800,415.7503350973129,6d0cb0c4405dc90387b55d6457229758e4276ae0e27c754a78dcc25cc13f41c8
102,MEASURED,FULL_POLICY_PATH,LEARN_QUALITY,530101,20,2,399.8234,9.995585,800,109.65310171004846,7fa0870805ff4cf7f09e6127254261b25246cc80f569411aae3dc5104d2933cc
103,MEASURED,FULL_POLICY_PATH,LEARN_QUALITY,530101,10,0,383.4955,9.5873875,400,72.99146302310172,e7c35db7138d5e4d01b4cc857cbad087b7738d5333c1cd3599fbeb0aa1d0e715
104,MEASURED,FULL_POLICY_PATH,S_ADAPT,-1,15,2,66.1944,1.65486,600,363.60913959145546,f3eef135fbf7cda7d4259deff31d97d81321154c3d403ba8eae0e13e337b36ae
105,MEASURED,FULL_POLICY_PATH,LEARN_QUALITY,530101,15,3,404.6945,10.1173625,600,130.3358717953731,189881a5e1bfcc51a0b294aead80a5689fa4ff9cc9441444624324248e655954
106,MEASURED,FULL_POLICY_PATH,LEARN_QUALITY,530101,15,2,428.3723,10.7093075,600,97.01479891499869,7e6d95d769c7d9687624018c1d858390f954fe241d6b8975ccdd997e695297b3
107,MEASURED,FULL_POLICY_PATH,LEARN_QUALITY,530101,20,4,448.5009,11.2125225,800,107.49725294030088,a3d86880da36c46da8dc4226de2d15a21bafcbb3d3de6234525944bb5aa264e7
108,MEASURED,FULL_POLICY_PATH,S_ADAPT,-1,10,4,66.9532,1.67383,400,271.37676933407784,88737f813284457f30f2c69d44f68791f7370e2c49c928c86777821b577f4051
109,MEASURED,FULL_POLICY_PATH,LEARN_QUALITY,530102,15,3,455.2054,11.380135,600,130.85751169268352,193749538056523b200d7397e4f0e0851e50f5a02ca8546856390506f0dfb37a
110,MEASURED,FULL_POLICY_PATH,LEARN_QUALITY,530101,15,2,446.6784,11.16696,600,97.01479891499869,7e6d95d769c7d9687624018c1d858390f954fe241d6b8975ccdd997e695297b3
111,MEASURED,FULL_POLICY_PATH,S_ADAPT,-1,15,0,68.232,1.7058,600,371.3841568529606,b3004c94c0a1acc4bea41b0fbb2b1d0eba865c9be972d407e019303ca1057a20
112,MEASURED,FULL_POLICY_PATH,LEARN_QUALITY,530101,10,2,442.5725,11.0643125,400,71.15188249646685,9b25952942cfac66d6dd841368d70f12dd91486c3cf6a523c8fcc245cc3f86b3
113,MEASURED,FULL_POLICY_PATH,LEARN_QUALITY,530101,10,4,451.5555,11.2888875,400,68.38854427300772,28b79183e97c33c01ad9eb08a621cfb39e8a80e95d38c09997c1d42fc0bd92aa
114,MEASURED,FULL_POLICY_PATH,LEARN_QUALITY,530101,15,4,461.5872,11.53968,600,93.15287583446096,f4a94ff0a77b6bd17929b939cf25ec2bc7ef76ebdf3f58bce2d75db46d2d99f4
115,MEASURED,FULL_POLICY_PATH,LEARN_QUALITY,530101,20,1,461.4737,11.5368425,800,94.47869624869647,10a79b6eb4692460620841197d21cd855c4439e299eaf5266b74fedcd9385dea
116,MEASURED,FULL_POLICY_PATH,LEARN_QUALITY,530101,20,3,453.0843,11.3271075,800,146.51983876547857,67a588433daba80df4bc1c340bf736b7fd5266dbd6db36bc042c11d3251a6616
117,MEASURED,FULL_POLICY_PATH,LEARN_QUALITY,530101,20,4,450.0413,11.251032499999999,800,107.49725294030088,a3d86880da36c46da8dc4226de2d15a21bafcbb3d3de6234525944bb5aa264e7
118,MEASURED,FULL_POLICY_PATH,LEARN_QUALITY,530101,15,2,464.8417,11.6210425,600,97.01479891499869,7e6d95d769c7d9687624018c1d858390f954fe241d6b8975ccdd997e695297b3
119,MEASURED,FULL_POLICY_PATH,LEARN_QUALITY,530101,15,1,382.1186,9.552965,600,83.67778409735129,ef43848fe57bfab6314f95d3543e966a8b08c097b3706610f18e7b16785f617f
120,MEASURED,FULL_POLICY_PATH,S_ADAPT,-1,20,4,61.2178,1.5304449999999998,800,428.6769134104252,a4557f4ce7bfe56aa5dcd63a55abb879b843c5e934e2dfc46b1bb08a31d616cb
121,MEASURED,FULL_POLICY_PATH,S_ADAPT,-1,20,0,64.2036,1.60509,800,441.55207175016403,3a221c89dcb7b438299f2f48d0eef0494bea948ec6de9698110e215c3af14aea
122,MEASURED,FULL_POLICY_PATH,LEARN_QUALITY,530103,15,4,443.0851,11.0771275,600,93.01931417529349,0302d9d11a400a5f75be337b77cb9f1a774cb0b02cff8e4381123741ad21c4e2
123,MEASURED,FULL_POLICY_PATH,S_ADAPT,-1,15,1,67.0621,1.6765525000000001,600,353.76666152477264,106a9662fdc268276fd832a53813a5d41c26843d15913d386057929c37645238
124,MEASURED,FULL_POLICY_PATH,LEARN_QUALITY,530101,15,2,400.6033,10.0150825,600,97.01479891499869,7e6d95d769c7d9687624018c1d858390f954fe241d6b8975ccdd997e695297b3
125,MEASURED,FULL_POLICY_PATH,LEARN_QUALITY,530101,15,3,385.4919,9.637297499999999,600,130.3358717953731,189881a5e1bfcc51a0b294aead80a5689fa4ff9cc9441444624324248e655954
126,MEASURED,FULL_POLICY_PATH,LEARN_QUALITY,530102,15,0,437.1864,10.92966,600,96.3514626422152,9dff4ff3595f7282773433d8e48247a346ae17ad64e3c6f265669ce8d1786f5a
127,MEASURED,FULL_POLICY_PATH,LEARN_QUALITY,530101,10,1,408.6876,10.217189999999999,400,62.94320651540613,1f16862fb35fea7c20a78a332c201ac0ebb4d60127abe43776c0618b1143b81b
128,MEASURED,FULL_POLICY_PATH,S_ADAPT,-1,20,4,62.1634,1.5540850000000002,800,428.6769134104252,a4557f4ce7bfe56aa5dcd63a55abb879b843c5e934e2dfc46b1bb08a31d616cb
129,MEASURED,FULL_POLICY_PATH,S_ADAPT,-1,20,2,56.8375,1.4209375,800,432.81260257959366,e79987f149cce4d4391ef92c6a97c1d767fd16cd492c031ea4af70e8451de98c
130,MEASURED,FULL_POLICY_PATH,LEARN_QUALITY,530101,20,1,440.2577,11.0064425,800,94.47869624869647,10a79b6eb4692460620841197d21cd855c4439e299eaf5266b74fedcd9385dea
131,MEASURED,FULL_POLICY_PATH,LEARN_QUALITY,530101,10,2,424.9857,10.6246425,400,71.15188249646685,9b25952942cfac66d6dd841368d70f12dd91486c3cf6a523c8fcc245cc3f86b3
132,MEASURED,FULL_POLICY_PATH,LEARN_QUALITY,530101,10,1,421.0668,10.52667,400,62.94320651540613,1f16862fb35fea7c20a78a332c201ac0ebb4d60127abe43776c0618b1143b81b
133,MEASURED,FULL_POLICY_PATH,LEARN_QUALITY,530101,10,1,463.243,11.581075,400,62.94320651540613,1f16862fb35fea7c20a78a332c201ac0ebb4d60127abe43776c0618b1143b81b
134,MEASURED,FULL_POLICY_PATH,LEARN_QUALITY,530101,10,2,423.4636,10.58659,400,71.15188249646685,9b25952942cfac66d6dd841368d70f12dd91486c3cf6a523c8fcc245cc3f86b3
135,MEASURED,FULL_POLICY_PATH,LEARN_QUALITY,530101,20,2,429.8318,10.745795,800,109.65310171004846,7fa0870805ff4cf7f09e6127254261b25246cc80f569411aae3dc5104d2933cc
136,MEASURED,FULL_POLICY_PATH,S_ADAPT,-1,10,0,64.4904,1.6122599999999998,400,284.22937551140785,53942cbb9a8a5a64b0db98a82f4fce558f482e6886ecc097434e9fba646b0a60
137,MEASURED,FULL_POLICY_PATH,S_ADAPT,-1,10,4,81.9164,2.04791,400,271.37676933407784,88737f813284457f30f2c69d44f68791f7370e2c49c928c86777821b577f4051
138,MEASURED,FULL_POLICY_PATH,LEARN_QUALITY,530101,10,1,416.9346,10.423365,400,62.94320651540613,1f16862fb35fea7c20a78a332c201ac0ebb4d60127abe43776c0618b1143b81b
139,MEASURED,FULL_POLICY_PATH,S_ADAPT,-1,15,3,68.2077,1.7051925,600,386.0996204018593,252c151f42ca3b8e280b1fc6e087a8dee2153f14747c336e7dcac0134425feea
140,MEASURED,FULL_POLICY_PATH,S_ADAPT,-1,15,1,66.2184,1.6554600000000002,600,353.76666152477264,106a9662fdc268276fd832a53813a5d41c26843d15913d386057929c37645238
141,MEASURED,FULL_POLICY_PATH,LEARN_QUALITY,530101,15,1,454.7631,11.3690775,600,83.67778409735129,ef43848fe57bfab6314f95d3543e966a8b08c097b3706610f18e7b16785f617f
142,MEASURED,FULL_POLICY_PATH,LEARN_QUALITY,530101,15,1,435.16,10.879000000000001,600,83.67778409735129,ef43848fe57bfab6314f95d3543e966a8b08c097b3706610f18e7b16785f617f
143,MEASURED,FULL_POLICY_PATH,S_ADAPT,-1,15,3,66.2081,1.6552025000000001,600,386.0996204018593,252c151f42ca3b8e280b1fc6e087a8dee2153f14747c336e7dcac0134425feea
144,MEASURED,FULL_POLICY_PATH,S_ADAPT,-1,20,0,62.4579,1.5614475,800,441.55207175016403,3a221c89dcb7b438299f2f48d0eef0494bea948ec6de9698110e215c3af14aea
145,MEASURED,FULL_POLICY_PATH,LEARN_QUALITY,530101,10,1,440.8934,11.022335,400,62.94320651540613,1f16862fb35fea7c20a78a332c201ac0ebb4d60127abe43776c0618b1143b81b
146,MEASURED,FULL_POLICY_PATH,LEARN_QUALITY,530101,20,3,472.6319,11.815797499999999,800,146.51983876547857,67a588433daba80df4bc1c340bf736b7fd5266dbd6db36bc042c11d3251a6616
147,MEASURED,FULL_POLICY_PATH,S_ADAPT,-1,10,4,68.5278,1.713195,400,271.37676933407784,88737f813284457f30f2c69d44f68791f7370e2c49c928c86777821b577f4051
148,MEASURED,FULL_POLICY_PATH,LEARN_QUALITY,530101,20,3,447.2469,11.181172499999999,800,146.51983876547857,67a588433daba80df4bc1c340bf736b7fd5266dbd6db36bc042c11d3251a6616
149,MEASURED,FULL_POLICY_PATH,S_ADAPT,-1,10,1,67.3732,1.6843299999999999,400,275.9327971637249,1ce6b8ff41cb97b662aedc7ad8bedd7c817837cf26b99fc81f6d1ec0c5c1c3ce
150,MEASURED,FULL_POLICY_PATH,LEARN_QUALITY,530101,20,2,480.7449,12.0186225,800,109.65310171004846,7fa0870805ff4cf7f09e6127254261b25246cc80f569411aae3dc5104d2933cc
151,MEASURED,FULL_POLICY_PATH,S_ADAPT,-1,10,3,50.7796,1.26949,400,293.82467341423035,4041c2353650ffc3521df07aeec818741f2a7f8acf14590c93615e6d8d3ced8c
152,MEASURED,FULL_POLICY_PATH,S_ADAPT,-1,10,2,57.6678,1.441695,400,278.2561217844486,6b879b5ecb141762cd197fdffe85d1828a5f5bb545a8ba4e2aab31ea59c47870
153,MEASURED,FULL_POLICY_PATH,S_ADAPT,-1,10,4,55.3375,1.3834374999999999,400,271.37676933407784,88737f813284457f30f2c69d44f68791f7370e2c49c928c86777821b577f4051
154,MEASURED,FULL_POLICY_PATH,S_ADAPT,-1,20,3,51.9761,1.2994025,800,457.9206243157387,21e3005e62f6d231cb3cc40fdf9074ca833f899ce9df57bbef5710e5840e09f9
155,MEASURED,FULL_POLICY_PATH,LEARN_QUALITY,530101,20,0,376.9282,9.423205,800,111.63427928148889,572f3263127b4169ac34f08b36891d7413aed8677c721a37c36d255a3899a9b3
156,MEASURED,FULL_POLICY_PATH,S_ADAPT,-1,20,4,49.8624,1.2465600000000001,800,428.6769134104252,a4557f4ce7bfe56aa5dcd63a55abb879b843c5e934e2dfc46b1bb08a31d616cb
157,MEASURED,FULL_POLICY_PATH,LEARN_QUALITY,530101,10,2,374.9425,9.3735625,400,71.15188249646685,9b25952942cfac66d6dd841368d70f12dd91486c3cf6a523c8fcc245cc3f86b3
158,MEASURED,FULL_POLICY_PATH,S_ADAPT,-1,20,4,109.8017,2.7450425,800,428.6769134104252,a4557f4ce7bfe56aa5dcd63a55abb879b843c5e934e2dfc46b1bb08a31d616cb
159,MEASURED,FULL_POLICY_PATH,LEARN_QUALITY,530103,15,4,407.5988,10.189969999999999,600,93.01931417529349,0302d9d11a400a5f75be337b77cb9f1a774cb0b02cff8e4381123741ad21c4e2
160,MEASURED,FULL_POLICY_PATH,LEARN_QUALITY,530101,15,2,386.6551,9.6663775,600,97.01479891499869,7e6d95d769c7d9687624018c1d858390f954fe241d6b8975ccdd997e695297b3
161,MEASURED,FULL_POLICY_PATH,LEARN_QUALITY,530101,10,3,424.2579,10.6064475,400,97.29233640543227,e2ac0f2f414f8e7b0771e1cf681e9fa7f847877736a984a87d7eae625858a2be
162,MEASURED,FULL_POLICY_PATH,LEARN_QUALITY,530101,15,4,361.9851,9.0496275,600,93.15287583446096,f4a94ff0a77b6bd17929b939cf25ec2bc7ef76ebdf3f58bce2d75db46d2d99f4
163,MEASURED,FULL_POLICY_PATH,LEARN_QUALITY,530101,20,2,382.3936,9.55984,800,109.65310171004846,7fa0870805ff4cf7f09e6127254261b25246cc80f569411aae3dc5104d2933cc
164,MEASURED,FULL_POLICY_PATH,LEARN_QUALITY,530101,15,2,452.8692,11.321729999999999,600,97.01479891499869,7e6d95d769c7d9687624018c1d858390f954fe241d6b8975ccdd997e695297b3
165,MEASURED,FULL_POLICY_PATH,S_ADAPT,-1,10,4,74.4717,1.8617925,400,271.37676933407784,88737f813284457f30f2c69d44f68791f7370e2c49c928c86777821b577f4051
166,MEASURED,FULL_POLICY_PATH,S_ADAPT,-1,15,2,67.1134,1.677835,600,363.60913959145546,f3eef135fbf7cda7d4259deff31d97d81321154c3d403ba8eae0e13e337b36ae
167,MEASURED,FULL_POLICY_PATH,S_ADAPT,-1,10,3,66.2906,1.657265,400,293.82467341423035,4041c2353650ffc3521df07aeec818741f2a7f8acf14590c93615e6d8d3ced8c
168,MEASURED,FULL_POLICY_PATH,S_ADAPT,-1,20,1,65.1775,1.6294374999999999,800,415.7503350973129,6d0cb0c4405dc90387b55d6457229758e4276ae0e27c754a78dcc25cc13f41c8
169,MEASURED,FULL_POLICY_PATH,LEARN_QUALITY,530103,15,1,426.1835,10.6545875,600,89.4662974903967,bff6741b3772ab020c60b8d6bf7bdcb60fda36d4e6f9f0f5e9a7a79ef7429f69
170,MEASURED,FULL_POLICY_PATH,LEARN_QUALITY,530101,15,0,467.8602,11.696505,600,97.20164785567786,5dfc6e9b928df4d0f08ff5efa0db383122234cf621cb1aff31d5dc76cea53281
171,MEASURED,FULL_POLICY_PATH,LEARN_QUALITY,530101,10,3,438.4617,10.9615425,400,97.29233640543227,e2ac0f2f414f8e7b0771e1cf681e9fa7f847877736a984a87d7eae625858a2be
172,MEASURED,FULL_POLICY_PATH,S_ADAPT,-1,15,3,62.2395,1.5559875,600,386.0996204018593,252c151f42ca3b8e280b1fc6e087a8dee2153f14747c336e7dcac0134425feea
173,MEASURED,FULL_POLICY_PATH,LEARN_QUALITY,530101,10,2,456.5737,11.4143425,400,71.15188249646685,9b25952942cfac66d6dd841368d70f12dd91486c3cf6a523c8fcc245cc3f86b3
174,MEASURED,FULL_POLICY_PATH,S_ADAPT,-1,15,3,70.3963,1.7599075,600,386.0996204018593,252c151f42ca3b8e280b1fc6e087a8dee2153f14747c336e7dcac0134425feea
175,MEASURED,FULL_POLICY_PATH,S_ADAPT,-1,20,2,65.428,1.6357,800,432.81260257959366,e79987f149cce4d4391ef92c6a97c1d767fd16cd492c031ea4af70e8451de98c
176,MEASURED,FULL_POLICY_PATH,LEARN_QUALITY,530102,15,0,413.0698,10.326744999999999,600,96.3514626422152,9dff4ff3595f7282773433d8e48247a346ae17ad64e3c6f265669ce8d1786f5a
177,MEASURED,FULL_POLICY_PATH,LEARN_QUALITY,530101,15,2,423.397,10.584925,600,97.01479891499869,7e6d95d769c7d9687624018c1d858390f954fe241d6b8975ccdd997e695297b3
178,MEASURED,FULL_POLICY_PATH,LEARN_QUALITY,530101,10,0,430.9227,10.7730675,400,72.99146302310172,e7c35db7138d5e4d01b4cc857cbad087b7738d5333c1cd3599fbeb0aa1d0e715
179,MEASURED,FULL_POLICY_PATH,S_ADAPT,-1,10,2,60.3068,1.50767,400,278.2561217844486,6b879b5ecb141762cd197fdffe85d1828a5f5bb545a8ba4e2aab31ea59c47870
180,MEASURED,FULL_POLICY_PATH,S_ADAPT,-1,10,0,65.6676,1.6416899999999999,400,284.22937551140785,53942cbb9a8a5a64b0db98a82f4fce558f482e6886ecc097434e9fba646b0a60
181,MEASURED,FULL_POLICY_PATH,S_ADAPT,-1,15,0,66.1644,1.65411,600,371.3841568529606,b3004c94c0a1acc4bea41b0fbb2b1d0eba865c9be972d407e019303ca1057a20
182,MEASURED,FULL_POLICY_PATH,S_ADAPT,-1,15,2,67.4709,1.6867725,600,363.60913959145546,f3eef135fbf7cda7d4259deff31d97d81321154c3d403ba8eae0e13e337b36ae
183,MEASURED,FULL_POLICY_PATH,LEARN_QUALITY,530101,20,3,420.6288,10.51572,800,146.51983876547857,67a588433daba80df4bc1c340bf736b7fd5266dbd6db36bc042c11d3251a6616
184,MEASURED,FULL_POLICY_PATH,LEARN_QUALITY,530102,15,4,458.6096,11.46524,600,94.20600829482585,9334d67cd56603b999fb118047ee6ce048ff3dc1be3abf064042825e10d5208b
185,MEASURED,FULL_POLICY_PATH,LEARN_QUALITY,530101,20,4,428.6146,10.715365,800,107.49725294030088,a3d86880da36c46da8dc4226de2d15a21bafcbb3d3de6234525944bb5aa264e7
186,MEASURED,FULL_POLICY_PATH,LEARN_QUALITY,530102,15,0,386.6264,9.665659999999999,600,96.3514626422152,9dff4ff3595f7282773433d8e48247a346ae17ad64e3c6f265669ce8d1786f5a
187,MEASURED,FULL_POLICY_PATH,LEARN_QUALITY,530101,10,3,450.3667,11.2591675,400,97.29233640543227,e2ac0f2f414f8e7b0771e1cf681e9fa7f847877736a984a87d7eae625858a2be
188,MEASURED,FULL_POLICY_PATH,S_ADAPT,-1,10,2,61.4464,1.53616,400,278.2561217844486,6b879b5ecb141762cd197fdffe85d1828a5f5bb545a8ba4e2aab31ea59c47870
189,MEASURED,FULL_POLICY_PATH,LEARN_QUALITY,530103,15,3,407.4794,10.186985,600,128.91935920997827,d93fd818664fe8939762cb0968ba5cd4c12fa8ac131c19dd7cc9e8b43f9c9b9f
190,MEASURED,FULL_POLICY_PATH,S_ADAPT,-1,10,1,57.7417,1.4435425,400,275.9327971637249,1ce6b8ff41cb97b662aedc7ad8bedd7c817837cf26b99fc81f6d1ec0c5c1c3ce
191,MEASURED,FULL_POLICY_PATH,S_ADAPT,-1,15,1,61.6986,1.542465,600,353.76666152477264,106a9662fdc268276fd832a53813a5d41c26843d15913d386057929c37645238
192,MEASURED,FULL_POLICY_PATH,S_ADAPT,-1,20,1,53.3009,1.3325225,800,415.7503350973129,6d0cb0c4405dc90387b55d6457229758e4276ae0e27c754a78dcc25cc13f41c8
193,MEASURED,FULL_POLICY_PATH,S_ADAPT,-1,15,2,51.7328,1.29332,600,363.60913959145546,f3eef135fbf7cda7d4259deff31d97d81321154c3d403ba8eae0e13e337b36ae
194,MEASURED,FULL_POLICY_PATH,LEARN_QUALITY,530103,15,2,441.8487,11.046217500000001,600,93.52989977987787,d134b305a089ef9dba656b1b2ed534218fae619f336c6be1705f6487da611eae
195,MEASURED,FULL_POLICY_PATH,LEARN_QUALITY,530103,15,0,388.5339,9.713347500000001,600,97.23300665858619,96f63382c5fbe6ecfa278de26ef88164348acb939a5bbd361a9e1772a00d4d50
196,MEASURED,FULL_POLICY_PATH,S_ADAPT,-1,15,2,59.6931,1.4923275,600,363.60913959145546,f3eef135fbf7cda7d4259deff31d97d81321154c3d403ba8eae0e13e337b36ae
197,MEASURED,FULL_POLICY_PATH,S_ADAPT,-1,15,3,54.267,1.356675,600,386.0996204018593,252c151f42ca3b8e280b1fc6e087a8dee2153f14747c336e7dcac0134425feea
198,MEASURED,FULL_POLICY_PATH,S_ADAPT,-1,15,4,57.0139,1.4253475,600,357.80318182706833,5938eba45c73290974057dd22f17b06e25d6b2d6c0e2628f2227edfdebb7b23b
199,MEASURED,FULL_POLICY_PATH,LEARN_QUALITY,530101,10,2,433.7813,10.8445325,400,71.15188249646685,9b25952942cfac66d6dd841368d70f12dd91486c3cf6a523c8fcc245cc3f86b3
200,MEASURED,FULL_POLICY_PATH,LEARN_QUALITY,530103,15,1,405.8835,10.147087500000001,600,89.4662974903967,bff6741b3772ab020c60b8d6bf7bdcb60fda36d4e6f9f0f5e9a7a79ef7429f69
201,MEASURED,FULL_POLICY_PATH,LEARN_QUALITY,530101,20,3,412.5429,10.3135725,800,146.51983876547857,67a588433daba80df4bc1c340bf736b7fd5266dbd6db36bc042c11d3251a6616
202,MEASURED,FULL_POLICY_PATH,LEARN_QUALITY,530101,15,4,426.4152,10.66038,600,93.15287583446096,f4a94ff0a77b6bd17929b939cf25ec2bc7ef76ebdf3f58bce2d75db46d2d99f4
203,MEASURED,FULL_POLICY_PATH,S_ADAPT,-1,15,3,64.603,1.6150749999999998,600,386.0996204018593,252c151f42ca3b8e280b1fc6e087a8dee2153f14747c336e7dcac0134425feea
204,MEASURED,FULL_POLICY_PATH,LEARN_QUALITY,530102,15,0,456.7924,11.41981,600,96.3514626422152,9dff4ff3595f7282773433d8e48247a346ae17ad64e3c6f265669ce8d1786f5a
205,MEASURED,FULL_POLICY_PATH,LEARN_QUALITY,530102,15,3,465.4966,11.637415,600,130.85751169268352,193749538056523b200d7397e4f0e0851e50f5a02ca8546856390506f0dfb37a
206,MEASURED,FULL_POLICY_PATH,LEARN_QUALITY,530101,20,3,465.7187,11.642967500000001,800,146.51983876547857,67a588433daba80df4bc1c340bf736b7fd5266dbd6db36bc042c11d3251a6616
207,MEASURED,FULL_POLICY_PATH,S_ADAPT,-1,20,3,68.3165,1.7079125000000002,800,457.9206243157387,21e3005e62f6d231cb3cc40fdf9074ca833f899ce9df57bbef5710e5840e09f9
208,MEASURED,FULL_POLICY_PATH,LEARN_QUALITY,530101,20,0,453.8091,11.3452275,800,111.63427928148889,572f3263127b4169ac34f08b36891d7413aed8677c721a37c36d255a3899a9b3
209,MEASURED,FULL_POLICY_PATH,LEARN_QUALITY,530101,10,3,442.4594,11.061485000000001,400,97.29233640543227,e2ac0f2f414f8e7b0771e1cf681e9fa7f847877736a984a87d7eae625858a2be
210,MEASURED,FULL_POLICY_PATH,LEARN_QUALITY,530103,15,0,449.7582,11.243955,600,97.23300665858619,96f63382c5fbe6ecfa278de26ef88164348acb939a5bbd361a9e1772a00d4d50
211,MEASURED,FULL_POLICY_PATH,LEARN_QUALITY,530101,10,0,448.1641,11.204102500000001,400,72.99146302310172,e7c35db7138d5e4d01b4cc857cbad087b7738d5333c1cd3599fbeb0aa1d0e715
212,MEASURED,FULL_POLICY_PATH,S_ADAPT,-1,20,4,68.5614,1.7140350000000002,800,428.6769134104252,a4557f4ce7bfe56aa5dcd63a55abb879b843c5e934e2dfc46b1bb08a31d616cb
213,MEASURED,FULL_POLICY_PATH,LEARN_QUALITY,530103,15,2,457.3455,11.4336375,600,93.52989977987787,d134b305a089ef9dba656b1b2ed534218fae619f336c6be1705f6487da611eae
214,MEASURED,FULL_POLICY_PATH,LEARN_QUALITY,530101,15,0,461.183,11.529575,600,97.20164785567786,5dfc6e9b928df4d0f08ff5efa0db383122234cf621cb1aff31d5dc76cea53281
215,MEASURED,FULL_POLICY_PATH,S_ADAPT,-1,10,3,91.7872,2.29468,400,293.82467341423035,4041c2353650ffc3521df07aeec818741f2a7f8acf14590c93615e6d8d3ced8c
216,MEASURED,FULL_POLICY_PATH,S_ADAPT,-1,15,4,69.3084,1.7327100000000002,600,357.80318182706833,5938eba45c73290974057dd22f17b06e25d6b2d6c0e2628f2227edfdebb7b23b
217,MEASURED,FULL_POLICY_PATH,LEARN_QUALITY,530103,15,0,411.1226,10.278065,600,97.23300665858619,96f63382c5fbe6ecfa278de26ef88164348acb939a5bbd361a9e1772a00d4d50
218,MEASURED,FULL_POLICY_PATH,S_ADAPT,-1,10,1,56.1207,1.4030175,400,275.9327971637249,1ce6b8ff41cb97b662aedc7ad8bedd7c817837cf26b99fc81f6d1ec0c5c1c3ce
219,MEASURED,FULL_POLICY_PATH,S_ADAPT,-1,15,1,58.2514,1.4562849999999998,600,353.76666152477264,106a9662fdc268276fd832a53813a5d41c26843d15913d386057929c37645238
220,MEASURED,FULL_POLICY_PATH,S_ADAPT,-1,20,3,51.7726,1.2943149999999999,800,457.9206243157387,21e3005e62f6d231cb3cc40fdf9074ca833f899ce9df57bbef5710e5840e09f9
221,MEASURED,FULL_POLICY_PATH,S_ADAPT,-1,15,0,68.0877,1.7021925,600,371.3841568529606,b3004c94c0a1acc4bea41b0fbb2b1d0eba865c9be972d407e019303ca1057a20
222,MEASURED,FULL_POLICY_PATH,S_ADAPT,-1,15,0,61.1558,1.528895,600,371.3841568529606,b3004c94c0a1acc4bea41b0fbb2b1d0eba865c9be972d407e019303ca1057a20
223,MEASURED,FULL_POLICY_PATH,LEARN_QUALITY,530103,15,2,456.6154,11.415385,600,93.52989977987787,d134b305a089ef9dba656b1b2ed534218fae619f336c6be1705f6487da611eae
224,MEASURED,FULL_POLICY_PATH,LEARN_QUALITY,530102,15,0,391.575,9.789375,600,96.3514626422152,9dff4ff3595f7282773433d8e48247a346ae17ad64e3c6f265669ce8d1786f5a
225,MEASURED,FULL_POLICY_PATH,LEARN_QUALITY,530101,15,3,403.0262,10.075655000000001,600,130.3358717953731,189881a5e1bfcc51a0b294aead80a5689fa4ff9cc9441444624324248e655954
226,MEASURED,FULL_POLICY_PATH,LEARN_QUALITY,530101,15,1,439.5101,10.987752500000001,600,83.67778409735129,ef43848fe57bfab6314f95d3543e966a8b08c097b3706610f18e7b16785f617f
227,MEASURED,FULL_POLICY_PATH,LEARN_QUALITY,530101,10,0,377.5581,9.438952500000001,400,72.99146302310172,e7c35db7138d5e4d01b4cc857cbad087b7738d5333c1cd3599fbeb0aa1d0e715
228,MEASURED,FULL_POLICY_PATH,LEARN_QUALITY,530101,10,1,362.8995,9.0724875,400,62.94320651540613,1f16862fb35fea7c20a78a332c201ac0ebb4d60127abe43776c0618b1143b81b
229,MEASURED,FULL_POLICY_PATH,LEARN_QUALITY,530101,15,1,422.9251,10.5731275,600,83.67778409735129,ef43848fe57bfab6314f95d3543e966a8b08c097b3706610f18e7b16785f617f
230,MEASURED,FULL_POLICY_PATH,LEARN_QUALITY,530101,10,2,374.3259,9.3581475,400,71.15188249646685,9b25952942cfac66d6dd841368d70f12dd91486c3cf6a523c8fcc245cc3f86b3
231,MEASURED,FULL_POLICY_PATH,LEARN_QUALITY,530101,20,1,426.031,10.650775,800,94.47869624869647,10a79b6eb4692460620841197d21cd855c4439e299eaf5266b74fedcd9385dea
232,MEASURED,FULL_POLICY_PATH,LEARN_QUALITY,530103,15,1,461.5276,11.53819,600,89.4662974903967,bff6741b3772ab020c60b8d6bf7bdcb60fda36d4e6f9f0f5e9a7a79ef7429f69
233,MEASURED,FULL_POLICY_PATH,S_ADAPT,-1,15,2,65.5864,1.63966,600,363.60913959145546,f3eef135fbf7cda7d4259deff31d97d81321154c3d403ba8eae0e13e337b36ae
234,MEASURED,FULL_POLICY_PATH,LEARN_QUALITY,530101,15,4,424.5738,10.614345,600,93.15287583446096,f4a94ff0a77b6bd17929b939cf25ec2bc7ef76ebdf3f58bce2d75db46d2d99f4
235,MEASURED,FULL_POLICY_PATH,S_ADAPT,-1,10,3,72.8313,1.8207825,400,293.82467341423035,4041c2353650ffc3521df07aeec818741f2a7f8acf14590c93615e6d8d3ced8c
236,MEASURED,FULL_POLICY_PATH,LEARN_QUALITY,530103,15,0,439.6887,10.992217499999999,600,97.23300665858619,96f63382c5fbe6ecfa278de26ef88164348acb939a5bbd361a9e1772a00d4d50
237,MEASURED,FULL_POLICY_PATH,LEARN_QUALITY,530101,15,4,447.6592,11.19148,600,93.15287583446096,f4a94ff0a77b6bd17929b939cf25ec2bc7ef76ebdf3f58bce2d75db46d2d99f4
238,MEASURED,FULL_POLICY_PATH,S_ADAPT,-1,15,4,70.0213,1.7505324999999998,600,357.80318182706833,5938eba45c73290974057dd22f17b06e25d6b2d6c0e2628f2227edfdebb7b23b
239,MEASURED,FULL_POLICY_PATH,LEARN_QUALITY,530101,10,0,444.7963,11.1199075,400,72.99146302310172,e7c35db7138d5e4d01b4cc857cbad087b7738d5333c1cd3599fbeb0aa1d0e715
240,MEASURED,FULL_POLICY_PATH,LEARN_QUALITY,530101,20,2,452.0479,11.3011975,800,109.65310171004846,7fa0870805ff4cf7f09e6127254261b25246cc80f569411aae3dc5104d2933cc
241,MEASURED,FULL_POLICY_PATH,LEARN_QUALITY,530101,15,3,445.3202,11.133005,600,130.3358717953731,189881a5e1bfcc51a0b294aead80a5689fa4ff9cc9441444624324248e655954
242,MEASURED,FULL_POLICY_PATH,S_ADAPT,-1,10,4,68.0757,1.7018925,400,271.37676933407784,88737f813284457f30f2c69d44f68791f7370e2c49c928c86777821b577f4051
243,MEASURED,FULL_POLICY_PATH,LEARN_QUALITY,530101,20,0,465.8909,11.6472725,800,111.63427928148889,572f3263127b4169ac34f08b36891d7413aed8677c721a37c36d255a3899a9b3
244,MEASURED,FULL_POLICY_PATH,LEARN_QUALITY,530101,10,4,418.6214,10.465535,400,68.38854427300772,28b79183e97c33c01ad9eb08a621cfb39e8a80e95d38c09997c1d42fc0bd92aa
245,MEASURED,FULL_POLICY_PATH,LEARN_QUALITY,530102,15,3,456.1383,11.4034575,600,130.85751169268352,193749538056523b200d7397e4f0e0851e50f5a02ca8546856390506f0dfb37a
246,MEASURED,FULL_POLICY_PATH,LEARN_QUALITY,530101,10,4,416.8763,10.4219075,400,68.38854427300772,28b79183e97c33c01ad9eb08a621cfb39e8a80e95d38c09997c1d42fc0bd92aa
247,MEASURED,FULL_POLICY_PATH,LEARN_QUALITY,530101,15,1,420.9347,10.5233675,600,83.67778409735129,ef43848fe57bfab6314f95d3543e966a8b08c097b3706610f18e7b16785f617f
248,MEASURED,FULL_POLICY_PATH,S_ADAPT,-1,15,3,62.7597,1.5689925,600,386.0996204018593,252c151f42ca3b8e280b1fc6e087a8dee2153f14747c336e7dcac0134425feea
249,MEASURED,FULL_POLICY_PATH,S_ADAPT,-1,15,4,273.8331,6.8458275,600,357.80318182706833,5938eba45c73290974057dd22f17b06e25d6b2d6c0e2628f2227edfdebb7b23b
250,MEASURED,FULL_POLICY_PATH,LEARN_QUALITY,530101,15,4,419.1437,10.478592500000001,600,93.15287583446096,f4a94ff0a77b6bd17929b939cf25ec2bc7ef76ebdf3f58bce2d75db46d2d99f4
251,MEASURED,FULL_POLICY_PATH,LEARN_QUALITY,530101,20,4,385.875,9.646875,800,107.49725294030088,a3d86880da36c46da8dc4226de2d15a21bafcbb3d3de6234525944bb5aa264e7
252,MEASURED,FULL_POLICY_PATH,S_ADAPT,-1,20,2,55.2177,1.3804425,800,432.81260257959366,e79987f149cce4d4391ef92c6a97c1d767fd16cd492c031ea4af70e8451de98c
253,MEASURED,FULL_POLICY_PATH,LEARN_QUALITY,530101,15,3,428.157,10.703925,600,130.3358717953731,189881a5e1bfcc51a0b294aead80a5689fa4ff9cc9441444624324248e655954
254,MEASURED,FULL_POLICY_PATH,S_ADAPT,-1,20,2,59.0949,1.4773725,800,432.81260257959366,e79987f149cce4d4391ef92c6a97c1d767fd16cd492c031ea4af70e8451de98c
255,MEASURED,FULL_POLICY_PATH,S_ADAPT,-1,15,1,68.7472,1.7186800000000002,600,353.76666152477264,106a9662fdc268276fd832a53813a5d41c26843d15913d386057929c37645238
256,MEASURED,FULL_POLICY_PATH,S_ADAPT,-1,20,0,64.0024,1.6000599999999998,800,441.55207175016403,3a221c89dcb7b438299f2f48d0eef0494bea948ec6de9698110e215c3af14aea
257,MEASURED,FULL_POLICY_PATH,S_ADAPT,-1,10,2,53.8646,1.3466150000000001,400,278.2561217844486,6b879b5ecb141762cd197fdffe85d1828a5f5bb545a8ba4e2aab31ea59c47870
258,MEASURED,FULL_POLICY_PATH,LEARN_QUALITY,530101,20,1,390.8604,9.771510000000001,800,94.47869624869647,10a79b6eb4692460620841197d21cd855c4439e299eaf5266b74fedcd9385dea
259,MEASURED,FULL_POLICY_PATH,LEARN_QUALITY,530101,15,1,431.655,10.791374999999999,600,83.67778409735129,ef43848fe57bfab6314f95d3543e966a8b08c097b3706610f18e7b16785f617f
260,MEASURED,FULL_POLICY_PATH,LEARN_QUALITY,530102,15,0,421.6803,10.5420075,600,96.3514626422152,9dff4ff3595f7282773433d8e48247a346ae17ad64e3c6f265669ce8d1786f5a
261,MEASURED,FULL_POLICY_PATH,S_ADAPT,-1,20,2,69.8856,1.74714,800,432.81260257959366,e79987f149cce4d4391ef92c6a97c1d767fd16cd492c031ea4af70e8451de98c
262,MEASURED,FULL_POLICY_PATH,LEARN_QUALITY,530101,15,0,431.4368,10.78592,600,97.20164785567786,5dfc6e9b928df4d0f08ff5efa0db383122234cf621cb1aff31d5dc76cea53281
263,MEASURED,FULL_POLICY_PATH,S_ADAPT,-1,10,4,67.8692,1.69673,400,271.37676933407784,88737f813284457f30f2c69d44f68791f7370e2c49c928c86777821b577f4051
264,MEASURED,FULL_POLICY_PATH,S_ADAPT,-1,15,4,80.6352,2.01588,600,357.80318182706833,5938eba45c73290974057dd22f17b06e25d6b2d6c0e2628f2227edfdebb7b23b
265,MEASURED,FULL_POLICY_PATH,LEARN_QUALITY,530101,15,0,460.626,11.515649999999999,600,97.20164785567786,5dfc6e9b928df4d0f08ff5efa0db383122234cf621cb1aff31d5dc76cea53281
266,MEASURED,FULL_POLICY_PATH,S_ADAPT,-1,20,3,63.028,1.5756999999999999,800,457.9206243157387,21e3005e62f6d231cb3cc40fdf9074ca833f899ce9df57bbef5710e5840e09f9
267,MEASURED,FULL_POLICY_PATH,S_ADAPT,-1,10,1,69.3141,1.7328525,400,275.9327971637249,1ce6b8ff41cb97b662aedc7ad8bedd7c817837cf26b99fc81f6d1ec0c5c1c3ce
268,MEASURED,FULL_POLICY_PATH,LEARN_QUALITY,530101,15,3,451.7274,11.293185,600,130.3358717953731,189881a5e1bfcc51a0b294aead80a5689fa4ff9cc9441444624324248e655954
269,MEASURED,FULL_POLICY_PATH,LEARN_QUALITY,530101,20,2,450.4209,11.2605225,800,109.65310171004846,7fa0870805ff4cf7f09e6127254261b25246cc80f569411aae3dc5104d2933cc
270,MEASURED,FULL_POLICY_PATH,S_ADAPT,-1,10,1,64.0211,1.6005275,400,275.9327971637249,1ce6b8ff41cb97b662aedc7ad8bedd7c817837cf26b99fc81f6d1ec0c5c1c3ce
271,MEASURED,FULL_POLICY_PATH,LEARN_QUALITY,530102,15,0,439.4648,10.98662,600,96.3514626422152,9dff4ff3595f7282773433d8e48247a346ae17ad64e3c6f265669ce8d1786f5a
272,MEASURED,FULL_POLICY_PATH,S_ADAPT,-1,15,4,69.6479,1.7411975000000002,600,357.80318182706833,5938eba45c73290974057dd22f17b06e25d6b2d6c0e2628f2227edfdebb7b23b
273,MEASURED,FULL_POLICY_PATH,LEARN_QUALITY,530101,20,0,474.1044,11.85261,800,111.63427928148889,572f3263127b4169ac34f08b36891d7413aed8677c721a37c36d255a3899a9b3
274,MEASURED,FULL_POLICY_PATH,S_ADAPT,-1,20,2,67.4712,1.68678,800,432.81260257959366,e79987f149cce4d4391ef92c6a97c1d767fd16cd492c031ea4af70e8451de98c
275,MEASURED,FULL_POLICY_PATH,LEARN_QUALITY,530101,15,3,438.6426,10.966065,600,130.3358717953731,189881a5e1bfcc51a0b294aead80a5689fa4ff9cc9441444624324248e655954
276,MEASURED,FULL_POLICY_PATH,S_ADAPT,-1,10,0,69.9174,1.747935,400,284.22937551140785,53942cbb9a8a5a64b0db98a82f4fce558f482e6886ecc097434e9fba646b0a60
277,MEASURED,FULL_POLICY_PATH,LEARN_QUALITY,530101,10,4,462.3756,11.55939,400,68.38854427300772,28b79183e97c33c01ad9eb08a621cfb39e8a80e95d38c09997c1d42fc0bd92aa
278,MEASURED,FULL_POLICY_PATH,S_ADAPT,-1,10,1,64.424,1.6106000000000003,400,275.9327971637249,1ce6b8ff41cb97b662aedc7ad8bedd7c817837cf26b99fc81f6d1ec0c5c1c3ce
279,MEASURED,FULL_POLICY_PATH,S_ADAPT,-1,15,1,66.2175,1.6554375000000001,600,353.76666152477264,106a9662fdc268276fd832a53813a5d41c26843d15913d386057929c37645238
280,MEASURED,FULL_POLICY_PATH,S_ADAPT,-1,20,4,61.0274,1.525685,800,428.6769134104252,a4557f4ce7bfe56aa5dcd63a55abb879b843c5e934e2dfc46b1bb08a31d616cb
281,MEASURED,FULL_POLICY_PATH,S_ADAPT,-1,15,1,64.9832,1.62458,600,353.76666152477264,106a9662fdc268276fd832a53813a5d41c26843d15913d386057929c37645238
282,MEASURED,FULL_POLICY_PATH,LEARN_QUALITY,530101,20,0,439.8982,10.997454999999999,800,111.63427928148889,572f3263127b4169ac34f08b36891d7413aed8677c721a37c36d255a3899a9b3
283,MEASURED,FULL_POLICY_PATH,LEARN_QUALITY,530103,15,0,465.2845,11.6321125,600,97.23300665858619,96f63382c5fbe6ecfa278de26ef88164348acb939a5bbd361a9e1772a00d4d50
284,MEASURED,FULL_POLICY_PATH,LEARN_QUALITY,530103,15,4,353.0154,8.825385,600,93.01931417529349,0302d9d11a400a5f75be337b77cb9f1a774cb0b02cff8e4381123741ad21c4e2
285,MEASURED,FULL_POLICY_PATH,LEARN_QUALITY,530101,15,1,384.972,9.6243,600,83.67778409735129,ef43848fe57bfab6314f95d3543e966a8b08c097b3706610f18e7b16785f617f
286,MEASURED,FULL_POLICY_PATH,LEARN_QUALITY,530101,10,1,397.7223,9.9430575,400,62.94320651540613,1f16862fb35fea7c20a78a332c201ac0ebb4d60127abe43776c0618b1143b81b
287,MEASURED,FULL_POLICY_PATH,S_ADAPT,-1,10,2,53.4823,1.3370575,400,278.2561217844486,6b879b5ecb141762cd197fdffe85d1828a5f5bb545a8ba4e2aab31ea59c47870
288,MEASURED,FULL_POLICY_PATH,LEARN_QUALITY,530101,10,0,363.9646,9.099115000000001,400,72.99146302310172,e7c35db7138d5e4d01b4cc857cbad087b7738d5333c1cd3599fbeb0aa1d0e715
289,MEASURED,FULL_POLICY_PATH,S_ADAPT,-1,10,4,50.2286,1.255715,400,271.37676933407784,88737f813284457f30f2c69d44f68791f7370e2c49c928c86777821b577f4051
290,MEASURED,FULL_POLICY_PATH,S_ADAPT,-1,20,0,50.1872,1.25468,800,441.55207175016403,3a221c89dcb7b438299f2f48d0eef0494bea948ec6de9698110e215c3af14aea
291,MEASURED,FULL_POLICY_PATH,S_ADAPT,-1,10,0,61.8246,1.545615,400,284.22937551140785,53942cbb9a8a5a64b0db98a82f4fce558f482e6886ecc097434e9fba646b0a60
292,MEASURED,FULL_POLICY_PATH,S_ADAPT,-1,10,1,59.1754,1.4793850000000002,400,275.9327971637249,1ce6b8ff41cb97b662aedc7ad8bedd7c817837cf26b99fc81f6d1ec0c5c1c3ce
293,MEASURED,FULL_POLICY_PATH,S_ADAPT,-1,15,1,49.7968,1.24492,600,353.76666152477264,106a9662fdc268276fd832a53813a5d41c26843d15913d386057929c37645238
294,MEASURED,FULL_POLICY_PATH,LEARN_QUALITY,530101,20,3,429.1595,10.728987499999999,800,146.51983876547857,67a588433daba80df4bc1c340bf736b7fd5266dbd6db36bc042c11d3251a6616
295,MEASURED,FULL_POLICY_PATH,S_ADAPT,-1,10,2,51.4629,1.2865725,400,278.2561217844486,6b879b5ecb141762cd197fdffe85d1828a5f5bb545a8ba4e2aab31ea59c47870
296,MEASURED,FULL_POLICY_PATH,LEARN_QUALITY,530101,10,4,358.0296,8.95074,400,68.38854427300772,28b79183e97c33c01ad9eb08a621cfb39e8a80e95d38c09997c1d42fc0bd92aa
297,MEASURED,FULL_POLICY_PATH,S_ADAPT,-1,15,0,56.3938,1.409845,600,371.3841568529606,b3004c94c0a1acc4bea41b0fbb2b1d0eba865c9be972d407e019303ca1057a20
298,MEASURED,FULL_POLICY_PATH,LEARN_QUALITY,530101,10,2,361.2036,9.03009,400,71.15188249646685,9b25952942cfac66d6dd841368d70f12dd91486c3cf6a523c8fcc245cc3f86b3
299,MEASURED,FULL_POLICY_PATH,LEARN_QUALITY,530101,15,3,387.5589,9.6889725,600,130.3358717953731,189881a5e1bfcc51a0b294aead80a5689fa4ff9cc9441444624324248e655954
300,MEASURED,FULL_POLICY_PATH,LEARN_QUALITY,530101,20,4,428.9083,10.7227075,800,107.49725294030088,a3d86880da36c46da8dc4226de2d15a21bafcbb3d3de6234525944bb5aa264e7
301,MEASURED,FULL_POLICY_PATH,LEARN_QUALITY,530101,15,1,447.2763,11.1819075,600,83.67778409735129,ef43848fe57bfab6314f95d3543e966a8b08c097b3706610f18e7b16785f617f
302,MEASURED,FULL_POLICY_PATH,LEARN_QUALITY,530101,10,4,477.0518,11.926295,400,68.38854427300772,28b79183e97c33c01ad9eb08a621cfb39e8a80e95d38c09997c1d42fc0bd92aa
303,MEASURED,FULL_POLICY_PATH,LEARN_QUALITY,530103,15,1,439.5347,10.988367499999999,600,89.4662974903967,bff6741b3772ab020c60b8d6bf7bdcb60fda36d4e6f9f0f5e9a7a79ef7429f69
304,MEASURED,FULL_POLICY_PATH,LEARN_QUALITY,530101,10,4,436.1997,10.9049925,400,68.38854427300772,28b79183e97c33c01ad9eb08a621cfb39e8a80e95d38c09997c1d42fc0bd92aa
305,MEASURED,FULL_POLICY_PATH,S_ADAPT,-1,10,0,63.752,1.5938,400,284.22937551140785,53942cbb9a8a5a64b0db98a82f4fce558f482e6886ecc097434e9fba646b0a60
306,MEASURED,FULL_POLICY_PATH,LEARN_QUALITY,530101,20,4,464.2963,11.607407499999999,800,107.49725294030088,a3d86880da36c46da8dc4226de2d15a21bafcbb3d3de6234525944bb5aa264e7
307,MEASURED,FULL_POLICY_PATH,LEARN_QUALITY,530103,15,4,447.9584,11.19896,600,93.01931417529349,0302d9d11a400a5f75be337b77cb9f1a774cb0b02cff8e4381123741ad21c4e2
308,MEASURED,FULL_POLICY_PATH,S_ADAPT,-1,20,1,72.6942,1.8173549999999998,800,415.7503350973129,6d0cb0c4405dc90387b55d6457229758e4276ae0e27c754a78dcc25cc13f41c8
309,MEASURED,FULL_POLICY_PATH,LEARN_QUALITY,530102,15,2,459.0551,11.4763775,600,96.04228128698834,1dcbf51da51c3c5c7e5aaac195fa63233a31f75b76d2b56a660384d24de891db
310,MEASURED,FULL_POLICY_PATH,LEARN_QUALITY,530101,20,0,437.9506,10.948765,800,111.63427928148889,572f3263127b4169ac34f08b36891d7413aed8677c721a37c36d255a3899a9b3
311,MEASURED,FULL_POLICY_PATH,LEARN_QUALITY,530103,15,4,436.3916,10.90979,600,93.01931417529349,0302d9d11a400a5f75be337b77cb9f1a774cb0b02cff8e4381123741ad21c4e2
312,MEASURED,FULL_POLICY_PATH,LEARN_QUALITY,530101,20,1,402.6968,10.06742,800,94.47869624869647,10a79b6eb4692460620841197d21cd855c4439e299eaf5266b74fedcd9385dea
313,MEASURED,FULL_POLICY_PATH,S_ADAPT,-1,10,0,56.2073,1.4051825,400,284.22937551140785,53942cbb9a8a5a64b0db98a82f4fce558f482e6886ecc097434e9fba646b0a60
314,MEASURED,FULL_POLICY_PATH,LEARN_QUALITY,530101,15,3,387.2397,9.6809925,600,130.3358717953731,189881a5e1bfcc51a0b294aead80a5689fa4ff9cc9441444624324248e655954
315,MEASURED,FULL_POLICY_PATH,LEARN_QUALITY,530103,15,4,441.6238,11.040595,600,93.01931417529349,0302d9d11a400a5f75be337b77cb9f1a774cb0b02cff8e4381123741ad21c4e2
316,MEASURED,FULL_POLICY_PATH,S_ADAPT,-1,10,2,53.2064,1.33016,400,278.2561217844486,6b879b5ecb141762cd197fdffe85d1828a5f5bb545a8ba4e2aab31ea59c47870
317,MEASURED,FULL_POLICY_PATH,LEARN_QUALITY,530101,15,0,397.7884,9.94471,600,97.20164785567786,5dfc6e9b928df4d0f08ff5efa0db383122234cf621cb1aff31d5dc76cea53281
318,MEASURED,FULL_POLICY_PATH,LEARN_QUALITY,530101,10,1,431.9282,10.798205,400,62.94320651540613,1f16862fb35fea7c20a78a332c201ac0ebb4d60127abe43776c0618b1143b81b
319,MEASURED,FULL_POLICY_PATH,S_ADAPT,-1,15,1,58.9836,1.47459,600,353.76666152477264,106a9662fdc268276fd832a53813a5d41c26843d15913d386057929c37645238
320,MEASURED,FULL_POLICY_PATH,S_ADAPT,-1,20,3,56.7383,1.4184575000000001,800,457.9206243157387,21e3005e62f6d231cb3cc40fdf9074ca833f899ce9df57bbef5710e5840e09f9
321,MEASURED,FULL_POLICY_PATH,S_ADAPT,-1,10,4,60.3715,1.5092875,400,271.37676933407784,88737f813284457f30f2c69d44f68791f7370e2c49c928c86777821b577f4051
322,MEASURED,FULL_POLICY_PATH,LEARN_QUALITY,530101,20,2,389.7299,9.743247499999999,800,109.65310171004846,7fa0870805ff4cf7f09e6127254261b25246cc80f569411aae3dc5104d2933cc
323,MEASURED,FULL_POLICY_PATH,LEARN_QUALITY,530101,20,4,393.3141,9.8328525,800,107.49725294030088,a3d86880da36c46da8dc4226de2d15a21bafcbb3d3de6234525944bb5aa264e7
324,MEASURED,FULL_POLICY_PATH,S_ADAPT,-1,10,2,71.689,1.7922249999999997,400,278.2561217844486,6b879b5ecb141762cd197fdffe85d1828a5f5bb545a8ba4e2aab31ea59c47870
325,MEASURED,FULL_POLICY_PATH,LEARN_QUALITY,530101,20,2,434.9089,10.8727225,800,109.65310171004846,7fa0870805ff4cf7f09e6127254261b25246cc80f569411aae3dc5104d2933cc
326,MEASURED,FULL_POLICY_PATH,LEARN_QUALITY,530103,15,2,403.1249,10.078122500000001,600,93.52989977987787,d134b305a089ef9dba656b1b2ed534218fae619f336c6be1705f6487da611eae
327,MEASURED,FULL_POLICY_PATH,LEARN_QUALITY,530103,15,0,442.5455,11.0636375,600,97.23300665858619,96f63382c5fbe6ecfa278de26ef88164348acb939a5bbd361a9e1772a00d4d50
328,MEASURED,FULL_POLICY_PATH,LEARN_QUALITY,530101,15,4,430.6602,10.766504999999999,600,93.15287583446096,f4a94ff0a77b6bd17929b939cf25ec2bc7ef76ebdf3f58bce2d75db46d2d99f4
329,MEASURED,FULL_POLICY_PATH,S_ADAPT,-1,15,4,64.2645,1.6066125,600,357.80318182706833,5938eba45c73290974057dd22f17b06e25d6b2d6c0e2628f2227edfdebb7b23b
330,MEASURED,FULL_POLICY_PATH,LEARN_QUALITY,530101,15,4,427.1032,10.67758,600,93.15287583446096,f4a94ff0a77b6bd17929b939cf25ec2bc7ef76ebdf3f58bce2d75db46d2d99f4
331,MEASURED,FULL_POLICY_PATH,S_ADAPT,-1,20,4,66.9678,1.6741949999999999,800,428.6769134104252,a4557f4ce7bfe56aa5dcd63a55abb879b843c5e934e2dfc46b1bb08a31d616cb
332,MEASURED,FULL_POLICY_PATH,S_ADAPT,-1,10,1,85.8086,2.145215,400,275.9327971637249,1ce6b8ff41cb97b662aedc7ad8bedd7c817837cf26b99fc81f6d1ec0c5c1c3ce
333,MEASURED,FULL_POLICY_PATH,LEARN_QUALITY,530101,10,2,417.6215,10.440537500000001,400,71.15188249646685,9b25952942cfac66d6dd841368d70f12dd91486c3cf6a523c8fcc245cc3f86b3
334,MEASURED,FULL_POLICY_PATH,LEARN_QUALITY,530101,10,1,437.0059,10.9251475,400,62.94320651540613,1f16862fb35fea7c20a78a332c201ac0ebb4d60127abe43776c0618b1143b81b
335,MEASURED,FULL_POLICY_PATH,LEARN_QUALITY,530101,15,3,479.52,11.988,600,130.3358717953731,189881a5e1bfcc51a0b294aead80a5689fa4ff9cc9441444624324248e655954
336,MEASURED,FULL_POLICY_PATH,LEARN_QUALITY,530101,10,1,443.0032,11.07508,400,62.94320651540613,1f16862fb35fea7c20a78a332c201ac0ebb4d60127abe43776c0618b1143b81b
337,MEASURED,FULL_POLICY_PATH,LEARN_QUALITY,530101,10,4,450.8443,11.2711075,400,68.38854427300772,28b79183e97c33c01ad9eb08a621cfb39e8a80e95d38c09997c1d42fc0bd92aa
338,MEASURED,FULL_POLICY_PATH,LEARN_QUALITY,530103,15,2,436.9822,10.924555,600,93.52989977987787,d134b305a089ef9dba656b1b2ed534218fae619f336c6be1705f6487da611eae
339,MEASURED,FULL_POLICY_PATH,LEARN_QUALITY,530101,10,3,439.1477,10.9786925,400,97.29233640543227,e2ac0f2f414f8e7b0771e1cf681e9fa7f847877736a984a87d7eae625858a2be
340,MEASURED,FULL_POLICY_PATH,LEARN_QUALITY,530102,15,0,448.2386,11.205965,600,96.3514626422152,9dff4ff3595f7282773433d8e48247a346ae17ad64e3c6f265669ce8d1786f5a
341,MEASURED,FULL_POLICY_PATH,S_ADAPT,-1,20,4,57.4861,1.4371525,800,428.6769134104252,a4557f4ce7bfe56aa5dcd63a55abb879b843c5e934e2dfc46b1bb08a31d616cb
342,MEASURED,FULL_POLICY_PATH,S_ADAPT,-1,20,2,51.6767,1.2919174999999998,800,432.81260257959366,e79987f149cce4d4391ef92c6a97c1d767fd16cd492c031ea4af70e8451de98c
343,MEASURED,FULL_POLICY_PATH,LEARN_QUALITY,530102,15,4,359.5885,8.9897125,600,94.20600829482585,9334d67cd56603b999fb118047ee6ce048ff3dc1be3abf064042825e10d5208b
344,MEASURED,FULL_POLICY_PATH,LEARN_QUALITY,530101,10,3,359.7492,8.99373,400,97.29233640543227,e2ac0f2f414f8e7b0771e1cf681e9fa7f847877736a984a87d7eae625858a2be
345,MEASURED,FULL_POLICY_PATH,LEARN_QUALITY,530101,15,2,437.7927,10.944817500000001,600,97.01479891499869,7e6d95d769c7d9687624018c1d858390f954fe241d6b8975ccdd997e695297b3
346,MEASURED,FULL_POLICY_PATH,S_ADAPT,-1,20,3,51.3635,1.2840875,800,457.9206243157387,21e3005e62f6d231cb3cc40fdf9074ca833f899ce9df57bbef5710e5840e09f9
347,MEASURED,FULL_POLICY_PATH,LEARN_QUALITY,530101,20,0,376.9903,9.4247575,800,111.63427928148889,572f3263127b4169ac34f08b36891d7413aed8677c721a37c36d255a3899a9b3
348,MEASURED,FULL_POLICY_PATH,LEARN_QUALITY,530103,15,4,372.6309,9.3157725,600,93.01931417529349,0302d9d11a400a5f75be337b77cb9f1a774cb0b02cff8e4381123741ad21c4e2
349,MEASURED,FULL_POLICY_PATH,LEARN_QUALITY,530103,15,2,394.1463,9.8536575,600,93.52989977987787,d134b305a089ef9dba656b1b2ed534218fae619f336c6be1705f6487da611eae
350,MEASURED,FULL_POLICY_PATH,S_ADAPT,-1,15,3,61.1211,1.5280274999999999,600,386.0996204018593,252c151f42ca3b8e280b1fc6e087a8dee2153f14747c336e7dcac0134425feea
351,MEASURED,FULL_POLICY_PATH,S_ADAPT,-1,10,3,47.9656,1.19914,400,293.82467341423035,4041c2353650ffc3521df07aeec818741f2a7f8acf14590c93615e6d8d3ced8c
352,MEASURED,FULL_POLICY_PATH,LEARN_QUALITY,530101,10,2,350.4871,8.7621775,400,71.15188249646685,9b25952942cfac66d6dd841368d70f12dd91486c3cf6a523c8fcc245cc3f86b3
353,MEASURED,FULL_POLICY_PATH,S_ADAPT,-1,20,1,48.357,1.208925,800,415.7503350973129,6d0cb0c4405dc90387b55d6457229758e4276ae0e27c754a78dcc25cc13f41c8
354,MEASURED,FULL_POLICY_PATH,LEARN_QUALITY,530101,10,0,369.3548,9.23387,400,72.99146302310172,e7c35db7138d5e4d01b4cc857cbad087b7738d5333c1cd3599fbeb0aa1d0e715
355,MEASURED,FULL_POLICY_PATH,LEARN_QUALITY,530101,20,4,422.7282,10.568205,800,107.49725294030088,a3d86880da36c46da8dc4226de2d15a21bafcbb3d3de6234525944bb5aa264e7
356,MEASURED,FULL_POLICY_PATH,LEARN_QUALITY,530101,10,0,400.531,10.013275,400,72.99146302310172,e7c35db7138d5e4d01b4cc857cbad087b7738d5333c1cd3599fbeb0aa1d0e715
357,MEASURED,FULL_POLICY_PATH,S_ADAPT,-1,15,2,65.4903,1.6372575,600,363.60913959145546,f3eef135fbf7cda7d4259deff31d97d81321154c3d403ba8eae0e13e337b36ae
358,MEASURED,FULL_POLICY_PATH,LEARN_QUALITY,530101,10,3,425.3129,10.6328225,400,97.29233640543227,e2ac0f2f414f8e7b0771e1cf681e9fa7f847877736a984a87d7eae625858a2be
359,MEASURED,FULL_POLICY_PATH,LEARN_QUALITY,530101,20,1,427.2377,10.6809425,800,94.47869624869647,10a79b6eb4692460620841197d21cd855c4439e299eaf5266b74fedcd9385dea
360,MEASURED,FULL_POLICY_PATH,LEARN_QUALITY,530101,15,1,424.6779,10.6169475,600,83.67778409735129,ef43848fe57bfab6314f95d3543e966a8b08c097b3706610f18e7b16785f617f
361,MEASURED,FULL_POLICY_PATH,LEARN_QUALITY,530101,20,2,453.6639,11.3415975,800,109.65310171004846,7fa0870805ff4cf7f09e6127254261b25246cc80f569411aae3dc5104d2933cc
362,MEASURED,FULL_POLICY_PATH,LEARN_QUALITY,530101,15,0,425.289,10.632225,600,97.20164785567786,5dfc6e9b928df4d0f08ff5efa0db383122234cf621cb1aff31d5dc76cea53281
363,MEASURED,FULL_POLICY_PATH,S_ADAPT,-1,20,3,68.7742,1.7193549999999997,800,457.9206243157387,21e3005e62f6d231cb3cc40fdf9074ca833f899ce9df57bbef5710e5840e09f9
364,MEASURED,FULL_POLICY_PATH,LEARN_QUALITY,530101,15,1,462.6209,11.5655225,600,83.67778409735129,ef43848fe57bfab6314f95d3543e966a8b08c097b3706610f18e7b16785f617f
365,MEASURED,FULL_POLICY_PATH,S_ADAPT,-1,10,1,64.5517,1.6137925,400,275.9327971637249,1ce6b8ff41cb97b662aedc7ad8bedd7c817837cf26b99fc81f6d1ec0c5c1c3ce
366,MEASURED,FULL_POLICY_PATH,S_ADAPT,-1,10,2,65.4227,1.6355675,400,278.2561217844486,6b879b5ecb141762cd197fdffe85d1828a5f5bb545a8ba4e2aab31ea59c47870
367,MEASURED,FULL_POLICY_PATH,LEARN_QUALITY,530103,15,3,440.8638,11.021595000000001,600,128.91935920997827,d93fd818664fe8939762cb0968ba5cd4c12fa8ac131c19dd7cc9e8b43f9c9b9f
368,MEASURED,FULL_POLICY_PATH,LEARN_QUALITY,530101,15,3,469.0633,11.726582500000001,600,130.3358717953731,189881a5e1bfcc51a0b294aead80a5689fa4ff9cc9441444624324248e655954
369,MEASURED,FULL_POLICY_PATH,S_ADAPT,-1,10,3,74.0188,1.85047,400,293.82467341423035,4041c2353650ffc3521df07aeec818741f2a7f8acf14590c93615e6d8d3ced8c
370,MEASURED,FULL_POLICY_PATH,S_ADAPT,-1,20,0,68.2134,1.7053349999999998,800,441.55207175016403,3a221c89dcb7b438299f2f48d0eef0494bea948ec6de9698110e215c3af14aea
371,MEASURED,FULL_POLICY_PATH,LEARN_QUALITY,530101,15,2,431.7873,10.7946825,600,97.01479891499869,7e6d95d769c7d9687624018c1d858390f954fe241d6b8975ccdd997e695297b3
372,MEASURED,FULL_POLICY_PATH,LEARN_QUALITY,530101,10,3,411.9074,10.297685,400,97.29233640543227,e2ac0f2f414f8e7b0771e1cf681e9fa7f847877736a984a87d7eae625858a2be
373,MEASURED,FULL_POLICY_PATH,S_ADAPT,-1,20,3,56.2847,1.4071175,800,457.9206243157387,21e3005e62f6d231cb3cc40fdf9074ca833f899ce9df57bbef5710e5840e09f9
374,MEASURED,FULL_POLICY_PATH,S_ADAPT,-1,20,0,67.9869,1.6996725000000001,800,441.55207175016403,3a221c89dcb7b438299f2f48d0eef0494bea948ec6de9698110e215c3af14aea
375,MEASURED,FULL_POLICY_PATH,LEARN_QUALITY,530101,15,3,414.1053,10.3526325,600,130.3358717953731,189881a5e1bfcc51a0b294aead80a5689fa4ff9cc9441444624324248e655954
376,MEASURED,FULL_POLICY_PATH,LEARN_QUALITY,530101,20,0,417.3252,10.43313,800,111.63427928148889,572f3263127b4169ac34f08b36891d7413aed8677c721a37c36d255a3899a9b3
377,MEASURED,FULL_POLICY_PATH,LEARN_QUALITY,530101,10,1,444.4257,11.1106425,400,62.94320651540613,1f16862fb35fea7c20a78a332c201ac0ebb4d60127abe43776c0618b1143b81b
378,MEASURED,FULL_POLICY_PATH,S_ADAPT,-1,15,0,54.6748,1.36687,600,371.3841568529606,b3004c94c0a1acc4bea41b0fbb2b1d0eba865c9be972d407e019303ca1057a20
379,MEASURED,FULL_POLICY_PATH,S_ADAPT,-1,20,2,56.3922,1.409805,800,432.81260257959366,e79987f149cce4d4391ef92c6a97c1d767fd16cd492c031ea4af70e8451de98c
380,MEASURED,FULL_POLICY_PATH,S_ADAPT,-1,10,4,68.1196,1.7029900000000002,400,271.37676933407784,88737f813284457f30f2c69d44f68791f7370e2c49c928c86777821b577f4051
381,MEASURED,FULL_POLICY_PATH,LEARN_QUALITY,530102,15,1,371.0275,9.2756875,600,88.85858850968494,137522f16ce89c6b0964334ac914c43f2b64c71721cca92fe9621367226a38dc
382,MEASURED,FULL_POLICY_PATH,S_ADAPT,-1,20,2,51.9798,1.2994949999999998,800,432.81260257959366,e79987f149cce4d4391ef92c6a97c1d767fd16cd492c031ea4af70e8451de98c
383,MEASURED,FULL_POLICY_PATH,S_ADAPT,-1,20,0,56.6783,1.4169575,800,441.55207175016403,3a221c89dcb7b438299f2f48d0eef0494bea948ec6de9698110e215c3af14aea
384,MEASURED,FULL_POLICY_PATH,S_ADAPT,-1,20,2,55.1193,1.3779825,800,432.81260257959366,e79987f149cce4d4391ef92c6a97c1d767fd16cd492c031ea4af70e8451de98c
385,MEASURED,FULL_POLICY_PATH,LEARN_QUALITY,530102,15,4,419.7487,10.493717499999999,600,94.20600829482585,9334d67cd56603b999fb118047ee6ce048ff3dc1be3abf064042825e10d5208b
386,MEASURED,FULL_POLICY_PATH,LEARN_QUALITY,530102,15,2,379.1394,9.478485000000001,600,96.04228128698834,1dcbf51da51c3c5c7e5aaac195fa63233a31f75b76d2b56a660384d24de891db
387,MEASURED,FULL_POLICY_PATH,S_ADAPT,-1,15,0,63.3765,1.5844125,600,371.3841568529606,b3004c94c0a1acc4bea41b0fbb2b1d0eba865c9be972d407e019303ca1057a20
388,MEASURED,FULL_POLICY_PATH,LEARN_QUALITY,530102,15,4,400.9345,10.023362500000001,600,94.20600829482585,9334d67cd56603b999fb118047ee6ce048ff3dc1be3abf064042825e10d5208b
389,MEASURED,FULL_POLICY_PATH,LEARN_QUALITY,530101,20,2,416.2632,10.40658,800,109.65310171004846,7fa0870805ff4cf7f09e6127254261b25246cc80f569411aae3dc5104d2933cc
390,MEASURED,FULL_POLICY_PATH,S_ADAPT,-1,10,3,53.5331,1.3383275,400,293.82467341423035,4041c2353650ffc3521df07aeec818741f2a7f8acf14590c93615e6d8d3ced8c
391,MEASURED,FULL_POLICY_PATH,S_ADAPT,-1,15,3,54.1972,1.35493,600,386.0996204018593,252c151f42ca3b8e280b1fc6e087a8dee2153f14747c336e7dcac0134425feea
392,MEASURED,FULL_POLICY_PATH,S_ADAPT,-1,10,2,70.1722,1.754305,400,278.2561217844486,6b879b5ecb141762cd197fdffe85d1828a5f5bb545a8ba4e2aab31ea59c47870
393,MEASURED,FULL_POLICY_PATH,S_ADAPT,-1,15,2,67.6483,1.6912075000000002,600,363.60913959145546,f3eef135fbf7cda7d4259deff31d97d81321154c3d403ba8eae0e13e337b36ae
394,MEASURED,FULL_POLICY_PATH,LEARN_QUALITY,530101,20,0,441.5649,11.039122500000001,800,111.63427928148889,572f3263127b4169ac34f08b36891d7413aed8677c721a37c36d255a3899a9b3
395,MEASURED,FULL_POLICY_PATH,LEARN_QUALITY,530101,10,3,471.2373,11.7809325,400,97.29233640543227,e2ac0f2f414f8e7b0771e1cf681e9fa7f847877736a984a87d7eae625858a2be
396,MEASURED,FULL_POLICY_PATH,S_ADAPT,-1,15,0,63.5203,1.5880075,600,371.3841568529606,b3004c94c0a1acc4bea41b0fbb2b1d0eba865c9be972d407e019303ca1057a20
397,MEASURED,FULL_POLICY_PATH,LEARN_QUALITY,530102,15,3,457.8874,11.447185000000001,600,130.85751169268352,193749538056523b200d7397e4f0e0851e50f5a02ca8546856390506f0dfb37a
398,MEASURED,FULL_POLICY_PATH,LEARN_QUALITY,530101,15,2,454.7255,11.3681375,600,97.01479891499869,7e6d95d769c7d9687624018c1d858390f954fe241d6b8975ccdd997e695297b3
399,MEASURED,FULL_POLICY_PATH,S_ADAPT,-1,15,2,74.1094,1.8527349999999998,600,363.60913959145546,f3eef135fbf7cda7d4259deff31d97d81321154c3d403ba8eae0e13e337b36ae
400,MEASURED,FULL_POLICY_PATH,S_ADAPT,-1,20,4,68.1955,1.7048875,800,428.6769134104252,a4557f4ce7bfe56aa5dcd63a55abb879b843c5e934e2dfc46b1bb08a31d616cb
401,MEASURED,FULL_POLICY_PATH,LEARN_QUALITY,530101,20,3,441.4728,11.03682,800,146.51983876547857,67a588433daba80df4bc1c340bf736b7fd5266dbd6db36bc042c11d3251a6616
402,MEASURED,FULL_POLICY_PATH,S_ADAPT,-1,20,0,64.024,1.6006,800,441.55207175016403,3a221c89dcb7b438299f2f48d0eef0494bea948ec6de9698110e215c3af14aea
403,MEASURED,FULL_POLICY_PATH,S_ADAPT,-1,20,3,65.2101,1.6302524999999999,800,457.9206243157387,21e3005e62f6d231cb3cc40fdf9074ca833f899ce9df57bbef5710e5840e09f9
404,MEASURED,FULL_POLICY_PATH,S_ADAPT,-1,20,4,71.6746,1.791865,800,428.6769134104252,a4557f4ce7bfe56aa5dcd63a55abb879b843c5e934e2dfc46b1bb08a31d616cb
405,MEASURED,FULL_POLICY_PATH,LEARN_QUALITY,530101,10,0,441.2449,11.031122499999999,400,72.99146302310172,e7c35db7138d5e4d01b4cc857cbad087b7738d5333c1cd3599fbeb0aa1d0e715
406,MEASURED,FULL_POLICY_PATH,LEARN_QUALITY,530101,10,4,436.4547,10.9113675,400,68.38854427300772,28b79183e97c33c01ad9eb08a621cfb39e8a80e95d38c09997c1d42fc0bd92aa
407,MEASURED,FULL_POLICY_PATH,S_ADAPT,-1,20,4,68.3564,1.70891,800,428.6769134104252,a4557f4ce7bfe56aa5dcd63a55abb879b843c5e934e2dfc46b1bb08a31d616cb
408,MEASURED,FULL_POLICY_PATH,LEARN_QUALITY,530101,15,1,444.0251,11.1006275,600,83.67778409735129,ef43848fe57bfab6314f95d3543e966a8b08c097b3706610f18e7b16785f617f
409,MEASURED,FULL_POLICY_PATH,LEARN_QUALITY,530101,20,3,463.0752,11.57688,800,146.51983876547857,67a588433daba80df4bc1c340bf736b7fd5266dbd6db36bc042c11d3251a6616
410,MEASURED,FULL_POLICY_PATH,LEARN_QUALITY,530103,15,0,404.7574,10.118935,600,97.23300665858619,96f63382c5fbe6ecfa278de26ef88164348acb939a5bbd361a9e1772a00d4d50
411,MEASURED,FULL_POLICY_PATH,LEARN_QUALITY,530101,15,3,375.5364,9.38841,600,130.3358717953731,189881a5e1bfcc51a0b294aead80a5689fa4ff9cc9441444624324248e655954
412,MEASURED,FULL_POLICY_PATH,S_ADAPT,-1,15,4,70.3149,1.7578725,600,357.80318182706833,5938eba45c73290974057dd22f17b06e25d6b2d6c0e2628f2227edfdebb7b23b
413,MEASURED,FULL_POLICY_PATH,S_ADAPT,-1,20,1,60.4982,1.5124549999999999,800,415.7503350973129,6d0cb0c4405dc90387b55d6457229758e4276ae0e27c754a78dcc25cc13f41c8
414,MEASURED,FULL_POLICY_PATH,LEARN_QUALITY,530102,15,1,379.8238,9.495595,600,88.85858850968494,137522f16ce89c6b0964334ac914c43f2b64c71721cca92fe9621367226a38dc
415,MEASURED,FULL_POLICY_PATH,S_ADAPT,-1,10,0,57.5754,1.4393850000000001,400,284.22937551140785,53942cbb9a8a5a64b0db98a82f4fce558f482e6886ecc097434e9fba646b0a60
416,MEASURED,FULL_POLICY_PATH,LEARN_QUALITY,530103,15,1,363.4172,9.085429999999999,600,89.4662974903967,bff6741b3772ab020c60b8d6bf7bdcb60fda36d4e6f9f0f5e9a7a79ef7429f69
417,MEASURED,FULL_POLICY_PATH,LEARN_QUALITY,530101,20,2,426.9955,10.6748875,800,109.65310171004846,7fa0870805ff4cf7f09e6127254261b25246cc80f569411aae3dc5104d2933cc
418,MEASURED,FULL_POLICY_PATH,S_ADAPT,-1,20,0,59.3108,1.48277,800,441.55207175016403,3a221c89dcb7b438299f2f48d0eef0494bea948ec6de9698110e215c3af14aea
419,MEASURED,FULL_POLICY_PATH,LEARN_QUALITY,530103,15,3,383.7373,9.5934325,600,128.91935920997827,d93fd818664fe8939762cb0968ba5cd4c12fa8ac131c19dd7cc9e8b43f9c9b9f
420,MEASURED,FULL_POLICY_PATH,S_ADAPT,-1,20,2,53.2676,1.33169,800,432.81260257959366,e79987f149cce4d4391ef92c6a97c1d767fd16cd492c031ea4af70e8451de98c
421,MEASURED,FULL_POLICY_PATH,LEARN_QUALITY,530101,20,2,463.0446,11.576115,800,109.65310171004846,7fa0870805ff4cf7f09e6127254261b25246cc80f569411aae3dc5104d2933cc
422,MEASURED,FULL_POLICY_PATH,S_ADAPT,-1,10,0,90.8962,2.272405,400,284.22937551140785,53942cbb9a8a5a64b0db98a82f4fce558f482e6886ecc097434e9fba646b0a60
423,MEASURED,FULL_POLICY_PATH,LEARN_QUALITY,530101,15,1,360.8414,9.021035000000001,600,83.67778409735129,ef43848fe57bfab6314f95d3543e966a8b08c097b3706610f18e7b16785f617f
424,MEASURED,FULL_POLICY_PATH,LEARN_QUALITY,530103,15,2,374.9676,9.37419,600,93.52989977987787,d134b305a089ef9dba656b1b2ed534218fae619f336c6be1705f6487da611eae
425,MEASURED,FULL_POLICY_PATH,LEARN_QUALITY,530101,10,3,398.4999,9.962497500000001,400,97.29233640543227,e2ac0f2f414f8e7b0771e1cf681e9fa7f847877736a984a87d7eae625858a2be
426,MEASURED,FULL_POLICY_PATH,LEARN_QUALITY,530101,20,2,432.9967,10.8249175,800,109.65310171004846,7fa0870805ff4cf7f09e6127254261b25246cc80f569411aae3dc5104d2933cc
427,MEASURED,FULL_POLICY_PATH,LEARN_QUALITY,530101,20,0,430.232,10.7558,800,111.63427928148889,572f3263127b4169ac34f08b36891d7413aed8677c721a37c36d255a3899a9b3
428,MEASURED,FULL_POLICY_PATH,LEARN_QUALITY,530101,15,4,439.9553,10.9988825,600,93.15287583446096,f4a94ff0a77b6bd17929b939cf25ec2bc7ef76ebdf3f58bce2d75db46d2d99f4
429,MEASURED,FULL_POLICY_PATH,LEARN_QUALITY,530101,15,4,435.776,10.894400000000001,600,93.15287583446096,f4a94ff0a77b6bd17929b939cf25ec2bc7ef76ebdf3f58bce2d75db46d2d99f4
430,MEASURED,FULL_POLICY_PATH,S_ADAPT,-1,20,4,76.2219,1.9055475000000002,800,428.6769134104252,a4557f4ce7bfe56aa5dcd63a55abb879b843c5e934e2dfc46b1bb08a31d616cb
431,MEASURED,FULL_POLICY_PATH,S_ADAPT,-1,15,4,72.189,1.804725,600,357.80318182706833,5938eba45c73290974057dd22f17b06e25d6b2d6c0e2628f2227edfdebb7b23b
432,MEASURED,FULL_POLICY_PATH,S_ADAPT,-1,20,1,69.3182,1.732955,800,415.7503350973129,6d0cb0c4405dc90387b55d6457229758e4276ae0e27c754a78dcc25cc13f41c8
433,MEASURED,FULL_POLICY_PATH,LEARN_QUALITY,530101,20,3,445.1871,11.1296775,800,146.51983876547857,67a588433daba80df4bc1c340bf736b7fd5266dbd6db36bc042c11d3251a6616
434,MEASURED,FULL_POLICY_PATH,LEARN_QUALITY,530101,10,3,431.7403,10.7935075,400,97.29233640543227,e2ac0f2f414f8e7b0771e1cf681e9fa7f847877736a984a87d7eae625858a2be
435,MEASURED,FULL_POLICY_PATH,S_ADAPT,-1,15,1,82.0804,2.05201,600,353.76666152477264,106a9662fdc268276fd832a53813a5d41c26843d15913d386057929c37645238
436,MEASURED,FULL_POLICY_PATH,S_ADAPT,-1,20,3,71.3434,1.783585,800,457.9206243157387,21e3005e62f6d231cb3cc40fdf9074ca833f899ce9df57bbef5710e5840e09f9
437,MEASURED,FULL_POLICY_PATH,LEARN_QUALITY,530103,15,2,495.3949,12.3848725,600,93.52989977987787,d134b305a089ef9dba656b1b2ed534218fae619f336c6be1705f6487da611eae
438,MEASURED,FULL_POLICY_PATH,S_ADAPT,-1,10,2,69.5196,1.73799,400,278.2561217844486,6b879b5ecb141762cd197fdffe85d1828a5f5bb545a8ba4e2aab31ea59c47870
439,MEASURED,FULL_POLICY_PATH,S_ADAPT,-1,15,3,71.352,1.7838,600,386.0996204018593,252c151f42ca3b8e280b1fc6e087a8dee2153f14747c336e7dcac0134425feea
440,MEASURED,FULL_POLICY_PATH,LEARN_QUALITY,530101,10,0,423.7038,10.592595,400,72.99146302310172,e7c35db7138d5e4d01b4cc857cbad087b7738d5333c1cd3599fbeb0aa1d0e715
441,MEASURED,FULL_POLICY_PATH,S_ADAPT,-1,10,2,65.0351,1.6258775,400,278.2561217844486,6b879b5ecb141762cd197fdffe85d1828a5f5bb545a8ba4e2aab31ea59c47870
442,MEASURED,FULL_POLICY_PATH,LEARN_QUALITY,530101,15,2,453.4531,11.3363275,600,97.01479891499869,7e6d95d769c7d9687624018c1d858390f954fe241d6b8975ccdd997e695297b3
443,MEASURED,FULL_POLICY_PATH,LEARN_QUALITY,530103,15,1,404.5925,10.1148125,600,89.4662974903967,bff6741b3772ab020c60b8d6bf7bdcb60fda36d4e6f9f0f5e9a7a79ef7429f69
444,MEASURED,FULL_POLICY_PATH,S_ADAPT,-1,15,2,74.1462,1.8536549999999998,600,363.60913959145546,f3eef135fbf7cda7d4259deff31d97d81321154c3d403ba8eae0e13e337b36ae
445,MEASURED,FULL_POLICY_PATH,S_ADAPT,-1,20,4,61.9507,1.5487674999999999,800,428.6769134104252,a4557f4ce7bfe56aa5dcd63a55abb879b843c5e934e2dfc46b1bb08a31d616cb
446,MEASURED,FULL_POLICY_PATH,LEARN_QUALITY,530103,15,2,410.7802,10.269504999999999,600,93.52989977987787,d134b305a089ef9dba656b1b2ed534218fae619f336c6be1705f6487da611eae
447,MEASURED,FULL_POLICY_PATH,S_ADAPT,-1,10,1,58.27,1.45675,400,275.9327971637249,1ce6b8ff41cb97b662aedc7ad8bedd7c817837cf26b99fc81f6d1ec0c5c1c3ce
448,MEASURED,FULL_POLICY_PATH,LEARN_QUALITY,530102,15,1,409.2616,10.231539999999999,600,88.85858850968494,137522f16ce89c6b0964334ac914c43f2b64c71721cca92fe9621367226a38dc
449,MEASURED,FULL_POLICY_PATH,S_ADAPT,-1,15,4,61.7301,1.5432525,600,357.80318182706833,5938eba45c73290974057dd22f17b06e25d6b2d6c0e2628f2227edfdebb7b23b
450,MEASURED,FULL_POLICY_PATH,LEARN_QUALITY,530101,15,4,399.2978,9.982445,600,93.15287583446096,f4a94ff0a77b6bd17929b939cf25ec2bc7ef76ebdf3f58bce2d75db46d2d99f4
451,MEASURED,FULL_POLICY_PATH,LEARN_QUALITY,530101,20,0,460.5271,11.513177500000001,800,111.63427928148889,572f3263127b4169ac34f08b36891d7413aed8677c721a37c36d255a3899a9b3
452,MEASURED,FULL_POLICY_PATH,LEARN_QUALITY,530101,20,2,406.8201,10.170502500000001,800,109.65310171004846,7fa0870805ff4cf7f09e6127254261b25246cc80f569411aae3dc5104d2933cc
453,MEASURED,FULL_POLICY_PATH,S_ADAPT,-1,20,0,57.7302,1.4432550000000002,800,441.55207175016403,3a221c89dcb7b438299f2f48d0eef0494bea948ec6de9698110e215c3af14aea
454,MEASURED,FULL_POLICY_PATH,S_ADAPT,-1,10,0,59.164,1.4791,400,284.22937551140785,53942cbb9a8a5a64b0db98a82f4fce558f482e6886ecc097434e9fba646b0a60
455,MEASURED,FULL_POLICY_PATH,LEARN_QUALITY,530103,15,4,389.9213,9.748032499999999,600,93.01931417529349,0302d9d11a400a5f75be337b77cb9f1a774cb0b02cff8e4381123741ad21c4e2
456,MEASURED,FULL_POLICY_PATH,LEARN_QUALITY,530101,15,3,410.3415,10.2585375,600,130.3358717953731,189881a5e1bfcc51a0b294aead80a5689fa4ff9cc9441444624324248e655954
457,MEASURED,FULL_POLICY_PATH,S_ADAPT,-1,20,4,58.4256,1.4606400000000002,800,428.6769134104252,a4557f4ce7bfe56aa5dcd63a55abb879b843c5e934e2dfc46b1bb08a31d616cb
458,MEASURED,FULL_POLICY_PATH,LEARN_QUALITY,530102,15,4,381.558,9.53895,600,94.20600829482585,9334d67cd56603b999fb118047ee6ce048ff3dc1be3abf064042825e10d5208b
459,MEASURED,FULL_POLICY_PATH,LEARN_QUALITY,530103,15,0,389.7075,9.742687499999999,600,97.23300665858619,96f63382c5fbe6ecfa278de26ef88164348acb939a5bbd361a9e1772a00d4d50
460,MEASURED,FULL_POLICY_PATH,LEARN_QUALITY,530101,20,0,464.5962,11.614905,800,111.63427928148889,572f3263127b4169ac34f08b36891d7413aed8677c721a37c36d255a3899a9b3
461,MEASURED,FULL_POLICY_PATH,LEARN_QUALITY,530102,15,3,437.8732,10.94683,600,130.85751169268352,193749538056523b200d7397e4f0e0851e50f5a02ca8546856390506f0dfb37a
462,MEASURED,FULL_POLICY_PATH,LEARN_QUALITY,530101,15,0,440.3207,11.0080175,600,97.20164785567786,5dfc6e9b928df4d0f08ff5efa0db383122234cf621cb1aff31d5dc76cea53281
463,MEASURED,FULL_POLICY_PATH,S_ADAPT,-1,15,2,65.803,1.6450749999999998,600,363.60913959145546,f3eef135fbf7cda7d4259deff31d97d81321154c3d403ba8eae0e13e337b36ae
464,MEASURED,FULL_POLICY_PATH,LEARN_QUALITY,530101,10,4,424.0573,10.6014325,400,68.38854427300772,28b79183e97c33c01ad9eb08a621cfb39e8a80e95d38c09997c1d42fc0bd92aa
465,MEASURED,FULL_POLICY_PATH,LEARN_QUALITY,530101,20,4,453.381,11.334525,800,107.49725294030088,a3d86880da36c46da8dc4226de2d15a21bafcbb3d3de6234525944bb5aa264e7
466,MEASURED,FULL_POLICY_PATH,LEARN_QUALITY,530101,10,1,431.6218,10.790545,400,62.94320651540613,1f16862fb35fea7c20a78a332c201ac0ebb4d60127abe43776c0618b1143b81b
467,MEASURED,FULL_POLICY_PATH,LEARN_QUALITY,530101,15,2,428.5854,10.714635,600,97.01479891499869,7e6d95d769c7d9687624018c1d858390f954fe241d6b8975ccdd997e695297b3
468,MEASURED,FULL_POLICY_PATH,LEARN_QUALITY,530101,20,2,432.1356,10.80339,800,109.65310171004846,7fa0870805ff4cf7f09e6127254261b25246cc80f569411aae3dc5104d2933cc
469,MEASURED,FULL_POLICY_PATH,LEARN_QUALITY,530101,15,0,437.0014,10.925035,600,97.20164785567786,5dfc6e9b928df4d0f08ff5efa0db383122234cf621cb1aff31d5dc76cea53281
470,MEASURED,FULL_POLICY_PATH,S_ADAPT,-1,20,1,74.7789,1.8694724999999999,800,415.7503350973129,6d0cb0c4405dc90387b55d6457229758e4276ae0e27c754a78dcc25cc13f41c8
471,MEASURED,FULL_POLICY_PATH,LEARN_QUALITY,530101,15,0,456.3923,11.4098075,600,97.20164785567786,5dfc6e9b928df4d0f08ff5efa0db383122234cf621cb1aff31d5dc76cea53281
472,MEASURED,FULL_POLICY_PATH,S_ADAPT,-1,15,3,51.1024,1.27756,600,386.0996204018593,252c151f42ca3b8e280b1fc6e087a8dee2153f14747c336e7dcac0134425feea
473,MEASURED,FULL_POLICY_PATH,S_ADAPT,-1,15,0,91.3075,2.2826875,600,371.3841568529606,b3004c94c0a1acc4bea41b0fbb2b1d0eba865c9be972d407e019303ca1057a20
474,MEASURED,FULL_POLICY_PATH,S_ADAPT,-1,15,0,93.8749,2.3468725,600,371.3841568529606,b3004c94c0a1acc4bea41b0fbb2b1d0eba865c9be972d407e019303ca1057a20
475,MEASURED,FULL_POLICY_PATH,LEARN_QUALITY,530101,15,4,374.8403,9.371007500000001,600,93.15287583446096,f4a94ff0a77b6bd17929b939cf25ec2bc7ef76ebdf3f58bce2d75db46d2d99f4
476,MEASURED,FULL_POLICY_PATH,LEARN_QUALITY,530101,15,3,367.1813,9.1795325,600,130.3358717953731,189881a5e1bfcc51a0b294aead80a5689fa4ff9cc9441444624324248e655954
477,MEASURED,FULL_POLICY_PATH,LEARN_QUALITY,530101,20,1,414.7336,10.36834,800,94.47869624869647,10a79b6eb4692460620841197d21cd855c4439e299eaf5266b74fedcd9385dea
478,MEASURED,FULL_POLICY_PATH,LEARN_QUALITY,530101,10,0,355.8709,8.8967725,400,72.99146302310172,e7c35db7138d5e4d01b4cc857cbad087b7738d5333c1cd3599fbeb0aa1d0e715
479,MEASURED,FULL_POLICY_PATH,LEARN_QUALITY,530101,10,4,373.9712,9.34928,400,68.38854427300772,28b79183e97c33c01ad9eb08a621cfb39e8a80e95d38c09997c1d42fc0bd92aa
480,MEASURED,FULL_POLICY_PATH,LEARN_QUALITY,530101,20,0,442.8077,11.070192500000001,800,111.63427928148889,572f3263127b4169ac34f08b36891d7413aed8677c721a37c36d255a3899a9b3
481,MEASURED,FULL_POLICY_PATH,LEARN_QUALITY,530102,15,2,368.8801,9.2220025,600,96.04228128698834,1dcbf51da51c3c5c7e5aaac195fa63233a31f75b76d2b56a660384d24de891db
482,MEASURED,FULL_POLICY_PATH,LEARN_QUALITY,530101,15,1,365.5662,9.139154999999999,600,83.67778409735129,ef43848fe57bfab6314f95d3543e966a8b08c097b3706610f18e7b16785f617f
483,MEASURED,FULL_POLICY_PATH,LEARN_QUALITY,530101,10,1,435.3609,10.8840225,400,62.94320651540613,1f16862fb35fea7c20a78a332c201ac0ebb4d60127abe43776c0618b1143b81b
484,MEASURED,FULL_POLICY_PATH,LEARN_QUALITY,530101,15,2,380.5681,9.5142025,600,97.01479891499869,7e6d95d769c7d9687624018c1d858390f954fe241d6b8975ccdd997e695297b3
485,MEASURED,FULL_POLICY_PATH,S_ADAPT,-1,15,2,63.2799,1.5819975,600,363.60913959145546,f3eef135fbf7cda7d4259deff31d97d81321154c3d403ba8eae0e13e337b36ae
486,MEASURED,FULL_POLICY_PATH,LEARN_QUALITY,530103,15,4,419.9148,10.49787,600,93.01931417529349,0302d9d11a400a5f75be337b77cb9f1a774cb0b02cff8e4381123741ad21c4e2
487,MEASURED,FULL_POLICY_PATH,LEARN_QUALITY,530101,20,2,456.4549,11.4113725,800,109.65310171004846,7fa0870805ff4cf7f09e6127254261b25246cc80f569411aae3dc5104d2933cc
488,MEASURED,FULL_POLICY_PATH,LEARN_QUALITY,530101,15,2,441.3695,11.0342375,600,97.01479891499869,7e6d95d769c7d9687624018c1d858390f954fe241d6b8975ccdd997e695297b3
489,MEASURED,FULL_POLICY_PATH,LEARN_QUALITY,530102,15,1,469.7694,11.744235,600,88.85858850968494,137522f16ce89c6b0964334ac914c43f2b64c71721cca92fe9621367226a38dc
490,MEASURED,FULL_POLICY_PATH,S_ADAPT,-1,20,3,76.1107,1.9027675,800,457.9206243157387,21e3005e62f6d231cb3cc40fdf9074ca833f899ce9df57bbef5710e5840e09f9
491,MEASURED,FULL_POLICY_PATH,LEARN_QUALITY,530101,20,4,456.8757,11.4218925,800,107.49725294030088,a3d86880da36c46da8dc4226de2d15a21bafcbb3d3de6234525944bb5aa264e7
492,MEASURED,FULL_POLICY_PATH,LEARN_QUALITY,530101,15,4,435.9666,10.899165,600,93.15287583446096,f4a94ff0a77b6bd17929b939cf25ec2bc7ef76ebdf3f58bce2d75db46d2d99f4
493,MEASURED,FULL_POLICY_PATH,LEARN_QUALITY,530101,15,0,431.0607,10.7765175,600,97.20164785567786,5dfc6e9b928df4d0f08ff5efa0db383122234cf621cb1aff31d5dc76cea53281
494,MEASURED,FULL_POLICY_PATH,S_ADAPT,-1,10,0,68.7987,1.7199674999999999,400,284.22937551140785,53942cbb9a8a5a64b0db98a82f4fce558f482e6886ecc097434e9fba646b0a60
495,MEASURED,FULL_POLICY_PATH,LEARN_QUALITY,530101,20,4,427.4275,10.6856875,800,107.49725294030088,a3d86880da36c46da8dc4226de2d15a21bafcbb3d3de6234525944bb5aa264e7
496,MEASURED,FULL_POLICY_PATH,S_ADAPT,-1,20,2,65.2202,1.630505,800,432.81260257959366,e79987f149cce4d4391ef92c6a97c1d767fd16cd492c031ea4af70e8451de98c
497,MEASURED,FULL_POLICY_PATH,LEARN_QUALITY,530101,20,4,448.8627,11.2215675,800,107.49725294030088,a3d86880da36c46da8dc4226de2d15a21bafcbb3d3de6234525944bb5aa264e7
498,MEASURED,FULL_POLICY_PATH,LEARN_QUALITY,530101,20,1,447.4457,11.186142499999999,800,94.47869624869647,10a79b6eb4692460620841197d21cd855c4439e299eaf5266b74fedcd9385dea
499,MEASURED,FULL_POLICY_PATH,LEARN_QUALITY,530101,10,2,388.4787,9.7119675,400,71.15188249646685,9b25952942cfac66d6dd841368d70f12dd91486c3cf6a523c8fcc245cc3f86b3
500,MEASURED,FULL_POLICY_PATH,S_ADAPT,-1,20,2,63.924,1.5981,800,432.81260257959366,e79987f149cce4d4391ef92c6a97c1d767fd16cd492c031ea4af70e8451de98c
501,MEASURED,FULL_POLICY_PATH,LEARN_QUALITY,530101,20,4,419.2175,10.480437499999999,800,107.49725294030088,a3d86880da36c46da8dc4226de2d15a21bafcbb3d3de6234525944bb5aa264e7
502,MEASURED,FULL_POLICY_PATH,S_ADAPT,-1,10,4,56.228,1.4057,400,271.37676933407784,88737f813284457f30f2c69d44f68791f7370e2c49c928c86777821b577f4051
503,MEASURED,FULL_POLICY_PATH,S_ADAPT,-1,20,1,58.106,1.45265,800,415.7503350973129,6d0cb0c4405dc90387b55d6457229758e4276ae0e27c754a78dcc25cc13f41c8
504,MEASURED,FULL_POLICY_PATH,LEARN_QUALITY,530101,20,3,388.2762,9.706905,800,146.51983876547857,67a588433daba80df4bc1c340bf736b7fd5266dbd6db36bc042c11d3251a6616
505,MEASURED,FULL_POLICY_PATH,LEARN_QUALITY,530101,15,3,451.0485,11.2762125,600,130.3358717953731,189881a5e1bfcc51a0b294aead80a5689fa4ff9cc9441444624324248e655954
506,MEASURED,FULL_POLICY_PATH,LEARN_QUALITY,530101,20,1,381.6705,9.5417625,800,94.47869624869647,10a79b6eb4692460620841197d21cd855c4439e299eaf5266b74fedcd9385dea
507,MEASURED,FULL_POLICY_PATH,LEARN_QUALITY,530101,10,3,378.6875,9.4671875,400,97.29233640543227,e2ac0f2f414f8e7b0771e1cf681e9fa7f847877736a984a87d7eae625858a2be
508,MEASURED,FULL_POLICY_PATH,LEARN_QUALITY,530102,15,1,436.4719,10.9117975,600,88.85858850968494,137522f16ce89c6b0964334ac914c43f2b64c71721cca92fe9621367226a38dc
509,MEASURED,FULL_POLICY_PATH,LEARN_QUALITY,530101,10,3,393.7832,9.84458,400,97.29233640543227,e2ac0f2f414f8e7b0771e1cf681e9fa7f847877736a984a87d7eae625858a2be
510,MEASURED,FULL_POLICY_PATH,LEARN_QUALITY,530101,20,1,418.9635,10.4740875,800,94.47869624869647,10a79b6eb4692460620841197d21cd855c4439e299eaf5266b74fedcd9385dea
511,MEASURED,FULL_POLICY_PATH,S_ADAPT,-1,10,3,55.2017,1.3800425,400,293.82467341423035,4041c2353650ffc3521df07aeec818741f2a7f8acf14590c93615e6d8d3ced8c
512,MEASURED,FULL_POLICY_PATH,S_ADAPT,-1,15,1,58.4761,1.4619025,600,353.76666152477264,106a9662fdc268276fd832a53813a5d41c26843d15913d386057929c37645238
513,MEASURED,FULL_POLICY_PATH,LEARN_QUALITY,530101,20,4,426.2735,10.6568375,800,107.49725294030088,a3d86880da36c46da8dc4226de2d15a21bafcbb3d3de6234525944bb5aa264e7
514,MEASURED,FULL_POLICY_PATH,S_ADAPT,-1,10,3,63.0804,1.57701,400,293.82467341423035,4041c2353650ffc3521df07aeec818741f2a7f8acf14590c93615e6d8d3ced8c
515,MEASURED,FULL_POLICY_PATH,LEARN_QUALITY,530102,15,4,435.0223,10.8755575,600,94.20600829482585,9334d67cd56603b999fb118047ee6ce048ff3dc1be3abf064042825e10d5208b
516,MEASURED,FULL_POLICY_PATH,LEARN_QUALITY,530103,15,2,467.1714,11.679285,600,93.52989977987787,d134b305a089ef9dba656b1b2ed534218fae619f336c6be1705f6487da611eae
517,MEASURED,FULL_POLICY_PATH,LEARN_QUALITY,530101,10,1,444.043,11.101075,400,62.94320651540613,1f16862fb35fea7c20a78a332c201ac0ebb4d60127abe43776c0618b1143b81b
518,MEASURED,FULL_POLICY_PATH,S_ADAPT,-1,20,1,70.9544,1.7738600000000002,800,415.7503350973129,6d0cb0c4405dc90387b55d6457229758e4276ae0e27c754a78dcc25cc13f41c8
519,MEASURED,FULL_POLICY_PATH,S_ADAPT,-1,15,4,67.8637,1.6965925,600,357.80318182706833,5938eba45c73290974057dd22f17b06e25d6b2d6c0e2628f2227edfdebb7b23b
520,MEASURED,FULL_POLICY_PATH,S_ADAPT,-1,15,3,69.3678,1.7341950000000002,600,386.0996204018593,252c151f42ca3b8e280b1fc6e087a8dee2153f14747c336e7dcac0134425feea
521,MEASURED,FULL_POLICY_PATH,LEARN_QUALITY,530101,20,1,452.0101,11.300252500000001,800,94.47869624869647,10a79b6eb4692460620841197d21cd855c4439e299eaf5266b74fedcd9385dea
522,MEASURED,FULL_POLICY_PATH,LEARN_QUALITY,530101,20,4,457.8706,11.446765000000001,800,107.49725294030088,a3d86880da36c46da8dc4226de2d15a21bafcbb3d3de6234525944bb5aa264e7
523,MEASURED,FULL_POLICY_PATH,LEARN_QUALITY,530103,15,3,441.8502,11.046254999999999,600,128.91935920997827,d93fd818664fe8939762cb0968ba5cd4c12fa8ac131c19dd7cc9e8b43f9c9b9f
524,MEASURED,FULL_POLICY_PATH,LEARN_QUALITY,530101,10,2,439.5172,10.98793,400,71.15188249646685,9b25952942cfac66d6dd841368d70f12dd91486c3cf6a523c8fcc245cc3f86b3
525,MEASURED,FULL_POLICY_PATH,S_ADAPT,-1,20,3,68.6399,1.7159974999999998,800,457.9206243157387,21e3005e62f6d231cb3cc40fdf9074ca833f899ce9df57bbef5710e5840e09f9
526,MEASURED,FULL_POLICY_PATH,S_ADAPT,-1,10,3,79.8362,1.995905,400,293.82467341423035,4041c2353650ffc3521df07aeec818741f2a7f8acf14590c93615e6d8d3ced8c
527,MEASURED,FULL_POLICY_PATH,LEARN_QUALITY,530101,20,0,453.8502,11.346255,800,111.63427928148889,572f3263127b4169ac34f08b36891d7413aed8677c721a37c36d255a3899a9b3
528,MEASURED,FULL_POLICY_PATH,LEARN_QUALITY,530101,15,4,477.7397,11.943492500000001,600,93.15287583446096,f4a94ff0a77b6bd17929b939cf25ec2bc7ef76ebdf3f58bce2d75db46d2d99f4
529,MEASURED,FULL_POLICY_PATH,S_ADAPT,-1,10,0,64.4262,1.610655,400,284.22937551140785,53942cbb9a8a5a64b0db98a82f4fce558f482e6886ecc097434e9fba646b0a60
530,MEASURED,FULL_POLICY_PATH,S_ADAPT,-1,10,0,51.003,1.275075,400,284.22937551140785,53942cbb9a8a5a64b0db98a82f4fce558f482e6886ecc097434e9fba646b0a60
531,MEASURED,FULL_POLICY_PATH,LEARN_QUALITY,530101,15,1,376.304,9.407599999999999,600,83.67778409735129,ef43848fe57bfab6314f95d3543e966a8b08c097b3706610f18e7b16785f617f
532,MEASURED,FULL_POLICY_PATH,S_ADAPT,-1,15,3,54.7815,1.3695375,600,386.0996204018593,252c151f42ca3b8e280b1fc6e087a8dee2153f14747c336e7dcac0134425feea
533,MEASURED,FULL_POLICY_PATH,LEARN_QUALITY,530101,20,1,424.1256,10.60314,800,94.47869624869647,10a79b6eb4692460620841197d21cd855c4439e299eaf5266b74fedcd9385dea
534,MEASURED,FULL_POLICY_PATH,LEARN_QUALITY,530102,15,4,401.9069,10.047672500000001,600,94.20600829482585,9334d67cd56603b999fb118047ee6ce048ff3dc1be3abf064042825e10d5208b
535,MEASURED,FULL_POLICY_PATH,S_ADAPT,-1,20,1,51.7473,1.2936825,800,415.7503350973129,6d0cb0c4405dc90387b55d6457229758e4276ae0e27c754a78dcc25cc13f41c8
536,MEASURED,FULL_POLICY_PATH,LEARN_QUALITY,530101,20,3,374.3069,9.3576725,800,146.51983876547857,67a588433daba80df4bc1c340bf736b7fd5266dbd6db36bc042c11d3251a6616
537,MEASURED,FULL_POLICY_PATH,LEARN_QUALITY,530102,15,1,424.9428,10.623569999999999,600,88.85858850968494,137522f16ce89c6b0964334ac914c43f2b64c71721cca92fe9621367226a38dc
538,MEASURED,FULL_POLICY_PATH,LEARN_QUALITY,530101,10,3,404.6632,10.11658,400,97.29233640543227,e2ac0f2f414f8e7b0771e1cf681e9fa7f847877736a984a87d7eae625858a2be
539,MEASURED,FULL_POLICY_PATH,S_ADAPT,-1,10,1,61.3275,1.5331875,400,275.9327971637249,1ce6b8ff41cb97b662aedc7ad8bedd7c817837cf26b99fc81f6d1ec0c5c1c3ce
540,MEASURED,FULL_POLICY_PATH,LEARN_QUALITY,530101,15,3,397.8603,9.9465075,600,130.3358717953731,189881a5e1bfcc51a0b294aead80a5689fa4ff9cc9441444624324248e655954
541,MEASURED,FULL_POLICY_PATH,S_ADAPT,-1,10,1,72.8972,1.82243,400,275.9327971637249,1ce6b8ff41cb97b662aedc7ad8bedd7c817837cf26b99fc81f6d1ec0c5c1c3ce
542,MEASURED,FULL_POLICY_PATH,LEARN_QUALITY,530101,10,4,418.951,10.473775,400,68.38854427300772,28b79183e97c33c01ad9eb08a621cfb39e8a80e95d38c09997c1d42fc0bd92aa
543,MEASURED,FULL_POLICY_PATH,LEARN_QUALITY,530102,15,1,397.8079,9.9451975,600,88.85858850968494,137522f16ce89c6b0964334ac914c43f2b64c71721cca92fe9621367226a38dc
544,MEASURED,FULL_POLICY_PATH,S_ADAPT,-1,20,4,55.8029,1.3950725,800,428.6769134104252,a4557f4ce7bfe56aa5dcd63a55abb879b843c5e934e2dfc46b1bb08a31d616cb
545,MEASURED,FULL_POLICY_PATH,LEARN_QUALITY,530103,15,1,423.7122,10.592805,600,89.4662974903967,bff6741b3772ab020c60b8d6bf7bdcb60fda36d4e6f9f0f5e9a7a79ef7429f69
546,MEASURED,FULL_POLICY_PATH,LEARN_QUALITY,530101,20,1,442.0598,11.051495,800,94.47869624869647,10a79b6eb4692460620841197d21cd855c4439e299eaf5266b74fedcd9385dea
547,MEASURED,FULL_POLICY_PATH,LEARN_QUALITY,530102,15,1,435.5408,10.88852,600,88.85858850968494,137522f16ce89c6b0964334ac914c43f2b64c71721cca92fe9621367226a38dc
548,MEASURED,FULL_POLICY_PATH,LEARN_QUALITY,530102,15,3,437.1858,10.929644999999999,600,130.85751169268352,193749538056523b200d7397e4f0e0851e50f5a02ca8546856390506f0dfb37a
549,MEASURED,FULL_POLICY_PATH,LEARN_QUALITY,530101,10,3,431.8039,10.7950975,400,97.29233640543227,e2ac0f2f414f8e7b0771e1cf681e9fa7f847877736a984a87d7eae625858a2be
550,MEASURED,FULL_POLICY_PATH,LEARN_QUALITY,530101,10,1,652.9061,16.3226525,400,62.94320651540613,1f16862fb35fea7c20a78a332c201ac0ebb4d60127abe43776c0618b1143b81b
551,MEASURED,FULL_POLICY_PATH,S_ADAPT,-1,15,2,63.6542,1.591355,600,363.60913959145546,f3eef135fbf7cda7d4259deff31d97d81321154c3d403ba8eae0e13e337b36ae
552,MEASURED,FULL_POLICY_PATH,LEARN_QUALITY,530101,20,1,421.3234,10.533085,800,94.47869624869647,10a79b6eb4692460620841197d21cd855c4439e299eaf5266b74fedcd9385dea
553,MEASURED,FULL_POLICY_PATH,LEARN_QUALITY,530101,10,2,458.1705,11.4542625,400,71.15188249646685,9b25952942cfac66d6dd841368d70f12dd91486c3cf6a523c8fcc245cc3f86b3
554,MEASURED,FULL_POLICY_PATH,S_ADAPT,-1,20,4,72.096,1.8024,800,428.6769134104252,a4557f4ce7bfe56aa5dcd63a55abb879b843c5e934e2dfc46b1bb08a31d616cb
555,MEASURED,FULL_POLICY_PATH,S_ADAPT,-1,15,0,63.0562,1.5764049999999998,600,371.3841568529606,b3004c94c0a1acc4bea41b0fbb2b1d0eba865c9be972d407e019303ca1057a20
556,MEASURED,FULL_POLICY_PATH,LEARN_QUALITY,530101,10,3,426.4441,10.6611025,400,97.29233640543227,e2ac0f2f414f8e7b0771e1cf681e9fa7f847877736a984a87d7eae625858a2be
557,MEASURED,FULL_POLICY_PATH,LEARN_QUALITY,530101,15,0,432.3978,10.809945,600,97.20164785567786,5dfc6e9b928df4d0f08ff5efa0db383122234cf621cb1aff31d5dc76cea53281
558,MEASURED,FULL_POLICY_PATH,S_ADAPT,-1,20,0,71.8129,1.7953225,800,441.55207175016403,3a221c89dcb7b438299f2f48d0eef0494bea948ec6de9698110e215c3af14aea
559,MEASURED,FULL_POLICY_PATH,LEARN_QUALITY,530101,20,2,398.7737,9.9693425,800,109.65310171004846,7fa0870805ff4cf7f09e6127254261b25246cc80f569411aae3dc5104d2933cc
560,MEASURED,FULL_POLICY_PATH,LEARN_QUALITY,530102,15,4,421.59,10.53975,600,94.20600829482585,9334d67cd56603b999fb118047ee6ce048ff3dc1be3abf064042825e10d5208b
561,MEASURED,FULL_POLICY_PATH,LEARN_QUALITY,530101,20,4,427.8448,10.69612,800,107.49725294030088,a3d86880da36c46da8dc4226de2d15a21bafcbb3d3de6234525944bb5aa264e7
562,MEASURED,FULL_POLICY_PATH,S_ADAPT,-1,15,1,63.4965,1.5874125,600,353.76666152477264,106a9662fdc268276fd832a53813a5d41c26843d15913d386057929c37645238
563,MEASURED,FULL_POLICY_PATH,LEARN_QUALITY,530101,20,4,399.8313,9.9957825,800,107.49725294030088,a3d86880da36c46da8dc4226de2d15a21bafcbb3d3de6234525944bb5aa264e7
564,MEASURED,FULL_POLICY_PATH,S_ADAPT,-1,10,1,55.6583,1.3914575,400,275.9327971637249,1ce6b8ff41cb97b662aedc7ad8bedd7c817837cf26b99fc81f6d1ec0c5c1c3ce
565,MEASURED,FULL_POLICY_PATH,S_ADAPT,-1,15,4,51.5113,1.2877825,600,357.80318182706833,5938eba45c73290974057dd22f17b06e25d6b2d6c0e2628f2227edfdebb7b23b
566,MEASURED,FULL_POLICY_PATH,S_ADAPT,-1,15,0,56.9332,1.42333,600,371.3841568529606,b3004c94c0a1acc4bea41b0fbb2b1d0eba865c9be972d407e019303ca1057a20
567,MEASURED,FULL_POLICY_PATH,LEARN_QUALITY,530101,20,1,386.8346,9.670865000000001,800,94.47869624869647,10a79b6eb4692460620841197d21cd855c4439e299eaf5266b74fedcd9385dea
568,MEASURED,FULL_POLICY_PATH,S_ADAPT,-1,20,4,95.69,2.3922499999999998,800,428.6769134104252,a4557f4ce7bfe56aa5dcd63a55abb879b843c5e934e2dfc46b1bb08a31d616cb
569,MEASURED,FULL_POLICY_PATH,S_ADAPT,-1,20,2,86.0291,2.1507275,800,432.81260257959366,e79987f149cce4d4391ef92c6a97c1d767fd16cd492c031ea4af70e8451de98c
570,MEASURED,FULL_POLICY_PATH,LEARN_QUALITY,530101,20,1,395.3834,9.884585,800,94.47869624869647,10a79b6eb4692460620841197d21cd855c4439e299eaf5266b74fedcd9385dea
571,MEASURED,FULL_POLICY_PATH,LEARN_QUALITY,530101,15,1,396.0242,9.900605,600,83.67778409735129,ef43848fe57bfab6314f95d3543e966a8b08c097b3706610f18e7b16785f617f
572,MEASURED,FULL_POLICY_PATH,S_ADAPT,-1,15,3,56.7197,1.4179925,600,386.0996204018593,252c151f42ca3b8e280b1fc6e087a8dee2153f14747c336e7dcac0134425feea
573,MEASURED,FULL_POLICY_PATH,S_ADAPT,-1,20,1,54.9668,1.37417,800,415.7503350973129,6d0cb0c4405dc90387b55d6457229758e4276ae0e27c754a78dcc25cc13f41c8
574,MEASURED,FULL_POLICY_PATH,LEARN_QUALITY,530101,10,1,430.3526,10.758815,400,62.94320651540613,1f16862fb35fea7c20a78a332c201ac0ebb4d60127abe43776c0618b1143b81b
575,MEASURED,FULL_POLICY_PATH,S_ADAPT,-1,15,0,57.0773,1.4269325,600,371.3841568529606,b3004c94c0a1acc4bea41b0fbb2b1d0eba865c9be972d407e019303ca1057a20
576,MEASURED,FULL_POLICY_PATH,LEARN_QUALITY,530101,15,4,373.5063,9.3376575,600,93.15287583446096,f4a94ff0a77b6bd17929b939cf25ec2bc7ef76ebdf3f58bce2d75db46d2d99f4
577,MEASURED,FULL_POLICY_PATH,LEARN_QUALITY,530102,15,4,406.2431,10.1560775,600,94.20600829482585,9334d67cd56603b999fb118047ee6ce048ff3dc1be3abf064042825e10d5208b
578,MEASURED,FULL_POLICY_PATH,S_ADAPT,-1,20,3,73.5632,1.8390799999999998,800,457.9206243157387,21e3005e62f6d231cb3cc40fdf9074ca833f899ce9df57bbef5710e5840e09f9
579,MEASURED,FULL_POLICY_PATH,S_ADAPT,-1,20,1,68.7292,1.7182300000000001,800,415.7503350973129,6d0cb0c4405dc90387b55d6457229758e4276ae0e27c754a78dcc25cc13f41c8
580,MEASURED,FULL_POLICY_PATH,LEARN_QUALITY,530101,20,4,455.7972,11.394929999999999,800,107.49725294030088,a3d86880da36c46da8dc4226de2d15a21bafcbb3d3de6234525944bb5aa264e7
581,MEASURED,FULL_POLICY_PATH,S_ADAPT,-1,10,0,73.5836,1.83959,400,284.22937551140785,53942cbb9a8a5a64b0db98a82f4fce558f482e6886ecc097434e9fba646b0a60
582,MEASURED,FULL_POLICY_PATH,S_ADAPT,-1,20,4,65.6633,1.6415825000000002,800,428.6769134104252,a4557f4ce7bfe56aa5dcd63a55abb879b843c5e934e2dfc46b1bb08a31d616cb
583,MEASURED,FULL_POLICY_PATH,S_ADAPT,-1,15,1,71.9457,1.7986425000000001,600,353.76666152477264,106a9662fdc268276fd832a53813a5d41c26843d15913d386057929c37645238
584,MEASURED,FULL_POLICY_PATH,LEARN_QUALITY,530101,10,0,482.1287,12.053217499999999,400,72.99146302310172,e7c35db7138d5e4d01b4cc857cbad087b7738d5333c1cd3599fbeb0aa1d0e715
585,MEASURED,FULL_POLICY_PATH,LEARN_QUALITY,530101,10,0,442.8923,11.072307499999999,400,72.99146302310172,e7c35db7138d5e4d01b4cc857cbad087b7738d5333c1cd3599fbeb0aa1d0e715
586,MEASURED,FULL_POLICY_PATH,LEARN_QUALITY,530101,10,4,436.8454,10.921135,400,68.38854427300772,28b79183e97c33c01ad9eb08a621cfb39e8a80e95d38c09997c1d42fc0bd92aa
587,MEASURED,FULL_POLICY_PATH,S_ADAPT,-1,10,2,68.8594,1.721485,400,278.2561217844486,6b879b5ecb141762cd197fdffe85d1828a5f5bb545a8ba4e2aab31ea59c47870
588,MEASURED,FULL_POLICY_PATH,LEARN_QUALITY,530101,15,2,460.4209,11.5105225,600,97.01479891499869,7e6d95d769c7d9687624018c1d858390f954fe241d6b8975ccdd997e695297b3
589,MEASURED,FULL_POLICY_PATH,LEARN_QUALITY,530101,15,0,424.2609,10.6065225,600,97.20164785567786,5dfc6e9b928df4d0f08ff5efa0db383122234cf621cb1aff31d5dc76cea53281
590,MEASURED,FULL_POLICY_PATH,LEARN_QUALITY,530101,10,2,445.6263,11.1406575,400,71.15188249646685,9b25952942cfac66d6dd841368d70f12dd91486c3cf6a523c8fcc245cc3f86b3
591,MEASURED,FULL_POLICY_PATH,LEARN_QUALITY,530103,15,3,425.9168,10.647920000000001,600,128.91935920997827,d93fd818664fe8939762cb0968ba5cd4c12fa8ac131c19dd7cc9e8b43f9c9b9f
592,MEASURED,FULL_POLICY_PATH,LEARN_QUALITY,530101,15,0,414.1139,10.3528475,600,97.20164785567786,5dfc6e9b928df4d0f08ff5efa0db383122234cf621cb1aff31d5dc76cea53281
593,MEASURED,FULL_POLICY_PATH,S_ADAPT,-1,10,1,55.3959,1.3848975,400,275.9327971637249,1ce6b8ff41cb97b662aedc7ad8bedd7c817837cf26b99fc81f6d1ec0c5c1c3ce
594,MEASURED,FULL_POLICY_PATH,LEARN_QUALITY,530101,20,0,414.7336,10.36834,800,111.63427928148889,572f3263127b4169ac34f08b36891d7413aed8677c721a37c36d255a3899a9b3
595,MEASURED,FULL_POLICY_PATH,LEARN_QUALITY,530101,20,1,391.8295,9.7957375,800,94.47869624869647,10a79b6eb4692460620841197d21cd855c4439e299eaf5266b74fedcd9385dea
596,MEASURED,FULL_POLICY_PATH,S_ADAPT,-1,15,0,59.1911,1.4797775,600,371.3841568529606,b3004c94c0a1acc4bea41b0fbb2b1d0eba865c9be972d407e019303ca1057a20
597,MEASURED,FULL_POLICY_PATH,S_ADAPT,-1,10,1,61.9623,1.5490575,400,275.9327971637249,1ce6b8ff41cb97b662aedc7ad8bedd7c817837cf26b99fc81f6d1ec0c5c1c3ce
598,MEASURED,FULL_POLICY_PATH,S_ADAPT,-1,15,3,58.378,1.45945,600,386.0996204018593,252c151f42ca3b8e280b1fc6e087a8dee2153f14747c336e7dcac0134425feea
599,MEASURED,FULL_POLICY_PATH,LEARN_QUALITY,530103,15,1,425.4635,10.636587500000001,600,89.4662974903967,bff6741b3772ab020c60b8d6bf7bdcb60fda36d4e6f9f0f5e9a7a79ef7429f69
600,MEASURED,FULL_POLICY_PATH,S_ADAPT,-1,10,3,53.6999,1.3424975,400,293.82467341423035,4041c2353650ffc3521df07aeec818741f2a7f8acf14590c93615e6d8d3ced8c
601,MEASURED,FULL_POLICY_PATH,LEARN_QUALITY,530103,15,3,370.1265,9.2531625,600,128.91935920997827,d93fd818664fe8939762cb0968ba5cd4c12fa8ac131c19dd7cc9e8b43f9c9b9f
602,MEASURED,FULL_POLICY_PATH,LEARN_QUALITY,530101,10,3,374.8926,9.372315,400,97.29233640543227,e2ac0f2f414f8e7b0771e1cf681e9fa7f847877736a984a87d7eae625858a2be
603,MEASURED,FULL_POLICY_PATH,LEARN_QUALITY,530101,10,0,414.5293,10.363232499999999,400,72.99146302310172,e7c35db7138d5e4d01b4cc857cbad087b7738d5333c1cd3599fbeb0aa1d0e715
604,MEASURED,FULL_POLICY_PATH,LEARN_QUALITY,530101,20,3,396.5364,9.91341,800,146.51983876547857,67a588433daba80df4bc1c340bf736b7fd5266dbd6db36bc042c11d3251a6616
605,MEASURED,FULL_POLICY_PATH,S_ADAPT,-1,10,2,55.5082,1.387705,400,278.2561217844486,6b879b5ecb141762cd197fdffe85d1828a5f5bb545a8ba4e2aab31ea59c47870
606,MEASURED,FULL_POLICY_PATH,S_ADAPT,-1,10,2,54.6832,1.36708,400,278.2561217844486,6b879b5ecb141762cd197fdffe85d1828a5f5bb545a8ba4e2aab31ea59c47870
607,MEASURED,FULL_POLICY_PATH,LEARN_QUALITY,530101,15,2,381.6101,9.5402525,600,97.01479891499869,7e6d95d769c7d9687624018c1d858390f954fe241d6b8975ccdd997e695297b3
608,MEASURED,FULL_POLICY_PATH,LEARN_QUALITY,530101,15,1,430.9618,10.774045,600,83.67778409735129,ef43848fe57bfab6314f95d3543e966a8b08c097b3706610f18e7b16785f617f
609,MEASURED,FULL_POLICY_PATH,LEARN_QUALITY,530101,20,2,408.8338,10.220845,800,109.65310171004846,7fa0870805ff4cf7f09e6127254261b25246cc80f569411aae3dc5104d2933cc
610,MEASURED,FULL_POLICY_PATH,LEARN_QUALITY,530102,15,2,440.8095,11.0202375,600,96.04228128698834,1dcbf51da51c3c5c7e5aaac195fa63233a31f75b76d2b56a660384d24de891db
611,MEASURED,FULL_POLICY_PATH,LEARN_QUALITY,530101,10,1,431.4338,10.785845,400,62.94320651540613,1f16862fb35fea7c20a78a332c201ac0ebb4d60127abe43776c0618b1143b81b
612,MEASURED,FULL_POLICY_PATH,S_ADAPT,-1,20,2,66.7235,1.6680875,800,432.81260257959366,e79987f149cce4d4391ef92c6a97c1d767fd16cd492c031ea4af70e8451de98c
613,MEASURED,FULL_POLICY_PATH,LEARN_QUALITY,530102,15,0,430.9622,10.774055,600,96.3514626422152,9dff4ff3595f7282773433d8e48247a346ae17ad64e3c6f265669ce8d1786f5a
614,MEASURED,FULL_POLICY_PATH,S_ADAPT,-1,20,1,71.4693,1.7867325,800,415.7503350973129,6d0cb0c4405dc90387b55d6457229758e4276ae0e27c754a78dcc25cc13f41c8
615,MEASURED,FULL_POLICY_PATH,LEARN_QUALITY,530101,15,4,478.2981,11.957452499999999,600,93.15287583446096,f4a94ff0a77b6bd17929b939cf25ec2bc7ef76ebdf3f58bce2d75db46d2d99f4
616,MEASURED,FULL_POLICY_PATH,S_ADAPT,-1,20,1,70.019,1.7504750000000002,800,415.7503350973129,6d0cb0c4405dc90387b55d6457229758e4276ae0e27c754a78dcc25cc13f41c8
617,MEASURED,FULL_POLICY_PATH,LEARN_QUALITY,530103,15,3,456.9919,11.4247975,600,128.91935920997827,d93fd818664fe8939762cb0968ba5cd4c12fa8ac131c19dd7cc9e8b43f9c9b9f
618,MEASURED,FULL_POLICY_PATH,LEARN_QUALITY,530101,10,0,458.0289,11.450722500000001,400,72.99146302310172,e7c35db7138d5e4d01b4cc857cbad087b7738d5333c1cd3599fbeb0aa1d0e715
619,MEASURED,FULL_POLICY_PATH,S_ADAPT,-1,20,0,63.8058,1.595145,800,441.55207175016403,3a221c89dcb7b438299f2f48d0eef0494bea948ec6de9698110e215c3af14aea
620,MEASURED,FULL_POLICY_PATH,LEARN_QUALITY,530101,15,1,443.8073,11.0951825,600,83.67778409735129,ef43848fe57bfab6314f95d3543e966a8b08c097b3706610f18e7b16785f617f
621,MEASURED,FULL_POLICY_PATH,S_ADAPT,-1,10,4,67.1651,1.6791274999999999,400,271.37676933407784,88737f813284457f30f2c69d44f68791f7370e2c49c928c86777821b577f4051
622,MEASURED,FULL_POLICY_PATH,LEARN_QUALITY,530101,15,0,450.7627,11.2690675,600,97.20164785567786,5dfc6e9b928df4d0f08ff5efa0db383122234cf621cb1aff31d5dc76cea53281
623,MEASURED,FULL_POLICY_PATH,S_ADAPT,-1,10,3,76.8335,1.9208375,400,293.82467341423035,4041c2353650ffc3521df07aeec818741f2a7f8acf14590c93615e6d8d3ced8c
624,MEASURED,FULL_POLICY_PATH,S_ADAPT,-1,10,1,65.22,1.6305,400,275.9327971637249,1ce6b8ff41cb97b662aedc7ad8bedd7c817837cf26b99fc81f6d1ec0c5c1c3ce
625,MEASURED,FULL_POLICY_PATH,S_ADAPT,-1,15,0,70.3775,1.7594375,600,371.3841568529606,b3004c94c0a1acc4bea41b0fbb2b1d0eba865c9be972d407e019303ca1057a20
626,MEASURED,FULL_POLICY_PATH,LEARN_QUALITY,530101,15,0,416.147,10.403675,600,97.20164785567786,5dfc6e9b928df4d0f08ff5efa0db383122234cf621cb1aff31d5dc76cea53281
627,MEASURED,FULL_POLICY_PATH,S_ADAPT,-1,20,1,58.4492,1.46123,800,415.7503350973129,6d0cb0c4405dc90387b55d6457229758e4276ae0e27c754a78dcc25cc13f41c8
628,MEASURED,FULL_POLICY_PATH,S_ADAPT,-1,20,0,53.2308,1.33077,800,441.55207175016403,3a221c89dcb7b438299f2f48d0eef0494bea948ec6de9698110e215c3af14aea
629,MEASURED,FULL_POLICY_PATH,LEARN_QUALITY,530101,20,3,450.0605,11.2515125,800,146.51983876547857,67a588433daba80df4bc1c340bf736b7fd5266dbd6db36bc042c11d3251a6616
630,MEASURED,FULL_POLICY_PATH,S_ADAPT,-1,10,4,56.9489,1.4237225,400,271.37676933407784,88737f813284457f30f2c69d44f68791f7370e2c49c928c86777821b577f4051
631,MEASURED,FULL_POLICY_PATH,LEARN_QUALITY,530102,15,3,400.2484,10.00621,600,130.85751169268352,193749538056523b200d7397e4f0e0851e50f5a02ca8546856390506f0dfb37a
632,MEASURED,FULL_POLICY_PATH,LEARN_QUALITY,530101,10,2,376.4169,9.4104225,400,71.15188249646685,9b25952942cfac66d6dd841368d70f12dd91486c3cf6a523c8fcc245cc3f86b3
633,MEASURED,FULL_POLICY_PATH,LEARN_QUALITY,530103,15,3,440.6603,11.0165075,600,128.91935920997827,d93fd818664fe8939762cb0968ba5cd4c12fa8ac131c19dd7cc9e8b43f9c9b9f
634,MEASURED,FULL_POLICY_PATH,LEARN_QUALITY,530101,20,3,413.6495,10.3412375,800,146.51983876547857,67a588433daba80df4bc1c340bf736b7fd5266dbd6db36bc042c11d3251a6616
635,MEASURED,FULL_POLICY_PATH,LEARN_QUALITY,530102,15,4,425.1827,10.6295675,600,94.20600829482585,9334d67cd56603b999fb118047ee6ce048ff3dc1be3abf064042825e10d5208b
636,MEASURED,FULL_POLICY_PATH,S_ADAPT,-1,20,2,81.0614,2.026535,800,432.81260257959366,e79987f149cce4d4391ef92c6a97c1d767fd16cd492c031ea4af70e8451de98c
637,MEASURED,FULL_POLICY_PATH,LEARN_QUALITY,530101,15,1,405.7241,10.143102500000001,600,83.67778409735129,ef43848fe57bfab6314f95d3543e966a8b08c097b3706610f18e7b16785f617f
638,MEASURED,FULL_POLICY_PATH,LEARN_QUALITY,530101,20,3,386.4545,9.6613625,800,146.51983876547857,67a588433daba80df4bc1c340bf736b7fd5266dbd6db36bc042c11d3251a6616
639,MEASURED,FULL_POLICY_PATH,S_ADAPT,-1,15,4,49.8179,1.2454475,600,357.80318182706833,5938eba45c73290974057dd22f17b06e25d6b2d6c0e2628f2227edfdebb7b23b
640,MEASURED,FULL_POLICY_PATH,S_ADAPT,-1,10,2,69.0693,1.7267325,400,278.2561217844486,6b879b5ecb141762cd197fdffe85d1828a5f5bb545a8ba4e2aab31ea59c47870
641,MEASURED,FULL_POLICY_PATH,S_ADAPT,-1,10,1,55.5108,1.3877700000000002,400,275.9327971637249,1ce6b8ff41cb97b662aedc7ad8bedd7c817837cf26b99fc81f6d1ec0c5c1c3ce
642,MEASURED,FULL_POLICY_PATH,LEARN_QUALITY,530101,20,1,451.0604,11.27651,800,94.47869624869647,10a79b6eb4692460620841197d21cd855c4439e299eaf5266b74fedcd9385dea
643,MEASURED,FULL_POLICY_PATH,LEARN_QUALITY,530101,10,0,420.511,10.512775000000001,400,72.99146302310172,e7c35db7138d5e4d01b4cc857cbad087b7738d5333c1cd3599fbeb0aa1d0e715
644,MEASURED,FULL_POLICY_PATH,S_ADAPT,-1,15,4,71.385,1.7846250000000001,600,357.80318182706833,5938eba45c73290974057dd22f17b06e25d6b2d6c0e2628f2227edfdebb7b23b
645,MEASURED,FULL_POLICY_PATH,S_ADAPT,-1,10,1,70.2356,1.7558900000000002,400,275.9327971637249,1ce6b8ff41cb97b662aedc7ad8bedd7c817837cf26b99fc81f6d1ec0c5c1c3ce
646,MEASURED,FULL_POLICY_PATH,S_ADAPT,-1,20,3,63.907,1.597675,800,457.9206243157387,21e3005e62f6d231cb3cc40fdf9074ca833f899ce9df57bbef5710e5840e09f9
647,MEASURED,FULL_POLICY_PATH,LEARN_QUALITY,530101,10,4,462.9717,11.5742925,400,68.38854427300772,28b79183e97c33c01ad9eb08a621cfb39e8a80e95d38c09997c1d42fc0bd92aa
648,MEASURED,FULL_POLICY_PATH,LEARN_QUALITY,530101,20,0,459.4845,11.4871125,800,111.63427928148889,572f3263127b4169ac34f08b36891d7413aed8677c721a37c36d255a3899a9b3
649,MEASURED,FULL_POLICY_PATH,LEARN_QUALITY,530101,10,0,433.4402,10.836005,400,72.99146302310172,e7c35db7138d5e4d01b4cc857cbad087b7738d5333c1cd3599fbeb0aa1d0e715
650,MEASURED,FULL_POLICY_PATH,LEARN_QUALITY,530101,15,4,465.4912,11.63728,600,93.15287583446096,f4a94ff0a77b6bd17929b939cf25ec2bc7ef76ebdf3f58bce2d75db46d2d99f4
651,MEASURED,FULL_POLICY_PATH,S_ADAPT,-1,15,2,65.2215,1.6305375000000002,600,363.60913959145546,f3eef135fbf7cda7d4259deff31d97d81321154c3d403ba8eae0e13e337b36ae
652,MEASURED,FULL_POLICY_PATH,S_ADAPT,-1,10,3,62.7903,1.5697575000000001,400,293.82467341423035,4041c2353650ffc3521df07aeec818741f2a7f8acf14590c93615e6d8d3ced8c
653,MEASURED,FULL_POLICY_PATH,S_ADAPT,-1,10,4,64.0468,1.6011700000000002,400,271.37676933407784,88737f813284457f30f2c69d44f68791f7370e2c49c928c86777821b577f4051
654,MEASURED,FULL_POLICY_PATH,S_ADAPT,-1,20,2,67.779,1.694475,800,432.81260257959366,e79987f149cce4d4391ef92c6a97c1d767fd16cd492c031ea4af70e8451de98c
655,MEASURED,FULL_POLICY_PATH,S_ADAPT,-1,10,4,67.0988,1.67747,400,271.37676933407784,88737f813284457f30f2c69d44f68791f7370e2c49c928c86777821b577f4051
656,MEASURED,FULL_POLICY_PATH,S_ADAPT,-1,20,3,68.446,1.71115,800,457.9206243157387,21e3005e62f6d231cb3cc40fdf9074ca833f899ce9df57bbef5710e5840e09f9
657,MEASURED,FULL_POLICY_PATH,S_ADAPT,-1,15,1,63.4438,1.586095,600,353.76666152477264,106a9662fdc268276fd832a53813a5d41c26843d15913d386057929c37645238
658,MEASURED,FULL_POLICY_PATH,LEARN_QUALITY,530103,15,4,464.501,11.612525,600,93.01931417529349,0302d9d11a400a5f75be337b77cb9f1a774cb0b02cff8e4381123741ad21c4e2
659,MEASURED,FULL_POLICY_PATH,LEARN_QUALITY,530101,15,0,434.9841,10.8746025,600,97.20164785567786,5dfc6e9b928df4d0f08ff5efa0db383122234cf621cb1aff31d5dc76cea53281
660,MEASURED,FULL_POLICY_PATH,LEARN_QUALITY,530101,10,1,434.0965,10.8524125,400,62.94320651540613,1f16862fb35fea7c20a78a332c201ac0ebb4d60127abe43776c0618b1143b81b
661,MEASURED,FULL_POLICY_PATH,S_ADAPT,-1,20,3,71.6268,1.79067,800,457.9206243157387,21e3005e62f6d231cb3cc40fdf9074ca833f899ce9df57bbef5710e5840e09f9
662,MEASURED,FULL_POLICY_PATH,LEARN_QUALITY,530103,15,0,422.537,10.563424999999999,600,97.23300665858619,96f63382c5fbe6ecfa278de26ef88164348acb939a5bbd361a9e1772a00d4d50
663,MEASURED,FULL_POLICY_PATH,S_ADAPT,-1,10,3,53.6365,1.3409125,400,293.82467341423035,4041c2353650ffc3521df07aeec818741f2a7f8acf14590c93615e6d8d3ced8c
664,MEASURED,FULL_POLICY_PATH,S_ADAPT,-1,10,4,54.2818,1.3570449999999998,400,271.37676933407784,88737f813284457f30f2c69d44f68791f7370e2c49c928c86777821b577f4051
665,MEASURED,FULL_POLICY_PATH,S_ADAPT,-1,15,4,53.8667,1.3466675000000001,600,357.80318182706833,5938eba45c73290974057dd22f17b06e25d6b2d6c0e2628f2227edfdebb7b23b
666,MEASURED,FULL_POLICY_PATH,S_ADAPT,-1,20,1,53.3767,1.3344175,800,415.7503350973129,6d0cb0c4405dc90387b55d6457229758e4276ae0e27c754a78dcc25cc13f41c8
667,MEASURED,FULL_POLICY_PATH,S_ADAPT,-1,10,0,51.7187,1.2929675,400,284.22937551140785,53942cbb9a8a5a64b0db98a82f4fce558f482e6886ecc097434e9fba646b0a60
668,MEASURED,FULL_POLICY_PATH,LEARN_QUALITY,530101,15,4,380.4035,9.510087500000001,600,93.15287583446096,f4a94ff0a77b6bd17929b939cf25ec2bc7ef76ebdf3f58bce2d75db46d2d99f4
669,MEASURED,FULL_POLICY_PATH,LEARN_QUALITY,530101,15,0,397.6983,9.9424575,600,97.20164785567786,5dfc6e9b928df4d0f08ff5efa0db383122234cf621cb1aff31d5dc76cea53281
670,MEASURED,FULL_POLICY_PATH,LEARN_QUALITY,530102,15,0,375.9361,9.3984025,600,96.3514626422152,9dff4ff3595f7282773433d8e48247a346ae17ad64e3c6f265669ce8d1786f5a
671,MEASURED,FULL_POLICY_PATH,S_ADAPT,-1,15,0,53.8611,1.3465275,600,371.3841568529606,b3004c94c0a1acc4bea41b0fbb2b1d0eba865c9be972d407e019303ca1057a20
672,MEASURED,FULL_POLICY_PATH,S_ADAPT,-1,10,3,63.208,1.5802,400,293.82467341423035,4041c2353650ffc3521df07aeec818741f2a7f8acf14590c93615e6d8d3ced8c
673,MEASURED,FULL_POLICY_PATH,S_ADAPT,-1,15,4,46.2243,1.1556075,600,357.80318182706833,5938eba45c73290974057dd22f17b06e25d6b2d6c0e2628f2227edfdebb7b23b
674,MEASURED,FULL_POLICY_PATH,LEARN_QUALITY,530102,15,1,387.1271,9.6781775,600,88.85858850968494,137522f16ce89c6b0964334ac914c43f2b64c71721cca92fe9621367226a38dc
675,MEASURED,FULL_POLICY_PATH,S_ADAPT,-1,10,0,57.9909,1.4497725000000001,400,284.22937551140785,53942cbb9a8a5a64b0db98a82f4fce558f482e6886ecc097434e9fba646b0a60
676,MEASURED,FULL_POLICY_PATH,LEARN_QUALITY,530101,10,4,379.2796,9.48199,400,68.38854427300772,28b79183e97c33c01ad9eb08a621cfb39e8a80e95d38c09997c1d42fc0bd92aa
677,MEASURED,FULL_POLICY_PATH,LEARN_QUALITY,530101,20,3,372.5761,9.3144025,800,146.51983876547857,67a588433daba80df4bc1c340bf736b7fd5266dbd6db36bc042c11d3251a6616
678,MEASURED,FULL_POLICY_PATH,LEARN_QUALITY,530101,10,4,419.1133,10.4778325,400,68.38854427300772,28b79183e97c33c01ad9eb08a621cfb39e8a80e95d38c09997c1d42fc0bd92aa
679,MEASURED,FULL_POLICY_PATH,S_ADAPT,-1,15,2,56.1693,1.4042325,600,363.60913959145546,f3eef135fbf7cda7d4259deff31d97d81321154c3d403ba8eae0e13e337b36ae
680,MEASURED,FULL_POLICY_PATH,LEARN_QUALITY,530101,10,4,390.4848,9.76212,400,68.38854427300772,28b79183e97c33c01ad9eb08a621cfb39e8a80e95d38c09997c1d42fc0bd92aa
681,MEASURED,FULL_POLICY_PATH,S_ADAPT,-1,10,4,52.7383,1.3184575,400,271.37676933407784,88737f813284457f30f2c69d44f68791f7370e2c49c928c86777821b577f4051
682,MEASURED,FULL_POLICY_PATH,LEARN_QUALITY,530101,20,4,384.4461,9.6111525,800,107.49725294030088,a3d86880da36c46da8dc4226de2d15a21bafcbb3d3de6234525944bb5aa264e7
683,MEASURED,FULL_POLICY_PATH,S_ADAPT,-1,20,0,61.2447,1.5311175000000001,800,441.55207175016403,3a221c89dcb7b438299f2f48d0eef0494bea948ec6de9698110e215c3af14aea
684,MEASURED,FULL_POLICY_PATH,LEARN_QUALITY,530101,15,2,468.9712,11.72428,600,97.01479891499869,7e6d95d769c7d9687624018c1d858390f954fe241d6b8975ccdd997e695297b3
685,MEASURED,FULL_POLICY_PATH,S_ADAPT,-1,10,1,68.6401,1.7160025,400,275.9327971637249,1ce6b8ff41cb97b662aedc7ad8bedd7c817837cf26b99fc81f6d1ec0c5c1c3ce
686,MEASURED,FULL_POLICY_PATH,LEARN_QUALITY,530101,20,3,448.5806,11.214515,800,146.51983876547857,67a588433daba80df4bc1c340bf736b7fd5266dbd6db36bc042c11d3251a6616
687,MEASURED,FULL_POLICY_PATH,S_ADAPT,-1,10,3,65.5257,1.6381425,400,293.82467341423035,4041c2353650ffc3521df07aeec818741f2a7f8acf14590c93615e6d8d3ced8c
688,MEASURED,FULL_POLICY_PATH,S_ADAPT,-1,15,3,63.494,1.58735,600,386.0996204018593,252c151f42ca3b8e280b1fc6e087a8dee2153f14747c336e7dcac0134425feea
689,MEASURED,FULL_POLICY_PATH,S_ADAPT,-1,10,4,83.8229,2.0955725000000003,400,271.37676933407784,88737f813284457f30f2c69d44f68791f7370e2c49c928c86777821b577f4051
690,MEASURED,FULL_POLICY_PATH,S_ADAPT,-1,10,2,94.8101,2.3702525000000003,400,278.2561217844486,6b879b5ecb141762cd197fdffe85d1828a5f5bb545a8ba4e2aab31ea59c47870
691,MEASURED,FULL_POLICY_PATH,LEARN_QUALITY,530102,15,2,443.9292,11.09823,600,96.04228128698834,1dcbf51da51c3c5c7e5aaac195fa63233a31f75b76d2b56a660384d24de891db
692,MEASURED,FULL_POLICY_PATH,S_ADAPT,-1,15,0,67.4811,1.6870275,600,371.3841568529606,b3004c94c0a1acc4bea41b0fbb2b1d0eba865c9be972d407e019303ca1057a20
693,MEASURED,FULL_POLICY_PATH,LEARN_QUALITY,530103,15,3,440.1988,11.00497,600,128.91935920997827,d93fd818664fe8939762cb0968ba5cd4c12fa8ac131c19dd7cc9e8b43f9c9b9f
694,MEASURED,FULL_POLICY_PATH,LEARN_QUALITY,530101,10,2,444.0033,11.100082500000001,400,71.15188249646685,9b25952942cfac66d6dd841368d70f12dd91486c3cf6a523c8fcc245cc3f86b3
695,MEASURED,FULL_POLICY_PATH,LEARN_QUALITY,530101,20,0,436.5576,10.91394,800,111.63427928148889,572f3263127b4169ac34f08b36891d7413aed8677c721a37c36d255a3899a9b3
696,MEASURED,FULL_POLICY_PATH,LEARN_QUALITY,530101,15,1,438.1954,10.954885,600,83.67778409735129,ef43848fe57bfab6314f95d3543e966a8b08c097b3706610f18e7b16785f617f
697,MEASURED,FULL_POLICY_PATH,LEARN_QUALITY,530102,15,2,423.9308,10.59827,600,96.04228128698834,1dcbf51da51c3c5c7e5aaac195fa63233a31f75b76d2b56a660384d24de891db
698,MEASURED,FULL_POLICY_PATH,LEARN_QUALITY,530101,10,4,408.3416,10.208540000000001,400,68.38854427300772,28b79183e97c33c01ad9eb08a621cfb39e8a80e95d38c09997c1d42fc0bd92aa
699,MEASURED,FULL_POLICY_PATH,LEARN_QUALITY,530103,15,1,448.9398,11.223495,600,89.4662974903967,bff6741b3772ab020c60b8d6bf7bdcb60fda36d4e6f9f0f5e9a7a79ef7429f69
1000000,MEASURED,COMPONENT_FEATURE_PCA_SCALER,LEARN_QUALITY,530101,15,0,344.4971,8.612427499999999,0,,
1000001,MEASURED,COMPONENT_SINGLE_MODEL_INFERENCE_TEMPERATURE,LEARN_QUALITY,530101,15,0,11.5196,0.28799,0,,
1000002,MEASURED,COMPONENT_QUALITY_UTILITY_SINGLE_BUDGET_DP,LEARN_QUALITY,530101,15,0,50.8378,1.270945,600,97.20164785567786,5dfc6e9b928df4d0f08ff5efa0db383122234cf621cb1aff31d5dc76cea53281
1000003,MEASURED,COMPONENT_FEATURE_PCA_SCALER,LEARN_QUALITY,530101,15,0,376.4973,9.4124325,0,,
1000004,MEASURED,COMPONENT_SINGLE_MODEL_INFERENCE_TEMPERATURE,LEARN_QUALITY,530101,15,0,8.6565,0.21641249999999998,0,,
1000005,MEASURED,COMPONENT_QUALITY_UTILITY_SINGLE_BUDGET_DP,LEARN_QUALITY,530101,15,0,55.7154,1.3928850000000002,600,97.20164785567786,5dfc6e9b928df4d0f08ff5efa0db383122234cf621cb1aff31d5dc76cea53281
1000006,MEASURED,COMPONENT_FEATURE_PCA_SCALER,LEARN_QUALITY,530101,15,0,335.0873,8.3771825,0,,
1000007,MEASURED,COMPONENT_SINGLE_MODEL_INFERENCE_TEMPERATURE,LEARN_QUALITY,530101,15,0,3.4616,0.08653999999999999,0,,
1000008,MEASURED,COMPONENT_QUALITY_UTILITY_SINGLE_BUDGET_DP,LEARN_QUALITY,530101,15,0,54.5661,1.3641524999999999,600,97.20164785567786,5dfc6e9b928df4d0f08ff5efa0db383122234cf621cb1aff31d5dc76cea53281
1000009,MEASURED,COMPONENT_FEATURE_PCA_SCALER,LEARN_QUALITY,530101,15,0,319.2655,7.9816375,0,,
1000010,MEASURED,COMPONENT_SINGLE_MODEL_INFERENCE_TEMPERATURE,LEARN_QUALITY,530101,15,0,8.6821,0.2170525,0,,
1000011,MEASURED,COMPONENT_QUALITY_UTILITY_SINGLE_BUDGET_DP,LEARN_QUALITY,530101,15,0,58.3353,1.4583825,600,97.20164785567786,5dfc6e9b928df4d0f08ff5efa0db383122234cf621cb1aff31d5dc76cea53281
1000012,MEASURED,COMPONENT_FEATURE_PCA_SCALER,LEARN_QUALITY,530101,15,0,378.6754,9.466885000000001,0,,
1000013,MEASURED,COMPONENT_SINGLE_MODEL_INFERENCE_TEMPERATURE,LEARN_QUALITY,530101,15,0,3.2662,0.081655,0,,
1000014,MEASURED,COMPONENT_QUALITY_UTILITY_SINGLE_BUDGET_DP,LEARN_QUALITY,530101,15,0,54.0692,1.35173,600,97.20164785567786,5dfc6e9b928df4d0f08ff5efa0db383122234cf621cb1aff31d5dc76cea53281
1000015,MEASURED,COMPONENT_FEATURE_PCA_SCALER,LEARN_QUALITY,530101,15,0,327.3359,8.1833975,0,,
1000016,MEASURED,COMPONENT_SINGLE_MODEL_INFERENCE_TEMPERATURE,LEARN_QUALITY,530101,15,0,5.3479,0.1336975,0,,
1000017,MEASURED,COMPONENT_QUALITY_UTILITY_SINGLE_BUDGET_DP,LEARN_QUALITY,530101,15,0,52.5809,1.3145225,600,97.20164785567786,5dfc6e9b928df4d0f08ff5efa0db383122234cf621cb1aff31d5dc76cea53281
1000018,MEASURED,COMPONENT_FEATURE_PCA_SCALER,LEARN_QUALITY,530101,15,0,372.7007,9.3175175,0,,
1000019,MEASURED,COMPONENT_SINGLE_MODEL_INFERENCE_TEMPERATURE,LEARN_QUALITY,530101,15,0,1.6035,0.0400875,0,,
1000020,MEASURED,COMPONENT_QUALITY_UTILITY_SINGLE_BUDGET_DP,LEARN_QUALITY,530101,15,0,68.7615,1.7190375,600,97.20164785567786,5dfc6e9b928df4d0f08ff5efa0db383122234cf621cb1aff31d5dc76cea53281
1000021,MEASURED,COMPONENT_FEATURE_PCA_SCALER,LEARN_QUALITY,530101,15,0,370.665,9.266625000000001,0,,
1000022,MEASURED,COMPONENT_SINGLE_MODEL_INFERENCE_TEMPERATURE,LEARN_QUALITY,530101,15,0,2.6529,0.06632249999999999,0,,
1000023,MEASURED,COMPONENT_QUALITY_UTILITY_SINGLE_BUDGET_DP,LEARN_QUALITY,530101,15,0,53.2028,1.33007,600,97.20164785567786,5dfc6e9b928df4d0f08ff5efa0db383122234cf621cb1aff31d5dc76cea53281
1000024,MEASURED,COMPONENT_FEATURE_PCA_SCALER,LEARN_QUALITY,530101,15,0,330.599,8.264975,0,,
1000025,MEASURED,COMPONENT_SINGLE_MODEL_INFERENCE_TEMPERATURE,LEARN_QUALITY,530101,15,0,2.6631,0.0665775,0,,
1000026,MEASURED,COMPONENT_QUALITY_UTILITY_SINGLE_BUDGET_DP,LEARN_QUALITY,530101,15,0,60.07,1.50175,600,97.20164785567786,5dfc6e9b928df4d0f08ff5efa0db383122234cf621cb1aff31d5dc76cea53281
1000027,MEASURED,COMPONENT_FEATURE_PCA_SCALER,LEARN_QUALITY,530101,15,0,396.461,9.911525000000001,0,,
1000028,MEASURED,COMPONENT_SINGLE_MODEL_INFERENCE_TEMPERATURE,LEARN_QUALITY,530101,15,0,1.6742,0.041854999999999996,0,,
1000029,MEASURED,COMPONENT_QUALITY_UTILITY_SINGLE_BUDGET_DP,LEARN_QUALITY,530101,15,0,63.5182,1.587955,600,97.20164785567786,5dfc6e9b928df4d0f08ff5efa0db383122234cf621cb1aff31d5dc76cea53281
1000030,MEASURED,COMPONENT_FEATURE_PCA_SCALER,LEARN_QUALITY,530101,15,1,388.8491,9.721227500000001,0,,
1000031,MEASURED,COMPONENT_SINGLE_MODEL_INFERENCE_TEMPERATURE,LEARN_QUALITY,530101,15,1,1.7633,0.044082500000000004,0,,
1000032,MEASURED,COMPONENT_QUALITY_UTILITY_SINGLE_BUDGET_DP,LEARN_QUALITY,530101,15,1,58.3645,1.4591125,600,83.67778409735129,ef43848fe57bfab6314f95d3543e966a8b08c097b3706610f18e7b16785f617f
1000033,MEASURED,COMPONENT_FEATURE_PCA_SCALER,LEARN_QUALITY,530101,15,1,388.7443,9.718607500000001,0,,
1000034,MEASURED,COMPONENT_SINGLE_MODEL_INFERENCE_TEMPERATURE,LEARN_QUALITY,530101,15,1,2.2212,0.05553,0,,
1000035,MEASURED,COMPONENT_QUALITY_UTILITY_SINGLE_BUDGET_DP,LEARN_QUALITY,530101,15,1,59.1566,1.478915,600,83.67778409735129,ef43848fe57bfab6314f95d3543e966a8b08c097b3706610f18e7b16785f617f
1000036,MEASURED,COMPONENT_FEATURE_PCA_SCALER,LEARN_QUALITY,530101,15,1,382.7151,9.5678775,0,,
1000037,MEASURED,COMPONENT_SINGLE_MODEL_INFERENCE_TEMPERATURE,LEARN_QUALITY,530101,15,1,2.9796,0.07449,0,,
1000038,MEASURED,COMPONENT_QUALITY_UTILITY_SINGLE_BUDGET_DP,LEARN_QUALITY,530101,15,1,58.1509,1.4537725,600,83.67778409735129,ef43848fe57bfab6314f95d3543e966a8b08c097b3706610f18e7b16785f617f
1000039,MEASURED,COMPONENT_FEATURE_PCA_SCALER,LEARN_QUALITY,530101,15,1,384.896,9.6224,0,,
1000040,MEASURED,COMPONENT_SINGLE_MODEL_INFERENCE_TEMPERATURE,LEARN_QUALITY,530101,15,1,5.6984,0.14246,0,,
1000041,MEASURED,COMPONENT_QUALITY_UTILITY_SINGLE_BUDGET_DP,LEARN_QUALITY,530101,15,1,66.5142,1.662855,600,83.67778409735129,ef43848fe57bfab6314f95d3543e966a8b08c097b3706610f18e7b16785f617f
1000042,MEASURED,COMPONENT_FEATURE_PCA_SCALER,LEARN_QUALITY,530101,15,1,373.5458,9.338645,0,,
1000043,MEASURED,COMPONENT_SINGLE_MODEL_INFERENCE_TEMPERATURE,LEARN_QUALITY,530101,15,1,6.4825,0.1620625,0,,
1000044,MEASURED,COMPONENT_QUALITY_UTILITY_SINGLE_BUDGET_DP,LEARN_QUALITY,530101,15,1,60.2543,1.5063575,600,83.67778409735129,ef43848fe57bfab6314f95d3543e966a8b08c097b3706610f18e7b16785f617f
1000045,MEASURED,COMPONENT_FEATURE_PCA_SCALER,LEARN_QUALITY,530101,15,1,396.8632,9.92158,0,,
1000046,MEASURED,COMPONENT_SINGLE_MODEL_INFERENCE_TEMPERATURE,LEARN_QUALITY,530101,15,1,11.2396,0.28098999999999996,0,,
1000047,MEASURED,COMPONENT_QUALITY_UTILITY_SINGLE_BUDGET_DP,LEARN_QUALITY,530101,15,1,61.6234,1.5405849999999999,600,83.67778409735129,ef43848fe57bfab6314f95d3543e966a8b08c097b3706610f18e7b16785f617f
1000048,MEASURED,COMPONENT_FEATURE_PCA_SCALER,LEARN_QUALITY,530101,15,1,405.0269,10.1256725,0,,
1000049,MEASURED,COMPONENT_SINGLE_MODEL_INFERENCE_TEMPERATURE,LEARN_QUALITY,530101,15,1,1.7749,0.044372499999999995,0,,
1000050,MEASURED,COMPONENT_QUALITY_UTILITY_SINGLE_BUDGET_DP,LEARN_QUALITY,530101,15,1,59.4604,1.48651,600,83.67778409735129,ef43848fe57bfab6314f95d3543e966a8b08c097b3706610f18e7b16785f617f
1000051,MEASURED,COMPONENT_FEATURE_PCA_SCALER,LEARN_QUALITY,530101,15,1,386.8117,9.670292499999999,0,,
1000052,MEASURED,COMPONENT_SINGLE_MODEL_INFERENCE_TEMPERATURE,LEARN_QUALITY,530101,15,1,3.5522,0.088805,0,,
1000053,MEASURED,COMPONENT_QUALITY_UTILITY_SINGLE_BUDGET_DP,LEARN_QUALITY,530101,15,1,63.6384,1.59096,600,83.67778409735129,ef43848fe57bfab6314f95d3543e966a8b08c097b3706610f18e7b16785f617f
1000054,MEASURED,COMPONENT_FEATURE_PCA_SCALER,LEARN_QUALITY,530101,15,1,303.0463,7.576157499999999,0,,
1000055,MEASURED,COMPONENT_SINGLE_MODEL_INFERENCE_TEMPERATURE,LEARN_QUALITY,530101,15,1,1.929,0.048225000000000004,0,,
1000056,MEASURED,COMPONENT_QUALITY_UTILITY_SINGLE_BUDGET_DP,LEARN_QUALITY,530101,15,1,50.6962,1.267405,600,83.67778409735129,ef43848fe57bfab6314f95d3543e966a8b08c097b3706610f18e7b16785f617f
1000057,MEASURED,COMPONENT_FEATURE_PCA_SCALER,LEARN_QUALITY,530101,15,1,340.8253,8.520632500000001,0,,
1000058,MEASURED,COMPONENT_SINGLE_MODEL_INFERENCE_TEMPERATURE,LEARN_QUALITY,530101,15,1,1.9996,0.04999,0,,
1000059,MEASURED,COMPONENT_QUALITY_UTILITY_SINGLE_BUDGET_DP,LEARN_QUALITY,530101,15,1,53.7733,1.3443325,600,83.67778409735129,ef43848fe57bfab6314f95d3543e966a8b08c097b3706610f18e7b16785f617f
1000060,MEASURED,COMPONENT_FEATURE_PCA_SCALER,LEARN_QUALITY,530101,15,2,316.9864,7.92466,0,,
1000061,MEASURED,COMPONENT_SINGLE_MODEL_INFERENCE_TEMPERATURE,LEARN_QUALITY,530101,15,2,4.0042,0.100105,0,,
1000062,MEASURED,COMPONENT_QUALITY_UTILITY_SINGLE_BUDGET_DP,LEARN_QUALITY,530101,15,2,47.3632,1.18408,600,97.01479891499869,7e6d95d769c7d9687624018c1d858390f954fe241d6b8975ccdd997e695297b3
1000063,MEASURED,COMPONENT_FEATURE_PCA_SCALER,LEARN_QUALITY,530101,15,2,359.1295,8.9782375,0,,
1000064,MEASURED,COMPONENT_SINGLE_MODEL_INFERENCE_TEMPERATURE,LEARN_QUALITY,530101,15,2,2.0118,0.050295,0,,
1000065,MEASURED,COMPONENT_QUALITY_UTILITY_SINGLE_BUDGET_DP,LEARN_QUALITY,530101,15,2,53.3726,1.334315,600,97.01479891499869,7e6d95d769c7d9687624018c1d858390f954fe241d6b8975ccdd997e695297b3
1000066,MEASURED,COMPONENT_FEATURE_PCA_SCALER,LEARN_QUALITY,530101,15,2,320.3418,8.008545,0,,
1000067,MEASURED,COMPONENT_SINGLE_MODEL_INFERENCE_TEMPERATURE,LEARN_QUALITY,530101,15,2,6.9194,0.172985,0,,
1000068,MEASURED,COMPONENT_QUALITY_UTILITY_SINGLE_BUDGET_DP,LEARN_QUALITY,530101,15,2,52.0889,1.3022225,600,97.01479891499869,7e6d95d769c7d9687624018c1d858390f954fe241d6b8975ccdd997e695297b3
1000069,MEASURED,COMPONENT_FEATURE_PCA_SCALER,LEARN_QUALITY,530101,15,2,329.7533,8.2438325,0,,
1000070,MEASURED,COMPONENT_SINGLE_MODEL_INFERENCE_TEMPERATURE,LEARN_QUALITY,530101,15,2,3.0633,0.0765825,0,,
1000071,MEASURED,COMPONENT_QUALITY_UTILITY_SINGLE_BUDGET_DP,LEARN_QUALITY,530101,15,2,50.2369,1.2559225,600,97.01479891499869,7e6d95d769c7d9687624018c1d858390f954fe241d6b8975ccdd997e695297b3
1000072,MEASURED,COMPONENT_FEATURE_PCA_SCALER,LEARN_QUALITY,530101,15,2,373.9081,9.3477025,0,,
1000073,MEASURED,COMPONENT_SINGLE_MODEL_INFERENCE_TEMPERATURE,LEARN_QUALITY,530101,15,2,1.5541,0.0388525,0,,
1000074,MEASURED,COMPONENT_QUALITY_UTILITY_SINGLE_BUDGET_DP,LEARN_QUALITY,530101,15,2,59.8082,1.495205,600,97.01479891499869,7e6d95d769c7d9687624018c1d858390f954fe241d6b8975ccdd997e695297b3
1000075,MEASURED,COMPONENT_FEATURE_PCA_SCALER,LEARN_QUALITY,530101,15,2,310.8764,7.77191,0,,
1000076,MEASURED,COMPONENT_SINGLE_MODEL_INFERENCE_TEMPERATURE,LEARN_QUALITY,530101,15,2,4.2495,0.10623750000000001,0,,
1000077,MEASURED,COMPONENT_QUALITY_UTILITY_SINGLE_BUDGET_DP,LEARN_QUALITY,530101,15,2,53.0865,1.3271625,600,97.01479891499869,7e6d95d769c7d9687624018c1d858390f954fe241d6b8975ccdd997e695297b3
1000078,MEASURED,COMPONENT_FEATURE_PCA_SCALER,LEARN_QUALITY,530101,15,2,326.975,8.174375000000001,0,,
1000079,MEASURED,COMPONENT_SINGLE_MODEL_INFERENCE_TEMPERATURE,LEARN_QUALITY,530101,15,2,3.3558,0.083895,0,,
1000080,MEASURED,COMPONENT_QUALITY_UTILITY_SINGLE_BUDGET_DP,LEARN_QUALITY,530101,15,2,50.4095,1.2602375000000001,600,97.01479891499869,7e6d95d769c7d9687624018c1d858390f954fe241d6b8975ccdd997e695297b3
1000081,MEASURED,COMPONENT_FEATURE_PCA_SCALER,LEARN_QUALITY,530101,15,2,373.4419,9.3360475,0,,
1000082,MEASURED,COMPONENT_SINGLE_MODEL_INFERENCE_TEMPERATURE,LEARN_QUALITY,530101,15,2,7.252,0.1813,0,,
1000083,MEASURED,COMPONENT_QUALITY_UTILITY_SINGLE_BUDGET_DP,LEARN_QUALITY,530101,15,2,53.1716,1.3292899999999999,600,97.01479891499869,7e6d95d769c7d9687624018c1d858390f954fe241d6b8975ccdd997e695297b3
1000084,MEASURED,COMPONENT_FEATURE_PCA_SCALER,LEARN_QUALITY,530101,15,2,361.3828,9.034569999999999,0,,
1000085,MEASURED,COMPONENT_SINGLE_MODEL_INFERENCE_TEMPERATURE,LEARN_QUALITY,530101,15,2,1.8965,0.0474125,0,,
1000086,MEASURED,COMPONENT_QUALITY_UTILITY_SINGLE_BUDGET_DP,LEARN_QUALITY,530101,15,2,59.3595,1.4839875,600,97.01479891499869,7e6d95d769c7d9687624018c1d858390f954fe241d6b8975ccdd997e695297b3
1000087,MEASURED,COMPONENT_FEATURE_PCA_SCALER,LEARN_QUALITY,530101,15,2,402.5243,10.0631075,0,,
1000088,MEASURED,COMPONENT_SINGLE_MODEL_INFERENCE_TEMPERATURE,LEARN_QUALITY,530101,15,2,1.9877,0.0496925,0,,
1000089,MEASURED,COMPONENT_QUALITY_UTILITY_SINGLE_BUDGET_DP,LEARN_QUALITY,530101,15,2,70.4545,1.7613625,600,97.01479891499869,7e6d95d769c7d9687624018c1d858390f954fe241d6b8975ccdd997e695297b3
1000090,MEASURED,COMPONENT_FEATURE_PCA_SCALER,LEARN_QUALITY,530101,15,3,373.3711,9.3342775,0,,
1000091,MEASURED,COMPONENT_SINGLE_MODEL_INFERENCE_TEMPERATURE,LEARN_QUALITY,530101,15,3,2.9622,0.07405500000000001,0,,
1000092,MEASURED,COMPONENT_QUALITY_UTILITY_SINGLE_BUDGET_DP,LEARN_QUALITY,530101,15,3,61.0786,1.5269650000000001,600,130.3358717953731,189881a5e1bfcc51a0b294aead80a5689fa4ff9cc9441444624324248e655954
1000093,MEASURED,COMPONENT_FEATURE_PCA_SCALER,LEARN_QUALITY,530101,15,3,400.9165,10.0229125,0,,
1000094,MEASURED,COMPONENT_SINGLE_MODEL_INFERENCE_TEMPERATURE,LEARN_QUALITY,530101,15,3,1.7748,0.04437,0,,
1000095,MEASURED,COMPONENT_QUALITY_UTILITY_SINGLE_BUDGET_DP,LEARN_QUALITY,530101,15,3,57.4372,1.43593,600,130.3358717953731,189881a5e1bfcc51a0b294aead80a5689fa4ff9cc9441444624324248e655954
1000096,MEASURED,COMPONENT_FEATURE_PCA_SCALER,LEARN_QUALITY,530101,15,3,374.7719,9.3692975,0,,
1000097,MEASURED,COMPONENT_SINGLE_MODEL_INFERENCE_TEMPERATURE,LEARN_QUALITY,530101,15,3,1.8137,0.0453425,0,,
1000098,MEASURED,COMPONENT_QUALITY_UTILITY_SINGLE_BUDGET_DP,LEARN_QUALITY,530101,15,3,58.0013,1.4500325,600,130.3358717953731,189881a5e1bfcc51a0b294aead80a5689fa4ff9cc9441444624324248e655954
1000099,MEASURED,COMPONENT_FEATURE_PCA_SCALER,LEARN_QUALITY,530101,15,3,371.1417,9.2785425,0,,
1000100,MEASURED,COMPONENT_SINGLE_MODEL_INFERENCE_TEMPERATURE,LEARN_QUALITY,530101,15,3,4.3687,0.1092175,0,,
1000101,MEASURED,COMPONENT_QUALITY_UTILITY_SINGLE_BUDGET_DP,LEARN_QUALITY,530101,15,3,65.3069,1.6326725,600,130.3358717953731,189881a5e1bfcc51a0b294aead80a5689fa4ff9cc9441444624324248e655954
1000102,MEASURED,COMPONENT_FEATURE_PCA_SCALER,LEARN_QUALITY,530101,15,3,393.147,9.828675,0,,
1000103,MEASURED,COMPONENT_SINGLE_MODEL_INFERENCE_TEMPERATURE,LEARN_QUALITY,530101,15,3,3.5097,0.0877425,0,,
1000104,MEASURED,COMPONENT_QUALITY_UTILITY_SINGLE_BUDGET_DP,LEARN_QUALITY,530101,15,3,58.127,1.453175,600,130.3358717953731,189881a5e1bfcc51a0b294aead80a5689fa4ff9cc9441444624324248e655954
1000105,MEASURED,COMPONENT_FEATURE_PCA_SCALER,LEARN_QUALITY,530101,15,3,371.6481,9.2912025,0,,
1000106,MEASURED,COMPONENT_SINGLE_MODEL_INFERENCE_TEMPERATURE,LEARN_QUALITY,530101,15,3,3.3995,0.08498750000000001,0,,
1000107,MEASURED,COMPONENT_QUALITY_UTILITY_SINGLE_BUDGET_DP,LEARN_QUALITY,530101,15,3,58.2841,1.4571025,600,130.3358717953731,189881a5e1bfcc51a0b294aead80a5689fa4ff9cc9441444624324248e655954
1000108,MEASURED,COMPONENT_FEATURE_PCA_SCALER,LEARN_QUALITY,530101,15,3,418.1996,10.454989999999999,0,,
1000109,MEASURED,COMPONENT_SINGLE_MODEL_INFERENCE_TEMPERATURE,LEARN_QUALITY,530101,15,3,2.231,0.055775,0,,
1000110,MEASURED,COMPONENT_QUALITY_UTILITY_SINGLE_BUDGET_DP,LEARN_QUALITY,530101,15,3,59.987,1.499675,600,130.3358717953731,189881a5e1bfcc51a0b294aead80a5689fa4ff9cc9441444624324248e655954
1000111,MEASURED,COMPONENT_FEATURE_PCA_SCALER,LEARN_QUALITY,530101,15,3,367.3409,9.183522499999999,0,,
1000112,MEASURED,COMPONENT_SINGLE_MODEL_INFERENCE_TEMPERATURE,LEARN_QUALITY,530101,15,3,2.8696,0.07174,0,,
1000113,MEASURED,COMPONENT_QUALITY_UTILITY_SINGLE_BUDGET_DP,LEARN_QUALITY,530101,15,3,50.6715,1.2667875,600,130.3358717953731,189881a5e1bfcc51a0b294aead80a5689fa4ff9cc9441444624324248e655954
1000114,MEASURED,COMPONENT_FEATURE_PCA_SCALER,LEARN_QUALITY,530101,15,3,329.1368,8.22842,0,,
1000115,MEASURED,COMPONENT_SINGLE_MODEL_INFERENCE_TEMPERATURE,LEARN_QUALITY,530101,15,3,2.5846,0.064615,0,,
1000116,MEASURED,COMPONENT_QUALITY_UTILITY_SINGLE_BUDGET_DP,LEARN_QUALITY,530101,15,3,60.6654,1.516635,600,130.3358717953731,189881a5e1bfcc51a0b294aead80a5689fa4ff9cc9441444624324248e655954
1000117,MEASURED,COMPONENT_FEATURE_PCA_SCALER,LEARN_QUALITY,530101,15,3,367.7924,9.19481,0,,
1000118,MEASURED,COMPONENT_SINGLE_MODEL_INFERENCE_TEMPERATURE,LEARN_QUALITY,530101,15,3,1.4679,0.0366975,0,,
1000119,MEASURED,COMPONENT_QUALITY_UTILITY_SINGLE_BUDGET_DP,LEARN_QUALITY,530101,15,3,59.3064,1.4826599999999999,600,130.3358717953731,189881a5e1bfcc51a0b294aead80a5689fa4ff9cc9441444624324248e655954
1000120,MEASURED,COMPONENT_FEATURE_PCA_SCALER,LEARN_QUALITY,530101,15,4,321.814,8.045350000000001,0,,
1000121,MEASURED,COMPONENT_SINGLE_MODEL_INFERENCE_TEMPERATURE,LEARN_QUALITY,530101,15,4,3.9298,0.098245,0,,
1000122,MEASURED,COMPONENT_QUALITY_UTILITY_SINGLE_BUDGET_DP,LEARN_QUALITY,530101,15,4,58.3547,1.4588675,600,93.15287583446096,f4a94ff0a77b6bd17929b939cf25ec2bc7ef76ebdf3f58bce2d75db46d2d99f4
1000123,MEASURED,COMPONENT_FEATURE_PCA_SCALER,LEARN_QUALITY,530101,15,4,364.6036,9.115089999999999,0,,
1000124,MEASURED,COMPONENT_SINGLE_MODEL_INFERENCE_TEMPERATURE,LEARN_QUALITY,530101,15,4,3.7863,0.0946575,0,,
1000125,MEASURED,COMPONENT_QUALITY_UTILITY_SINGLE_BUDGET_DP,LEARN_QUALITY,530101,15,4,56.4749,1.4118724999999999,600,93.15287583446096,f4a94ff0a77b6bd17929b939cf25ec2bc7ef76ebdf3f58bce2d75db46d2d99f4
1000126,MEASURED,COMPONENT_FEATURE_PCA_SCALER,LEARN_QUALITY,530101,15,4,324.8039,8.1200975,0,,
1000127,MEASURED,COMPONENT_SINGLE_MODEL_INFERENCE_TEMPERATURE,LEARN_QUALITY,530101,15,4,10.0541,0.2513525,0,,
1000128,MEASURED,COMPONENT_QUALITY_UTILITY_SINGLE_BUDGET_DP,LEARN_QUALITY,530101,15,4,52.6224,1.31556,600,93.15287583446096,f4a94ff0a77b6bd17929b939cf25ec2bc7ef76ebdf3f58bce2d75db46d2d99f4
1000129,MEASURED,COMPONENT_FEATURE_PCA_SCALER,LEARN_QUALITY,530101,15,4,385.5824,9.63956,0,,
1000130,MEASURED,COMPONENT_SINGLE_MODEL_INFERENCE_TEMPERATURE,LEARN_QUALITY,530101,15,4,2.3493,0.0587325,0,,
1000131,MEASURED,COMPONENT_QUALITY_UTILITY_SINGLE_BUDGET_DP,LEARN_QUALITY,530101,15,4,60.0953,1.5023825,600,93.15287583446096,f4a94ff0a77b6bd17929b939cf25ec2bc7ef76ebdf3f58bce2d75db46d2d99f4
1000132,MEASURED,COMPONENT_FEATURE_PCA_SCALER,LEARN_QUALITY,530101,15,4,350.3548,8.75887,0,,
1000133,MEASURED,COMPONENT_SINGLE_MODEL_INFERENCE_TEMPERATURE,LEARN_QUALITY,530101,15,4,1.597,0.039925,0,,
1000134,MEASURED,COMPONENT_QUALITY_UTILITY_SINGLE_BUDGET_DP,LEARN_QUALITY,530101,15,4,52.8947,1.3223675,600,93.15287583446096,f4a94ff0a77b6bd17929b939cf25ec2bc7ef76ebdf3f58bce2d75db46d2d99f4
1000135,MEASURED,COMPONENT_FEATURE_PCA_SCALER,LEARN_QUALITY,530101,15,4,320.2977,8.0074425,0,,
1000136,MEASURED,COMPONENT_SINGLE_MODEL_INFERENCE_TEMPERATURE,LEARN_QUALITY,530101,15,4,1.9214,0.048035,0,,
1000137,MEASURED,COMPONENT_QUALITY_UTILITY_SINGLE_BUDGET_DP,LEARN_QUALITY,530101,15,4,54.5363,1.3634074999999999,600,93.15287583446096,f4a94ff0a77b6bd17929b939cf25ec2bc7ef76ebdf3f58bce2d75db46d2d99f4
1000138,MEASURED,COMPONENT_FEATURE_PCA_SCALER,LEARN_QUALITY,530101,15,4,321.8609,8.0465225,0,,
1000139,MEASURED,COMPONENT_SINGLE_MODEL_INFERENCE_TEMPERATURE,LEARN_QUALITY,530101,15,4,3.3065,0.0826625,0,,
1000140,MEASURED,COMPONENT_QUALITY_UTILITY_SINGLE_BUDGET_DP,LEARN_QUALITY,530101,15,4,72.1983,1.8049575,600,93.15287583446096,f4a94ff0a77b6bd17929b939cf25ec2bc7ef76ebdf3f58bce2d75db46d2d99f4
1000141,MEASURED,COMPONENT_FEATURE_PCA_SCALER,LEARN_QUALITY,530101,15,4,393.4033,9.8350825,0,,
1000142,MEASURED,COMPONENT_SINGLE_MODEL_INFERENCE_TEMPERATURE,LEARN_QUALITY,530101,15,4,2.2045,0.055112499999999995,0,,
1000143,MEASURED,COMPONENT_QUALITY_UTILITY_SINGLE_BUDGET_DP,LEARN_QUALITY,530101,15,4,63.9226,1.598065,600,93.15287583446096,f4a94ff0a77b6bd17929b939cf25ec2bc7ef76ebdf3f58bce2d75db46d2d99f4
1000144,MEASURED,COMPONENT_FEATURE_PCA_SCALER,LEARN_QUALITY,530101,15,4,380.2628,9.50657,0,,
1000145,MEASURED,COMPONENT_SINGLE_MODEL_INFERENCE_TEMPERATURE,LEARN_QUALITY,530101,15,4,3.4055,0.0851375,0,,
1000146,MEASURED,COMPONENT_QUALITY_UTILITY_SINGLE_BUDGET_DP,LEARN_QUALITY,530101,15,4,62.6871,1.5671775000000001,600,93.15287583446096,f4a94ff0a77b6bd17929b939cf25ec2bc7ef76ebdf3f58bce2d75db46d2d99f4
1000147,MEASURED,COMPONENT_FEATURE_PCA_SCALER,LEARN_QUALITY,530101,15,4,407.2761,10.1819025,0,,
1000148,MEASURED,COMPONENT_SINGLE_MODEL_INFERENCE_TEMPERATURE,LEARN_QUALITY,530101,15,4,1.8916,0.04729,0,,
1000149,MEASURED,COMPONENT_QUALITY_UTILITY_SINGLE_BUDGET_DP,LEARN_QUALITY,530101,15,4,64.1811,1.6045275,600,93.15287583446096,f4a94ff0a77b6bd17929b939cf25ec2bc7ef76ebdf3f58bce2d75db46d2d99f4
