protocol_id,candidate_asset_id,method,seed,budget,group_id,image_count,total_records,coverage_total,quality_total
PRE_NMS_TOPN100,277ecf201ad045c3d518c56897f52639e4ef44714851b45535b90b656c2e1df8,M11,730101,10,0,40,400,133,80.59158908835128
PRE_NMS_TOPN100,277ecf201ad045c3d518c56897f52639e4ef44714851b45535b90b656c2e1df8,M11,730101,10,1,40,400,134,83.18766231538248
PRE_NMS_TOPN100,277ecf201ad045c3d518c56897f52639e4ef44714851b45535b90b656c2e1df8,M11,730101,10,2,40,400,130,76.74667758977402
PRE_NMS_TOPN100,277ecf201ad045c3d518c56897f52639e4ef44714851b45535b90b656c2e1df8,M11,730101,10,3,40,400,148,80.59955792412745
PRE_NMS_TOPN100,277ecf201ad045c3d518c56897f52639e4ef44714851b45535b90b656c2e1df8,M11,730101,10,4,40,400,109,62.341220179065594
PRE_NMS_TOPN100,277ecf201ad045c3d518c56897f52639e4ef44714851b45535b90b656c2e1df8,M11,730101,10,5,40,400,113,77.59048693282206
PRE_NMS_TOPN100,277ecf201ad045c3d518c56897f52639e4ef44714851b45535b90b656c2e1df8,M11,730101,10,6,40,400,114,67.64577326068074
PRE_NMS_TOPN100,277ecf201ad045c3d518c56897f52639e4ef44714851b45535b90b656c2e1df8,M11,730101,10,7,40,400,130,70.90410528764953
PRE_NMS_TOPN100,277ecf201ad045c3d518c56897f52639e4ef44714851b45535b90b656c2e1df8,M11,730101,10,8,40,400,127,73.75923213941009
PRE_NMS_TOPN100,277ecf201ad045c3d518c56897f52639e4ef44714851b45535b90b656c2e1df8,M11,730101,10,9,40,400,116,69.21975165068194
PRE_NMS_TOPN100,277ecf201ad045c3d518c56897f52639e4ef44714851b45535b90b656c2e1df8,M11,730101,10,10,40,400,117,68.80737310058873
PRE_NMS_TOPN100,277ecf201ad045c3d518c56897f52639e4ef44714851b45535b90b656c2e1df8,M11,730101,10,11,40,400,120,71.63879384374746
PRE_NMS_TOPN100,277ecf201ad045c3d518c56897f52639e4ef44714851b45535b90b656c2e1df8,M11,730101,10,12,40,400,119,74.68590759061767
PRE_NMS_TOPN100,277ecf201ad045c3d518c56897f52639e4ef44714851b45535b90b656c2e1df8,M11,730101,10,13,40,400,125,83.83595878426598
PRE_NMS_TOPN100,277ecf201ad045c3d518c56897f52639e4ef44714851b45535b90b656c2e1df8,M11,730101,10,14,40,400,127,76.27423948263906
PRE_NMS_TOPN100,277ecf201ad045c3d518c56897f52639e4ef44714851b45535b90b656c2e1df8,M11,730101,10,15,40,400,137,80.86276105406543
PRE_NMS_TOPN100,277ecf201ad045c3d518c56897f52639e4ef44714851b45535b90b656c2e1df8,M11,730101,10,16,40,400,122,74.31633208795033
PRE_NMS_TOPN100,277ecf201ad045c3d518c56897f52639e4ef44714851b45535b90b656c2e1df8,M11,730101,10,17,40,400,114,74.77741816437832
PRE_NMS_TOPN100,277ecf201ad045c3d518c56897f52639e4ef44714851b45535b90b656c2e1df8,M11,730101,10,18,40,400,125,78.297914916094
PRE_NMS_TOPN100,277ecf201ad045c3d518c56897f52639e4ef44714851b45535b90b656c2e1df8,M11,730101,10,19,40,400,128,81.70963680116859
PRE_NMS_TOPN100,277ecf201ad045c3d518c56897f52639e4ef44714851b45535b90b656c2e1df8,M11,730101,10,20,40,400,139,80.13814213818357
PRE_NMS_TOPN100,277ecf201ad045c3d518c56897f52639e4ef44714851b45535b90b656c2e1df8,M11,730101,10,21,40,400,107,61.78295589626736
PRE_NMS_TOPN100,277ecf201ad045c3d518c56897f52639e4ef44714851b45535b90b656c2e1df8,M11,730101,10,22,40,400,129,82.06220436020087
PRE_NMS_TOPN100,277ecf201ad045c3d518c56897f52639e4ef44714851b45535b90b656c2e1df8,M11,730101,10,23,40,400,113,71.46884380775542
PRE_NMS_TOPN100,277ecf201ad045c3d518c56897f52639e4ef44714851b45535b90b656c2e1df8,M11,730101,10,24,40,400,112,67.3604683388832
PRE_NMS_TOPN100,277ecf201ad045c3d518c56897f52639e4ef44714851b45535b90b656c2e1df8,M11,730101,10,25,40,400,113,66.631928246994
PRE_NMS_TOPN100,277ecf201ad045c3d518c56897f52639e4ef44714851b45535b90b656c2e1df8,M11,730101,10,26,40,400,128,74.08847257599986
PRE_NMS_TOPN100,277ecf201ad045c3d518c56897f52639e4ef44714851b45535b90b656c2e1df8,M11,730101,10,27,40,400,125,71.59346228377359
PRE_NMS_TOPN100,277ecf201ad045c3d518c56897f52639e4ef44714851b45535b90b656c2e1df8,M11,730101,10,28,40,400,136,83.91112083342334
PRE_NMS_TOPN100,277ecf201ad045c3d518c56897f52639e4ef44714851b45535b90b656c2e1df8,M11,730101,10,29,40,400,118,83.1653365958638
PRE_NMS_TOPN100,277ecf201ad045c3d518c56897f52639e4ef44714851b45535b90b656c2e1df8,M11,730101,10,30,40,400,119,68.6239411000165
PRE_NMS_TOPN100,277ecf201ad045c3d518c56897f52639e4ef44714851b45535b90b656c2e1df8,M11,730101,10,31,40,400,128,86.14784663822581
PRE_NMS_TOPN100,277ecf201ad045c3d518c56897f52639e4ef44714851b45535b90b656c2e1df8,M11,730101,10,32,40,400,117,78.33062368498209
PRE_NMS_TOPN100,277ecf201ad045c3d518c56897f52639e4ef44714851b45535b90b656c2e1df8,M11,730101,10,33,40,400,115,66.26800022972616
PRE_NMS_TOPN100,277ecf201ad045c3d518c56897f52639e4ef44714851b45535b90b656c2e1df8,M11,730101,10,34,40,400,118,73.07720470724053
PRE_NMS_TOPN100,277ecf201ad045c3d518c56897f52639e4ef44714851b45535b90b656c2e1df8,M11,730101,10,35,40,400,121,70.42248922494859
PRE_NMS_TOPN100,277ecf201ad045c3d518c56897f52639e4ef44714851b45535b90b656c2e1df8,M11,730101,10,36,40,400,140,88.14014047881541
PRE_NMS_TOPN100,277ecf201ad045c3d518c56897f52639e4ef44714851b45535b90b656c2e1df8,M11,730101,10,37,40,400,122,84.05705519850777
PRE_NMS_TOPN100,277ecf201ad045c3d518c56897f52639e4ef44714851b45535b90b656c2e1df8,M11,730101,10,38,40,400,121,66.4780048989233
PRE_NMS_TOPN100,277ecf201ad045c3d518c56897f52639e4ef44714851b45535b90b656c2e1df8,M11,730101,10,39,40,400,115,75.46401831875303
PRE_NMS_TOPN100,277ecf201ad045c3d518c56897f52639e4ef44714851b45535b90b656c2e1df8,M11,730101,10,40,40,400,114,68.72579387403171
PRE_NMS_TOPN100,277ecf201ad045c3d518c56897f52639e4ef44714851b45535b90b656c2e1df8,M11,730101,10,41,40,400,132,79.51228944505168
PRE_NMS_TOPN100,277ecf201ad045c3d518c56897f52639e4ef44714851b45535b90b656c2e1df8,M11,730101,10,42,40,400,121,75.33956268449963
PRE_NMS_TOPN100,277ecf201ad045c3d518c56897f52639e4ef44714851b45535b90b656c2e1df8,M11,730101,10,43,40,400,117,79.4846660968595
PRE_NMS_TOPN100,277ecf201ad045c3d518c56897f52639e4ef44714851b45535b90b656c2e1df8,M11,730101,10,44,40,400,123,78.24709431094317
PRE_NMS_TOPN100,277ecf201ad045c3d518c56897f52639e4ef44714851b45535b90b656c2e1df8,M11,730101,10,45,40,400,115,78.56882997786813
PRE_NMS_TOPN100,277ecf201ad045c3d518c56897f52639e4ef44714851b45535b90b656c2e1df8,M11,730101,10,46,40,400,120,79.11460188975907
PRE_NMS_TOPN100,277ecf201ad045c3d518c56897f52639e4ef44714851b45535b90b656c2e1df8,M11,730101,10,47,40,400,126,72.48400821420036
PRE_NMS_TOPN100,277ecf201ad045c3d518c56897f52639e4ef44714851b45535b90b656c2e1df8,M11,730101,10,48,40,400,132,75.79433745495413
PRE_NMS_TOPN100,277ecf201ad045c3d518c56897f52639e4ef44714851b45535b90b656c2e1df8,M11,730101,10,49,40,400,125,70.2121139971207
PRE_NMS_TOPN100,277ecf201ad045c3d518c56897f52639e4ef44714851b45535b90b656c2e1df8,M11,730101,15,0,40,600,165,96.61856752644307
PRE_NMS_TOPN100,277ecf201ad045c3d518c56897f52639e4ef44714851b45535b90b656c2e1df8,M11,730101,15,1,40,600,160,99.4049662719337
PRE_NMS_TOPN100,277ecf201ad045c3d518c56897f52639e4ef44714851b45535b90b656c2e1df8,M11,730101,15,2,40,600,169,98.3366117427071
PRE_NMS_TOPN100,277ecf201ad045c3d518c56897f52639e4ef44714851b45535b90b656c2e1df8,M11,730101,15,3,40,600,178,96.22217921669856
PRE_NMS_TOPN100,277ecf201ad045c3d518c56897f52639e4ef44714851b45535b90b656c2e1df8,M11,730101,15,4,40,600,140,78.08148079512102
PRE_NMS_TOPN100,277ecf201ad045c3d518c56897f52639e4ef44714851b45535b90b656c2e1df8,M11,730101,15,5,40,600,146,101.05097528472581
PRE_NMS_TOPN100,277ecf201ad045c3d518c56897f52639e4ef44714851b45535b90b656c2e1df8,M11,730101,15,6,40,600,141,90.15572948538647
PRE_NMS_TOPN100,277ecf201ad045c3d518c56897f52639e4ef44714851b45535b90b656c2e1df8,M11,730101,15,7,40,600,159,92.17000312518572
PRE_NMS_TOPN100,277ecf201ad045c3d518c56897f52639e4ef44714851b45535b90b656c2e1df8,M11,730101,15,8,40,600,156,92.02945146872683
PRE_NMS_TOPN100,277ecf201ad045c3d518c56897f52639e4ef44714851b45535b90b656c2e1df8,M11,730101,15,9,40,600,148,86.11315456643612
PRE_NMS_TOPN100,277ecf201ad045c3d518c56897f52639e4ef44714851b45535b90b656c2e1df8,M11,730101,15,10,40,600,141,83.26965688610207
PRE_NMS_TOPN100,277ecf201ad045c3d518c56897f52639e4ef44714851b45535b90b656c2e1df8,M11,730101,15,11,40,600,144,85.30858537906121
PRE_NMS_TOPN100,277ecf201ad045c3d518c56897f52639e4ef44714851b45535b90b656c2e1df8,M11,730101,15,12,40,600,148,90.92903522569837
PRE_NMS_TOPN100,277ecf201ad045c3d518c56897f52639e4ef44714851b45535b90b656c2e1df8,M11,730101,15,13,40,600,156,101.14415510797065
PRE_NMS_TOPN100,277ecf201ad045c3d518c56897f52639e4ef44714851b45535b90b656c2e1df8,M11,730101,15,14,40,600,156,94.61880638358117
PRE_NMS_TOPN100,277ecf201ad045c3d518c56897f52639e4ef44714851b45535b90b656c2e1df8,M11,730101,15,15,40,600,161,93.69399159836122
PRE_NMS_TOPN100,277ecf201ad045c3d518c56897f52639e4ef44714851b45535b90b656c2e1df8,M11,730101,15,16,40,600,149,91.23163750622668
PRE_NMS_TOPN100,277ecf201ad045c3d518c56897f52639e4ef44714851b45535b90b656c2e1df8,M11,730101,15,17,40,600,147,94.13234054752495
PRE_NMS_TOPN100,277ecf201ad045c3d518c56897f52639e4ef44714851b45535b90b656c2e1df8,M11,730101,15,18,40,600,159,99.03057397219197
PRE_NMS_TOPN100,277ecf201ad045c3d518c56897f52639e4ef44714851b45535b90b656c2e1df8,M11,730101,15,19,40,600,164,104.55713145306152
PRE_NMS_TOPN100,277ecf201ad045c3d518c56897f52639e4ef44714851b45535b90b656c2e1df8,M11,730101,15,20,40,600,164,93.99775427673053
PRE_NMS_TOPN100,277ecf201ad045c3d518c56897f52639e4ef44714851b45535b90b656c2e1df8,M11,730101,15,21,40,600,149,81.2701151797877
PRE_NMS_TOPN100,277ecf201ad045c3d518c56897f52639e4ef44714851b45535b90b656c2e1df8,M11,730101,15,22,40,600,166,100.39300437257872
PRE_NMS_TOPN100,277ecf201ad045c3d518c56897f52639e4ef44714851b45535b90b656c2e1df8,M11,730101,15,23,40,600,152,90.49920874948583
PRE_NMS_TOPN100,277ecf201ad045c3d518c56897f52639e4ef44714851b45535b90b656c2e1df8,M11,730101,15,24,40,600,146,85.26472377923413
PRE_NMS_TOPN100,277ecf201ad045c3d518c56897f52639e4ef44714851b45535b90b656c2e1df8,M11,730101,15,25,40,600,146,83.30219494039146
PRE_NMS_TOPN100,277ecf201ad045c3d518c56897f52639e4ef44714851b45535b90b656c2e1df8,M11,730101,15,26,40,600,153,91.40027657698909
PRE_NMS_TOPN100,277ecf201ad045c3d518c56897f52639e4ef44714851b45535b90b656c2e1df8,M11,730101,15,27,40,600,158,90.7233222911393
PRE_NMS_TOPN100,277ecf201ad045c3d518c56897f52639e4ef44714851b45535b90b656c2e1df8,M11,730101,15,28,40,600,164,104.66393538074657
PRE_NMS_TOPN100,277ecf201ad045c3d518c56897f52639e4ef44714851b45535b90b656c2e1df8,M11,730101,15,29,40,600,148,100.99215791332416
PRE_NMS_TOPN100,277ecf201ad045c3d518c56897f52639e4ef44714851b45535b90b656c2e1df8,M11,730101,15,30,40,600,153,85.47339678129693
PRE_NMS_TOPN100,277ecf201ad045c3d518c56897f52639e4ef44714851b45535b90b656c2e1df8,M11,730101,15,31,40,600,157,102.7731562666971
PRE_NMS_TOPN100,277ecf201ad045c3d518c56897f52639e4ef44714851b45535b90b656c2e1df8,M11,730101,15,32,40,600,151,95.60675435846791
PRE_NMS_TOPN100,277ecf201ad045c3d518c56897f52639e4ef44714851b45535b90b656c2e1df8,M11,730101,15,33,40,600,144,80.33350050854253
PRE_NMS_TOPN100,277ecf201ad045c3d518c56897f52639e4ef44714851b45535b90b656c2e1df8,M11,730101,15,34,40,600,139,87.36251058227917
PRE_NMS_TOPN100,277ecf201ad045c3d518c56897f52639e4ef44714851b45535b90b656c2e1df8,M11,730101,15,35,40,600,154,87.9754841350799
PRE_NMS_TOPN100,277ecf201ad045c3d518c56897f52639e4ef44714851b45535b90b656c2e1df8,M11,730101,15,36,40,600,172,103.76908937772255
PRE_NMS_TOPN100,277ecf201ad045c3d518c56897f52639e4ef44714851b45535b90b656c2e1df8,M11,730101,15,37,40,600,161,109.59022764497844
PRE_NMS_TOPN100,277ecf201ad045c3d518c56897f52639e4ef44714851b45535b90b656c2e1df8,M11,730101,15,38,40,600,156,80.68655677200788
PRE_NMS_TOPN100,277ecf201ad045c3d518c56897f52639e4ef44714851b45535b90b656c2e1df8,M11,730101,15,39,40,600,150,96.96071952495026
PRE_NMS_TOPN100,277ecf201ad045c3d518c56897f52639e4ef44714851b45535b90b656c2e1df8,M11,730101,15,40,40,600,145,87.17196113616063
PRE_NMS_TOPN100,277ecf201ad045c3d518c56897f52639e4ef44714851b45535b90b656c2e1df8,M11,730101,15,41,40,600,163,95.51593626958936
PRE_NMS_TOPN100,277ecf201ad045c3d518c56897f52639e4ef44714851b45535b90b656c2e1df8,M11,730101,15,42,40,600,155,102.99844248056775
PRE_NMS_TOPN100,277ecf201ad045c3d518c56897f52639e4ef44714851b45535b90b656c2e1df8,M11,730101,15,43,40,600,150,95.30847238731637
PRE_NMS_TOPN100,277ecf201ad045c3d518c56897f52639e4ef44714851b45535b90b656c2e1df8,M11,730101,15,44,40,600,158,100.90338797051973
PRE_NMS_TOPN100,277ecf201ad045c3d518c56897f52639e4ef44714851b45535b90b656c2e1df8,M11,730101,15,45,40,600,147,97.4192648144541
PRE_NMS_TOPN100,277ecf201ad045c3d518c56897f52639e4ef44714851b45535b90b656c2e1df8,M11,730101,15,46,40,600,159,103.63026449578106
PRE_NMS_TOPN100,277ecf201ad045c3d518c56897f52639e4ef44714851b45535b90b656c2e1df8,M11,730101,15,47,40,600,159,88.25038136918631
PRE_NMS_TOPN100,277ecf201ad045c3d518c56897f52639e4ef44714851b45535b90b656c2e1df8,M11,730101,15,48,40,600,173,96.14293314976912
PRE_NMS_TOPN100,277ecf201ad045c3d518c56897f52639e4ef44714851b45535b90b656c2e1df8,M11,730101,15,49,40,600,157,89.52411125062216
PRE_NMS_TOPN100,277ecf201ad045c3d518c56897f52639e4ef44714851b45535b90b656c2e1df8,M11,730101,20,0,40,800,192,107.88107646029631
PRE_NMS_TOPN100,277ecf201ad045c3d518c56897f52639e4ef44714851b45535b90b656c2e1df8,M11,730101,20,1,40,800,188,114.32404439923697
PRE_NMS_TOPN100,277ecf201ad045c3d518c56897f52639e4ef44714851b45535b90b656c2e1df8,M11,730101,20,2,40,800,198,112.7969044420543
PRE_NMS_TOPN100,277ecf201ad045c3d518c56897f52639e4ef44714851b45535b90b656c2e1df8,M11,730101,20,3,40,800,207,111.20035185612299
PRE_NMS_TOPN100,277ecf201ad045c3d518c56897f52639e4ef44714851b45535b90b656c2e1df8,M11,730101,20,4,40,800,161,88.1957090118817
PRE_NMS_TOPN100,277ecf201ad045c3d518c56897f52639e4ef44714851b45535b90b656c2e1df8,M11,730101,20,5,40,800,174,114.75208741657995
PRE_NMS_TOPN100,277ecf201ad045c3d518c56897f52639e4ef44714851b45535b90b656c2e1df8,M11,730101,20,6,40,800,175,106.54099239176358
PRE_NMS_TOPN100,277ecf201ad045c3d518c56897f52639e4ef44714851b45535b90b656c2e1df8,M11,730101,20,7,40,800,182,103.03305734523934
PRE_NMS_TOPN100,277ecf201ad045c3d518c56897f52639e4ef44714851b45535b90b656c2e1df8,M11,730101,20,8,40,800,185,105.88932838404777
PRE_NMS_TOPN100,277ecf201ad045c3d518c56897f52639e4ef44714851b45535b90b656c2e1df8,M11,730101,20,9,40,800,171,98.37927209557832
PRE_NMS_TOPN100,277ecf201ad045c3d518c56897f52639e4ef44714851b45535b90b656c2e1df8,M11,730101,20,10,40,800,168,94.50767380856018
PRE_NMS_TOPN100,277ecf201ad045c3d518c56897f52639e4ef44714851b45535b90b656c2e1df8,M11,730101,20,11,40,800,169,96.75767779749384
PRE_NMS_TOPN100,277ecf201ad045c3d518c56897f52639e4ef44714851b45535b90b656c2e1df8,M11,730101,20,12,40,800,178,106.23666773826008
PRE_NMS_TOPN100,277ecf201ad045c3d518c56897f52639e4ef44714851b45535b90b656c2e1df8,M11,730101,20,13,40,800,186,116.58181344349778
PRE_NMS_TOPN100,277ecf201ad045c3d518c56897f52639e4ef44714851b45535b90b656c2e1df8,M11,730101,20,14,40,800,189,112.50721427813806
PRE_NMS_TOPN100,277ecf201ad045c3d518c56897f52639e4ef44714851b45535b90b656c2e1df8,M11,730101,20,15,40,800,183,104.62270807532428
PRE_NMS_TOPN100,277ecf201ad045c3d518c56897f52639e4ef44714851b45535b90b656c2e1df8,M11,730101,20,16,40,800,172,103.85553458842799
PRE_NMS_TOPN100,277ecf201ad045c3d518c56897f52639e4ef44714851b45535b90b656c2e1df8,M11,730101,20,17,40,800,170,106.35770711173238
PRE_NMS_TOPN100,277ecf201ad045c3d518c56897f52639e4ef44714851b45535b90b656c2e1df8,M11,730101,20,18,40,800,186,114.09224356406907
PRE_NMS_TOPN100,277ecf201ad045c3d518c56897f52639e4ef44714851b45535b90b656c2e1df8,M11,730101,20,19,40,800,192,118.30602242433308
PRE_NMS_TOPN100,277ecf201ad045c3d518c56897f52639e4ef44714851b45535b90b656c2e1df8,M11,730101,20,20,40,800,188,106.26466164508301
PRE_NMS_TOPN100,277ecf201ad045c3d518c56897f52639e4ef44714851b45535b90b656c2e1df8,M11,730101,20,21,40,800,169,90.24895409416314
PRE_NMS_TOPN100,277ecf201ad045c3d518c56897f52639e4ef44714851b45535b90b656c2e1df8,M11,730101,20,22,40,800,192,115.28010642072678
PRE_NMS_TOPN100,277ecf201ad045c3d518c56897f52639e4ef44714851b45535b90b656c2e1df8,M11,730101,20,23,40,800,174,101.81943180637708
PRE_NMS_TOPN100,277ecf201ad045c3d518c56897f52639e4ef44714851b45535b90b656c2e1df8,M11,730101,20,24,40,800,171,100.00853409466175
PRE_NMS_TOPN100,277ecf201ad045c3d518c56897f52639e4ef44714851b45535b90b656c2e1df8,M11,730101,20,25,40,800,168,93.05157488049552
PRE_NMS_TOPN100,277ecf201ad045c3d518c56897f52639e4ef44714851b45535b90b656c2e1df8,M11,730101,20,26,40,800,178,102.75584718828483
PRE_NMS_TOPN100,277ecf201ad045c3d518c56897f52639e4ef44714851b45535b90b656c2e1df8,M11,730101,20,27,40,800,186,104.64299398672802
PRE_NMS_TOPN100,277ecf201ad045c3d518c56897f52639e4ef44714851b45535b90b656c2e1df8,M11,730101,20,28,40,800,187,117.24292018355354
PRE_NMS_TOPN100,277ecf201ad045c3d518c56897f52639e4ef44714851b45535b90b656c2e1df8,M11,730101,20,29,40,800,174,113.04706952631335
PRE_NMS_TOPN100,277ecf201ad045c3d518c56897f52639e4ef44714851b45535b90b656c2e1df8,M11,730101,20,30,40,800,179,97.48805840816057
PRE_NMS_TOPN100,277ecf201ad045c3d518c56897f52639e4ef44714851b45535b90b656c2e1df8,M11,730101,20,31,40,800,176,117.19967715364339
PRE_NMS_TOPN100,277ecf201ad045c3d518c56897f52639e4ef44714851b45535b90b656c2e1df8,M11,730101,20,32,40,800,179,109.37514533834992
PRE_NMS_TOPN100,277ecf201ad045c3d518c56897f52639e4ef44714851b45535b90b656c2e1df8,M11,730101,20,33,40,800,167,89.32277962176478
PRE_NMS_TOPN100,277ecf201ad045c3d518c56897f52639e4ef44714851b45535b90b656c2e1df8,M11,730101,20,34,40,800,168,102.23635065708919
PRE_NMS_TOPN100,277ecf201ad045c3d518c56897f52639e4ef44714851b45535b90b656c2e1df8,M11,730101,20,35,40,800,178,99.26127989695543
PRE_NMS_TOPN100,277ecf201ad045c3d518c56897f52639e4ef44714851b45535b90b656c2e1df8,M11,730101,20,36,40,800,199,115.07937715099321
PRE_NMS_TOPN100,277ecf201ad045c3d518c56897f52639e4ef44714851b45535b90b656c2e1df8,M11,730101,20,37,40,800,192,126.23554613370335
PRE_NMS_TOPN100,277ecf201ad045c3d518c56897f52639e4ef44714851b45535b90b656c2e1df8,M11,730101,20,38,40,800,179,90.9678236792057
PRE_NMS_TOPN100,277ecf201ad045c3d518c56897f52639e4ef44714851b45535b90b656c2e1df8,M11,730101,20,39,40,800,176,111.4899972345074
PRE_NMS_TOPN100,277ecf201ad045c3d518c56897f52639e4ef44714851b45535b90b656c2e1df8,M11,730101,20,40,40,800,175,101.03844664538468
PRE_NMS_TOPN100,277ecf201ad045c3d518c56897f52639e4ef44714851b45535b90b656c2e1df8,M11,730101,20,41,40,800,185,105.37750733711563
PRE_NMS_TOPN100,277ecf201ad045c3d518c56897f52639e4ef44714851b45535b90b656c2e1df8,M11,730101,20,42,40,800,187,118.03141789747528
PRE_NMS_TOPN100,277ecf201ad045c3d518c56897f52639e4ef44714851b45535b90b656c2e1df8,M11,730101,20,43,40,800,168,105.17531644519444
PRE_NMS_TOPN100,277ecf201ad045c3d518c56897f52639e4ef44714851b45535b90b656c2e1df8,M11,730101,20,44,40,800,177,113.88626978915299
PRE_NMS_TOPN100,277ecf201ad045c3d518c56897f52639e4ef44714851b45535b90b656c2e1df8,M11,730101,20,45,40,800,171,114.21428827688216
PRE_NMS_TOPN100,277ecf201ad045c3d518c56897f52639e4ef44714851b45535b90b656c2e1df8,M11,730101,20,46,40,800,191,122.503810954679
PRE_NMS_TOPN100,277ecf201ad045c3d518c56897f52639e4ef44714851b45535b90b656c2e1df8,M11,730101,20,47,40,800,185,99.44261053839314
PRE_NMS_TOPN100,277ecf201ad045c3d518c56897f52639e4ef44714851b45535b90b656c2e1df8,M11,730101,20,48,40,800,202,113.45366632398098
PRE_NMS_TOPN100,277ecf201ad045c3d518c56897f52639e4ef44714851b45535b90b656c2e1df8,M11,730101,20,49,40,800,183,104.110317180424
PRE_NMS_TOPN100,277ecf201ad045c3d518c56897f52639e4ef44714851b45535b90b656c2e1df8,M11,730101,30,0,40,1200,223,123.81254200508508
PRE_NMS_TOPN100,277ecf201ad045c3d518c56897f52639e4ef44714851b45535b90b656c2e1df8,M11,730101,30,1,40,1200,225,131.68306132809246
PRE_NMS_TOPN100,277ecf201ad045c3d518c56897f52639e4ef44714851b45535b90b656c2e1df8,M11,730101,30,2,40,1200,237,132.7677565090884
PRE_NMS_TOPN100,277ecf201ad045c3d518c56897f52639e4ef44714851b45535b90b656c2e1df8,M11,730101,30,3,40,1200,244,128.1429548494926
PRE_NMS_TOPN100,277ecf201ad045c3d518c56897f52639e4ef44714851b45535b90b656c2e1df8,M11,730101,30,4,40,1200,185,98.80744168625223
PRE_NMS_TOPN100,277ecf201ad045c3d518c56897f52639e4ef44714851b45535b90b656c2e1df8,M11,730101,30,5,40,1200,208,133.31364207567006
PRE_NMS_TOPN100,277ecf201ad045c3d518c56897f52639e4ef44714851b45535b90b656c2e1df8,M11,730101,30,6,40,1200,212,126.53679659988718
PRE_NMS_TOPN100,277ecf201ad045c3d518c56897f52639e4ef44714851b45535b90b656c2e1df8,M11,730101,30,7,40,1200,217,118.97487351781125
PRE_NMS_TOPN100,277ecf201ad045c3d518c56897f52639e4ef44714851b45535b90b656c2e1df8,M11,730101,30,8,40,1200,225,126.91189759530413
PRE_NMS_TOPN100,277ecf201ad045c3d518c56897f52639e4ef44714851b45535b90b656c2e1df8,M11,730101,30,9,40,1200,205,113.5910172197893
PRE_NMS_TOPN100,277ecf201ad045c3d518c56897f52639e4ef44714851b45535b90b656c2e1df8,M11,730101,30,10,40,1200,203,111.4269899739075
PRE_NMS_TOPN100,277ecf201ad045c3d518c56897f52639e4ef44714851b45535b90b656c2e1df8,M11,730101,30,11,40,1200,201,116.02360631017693
PRE_NMS_TOPN100,277ecf201ad045c3d518c56897f52639e4ef44714851b45535b90b656c2e1df8,M11,730101,30,12,40,1200,212,122.10496702753176
PRE_NMS_TOPN100,277ecf201ad045c3d518c56897f52639e4ef44714851b45535b90b656c2e1df8,M11,730101,30,13,40,1200,222,135.6247400904196
PRE_NMS_TOPN100,277ecf201ad045c3d518c56897f52639e4ef44714851b45535b90b656c2e1df8,M11,730101,30,14,40,1200,230,134.7803161138716
PRE_NMS_TOPN100,277ecf201ad045c3d518c56897f52639e4ef44714851b45535b90b656c2e1df8,M11,730101,30,15,40,1200,213,119.09468700600596
PRE_NMS_TOPN100,277ecf201ad045c3d518c56897f52639e4ef44714851b45535b90b656c2e1df8,M11,730101,30,16,40,1200,203,118.19781346924316
PRE_NMS_TOPN100,277ecf201ad045c3d518c56897f52639e4ef44714851b45535b90b656c2e1df8,M11,730101,30,17,40,1200,198,118.9305434503306
PRE_NMS_TOPN100,277ecf201ad045c3d518c56897f52639e4ef44714851b45535b90b656c2e1df8,M11,730101,30,18,40,1200,226,133.19251377539817
PRE_NMS_TOPN100,277ecf201ad045c3d518c56897f52639e4ef44714851b45535b90b656c2e1df8,M11,730101,30,19,40,1200,219,132.32961134037367
PRE_NMS_TOPN100,277ecf201ad045c3d518c56897f52639e4ef44714851b45535b90b656c2e1df8,M11,730101,30,20,40,1200,224,121.10735632906294
PRE_NMS_TOPN100,277ecf201ad045c3d518c56897f52639e4ef44714851b45535b90b656c2e1df8,M11,730101,30,21,40,1200,209,107.98063307695121
PRE_NMS_TOPN100,277ecf201ad045c3d518c56897f52639e4ef44714851b45535b90b656c2e1df8,M11,730101,30,22,40,1200,227,133.61723403944066
PRE_NMS_TOPN100,277ecf201ad045c3d518c56897f52639e4ef44714851b45535b90b656c2e1df8,M11,730101,30,23,40,1200,205,118.80769213281948
PRE_NMS_TOPN100,277ecf201ad045c3d518c56897f52639e4ef44714851b45535b90b656c2e1df8,M11,730101,30,24,40,1200,205,117.24408900892314
PRE_NMS_TOPN100,277ecf201ad045c3d518c56897f52639e4ef44714851b45535b90b656c2e1df8,M11,730101,30,25,40,1200,206,110.99071774555658
PRE_NMS_TOPN100,277ecf201ad045c3d518c56897f52639e4ef44714851b45535b90b656c2e1df8,M11,730101,30,26,40,1200,210,115.55186059835464
PRE_NMS_TOPN100,277ecf201ad045c3d518c56897f52639e4ef44714851b45535b90b656c2e1df8,M11,730101,30,27,40,1200,226,122.94158171791541
PRE_NMS_TOPN100,277ecf201ad045c3d518c56897f52639e4ef44714851b45535b90b656c2e1df8,M11,730101,30,28,40,1200,229,142.27697158129592
PRE_NMS_TOPN100,277ecf201ad045c3d518c56897f52639e4ef44714851b45535b90b656c2e1df8,M11,730101,30,29,40,1200,206,127.78755315202349
PRE_NMS_TOPN100,277ecf201ad045c3d518c56897f52639e4ef44714851b45535b90b656c2e1df8,M11,730101,30,30,40,1200,212,115.07714592637483
PRE_NMS_TOPN100,277ecf201ad045c3d518c56897f52639e4ef44714851b45535b90b656c2e1df8,M11,730101,30,31,40,1200,199,128.8790153671451
PRE_NMS_TOPN100,277ecf201ad045c3d518c56897f52639e4ef44714851b45535b90b656c2e1df8,M11,730101,30,32,40,1200,210,122.87216506318038
PRE_NMS_TOPN100,277ecf201ad045c3d518c56897f52639e4ef44714851b45535b90b656c2e1df8,M11,730101,30,33,40,1200,198,105.11955311390234
PRE_NMS_TOPN100,277ecf201ad045c3d518c56897f52639e4ef44714851b45535b90b656c2e1df8,M11,730101,30,34,40,1200,200,118.39723130862188
PRE_NMS_TOPN100,277ecf201ad045c3d518c56897f52639e4ef44714851b45535b90b656c2e1df8,M11,730101,30,35,40,1200,205,111.96248068186883
PRE_NMS_TOPN100,277ecf201ad045c3d518c56897f52639e4ef44714851b45535b90b656c2e1df8,M11,730101,30,36,40,1200,233,132.6249775644281
PRE_NMS_TOPN100,277ecf201ad045c3d518c56897f52639e4ef44714851b45535b90b656c2e1df8,M11,730101,30,37,40,1200,218,140.2076141764465
PRE_NMS_TOPN100,277ecf201ad045c3d518c56897f52639e4ef44714851b45535b90b656c2e1df8,M11,730101,30,38,40,1200,213,106.0407641582547
PRE_NMS_TOPN100,277ecf201ad045c3d518c56897f52639e4ef44714851b45535b90b656c2e1df8,M11,730101,30,39,40,1200,211,132.74988096443033
PRE_NMS_TOPN100,277ecf201ad045c3d518c56897f52639e4ef44714851b45535b90b656c2e1df8,M11,730101,30,40,40,1200,208,116.21983621797585
PRE_NMS_TOPN100,277ecf201ad045c3d518c56897f52639e4ef44714851b45535b90b656c2e1df8,M11,730101,30,41,40,1200,222,119.00796914569261
PRE_NMS_TOPN100,277ecf201ad045c3d518c56897f52639e4ef44714851b45535b90b656c2e1df8,M11,730101,30,42,40,1200,225,137.31430563184463
PRE_NMS_TOPN100,277ecf201ad045c3d518c56897f52639e4ef44714851b45535b90b656c2e1df8,M11,730101,30,43,40,1200,206,125.31657867791493
PRE_NMS_TOPN100,277ecf201ad045c3d518c56897f52639e4ef44714851b45535b90b656c2e1df8,M11,730101,30,44,40,1200,214,133.230707187921
PRE_NMS_TOPN100,277ecf201ad045c3d518c56897f52639e4ef44714851b45535b90b656c2e1df8,M11,730101,30,45,40,1200,201,129.43749964118547
PRE_NMS_TOPN100,277ecf201ad045c3d518c56897f52639e4ef44714851b45535b90b656c2e1df8,M11,730101,30,46,40,1200,227,141.15722210783878
PRE_NMS_TOPN100,277ecf201ad045c3d518c56897f52639e4ef44714851b45535b90b656c2e1df8,M11,730101,30,47,40,1200,221,115.9658434651901
PRE_NMS_TOPN100,277ecf201ad045c3d518c56897f52639e4ef44714851b45535b90b656c2e1df8,M11,730101,30,48,40,1200,239,127.84214830221002
PRE_NMS_TOPN100,277ecf201ad045c3d518c56897f52639e4ef44714851b45535b90b656c2e1df8,M11,730101,30,49,40,1200,219,121.55653224649734
PRE_NMS_TOPN100,277ecf201ad045c3d518c56897f52639e4ef44714851b45535b90b656c2e1df8,M11,730101,40,0,40,1600,239,131.46039310826407
PRE_NMS_TOPN100,277ecf201ad045c3d518c56897f52639e4ef44714851b45535b90b656c2e1df8,M11,730101,40,1,40,1600,250,142.1826028750408
PRE_NMS_TOPN100,277ecf201ad045c3d518c56897f52639e4ef44714851b45535b90b656c2e1df8,M11,730101,40,2,40,1600,255,141.00862496318027
PRE_NMS_TOPN100,277ecf201ad045c3d518c56897f52639e4ef44714851b45535b90b656c2e1df8,M11,730101,40,3,40,1600,262,135.75795439965947
PRE_NMS_TOPN100,277ecf201ad045c3d518c56897f52639e4ef44714851b45535b90b656c2e1df8,M11,730101,40,4,40,1600,199,105.02279418811163
PRE_NMS_TOPN100,277ecf201ad045c3d518c56897f52639e4ef44714851b45535b90b656c2e1df8,M11,730101,40,5,40,1600,228,142.55682830703137
PRE_NMS_TOPN100,277ecf201ad045c3d518c56897f52639e4ef44714851b45535b90b656c2e1df8,M11,730101,40,6,40,1600,234,135.25516458775226
PRE_NMS_TOPN100,277ecf201ad045c3d518c56897f52639e4ef44714851b45535b90b656c2e1df8,M11,730101,40,7,40,1600,233,126.20963737522183
PRE_NMS_TOPN100,277ecf201ad045c3d518c56897f52639e4ef44714851b45535b90b656c2e1df8,M11,730101,40,8,40,1600,239,133.4841989618975
PRE_NMS_TOPN100,277ecf201ad045c3d518c56897f52639e4ef44714851b45535b90b656c2e1df8,M11,730101,40,9,40,1600,228,122.31936527680678
PRE_NMS_TOPN100,277ecf201ad045c3d518c56897f52639e4ef44714851b45535b90b656c2e1df8,M11,730101,40,10,40,1600,219,117.65564923463678
PRE_NMS_TOPN100,277ecf201ad045c3d518c56897f52639e4ef44714851b45535b90b656c2e1df8,M11,730101,40,11,40,1600,220,124.39038799472345
PRE_NMS_TOPN100,277ecf201ad045c3d518c56897f52639e4ef44714851b45535b90b656c2e1df8,M11,730101,40,12,40,1600,230,130.19705076730926
PRE_NMS_TOPN100,277ecf201ad045c3d518c56897f52639e4ef44714851b45535b90b656c2e1df8,M11,730101,40,13,40,1600,234,143.95908556611656
PRE_NMS_TOPN100,277ecf201ad045c3d518c56897f52639e4ef44714851b45535b90b656c2e1df8,M11,730101,40,14,40,1600,250,147.23260178343065
PRE_NMS_TOPN100,277ecf201ad045c3d518c56897f52639e4ef44714851b45535b90b656c2e1df8,M11,730101,40,15,40,1600,234,127.11903176806122
PRE_NMS_TOPN100,277ecf201ad045c3d518c56897f52639e4ef44714851b45535b90b656c2e1df8,M11,730101,40,16,40,1600,218,124.86779402101602
PRE_NMS_TOPN100,277ecf201ad045c3d518c56897f52639e4ef44714851b45535b90b656c2e1df8,M11,730101,40,17,40,1600,213,126.2612803307386
PRE_NMS_TOPN100,277ecf201ad045c3d518c56897f52639e4ef44714851b45535b90b656c2e1df8,M11,730101,40,18,40,1600,243,141.30077083406863
PRE_NMS_TOPN100,277ecf201ad045c3d518c56897f52639e4ef44714851b45535b90b656c2e1df8,M11,730101,40,19,40,1600,235,140.3950815624114
PRE_NMS_TOPN100,277ecf201ad045c3d518c56897f52639e4ef44714851b45535b90b656c2e1df8,M11,730101,40,20,40,1600,237,128.4484886227859
PRE_NMS_TOPN100,277ecf201ad045c3d518c56897f52639e4ef44714851b45535b90b656c2e1df8,M11,730101,40,21,40,1600,228,114.5500230979897
PRE_NMS_TOPN100,277ecf201ad045c3d518c56897f52639e4ef44714851b45535b90b656c2e1df8,M11,730101,40,22,40,1600,247,142.45777322388037
PRE_NMS_TOPN100,277ecf201ad045c3d518c56897f52639e4ef44714851b45535b90b656c2e1df8,M11,730101,40,23,40,1600,219,125.4361318804473
PRE_NMS_TOPN100,277ecf201ad045c3d518c56897f52639e4ef44714851b45535b90b656c2e1df8,M11,730101,40,24,40,1600,220,124.59769737319085
PRE_NMS_TOPN100,277ecf201ad045c3d518c56897f52639e4ef44714851b45535b90b656c2e1df8,M11,730101,40,25,40,1600,226,119.81545416973404
PRE_NMS_TOPN100,277ecf201ad045c3d518c56897f52639e4ef44714851b45535b90b656c2e1df8,M11,730101,40,26,40,1600,224,123.46110288743277
PRE_NMS_TOPN100,277ecf201ad045c3d518c56897f52639e4ef44714851b45535b90b656c2e1df8,M11,730101,40,27,40,1600,244,131.90761878864717
PRE_NMS_TOPN100,277ecf201ad045c3d518c56897f52639e4ef44714851b45535b90b656c2e1df8,M11,730101,40,28,40,1600,257,156.32384732535883
PRE_NMS_TOPN100,277ecf201ad045c3d518c56897f52639e4ef44714851b45535b90b656c2e1df8,M11,730101,40,29,40,1600,225,136.7439807122336
PRE_NMS_TOPN100,277ecf201ad045c3d518c56897f52639e4ef44714851b45535b90b656c2e1df8,M11,730101,40,30,40,1600,231,123.03042502099036
PRE_NMS_TOPN100,277ecf201ad045c3d518c56897f52639e4ef44714851b45535b90b656c2e1df8,M11,730101,40,31,40,1600,207,132.92713592605514
PRE_NMS_TOPN100,277ecf201ad045c3d518c56897f52639e4ef44714851b45535b90b656c2e1df8,M11,730101,40,32,40,1600,221,130.61266249963933
PRE_NMS_TOPN100,277ecf201ad045c3d518c56897f52639e4ef44714851b45535b90b656c2e1df8,M11,730101,40,33,40,1600,213,111.43753201819409
PRE_NMS_TOPN100,277ecf201ad045c3d518c56897f52639e4ef44714851b45535b90b656c2e1df8,M11,730101,40,34,40,1600,214,124.74806176592578
PRE_NMS_TOPN100,277ecf201ad045c3d518c56897f52639e4ef44714851b45535b90b656c2e1df8,M11,730101,40,35,40,1600,220,120.5121038171147
PRE_NMS_TOPN100,277ecf201ad045c3d518c56897f52639e4ef44714851b45535b90b656c2e1df8,M11,730101,40,36,40,1600,247,140.1551893441228
PRE_NMS_TOPN100,277ecf201ad045c3d518c56897f52639e4ef44714851b45535b90b656c2e1df8,M11,730101,40,37,40,1600,231,146.28790406702396
PRE_NMS_TOPN100,277ecf201ad045c3d518c56897f52639e4ef44714851b45535b90b656c2e1df8,M11,730101,40,38,40,1600,229,113.52985047796692
PRE_NMS_TOPN100,277ecf201ad045c3d518c56897f52639e4ef44714851b45535b90b656c2e1df8,M11,730101,40,39,40,1600,241,145.34138662331387
PRE_NMS_TOPN100,277ecf201ad045c3d518c56897f52639e4ef44714851b45535b90b656c2e1df8,M11,730101,40,40,40,1600,223,122.71192253630224
PRE_NMS_TOPN100,277ecf201ad045c3d518c56897f52639e4ef44714851b45535b90b656c2e1df8,M11,730101,40,41,40,1600,235,125.75525340017758
PRE_NMS_TOPN100,277ecf201ad045c3d518c56897f52639e4ef44714851b45535b90b656c2e1df8,M11,730101,40,42,40,1600,242,145.19069636791062
PRE_NMS_TOPN100,277ecf201ad045c3d518c56897f52639e4ef44714851b45535b90b656c2e1df8,M11,730101,40,43,40,1600,226,133.23538569198294
PRE_NMS_TOPN100,277ecf201ad045c3d518c56897f52639e4ef44714851b45535b90b656c2e1df8,M11,730101,40,44,40,1600,235,141.07091968125738
PRE_NMS_TOPN100,277ecf201ad045c3d518c56897f52639e4ef44714851b45535b90b656c2e1df8,M11,730101,40,45,40,1600,218,136.94987278891998
PRE_NMS_TOPN100,277ecf201ad045c3d518c56897f52639e4ef44714851b45535b90b656c2e1df8,M11,730101,40,46,40,1600,249,149.35031172251323
PRE_NMS_TOPN100,277ecf201ad045c3d518c56897f52639e4ef44714851b45535b90b656c2e1df8,M11,730101,40,47,40,1600,241,126.34478955756741
PRE_NMS_TOPN100,277ecf201ad045c3d518c56897f52639e4ef44714851b45535b90b656c2e1df8,M11,730101,40,48,40,1600,248,134.46060798068544
PRE_NMS_TOPN100,277ecf201ad045c3d518c56897f52639e4ef44714851b45535b90b656c2e1df8,M11,730101,40,49,40,1600,243,131.09442134646432
PRE_NMS_TOPN100,277ecf201ad045c3d518c56897f52639e4ef44714851b45535b90b656c2e1df8,M11,730102,10,0,40,400,132,80.44945775347185
PRE_NMS_TOPN100,277ecf201ad045c3d518c56897f52639e4ef44714851b45535b90b656c2e1df8,M11,730102,10,1,40,400,134,83.18766231538248
PRE_NMS_TOPN100,277ecf201ad045c3d518c56897f52639e4ef44714851b45535b90b656c2e1df8,M11,730102,10,2,40,400,128,76.80868344745011
PRE_NMS_TOPN100,277ecf201ad045c3d518c56897f52639e4ef44714851b45535b90b656c2e1df8,M11,730102,10,3,40,400,148,80.59955792412745
PRE_NMS_TOPN100,277ecf201ad045c3d518c56897f52639e4ef44714851b45535b90b656c2e1df8,M11,730102,10,4,40,400,109,62.341220179065594
PRE_NMS_TOPN100,277ecf201ad045c3d518c56897f52639e4ef44714851b45535b90b656c2e1df8,M11,730102,10,5,40,400,116,77.45352280643763
PRE_NMS_TOPN100,277ecf201ad045c3d518c56897f52639e4ef44714851b45535b90b656c2e1df8,M11,730102,10,6,40,400,113,70.59722354685934
PRE_NMS_TOPN100,277ecf201ad045c3d518c56897f52639e4ef44714851b45535b90b656c2e1df8,M11,730102,10,7,40,400,131,71.64387148117882
PRE_NMS_TOPN100,277ecf201ad045c3d518c56897f52639e4ef44714851b45535b90b656c2e1df8,M11,730102,10,8,40,400,127,73.28510408088617
PRE_NMS_TOPN100,277ecf201ad045c3d518c56897f52639e4ef44714851b45535b90b656c2e1df8,M11,730102,10,9,40,400,116,69.21975165068194
PRE_NMS_TOPN100,277ecf201ad045c3d518c56897f52639e4ef44714851b45535b90b656c2e1df8,M11,730102,10,10,40,400,116,69.30483277266676
PRE_NMS_TOPN100,277ecf201ad045c3d518c56897f52639e4ef44714851b45535b90b656c2e1df8,M11,730102,10,11,40,400,118,70.43945238305183
PRE_NMS_TOPN100,277ecf201ad045c3d518c56897f52639e4ef44714851b45535b90b656c2e1df8,M11,730102,10,12,40,400,119,74.04095402224479
PRE_NMS_TOPN100,277ecf201ad045c3d518c56897f52639e4ef44714851b45535b90b656c2e1df8,M11,730102,10,13,40,400,128,83.65371181985648
PRE_NMS_TOPN100,277ecf201ad045c3d518c56897f52639e4ef44714851b45535b90b656c2e1df8,M11,730102,10,14,40,400,127,76.44788676697931
PRE_NMS_TOPN100,277ecf201ad045c3d518c56897f52639e4ef44714851b45535b90b656c2e1df8,M11,730102,10,15,40,400,137,80.86276105406543
PRE_NMS_TOPN100,277ecf201ad045c3d518c56897f52639e4ef44714851b45535b90b656c2e1df8,M11,730102,10,16,40,400,121,74.28851338683774
PRE_NMS_TOPN100,277ecf201ad045c3d518c56897f52639e4ef44714851b45535b90b656c2e1df8,M11,730102,10,17,40,400,114,74.77741816437832
PRE_NMS_TOPN100,277ecf201ad045c3d518c56897f52639e4ef44714851b45535b90b656c2e1df8,M11,730102,10,18,40,400,125,78.297914916094
PRE_NMS_TOPN100,277ecf201ad045c3d518c56897f52639e4ef44714851b45535b90b656c2e1df8,M11,730102,10,19,40,400,129,82.04833168977981
PRE_NMS_TOPN100,277ecf201ad045c3d518c56897f52639e4ef44714851b45535b90b656c2e1df8,M11,730102,10,20,40,400,139,80.00599087245654
PRE_NMS_TOPN100,277ecf201ad045c3d518c56897f52639e4ef44714851b45535b90b656c2e1df8,M11,730102,10,21,40,400,106,60.070396788763304
PRE_NMS_TOPN100,277ecf201ad045c3d518c56897f52639e4ef44714851b45535b90b656c2e1df8,M11,730102,10,22,40,400,129,82.06220436020087
PRE_NMS_TOPN100,277ecf201ad045c3d518c56897f52639e4ef44714851b45535b90b656c2e1df8,M11,730102,10,23,40,400,114,71.82375680079144
PRE_NMS_TOPN100,277ecf201ad045c3d518c56897f52639e4ef44714851b45535b90b656c2e1df8,M11,730102,10,24,40,400,113,66.84849672456245
PRE_NMS_TOPN100,277ecf201ad045c3d518c56897f52639e4ef44714851b45535b90b656c2e1df8,M11,730102,10,25,40,400,111,65.7322368721569
PRE_NMS_TOPN100,277ecf201ad045c3d518c56897f52639e4ef44714851b45535b90b656c2e1df8,M11,730102,10,26,40,400,128,74.08847257599986
PRE_NMS_TOPN100,277ecf201ad045c3d518c56897f52639e4ef44714851b45535b90b656c2e1df8,M11,730102,10,27,40,400,126,72.06476856780623
PRE_NMS_TOPN100,277ecf201ad045c3d518c56897f52639e4ef44714851b45535b90b656c2e1df8,M11,730102,10,28,40,400,136,83.80807908682843
PRE_NMS_TOPN100,277ecf201ad045c3d518c56897f52639e4ef44714851b45535b90b656c2e1df8,M11,730102,10,29,40,400,118,83.36855352903055
PRE_NMS_TOPN100,277ecf201ad045c3d518c56897f52639e4ef44714851b45535b90b656c2e1df8,M11,730102,10,30,40,400,120,69.09811394407222
PRE_NMS_TOPN100,277ecf201ad045c3d518c56897f52639e4ef44714851b45535b90b656c2e1df8,M11,730102,10,31,40,400,128,86.2833245936703
PRE_NMS_TOPN100,277ecf201ad045c3d518c56897f52639e4ef44714851b45535b90b656c2e1df8,M11,730102,10,32,40,400,116,78.87960423035757
PRE_NMS_TOPN100,277ecf201ad045c3d518c56897f52639e4ef44714851b45535b90b656c2e1df8,M11,730102,10,33,40,400,115,66.26800022972616
PRE_NMS_TOPN100,277ecf201ad045c3d518c56897f52639e4ef44714851b45535b90b656c2e1df8,M11,730102,10,34,40,400,118,73.07720470724053
PRE_NMS_TOPN100,277ecf201ad045c3d518c56897f52639e4ef44714851b45535b90b656c2e1df8,M11,730102,10,35,40,400,124,71.5740518462268
PRE_NMS_TOPN100,277ecf201ad045c3d518c56897f52639e4ef44714851b45535b90b656c2e1df8,M11,730102,10,36,40,400,138,85.79930603705763
PRE_NMS_TOPN100,277ecf201ad045c3d518c56897f52639e4ef44714851b45535b90b656c2e1df8,M11,730102,10,37,40,400,125,85.04249938873761
PRE_NMS_TOPN100,277ecf201ad045c3d518c56897f52639e4ef44714851b45535b90b656c2e1df8,M11,730102,10,38,40,400,121,66.4780048989233
PRE_NMS_TOPN100,277ecf201ad045c3d518c56897f52639e4ef44714851b45535b90b656c2e1df8,M11,730102,10,39,40,400,116,74.4430760067301
PRE_NMS_TOPN100,277ecf201ad045c3d518c56897f52639e4ef44714851b45535b90b656c2e1df8,M11,730102,10,40,40,400,115,68.40045052982218
PRE_NMS_TOPN100,277ecf201ad045c3d518c56897f52639e4ef44714851b45535b90b656c2e1df8,M11,730102,10,41,40,400,132,79.51228944505168
PRE_NMS_TOPN100,277ecf201ad045c3d518c56897f52639e4ef44714851b45535b90b656c2e1df8,M11,730102,10,42,40,400,123,75.7050054474461
PRE_NMS_TOPN100,277ecf201ad045c3d518c56897f52639e4ef44714851b45535b90b656c2e1df8,M11,730102,10,43,40,400,117,79.4846660968595
PRE_NMS_TOPN100,277ecf201ad045c3d518c56897f52639e4ef44714851b45535b90b656c2e1df8,M11,730102,10,44,40,400,124,77.8377938845866
PRE_NMS_TOPN100,277ecf201ad045c3d518c56897f52639e4ef44714851b45535b90b656c2e1df8,M11,730102,10,45,40,400,117,77.47062874866492
PRE_NMS_TOPN100,277ecf201ad045c3d518c56897f52639e4ef44714851b45535b90b656c2e1df8,M11,730102,10,46,40,400,124,80.70332842403828
PRE_NMS_TOPN100,277ecf201ad045c3d518c56897f52639e4ef44714851b45535b90b656c2e1df8,M11,730102,10,47,40,400,128,72.98775070708258
PRE_NMS_TOPN100,277ecf201ad045c3d518c56897f52639e4ef44714851b45535b90b656c2e1df8,M11,730102,10,48,40,400,132,75.79433745495413
PRE_NMS_TOPN100,277ecf201ad045c3d518c56897f52639e4ef44714851b45535b90b656c2e1df8,M11,730102,10,49,40,400,126,71.16087502939472
PRE_NMS_TOPN100,277ecf201ad045c3d518c56897f52639e4ef44714851b45535b90b656c2e1df8,M11,730102,15,0,40,600,165,96.52421503098105
PRE_NMS_TOPN100,277ecf201ad045c3d518c56897f52639e4ef44714851b45535b90b656c2e1df8,M11,730102,15,1,40,600,161,99.67592218282269
PRE_NMS_TOPN100,277ecf201ad045c3d518c56897f52639e4ef44714851b45535b90b656c2e1df8,M11,730102,15,2,40,600,168,98.87852356448508
PRE_NMS_TOPN100,277ecf201ad045c3d518c56897f52639e4ef44714851b45535b90b656c2e1df8,M11,730102,15,3,40,600,179,96.36477068127238
PRE_NMS_TOPN100,277ecf201ad045c3d518c56897f52639e4ef44714851b45535b90b656c2e1df8,M11,730102,15,4,40,600,140,78.08148079512102
PRE_NMS_TOPN100,277ecf201ad045c3d518c56897f52639e4ef44714851b45535b90b656c2e1df8,M11,730102,15,5,40,600,148,101.20558269015001
PRE_NMS_TOPN100,277ecf201ad045c3d518c56897f52639e4ef44714851b45535b90b656c2e1df8,M11,730102,15,6,40,600,141,90.23968656753351
PRE_NMS_TOPN100,277ecf201ad045c3d518c56897f52639e4ef44714851b45535b90b656c2e1df8,M11,730102,15,7,40,600,161,92.30548108063022
PRE_NMS_TOPN100,277ecf201ad045c3d518c56897f52639e4ef44714851b45535b90b656c2e1df8,M11,730102,15,8,40,600,154,90.35930863922478
PRE_NMS_TOPN100,277ecf201ad045c3d518c56897f52639e4ef44714851b45535b90b656c2e1df8,M11,730102,15,9,40,600,149,86.91322045545941
PRE_NMS_TOPN100,277ecf201ad045c3d518c56897f52639e4ef44714851b45535b90b656c2e1df8,M11,730102,15,10,40,600,141,82.26530323713467
PRE_NMS_TOPN100,277ecf201ad045c3d518c56897f52639e4ef44714851b45535b90b656c2e1df8,M11,730102,15,11,40,600,147,84.86689352938689
PRE_NMS_TOPN100,277ecf201ad045c3d518c56897f52639e4ef44714851b45535b90b656c2e1df8,M11,730102,15,12,40,600,148,90.92903522569837
PRE_NMS_TOPN100,277ecf201ad045c3d518c56897f52639e4ef44714851b45535b90b656c2e1df8,M11,730102,15,13,40,600,158,101.15002258461229
PRE_NMS_TOPN100,277ecf201ad045c3d518c56897f52639e4ef44714851b45535b90b656c2e1df8,M11,730102,15,14,40,600,158,95.0428387434226
PRE_NMS_TOPN100,277ecf201ad045c3d518c56897f52639e4ef44714851b45535b90b656c2e1df8,M11,730102,15,15,40,600,161,93.69399159836122
PRE_NMS_TOPN100,277ecf201ad045c3d518c56897f52639e4ef44714851b45535b90b656c2e1df8,M11,730102,15,16,40,600,151,90.93586381084364
PRE_NMS_TOPN100,277ecf201ad045c3d518c56897f52639e4ef44714851b45535b90b656c2e1df8,M11,730102,15,17,40,600,148,94.93522821103952
PRE_NMS_TOPN100,277ecf201ad045c3d518c56897f52639e4ef44714851b45535b90b656c2e1df8,M11,730102,15,18,40,600,157,98.49531552984894
PRE_NMS_TOPN100,277ecf201ad045c3d518c56897f52639e4ef44714851b45535b90b656c2e1df8,M11,730102,15,19,40,600,163,104.55713145306152
PRE_NMS_TOPN100,277ecf201ad045c3d518c56897f52639e4ef44714851b45535b90b656c2e1df8,M11,730102,15,20,40,600,165,93.79790881881308
PRE_NMS_TOPN100,277ecf201ad045c3d518c56897f52639e4ef44714851b45535b90b656c2e1df8,M11,730102,15,21,40,600,149,81.2701151797877
PRE_NMS_TOPN100,277ecf201ad045c3d518c56897f52639e4ef44714851b45535b90b656c2e1df8,M11,730102,15,22,40,600,167,100.06766102836919
PRE_NMS_TOPN100,277ecf201ad045c3d518c56897f52639e4ef44714851b45535b90b656c2e1df8,M11,730102,15,23,40,600,150,89.68634101681886
PRE_NMS_TOPN100,277ecf201ad045c3d518c56897f52639e4ef44714851b45535b90b656c2e1df8,M11,730102,15,24,40,600,147,85.53567969012313
PRE_NMS_TOPN100,277ecf201ad045c3d518c56897f52639e4ef44714851b45535b90b656c2e1df8,M11,730102,15,25,40,600,146,83.16671698494696
PRE_NMS_TOPN100,277ecf201ad045c3d518c56897f52639e4ef44714851b45535b90b656c2e1df8,M11,730102,15,26,40,600,152,90.67178127063173
PRE_NMS_TOPN100,277ecf201ad045c3d518c56897f52639e4ef44714851b45535b90b656c2e1df8,M11,730102,15,27,40,600,162,92.03993251668848
PRE_NMS_TOPN100,277ecf201ad045c3d518c56897f52639e4ef44714851b45535b90b656c2e1df8,M11,730102,15,28,40,600,166,104.42254911868407
PRE_NMS_TOPN100,277ecf201ad045c3d518c56897f52639e4ef44714851b45535b90b656c2e1df8,M11,730102,15,29,40,600,148,100.14398741178454
PRE_NMS_TOPN100,277ecf201ad045c3d518c56897f52639e4ef44714851b45535b90b656c2e1df8,M11,730102,15,30,40,600,154,84.85588741898893
PRE_NMS_TOPN100,277ecf201ad045c3d518c56897f52639e4ef44714851b45535b90b656c2e1df8,M11,730102,15,31,40,600,159,104.40471442314086
PRE_NMS_TOPN100,277ecf201ad045c3d518c56897f52639e4ef44714851b45535b90b656c2e1df8,M11,730102,15,32,40,600,153,95.95542931623156
PRE_NMS_TOPN100,277ecf201ad045c3d518c56897f52639e4ef44714851b45535b90b656c2e1df8,M11,730102,15,33,40,600,144,79.38515482043107
PRE_NMS_TOPN100,277ecf201ad045c3d518c56897f52639e4ef44714851b45535b90b656c2e1df8,M11,730102,15,34,40,600,141,87.72333583748866
PRE_NMS_TOPN100,277ecf201ad045c3d518c56897f52639e4ef44714851b45535b90b656c2e1df8,M11,730102,15,35,40,600,154,87.65883004200326
PRE_NMS_TOPN100,277ecf201ad045c3d518c56897f52639e4ef44714851b45535b90b656c2e1df8,M11,730102,15,36,40,600,171,103.51809360513838
PRE_NMS_TOPN100,277ecf201ad045c3d518c56897f52639e4ef44714851b45535b90b656c2e1df8,M11,730102,15,37,40,600,160,110.21480573088394
PRE_NMS_TOPN100,277ecf201ad045c3d518c56897f52639e4ef44714851b45535b90b656c2e1df8,M11,730102,15,38,40,600,156,80.55107881656339
PRE_NMS_TOPN100,277ecf201ad045c3d518c56897f52639e4ef44714851b45535b90b656c2e1df8,M11,730102,15,39,40,600,151,97.07041465098013
PRE_NMS_TOPN100,277ecf201ad045c3d518c56897f52639e4ef44714851b45535b90b656c2e1df8,M11,730102,15,40,40,600,144,86.35909340349367
PRE_NMS_TOPN100,277ecf201ad045c3d518c56897f52639e4ef44714851b45535b90b656c2e1df8,M11,730102,15,41,40,600,162,95.56999792981098
PRE_NMS_TOPN100,277ecf201ad045c3d518c56897f52639e4ef44714851b45535b90b656c2e1df8,M11,730102,15,42,40,600,157,102.8085770918027
PRE_NMS_TOPN100,277ecf201ad045c3d518c56897f52639e4ef44714851b45535b90b656c2e1df8,M11,730102,15,43,40,600,150,95.65382065536255
PRE_NMS_TOPN100,277ecf201ad045c3d518c56897f52639e4ef44714851b45535b90b656c2e1df8,M11,730102,15,44,40,600,154,99.17664663028884
PRE_NMS_TOPN100,277ecf201ad045c3d518c56897f52639e4ef44714851b45535b90b656c2e1df8,M11,730102,15,45,40,600,143,99.32593625982943
PRE_NMS_TOPN100,277ecf201ad045c3d518c56897f52639e4ef44714851b45535b90b656c2e1df8,M11,730102,15,46,40,600,159,103.63026449578106
PRE_NMS_TOPN100,277ecf201ad045c3d518c56897f52639e4ef44714851b45535b90b656c2e1df8,M11,730102,15,47,40,600,158,86.94138956799264
PRE_NMS_TOPN100,277ecf201ad045c3d518c56897f52639e4ef44714851b45535b90b656c2e1df8,M11,730102,15,48,40,600,173,96.14293314976912
PRE_NMS_TOPN100,277ecf201ad045c3d518c56897f52639e4ef44714851b45535b90b656c2e1df8,M11,730102,15,49,40,600,155,89.54739807864445
PRE_NMS_TOPN100,277ecf201ad045c3d518c56897f52639e4ef44714851b45535b90b656c2e1df8,M11,730102,20,0,40,800,191,107.94881543801856
PRE_NMS_TOPN100,277ecf201ad045c3d518c56897f52639e4ef44714851b45535b90b656c2e1df8,M11,730102,20,1,40,800,188,114.45952235468145
PRE_NMS_TOPN100,277ecf201ad045c3d518c56897f52639e4ef44714851b45535b90b656c2e1df8,M11,730102,20,2,40,800,198,112.72916546433206
PRE_NMS_TOPN100,277ecf201ad045c3d518c56897f52639e4ef44714851b45535b90b656c2e1df8,M11,730102,20,3,40,800,206,111.33582981156749
PRE_NMS_TOPN100,277ecf201ad045c3d518c56897f52639e4ef44714851b45535b90b656c2e1df8,M11,730102,20,4,40,800,159,86.78654202411622
PRE_NMS_TOPN100,277ecf201ad045c3d518c56897f52639e4ef44714851b45535b90b656c2e1df8,M11,730102,20,5,40,800,174,114.3003707122214
PRE_NMS_TOPN100,277ecf201ad045c3d518c56897f52639e4ef44714851b45535b90b656c2e1df8,M11,730102,20,6,40,800,172,105.54112583035466
PRE_NMS_TOPN100,277ecf201ad045c3d518c56897f52639e4ef44714851b45535b90b656c2e1df8,M11,730102,20,7,40,800,182,103.03305734523934
PRE_NMS_TOPN100,277ecf201ad045c3d518c56897f52639e4ef44714851b45535b90b656c2e1df8,M11,730102,20,8,40,800,185,106.19808306520177
PRE_NMS_TOPN100,277ecf201ad045c3d518c56897f52639e4ef44714851b45535b90b656c2e1df8,M11,730102,20,9,40,800,172,98.79235934134674
PRE_NMS_TOPN100,277ecf201ad045c3d518c56897f52639e4ef44714851b45535b90b656c2e1df8,M11,730102,20,10,40,800,168,94.50767380856018
PRE_NMS_TOPN100,277ecf201ad045c3d518c56897f52639e4ef44714851b45535b90b656c2e1df8,M11,730102,20,11,40,800,169,96.67663206090171
PRE_NMS_TOPN100,277ecf201ad045c3d518c56897f52639e4ef44714851b45535b90b656c2e1df8,M11,730102,20,12,40,800,180,106.7013206428578
PRE_NMS_TOPN100,277ecf201ad045c3d518c56897f52639e4ef44714851b45535b90b656c2e1df8,M11,730102,20,13,40,800,186,116.95539575681912
PRE_NMS_TOPN100,277ecf201ad045c3d518c56897f52639e4ef44714851b45535b90b656c2e1df8,M11,730102,20,14,40,800,189,112.50721427813806
PRE_NMS_TOPN100,277ecf201ad045c3d518c56897f52639e4ef44714851b45535b90b656c2e1df8,M11,730102,20,15,40,800,183,104.28156197085252
PRE_NMS_TOPN100,277ecf201ad045c3d518c56897f52639e4ef44714851b45535b90b656c2e1df8,M11,730102,20,16,40,800,170,102.92008031502384
PRE_NMS_TOPN100,277ecf201ad045c3d518c56897f52639e4ef44714851b45535b90b656c2e1df8,M11,730102,20,17,40,800,170,106.49318506717687
PRE_NMS_TOPN100,277ecf201ad045c3d518c56897f52639e4ef44714851b45535b90b656c2e1df8,M11,730102,20,18,40,800,187,114.63415538584704
PRE_NMS_TOPN100,277ecf201ad045c3d518c56897f52639e4ef44714851b45535b90b656c2e1df8,M11,730102,20,19,40,800,191,119.28551350327461
PRE_NMS_TOPN100,277ecf201ad045c3d518c56897f52639e4ef44714851b45535b90b656c2e1df8,M11,730102,20,20,40,800,188,105.50955282098587
PRE_NMS_TOPN100,277ecf201ad045c3d518c56897f52639e4ef44714851b45535b90b656c2e1df8,M11,730102,20,21,40,800,170,91.46492900344612
PRE_NMS_TOPN100,277ecf201ad045c3d518c56897f52639e4ef44714851b45535b90b656c2e1df8,M11,730102,20,22,40,800,193,116.25959749966832
PRE_NMS_TOPN100,277ecf201ad045c3d518c56897f52639e4ef44714851b45535b90b656c2e1df8,M11,730102,20,23,40,800,172,100.79336707139096
PRE_NMS_TOPN100,277ecf201ad045c3d518c56897f52639e4ef44714851b45535b90b656c2e1df8,M11,730102,20,24,40,800,174,101.74313399770043
PRE_NMS_TOPN100,277ecf201ad045c3d518c56897f52639e4ef44714851b45535b90b656c2e1df8,M11,730102,20,25,40,800,166,92.5262965073049
PRE_NMS_TOPN100,277ecf201ad045c3d518c56897f52639e4ef44714851b45535b90b656c2e1df8,M11,730102,20,26,40,800,180,102.51732748624543
PRE_NMS_TOPN100,277ecf201ad045c3d518c56897f52639e4ef44714851b45535b90b656c2e1df8,M11,730102,20,27,40,800,185,104.43977705356127
PRE_NMS_TOPN100,277ecf201ad045c3d518c56897f52639e4ef44714851b45535b90b656c2e1df8,M11,730102,20,28,40,800,191,119.62713594823389
PRE_NMS_TOPN100,277ecf201ad045c3d518c56897f52639e4ef44714851b45535b90b656c2e1df8,M11,730102,20,29,40,800,174,112.29620765132246
PRE_NMS_TOPN100,277ecf201ad045c3d518c56897f52639e4ef44714851b45535b90b656c2e1df8,M11,730102,20,30,40,800,179,97.48805840816057
PRE_NMS_TOPN100,277ecf201ad045c3d518c56897f52639e4ef44714851b45535b90b656c2e1df8,M11,730102,20,31,40,800,176,117.19967715364339
PRE_NMS_TOPN100,277ecf201ad045c3d518c56897f52639e4ef44714851b45535b90b656c2e1df8,M11,730102,20,32,40,800,177,109.10418942746094
PRE_NMS_TOPN100,277ecf201ad045c3d518c56897f52639e4ef44714851b45535b90b656c2e1df8,M11,730102,20,33,40,800,168,89.43834222443627
PRE_NMS_TOPN100,277ecf201ad045c3d518c56897f52639e4ef44714851b45535b90b656c2e1df8,M11,730102,20,34,40,800,168,102.23635065708919
PRE_NMS_TOPN100,277ecf201ad045c3d518c56897f52639e4ef44714851b45535b90b656c2e1df8,M11,730102,20,35,40,800,178,99.32901887467767
PRE_NMS_TOPN100,277ecf201ad045c3d518c56897f52639e4ef44714851b45535b90b656c2e1df8,M11,730102,20,36,40,800,199,114.3953339943358
PRE_NMS_TOPN100,277ecf201ad045c3d518c56897f52639e4ef44714851b45535b90b656c2e1df8,M11,730102,20,37,40,800,192,126.23554613370335
PRE_NMS_TOPN100,277ecf201ad045c3d518c56897f52639e4ef44714851b45535b90b656c2e1df8,M11,730102,20,38,40,800,179,90.9678236792057
PRE_NMS_TOPN100,277ecf201ad045c3d518c56897f52639e4ef44714851b45535b90b656c2e1df8,M11,730102,20,39,40,800,177,111.6254751899519
PRE_NMS_TOPN100,277ecf201ad045c3d518c56897f52639e4ef44714851b45535b90b656c2e1df8,M11,730102,20,40,40,800,175,101.03844664538468
PRE_NMS_TOPN100,277ecf201ad045c3d518c56897f52639e4ef44714851b45535b90b656c2e1df8,M11,730102,20,41,40,800,189,105.71287553600939
PRE_NMS_TOPN100,277ecf201ad045c3d518c56897f52639e4ef44714851b45535b90b656c2e1df8,M11,730102,20,42,40,800,185,117.06398754491593
PRE_NMS_TOPN100,277ecf201ad045c3d518c56897f52639e4ef44714851b45535b90b656c2e1df8,M11,730102,20,43,40,800,169,105.978204108709
PRE_NMS_TOPN100,277ecf201ad045c3d518c56897f52639e4ef44714851b45535b90b656c2e1df8,M11,730102,20,44,40,800,177,113.88626978915299
PRE_NMS_TOPN100,277ecf201ad045c3d518c56897f52639e4ef44714851b45535b90b656c2e1df8,M11,730102,20,45,40,800,173,114.2820272546044
PRE_NMS_TOPN100,277ecf201ad045c3d518c56897f52639e4ef44714851b45535b90b656c2e1df8,M11,730102,20,46,40,800,191,122.57820331183619
PRE_NMS_TOPN100,277ecf201ad045c3d518c56897f52639e4ef44714851b45535b90b656c2e1df8,M11,730102,20,47,40,800,186,100.24217151219023
PRE_NMS_TOPN100,277ecf201ad045c3d518c56897f52639e4ef44714851b45535b90b656c2e1df8,M11,730102,20,48,40,800,203,112.65743203990137
PRE_NMS_TOPN100,277ecf201ad045c3d518c56897f52639e4ef44714851b45535b90b656c2e1df8,M11,730102,20,49,40,800,183,104.110317180424
PRE_NMS_TOPN100,277ecf201ad045c3d518c56897f52639e4ef44714851b45535b90b656c2e1df8,M11,730102,30,0,40,1200,221,122.11906756202889
PRE_NMS_TOPN100,277ecf201ad045c3d518c56897f52639e4ef44714851b45535b90b656c2e1df8,M11,730102,30,1,40,1200,228,131.75080030581472
PRE_NMS_TOPN100,277ecf201ad045c3d518c56897f52639e4ef44714851b45535b90b656c2e1df8,M11,730102,30,2,40,1200,234,131.48071593236568
PRE_NMS_TOPN100,277ecf201ad045c3d518c56897f52639e4ef44714851b45535b90b656c2e1df8,M11,730102,30,3,40,1200,244,128.1429548494926
PRE_NMS_TOPN100,277ecf201ad045c3d518c56897f52639e4ef44714851b45535b90b656c2e1df8,M11,730102,30,4,40,1200,186,99.41043910631751
PRE_NMS_TOPN100,277ecf201ad045c3d518c56897f52639e4ef44714851b45535b90b656c2e1df8,M11,730102,30,5,40,1200,211,133.91663949573535
PRE_NMS_TOPN100,277ecf201ad045c3d518c56897f52639e4ef44714851b45535b90b656c2e1df8,M11,730102,30,6,40,1200,214,126.89462093847813
PRE_NMS_TOPN100,277ecf201ad045c3d518c56897f52639e4ef44714851b45535b90b656c2e1df8,M11,730102,30,7,40,1200,216,118.907134540089
PRE_NMS_TOPN100,277ecf201ad045c3d518c56897f52639e4ef44714851b45535b90b656c2e1df8,M11,730102,30,8,40,1200,225,126.91189759530413
PRE_NMS_TOPN100,277ecf201ad045c3d518c56897f52639e4ef44714851b45535b90b656c2e1df8,M11,730102,30,9,40,1200,205,113.5910172197893
PRE_NMS_TOPN100,277ecf201ad045c3d518c56897f52639e4ef44714851b45535b90b656c2e1df8,M11,730102,30,10,40,1200,202,111.08829508529627
PRE_NMS_TOPN100,277ecf201ad045c3d518c56897f52639e4ef44714851b45535b90b656c2e1df8,M11,730102,30,11,40,1200,201,116.09134528789917
PRE_NMS_TOPN100,277ecf201ad045c3d518c56897f52639e4ef44714851b45535b90b656c2e1df8,M11,730102,30,12,40,1200,212,122.10496702753176
PRE_NMS_TOPN100,277ecf201ad045c3d518c56897f52639e4ef44714851b45535b90b656c2e1df8,M11,730102,30,13,40,1200,221,135.21830622408612
PRE_NMS_TOPN100,277ecf201ad045c3d518c56897f52639e4ef44714851b45535b90b656c2e1df8,M11,730102,30,14,40,1200,229,134.44162122526038
PRE_NMS_TOPN100,277ecf201ad045c3d518c56897f52639e4ef44714851b45535b90b656c2e1df8,M11,730102,30,15,40,1200,212,119.01031457969636
PRE_NMS_TOPN100,277ecf201ad045c3d518c56897f52639e4ef44714851b45535b90b656c2e1df8,M11,730102,30,16,40,1200,205,118.60424733557664
PRE_NMS_TOPN100,277ecf201ad045c3d518c56897f52639e4ef44714851b45535b90b656c2e1df8,M11,730102,30,17,40,1200,199,119.4591485132387
PRE_NMS_TOPN100,277ecf201ad045c3d518c56897f52639e4ef44714851b45535b90b656c2e1df8,M11,730102,30,18,40,1200,224,132.64062188446778
PRE_NMS_TOPN100,277ecf201ad045c3d518c56897f52639e4ef44714851b45535b90b656c2e1df8,M11,730102,30,19,40,1200,219,132.65167278039755
PRE_NMS_TOPN100,277ecf201ad045c3d518c56897f52639e4ef44714851b45535b90b656c2e1df8,M11,730102,30,20,40,1200,224,121.31057326222968
PRE_NMS_TOPN100,277ecf201ad045c3d518c56897f52639e4ef44714851b45535b90b656c2e1df8,M11,730102,30,21,40,1200,209,107.62863142947009
PRE_NMS_TOPN100,277ecf201ad045c3d518c56897f52639e4ef44714851b45535b90b656c2e1df8,M11,730102,30,22,40,1200,228,133.30764866996154
PRE_NMS_TOPN100,277ecf201ad045c3d518c56897f52639e4ef44714851b45535b90b656c2e1df8,M11,730102,30,23,40,1200,205,117.79160746698577
PRE_NMS_TOPN100,277ecf201ad045c3d518c56897f52639e4ef44714851b45535b90b656c2e1df8,M11,730102,30,24,40,1200,204,116.87009135143923
PRE_NMS_TOPN100,277ecf201ad045c3d518c56897f52639e4ef44714851b45535b90b656c2e1df8,M11,730102,30,25,40,1200,206,111.18062791985344
PRE_NMS_TOPN100,277ecf201ad045c3d518c56897f52639e4ef44714851b45535b90b656c2e1df8,M11,730102,30,26,40,1200,212,115.28090468746565
PRE_NMS_TOPN100,277ecf201ad045c3d518c56897f52639e4ef44714851b45535b90b656c2e1df8,M11,730102,30,27,40,1200,226,122.93825502819793
PRE_NMS_TOPN100,277ecf201ad045c3d518c56897f52639e4ef44714851b45535b90b656c2e1df8,M11,730102,30,28,40,1200,230,141.86721102524498
PRE_NMS_TOPN100,277ecf201ad045c3d518c56897f52639e4ef44714851b45535b90b656c2e1df8,M11,730102,30,29,40,1200,206,127.17790235252326
PRE_NMS_TOPN100,277ecf201ad045c3d518c56897f52639e4ef44714851b45535b90b656c2e1df8,M11,730102,30,30,40,1200,212,115.14114287021704
PRE_NMS_TOPN100,277ecf201ad045c3d518c56897f52639e4ef44714851b45535b90b656c2e1df8,M11,730102,30,31,40,1200,199,128.81127638942283
PRE_NMS_TOPN100,277ecf201ad045c3d518c56897f52639e4ef44714851b45535b90b656c2e1df8,M11,730102,30,32,40,1200,208,121.76925675517654
PRE_NMS_TOPN100,277ecf201ad045c3d518c56897f52639e4ef44714851b45535b90b656c2e1df8,M11,730102,30,33,40,1200,198,104.874380032428
PRE_NMS_TOPN100,277ecf201ad045c3d518c56897f52639e4ef44714851b45535b90b656c2e1df8,M11,730102,30,34,40,1200,199,118.25842666345993
PRE_NMS_TOPN100,277ecf201ad045c3d518c56897f52639e4ef44714851b45535b90b656c2e1df8,M11,730102,30,35,40,1200,204,111.95915399215136
PRE_NMS_TOPN100,277ecf201ad045c3d518c56897f52639e4ef44714851b45535b90b656c2e1df8,M11,730102,30,36,40,1200,233,133.27242713419335
PRE_NMS_TOPN100,277ecf201ad045c3d518c56897f52639e4ef44714851b45535b90b656c2e1df8,M11,730102,30,37,40,1200,218,140.2076141764465
PRE_NMS_TOPN100,277ecf201ad045c3d518c56897f52639e4ef44714851b45535b90b656c2e1df8,M11,730102,30,38,40,1200,213,106.21736757368168
PRE_NMS_TOPN100,277ecf201ad045c3d518c56897f52639e4ef44714851b45535b90b656c2e1df8,M11,730102,30,39,40,1200,210,132.61440300898582
PRE_NMS_TOPN100,277ecf201ad045c3d518c56897f52639e4ef44714851b45535b90b656c2e1df8,M11,730102,30,40,40,1200,210,116.76174803975384
PRE_NMS_TOPN100,277ecf201ad045c3d518c56897f52639e4ef44714851b45535b90b656c2e1df8,M11,730102,30,41,40,1200,223,118.94023016797037
PRE_NMS_TOPN100,277ecf201ad045c3d518c56897f52639e4ef44714851b45535b90b656c2e1df8,M11,730102,30,42,40,1200,225,137.22415529995703
PRE_NMS_TOPN100,277ecf201ad045c3d518c56897f52639e4ef44714851b45535b90b656c2e1df8,M11,730102,30,43,40,1200,205,124.65208031539979
PRE_NMS_TOPN100,277ecf201ad045c3d518c56897f52639e4ef44714851b45535b90b656c2e1df8,M11,730102,30,44,40,1200,216,133.56940207653224
PRE_NMS_TOPN100,277ecf201ad045c3d518c56897f52639e4ef44714851b45535b90b656c2e1df8,M11,730102,30,45,40,1200,201,129.16654373029647
PRE_NMS_TOPN100,277ecf201ad045c3d518c56897f52639e4ef44714851b45535b90b656c2e1df8,M11,730102,30,46,40,1200,227,141.1057012345413
PRE_NMS_TOPN100,277ecf201ad045c3d518c56897f52639e4ef44714851b45535b90b656c2e1df8,M11,730102,30,47,40,1200,222,115.30180523236935
PRE_NMS_TOPN100,277ecf201ad045c3d518c56897f52639e4ef44714851b45535b90b656c2e1df8,M11,730102,30,48,40,1200,240,128.63838258628962
PRE_NMS_TOPN100,277ecf201ad045c3d518c56897f52639e4ef44714851b45535b90b656c2e1df8,M11,730102,30,49,40,1200,220,121.8919004453911
PRE_NMS_TOPN100,277ecf201ad045c3d518c56897f52639e4ef44714851b45535b90b656c2e1df8,M11,730102,40,0,40,1600,239,131.59587106370859
PRE_NMS_TOPN100,277ecf201ad045c3d518c56897f52639e4ef44714851b45535b90b656c2e1df8,M11,730102,40,1,40,1600,250,142.3180808304853
PRE_NMS_TOPN100,277ecf201ad045c3d518c56897f52639e4ef44714851b45535b90b656c2e1df8,M11,730102,40,2,40,1600,254,140.60219109684678
PRE_NMS_TOPN100,277ecf201ad045c3d518c56897f52639e4ef44714851b45535b90b656c2e1df8,M11,730102,40,3,40,1600,262,136.8417780432154
PRE_NMS_TOPN100,277ecf201ad045c3d518c56897f52639e4ef44714851b45535b90b656c2e1df8,M11,730102,40,4,40,1600,199,105.02279418811163
PRE_NMS_TOPN100,277ecf201ad045c3d518c56897f52639e4ef44714851b45535b90b656c2e1df8,M11,730102,40,5,40,1600,228,142.69230626247588
PRE_NMS_TOPN100,277ecf201ad045c3d518c56897f52639e4ef44714851b45535b90b656c2e1df8,M11,730102,40,6,40,1600,236,135.25516458775226
PRE_NMS_TOPN100,277ecf201ad045c3d518c56897f52639e4ef44714851b45535b90b656c2e1df8,M11,730102,40,7,40,1600,236,127.15798306333329
PRE_NMS_TOPN100,277ecf201ad045c3d518c56897f52639e4ef44714851b45535b90b656c2e1df8,M11,730102,40,8,40,1600,239,133.55193793961976
PRE_NMS_TOPN100,277ecf201ad045c3d518c56897f52639e4ef44714851b45535b90b656c2e1df8,M11,730102,40,9,40,1600,228,122.39043094424649
PRE_NMS_TOPN100,277ecf201ad045c3d518c56897f52639e4ef44714851b45535b90b656c2e1df8,M11,730102,40,10,40,1600,219,117.31695434602554
PRE_NMS_TOPN100,277ecf201ad045c3d518c56897f52639e4ef44714851b45535b90b656c2e1df8,M11,730102,40,11,40,1600,220,124.59360492789018
PRE_NMS_TOPN100,277ecf201ad045c3d518c56897f52639e4ef44714851b45535b90b656c2e1df8,M11,730102,40,12,40,1600,230,130.19705076730926
PRE_NMS_TOPN100,277ecf201ad045c3d518c56897f52639e4ef44714851b45535b90b656c2e1df8,M11,730102,40,13,40,1600,235,143.7558686329498
PRE_NMS_TOPN100,277ecf201ad045c3d518c56897f52639e4ef44714851b45535b90b656c2e1df8,M11,730102,40,14,40,1600,250,147.23260178343065
PRE_NMS_TOPN100,277ecf201ad045c3d518c56897f52639e4ef44714851b45535b90b656c2e1df8,M11,730102,40,15,40,1600,234,127.18677074578346
PRE_NMS_TOPN100,277ecf201ad045c3d518c56897f52639e4ef44714851b45535b90b656c2e1df8,M11,730102,40,16,40,1600,218,124.99994528674306
PRE_NMS_TOPN100,277ecf201ad045c3d518c56897f52639e4ef44714851b45535b90b656c2e1df8,M11,730102,40,17,40,1600,212,125.92258544212737
PRE_NMS_TOPN100,277ecf201ad045c3d518c56897f52639e4ef44714851b45535b90b656c2e1df8,M11,730102,40,18,40,1600,243,141.30077083406863
PRE_NMS_TOPN100,277ecf201ad045c3d518c56897f52639e4ef44714851b45535b90b656c2e1df8,M11,730102,40,19,40,1600,235,140.46282054013366
PRE_NMS_TOPN100,277ecf201ad045c3d518c56897f52639e4ef44714851b45535b90b656c2e1df8,M11,730102,40,20,40,1600,238,128.7194445336749
PRE_NMS_TOPN100,277ecf201ad045c3d518c56897f52639e4ef44714851b45535b90b656c2e1df8,M11,730102,40,21,40,1600,228,115.15967389748991
PRE_NMS_TOPN100,277ecf201ad045c3d518c56897f52639e4ef44714851b45535b90b656c2e1df8,M11,730102,40,22,40,1600,247,142.3900342461581
PRE_NMS_TOPN100,277ecf201ad045c3d518c56897f52639e4ef44714851b45535b90b656c2e1df8,M11,730102,40,23,40,1600,220,125.91030472450304
PRE_NMS_TOPN100,277ecf201ad045c3d518c56897f52639e4ef44714851b45535b90b656c2e1df8,M11,730102,40,24,40,1600,220,124.52995839546861
PRE_NMS_TOPN100,277ecf201ad045c3d518c56897f52639e4ef44714851b45535b90b656c2e1df8,M11,730102,40,25,40,1600,226,119.44145651225014
PRE_NMS_TOPN100,277ecf201ad045c3d518c56897f52639e4ef44714851b45535b90b656c2e1df8,M11,730102,40,26,40,1600,225,123.66431982059952
PRE_NMS_TOPN100,277ecf201ad045c3d518c56897f52639e4ef44714851b45535b90b656c2e1df8,M11,730102,40,27,40,1600,244,131.90761878864717
PRE_NMS_TOPN100,277ecf201ad045c3d518c56897f52639e4ef44714851b45535b90b656c2e1df8,M11,730102,40,28,40,1600,256,155.91741345902534
PRE_NMS_TOPN100,277ecf201ad045c3d518c56897f52639e4ef44714851b45535b90b656c2e1df8,M11,730102,40,29,40,1600,225,136.54076377906685
PRE_NMS_TOPN100,277ecf201ad045c3d518c56897f52639e4ef44714851b45535b90b656c2e1df8,M11,730102,40,30,40,1600,232,123.35913984044919
PRE_NMS_TOPN100,277ecf201ad045c3d518c56897f52639e4ef44714851b45535b90b656c2e1df8,M11,730102,40,31,40,1600,207,132.8593969483329
PRE_NMS_TOPN100,277ecf201ad045c3d518c56897f52639e4ef44714851b45535b90b656c2e1df8,M11,730102,40,32,40,1600,222,130.8736383413759
PRE_NMS_TOPN100,277ecf201ad045c3d518c56897f52639e4ef44714851b45535b90b656c2e1df8,M11,730102,40,33,40,1600,213,111.43753201819409
PRE_NMS_TOPN100,277ecf201ad045c3d518c56897f52639e4ef44714851b45535b90b656c2e1df8,M11,730102,40,34,40,1600,213,124.74806176592578
PRE_NMS_TOPN100,277ecf201ad045c3d518c56897f52639e4ef44714851b45535b90b656c2e1df8,M11,730102,40,35,40,1600,220,120.5121038171147
PRE_NMS_TOPN100,277ecf201ad045c3d518c56897f52639e4ef44714851b45535b90b656c2e1df8,M11,730102,40,36,40,1600,247,140.56162321045628
PRE_NMS_TOPN100,277ecf201ad045c3d518c56897f52639e4ef44714851b45535b90b656c2e1df8,M11,730102,40,37,40,1600,231,146.28790406702396
PRE_NMS_TOPN100,277ecf201ad045c3d518c56897f52639e4ef44714851b45535b90b656c2e1df8,M11,730102,40,38,40,1600,229,113.52985047796692
PRE_NMS_TOPN100,277ecf201ad045c3d518c56897f52639e4ef44714851b45535b90b656c2e1df8,M11,730102,40,39,40,1600,241,145.40912560103612
PRE_NMS_TOPN100,277ecf201ad045c3d518c56897f52639e4ef44714851b45535b90b656c2e1df8,M11,730102,40,40,40,1600,223,122.15092605007638
PRE_NMS_TOPN100,277ecf201ad045c3d518c56897f52639e4ef44714851b45535b90b656c2e1df8,M11,730102,40,41,40,1600,235,125.75525340017758
PRE_NMS_TOPN100,277ecf201ad045c3d518c56897f52639e4ef44714851b45535b90b656c2e1df8,M11,730102,40,42,40,1600,242,145.19069636791062
PRE_NMS_TOPN100,277ecf201ad045c3d518c56897f52639e4ef44714851b45535b90b656c2e1df8,M11,730102,40,43,40,1600,226,133.23538569198294
PRE_NMS_TOPN100,277ecf201ad045c3d518c56897f52639e4ef44714851b45535b90b656c2e1df8,M11,730102,40,44,40,1600,234,140.8610493686557
PRE_NMS_TOPN100,277ecf201ad045c3d518c56897f52639e4ef44714851b45535b90b656c2e1df8,M11,730102,40,45,40,1600,218,137.6950015438647
PRE_NMS_TOPN100,277ecf201ad045c3d518c56897f52639e4ef44714851b45535b90b656c2e1df8,M11,730102,40,46,40,1600,250,149.28257274479097
PRE_NMS_TOPN100,277ecf201ad045c3d518c56897f52639e4ef44714851b45535b90b656c2e1df8,M11,730102,40,47,40,1600,241,125.93835569123392
PRE_NMS_TOPN100,277ecf201ad045c3d518c56897f52639e4ef44714851b45535b90b656c2e1df8,M11,730102,40,48,40,1600,248,134.46060798068544
PRE_NMS_TOPN100,277ecf201ad045c3d518c56897f52639e4ef44714851b45535b90b656c2e1df8,M11,730102,40,49,40,1600,243,131.0266823687421
PRE_NMS_TOPN100,277ecf201ad045c3d518c56897f52639e4ef44714851b45535b90b656c2e1df8,M11,730103,10,0,40,400,132,80.44945775347185
PRE_NMS_TOPN100,277ecf201ad045c3d518c56897f52639e4ef44714851b45535b90b656c2e1df8,M11,730103,10,1,40,400,134,83.18766231538248
PRE_NMS_TOPN100,277ecf201ad045c3d518c56897f52639e4ef44714851b45535b90b656c2e1df8,M11,730103,10,2,40,400,131,76.34232438067032
PRE_NMS_TOPN100,277ecf201ad045c3d518c56897f52639e4ef44714851b45535b90b656c2e1df8,M11,730103,10,3,40,400,148,80.59955792412745
PRE_NMS_TOPN100,277ecf201ad045c3d518c56897f52639e4ef44714851b45535b90b656c2e1df8,M11,730103,10,4,40,400,110,62.74765404539908
PRE_NMS_TOPN100,277ecf201ad045c3d518c56897f52639e4ef44714851b45535b90b656c2e1df8,M11,730103,10,5,40,400,116,77.45352280643763
PRE_NMS_TOPN100,277ecf201ad045c3d518c56897f52639e4ef44714851b45535b90b656c2e1df8,M11,730103,10,6,40,400,115,67.87851505714215
PRE_NMS_TOPN100,277ecf201ad045c3d518c56897f52639e4ef44714851b45535b90b656c2e1df8,M11,730103,10,7,40,400,131,70.90410528764953
PRE_NMS_TOPN100,277ecf201ad045c3d518c56897f52639e4ef44714851b45535b90b656c2e1df8,M11,730103,10,8,40,400,127,73.28510408088617
PRE_NMS_TOPN100,277ecf201ad045c3d518c56897f52639e4ef44714851b45535b90b656c2e1df8,M11,730103,10,9,40,400,116,69.21975165068194
PRE_NMS_TOPN100,277ecf201ad045c3d518c56897f52639e4ef44714851b45535b90b656c2e1df8,M11,730103,10,10,40,400,117,68.80737310058873
PRE_NMS_TOPN100,277ecf201ad045c3d518c56897f52639e4ef44714851b45535b90b656c2e1df8,M11,730103,10,11,40,400,119,71.15796762025678
PRE_NMS_TOPN100,277ecf201ad045c3d518c56897f52639e4ef44714851b45535b90b656c2e1df8,M11,730103,10,12,40,400,123,74.32854338172113
PRE_NMS_TOPN100,277ecf201ad045c3d518c56897f52639e4ef44714851b45535b90b656c2e1df8,M11,730103,10,13,40,400,127,83.55312128912209
PRE_NMS_TOPN100,277ecf201ad045c3d518c56897f52639e4ef44714851b45535b90b656c2e1df8,M11,730103,10,14,40,400,127,76.44788676697931
PRE_NMS_TOPN100,277ecf201ad045c3d518c56897f52639e4ef44714851b45535b90b656c2e1df8,M11,730103,10,15,40,400,137,80.86276105406543
PRE_NMS_TOPN100,277ecf201ad045c3d518c56897f52639e4ef44714851b45535b90b656c2e1df8,M11,730103,10,16,40,400,122,74.31633208795033
PRE_NMS_TOPN100,277ecf201ad045c3d518c56897f52639e4ef44714851b45535b90b656c2e1df8,M11,730103,10,17,40,400,114,74.77741816437832
PRE_NMS_TOPN100,277ecf201ad045c3d518c56897f52639e4ef44714851b45535b90b656c2e1df8,M11,730103,10,18,40,400,125,78.297914916094
PRE_NMS_TOPN100,277ecf201ad045c3d518c56897f52639e4ef44714851b45535b90b656c2e1df8,M11,730103,10,19,40,400,129,82.04833168977981
PRE_NMS_TOPN100,277ecf201ad045c3d518c56897f52639e4ef44714851b45535b90b656c2e1df8,M11,730103,10,20,40,400,139,80.00599087245654
PRE_NMS_TOPN100,277ecf201ad045c3d518c56897f52639e4ef44714851b45535b90b656c2e1df8,M11,730103,10,21,40,400,107,61.78295589626736
PRE_NMS_TOPN100,277ecf201ad045c3d518c56897f52639e4ef44714851b45535b90b656c2e1df8,M11,730103,10,22,40,400,129,82.06220436020087
PRE_NMS_TOPN100,277ecf201ad045c3d518c56897f52639e4ef44714851b45535b90b656c2e1df8,M11,730103,10,23,40,400,116,70.63310459122873
PRE_NMS_TOPN100,277ecf201ad045c3d518c56897f52639e4ef44714851b45535b90b656c2e1df8,M11,730103,10,24,40,400,113,66.84849672456245
PRE_NMS_TOPN100,277ecf201ad045c3d518c56897f52639e4ef44714851b45535b90b656c2e1df8,M11,730103,10,25,40,400,111,65.7322368721569
PRE_NMS_TOPN100,277ecf201ad045c3d518c56897f52639e4ef44714851b45535b90b656c2e1df8,M11,730103,10,26,40,400,128,74.08847257599986
PRE_NMS_TOPN100,277ecf201ad045c3d518c56897f52639e4ef44714851b45535b90b656c2e1df8,M11,730103,10,27,40,400,125,71.59346228377359
PRE_NMS_TOPN100,277ecf201ad045c3d518c56897f52639e4ef44714851b45535b90b656c2e1df8,M11,730103,10,28,40,400,136,83.91112083342334
PRE_NMS_TOPN100,277ecf201ad045c3d518c56897f52639e4ef44714851b45535b90b656c2e1df8,M11,730103,10,29,40,400,118,83.1653365958638
PRE_NMS_TOPN100,277ecf201ad045c3d518c56897f52639e4ef44714851b45535b90b656c2e1df8,M11,730103,10,30,40,400,120,69.09811394407222
PRE_NMS_TOPN100,277ecf201ad045c3d518c56897f52639e4ef44714851b45535b90b656c2e1df8,M11,730103,10,31,40,400,128,86.14784663822581
PRE_NMS_TOPN100,277ecf201ad045c3d518c56897f52639e4ef44714851b45535b90b656c2e1df8,M11,730103,10,32,40,400,115,79.10440182936453
PRE_NMS_TOPN100,277ecf201ad045c3d518c56897f52639e4ef44714851b45535b90b656c2e1df8,M11,730103,10,33,40,400,113,65.46843925592907
PRE_NMS_TOPN100,277ecf201ad045c3d518c56897f52639e4ef44714851b45535b90b656c2e1df8,M11,730103,10,34,40,400,118,73.07720470724053
PRE_NMS_TOPN100,277ecf201ad045c3d518c56897f52639e4ef44714851b45535b90b656c2e1df8,M11,730103,10,35,40,400,121,70.42248922494859
PRE_NMS_TOPN100,277ecf201ad045c3d518c56897f52639e4ef44714851b45535b90b656c2e1df8,M11,730103,10,36,40,400,139,87.66596763475967
PRE_NMS_TOPN100,277ecf201ad045c3d518c56897f52639e4ef44714851b45535b90b656c2e1df8,M11,730103,10,37,40,400,124,85.01925734624713
PRE_NMS_TOPN100,277ecf201ad045c3d518c56897f52639e4ef44714851b45535b90b656c2e1df8,M11,730103,10,38,40,400,121,66.4780048989233
PRE_NMS_TOPN100,277ecf201ad045c3d518c56897f52639e4ef44714851b45535b90b656c2e1df8,M11,730103,10,39,40,400,121,75.52269748671164
PRE_NMS_TOPN100,277ecf201ad045c3d518c56897f52639e4ef44714851b45535b90b656c2e1df8,M11,730103,10,40,40,400,115,68.40045052982218
PRE_NMS_TOPN100,277ecf201ad045c3d518c56897f52639e4ef44714851b45535b90b656c2e1df8,M11,730103,10,41,40,400,133,80.37247588744168
PRE_NMS_TOPN100,277ecf201ad045c3d518c56897f52639e4ef44714851b45535b90b656c2e1df8,M11,730103,10,42,40,400,123,75.7050054474461
PRE_NMS_TOPN100,277ecf201ad045c3d518c56897f52639e4ef44714851b45535b90b656c2e1df8,M11,730103,10,43,40,400,117,79.46271487238855
PRE_NMS_TOPN100,277ecf201ad045c3d518c56897f52639e4ef44714851b45535b90b656c2e1df8,M11,730103,10,44,40,400,123,78.24709431094317
PRE_NMS_TOPN100,277ecf201ad045c3d518c56897f52639e4ef44714851b45535b90b656c2e1df8,M11,730103,10,45,40,400,114,78.68767448472528
PRE_NMS_TOPN100,277ecf201ad045c3d518c56897f52639e4ef44714851b45535b90b656c2e1df8,M11,730103,10,46,40,400,121,79.88842481967335
PRE_NMS_TOPN100,277ecf201ad045c3d518c56897f52639e4ef44714851b45535b90b656c2e1df8,M11,730103,10,47,40,400,128,72.88009145275069
PRE_NMS_TOPN100,277ecf201ad045c3d518c56897f52639e4ef44714851b45535b90b656c2e1df8,M11,730103,10,48,40,400,131,75.97759424981605
PRE_NMS_TOPN100,277ecf201ad045c3d518c56897f52639e4ef44714851b45535b90b656c2e1df8,M11,730103,10,49,40,400,126,71.16087502939472
PRE_NMS_TOPN100,277ecf201ad045c3d518c56897f52639e4ef44714851b45535b90b656c2e1df8,M11,730103,15,0,40,600,165,96.52421503098105
PRE_NMS_TOPN100,277ecf201ad045c3d518c56897f52639e4ef44714851b45535b90b656c2e1df8,M11,730103,15,1,40,600,160,100.36782390228788
PRE_NMS_TOPN100,277ecf201ad045c3d518c56897f52639e4ef44714851b45535b90b656c2e1df8,M11,730103,15,2,40,600,168,98.26887276498486
PRE_NMS_TOPN100,277ecf201ad045c3d518c56897f52639e4ef44714851b45535b90b656c2e1df8,M11,730103,15,3,40,600,178,96.14778685954137
PRE_NMS_TOPN100,277ecf201ad045c3d518c56897f52639e4ef44714851b45535b90b656c2e1df8,M11,730103,15,4,40,600,140,78.08148079512102
PRE_NMS_TOPN100,277ecf201ad045c3d518c56897f52639e4ef44714851b45535b90b656c2e1df8,M11,730103,15,5,40,600,148,101.20558269015001
PRE_NMS_TOPN100,277ecf201ad045c3d518c56897f52639e4ef44714851b45535b90b656c2e1df8,M11,730103,15,6,40,600,141,90.42668539627546
PRE_NMS_TOPN100,277ecf201ad045c3d518c56897f52639e4ef44714851b45535b90b656c2e1df8,M11,730103,15,7,40,600,160,92.65660725425438
PRE_NMS_TOPN100,277ecf201ad045c3d518c56897f52639e4ef44714851b45535b90b656c2e1df8,M11,730103,15,8,40,600,159,92.09769536167529
PRE_NMS_TOPN100,277ecf201ad045c3d518c56897f52639e4ef44714851b45535b90b656c2e1df8,M11,730103,15,9,40,600,150,87.52287125495964
PRE_NMS_TOPN100,277ecf201ad045c3d518c56897f52639e4ef44714851b45535b90b656c2e1df8,M11,730103,15,10,40,600,141,82.85656964033365
PRE_NMS_TOPN100,277ecf201ad045c3d518c56897f52639e4ef44714851b45535b90b656c2e1df8,M11,730103,15,11,40,600,147,84.86689352938689
PRE_NMS_TOPN100,277ecf201ad045c3d518c56897f52639e4ef44714851b45535b90b656c2e1df8,M11,730103,15,12,40,600,148,90.92903522569837
PRE_NMS_TOPN100,277ecf201ad045c3d518c56897f52639e4ef44714851b45535b90b656c2e1df8,M11,730103,15,13,40,600,158,102.41950945335887
PRE_NMS_TOPN100,277ecf201ad045c3d518c56897f52639e4ef44714851b45535b90b656c2e1df8,M11,730103,15,14,40,600,159,95.17831669886709
PRE_NMS_TOPN100,277ecf201ad045c3d518c56897f52639e4ef44714851b45535b90b656c2e1df8,M11,730103,15,15,40,600,160,93.12213956912602
PRE_NMS_TOPN100,277ecf201ad045c3d518c56897f52639e4ef44714851b45535b90b656c2e1df8,M11,730103,15,16,40,600,152,90.72936497349124
PRE_NMS_TOPN100,277ecf201ad045c3d518c56897f52639e4ef44714851b45535b90b656c2e1df8,M11,730103,15,17,40,600,148,95.4871201019699
PRE_NMS_TOPN100,277ecf201ad045c3d518c56897f52639e4ef44714851b45535b90b656c2e1df8,M11,730103,15,18,40,600,152,96.13775806844016
PRE_NMS_TOPN100,277ecf201ad045c3d518c56897f52639e4ef44714851b45535b90b656c2e1df8,M11,730103,15,19,40,600,164,105.16678225256173
PRE_NMS_TOPN100,277ecf201ad045c3d518c56897f52639e4ef44714851b45535b90b656c2e1df8,M11,730103,15,20,40,600,166,94.30322705369889
PRE_NMS_TOPN100,277ecf201ad045c3d518c56897f52639e4ef44714851b45535b90b656c2e1df8,M11,730103,15,21,40,600,149,82.01524393473241
PRE_NMS_TOPN100,277ecf201ad045c3d518c56897f52639e4ef44714851b45535b90b656c2e1df8,M11,730103,15,22,40,600,168,100.54303905579775
PRE_NMS_TOPN100,277ecf201ad045c3d518c56897f52639e4ef44714851b45535b90b656c2e1df8,M11,730103,15,23,40,600,151,89.36053754291494
PRE_NMS_TOPN100,277ecf201ad045c3d518c56897f52639e4ef44714851b45535b90b656c2e1df8,M11,730103,15,24,40,600,146,85.26472377923413
PRE_NMS_TOPN100,277ecf201ad045c3d518c56897f52639e4ef44714851b45535b90b656c2e1df8,M11,730103,15,25,40,600,146,82.41826154028477
PRE_NMS_TOPN100,277ecf201ad045c3d518c56897f52639e4ef44714851b45535b90b656c2e1df8,M11,730103,15,26,40,600,154,92.01196324818729
PRE_NMS_TOPN100,277ecf201ad045c3d518c56897f52639e4ef44714851b45535b90b656c2e1df8,M11,730103,15,27,40,600,158,92.43176880613258
PRE_NMS_TOPN100,277ecf201ad045c3d518c56897f52639e4ef44714851b45535b90b656c2e1df8,M11,730103,15,28,40,600,164,104.66393538074657
PRE_NMS_TOPN100,277ecf201ad045c3d518c56897f52639e4ef44714851b45535b90b656c2e1df8,M11,730103,15,29,40,600,148,100.99215791332416
PRE_NMS_TOPN100,277ecf201ad045c3d518c56897f52639e4ef44714851b45535b90b656c2e1df8,M11,730103,15,30,40,600,155,86.55722042485289
PRE_NMS_TOPN100,277ecf201ad045c3d518c56897f52639e4ef44714851b45535b90b656c2e1df8,M11,730103,15,31,40,600,157,102.79847896641736
PRE_NMS_TOPN100,277ecf201ad045c3d518c56897f52639e4ef44714851b45535b90b656c2e1df8,M11,730103,15,32,40,600,152,95.54234207046314
PRE_NMS_TOPN100,277ecf201ad045c3d518c56897f52639e4ef44714851b45535b90b656c2e1df8,M11,730103,15,33,40,600,144,80.99425683717764
PRE_NMS_TOPN100,277ecf201ad045c3d518c56897f52639e4ef44714851b45535b90b656c2e1df8,M11,730103,15,34,40,600,141,87.72333583748866
PRE_NMS_TOPN100,277ecf201ad045c3d518c56897f52639e4ef44714851b45535b90b656c2e1df8,M11,730103,15,35,40,600,154,88.15208755050688
PRE_NMS_TOPN100,277ecf201ad045c3d518c56897f52639e4ef44714851b45535b90b656c2e1df8,M11,730103,15,36,40,600,172,104.29769444063064
PRE_NMS_TOPN100,277ecf201ad045c3d518c56897f52639e4ef44714851b45535b90b656c2e1df8,M11,730103,15,37,40,600,161,111.07499217327396
PRE_NMS_TOPN100,277ecf201ad045c3d518c56897f52639e4ef44714851b45535b90b656c2e1df8,M11,730103,15,38,40,600,155,80.61881779428563
PRE_NMS_TOPN100,277ecf201ad045c3d518c56897f52639e4ef44714851b45535b90b656c2e1df8,M11,730103,15,39,40,600,153,98.19623922837552
PRE_NMS_TOPN100,277ecf201ad045c3d518c56897f52639e4ef44714851b45535b90b656c2e1df8,M11,730103,15,40,40,600,144,86.35909340349367
PRE_NMS_TOPN100,277ecf201ad045c3d518c56897f52639e4ef44714851b45535b90b656c2e1df8,M11,730103,15,41,40,600,163,95.51593626958936
PRE_NMS_TOPN100,277ecf201ad045c3d518c56897f52639e4ef44714851b45535b90b656c2e1df8,M11,730103,15,42,40,600,156,103.14681185071956
PRE_NMS_TOPN100,277ecf201ad045c3d518c56897f52639e4ef44714851b45535b90b656c2e1df8,M11,730103,15,43,40,600,150,96.04029438339121
PRE_NMS_TOPN100,277ecf201ad045c3d518c56897f52639e4ef44714851b45535b90b656c2e1df8,M11,730103,15,44,40,600,158,101.29772026135616
PRE_NMS_TOPN100,277ecf201ad045c3d518c56897f52639e4ef44714851b45535b90b656c2e1df8,M11,730103,15,45,40,600,143,99.7323701261629
PRE_NMS_TOPN100,277ecf201ad045c3d518c56897f52639e4ef44714851b45535b90b656c2e1df8,M11,730103,15,46,40,600,159,103.63026449578106
PRE_NMS_TOPN100,277ecf201ad045c3d518c56897f52639e4ef44714851b45535b90b656c2e1df8,M11,730103,15,47,40,600,160,86.47387010337187
PRE_NMS_TOPN100,277ecf201ad045c3d518c56897f52639e4ef44714851b45535b90b656c2e1df8,M11,730103,15,48,40,600,173,96.27508441549615
PRE_NMS_TOPN100,277ecf201ad045c3d518c56897f52639e4ef44714851b45535b90b656c2e1df8,M11,730103,15,49,40,600,157,89.93054511695564
PRE_NMS_TOPN100,277ecf201ad045c3d518c56897f52639e4ef44714851b45535b90b656c2e1df8,M11,730103,20,0,40,800,191,107.81333748257407
PRE_NMS_TOPN100,277ecf201ad045c3d518c56897f52639e4ef44714851b45535b90b656c2e1df8,M11,730103,20,1,40,800,189,113.96339828615476
PRE_NMS_TOPN100,277ecf201ad045c3d518c56897f52639e4ef44714851b45535b90b656c2e1df8,M11,730103,20,2,40,800,197,111.96740326079998
PRE_NMS_TOPN100,277ecf201ad045c3d518c56897f52639e4ef44714851b45535b90b656c2e1df8,M11,730103,20,3,40,800,207,111.19702516640552
PRE_NMS_TOPN100,277ecf201ad045c3d518c56897f52639e4ef44714851b45535b90b656c2e1df8,M11,730103,20,4,40,800,161,88.12797003415946
PRE_NMS_TOPN100,277ecf201ad045c3d518c56897f52639e4ef44714851b45535b90b656c2e1df8,M11,730103,20,5,40,800,172,114.3190400325067
PRE_NMS_TOPN100,277ecf201ad045c3d518c56897f52639e4ef44714851b45535b90b656c2e1df8,M11,730103,20,6,40,800,172,105.46382212764256
PRE_NMS_TOPN100,277ecf201ad045c3d518c56897f52639e4ef44714851b45535b90b656c2e1df8,M11,730103,20,7,40,800,183,102.67440231832327
PRE_NMS_TOPN100,277ecf201ad045c3d518c56897f52639e4ef44714851b45535b90b656c2e1df8,M11,730103,20,8,40,800,185,106.34021440008121
PRE_NMS_TOPN100,277ecf201ad045c3d518c56897f52639e4ef44714851b45535b90b656c2e1df8,M11,730103,20,9,40,800,171,98.37927209557832
PRE_NMS_TOPN100,277ecf201ad045c3d518c56897f52639e4ef44714851b45535b90b656c2e1df8,M11,730103,20,10,40,800,169,94.96853989374604
PRE_NMS_TOPN100,277ecf201ad045c3d518c56897f52639e4ef44714851b45535b90b656c2e1df8,M11,730103,20,11,40,800,169,96.67663206090171
PRE_NMS_TOPN100,277ecf201ad045c3d518c56897f52639e4ef44714851b45535b90b656c2e1df8,M11,730103,20,12,40,800,179,106.59116538713356
PRE_NMS_TOPN100,277ecf201ad045c3d518c56897f52639e4ef44714851b45535b90b656c2e1df8,M11,730103,20,13,40,800,185,117.02978811397631
PRE_NMS_TOPN100,277ecf201ad045c3d518c56897f52639e4ef44714851b45535b90b656c2e1df8,M11,730103,20,14,40,800,188,112.69712445243493
PRE_NMS_TOPN100,277ecf201ad045c3d518c56897f52639e4ef44714851b45535b90b656c2e1df8,M11,730103,20,15,40,800,182,105.02826646780082
PRE_NMS_TOPN100,277ecf201ad045c3d518c56897f52639e4ef44714851b45535b90b656c2e1df8,M11,730103,20,16,40,800,170,103.17481812148803
PRE_NMS_TOPN100,277ecf201ad045c3d518c56897f52639e4ef44714851b45535b90b656c2e1df8,M11,730103,20,17,40,800,170,106.76414097806585
PRE_NMS_TOPN100,277ecf201ad045c3d518c56897f52639e4ef44714851b45535b90b656c2e1df8,M11,730103,20,18,40,800,183,112.56959463086186
PRE_NMS_TOPN100,277ecf201ad045c3d518c56897f52639e4ef44714851b45535b90b656c2e1df8,M11,730103,20,19,40,800,190,118.78019526838881
PRE_NMS_TOPN100,277ecf201ad045c3d518c56897f52639e4ef44714851b45535b90b656c2e1df8,M11,730103,20,20,40,800,188,106.25468157593059
PRE_NMS_TOPN100,277ecf201ad045c3d518c56897f52639e4ef44714851b45535b90b656c2e1df8,M11,730103,20,21,40,800,170,91.60373364860808
PRE_NMS_TOPN100,277ecf201ad045c3d518c56897f52639e4ef44714851b45535b90b656c2e1df8,M11,730103,20,22,40,800,191,114.94141153211555
PRE_NMS_TOPN100,277ecf201ad045c3d518c56897f52639e4ef44714851b45535b90b656c2e1df8,M11,730103,20,23,40,800,172,101.65068695375788
PRE_NMS_TOPN100,277ecf201ad045c3d518c56897f52639e4ef44714851b45535b90b656c2e1df8,M11,730103,20,24,40,800,171,100.00853409466175
PRE_NMS_TOPN100,277ecf201ad045c3d518c56897f52639e4ef44714851b45535b90b656c2e1df8,M11,730103,20,25,40,800,171,94.54807042565734
PRE_NMS_TOPN100,277ecf201ad045c3d518c56897f52639e4ef44714851b45535b90b656c2e1df8,M11,730103,20,26,40,800,178,102.82358616600709
PRE_NMS_TOPN100,277ecf201ad045c3d518c56897f52639e4ef44714851b45535b90b656c2e1df8,M11,730103,20,27,40,800,188,106.9439977229398
PRE_NMS_TOPN100,277ecf201ad045c3d518c56897f52639e4ef44714851b45535b90b656c2e1df8,M11,730103,20,28,40,800,191,119.45635522391673
PRE_NMS_TOPN100,277ecf201ad045c3d518c56897f52639e4ef44714851b45535b90b656c2e1df8,M11,730103,20,29,40,800,174,113.04706952631335
PRE_NMS_TOPN100,277ecf201ad045c3d518c56897f52639e4ef44714851b45535b90b656c2e1df8,M11,730103,20,30,40,800,179,97.48805840816057
PRE_NMS_TOPN100,277ecf201ad045c3d518c56897f52639e4ef44714851b45535b90b656c2e1df8,M11,730103,20,31,40,800,178,118.19621702533483
PRE_NMS_TOPN100,277ecf201ad045c3d518c56897f52639e4ef44714851b45535b90b656c2e1df8,M11,730103,20,32,40,800,179,109.37181864863246
PRE_NMS_TOPN100,277ecf201ad045c3d518c56897f52639e4ef44714851b45535b90b656c2e1df8,M11,730103,20,33,40,800,168,90.37333636814603
PRE_NMS_TOPN100,277ecf201ad045c3d518c56897f52639e4ef44714851b45535b90b656c2e1df8,M11,730103,20,34,40,800,162,101.15211166937067
PRE_NMS_TOPN100,277ecf201ad045c3d518c56897f52639e4ef44714851b45535b90b656c2e1df8,M11,730103,20,35,40,800,177,99.7088392232714
PRE_NMS_TOPN100,277ecf201ad045c3d518c56897f52639e4ef44714851b45535b90b656c2e1df8,M11,730103,20,36,40,800,200,114.73070219322956
PRE_NMS_TOPN100,277ecf201ad045c3d518c56897f52639e4ef44714851b45535b90b656c2e1df8,M11,730103,20,37,40,800,192,126.23554613370335
PRE_NMS_TOPN100,277ecf201ad045c3d518c56897f52639e4ef44714851b45535b90b656c2e1df8,M11,730103,20,38,40,800,180,90.88386659705866
PRE_NMS_TOPN100,277ecf201ad045c3d518c56897f52639e4ef44714851b45535b90b656c2e1df8,M11,730103,20,39,40,800,176,111.4899972345074
PRE_NMS_TOPN100,277ecf201ad045c3d518c56897f52639e4ef44714851b45535b90b656c2e1df8,M11,730103,20,40,40,800,175,101.50929279972294
PRE_NMS_TOPN100,277ecf201ad045c3d518c56897f52639e4ef44714851b45535b90b656c2e1df8,M11,730103,20,41,40,800,188,106.3096349208023
PRE_NMS_TOPN100,277ecf201ad045c3d518c56897f52639e4ef44714851b45535b90b656c2e1df8,M11,730103,20,42,40,800,187,118.03141789747528
PRE_NMS_TOPN100,277ecf201ad045c3d518c56897f52639e4ef44714851b45535b90b656c2e1df8,M11,730103,20,43,40,800,168,105.17531644519444
PRE_NMS_TOPN100,277ecf201ad045c3d518c56897f52639e4ef44714851b45535b90b656c2e1df8,M11,730103,20,44,40,800,177,113.81853081143073
PRE_NMS_TOPN100,277ecf201ad045c3d518c56897f52639e4ef44714851b45535b90b656c2e1df8,M11,730103,20,45,40,800,173,114.2820272546044
PRE_NMS_TOPN100,277ecf201ad045c3d518c56897f52639e4ef44714851b45535b90b656c2e1df8,M11,730103,20,46,40,800,191,122.57820331183619
PRE_NMS_TOPN100,277ecf201ad045c3d518c56897f52639e4ef44714851b45535b90b656c2e1df8,M11,730103,20,47,40,800,186,99.25561170965118
PRE_NMS_TOPN100,277ecf201ad045c3d518c56897f52639e4ef44714851b45535b90b656c2e1df8,M11,730103,20,48,40,800,200,113.57251083083813
PRE_NMS_TOPN100,277ecf201ad045c3d518c56897f52639e4ef44714851b45535b90b656c2e1df8,M11,730103,20,49,40,800,182,103.55842528949361
PRE_NMS_TOPN100,277ecf201ad045c3d518c56897f52639e4ef44714851b45535b90b656c2e1df8,M11,730103,30,0,40,1200,222,123.47052042675637
PRE_NMS_TOPN100,277ecf201ad045c3d518c56897f52639e4ef44714851b45535b90b656c2e1df8,M11,730103,30,1,40,1200,226,132.15723417214818
PRE_NMS_TOPN100,277ecf201ad045c3d518c56897f52639e4ef44714851b45535b90b656c2e1df8,M11,730103,30,2,40,1200,236,132.29358366503266
PRE_NMS_TOPN100,277ecf201ad045c3d518c56897f52639e4ef44714851b45535b90b656c2e1df8,M11,730103,30,3,40,1200,244,128.329538334072
PRE_NMS_TOPN100,277ecf201ad045c3d518c56897f52639e4ef44714851b45535b90b656c2e1df8,M11,730103,30,4,40,1200,187,99.88461195037326
PRE_NMS_TOPN100,277ecf201ad045c3d518c56897f52639e4ef44714851b45535b90b656c2e1df8,M11,730103,30,5,40,1200,212,135.03826190955633
PRE_NMS_TOPN100,277ecf201ad045c3d518c56897f52639e4ef44714851b45535b90b656c2e1df8,M11,730103,30,6,40,1200,212,126.75290494776124
PRE_NMS_TOPN100,277ecf201ad045c3d518c56897f52639e4ef44714851b45535b90b656c2e1df8,M11,730103,30,7,40,1200,216,118.907134540089
PRE_NMS_TOPN100,277ecf201ad045c3d518c56897f52639e4ef44714851b45535b90b656c2e1df8,M11,730103,30,8,40,1200,222,126.70202728270245
PRE_NMS_TOPN100,277ecf201ad045c3d518c56897f52639e4ef44714851b45535b90b656c2e1df8,M11,730103,30,9,40,1200,206,114.53603621818327
PRE_NMS_TOPN100,277ecf201ad045c3d518c56897f52639e4ef44714851b45535b90b656c2e1df8,M11,730103,30,10,40,1200,202,111.22377304074075
PRE_NMS_TOPN100,277ecf201ad045c3d518c56897f52639e4ef44714851b45535b90b656c2e1df8,M11,730103,30,11,40,1200,201,115.68158473184822
PRE_NMS_TOPN100,277ecf201ad045c3d518c56897f52639e4ef44714851b45535b90b656c2e1df8,M11,730103,30,12,40,1200,210,122.22713822410637
PRE_NMS_TOPN100,277ecf201ad045c3d518c56897f52639e4ef44714851b45535b90b656c2e1df8,M11,730103,30,13,40,1200,218,134.54091644686366
PRE_NMS_TOPN100,277ecf201ad045c3d518c56897f52639e4ef44714851b45535b90b656c2e1df8,M11,730103,30,14,40,1200,229,134.43496784582544
PRE_NMS_TOPN100,277ecf201ad045c3d518c56897f52639e4ef44714851b45535b90b656c2e1df8,M11,730103,30,15,40,1200,214,120.15855051125709
PRE_NMS_TOPN100,277ecf201ad045c3d518c56897f52639e4ef44714851b45535b90b656c2e1df8,M11,730103,30,16,40,1200,203,118.46876938013214
PRE_NMS_TOPN100,277ecf201ad045c3d518c56897f52639e4ef44714851b45535b90b656c2e1df8,M11,730103,30,17,40,1200,199,118.60515532058926
PRE_NMS_TOPN100,277ecf201ad045c3d518c56897f52639e4ef44714851b45535b90b656c2e1df8,M11,730103,30,18,40,1200,222,132.6506019536202
PRE_NMS_TOPN100,277ecf201ad045c3d518c56897f52639e4ef44714851b45535b90b656c2e1df8,M11,730103,30,19,40,1200,219,132.119741027772
PRE_NMS_TOPN100,277ecf201ad045c3d518c56897f52639e4ef44714851b45535b90b656c2e1df8,M11,730103,30,20,40,1200,225,121.64926815084092
PRE_NMS_TOPN100,277ecf201ad045c3d518c56897f52639e4ef44714851b45535b90b656c2e1df8,M11,730103,30,21,40,1200,209,107.89667599480417
PRE_NMS_TOPN100,277ecf201ad045c3d518c56897f52639e4ef44714851b45535b90b656c2e1df8,M11,730103,30,22,40,1200,228,133.67254173214997
PRE_NMS_TOPN100,277ecf201ad045c3d518c56897f52639e4ef44714851b45535b90b656c2e1df8,M11,730103,30,23,40,1200,205,118.61778195852261
PRE_NMS_TOPN100,277ecf201ad045c3d518c56897f52639e4ef44714851b45535b90b656c2e1df8,M11,730103,30,24,40,1200,205,117.51504491981213
PRE_NMS_TOPN100,277ecf201ad045c3d518c56897f52639e4ef44714851b45535b90b656c2e1df8,M11,730103,30,25,40,1200,206,110.92297876783434
PRE_NMS_TOPN100,277ecf201ad045c3d518c56897f52639e4ef44714851b45535b90b656c2e1df8,M11,730103,30,26,40,1200,210,115.14542673202115
PRE_NMS_TOPN100,277ecf201ad045c3d518c56897f52639e4ef44714851b45535b90b656c2e1df8,M11,730103,30,27,40,1200,226,122.79279700360102
PRE_NMS_TOPN100,277ecf201ad045c3d518c56897f52639e4ef44714851b45535b90b656c2e1df8,M11,730103,30,28,40,1200,230,142.5379474230325
PRE_NMS_TOPN100,277ecf201ad045c3d518c56897f52639e4ef44714851b45535b90b656c2e1df8,M11,730103,30,29,40,1200,204,126.62933715131035
PRE_NMS_TOPN100,277ecf201ad045c3d518c56897f52639e4ef44714851b45535b90b656c2e1df8,M11,730103,30,30,40,1200,212,115.56129883958296
PRE_NMS_TOPN100,277ecf201ad045c3d518c56897f52639e4ef44714851b45535b90b656c2e1df8,M11,730103,30,31,40,1200,199,128.0661476344781
PRE_NMS_TOPN100,277ecf201ad045c3d518c56897f52639e4ef44714851b45535b90b656c2e1df8,M11,730103,30,32,40,1200,210,122.988558354177
PRE_NMS_TOPN100,277ecf201ad045c3d518c56897f52639e4ef44714851b45535b90b656c2e1df8,M11,730103,30,33,40,1200,198,105.64815817681044
PRE_NMS_TOPN100,277ecf201ad045c3d518c56897f52639e4ef44714851b45535b90b656c2e1df8,M11,730103,30,34,40,1200,199,118.46829697606161
PRE_NMS_TOPN100,277ecf201ad045c3d518c56897f52639e4ef44714851b45535b90b656c2e1df8,M11,730103,30,35,40,1200,205,113.50051703117569
PRE_NMS_TOPN100,277ecf201ad045c3d518c56897f52639e4ef44714851b45535b90b656c2e1df8,M11,730103,30,36,40,1200,233,132.6249775644281
PRE_NMS_TOPN100,277ecf201ad045c3d518c56897f52639e4ef44714851b45535b90b656c2e1df8,M11,730103,30,37,40,1200,218,140.2076141764465
PRE_NMS_TOPN100,277ecf201ad045c3d518c56897f52639e4ef44714851b45535b90b656c2e1df8,M11,730103,30,38,40,1200,213,106.21736757368168
PRE_NMS_TOPN100,277ecf201ad045c3d518c56897f52639e4ef44714851b45535b90b656c2e1df8,M11,730103,30,39,40,1200,210,132.61440300898582
PRE_NMS_TOPN100,277ecf201ad045c3d518c56897f52639e4ef44714851b45535b90b656c2e1df8,M11,730103,30,40,40,1200,207,116.08435826253137
PRE_NMS_TOPN100,277ecf201ad045c3d518c56897f52639e4ef44714851b45535b90b656c2e1df8,M11,730103,30,41,40,1200,222,119.25896491827677
PRE_NMS_TOPN100,277ecf201ad045c3d518c56897f52639e4ef44714851b45535b90b656c2e1df8,M11,730103,30,42,40,1200,225,137.31430563184463
PRE_NMS_TOPN100,277ecf201ad045c3d518c56897f52639e4ef44714851b45535b90b656c2e1df8,M11,730103,30,43,40,1200,205,124.85529724856653
PRE_NMS_TOPN100,277ecf201ad045c3d518c56897f52639e4ef44714851b45535b90b656c2e1df8,M11,730103,30,44,40,1200,214,133.230707187921
PRE_NMS_TOPN100,277ecf201ad045c3d518c56897f52639e4ef44714851b45535b90b656c2e1df8,M11,730103,30,45,40,1200,201,129.43749964118547
PRE_NMS_TOPN100,277ecf201ad045c3d518c56897f52639e4ef44714851b45535b90b656c2e1df8,M11,730103,30,46,40,1200,228,141.49591699645
PRE_NMS_TOPN100,277ecf201ad045c3d518c56897f52639e4ef44714851b45535b90b656c2e1df8,M11,730103,30,47,40,1200,222,115.43728318781383
PRE_NMS_TOPN100,277ecf201ad045c3d518c56897f52639e4ef44714851b45535b90b656c2e1df8,M11,730103,30,48,40,1200,238,128.7027948742944
PRE_NMS_TOPN100,277ecf201ad045c3d518c56897f52639e4ef44714851b45535b90b656c2e1df8,M11,730103,30,49,40,1200,219,122.43381226716907
PRE_NMS_TOPN100,277ecf201ad045c3d518c56897f52639e4ef44714851b45535b90b656c2e1df8,M11,730103,40,0,40,1600,239,131.66361004143081
PRE_NMS_TOPN100,277ecf201ad045c3d518c56897f52639e4ef44714851b45535b90b656c2e1df8,M11,730103,40,1,40,1600,249,141.7761690087073
PRE_NMS_TOPN100,277ecf201ad045c3d518c56897f52639e4ef44714851b45535b90b656c2e1df8,M11,730103,40,2,40,1600,255,141.00862496318027
PRE_NMS_TOPN100,277ecf201ad045c3d518c56897f52639e4ef44714851b45535b90b656c2e1df8,M11,730103,40,3,40,1600,262,136.02891031054844
PRE_NMS_TOPN100,277ecf201ad045c3d518c56897f52639e4ef44714851b45535b90b656c2e1df8,M11,730103,40,4,40,1600,199,105.09053316583389
PRE_NMS_TOPN100,277ecf201ad045c3d518c56897f52639e4ef44714851b45535b90b656c2e1df8,M11,730103,40,5,40,1600,228,142.62456728475362
PRE_NMS_TOPN100,277ecf201ad045c3d518c56897f52639e4ef44714851b45535b90b656c2e1df8,M11,730103,40,6,40,1600,234,135.25516458775226
PRE_NMS_TOPN100,277ecf201ad045c3d518c56897f52639e4ef44714851b45535b90b656c2e1df8,M11,730103,40,7,40,1600,236,127.29346101877779
PRE_NMS_TOPN100,277ecf201ad045c3d518c56897f52639e4ef44714851b45535b90b656c2e1df8,M11,730103,40,8,40,1600,238,133.34872100645302
PRE_NMS_TOPN100,277ecf201ad045c3d518c56897f52639e4ef44714851b45535b90b656c2e1df8,M11,730103,40,9,40,1600,228,122.45484323225128
PRE_NMS_TOPN100,277ecf201ad045c3d518c56897f52639e4ef44714851b45535b90b656c2e1df8,M11,730103,40,10,40,1600,219,117.72338821235903
PRE_NMS_TOPN100,277ecf201ad045c3d518c56897f52639e4ef44714851b45535b90b656c2e1df8,M11,730103,40,11,40,1600,220,124.64512580118765
PRE_NMS_TOPN100,277ecf201ad045c3d518c56897f52639e4ef44714851b45535b90b656c2e1df8,M11,730103,40,12,40,1600,229,129.92609485642026
PRE_NMS_TOPN100,277ecf201ad045c3d518c56897f52639e4ef44714851b45535b90b656c2e1df8,M11,730103,40,13,40,1600,234,143.8913465883943
PRE_NMS_TOPN100,277ecf201ad045c3d518c56897f52639e4ef44714851b45535b90b656c2e1df8,M11,730103,40,14,40,1600,249,146.62295098393042
PRE_NMS_TOPN100,277ecf201ad045c3d518c56897f52639e4ef44714851b45535b90b656c2e1df8,M11,730103,40,15,40,1600,234,127.2545097235057
PRE_NMS_TOPN100,277ecf201ad045c3d518c56897f52639e4ef44714851b45535b90b656c2e1df8,M11,730103,40,16,40,1600,219,124.80670842272872
PRE_NMS_TOPN100,277ecf201ad045c3d518c56897f52639e4ef44714851b45535b90b656c2e1df8,M11,730103,40,17,40,1600,212,125.58389055351613
PRE_NMS_TOPN100,277ecf201ad045c3d518c56897f52639e4ef44714851b45535b90b656c2e1df8,M11,730103,40,18,40,1600,244,141.77494367812437
PRE_NMS_TOPN100,277ecf201ad045c3d518c56897f52639e4ef44714851b45535b90b656c2e1df8,M11,730103,40,19,40,1600,234,139.80206421149853
PRE_NMS_TOPN100,277ecf201ad045c3d518c56897f52639e4ef44714851b45535b90b656c2e1df8,M11,730103,40,20,40,1600,237,128.31301066734142
PRE_NMS_TOPN100,277ecf201ad045c3d518c56897f52639e4ef44714851b45535b90b656c2e1df8,M11,730103,40,21,40,1600,228,114.68550105343418
PRE_NMS_TOPN100,277ecf201ad045c3d518c56897f52639e4ef44714851b45535b90b656c2e1df8,M11,730103,40,22,40,1600,247,142.86088040049637
PRE_NMS_TOPN100,277ecf201ad045c3d518c56897f52639e4ef44714851b45535b90b656c2e1df8,M11,730103,40,23,40,1600,219,125.70708779133629
PRE_NMS_TOPN100,277ecf201ad045c3d518c56897f52639e4ef44714851b45535b90b656c2e1df8,M11,730103,40,24,40,1600,219,124.46221941774635
PRE_NMS_TOPN100,277ecf201ad045c3d518c56897f52639e4ef44714851b45535b90b656c2e1df8,M11,730103,40,25,40,1600,225,119.47675928112281
PRE_NMS_TOPN100,277ecf201ad045c3d518c56897f52639e4ef44714851b45535b90b656c2e1df8,M11,730103,40,26,40,1600,225,123.59658084287727
PRE_NMS_TOPN100,277ecf201ad045c3d518c56897f52639e4ef44714851b45535b90b656c2e1df8,M11,730103,40,27,40,1600,245,132.17857469953617
PRE_NMS_TOPN100,277ecf201ad045c3d518c56897f52639e4ef44714851b45535b90b656c2e1df8,M11,730103,40,28,40,1600,256,155.84967448130308
PRE_NMS_TOPN100,277ecf201ad045c3d518c56897f52639e4ef44714851b45535b90b656c2e1df8,M11,730103,40,29,40,1600,225,136.94719764540034
PRE_NMS_TOPN100,277ecf201ad045c3d518c56897f52639e4ef44714851b45535b90b656c2e1df8,M11,730103,40,30,40,1600,232,123.23364195415711
PRE_NMS_TOPN100,277ecf201ad045c3d518c56897f52639e4ef44714851b45535b90b656c2e1df8,M11,730103,40,31,40,1600,207,132.8593969483329
PRE_NMS_TOPN100,277ecf201ad045c3d518c56897f52639e4ef44714851b45535b90b656c2e1df8,M11,730103,40,32,40,1600,222,130.93805062938068
PRE_NMS_TOPN100,277ecf201ad045c3d518c56897f52639e4ef44714851b45535b90b656c2e1df8,M11,730103,40,33,40,1600,212,111.43420532847662
PRE_NMS_TOPN100,277ecf201ad045c3d518c56897f52639e4ef44714851b45535b90b656c2e1df8,M11,730103,40,34,40,1600,213,124.74806176592578
PRE_NMS_TOPN100,277ecf201ad045c3d518c56897f52639e4ef44714851b45535b90b656c2e1df8,M11,730103,40,35,40,1600,219,120.44769152910993
PRE_NMS_TOPN100,277ecf201ad045c3d518c56897f52639e4ef44714851b45535b90b656c2e1df8,M11,730103,40,36,40,1600,247,140.28734060984982
PRE_NMS_TOPN100,277ecf201ad045c3d518c56897f52639e4ef44714851b45535b90b656c2e1df8,M11,730103,40,37,40,1600,231,146.42338202246845
PRE_NMS_TOPN100,277ecf201ad045c3d518c56897f52639e4ef44714851b45535b90b656c2e1df8,M11,730103,40,38,40,1600,229,113.52985047796692
PRE_NMS_TOPN100,277ecf201ad045c3d518c56897f52639e4ef44714851b45535b90b656c2e1df8,M11,730103,40,39,40,1600,240,145.34138662331387
PRE_NMS_TOPN100,277ecf201ad045c3d518c56897f52639e4ef44714851b45535b90b656c2e1df8,M11,730103,40,40,40,1600,223,122.65083693801493
PRE_NMS_TOPN100,277ecf201ad045c3d518c56897f52639e4ef44714851b45535b90b656c2e1df8,M11,730103,40,41,40,1600,238,126.09394828878882
PRE_NMS_TOPN100,277ecf201ad045c3d518c56897f52639e4ef44714851b45535b90b656c2e1df8,M11,730103,40,42,40,1600,242,145.19069636791062
PRE_NMS_TOPN100,277ecf201ad045c3d518c56897f52639e4ef44714851b45535b90b656c2e1df8,M11,730103,40,43,40,1600,226,133.30312466970517
PRE_NMS_TOPN100,277ecf201ad045c3d518c56897f52639e4ef44714851b45535b90b656c2e1df8,M11,730103,40,44,40,1600,235,141.47070016815593
PRE_NMS_TOPN100,277ecf201ad045c3d518c56897f52639e4ef44714851b45535b90b656c2e1df8,M11,730103,40,45,40,1600,217,137.14976303236924
PRE_NMS_TOPN100,277ecf201ad045c3d518c56897f52639e4ef44714851b45535b90b656c2e1df8,M11,730103,40,46,40,1600,248,149.2148337670687
PRE_NMS_TOPN100,277ecf201ad045c3d518c56897f52639e4ef44714851b45535b90b656c2e1df8,M11,730103,40,47,40,1600,241,126.27705057984517
PRE_NMS_TOPN100,277ecf201ad045c3d518c56897f52639e4ef44714851b45535b90b656c2e1df8,M11,730103,40,48,40,1600,248,134.59608593612992
PRE_NMS_TOPN100,277ecf201ad045c3d518c56897f52639e4ef44714851b45535b90b656c2e1df8,M11,730103,40,49,40,1600,242,130.95894339101983
PRE_NMS_TOPN100,277ecf201ad045c3d518c56897f52639e4ef44714851b45535b90b656c2e1df8,S_ADAPT,-1,10,0,40,400,92,53.68615280331308
PRE_NMS_TOPN100,277ecf201ad045c3d518c56897f52639e4ef44714851b45535b90b656c2e1df8,S_ADAPT,-1,10,1,40,400,92,52.091273868408166
PRE_NMS_TOPN100,277ecf201ad045c3d518c56897f52639e4ef44714851b45535b90b656c2e1df8,S_ADAPT,-1,10,2,40,400,93,50.939711247129964
PRE_NMS_TOPN100,277ecf201ad045c3d518c56897f52639e4ef44714851b45535b90b656c2e1df8,S_ADAPT,-1,10,3,40,400,96,51.68484000207469
PRE_NMS_TOPN100,277ecf201ad045c3d518c56897f52639e4ef44714851b45535b90b656c2e1df8,S_ADAPT,-1,10,4,40,400,77,41.93042721007107
PRE_NMS_TOPN100,277ecf201ad045c3d518c56897f52639e4ef44714851b45535b90b656c2e1df8,S_ADAPT,-1,10,5,40,400,82,45.54841173046278
PRE_NMS_TOPN100,277ecf201ad045c3d518c56897f52639e4ef44714851b45535b90b656c2e1df8,S_ADAPT,-1,10,6,40,400,82,45.68671146039854
PRE_NMS_TOPN100,277ecf201ad045c3d518c56897f52639e4ef44714851b45535b90b656c2e1df8,S_ADAPT,-1,10,7,40,400,88,48.607016355747064
PRE_NMS_TOPN100,277ecf201ad045c3d518c56897f52639e4ef44714851b45535b90b656c2e1df8,S_ADAPT,-1,10,8,40,400,87,48.81318942000054
PRE_NMS_TOPN100,277ecf201ad045c3d518c56897f52639e4ef44714851b45535b90b656c2e1df8,S_ADAPT,-1,10,9,40,400,87,47.289946000503484
PRE_NMS_TOPN100,277ecf201ad045c3d518c56897f52639e4ef44714851b45535b90b656c2e1df8,S_ADAPT,-1,10,10,40,400,88,51.31620490600621
PRE_NMS_TOPN100,277ecf201ad045c3d518c56897f52639e4ef44714851b45535b90b656c2e1df8,S_ADAPT,-1,10,11,40,400,90,53.34745397828487
PRE_NMS_TOPN100,277ecf201ad045c3d518c56897f52639e4ef44714851b45535b90b656c2e1df8,S_ADAPT,-1,10,12,40,400,84,46.320109217615446
PRE_NMS_TOPN100,277ecf201ad045c3d518c56897f52639e4ef44714851b45535b90b656c2e1df8,S_ADAPT,-1,10,13,40,400,84,50.18280668978712
PRE_NMS_TOPN100,277ecf201ad045c3d518c56897f52639e4ef44714851b45535b90b656c2e1df8,S_ADAPT,-1,10,14,40,400,100,58.315686180031214
PRE_NMS_TOPN100,277ecf201ad045c3d518c56897f52639e4ef44714851b45535b90b656c2e1df8,S_ADAPT,-1,10,15,40,400,93,54.531868152575214
PRE_NMS_TOPN100,277ecf201ad045c3d518c56897f52639e4ef44714851b45535b90b656c2e1df8,S_ADAPT,-1,10,16,40,400,93,53.238174196417575
PRE_NMS_TOPN100,277ecf201ad045c3d518c56897f52639e4ef44714851b45535b90b656c2e1df8,S_ADAPT,-1,10,17,40,400,86,50.71320748594093
PRE_NMS_TOPN100,277ecf201ad045c3d518c56897f52639e4ef44714851b45535b90b656c2e1df8,S_ADAPT,-1,10,18,40,400,103,58.30907758612809
PRE_NMS_TOPN100,277ecf201ad045c3d518c56897f52639e4ef44714851b45535b90b656c2e1df8,S_ADAPT,-1,10,19,40,400,92,52.76533695591317
PRE_NMS_TOPN100,277ecf201ad045c3d518c56897f52639e4ef44714851b45535b90b656c2e1df8,S_ADAPT,-1,10,20,40,400,101,58.82857805374073
PRE_NMS_TOPN100,277ecf201ad045c3d518c56897f52639e4ef44714851b45535b90b656c2e1df8,S_ADAPT,-1,10,21,40,400,79,47.070971092606335
PRE_NMS_TOPN100,277ecf201ad045c3d518c56897f52639e4ef44714851b45535b90b656c2e1df8,S_ADAPT,-1,10,22,40,400,88,50.171295664162955
PRE_NMS_TOPN100,277ecf201ad045c3d518c56897f52639e4ef44714851b45535b90b656c2e1df8,S_ADAPT,-1,10,23,40,400,78,46.67215565062838
PRE_NMS_TOPN100,277ecf201ad045c3d518c56897f52639e4ef44714851b45535b90b656c2e1df8,S_ADAPT,-1,10,24,40,400,81,43.89485756401625
PRE_NMS_TOPN100,277ecf201ad045c3d518c56897f52639e4ef44714851b45535b90b656c2e1df8,S_ADAPT,-1,10,25,40,400,80,47.14632849468412
PRE_NMS_TOPN100,277ecf201ad045c3d518c56897f52639e4ef44714851b45535b90b656c2e1df8,S_ADAPT,-1,10,26,40,400,94,50.923493142705176
PRE_NMS_TOPN100,277ecf201ad045c3d518c56897f52639e4ef44714851b45535b90b656c2e1df8,S_ADAPT,-1,10,27,40,400,89,50.39779942535199
PRE_NMS_TOPN100,277ecf201ad045c3d518c56897f52639e4ef44714851b45535b90b656c2e1df8,S_ADAPT,-1,10,28,40,400,93,55.189163434897395
PRE_NMS_TOPN100,277ecf201ad045c3d518c56897f52639e4ef44714851b45535b90b656c2e1df8,S_ADAPT,-1,10,29,40,400,87,56.50864022046967
PRE_NMS_TOPN100,277ecf201ad045c3d518c56897f52639e4ef44714851b45535b90b656c2e1df8,S_ADAPT,-1,10,30,40,400,90,50.8287253030806
PRE_NMS_TOPN100,277ecf201ad045c3d518c56897f52639e4ef44714851b45535b90b656c2e1df8,S_ADAPT,-1,10,31,40,400,89,54.02212776287285
PRE_NMS_TOPN100,277ecf201ad045c3d518c56897f52639e4ef44714851b45535b90b656c2e1df8,S_ADAPT,-1,10,32,40,400,86,50.103006985682676
PRE_NMS_TOPN100,277ecf201ad045c3d518c56897f52639e4ef44714851b45535b90b656c2e1df8,S_ADAPT,-1,10,33,40,400,84,47.867620720848514
PRE_NMS_TOPN100,277ecf201ad045c3d518c56897f52639e4ef44714851b45535b90b656c2e1df8,S_ADAPT,-1,10,34,40,400,88,49.17970300972438
PRE_NMS_TOPN100,277ecf201ad045c3d518c56897f52639e4ef44714851b45535b90b656c2e1df8,S_ADAPT,-1,10,35,40,400,93,53.38030553129701
PRE_NMS_TOPN100,277ecf201ad045c3d518c56897f52639e4ef44714851b45535b90b656c2e1df8,S_ADAPT,-1,10,36,40,400,102,60.29088644233907
PRE_NMS_TOPN100,277ecf201ad045c3d518c56897f52639e4ef44714851b45535b90b656c2e1df8,S_ADAPT,-1,10,37,40,400,83,52.051353591798524
PRE_NMS_TOPN100,277ecf201ad045c3d518c56897f52639e4ef44714851b45535b90b656c2e1df8,S_ADAPT,-1,10,38,40,400,90,50.05910453674075
PRE_NMS_TOPN100,277ecf201ad045c3d518c56897f52639e4ef44714851b45535b90b656c2e1df8,S_ADAPT,-1,10,39,40,400,90,52.552095168062195
PRE_NMS_TOPN100,277ecf201ad045c3d518c56897f52639e4ef44714851b45535b90b656c2e1df8,S_ADAPT,-1,10,40,40,400,88,49.75155503895959
PRE_NMS_TOPN100,277ecf201ad045c3d518c56897f52639e4ef44714851b45535b90b656c2e1df8,S_ADAPT,-1,10,41,40,400,95,52.72357616052599
PRE_NMS_TOPN100,277ecf201ad045c3d518c56897f52639e4ef44714851b45535b90b656c2e1df8,S_ADAPT,-1,10,42,40,400,86,49.051709122039945
PRE_NMS_TOPN100,277ecf201ad045c3d518c56897f52639e4ef44714851b45535b90b656c2e1df8,S_ADAPT,-1,10,43,40,400,81,47.20478767140058
PRE_NMS_TOPN100,277ecf201ad045c3d518c56897f52639e4ef44714851b45535b90b656c2e1df8,S_ADAPT,-1,10,44,40,400,99,58.22595119230618
PRE_NMS_TOPN100,277ecf201ad045c3d518c56897f52639e4ef44714851b45535b90b656c2e1df8,S_ADAPT,-1,10,45,40,400,98,58.86305013428827
PRE_NMS_TOPN100,277ecf201ad045c3d518c56897f52639e4ef44714851b45535b90b656c2e1df8,S_ADAPT,-1,10,46,40,400,85,51.167745964790754
PRE_NMS_TOPN100,277ecf201ad045c3d518c56897f52639e4ef44714851b45535b90b656c2e1df8,S_ADAPT,-1,10,47,40,400,89,52.175886433170014
PRE_NMS_TOPN100,277ecf201ad045c3d518c56897f52639e4ef44714851b45535b90b656c2e1df8,S_ADAPT,-1,10,48,40,400,90,50.53859515668009
PRE_NMS_TOPN100,277ecf201ad045c3d518c56897f52639e4ef44714851b45535b90b656c2e1df8,S_ADAPT,-1,10,49,40,400,93,52.60361604135965
PRE_NMS_TOPN100,277ecf201ad045c3d518c56897f52639e4ef44714851b45535b90b656c2e1df8,S_ADAPT,-1,15,0,40,600,107,62.3624750718069
PRE_NMS_TOPN100,277ecf201ad045c3d518c56897f52639e4ef44714851b45535b90b656c2e1df8,S_ADAPT,-1,15,1,40,600,107,59.88125630646661
PRE_NMS_TOPN100,277ecf201ad045c3d518c56897f52639e4ef44714851b45535b90b656c2e1df8,S_ADAPT,-1,15,2,40,600,120,65.6448025329038
PRE_NMS_TOPN100,277ecf201ad045c3d518c56897f52639e4ef44714851b45535b90b656c2e1df8,S_ADAPT,-1,15,3,40,600,122,66.24872021235785
PRE_NMS_TOPN100,277ecf201ad045c3d518c56897f52639e4ef44714851b45535b90b656c2e1df8,S_ADAPT,-1,15,4,40,600,103,55.1395278659093
PRE_NMS_TOPN100,277ecf201ad045c3d518c56897f52639e4ef44714851b45535b90b656c2e1df8,S_ADAPT,-1,15,5,40,600,100,58.86915381296518
PRE_NMS_TOPN100,277ecf201ad045c3d518c56897f52639e4ef44714851b45535b90b656c2e1df8,S_ADAPT,-1,15,6,40,600,98,55.25985854370637
PRE_NMS_TOPN100,277ecf201ad045c3d518c56897f52639e4ef44714851b45535b90b656c2e1df8,S_ADAPT,-1,15,7,40,600,110,60.196114666297525
PRE_NMS_TOPN100,277ecf201ad045c3d518c56897f52639e4ef44714851b45535b90b656c2e1df8,S_ADAPT,-1,15,8,40,600,101,59.77641882662598
PRE_NMS_TOPN100,277ecf201ad045c3d518c56897f52639e4ef44714851b45535b90b656c2e1df8,S_ADAPT,-1,15,9,40,600,109,60.43130767861946
PRE_NMS_TOPN100,277ecf201ad045c3d518c56897f52639e4ef44714851b45535b90b656c2e1df8,S_ADAPT,-1,15,10,40,600,102,59.51262121039814
PRE_NMS_TOPN100,277ecf201ad045c3d518c56897f52639e4ef44714851b45535b90b656c2e1df8,S_ADAPT,-1,15,11,40,600,103,60.93421948317656
PRE_NMS_TOPN100,277ecf201ad045c3d518c56897f52639e4ef44714851b45535b90b656c2e1df8,S_ADAPT,-1,15,12,40,600,100,55.39713223239658
PRE_NMS_TOPN100,277ecf201ad045c3d518c56897f52639e4ef44714851b45535b90b656c2e1df8,S_ADAPT,-1,15,13,40,600,101,59.463046637735
PRE_NMS_TOPN100,277ecf201ad045c3d518c56897f52639e4ef44714851b45535b90b656c2e1df8,S_ADAPT,-1,15,14,40,600,115,67.25723123936785
PRE_NMS_TOPN100,277ecf201ad045c3d518c56897f52639e4ef44714851b45535b90b656c2e1df8,S_ADAPT,-1,15,15,40,600,112,65.85001055223668
PRE_NMS_TOPN100,277ecf201ad045c3d518c56897f52639e4ef44714851b45535b90b656c2e1df8,S_ADAPT,-1,15,16,40,600,109,65.36345120869984
PRE_NMS_TOPN100,277ecf201ad045c3d518c56897f52639e4ef44714851b45535b90b656c2e1df8,S_ADAPT,-1,15,17,40,600,103,64.66743689672387
PRE_NMS_TOPN100,277ecf201ad045c3d518c56897f52639e4ef44714851b45535b90b656c2e1df8,S_ADAPT,-1,15,18,40,600,122,67.52157855635372
PRE_NMS_TOPN100,277ecf201ad045c3d518c56897f52639e4ef44714851b45535b90b656c2e1df8,S_ADAPT,-1,15,19,40,600,108,61.23270917119408
PRE_NMS_TOPN100,277ecf201ad045c3d518c56897f52639e4ef44714851b45535b90b656c2e1df8,S_ADAPT,-1,15,20,40,600,118,68.78620777891108
PRE_NMS_TOPN100,277ecf201ad045c3d518c56897f52639e4ef44714851b45535b90b656c2e1df8,S_ADAPT,-1,15,21,40,600,89,52.52825863928187
PRE_NMS_TOPN100,277ecf201ad045c3d518c56897f52639e4ef44714851b45535b90b656c2e1df8,S_ADAPT,-1,15,22,40,600,116,67.5802129387805
PRE_NMS_TOPN100,277ecf201ad045c3d518c56897f52639e4ef44714851b45535b90b656c2e1df8,S_ADAPT,-1,15,23,40,600,95,56.19091530061567
PRE_NMS_TOPN100,277ecf201ad045c3d518c56897f52639e4ef44714851b45535b90b656c2e1df8,S_ADAPT,-1,15,24,40,600,99,53.310575467408626
PRE_NMS_TOPN100,277ecf201ad045c3d518c56897f52639e4ef44714851b45535b90b656c2e1df8,S_ADAPT,-1,15,25,40,600,98,57.10395821985447
PRE_NMS_TOPN100,277ecf201ad045c3d518c56897f52639e4ef44714851b45535b90b656c2e1df8,S_ADAPT,-1,15,26,40,600,113,62.37138037776497
PRE_NMS_TOPN100,277ecf201ad045c3d518c56897f52639e4ef44714851b45535b90b656c2e1df8,S_ADAPT,-1,15,27,40,600,108,60.42316812824458
PRE_NMS_TOPN100,277ecf201ad045c3d518c56897f52639e4ef44714851b45535b90b656c2e1df8,S_ADAPT,-1,15,28,40,600,112,66.32030700581691
PRE_NMS_TOPN100,277ecf201ad045c3d518c56897f52639e4ef44714851b45535b90b656c2e1df8,S_ADAPT,-1,15,29,40,600,103,65.17922936891733
PRE_NMS_TOPN100,277ecf201ad045c3d518c56897f52639e4ef44714851b45535b90b656c2e1df8,S_ADAPT,-1,15,30,40,600,110,61.59922276091792
PRE_NMS_TOPN100,277ecf201ad045c3d518c56897f52639e4ef44714851b45535b90b656c2e1df8,S_ADAPT,-1,15,31,40,600,106,68.17957410682254
PRE_NMS_TOPN100,277ecf201ad045c3d518c56897f52639e4ef44714851b45535b90b656c2e1df8,S_ADAPT,-1,15,32,40,600,96,56.169945331858436
PRE_NMS_TOPN100,277ecf201ad045c3d518c56897f52639e4ef44714851b45535b90b656c2e1df8,S_ADAPT,-1,15,33,40,600,100,57.62776663289829
PRE_NMS_TOPN100,277ecf201ad045c3d518c56897f52639e4ef44714851b45535b90b656c2e1df8,S_ADAPT,-1,15,34,40,600,105,62.05010877695136
PRE_NMS_TOPN100,277ecf201ad045c3d518c56897f52639e4ef44714851b45535b90b656c2e1df8,S_ADAPT,-1,15,35,40,600,107,61.64446081341118
PRE_NMS_TOPN100,277ecf201ad045c3d518c56897f52639e4ef44714851b45535b90b656c2e1df8,S_ADAPT,-1,15,36,40,600,117,68.66723285187544
PRE_NMS_TOPN100,277ecf201ad045c3d518c56897f52639e4ef44714851b45535b90b656c2e1df8,S_ADAPT,-1,15,37,40,600,98,59.36716318580123
PRE_NMS_TOPN100,277ecf201ad045c3d518c56897f52639e4ef44714851b45535b90b656c2e1df8,S_ADAPT,-1,15,38,40,600,105,57.23943617529896
PRE_NMS_TOPN100,277ecf201ad045c3d518c56897f52639e4ef44714851b45535b90b656c2e1df8,S_ADAPT,-1,15,39,40,600,109,64.83633231673167
PRE_NMS_TOPN100,277ecf201ad045c3d518c56897f52639e4ef44714851b45535b90b656c2e1df8,S_ADAPT,-1,15,40,40,600,111,63.5493365255408
PRE_NMS_TOPN100,277ecf201ad045c3d518c56897f52639e4ef44714851b45535b90b656c2e1df8,S_ADAPT,-1,15,41,40,600,110,62.635418132445054
PRE_NMS_TOPN100,277ecf201ad045c3d518c56897f52639e4ef44714851b45535b90b656c2e1df8,S_ADAPT,-1,15,42,40,600,111,62.260809777878166
PRE_NMS_TOPN100,277ecf201ad045c3d518c56897f52639e4ef44714851b45535b90b656c2e1df8,S_ADAPT,-1,15,43,40,600,95,59.16026521507941
PRE_NMS_TOPN100,277ecf201ad045c3d518c56897f52639e4ef44714851b45535b90b656c2e1df8,S_ADAPT,-1,15,44,40,600,116,69.51748007422789
PRE_NMS_TOPN100,277ecf201ad045c3d518c56897f52639e4ef44714851b45535b90b656c2e1df8,S_ADAPT,-1,15,45,40,600,109,67.66911723818042
PRE_NMS_TOPN100,277ecf201ad045c3d518c56897f52639e4ef44714851b45535b90b656c2e1df8,S_ADAPT,-1,15,46,40,600,94,56.519125204848294
PRE_NMS_TOPN100,277ecf201ad045c3d518c56897f52639e4ef44714851b45535b90b656c2e1df8,S_ADAPT,-1,15,47,40,600,114,67.6203733538424
PRE_NMS_TOPN100,277ecf201ad045c3d518c56897f52639e4ef44714851b45535b90b656c2e1df8,S_ADAPT,-1,15,48,40,600,116,64.96699741151876
PRE_NMS_TOPN100,277ecf201ad045c3d518c56897f52639e4ef44714851b45535b90b656c2e1df8,S_ADAPT,-1,15,49,40,600,103,58.42916812547292
PRE_NMS_TOPN100,277ecf201ad045c3d518c56897f52639e4ef44714851b45535b90b656c2e1df8,S_ADAPT,-1,20,0,40,800,130,74.30515077184205
PRE_NMS_TOPN100,277ecf201ad045c3d518c56897f52639e4ef44714851b45535b90b656c2e1df8,S_ADAPT,-1,20,1,40,800,123,68.89627346357167
PRE_NMS_TOPN100,277ecf201ad045c3d518c56897f52639e4ef44714851b45535b90b656c2e1df8,S_ADAPT,-1,20,2,40,800,145,78.8567697487651
PRE_NMS_TOPN100,277ecf201ad045c3d518c56897f52639e4ef44714851b45535b90b656c2e1df8,S_ADAPT,-1,20,3,40,800,143,77.53451597423339
PRE_NMS_TOPN100,277ecf201ad045c3d518c56897f52639e4ef44714851b45535b90b656c2e1df8,S_ADAPT,-1,20,4,40,800,117,61.84568666041178
PRE_NMS_TOPN100,277ecf201ad045c3d518c56897f52639e4ef44714851b45535b90b656c2e1df8,S_ADAPT,-1,20,5,40,800,116,68.77337736052871
PRE_NMS_TOPN100,277ecf201ad045c3d518c56897f52639e4ef44714851b45535b90b656c2e1df8,S_ADAPT,-1,20,6,40,800,119,65.42070520204346
PRE_NMS_TOPN100,277ecf201ad045c3d518c56897f52639e4ef44714851b45535b90b656c2e1df8,S_ADAPT,-1,20,7,40,800,138,76.79314546396184
PRE_NMS_TOPN100,277ecf201ad045c3d518c56897f52639e4ef44714851b45535b90b656c2e1df8,S_ADAPT,-1,20,8,40,800,124,71.99624368729067
PRE_NMS_TOPN100,277ecf201ad045c3d518c56897f52639e4ef44714851b45535b90b656c2e1df8,S_ADAPT,-1,20,9,40,800,125,66.9342495399552
PRE_NMS_TOPN100,277ecf201ad045c3d518c56897f52639e4ef44714851b45535b90b656c2e1df8,S_ADAPT,-1,20,10,40,800,122,70.01216275734647
PRE_NMS_TOPN100,277ecf201ad045c3d518c56897f52639e4ef44714851b45535b90b656c2e1df8,S_ADAPT,-1,20,11,40,800,115,67.96858818191167
PRE_NMS_TOPN100,277ecf201ad045c3d518c56897f52639e4ef44714851b45535b90b656c2e1df8,S_ADAPT,-1,20,12,40,800,117,64.42795214976387
PRE_NMS_TOPN100,277ecf201ad045c3d518c56897f52639e4ef44714851b45535b90b656c2e1df8,S_ADAPT,-1,20,13,40,800,120,70.15532013347145
PRE_NMS_TOPN100,277ecf201ad045c3d518c56897f52639e4ef44714851b45535b90b656c2e1df8,S_ADAPT,-1,20,14,40,800,136,78.56964051898315
PRE_NMS_TOPN100,277ecf201ad045c3d518c56897f52639e4ef44714851b45535b90b656c2e1df8,S_ADAPT,-1,20,15,40,800,126,72.55616934673917
PRE_NMS_TOPN100,277ecf201ad045c3d518c56897f52639e4ef44714851b45535b90b656c2e1df8,S_ADAPT,-1,20,16,40,800,126,75.25620851617103
PRE_NMS_TOPN100,277ecf201ad045c3d518c56897f52639e4ef44714851b45535b90b656c2e1df8,S_ADAPT,-1,20,17,40,800,119,72.93159217883805
PRE_NMS_TOPN100,277ecf201ad045c3d518c56897f52639e4ef44714851b45535b90b656c2e1df8,S_ADAPT,-1,20,18,40,800,141,80.33284502592772
PRE_NMS_TOPN100,277ecf201ad045c3d518c56897f52639e4ef44714851b45535b90b656c2e1df8,S_ADAPT,-1,20,19,40,800,124,69.97103729736399
PRE_NMS_TOPN100,277ecf201ad045c3d518c56897f52639e4ef44714851b45535b90b656c2e1df8,S_ADAPT,-1,20,20,40,800,135,77.66001386052547
PRE_NMS_TOPN100,277ecf201ad045c3d518c56897f52639e4ef44714851b45535b90b656c2e1df8,S_ADAPT,-1,20,21,40,800,105,61.020122865957916
PRE_NMS_TOPN100,277ecf201ad045c3d518c56897f52639e4ef44714851b45535b90b656c2e1df8,S_ADAPT,-1,20,22,40,800,128,75.0210155038491
PRE_NMS_TOPN100,277ecf201ad045c3d518c56897f52639e4ef44714851b45535b90b656c2e1df8,S_ADAPT,-1,20,23,40,800,114,69.86083725610793
PRE_NMS_TOPN100,277ecf201ad045c3d518c56897f52639e4ef44714851b45535b90b656c2e1df8,S_ADAPT,-1,20,24,40,800,113,60.35542915052234
PRE_NMS_TOPN100,277ecf201ad045c3d518c56897f52639e4ef44714851b45535b90b656c2e1df8,S_ADAPT,-1,20,25,40,800,119,69.71200775626173
PRE_NMS_TOPN100,277ecf201ad045c3d518c56897f52639e4ef44714851b45535b90b656c2e1df8,S_ADAPT,-1,20,26,40,800,127,70.55731169777827
PRE_NMS_TOPN100,277ecf201ad045c3d518c56897f52639e4ef44714851b45535b90b656c2e1df8,S_ADAPT,-1,20,27,40,800,123,68.8771887991238
PRE_NMS_TOPN100,277ecf201ad045c3d518c56897f52639e4ef44714851b45535b90b656c2e1df8,S_ADAPT,-1,20,28,40,800,134,78.58106197354367
PRE_NMS_TOPN100,277ecf201ad045c3d518c56897f52639e4ef44714851b45535b90b656c2e1df8,S_ADAPT,-1,20,29,40,800,115,72.22408305203105
PRE_NMS_TOPN100,277ecf201ad045c3d518c56897f52639e4ef44714851b45535b90b656c2e1df8,S_ADAPT,-1,20,30,40,800,127,71.89554737469952
PRE_NMS_TOPN100,277ecf201ad045c3d518c56897f52639e4ef44714851b45535b90b656c2e1df8,S_ADAPT,-1,20,31,40,800,118,76.46568061340767
PRE_NMS_TOPN100,277ecf201ad045c3d518c56897f52639e4ef44714851b45535b90b656c2e1df8,S_ADAPT,-1,20,32,40,800,107,63.82552064124975
PRE_NMS_TOPN100,277ecf201ad045c3d518c56897f52639e4ef44714851b45535b90b656c2e1df8,S_ADAPT,-1,20,33,40,800,115,64.74035929373426
PRE_NMS_TOPN100,277ecf201ad045c3d518c56897f52639e4ef44714851b45535b90b656c2e1df8,S_ADAPT,-1,20,34,40,800,124,72.34643339073295
PRE_NMS_TOPN100,277ecf201ad045c3d518c56897f52639e4ef44714851b45535b90b656c2e1df8,S_ADAPT,-1,20,35,40,800,128,71.73756849402602
PRE_NMS_TOPN100,277ecf201ad045c3d518c56897f52639e4ef44714851b45535b90b656c2e1df8,S_ADAPT,-1,20,36,40,800,137,80.65823709208605
PRE_NMS_TOPN100,277ecf201ad045c3d518c56897f52639e4ef44714851b45535b90b656c2e1df8,S_ADAPT,-1,20,37,40,800,114,69.79896575502731
PRE_NMS_TOPN100,277ecf201ad045c3d518c56897f52639e4ef44714851b45535b90b656c2e1df8,S_ADAPT,-1,20,38,40,800,116,63.44185247691922
PRE_NMS_TOPN100,277ecf201ad045c3d518c56897f52639e4ef44714851b45535b90b656c2e1df8,S_ADAPT,-1,20,39,40,800,123,73.96640716128202
PRE_NMS_TOPN100,277ecf201ad045c3d518c56897f52639e4ef44714851b45535b90b656c2e1df8,S_ADAPT,-1,20,40,40,800,128,75.29013089596054
PRE_NMS_TOPN100,277ecf201ad045c3d518c56897f52639e4ef44714851b45535b90b656c2e1df8,S_ADAPT,-1,20,41,40,800,132,75.84451878828328
PRE_NMS_TOPN100,277ecf201ad045c3d518c56897f52639e4ef44714851b45535b90b656c2e1df8,S_ADAPT,-1,20,42,40,800,132,74.7820356721153
PRE_NMS_TOPN100,277ecf201ad045c3d518c56897f52639e4ef44714851b45535b90b656c2e1df8,S_ADAPT,-1,20,43,40,800,113,67.76311538580482
PRE_NMS_TOPN100,277ecf201ad045c3d518c56897f52639e4ef44714851b45535b90b656c2e1df8,S_ADAPT,-1,20,44,40,800,126,75.86988627353536
PRE_NMS_TOPN100,277ecf201ad045c3d518c56897f52639e4ef44714851b45535b90b656c2e1df8,S_ADAPT,-1,20,45,40,800,120,74.57849296584963
PRE_NMS_TOPN100,277ecf201ad045c3d518c56897f52639e4ef44714851b45535b90b656c2e1df8,S_ADAPT,-1,20,46,40,800,113,66.66528471523235
PRE_NMS_TOPN100,277ecf201ad045c3d518c56897f52639e4ef44714851b45535b90b656c2e1df8,S_ADAPT,-1,20,47,40,800,130,77.44825824361443
PRE_NMS_TOPN100,277ecf201ad045c3d518c56897f52639e4ef44714851b45535b90b656c2e1df8,S_ADAPT,-1,20,48,40,800,129,71.80863416146575
PRE_NMS_TOPN100,277ecf201ad045c3d518c56897f52639e4ef44714851b45535b90b656c2e1df8,S_ADAPT,-1,20,49,40,800,127,70.67657154879798
PRE_NMS_TOPN100,277ecf201ad045c3d518c56897f52639e4ef44714851b45535b90b656c2e1df8,S_ADAPT,-1,30,0,40,1200,170,95.90941772489056
PRE_NMS_TOPN100,277ecf201ad045c3d518c56897f52639e4ef44714851b45535b90b656c2e1df8,S_ADAPT,-1,30,1,40,1200,158,91.3657149253779
PRE_NMS_TOPN100,277ecf201ad045c3d518c56897f52639e4ef44714851b45535b90b656c2e1df8,S_ADAPT,-1,30,2,40,1200,181,103.1241077893056
PRE_NMS_TOPN100,277ecf201ad045c3d518c56897f52639e4ef44714851b45535b90b656c2e1df8,S_ADAPT,-1,30,3,40,1200,176,93.36501649324005
PRE_NMS_TOPN100,277ecf201ad045c3d518c56897f52639e4ef44714851b45535b90b656c2e1df8,S_ADAPT,-1,30,4,40,1200,153,80.34232017985393
PRE_NMS_TOPN100,277ecf201ad045c3d518c56897f52639e4ef44714851b45535b90b656c2e1df8,S_ADAPT,-1,30,5,40,1200,163,101.21456135637858
PRE_NMS_TOPN100,277ecf201ad045c3d518c56897f52639e4ef44714851b45535b90b656c2e1df8,S_ADAPT,-1,30,6,40,1200,165,92.71000949544423
PRE_NMS_TOPN100,277ecf201ad045c3d518c56897f52639e4ef44714851b45535b90b656c2e1df8,S_ADAPT,-1,30,7,40,1200,167,92.07221422173248
PRE_NMS_TOPN100,277ecf201ad045c3d518c56897f52639e4ef44714851b45535b90b656c2e1df8,S_ADAPT,-1,30,8,40,1200,166,94.95838068246633
PRE_NMS_TOPN100,277ecf201ad045c3d518c56897f52639e4ef44714851b45535b90b656c2e1df8,S_ADAPT,-1,30,9,40,1200,165,88.5855950642745
PRE_NMS_TOPN100,277ecf201ad045c3d518c56897f52639e4ef44714851b45535b90b656c2e1df8,S_ADAPT,-1,30,10,40,1200,162,93.46506125963339
PRE_NMS_TOPN100,277ecf201ad045c3d518c56897f52639e4ef44714851b45535b90b656c2e1df8,S_ADAPT,-1,30,11,40,1200,143,83.73371136799295
PRE_NMS_TOPN100,277ecf201ad045c3d518c56897f52639e4ef44714851b45535b90b656c2e1df8,S_ADAPT,-1,30,12,40,1200,156,90.8149386467567
PRE_NMS_TOPN100,277ecf201ad045c3d518c56897f52639e4ef44714851b45535b90b656c2e1df8,S_ADAPT,-1,30,13,40,1200,176,109.41509418969825
PRE_NMS_TOPN100,277ecf201ad045c3d518c56897f52639e4ef44714851b45535b90b656c2e1df8,S_ADAPT,-1,30,14,40,1200,171,98.58032329156323
PRE_NMS_TOPN100,277ecf201ad045c3d518c56897f52639e4ef44714851b45535b90b656c2e1df8,S_ADAPT,-1,30,15,40,1200,171,98.47331951984616
PRE_NMS_TOPN100,277ecf201ad045c3d518c56897f52639e4ef44714851b45535b90b656c2e1df8,S_ADAPT,-1,30,16,40,1200,159,94.49755544639534
PRE_NMS_TOPN100,277ecf201ad045c3d518c56897f52639e4ef44714851b45535b90b656c2e1df8,S_ADAPT,-1,30,17,40,1200,152,91.86677000036434
PRE_NMS_TOPN100,277ecf201ad045c3d518c56897f52639e4ef44714851b45535b90b656c2e1df8,S_ADAPT,-1,30,18,40,1200,181,100.62496869377541
PRE_NMS_TOPN100,277ecf201ad045c3d518c56897f52639e4ef44714851b45535b90b656c2e1df8,S_ADAPT,-1,30,19,40,1200,166,99.86556813504022
PRE_NMS_TOPN100,277ecf201ad045c3d518c56897f52639e4ef44714851b45535b90b656c2e1df8,S_ADAPT,-1,30,20,40,1200,172,99.86889876117466
PRE_NMS_TOPN100,277ecf201ad045c3d518c56897f52639e4ef44714851b45535b90b656c2e1df8,S_ADAPT,-1,30,21,40,1200,161,90.76387790315364
PRE_NMS_TOPN100,277ecf201ad045c3d518c56897f52639e4ef44714851b45535b90b656c2e1df8,S_ADAPT,-1,30,22,40,1200,165,96.6265284893853
PRE_NMS_TOPN100,277ecf201ad045c3d518c56897f52639e4ef44714851b45535b90b656c2e1df8,S_ADAPT,-1,30,23,40,1200,158,93.19646305712429
PRE_NMS_TOPN100,277ecf201ad045c3d518c56897f52639e4ef44714851b45535b90b656c2e1df8,S_ADAPT,-1,30,24,40,1200,155,85.53007699025545
PRE_NMS_TOPN100,277ecf201ad045c3d518c56897f52639e4ef44714851b45535b90b656c2e1df8,S_ADAPT,-1,30,25,40,1200,153,89.51527143210065
PRE_NMS_TOPN100,277ecf201ad045c3d518c56897f52639e4ef44714851b45535b90b656c2e1df8,S_ADAPT,-1,30,26,40,1200,166,90.59756411918485
PRE_NMS_TOPN100,277ecf201ad045c3d518c56897f52639e4ef44714851b45535b90b656c2e1df8,S_ADAPT,-1,30,27,40,1200,171,96.87461291641455
PRE_NMS_TOPN100,277ecf201ad045c3d518c56897f52639e4ef44714851b45535b90b656c2e1df8,S_ADAPT,-1,30,28,40,1200,175,102.94030523010262
PRE_NMS_TOPN100,277ecf201ad045c3d518c56897f52639e4ef44714851b45535b90b656c2e1df8,S_ADAPT,-1,30,29,40,1200,158,104.13128321276426
PRE_NMS_TOPN100,277ecf201ad045c3d518c56897f52639e4ef44714851b45535b90b656c2e1df8,S_ADAPT,-1,30,30,40,1200,161,89.23742593974146
PRE_NMS_TOPN100,277ecf201ad045c3d518c56897f52639e4ef44714851b45535b90b656c2e1df8,S_ADAPT,-1,30,31,40,1200,150,98.51704676307776
PRE_NMS_TOPN100,277ecf201ad045c3d518c56897f52639e4ef44714851b45535b90b656c2e1df8,S_ADAPT,-1,30,32,40,1200,149,89.51312135101733
PRE_NMS_TOPN100,277ecf201ad045c3d518c56897f52639e4ef44714851b45535b90b656c2e1df8,S_ADAPT,-1,30,33,40,1200,164,86.73460187023922
PRE_NMS_TOPN100,277ecf201ad045c3d518c56897f52639e4ef44714851b45535b90b656c2e1df8,S_ADAPT,-1,30,34,40,1200,152,91.94370314444569
PRE_NMS_TOPN100,277ecf201ad045c3d518c56897f52639e4ef44714851b45535b90b656c2e1df8,S_ADAPT,-1,30,35,40,1200,161,88.9385169711444
PRE_NMS_TOPN100,277ecf201ad045c3d518c56897f52639e4ef44714851b45535b90b656c2e1df8,S_ADAPT,-1,30,36,40,1200,184,106.70301059424673
PRE_NMS_TOPN100,277ecf201ad045c3d518c56897f52639e4ef44714851b45535b90b656c2e1df8,S_ADAPT,-1,30,37,40,1200,156,98.68231435859089
PRE_NMS_TOPN100,277ecf201ad045c3d518c56897f52639e4ef44714851b45535b90b656c2e1df8,S_ADAPT,-1,30,38,40,1200,154,82.42032205030445
PRE_NMS_TOPN100,277ecf201ad045c3d518c56897f52639e4ef44714851b45535b90b656c2e1df8,S_ADAPT,-1,30,39,40,1200,162,97.11711479078623
PRE_NMS_TOPN100,277ecf201ad045c3d518c56897f52639e4ef44714851b45535b90b656c2e1df8,S_ADAPT,-1,30,40,40,1200,163,95.98260096225793
PRE_NMS_TOPN100,277ecf201ad045c3d518c56897f52639e4ef44714851b45535b90b656c2e1df8,S_ADAPT,-1,30,41,40,1200,171,97.85175856135233
PRE_NMS_TOPN100,277ecf201ad045c3d518c56897f52639e4ef44714851b45535b90b656c2e1df8,S_ADAPT,-1,30,42,40,1200,173,98.60363026679565
PRE_NMS_TOPN100,277ecf201ad045c3d518c56897f52639e4ef44714851b45535b90b656c2e1df8,S_ADAPT,-1,30,43,40,1200,155,95.73346585566142
PRE_NMS_TOPN100,277ecf201ad045c3d518c56897f52639e4ef44714851b45535b90b656c2e1df8,S_ADAPT,-1,30,44,40,1200,158,96.58698270782335
PRE_NMS_TOPN100,277ecf201ad045c3d518c56897f52639e4ef44714851b45535b90b656c2e1df8,S_ADAPT,-1,30,45,40,1200,152,97.05550806647959
PRE_NMS_TOPN100,277ecf201ad045c3d518c56897f52639e4ef44714851b45535b90b656c2e1df8,S_ADAPT,-1,30,46,40,1200,170,102.37886482497551
PRE_NMS_TOPN100,277ecf201ad045c3d518c56897f52639e4ef44714851b45535b90b656c2e1df8,S_ADAPT,-1,30,47,40,1200,157,91.76600032750265
PRE_NMS_TOPN100,277ecf201ad045c3d518c56897f52639e4ef44714851b45535b90b656c2e1df8,S_ADAPT,-1,30,48,40,1200,169,96.00000803926244
PRE_NMS_TOPN100,277ecf201ad045c3d518c56897f52639e4ef44714851b45535b90b656c2e1df8,S_ADAPT,-1,30,49,40,1200,158,88.76219847970148
PRE_NMS_TOPN100,277ecf201ad045c3d518c56897f52639e4ef44714851b45535b90b656c2e1df8,S_ADAPT,-1,40,0,40,1600,218,121.27144282483032
PRE_NMS_TOPN100,277ecf201ad045c3d518c56897f52639e4ef44714851b45535b90b656c2e1df8,S_ADAPT,-1,40,1,40,1600,206,119.0140078916276
PRE_NMS_TOPN100,277ecf201ad045c3d518c56897f52639e4ef44714851b45535b90b656c2e1df8,S_ADAPT,-1,40,2,40,1600,224,127.57194578295866
PRE_NMS_TOPN100,277ecf201ad045c3d518c56897f52639e4ef44714851b45535b90b656c2e1df8,S_ADAPT,-1,40,3,40,1600,220,117.10416875145198
PRE_NMS_TOPN100,277ecf201ad045c3d518c56897f52639e4ef44714851b45535b90b656c2e1df8,S_ADAPT,-1,40,4,40,1600,188,102.00780708778521
PRE_NMS_TOPN100,277ecf201ad045c3d518c56897f52639e4ef44714851b45535b90b656c2e1df8,S_ADAPT,-1,40,5,40,1600,206,129.26361606524054
PRE_NMS_TOPN100,277ecf201ad045c3d518c56897f52639e4ef44714851b45535b90b656c2e1df8,S_ADAPT,-1,40,6,40,1600,215,123.38179967102596
PRE_NMS_TOPN100,277ecf201ad045c3d518c56897f52639e4ef44714851b45535b90b656c2e1df8,S_ADAPT,-1,40,7,40,1600,222,119.04191222738687
PRE_NMS_TOPN100,277ecf201ad045c3d518c56897f52639e4ef44714851b45535b90b656c2e1df8,S_ADAPT,-1,40,8,40,1600,206,120.96800198314294
PRE_NMS_TOPN100,277ecf201ad045c3d518c56897f52639e4ef44714851b45535b90b656c2e1df8,S_ADAPT,-1,40,9,40,1600,207,113.50261783561558
PRE_NMS_TOPN100,277ecf201ad045c3d518c56897f52639e4ef44714851b45535b90b656c2e1df8,S_ADAPT,-1,40,10,40,1600,207,111.65016704537906
PRE_NMS_TOPN100,277ecf201ad045c3d518c56897f52639e4ef44714851b45535b90b656c2e1df8,S_ADAPT,-1,40,11,40,1600,200,112.15970365463241
PRE_NMS_TOPN100,277ecf201ad045c3d518c56897f52639e4ef44714851b45535b90b656c2e1df8,S_ADAPT,-1,40,12,40,1600,194,113.81058267755931
PRE_NMS_TOPN100,277ecf201ad045c3d518c56897f52639e4ef44714851b45535b90b656c2e1df8,S_ADAPT,-1,40,13,40,1600,219,135.2811427700873
PRE_NMS_TOPN100,277ecf201ad045c3d518c56897f52639e4ef44714851b45535b90b656c2e1df8,S_ADAPT,-1,40,14,40,1600,218,127.47129031948235
PRE_NMS_TOPN100,277ecf201ad045c3d518c56897f52639e4ef44714851b45535b90b656c2e1df8,S_ADAPT,-1,40,15,40,1600,213,116.8806373321428
PRE_NMS_TOPN100,277ecf201ad045c3d518c56897f52639e4ef44714851b45535b90b656c2e1df8,S_ADAPT,-1,40,16,40,1600,200,117.03848185622083
PRE_NMS_TOPN100,277ecf201ad045c3d518c56897f52639e4ef44714851b45535b90b656c2e1df8,S_ADAPT,-1,40,17,40,1600,194,115.06239384567986
PRE_NMS_TOPN100,277ecf201ad045c3d518c56897f52639e4ef44714851b45535b90b656c2e1df8,S_ADAPT,-1,40,18,40,1600,219,130.5956467727397
PRE_NMS_TOPN100,277ecf201ad045c3d518c56897f52639e4ef44714851b45535b90b656c2e1df8,S_ADAPT,-1,40,19,40,1600,207,127.95531281251199
PRE_NMS_TOPN100,277ecf201ad045c3d518c56897f52639e4ef44714851b45535b90b656c2e1df8,S_ADAPT,-1,40,20,40,1600,221,121.5154963575785
PRE_NMS_TOPN100,277ecf201ad045c3d518c56897f52639e4ef44714851b45535b90b656c2e1df8,S_ADAPT,-1,40,21,40,1600,204,107.6149501755525
PRE_NMS_TOPN100,277ecf201ad045c3d518c56897f52639e4ef44714851b45535b90b656c2e1df8,S_ADAPT,-1,40,22,40,1600,221,128.0960799691014
PRE_NMS_TOPN100,277ecf201ad045c3d518c56897f52639e4ef44714851b45535b90b656c2e1df8,S_ADAPT,-1,40,23,40,1600,196,113.75026677127218
PRE_NMS_TOPN100,277ecf201ad045c3d518c56897f52639e4ef44714851b45535b90b656c2e1df8,S_ADAPT,-1,40,24,40,1600,187,107.60357350652379
PRE_NMS_TOPN100,277ecf201ad045c3d518c56897f52639e4ef44714851b45535b90b656c2e1df8,S_ADAPT,-1,40,25,40,1600,193,108.65856861851474
PRE_NMS_TOPN100,277ecf201ad045c3d518c56897f52639e4ef44714851b45535b90b656c2e1df8,S_ADAPT,-1,40,26,40,1600,205,116.57168729806838
PRE_NMS_TOPN100,277ecf201ad045c3d518c56897f52639e4ef44714851b45535b90b656c2e1df8,S_ADAPT,-1,40,27,40,1600,219,122.18244593595418
PRE_NMS_TOPN100,277ecf201ad045c3d518c56897f52639e4ef44714851b45535b90b656c2e1df8,S_ADAPT,-1,40,28,40,1600,221,132.13777107623562
PRE_NMS_TOPN100,277ecf201ad045c3d518c56897f52639e4ef44714851b45535b90b656c2e1df8,S_ADAPT,-1,40,29,40,1600,207,129.14075696446486
PRE_NMS_TOPN100,277ecf201ad045c3d518c56897f52639e4ef44714851b45535b90b656c2e1df8,S_ADAPT,-1,40,30,40,1600,216,116.61535748139201
PRE_NMS_TOPN100,277ecf201ad045c3d518c56897f52639e4ef44714851b45535b90b656c2e1df8,S_ADAPT,-1,40,31,40,1600,195,128.2830866706773
PRE_NMS_TOPN100,277ecf201ad045c3d518c56897f52639e4ef44714851b45535b90b656c2e1df8,S_ADAPT,-1,40,32,40,1600,209,120.76614913869682
PRE_NMS_TOPN100,277ecf201ad045c3d518c56897f52639e4ef44714851b45535b90b656c2e1df8,S_ADAPT,-1,40,33,40,1600,198,107.23609487187936
PRE_NMS_TOPN100,277ecf201ad045c3d518c56897f52639e4ef44714851b45535b90b656c2e1df8,S_ADAPT,-1,40,34,40,1600,199,119.16735305377097
PRE_NMS_TOPN100,277ecf201ad045c3d518c56897f52639e4ef44714851b45535b90b656c2e1df8,S_ADAPT,-1,40,35,40,1600,197,107.99387490307916
PRE_NMS_TOPN100,277ecf201ad045c3d518c56897f52639e4ef44714851b45535b90b656c2e1df8,S_ADAPT,-1,40,36,40,1600,230,132.90142645691103
PRE_NMS_TOPN100,277ecf201ad045c3d518c56897f52639e4ef44714851b45535b90b656c2e1df8,S_ADAPT,-1,40,37,40,1600,197,126.42432054848092
PRE_NMS_TOPN100,277ecf201ad045c3d518c56897f52639e4ef44714851b45535b90b656c2e1df8,S_ADAPT,-1,40,38,40,1600,197,100.60218678097932
PRE_NMS_TOPN100,277ecf201ad045c3d518c56897f52639e4ef44714851b45535b90b656c2e1df8,S_ADAPT,-1,40,39,40,1600,215,130.57778743887476
PRE_NMS_TOPN100,277ecf201ad045c3d518c56897f52639e4ef44714851b45535b90b656c2e1df8,S_ADAPT,-1,40,40,40,1600,202,114.4399086913803
PRE_NMS_TOPN100,277ecf201ad045c3d518c56897f52639e4ef44714851b45535b90b656c2e1df8,S_ADAPT,-1,40,41,40,1600,226,122.06952990206362
PRE_NMS_TOPN100,277ecf201ad045c3d518c56897f52639e4ef44714851b45535b90b656c2e1df8,S_ADAPT,-1,40,42,40,1600,228,136.51367383127018
PRE_NMS_TOPN100,277ecf201ad045c3d518c56897f52639e4ef44714851b45535b90b656c2e1df8,S_ADAPT,-1,40,43,40,1600,204,122.92334395258578
PRE_NMS_TOPN100,277ecf201ad045c3d518c56897f52639e4ef44714851b45535b90b656c2e1df8,S_ADAPT,-1,40,44,40,1600,211,132.50013122433384
PRE_NMS_TOPN100,277ecf201ad045c3d518c56897f52639e4ef44714851b45535b90b656c2e1df8,S_ADAPT,-1,40,45,40,1600,197,122.07482753073712
PRE_NMS_TOPN100,277ecf201ad045c3d518c56897f52639e4ef44714851b45535b90b656c2e1df8,S_ADAPT,-1,40,46,40,1600,220,134.21105350393998
PRE_NMS_TOPN100,277ecf201ad045c3d518c56897f52639e4ef44714851b45535b90b656c2e1df8,S_ADAPT,-1,40,47,40,1600,203,112.7752179943573
PRE_NMS_TOPN100,277ecf201ad045c3d518c56897f52639e4ef44714851b45535b90b656c2e1df8,S_ADAPT,-1,40,48,40,1600,223,123.09256129884493
PRE_NMS_TOPN100,277ecf201ad045c3d518c56897f52639e4ef44714851b45535b90b656c2e1df8,S_ADAPT,-1,40,49,40,1600,212,119.10886530231582
PRE_NMS_TOPN100,277ecf201ad045c3d518c56897f52639e4ef44714851b45535b90b656c2e1df8,S_FIXED,-1,10,0,40,400,99,58.45755667455366
PRE_NMS_TOPN100,277ecf201ad045c3d518c56897f52639e4ef44714851b45535b90b656c2e1df8,S_FIXED,-1,10,1,40,400,95,53.55196172947112
PRE_NMS_TOPN100,277ecf201ad045c3d518c56897f52639e4ef44714851b45535b90b656c2e1df8,S_FIXED,-1,10,2,40,400,101,54.79371946816874
PRE_NMS_TOPN100,277ecf201ad045c3d518c56897f52639e4ef44714851b45535b90b656c2e1df8,S_FIXED,-1,10,3,40,400,118,61.154990124319426
PRE_NMS_TOPN100,277ecf201ad045c3d518c56897f52639e4ef44714851b45535b90b656c2e1df8,S_FIXED,-1,10,4,40,400,79,44.33475368044486
PRE_NMS_TOPN100,277ecf201ad045c3d518c56897f52639e4ef44714851b45535b90b656c2e1df8,S_FIXED,-1,10,5,40,400,89,50.58171170282871
PRE_NMS_TOPN100,277ecf201ad045c3d518c56897f52639e4ef44714851b45535b90b656c2e1df8,S_FIXED,-1,10,6,40,400,82,46.830655657321216
PRE_NMS_TOPN100,277ecf201ad045c3d518c56897f52639e4ef44714851b45535b90b656c2e1df8,S_FIXED,-1,10,7,40,400,103,55.88905413734886
PRE_NMS_TOPN100,277ecf201ad045c3d518c56897f52639e4ef44714851b45535b90b656c2e1df8,S_FIXED,-1,10,8,40,400,102,56.023241274773845
PRE_NMS_TOPN100,277ecf201ad045c3d518c56897f52639e4ef44714851b45535b90b656c2e1df8,S_FIXED,-1,10,9,40,400,91,50.089195311586586
PRE_NMS_TOPN100,277ecf201ad045c3d518c56897f52639e4ef44714851b45535b90b656c2e1df8,S_FIXED,-1,10,10,40,400,90,51.4417027922983
PRE_NMS_TOPN100,277ecf201ad045c3d518c56897f52639e4ef44714851b45535b90b656c2e1df8,S_FIXED,-1,10,11,40,400,91,52.798888777071944
PRE_NMS_TOPN100,277ecf201ad045c3d518c56897f52639e4ef44714851b45535b90b656c2e1df8,S_FIXED,-1,10,12,40,400,96,52.11147414516524
PRE_NMS_TOPN100,277ecf201ad045c3d518c56897f52639e4ef44714851b45535b90b656c2e1df8,S_FIXED,-1,10,13,40,400,96,57.48600979306657
PRE_NMS_TOPN100,277ecf201ad045c3d518c56897f52639e4ef44714851b45535b90b656c2e1df8,S_FIXED,-1,10,14,40,400,104,60.18909072823184
PRE_NMS_TOPN100,277ecf201ad045c3d518c56897f52639e4ef44714851b45535b90b656c2e1df8,S_FIXED,-1,10,15,40,400,100,57.05396830302877
PRE_NMS_TOPN100,277ecf201ad045c3d518c56897f52639e4ef44714851b45535b90b656c2e1df8,S_FIXED,-1,10,16,40,400,91,53.824953512058066
PRE_NMS_TOPN100,277ecf201ad045c3d518c56897f52639e4ef44714851b45535b90b656c2e1df8,S_FIXED,-1,10,17,40,400,89,53.33839416852122
PRE_NMS_TOPN100,277ecf201ad045c3d518c56897f52639e4ef44714851b45535b90b656c2e1df8,S_FIXED,-1,10,18,40,400,98,56.29885947893163
PRE_NMS_TOPN100,277ecf201ad045c3d518c56897f52639e4ef44714851b45535b90b656c2e1df8,S_FIXED,-1,10,19,40,400,98,58.1353407307242
PRE_NMS_TOPN100,277ecf201ad045c3d518c56897f52639e4ef44714851b45535b90b656c2e1df8,S_FIXED,-1,10,20,40,400,105,62.76146571949516
PRE_NMS_TOPN100,277ecf201ad045c3d518c56897f52639e4ef44714851b45535b90b656c2e1df8,S_FIXED,-1,10,21,40,400,77,43.954978117382964
PRE_NMS_TOPN100,277ecf201ad045c3d518c56897f52639e4ef44714851b45535b90b656c2e1df8,S_FIXED,-1,10,22,40,400,97,57.1245738407741
PRE_NMS_TOPN100,277ecf201ad045c3d518c56897f52639e4ef44714851b45535b90b656c2e1df8,S_FIXED,-1,10,23,40,400,84,49.24623680407378
PRE_NMS_TOPN100,277ecf201ad045c3d518c56897f52639e4ef44714851b45535b90b656c2e1df8,S_FIXED,-1,10,24,40,400,87,45.92702689568367
PRE_NMS_TOPN100,277ecf201ad045c3d518c56897f52639e4ef44714851b45535b90b656c2e1df8,S_FIXED,-1,10,25,40,400,86,49.44280035780559
PRE_NMS_TOPN100,277ecf201ad045c3d518c56897f52639e4ef44714851b45535b90b656c2e1df8,S_FIXED,-1,10,26,40,400,103,56.78351730736598
PRE_NMS_TOPN100,277ecf201ad045c3d518c56897f52639e4ef44714851b45535b90b656c2e1df8,S_FIXED,-1,10,27,40,400,95,52.5654467124639
PRE_NMS_TOPN100,277ecf201ad045c3d518c56897f52639e4ef44714851b45535b90b656c2e1df8,S_FIXED,-1,10,28,40,400,107,61.29098920578326
PRE_NMS_TOPN100,277ecf201ad045c3d518c56897f52639e4ef44714851b45535b90b656c2e1df8,S_FIXED,-1,10,29,40,400,89,57.82299458307877
PRE_NMS_TOPN100,277ecf201ad045c3d518c56897f52639e4ef44714851b45535b90b656c2e1df8,S_FIXED,-1,10,30,40,400,88,51.23515916941409
PRE_NMS_TOPN100,277ecf201ad045c3d518c56897f52639e4ef44714851b45535b90b656c2e1df8,S_FIXED,-1,10,31,40,400,95,59.618965008388805
PRE_NMS_TOPN100,277ecf201ad045c3d518c56897f52639e4ef44714851b45535b90b656c2e1df8,S_FIXED,-1,10,32,40,400,91,54.96747253436576
PRE_NMS_TOPN100,277ecf201ad045c3d518c56897f52639e4ef44714851b45535b90b656c2e1df8,S_FIXED,-1,10,33,40,400,96,54.27329874116733
PRE_NMS_TOPN100,277ecf201ad045c3d518c56897f52639e4ef44714851b45535b90b656c2e1df8,S_FIXED,-1,10,34,40,400,90,53.2007947067321
PRE_NMS_TOPN100,277ecf201ad045c3d518c56897f52639e4ef44714851b45535b90b656c2e1df8,S_FIXED,-1,10,35,40,400,93,54.04014160054336
PRE_NMS_TOPN100,277ecf201ad045c3d518c56897f52639e4ef44714851b45535b90b656c2e1df8,S_FIXED,-1,10,36,40,400,107,63.38812446263046
PRE_NMS_TOPN100,277ecf201ad045c3d518c56897f52639e4ef44714851b45535b90b656c2e1df8,S_FIXED,-1,10,37,40,400,88,55.611489632556754
PRE_NMS_TOPN100,277ecf201ad045c3d518c56897f52639e4ef44714851b45535b90b656c2e1df8,S_FIXED,-1,10,38,40,400,89,50.416008615942914
PRE_NMS_TOPN100,277ecf201ad045c3d518c56897f52639e4ef44714851b45535b90b656c2e1df8,S_FIXED,-1,10,39,40,400,91,51.225965003054974
PRE_NMS_TOPN100,277ecf201ad045c3d518c56897f52639e4ef44714851b45535b90b656c2e1df8,S_FIXED,-1,10,40,40,400,97,54.883083897263035
PRE_NMS_TOPN100,277ecf201ad045c3d518c56897f52639e4ef44714851b45535b90b656c2e1df8,S_FIXED,-1,10,41,40,400,105,55.49680644015918
PRE_NMS_TOPN100,277ecf201ad045c3d518c56897f52639e4ef44714851b45535b90b656c2e1df8,S_FIXED,-1,10,42,40,400,93,51.663589045750356
PRE_NMS_TOPN100,277ecf201ad045c3d518c56897f52639e4ef44714851b45535b90b656c2e1df8,S_FIXED,-1,10,43,40,400,91,56.22960969194774
PRE_NMS_TOPN100,277ecf201ad045c3d518c56897f52639e4ef44714851b45535b90b656c2e1df8,S_FIXED,-1,10,44,40,400,99,57.10969133990064
PRE_NMS_TOPN100,277ecf201ad045c3d518c56897f52639e4ef44714851b45535b90b656c2e1df8,S_FIXED,-1,10,45,40,400,91,55.43285428184879
PRE_NMS_TOPN100,277ecf201ad045c3d518c56897f52639e4ef44714851b45535b90b656c2e1df8,S_FIXED,-1,10,46,40,400,92,54.71175347218784
PRE_NMS_TOPN100,277ecf201ad045c3d518c56897f52639e4ef44714851b45535b90b656c2e1df8,S_FIXED,-1,10,47,40,400,95,55.26476097542742
PRE_NMS_TOPN100,277ecf201ad045c3d518c56897f52639e4ef44714851b45535b90b656c2e1df8,S_FIXED,-1,10,48,40,400,98,57.62457429977629
PRE_NMS_TOPN100,277ecf201ad045c3d518c56897f52639e4ef44714851b45535b90b656c2e1df8,S_FIXED,-1,10,49,40,400,96,52.6713550190819
PRE_NMS_TOPN100,277ecf201ad045c3d518c56897f52639e4ef44714851b45535b90b656c2e1df8,S_FIXED,-1,15,0,40,600,124,70.81831162314194
PRE_NMS_TOPN100,277ecf201ad045c3d518c56897f52639e4ef44714851b45535b90b656c2e1df8,S_FIXED,-1,15,1,40,600,112,65.74646389041555
PRE_NMS_TOPN100,277ecf201ad045c3d518c56897f52639e4ef44714851b45535b90b656c2e1df8,S_FIXED,-1,15,2,40,600,129,73.09096765938781
PRE_NMS_TOPN100,277ecf201ad045c3d518c56897f52639e4ef44714851b45535b90b656c2e1df8,S_FIXED,-1,15,3,40,600,140,75.37472724992925
PRE_NMS_TOPN100,277ecf201ad045c3d518c56897f52639e4ef44714851b45535b90b656c2e1df8,S_FIXED,-1,15,4,40,600,106,59.06899927088263
PRE_NMS_TOPN100,277ecf201ad045c3d518c56897f52639e4ef44714851b45535b90b656c2e1df8,S_FIXED,-1,15,5,40,600,108,62.30320141755845
PRE_NMS_TOPN100,277ecf201ad045c3d518c56897f52639e4ef44714851b45535b90b656c2e1df8,S_FIXED,-1,15,6,40,600,99,56.24503795716225
PRE_NMS_TOPN100,277ecf201ad045c3d518c56897f52639e4ef44714851b45535b90b656c2e1df8,S_FIXED,-1,15,7,40,600,123,68.60892424254757
PRE_NMS_TOPN100,277ecf201ad045c3d518c56897f52639e4ef44714851b45535b90b656c2e1df8,S_FIXED,-1,15,8,40,600,121,67.56581071481155
PRE_NMS_TOPN100,277ecf201ad045c3d518c56897f52639e4ef44714851b45535b90b656c2e1df8,S_FIXED,-1,15,9,40,600,108,59.01410692233587
PRE_NMS_TOPN100,277ecf201ad045c3d518c56897f52639e4ef44714851b45535b90b656c2e1df8,S_FIXED,-1,15,10,40,600,112,63.198344708512096
PRE_NMS_TOPN100,277ecf201ad045c3d518c56897f52639e4ef44714851b45535b90b656c2e1df8,S_FIXED,-1,15,11,40,600,109,61.804846124413366
PRE_NMS_TOPN100,277ecf201ad045c3d518c56897f52639e4ef44714851b45535b90b656c2e1df8,S_FIXED,-1,15,12,40,600,116,63.960347050496416
PRE_NMS_TOPN100,277ecf201ad045c3d518c56897f52639e4ef44714851b45535b90b656c2e1df8,S_FIXED,-1,15,13,40,600,108,66.10378725019726
PRE_NMS_TOPN100,277ecf201ad045c3d518c56897f52639e4ef44714851b45535b90b656c2e1df8,S_FIXED,-1,15,14,40,600,123,70.47543527286102
PRE_NMS_TOPN100,277ecf201ad045c3d518c56897f52639e4ef44714851b45535b90b656c2e1df8,S_FIXED,-1,15,15,40,600,123,70.36768644746549
PRE_NMS_TOPN100,277ecf201ad045c3d518c56897f52639e4ef44714851b45535b90b656c2e1df8,S_FIXED,-1,15,16,40,600,115,66.49214234611831
PRE_NMS_TOPN100,277ecf201ad045c3d518c56897f52639e4ef44714851b45535b90b656c2e1df8,S_FIXED,-1,15,17,40,600,114,66.52420799633715
PRE_NMS_TOPN100,277ecf201ad045c3d518c56897f52639e4ef44714851b45535b90b656c2e1df8,S_FIXED,-1,15,18,40,600,120,70.01901148970182
PRE_NMS_TOPN100,277ecf201ad045c3d518c56897f52639e4ef44714851b45535b90b656c2e1df8,S_FIXED,-1,15,19,40,600,127,73.54988744393935
PRE_NMS_TOPN100,277ecf201ad045c3d518c56897f52639e4ef44714851b45535b90b656c2e1df8,S_FIXED,-1,15,20,40,600,129,75.17964986713739
PRE_NMS_TOPN100,277ecf201ad045c3d518c56897f52639e4ef44714851b45535b90b656c2e1df8,S_FIXED,-1,15,21,40,600,100,55.82750840936717
PRE_NMS_TOPN100,277ecf201ad045c3d518c56897f52639e4ef44714851b45535b90b656c2e1df8,S_FIXED,-1,15,22,40,600,126,72.64452394538104
PRE_NMS_TOPN100,277ecf201ad045c3d518c56897f52639e4ef44714851b45535b90b656c2e1df8,S_FIXED,-1,15,23,40,600,105,61.544745756533736
PRE_NMS_TOPN100,277ecf201ad045c3d518c56897f52639e4ef44714851b45535b90b656c2e1df8,S_FIXED,-1,15,24,40,600,107,56.058303905194265
PRE_NMS_TOPN100,277ecf201ad045c3d518c56897f52639e4ef44714851b45535b90b656c2e1df8,S_FIXED,-1,15,25,40,600,111,63.012547126726005
PRE_NMS_TOPN100,277ecf201ad045c3d518c56897f52639e4ef44714851b45535b90b656c2e1df8,S_FIXED,-1,15,26,40,600,122,66.05710387587892
PRE_NMS_TOPN100,277ecf201ad045c3d518c56897f52639e4ef44714851b45535b90b656c2e1df8,S_FIXED,-1,15,27,40,600,116,64.731759613665
PRE_NMS_TOPN100,277ecf201ad045c3d518c56897f52639e4ef44714851b45535b90b656c2e1df8,S_FIXED,-1,15,28,40,600,125,72.21799558414726
PRE_NMS_TOPN100,277ecf201ad045c3d518c56897f52639e4ef44714851b45535b90b656c2e1df8,S_FIXED,-1,15,29,40,600,118,78.76298316485426
PRE_NMS_TOPN100,277ecf201ad045c3d518c56897f52639e4ef44714851b45535b90b656c2e1df8,S_FIXED,-1,15,30,40,600,109,61.71806726777507
PRE_NMS_TOPN100,277ecf201ad045c3d518c56897f52639e4ef44714851b45535b90b656c2e1df8,S_FIXED,-1,15,31,40,600,129,83.09140830481799
PRE_NMS_TOPN100,277ecf201ad045c3d518c56897f52639e4ef44714851b45535b90b656c2e1df8,S_FIXED,-1,15,32,40,600,114,67.19690690555213
PRE_NMS_TOPN100,277ecf201ad045c3d518c56897f52639e4ef44714851b45535b90b656c2e1df8,S_FIXED,-1,15,33,40,600,109,60.5430834618791
PRE_NMS_TOPN100,277ecf201ad045c3d518c56897f52639e4ef44714851b45535b90b656c2e1df8,S_FIXED,-1,15,34,40,600,114,66.24115050995113
PRE_NMS_TOPN100,277ecf201ad045c3d518c56897f52639e4ef44714851b45535b90b656c2e1df8,S_FIXED,-1,15,35,40,600,119,66.43637452371462
PRE_NMS_TOPN100,277ecf201ad045c3d518c56897f52639e4ef44714851b45535b90b656c2e1df8,S_FIXED,-1,15,36,40,600,127,74.86623682913155
PRE_NMS_TOPN100,277ecf201ad045c3d518c56897f52639e4ef44714851b45535b90b656c2e1df8,S_FIXED,-1,15,37,40,600,109,70.6004282439269
PRE_NMS_TOPN100,277ecf201ad045c3d518c56897f52639e4ef44714851b45535b90b656c2e1df8,S_FIXED,-1,15,38,40,600,115,61.86389585100271
PRE_NMS_TOPN100,277ecf201ad045c3d518c56897f52639e4ef44714851b45535b90b656c2e1df8,S_FIXED,-1,15,39,40,600,107,60.5564350062808
PRE_NMS_TOPN100,277ecf201ad045c3d518c56897f52639e4ef44714851b45535b90b656c2e1df8,S_FIXED,-1,15,40,40,600,114,62.920735418188166
PRE_NMS_TOPN100,277ecf201ad045c3d518c56897f52639e4ef44714851b45535b90b656c2e1df8,S_FIXED,-1,15,41,40,600,128,69.7446432544487
PRE_NMS_TOPN100,277ecf201ad045c3d518c56897f52639e4ef44714851b45535b90b656c2e1df8,S_FIXED,-1,15,42,40,600,113,61.84264489467838
PRE_NMS_TOPN100,277ecf201ad045c3d518c56897f52639e4ef44714851b45535b90b656c2e1df8,S_FIXED,-1,15,43,40,600,111,68.75420706143416
PRE_NMS_TOPN100,277ecf201ad045c3d518c56897f52639e4ef44714851b45535b90b656c2e1df8,S_FIXED,-1,15,44,40,600,120,70.96777252197586
PRE_NMS_TOPN100,277ecf201ad045c3d518c56897f52639e4ef44714851b45535b90b656c2e1df8,S_FIXED,-1,15,45,40,600,112,68.09671642619156
PRE_NMS_TOPN100,277ecf201ad045c3d518c56897f52639e4ef44714851b45535b90b656c2e1df8,S_FIXED,-1,15,46,40,600,116,70.8117847274685
PRE_NMS_TOPN100,277ecf201ad045c3d518c56897f52639e4ef44714851b45535b90b656c2e1df8,S_FIXED,-1,15,47,40,600,121,70.73693224061694
PRE_NMS_TOPN100,277ecf201ad045c3d518c56897f52639e4ef44714851b45535b90b656c2e1df8,S_FIXED,-1,15,48,40,600,125,71.17236984422576
PRE_NMS_TOPN100,277ecf201ad045c3d518c56897f52639e4ef44714851b45535b90b656c2e1df8,S_FIXED,-1,15,49,40,600,116,62.56124576653001
PRE_NMS_TOPN100,277ecf201ad045c3d518c56897f52639e4ef44714851b45535b90b656c2e1df8,S_FIXED,-1,20,0,40,800,140,83.01419417316953
PRE_NMS_TOPN100,277ecf201ad045c3d518c56897f52639e4ef44714851b45535b90b656c2e1df8,S_FIXED,-1,20,1,40,800,131,76.43166866255451
PRE_NMS_TOPN100,277ecf201ad045c3d518c56897f52639e4ef44714851b45535b90b656c2e1df8,S_FIXED,-1,20,2,40,800,151,86.10212437241108
PRE_NMS_TOPN100,277ecf201ad045c3d518c56897f52639e4ef44714851b45535b90b656c2e1df8,S_FIXED,-1,20,3,40,800,156,83.60561563486871
PRE_NMS_TOPN100,277ecf201ad045c3d518c56897f52639e4ef44714851b45535b90b656c2e1df8,S_FIXED,-1,20,4,40,800,128,69.81953659041513
PRE_NMS_TOPN100,277ecf201ad045c3d518c56897f52639e4ef44714851b45535b90b656c2e1df8,S_FIXED,-1,20,5,40,800,133,80.44940903152305
PRE_NMS_TOPN100,277ecf201ad045c3d518c56897f52639e4ef44714851b45535b90b656c2e1df8,S_FIXED,-1,20,6,40,800,119,68.81016630034131
PRE_NMS_TOPN100,277ecf201ad045c3d518c56897f52639e4ef44714851b45535b90b656c2e1df8,S_FIXED,-1,20,7,40,800,141,79.03315317294995
PRE_NMS_TOPN100,277ecf201ad045c3d518c56897f52639e4ef44714851b45535b90b656c2e1df8,S_FIXED,-1,20,8,40,800,147,83.63848733509097
PRE_NMS_TOPN100,277ecf201ad045c3d518c56897f52639e4ef44714851b45535b90b656c2e1df8,S_FIXED,-1,20,9,40,800,137,74.84959944412722
PRE_NMS_TOPN100,277ecf201ad045c3d518c56897f52639e4ef44714851b45535b90b656c2e1df8,S_FIXED,-1,20,10,40,800,126,70.23654501219087
PRE_NMS_TOPN100,277ecf201ad045c3d518c56897f52639e4ef44714851b45535b90b656c2e1df8,S_FIXED,-1,20,11,40,800,127,73.6119990834722
PRE_NMS_TOPN100,277ecf201ad045c3d518c56897f52639e4ef44714851b45535b90b656c2e1df8,S_FIXED,-1,20,12,40,800,141,79.9602926902689
PRE_NMS_TOPN100,277ecf201ad045c3d518c56897f52639e4ef44714851b45535b90b656c2e1df8,S_FIXED,-1,20,13,40,800,141,85.73252816783899
PRE_NMS_TOPN100,277ecf201ad045c3d518c56897f52639e4ef44714851b45535b90b656c2e1df8,S_FIXED,-1,20,14,40,800,145,82.99583047877303
PRE_NMS_TOPN100,277ecf201ad045c3d518c56897f52639e4ef44714851b45535b90b656c2e1df8,S_FIXED,-1,20,15,40,800,144,80.99767309795877
PRE_NMS_TOPN100,277ecf201ad045c3d518c56897f52639e4ef44714851b45535b90b656c2e1df8,S_FIXED,-1,20,16,40,800,133,78.13571766105296
PRE_NMS_TOPN100,277ecf201ad045c3d518c56897f52639e4ef44714851b45535b90b656c2e1df8,S_FIXED,-1,20,17,40,800,132,77.24184897732569
PRE_NMS_TOPN100,277ecf201ad045c3d518c56897f52639e4ef44714851b45535b90b656c2e1df8,S_FIXED,-1,20,18,40,800,146,84.83633868842969
PRE_NMS_TOPN100,277ecf201ad045c3d518c56897f52639e4ef44714851b45535b90b656c2e1df8,S_FIXED,-1,20,19,40,800,157,90.55552233623058
PRE_NMS_TOPN100,277ecf201ad045c3d518c56897f52639e4ef44714851b45535b90b656c2e1df8,S_FIXED,-1,20,20,40,800,149,85.30676949860539
PRE_NMS_TOPN100,277ecf201ad045c3d518c56897f52639e4ef44714851b45535b90b656c2e1df8,S_FIXED,-1,20,21,40,800,126,67.49686655371646
PRE_NMS_TOPN100,277ecf201ad045c3d518c56897f52639e4ef44714851b45535b90b656c2e1df8,S_FIXED,-1,20,22,40,800,143,82.65612575970938
PRE_NMS_TOPN100,277ecf201ad045c3d518c56897f52639e4ef44714851b45535b90b656c2e1df8,S_FIXED,-1,20,23,40,800,119,71.2267572775463
PRE_NMS_TOPN100,277ecf201ad045c3d518c56897f52639e4ef44714851b45535b90b656c2e1df8,S_FIXED,-1,20,24,40,800,125,71.64400190135731
PRE_NMS_TOPN100,277ecf201ad045c3d518c56897f52639e4ef44714851b45535b90b656c2e1df8,S_FIXED,-1,20,25,40,800,126,70.35617542184131
PRE_NMS_TOPN100,277ecf201ad045c3d518c56897f52639e4ef44714851b45535b90b656c2e1df8,S_FIXED,-1,20,26,40,800,136,73.54656075422187
PRE_NMS_TOPN100,277ecf201ad045c3d518c56897f52639e4ef44714851b45535b90b656c2e1df8,S_FIXED,-1,20,27,40,800,142,76.49122330437007
PRE_NMS_TOPN100,277ecf201ad045c3d518c56897f52639e4ef44714851b45535b90b656c2e1df8,S_FIXED,-1,20,28,40,800,148,87.02330684202475
PRE_NMS_TOPN100,277ecf201ad045c3d518c56897f52639e4ef44714851b45535b90b656c2e1df8,S_FIXED,-1,20,29,40,800,134,89.7668779017678
PRE_NMS_TOPN100,277ecf201ad045c3d518c56897f52639e4ef44714851b45535b90b656c2e1df8,S_FIXED,-1,20,30,40,800,129,71.61248988831348
PRE_NMS_TOPN100,277ecf201ad045c3d518c56897f52639e4ef44714851b45535b90b656c2e1df8,S_FIXED,-1,20,31,40,800,147,96.59208049246482
PRE_NMS_TOPN100,277ecf201ad045c3d518c56897f52639e4ef44714851b45535b90b656c2e1df8,S_FIXED,-1,20,32,40,800,135,79.58039898140467
PRE_NMS_TOPN100,277ecf201ad045c3d518c56897f52639e4ef44714851b45535b90b656c2e1df8,S_FIXED,-1,20,33,40,800,123,66.7073304346036
PRE_NMS_TOPN100,277ecf201ad045c3d518c56897f52639e4ef44714851b45535b90b656c2e1df8,S_FIXED,-1,20,34,40,800,130,76.07818478055043
PRE_NMS_TOPN100,277ecf201ad045c3d518c56897f52639e4ef44714851b45535b90b656c2e1df8,S_FIXED,-1,20,35,40,800,139,78.67716935313655
PRE_NMS_TOPN100,277ecf201ad045c3d518c56897f52639e4ef44714851b45535b90b656c2e1df8,S_FIXED,-1,20,36,40,800,156,91.07522209318061
PRE_NMS_TOPN100,277ecf201ad045c3d518c56897f52639e4ef44714851b45535b90b656c2e1df8,S_FIXED,-1,20,37,40,800,130,83.15899277873466
PRE_NMS_TOPN100,277ecf201ad045c3d518c56897f52639e4ef44714851b45535b90b656c2e1df8,S_FIXED,-1,20,38,40,800,137,73.27518949917032
PRE_NMS_TOPN100,277ecf201ad045c3d518c56897f52639e4ef44714851b45535b90b656c2e1df8,S_FIXED,-1,20,39,40,800,134,79.47206803366484
PRE_NMS_TOPN100,277ecf201ad045c3d518c56897f52639e4ef44714851b45535b90b656c2e1df8,S_FIXED,-1,20,40,40,800,137,76.54686070659527
PRE_NMS_TOPN100,277ecf201ad045c3d518c56897f52639e4ef44714851b45535b90b656c2e1df8,S_FIXED,-1,20,41,40,800,146,80.74326500101046
PRE_NMS_TOPN100,277ecf201ad045c3d518c56897f52639e4ef44714851b45535b90b656c2e1df8,S_FIXED,-1,20,42,40,800,138,77.38695265408498
PRE_NMS_TOPN100,277ecf201ad045c3d518c56897f52639e4ef44714851b45535b90b656c2e1df8,S_FIXED,-1,20,43,40,800,133,81.56455327161939
PRE_NMS_TOPN100,277ecf201ad045c3d518c56897f52639e4ef44714851b45535b90b656c2e1df8,S_FIXED,-1,20,44,40,800,140,83.44533610572331
PRE_NMS_TOPN100,277ecf201ad045c3d518c56897f52639e4ef44714851b45535b90b656c2e1df8,S_FIXED,-1,20,45,40,800,131,85.47435788980054
PRE_NMS_TOPN100,277ecf201ad045c3d518c56897f52639e4ef44714851b45535b90b656c2e1df8,S_FIXED,-1,20,46,40,800,139,85.52284927174077
PRE_NMS_TOPN100,277ecf201ad045c3d518c56897f52639e4ef44714851b45535b90b656c2e1df8,S_FIXED,-1,20,47,40,800,147,83.0865915077436
PRE_NMS_TOPN100,277ecf201ad045c3d518c56897f52639e4ef44714851b45535b90b656c2e1df8,S_FIXED,-1,20,48,40,800,159,89.1655295839766
PRE_NMS_TOPN100,277ecf201ad045c3d518c56897f52639e4ef44714851b45535b90b656c2e1df8,S_FIXED,-1,20,49,40,800,136,72.48930584287386
PRE_NMS_TOPN100,277ecf201ad045c3d518c56897f52639e4ef44714851b45535b90b656c2e1df8,S_FIXED,-1,30,0,40,1200,179,99.75058325317082
PRE_NMS_TOPN100,277ecf201ad045c3d518c56897f52639e4ef44714851b45535b90b656c2e1df8,S_FIXED,-1,30,1,40,1200,175,100.30163658294212
PRE_NMS_TOPN100,277ecf201ad045c3d518c56897f52639e4ef44714851b45535b90b656c2e1df8,S_FIXED,-1,30,2,40,1200,187,106.27032589597027
PRE_NMS_TOPN100,277ecf201ad045c3d518c56897f52639e4ef44714851b45535b90b656c2e1df8,S_FIXED,-1,30,3,40,1200,202,109.82162999104094
PRE_NMS_TOPN100,277ecf201ad045c3d518c56897f52639e4ef44714851b45535b90b656c2e1df8,S_FIXED,-1,30,4,40,1200,160,85.28140201335331
PRE_NMS_TOPN100,277ecf201ad045c3d518c56897f52639e4ef44714851b45535b90b656c2e1df8,S_FIXED,-1,30,5,40,1200,173,107.31514503119374
PRE_NMS_TOPN100,277ecf201ad045c3d518c56897f52639e4ef44714851b45535b90b656c2e1df8,S_FIXED,-1,30,6,40,1200,162,94.61291426861781
PRE_NMS_TOPN100,277ecf201ad045c3d518c56897f52639e4ef44714851b45535b90b656c2e1df8,S_FIXED,-1,30,7,40,1200,179,99.01056904835532
PRE_NMS_TOPN100,277ecf201ad045c3d518c56897f52639e4ef44714851b45535b90b656c2e1df8,S_FIXED,-1,30,8,40,1200,186,106.05104929860128
PRE_NMS_TOPN100,277ecf201ad045c3d518c56897f52639e4ef44714851b45535b90b656c2e1df8,S_FIXED,-1,30,9,40,1200,170,92.46733635177921
PRE_NMS_TOPN100,277ecf201ad045c3d518c56897f52639e4ef44714851b45535b90b656c2e1df8,S_FIXED,-1,30,10,40,1200,160,88.29291185657367
PRE_NMS_TOPN100,277ecf201ad045c3d518c56897f52639e4ef44714851b45535b90b656c2e1df8,S_FIXED,-1,30,11,40,1200,159,92.25006760606412
PRE_NMS_TOPN100,277ecf201ad045c3d518c56897f52639e4ef44714851b45535b90b656c2e1df8,S_FIXED,-1,30,12,40,1200,167,97.20435771353588
PRE_NMS_TOPN100,277ecf201ad045c3d518c56897f52639e4ef44714851b45535b90b656c2e1df8,S_FIXED,-1,30,13,40,1200,175,107.46561969689706
PRE_NMS_TOPN100,277ecf201ad045c3d518c56897f52639e4ef44714851b45535b90b656c2e1df8,S_FIXED,-1,30,14,40,1200,186,104.25446423979129
PRE_NMS_TOPN100,277ecf201ad045c3d518c56897f52639e4ef44714851b45535b90b656c2e1df8,S_FIXED,-1,30,15,40,1200,179,100.47425782603682
PRE_NMS_TOPN100,277ecf201ad045c3d518c56897f52639e4ef44714851b45535b90b656c2e1df8,S_FIXED,-1,30,16,40,1200,164,95.34119801126164
PRE_NMS_TOPN100,277ecf201ad045c3d518c56897f52639e4ef44714851b45535b90b656c2e1df8,S_FIXED,-1,30,17,40,1200,163,100.19354577365455
PRE_NMS_TOPN100,277ecf201ad045c3d518c56897f52639e4ef44714851b45535b90b656c2e1df8,S_FIXED,-1,30,18,40,1200,192,115.71183056519426
PRE_NMS_TOPN100,277ecf201ad045c3d518c56897f52639e4ef44714851b45535b90b656c2e1df8,S_FIXED,-1,30,19,40,1200,182,108.46662650893688
PRE_NMS_TOPN100,277ecf201ad045c3d518c56897f52639e4ef44714851b45535b90b656c2e1df8,S_FIXED,-1,30,20,40,1200,184,101.83157816740595
PRE_NMS_TOPN100,277ecf201ad045c3d518c56897f52639e4ef44714851b45535b90b656c2e1df8,S_FIXED,-1,30,21,40,1200,169,86.37187903634421
PRE_NMS_TOPN100,277ecf201ad045c3d518c56897f52639e4ef44714851b45535b90b656c2e1df8,S_FIXED,-1,30,22,40,1200,185,104.40048817593936
PRE_NMS_TOPN100,277ecf201ad045c3d518c56897f52639e4ef44714851b45535b90b656c2e1df8,S_FIXED,-1,30,23,40,1200,165,96.5364268794465
PRE_NMS_TOPN100,277ecf201ad045c3d518c56897f52639e4ef44714851b45535b90b656c2e1df8,S_FIXED,-1,30,24,40,1200,164,91.55838587784108
PRE_NMS_TOPN100,277ecf201ad045c3d518c56897f52639e4ef44714851b45535b90b656c2e1df8,S_FIXED,-1,30,25,40,1200,163,92.49200356888466
PRE_NMS_TOPN100,277ecf201ad045c3d518c56897f52639e4ef44714851b45535b90b656c2e1df8,S_FIXED,-1,30,26,40,1200,172,92.40244378686994
PRE_NMS_TOPN100,277ecf201ad045c3d518c56897f52639e4ef44714851b45535b90b656c2e1df8,S_FIXED,-1,30,27,40,1200,179,96.14242036170896
PRE_NMS_TOPN100,277ecf201ad045c3d518c56897f52639e4ef44714851b45535b90b656c2e1df8,S_FIXED,-1,30,28,40,1200,189,113.27282823382393
PRE_NMS_TOPN100,277ecf201ad045c3d518c56897f52639e4ef44714851b45535b90b656c2e1df8,S_FIXED,-1,30,29,40,1200,161,104.07214785152826
PRE_NMS_TOPN100,277ecf201ad045c3d518c56897f52639e4ef44714851b45535b90b656c2e1df8,S_FIXED,-1,30,30,40,1200,171,90.5522443684619
PRE_NMS_TOPN100,277ecf201ad045c3d518c56897f52639e4ef44714851b45535b90b656c2e1df8,S_FIXED,-1,30,31,40,1200,171,109.32109997849082
PRE_NMS_TOPN100,277ecf201ad045c3d518c56897f52639e4ef44714851b45535b90b656c2e1df8,S_FIXED,-1,30,32,40,1200,174,102.61628906191584
PRE_NMS_TOPN100,277ecf201ad045c3d518c56897f52639e4ef44714851b45535b90b656c2e1df8,S_FIXED,-1,30,33,40,1200,165,86.29545080748906
PRE_NMS_TOPN100,277ecf201ad045c3d518c56897f52639e4ef44714851b45535b90b656c2e1df8,S_FIXED,-1,30,34,40,1200,162,90.71844843415694
PRE_NMS_TOPN100,277ecf201ad045c3d518c56897f52639e4ef44714851b45535b90b656c2e1df8,S_FIXED,-1,30,35,40,1200,172,97.30063636242211
PRE_NMS_TOPN100,277ecf201ad045c3d518c56897f52639e4ef44714851b45535b90b656c2e1df8,S_FIXED,-1,30,36,40,1200,188,110.57384761679327
PRE_NMS_TOPN100,277ecf201ad045c3d518c56897f52639e4ef44714851b45535b90b656c2e1df8,S_FIXED,-1,30,37,40,1200,172,109.78478390175097
PRE_NMS_TOPN100,277ecf201ad045c3d518c56897f52639e4ef44714851b45535b90b656c2e1df8,S_FIXED,-1,30,38,40,1200,169,88.61534385522829
PRE_NMS_TOPN100,277ecf201ad045c3d518c56897f52639e4ef44714851b45535b90b656c2e1df8,S_FIXED,-1,30,39,40,1200,174,104.52229275030021
PRE_NMS_TOPN100,277ecf201ad045c3d518c56897f52639e4ef44714851b45535b90b656c2e1df8,S_FIXED,-1,30,40,40,1200,175,97.66822077892331
PRE_NMS_TOPN100,277ecf201ad045c3d518c56897f52639e4ef44714851b45535b90b656c2e1df8,S_FIXED,-1,30,41,40,1200,176,96.30637643729784
PRE_NMS_TOPN100,277ecf201ad045c3d518c56897f52639e4ef44714851b45535b90b656c2e1df8,S_FIXED,-1,30,42,40,1200,176,102.54609886833306
PRE_NMS_TOPN100,277ecf201ad045c3d518c56897f52639e4ef44714851b45535b90b656c2e1df8,S_FIXED,-1,30,43,40,1200,171,99.79618792787784
PRE_NMS_TOPN100,277ecf201ad045c3d518c56897f52639e4ef44714851b45535b90b656c2e1df8,S_FIXED,-1,30,44,40,1200,184,104.40145715727692
PRE_NMS_TOPN100,277ecf201ad045c3d518c56897f52639e4ef44714851b45535b90b656c2e1df8,S_FIXED,-1,30,45,40,1200,160,101.32930563467052
PRE_NMS_TOPN100,277ecf201ad045c3d518c56897f52639e4ef44714851b45535b90b656c2e1df8,S_FIXED,-1,30,46,40,1200,177,108.24910919724098
PRE_NMS_TOPN100,277ecf201ad045c3d518c56897f52639e4ef44714851b45535b90b656c2e1df8,S_FIXED,-1,30,47,40,1200,178,98.638147132875
PRE_NMS_TOPN100,277ecf201ad045c3d518c56897f52639e4ef44714851b45535b90b656c2e1df8,S_FIXED,-1,30,48,40,1200,197,106.3225347630382
PRE_NMS_TOPN100,277ecf201ad045c3d518c56897f52639e4ef44714851b45535b90b656c2e1df8,S_FIXED,-1,30,49,40,1200,179,97.16091145787138
PRE_NMS_TOPN100,277ecf201ad045c3d518c56897f52639e4ef44714851b45535b90b656c2e1df8,S_FIXED,-1,40,0,40,1600,210,117.3355581788743
PRE_NMS_TOPN100,277ecf201ad045c3d518c56897f52639e4ef44714851b45535b90b656c2e1df8,S_FIXED,-1,40,1,40,1600,220,125.0930965352492
PRE_NMS_TOPN100,277ecf201ad045c3d518c56897f52639e4ef44714851b45535b90b656c2e1df8,S_FIXED,-1,40,2,40,1600,221,121.13271594148107
PRE_NMS_TOPN100,277ecf201ad045c3d518c56897f52639e4ef44714851b45535b90b656c2e1df8,S_FIXED,-1,40,3,40,1600,234,125.61212066237431
PRE_NMS_TOPN100,277ecf201ad045c3d518c56897f52639e4ef44714851b45535b90b656c2e1df8,S_FIXED,-1,40,4,40,1600,183,97.41823483679157
PRE_NMS_TOPN100,277ecf201ad045c3d518c56897f52639e4ef44714851b45535b90b656c2e1df8,S_FIXED,-1,40,5,40,1600,205,129.11654144952522
PRE_NMS_TOPN100,277ecf201ad045c3d518c56897f52639e4ef44714851b45535b90b656c2e1df8,S_FIXED,-1,40,6,40,1600,203,117.77863875559096
PRE_NMS_TOPN100,277ecf201ad045c3d518c56897f52639e4ef44714851b45535b90b656c2e1df8,S_FIXED,-1,40,7,40,1600,212,116.29667979099357
PRE_NMS_TOPN100,277ecf201ad045c3d518c56897f52639e4ef44714851b45535b90b656c2e1df8,S_FIXED,-1,40,8,40,1600,218,126.20294708308901
PRE_NMS_TOPN100,277ecf201ad045c3d518c56897f52639e4ef44714851b45535b90b656c2e1df8,S_FIXED,-1,40,9,40,1600,206,111.6025997696752
PRE_NMS_TOPN100,277ecf201ad045c3d518c56897f52639e4ef44714851b45535b90b656c2e1df8,S_FIXED,-1,40,10,40,1600,194,104.46455848005209
PRE_NMS_TOPN100,277ecf201ad045c3d518c56897f52639e4ef44714851b45535b90b656c2e1df8,S_FIXED,-1,40,11,40,1600,186,105.77952353974416
PRE_NMS_TOPN100,277ecf201ad045c3d518c56897f52639e4ef44714851b45535b90b656c2e1df8,S_FIXED,-1,40,12,40,1600,201,115.33198557827882
PRE_NMS_TOPN100,277ecf201ad045c3d518c56897f52639e4ef44714851b45535b90b656c2e1df8,S_FIXED,-1,40,13,40,1600,209,128.9497065395371
PRE_NMS_TOPN100,277ecf201ad045c3d518c56897f52639e4ef44714851b45535b90b656c2e1df8,S_FIXED,-1,40,14,40,1600,220,130.3706291824906
PRE_NMS_TOPN100,277ecf201ad045c3d518c56897f52639e4ef44714851b45535b90b656c2e1df8,S_FIXED,-1,40,15,40,1600,208,115.38248041033073
PRE_NMS_TOPN100,277ecf201ad045c3d518c56897f52639e4ef44714851b45535b90b656c2e1df8,S_FIXED,-1,40,16,40,1600,197,113.18410307655131
PRE_NMS_TOPN100,277ecf201ad045c3d518c56897f52639e4ef44714851b45535b90b656c2e1df8,S_FIXED,-1,40,17,40,1600,193,118.89524068145793
PRE_NMS_TOPN100,277ecf201ad045c3d518c56897f52639e4ef44714851b45535b90b656c2e1df8,S_FIXED,-1,40,18,40,1600,225,131.6083638997411
PRE_NMS_TOPN100,277ecf201ad045c3d518c56897f52639e4ef44714851b45535b90b656c2e1df8,S_FIXED,-1,40,19,40,1600,209,123.96906769109953
PRE_NMS_TOPN100,277ecf201ad045c3d518c56897f52639e4ef44714851b45535b90b656c2e1df8,S_FIXED,-1,40,20,40,1600,211,115.7985237871859
PRE_NMS_TOPN100,277ecf201ad045c3d518c56897f52639e4ef44714851b45535b90b656c2e1df8,S_FIXED,-1,40,21,40,1600,209,105.60574189880845
PRE_NMS_TOPN100,277ecf201ad045c3d518c56897f52639e4ef44714851b45535b90b656c2e1df8,S_FIXED,-1,40,22,40,1600,221,129.3456962706068
PRE_NMS_TOPN100,277ecf201ad045c3d518c56897f52639e4ef44714851b45535b90b656c2e1df8,S_FIXED,-1,40,23,40,1600,194,112.01858215020539
PRE_NMS_TOPN100,277ecf201ad045c3d518c56897f52639e4ef44714851b45535b90b656c2e1df8,S_FIXED,-1,40,24,40,1600,196,108.76395579911339
PRE_NMS_TOPN100,277ecf201ad045c3d518c56897f52639e4ef44714851b45535b90b656c2e1df8,S_FIXED,-1,40,25,40,1600,200,109.11495155255908
PRE_NMS_TOPN100,277ecf201ad045c3d518c56897f52639e4ef44714851b45535b90b656c2e1df8,S_FIXED,-1,40,26,40,1600,201,110.28997620756988
PRE_NMS_TOPN100,277ecf201ad045c3d518c56897f52639e4ef44714851b45535b90b656c2e1df8,S_FIXED,-1,40,27,40,1600,207,112.25991969031908
PRE_NMS_TOPN100,277ecf201ad045c3d518c56897f52639e4ef44714851b45535b90b656c2e1df8,S_FIXED,-1,40,28,40,1600,225,135.75936721032886
PRE_NMS_TOPN100,277ecf201ad045c3d518c56897f52639e4ef44714851b45535b90b656c2e1df8,S_FIXED,-1,40,29,40,1600,197,124.44190493160393
PRE_NMS_TOPN100,277ecf201ad045c3d518c56897f52639e4ef44714851b45535b90b656c2e1df8,S_FIXED,-1,40,30,40,1600,199,106.24597611400456
PRE_NMS_TOPN100,277ecf201ad045c3d518c56897f52639e4ef44714851b45535b90b656c2e1df8,S_FIXED,-1,40,31,40,1600,191,122.24234649807875
PRE_NMS_TOPN100,277ecf201ad045c3d518c56897f52639e4ef44714851b45535b90b656c2e1df8,S_FIXED,-1,40,32,40,1600,201,118.4032330522896
PRE_NMS_TOPN100,277ecf201ad045c3d518c56897f52639e4ef44714851b45535b90b656c2e1df8,S_FIXED,-1,40,33,40,1600,187,98.34745107492333
PRE_NMS_TOPN100,277ecf201ad045c3d518c56897f52639e4ef44714851b45535b90b656c2e1df8,S_FIXED,-1,40,34,40,1600,187,107.61771489013577
PRE_NMS_TOPN100,277ecf201ad045c3d518c56897f52639e4ef44714851b45535b90b656c2e1df8,S_FIXED,-1,40,35,40,1600,204,112.26171542356481
PRE_NMS_TOPN100,277ecf201ad045c3d518c56897f52639e4ef44714851b45535b90b656c2e1df8,S_FIXED,-1,40,36,40,1600,217,126.59504814930708
PRE_NMS_TOPN100,277ecf201ad045c3d518c56897f52639e4ef44714851b45535b90b656c2e1df8,S_FIXED,-1,40,37,40,1600,204,130.02341575734516
PRE_NMS_TOPN100,277ecf201ad045c3d518c56897f52639e4ef44714851b45535b90b656c2e1df8,S_FIXED,-1,40,38,40,1600,207,103.37075476734371
PRE_NMS_TOPN100,277ecf201ad045c3d518c56897f52639e4ef44714851b45535b90b656c2e1df8,S_FIXED,-1,40,39,40,1600,209,127.10281366363643
PRE_NMS_TOPN100,277ecf201ad045c3d518c56897f52639e4ef44714851b45535b90b656c2e1df8,S_FIXED,-1,40,40,40,1600,200,112.7306762735937
PRE_NMS_TOPN100,277ecf201ad045c3d518c56897f52639e4ef44714851b45535b90b656c2e1df8,S_FIXED,-1,40,41,40,1600,211,115.37098953191668
PRE_NMS_TOPN100,277ecf201ad045c3d518c56897f52639e4ef44714851b45535b90b656c2e1df8,S_FIXED,-1,40,42,40,1600,211,126.22551734260215
PRE_NMS_TOPN100,277ecf201ad045c3d518c56897f52639e4ef44714851b45535b90b656c2e1df8,S_FIXED,-1,40,43,40,1600,200,116.35496376199973
PRE_NMS_TOPN100,277ecf201ad045c3d518c56897f52639e4ef44714851b45535b90b656c2e1df8,S_FIXED,-1,40,44,40,1600,208,119.60928504189755
PRE_NMS_TOPN100,277ecf201ad045c3d518c56897f52639e4ef44714851b45535b90b656c2e1df8,S_FIXED,-1,40,45,40,1600,194,121.52578992545367
PRE_NMS_TOPN100,277ecf201ad045c3d518c56897f52639e4ef44714851b45535b90b656c2e1df8,S_FIXED,-1,40,46,40,1600,215,128.5740597797791
PRE_NMS_TOPN100,277ecf201ad045c3d518c56897f52639e4ef44714851b45535b90b656c2e1df8,S_FIXED,-1,40,47,40,1600,212,112.58110565648603
PRE_NMS_TOPN100,277ecf201ad045c3d518c56897f52639e4ef44714851b45535b90b656c2e1df8,S_FIXED,-1,40,48,40,1600,225,121.72780167524758
PRE_NMS_TOPN100,277ecf201ad045c3d518c56897f52639e4ef44714851b45535b90b656c2e1df8,S_FIXED,-1,40,49,40,1600,207,113.35608504782434
