sample_order,phase,timing_scope,policy,seed,budget,profile_group_id,elapsed_ms,amortized_ms_per_image,output_records,predicted_objective,selection_digest
0,MEASURED,FULL_POLICY_PATH,M11_OPTIMIZED,530101,15,1,127.7248,3.19312,600,83.67778409735129,ef43848fe57bfab6314f95d3543e966a8b08c097b3706610f18e7b16785f617f
1,MEASURED,FULL_POLICY_PATH,M11_OPTIMIZED,530101,20,1,126.2973,3.1574325,800,94.47869624869647,10a79b6eb4692460620841197d21cd855c4439e299eaf5266b74fedcd9385dea
2,MEASURED,FULL_POLICY_PATH,S_ADAPT_OPTIMIZED,-1,15,1,1.2907,0.0322675,600,353.76666152477264,106a9662fdc268276fd832a53813a5d41c26843d15913d386057929c37645238
3,MEASURED,FULL_POLICY_PATH,S_CLASS_ADAPT,-1,20,2,25.4361,0.6359025,800,356.35799271053946,75557298d531d59da7316cd3f0499696bdd3ea24d88530138fcd48b3c57c7775
4,MEASURED,FULL_POLICY_PATH,S_CLASS_ADAPT,-1,20,1,25.5844,0.63961,800,372.6084638228953,ee5652b9bec073594429470f15cf4f82f34e780685ff432ebf65ba8cd017f113
5,MEASURED,FULL_POLICY_PATH,M11_REFERENCE,530101,20,3,175.719,4.392975,800,146.51983876547857,67a588433daba80df4bc1c340bf736b7fd5266dbd6db36bc042c11d3251a6616
6,MEASURED,FULL_POLICY_PATH,M11_OPTIMIZED,530101,15,0,122.7807,3.0695175,600,97.20164785567786,5dfc6e9b928df4d0f08ff5efa0db383122234cf621cb1aff31d5dc76cea53281
7,MEASURED,FULL_POLICY_PATH,S_ADAPT_REFERENCE,-1,10,1,24.7318,0.618295,400,275.9327971637249,1ce6b8ff41cb97b662aedc7ad8bedd7c817837cf26b99fc81f6d1ec0c5c1c3ce
8,MEASURED,FULL_POLICY_PATH,S_ADAPT_REFERENCE,-1,15,4,24.3912,0.60978,600,357.80318182706833,5938eba45c73290974057dd22f17b06e25d6b2d6c0e2628f2227edfdebb7b23b
9,MEASURED,FULL_POLICY_PATH,M11_OPTIMIZED,530101,20,2,129.3153,3.2328825,800,109.65310171004846,7fa0870805ff4cf7f09e6127254261b25246cc80f569411aae3dc5104d2933cc
10,MEASURED,FULL_POLICY_PATH,S_ADAPT_REFERENCE,-1,10,2,24.6091,0.6152275,400,278.2561217844486,6b879b5ecb141762cd197fdffe85d1828a5f5bb545a8ba4e2aab31ea59c47870
11,MEASURED,FULL_POLICY_PATH,S_ADAPT_REFERENCE,-1,10,1,24.5722,0.614305,400,275.9327971637249,1ce6b8ff41cb97b662aedc7ad8bedd7c817837cf26b99fc81f6d1ec0c5c1c3ce
12,MEASURED,FULL_POLICY_PATH,S_CLASS_ADAPT,-1,20,1,26.3336,0.65834,800,372.6084638228953,ee5652b9bec073594429470f15cf4f82f34e780685ff432ebf65ba8cd017f113
13,MEASURED,FULL_POLICY_PATH,S_ADAPT_OPTIMIZED,-1,10,3,1.5372,0.03843,400,293.82467341423035,4041c2353650ffc3521df07aeec818741f2a7f8acf14590c93615e6d8d3ced8c
14,MEASURED,FULL_POLICY_PATH,S_ADAPT_REFERENCE,-1,10,4,180.5671,4.514177500000001,400,271.37676933407784,88737f813284457f30f2c69d44f68791f7370e2c49c928c86777821b577f4051
15,MEASURED,FULL_POLICY_PATH,M11_REFERENCE,530101,10,0,171.3282,4.283205000000001,400,72.99146302310172,e7c35db7138d5e4d01b4cc857cbad087b7738d5333c1cd3599fbeb0aa1d0e715
16,MEASURED,FULL_POLICY_PATH,S_ADAPT_REFERENCE,-1,20,3,25.0194,0.6254850000000001,800,457.9206243157387,21e3005e62f6d231cb3cc40fdf9074ca833f899ce9df57bbef5710e5840e09f9
17,MEASURED,FULL_POLICY_PATH,M11_OPTIMIZED,530101,10,0,125.6191,3.1404775000000003,400,72.99146302310172,e7c35db7138d5e4d01b4cc857cbad087b7738d5333c1cd3599fbeb0aa1d0e715
18,MEASURED,FULL_POLICY_PATH,S_CLASS_ADAPT,-1,15,0,24.4682,0.6117049999999999,600,287.2710690196597,1e17d685e93d5731209afa2a3f0212382131e563c0eec0b2bed7e29827a66aa8
19,MEASURED,FULL_POLICY_PATH,S_CLASS_ADAPT,-1,15,4,24.3469,0.6086725000000001,600,276.3170752508822,27aabfe6a729af2812a5ada63c37b64305e0046a8692b0324f79ecf9123ba647
20,MEASURED,FULL_POLICY_PATH,S_ADAPT_REFERENCE,-1,15,4,24.8264,0.62066,600,357.80318182706833,5938eba45c73290974057dd22f17b06e25d6b2d6c0e2628f2227edfdebb7b23b
21,MEASURED,FULL_POLICY_PATH,S_CLASS_ADAPT,-1,10,3,21.1561,0.5289024999999999,400,186.50780508403346,a3c2f307a616d43b5a02e213bccebf46176f954a667daa40f4000573be5ad998
22,MEASURED,FULL_POLICY_PATH,S_CLASS_ADAPT,-1,10,4,21.21,0.53025,400,163.21071502449217,7b4a15a5d6e277fa7d3b8e934445946a80f77d14bcbbef5b2fc2dad80699cb74
23,MEASURED,FULL_POLICY_PATH,S_ADAPT_REFERENCE,-1,15,1,25.1426,0.628565,600,353.76666152477264,106a9662fdc268276fd832a53813a5d41c26843d15913d386057929c37645238
24,MEASURED,FULL_POLICY_PATH,M11_OPTIMIZED,530101,10,0,120.8938,3.022345,400,72.99146302310172,e7c35db7138d5e4d01b4cc857cbad087b7738d5333c1cd3599fbeb0aa1d0e715
25,MEASURED,FULL_POLICY_PATH,S_CLASS_ADAPT,-1,20,0,25.9824,0.6495599999999999,800,383.886218862122,00f445c4e48aec771fd229970d380b5ed26cdc3c704c0b85eb0c822637dbe014
26,MEASURED,FULL_POLICY_PATH,S_ADAPT_OPTIMIZED,-1,10,3,1.2773,0.0319325,400,293.82467341423035,4041c2353650ffc3521df07aeec818741f2a7f8acf14590c93615e6d8d3ced8c
27,MEASURED,FULL_POLICY_PATH,S_CLASS_ADAPT,-1,15,0,24.4499,0.6112474999999999,600,287.2710690196597,1e17d685e93d5731209afa2a3f0212382131e563c0eec0b2bed7e29827a66aa8
28,MEASURED,FULL_POLICY_PATH,M11_REFERENCE,530101,20,3,180.1175,4.5029375,800,146.51983876547857,67a588433daba80df4bc1c340bf736b7fd5266dbd6db36bc042c11d3251a6616
29,MEASURED,FULL_POLICY_PATH,S_ADAPT_REFERENCE,-1,20,0,24.72,0.618,800,441.55207175016403,3a221c89dcb7b438299f2f48d0eef0494bea948ec6de9698110e215c3af14aea
30,MEASURED,FULL_POLICY_PATH,S_CLASS_ADAPT,-1,20,2,25.9027,0.6475675,800,356.35799271053946,75557298d531d59da7316cd3f0499696bdd3ea24d88530138fcd48b3c57c7775
31,MEASURED,FULL_POLICY_PATH,M11_OPTIMIZED,530101,20,1,126.976,3.1744,800,94.47869624869647,10a79b6eb4692460620841197d21cd855c4439e299eaf5266b74fedcd9385dea
32,MEASURED,FULL_POLICY_PATH,M11_REFERENCE,530101,15,4,177.6967,4.4424174999999995,600,93.15287583446096,f4a94ff0a77b6bd17929b939cf25ec2bc7ef76ebdf3f58bce2d75db46d2d99f4
33,MEASURED,FULL_POLICY_PATH,S_ADAPT_REFERENCE,-1,10,3,24.8803,0.6220074999999999,400,293.82467341423035,4041c2353650ffc3521df07aeec818741f2a7f8acf14590c93615e6d8d3ced8c
34,MEASURED,FULL_POLICY_PATH,M11_REFERENCE,530101,20,1,172.2386,4.305965,800,94.47869624869647,10a79b6eb4692460620841197d21cd855c4439e299eaf5266b74fedcd9385dea
35,MEASURED,FULL_POLICY_PATH,M11_OPTIMIZED,530101,10,0,122.1746,3.0543649999999998,400,72.99146302310172,e7c35db7138d5e4d01b4cc857cbad087b7738d5333c1cd3599fbeb0aa1d0e715
36,MEASURED,FULL_POLICY_PATH,S_CLASS_ADAPT,-1,10,3,20.999,0.524975,400,186.50780508403346,a3c2f307a616d43b5a02e213bccebf46176f954a667daa40f4000573be5ad998
37,MEASURED,FULL_POLICY_PATH,M11_REFERENCE,530101,10,1,164.3285,4.1082125,400,62.94320651540613,1f16862fb35fea7c20a78a332c201ac0ebb4d60127abe43776c0618b1143b81b
38,MEASURED,FULL_POLICY_PATH,S_ADAPT_OPTIMIZED,-1,10,1,1.24,0.031,400,275.9327971637249,1ce6b8ff41cb97b662aedc7ad8bedd7c817837cf26b99fc81f6d1ec0c5c1c3ce
39,MEASURED,FULL_POLICY_PATH,S_ADAPT_REFERENCE,-1,20,1,24.6591,0.6164775,800,415.7503350973129,6d0cb0c4405dc90387b55d6457229758e4276ae0e27c754a78dcc25cc13f41c8
40,MEASURED,FULL_POLICY_PATH,S_ADAPT_REFERENCE,-1,10,4,24.2524,0.60631,400,271.37676933407784,88737f813284457f30f2c69d44f68791f7370e2c49c928c86777821b577f4051
41,MEASURED,FULL_POLICY_PATH,M11_OPTIMIZED,530101,15,3,129.597,3.2399250000000004,600,130.3358717953731,189881a5e1bfcc51a0b294aead80a5689fa4ff9cc9441444624324248e655954
42,MEASURED,FULL_POLICY_PATH,S_ADAPT_OPTIMIZED,-1,20,0,1.3314,0.033284999999999995,800,441.55207175016403,3a221c89dcb7b438299f2f48d0eef0494bea948ec6de9698110e215c3af14aea
43,MEASURED,FULL_POLICY_PATH,M11_OPTIMIZED,530101,10,3,121.3009,3.0325225,400,97.29233640543227,e2ac0f2f414f8e7b0771e1cf681e9fa7f847877736a984a87d7eae625858a2be
44,MEASURED,FULL_POLICY_PATH,S_CLASS_ADAPT,-1,20,0,25.9592,0.64898,800,383.886218862122,00f445c4e48aec771fd229970d380b5ed26cdc3c704c0b85eb0c822637dbe014
45,MEASURED,FULL_POLICY_PATH,S_ADAPT_REFERENCE,-1,10,3,24.9441,0.6236025,400,293.82467341423035,4041c2353650ffc3521df07aeec818741f2a7f8acf14590c93615e6d8d3ced8c
46,MEASURED,FULL_POLICY_PATH,S_ADAPT_OPTIMIZED,-1,15,1,0.9062,0.022655,600,353.76666152477264,106a9662fdc268276fd832a53813a5d41c26843d15913d386057929c37645238
47,MEASURED,FULL_POLICY_PATH,S_ADAPT_OPTIMIZED,-1,10,0,0.7782,0.019455,400,284.22937551140785,53942cbb9a8a5a64b0db98a82f4fce558f482e6886ecc097434e9fba646b0a60
48,MEASURED,FULL_POLICY_PATH,M11_OPTIMIZED,530101,15,1,127.7926,3.1948149999999997,600,83.67778409735129,ef43848fe57bfab6314f95d3543e966a8b08c097b3706610f18e7b16785f617f
49,MEASURED,FULL_POLICY_PATH,S_CLASS_ADAPT,-1,20,3,26.0281,0.6507025,800,407.26081500314206,ef2642c75a3f0d2ba9ad1cd2636aa2b92ff1122a9db901edc8efd639a42c70c3
50,MEASURED,FULL_POLICY_PATH,M11_OPTIMIZED,530101,20,3,126.7151,3.1678775000000003,800,146.51983876547857,67a588433daba80df4bc1c340bf736b7fd5266dbd6db36bc042c11d3251a6616
51,MEASURED,FULL_POLICY_PATH,M11_REFERENCE,530101,10,4,166.6413,4.1660325,400,68.38854427300772,28b79183e97c33c01ad9eb08a621cfb39e8a80e95d38c09997c1d42fc0bd92aa
52,MEASURED,FULL_POLICY_PATH,S_ADAPT_REFERENCE,-1,10,1,24.8275,0.6206875000000001,400,275.9327971637249,1ce6b8ff41cb97b662aedc7ad8bedd7c817837cf26b99fc81f6d1ec0c5c1c3ce
53,MEASURED,FULL_POLICY_PATH,S_ADAPT_OPTIMIZED,-1,20,3,0.868,0.0217,800,457.9206243157387,21e3005e62f6d231cb3cc40fdf9074ca833f899ce9df57bbef5710e5840e09f9
54,MEASURED,FULL_POLICY_PATH,M11_OPTIMIZED,530101,10,0,120.061,3.001525,400,72.99146302310172,e7c35db7138d5e4d01b4cc857cbad087b7738d5333c1cd3599fbeb0aa1d0e715
55,MEASURED,FULL_POLICY_PATH,M11_OPTIMIZED,530101,15,2,123.1298,3.078245,600,97.01479891499869,7e6d95d769c7d9687624018c1d858390f954fe241d6b8975ccdd997e695297b3
56,MEASURED,FULL_POLICY_PATH,S_ADAPT_OPTIMIZED,-1,10,1,1.2304,0.03076,400,275.9327971637249,1ce6b8ff41cb97b662aedc7ad8bedd7c817837cf26b99fc81f6d1ec0c5c1c3ce
57,MEASURED,FULL_POLICY_PATH,S_ADAPT_OPTIMIZED,-1,20,1,0.7553,0.0188825,800,415.7503350973129,6d0cb0c4405dc90387b55d6457229758e4276ae0e27c754a78dcc25cc13f41c8
58,MEASURED,FULL_POLICY_PATH,M11_REFERENCE,530101,10,4,166.563,4.1640749999999995,400,68.38854427300772,28b79183e97c33c01ad9eb08a621cfb39e8a80e95d38c09997c1d42fc0bd92aa
59,MEASURED,FULL_POLICY_PATH,S_ADAPT_REFERENCE,-1,10,4,24.045,0.601125,400,271.37676933407784,88737f813284457f30f2c69d44f68791f7370e2c49c928c86777821b577f4051
60,MEASURED,FULL_POLICY_PATH,S_ADAPT_OPTIMIZED,-1,10,3,0.8219,0.0205475,400,293.82467341423035,4041c2353650ffc3521df07aeec818741f2a7f8acf14590c93615e6d8d3ced8c
61,MEASURED,FULL_POLICY_PATH,M11_REFERENCE,530101,20,1,175.3054,4.382635,800,94.47869624869647,10a79b6eb4692460620841197d21cd855c4439e299eaf5266b74fedcd9385dea
62,MEASURED,FULL_POLICY_PATH,M11_OPTIMIZED,530101,20,3,124.3951,3.1098775,800,146.51983876547857,67a588433daba80df4bc1c340bf736b7fd5266dbd6db36bc042c11d3251a6616
63,MEASURED,FULL_POLICY_PATH,S_ADAPT_REFERENCE,-1,15,1,24.6496,0.61624,600,353.76666152477264,106a9662fdc268276fd832a53813a5d41c26843d15913d386057929c37645238
64,MEASURED,FULL_POLICY_PATH,M11_OPTIMIZED,530101,20,4,130.6692,3.26673,800,107.49725294030088,a3d86880da36c46da8dc4226de2d15a21bafcbb3d3de6234525944bb5aa264e7
65,MEASURED,FULL_POLICY_PATH,M11_OPTIMIZED,530101,10,3,119.7454,2.9936350000000003,400,97.29233640543227,e2ac0f2f414f8e7b0771e1cf681e9fa7f847877736a984a87d7eae625858a2be
66,MEASURED,FULL_POLICY_PATH,S_ADAPT_REFERENCE,-1,15,1,25.0121,0.6253025,600,353.76666152477264,106a9662fdc268276fd832a53813a5d41c26843d15913d386057929c37645238
67,MEASURED,FULL_POLICY_PATH,S_ADAPT_OPTIMIZED,-1,15,4,0.8194,0.020485,600,357.80318182706833,5938eba45c73290974057dd22f17b06e25d6b2d6c0e2628f2227edfdebb7b23b
68,MEASURED,FULL_POLICY_PATH,M11_REFERENCE,530101,15,1,168.1882,4.204705,600,83.67778409735129,ef43848fe57bfab6314f95d3543e966a8b08c097b3706610f18e7b16785f617f
69,MEASURED,FULL_POLICY_PATH,M11_OPTIMIZED,530101,20,1,127.1882,3.179705,800,94.47869624869647,10a79b6eb4692460620841197d21cd855c4439e299eaf5266b74fedcd9385dea
70,MEASURED,FULL_POLICY_PATH,S_ADAPT_REFERENCE,-1,15,0,25.0666,0.626665,600,371.3841568529606,b3004c94c0a1acc4bea41b0fbb2b1d0eba865c9be972d407e019303ca1057a20
71,MEASURED,FULL_POLICY_PATH,M11_REFERENCE,530101,15,2,165.9609,4.1490225,600,97.01479891499869,7e6d95d769c7d9687624018c1d858390f954fe241d6b8975ccdd997e695297b3
72,MEASURED,FULL_POLICY_PATH,M11_OPTIMIZED,530101,20,1,125.541,3.138525,800,94.47869624869647,10a79b6eb4692460620841197d21cd855c4439e299eaf5266b74fedcd9385dea
73,MEASURED,FULL_POLICY_PATH,M11_OPTIMIZED,530101,20,1,124.967,3.124175,800,94.47869624869647,10a79b6eb4692460620841197d21cd855c4439e299eaf5266b74fedcd9385dea
74,MEASURED,FULL_POLICY_PATH,M11_REFERENCE,530101,10,0,162.8861,4.0721525,400,72.99146302310172,e7c35db7138d5e4d01b4cc857cbad087b7738d5333c1cd3599fbeb0aa1d0e715
75,MEASURED,FULL_POLICY_PATH,M11_OPTIMIZED,530101,20,1,122.9817,3.0745425,800,94.47869624869647,10a79b6eb4692460620841197d21cd855c4439e299eaf5266b74fedcd9385dea
76,MEASURED,FULL_POLICY_PATH,S_ADAPT_REFERENCE,-1,15,4,24.8764,0.62191,600,357.80318182706833,5938eba45c73290974057dd22f17b06e25d6b2d6c0e2628f2227edfdebb7b23b
77,MEASURED,FULL_POLICY_PATH,S_CLASS_ADAPT,-1,20,2,25.9666,0.649165,800,356.35799271053946,75557298d531d59da7316cd3f0499696bdd3ea24d88530138fcd48b3c57c7775
78,MEASURED,FULL_POLICY_PATH,S_ADAPT_OPTIMIZED,-1,20,2,1.1878,0.029695,800,432.81260257959366,e79987f149cce4d4391ef92c6a97c1d767fd16cd492c031ea4af70e8451de98c
79,MEASURED,FULL_POLICY_PATH,S_ADAPT_REFERENCE,-1,10,3,24.1864,0.60466,400,293.82467341423035,4041c2353650ffc3521df07aeec818741f2a7f8acf14590c93615e6d8d3ced8c
80,MEASURED,FULL_POLICY_PATH,S_ADAPT_REFERENCE,-1,15,4,23.8786,0.596965,600,357.80318182706833,5938eba45c73290974057dd22f17b06e25d6b2d6c0e2628f2227edfdebb7b23b
81,MEASURED,FULL_POLICY_PATH,S_ADAPT_OPTIMIZED,-1,10,4,0.8214,0.020535,400,271.37676933407784,88737f813284457f30f2c69d44f68791f7370e2c49c928c86777821b577f4051
82,MEASURED,FULL_POLICY_PATH,S_CLASS_ADAPT,-1,20,1,25.8114,0.645285,800,372.6084638228953,ee5652b9bec073594429470f15cf4f82f34e780685ff432ebf65ba8cd017f113
83,MEASURED,FULL_POLICY_PATH,M11_OPTIMIZED,530101,10,3,118.9898,2.974745,400,97.29233640543227,e2ac0f2f414f8e7b0771e1cf681e9fa7f847877736a984a87d7eae625858a2be
84,MEASURED,FULL_POLICY_PATH,S_CLASS_ADAPT,-1,15,0,24.1142,0.602855,600,287.2710690196597,1e17d685e93d5731209afa2a3f0212382131e563c0eec0b2bed7e29827a66aa8
85,MEASURED,FULL_POLICY_PATH,S_ADAPT_OPTIMIZED,-1,20,1,1.2856,0.03214,800,415.7503350973129,6d0cb0c4405dc90387b55d6457229758e4276ae0e27c754a78dcc25cc13f41c8
86,MEASURED,FULL_POLICY_PATH,S_CLASS_ADAPT,-1,15,3,23.8918,0.597295,600,306.37812478227386,fe0517635c660eb8694ad59cfd9c0a564d36a8db6435d901027ff5af7c99af1a
87,MEASURED,FULL_POLICY_PATH,S_ADAPT_OPTIMIZED,-1,15,4,1.1213,0.0280325,600,357.80318182706833,5938eba45c73290974057dd22f17b06e25d6b2d6c0e2628f2227edfdebb7b23b
88,MEASURED,FULL_POLICY_PATH,M11_REFERENCE,530101,15,2,173.5497,4.3387425,600,97.01479891499869,7e6d95d769c7d9687624018c1d858390f954fe241d6b8975ccdd997e695297b3
89,MEASURED,FULL_POLICY_PATH,S_ADAPT_REFERENCE,-1,20,0,24.6249,0.6156225,800,441.55207175016403,3a221c89dcb7b438299f2f48d0eef0494bea948ec6de9698110e215c3af14aea
90,MEASURED,FULL_POLICY_PATH,S_CLASS_ADAPT,-1,10,1,21.2558,0.5313950000000001,400,172.9455011671386,de9b8748444630c399dc8411a9116aafed312522708a050ee5412237cb83d72c
91,MEASURED,FULL_POLICY_PATH,M11_OPTIMIZED,530101,20,4,124.7904,3.1197600000000003,800,107.49725294030088,a3d86880da36c46da8dc4226de2d15a21bafcbb3d3de6234525944bb5aa264e7
92,MEASURED,FULL_POLICY_PATH,S_ADAPT_OPTIMIZED,-1,10,2,1.2561,0.0314025,400,278.2561217844486,6b879b5ecb141762cd197fdffe85d1828a5f5bb545a8ba4e2aab31ea59c47870
93,MEASURED,FULL_POLICY_PATH,M11_REFERENCE,530101,10,3,162.4281,4.0607025,400,97.29233640543227,e2ac0f2f414f8e7b0771e1cf681e9fa7f847877736a984a87d7eae625858a2be
94,MEASURED,FULL_POLICY_PATH,S_CLASS_ADAPT,-1,15,3,24.2908,0.60727,600,306.37812478227386,fe0517635c660eb8694ad59cfd9c0a564d36a8db6435d901027ff5af7c99af1a
95,MEASURED,FULL_POLICY_PATH,S_CLASS_ADAPT,-1,15,0,24.2586,0.606465,600,287.2710690196597,1e17d685e93d5731209afa2a3f0212382131e563c0eec0b2bed7e29827a66aa8
96,MEASURED,FULL_POLICY_PATH,M11_OPTIMIZED,530101,10,3,125.3085,3.1327125,400,97.29233640543227,e2ac0f2f414f8e7b0771e1cf681e9fa7f847877736a984a87d7eae625858a2be
97,MEASURED,FULL_POLICY_PATH,S_CLASS_ADAPT,-1,15,2,24.1626,0.6040650000000001,600,268.11715816665776,96a8c33feb580d08b8f4ca5f1fe6b48845c46aeb9ac0b3b8044b6d72a5883fa6
98,MEASURED,FULL_POLICY_PATH,M11_OPTIMIZED,530101,20,4,125.6574,3.141435,800,107.49725294030088,a3d86880da36c46da8dc4226de2d15a21bafcbb3d3de6234525944bb5aa264e7
99,MEASURED,FULL_POLICY_PATH,S_CLASS_ADAPT,-1,15,4,24.3138,0.607845,600,276.3170752508822,27aabfe6a729af2812a5ada63c37b64305e0046a8692b0324f79ecf9123ba647
100,MEASURED,FULL_POLICY_PATH,M11_OPTIMIZED,530101,15,3,125.2828,3.1320699999999997,600,130.3358717953731,189881a5e1bfcc51a0b294aead80a5689fa4ff9cc9441444624324248e655954
101,MEASURED,FULL_POLICY_PATH,M11_OPTIMIZED,530101,15,4,122.4208,3.06052,600,93.15287583446096,f4a94ff0a77b6bd17929b939cf25ec2bc7ef76ebdf3f58bce2d75db46d2d99f4
102,MEASURED,FULL_POLICY_PATH,M11_REFERENCE,530101,15,3,165.0304,4.12576,600,130.3358717953731,189881a5e1bfcc51a0b294aead80a5689fa4ff9cc9441444624324248e655954
103,MEASURED,FULL_POLICY_PATH,S_CLASS_ADAPT,-1,15,1,23.4315,0.5857875,600,283.0532095499601,7d1af8308f5c93aa06561ffe5a6e4e8171d280157e80fb539c53617d64a713d3
104,MEASURED,FULL_POLICY_PATH,S_ADAPT_OPTIMIZED,-1,10,4,1.5182,0.037955,400,271.37676933407784,88737f813284457f30f2c69d44f68791f7370e2c49c928c86777821b577f4051
105,MEASURED,FULL_POLICY_PATH,M11_REFERENCE,530101,20,3,170.3754,4.259385,800,146.51983876547857,67a588433daba80df4bc1c340bf736b7fd5266dbd6db36bc042c11d3251a6616
106,MEASURED,FULL_POLICY_PATH,S_CLASS_ADAPT,-1,15,1,24.1465,0.6036625,600,283.0532095499601,7d1af8308f5c93aa06561ffe5a6e4e8171d280157e80fb539c53617d64a713d3
107,MEASURED,FULL_POLICY_PATH,S_CLASS_ADAPT,-1,20,4,25.8369,0.6459225,800,370.2893833845736,401c16a4253fa5039c53739f05775277b6b1ab5d2f80670918dab115270a0bfb
108,MEASURED,FULL_POLICY_PATH,S_CLASS_ADAPT,-1,10,4,20.8901,0.5222525,400,163.21071502449217,7b4a15a5d6e277fa7d3b8e934445946a80f77d14bcbbef5b2fc2dad80699cb74
109,MEASURED,FULL_POLICY_PATH,M11_OPTIMIZED,530101,10,1,118.7712,2.96928,400,62.94320651540613,1f16862fb35fea7c20a78a332c201ac0ebb4d60127abe43776c0618b1143b81b
110,MEASURED,FULL_POLICY_PATH,S_ADAPT_REFERENCE,-1,10,0,24.7553,0.6188825,400,284.22937551140785,53942cbb9a8a5a64b0db98a82f4fce558f482e6886ecc097434e9fba646b0a60
111,MEASURED,FULL_POLICY_PATH,M11_REFERENCE,530101,10,4,166.6749,4.1668725,400,68.38854427300772,28b79183e97c33c01ad9eb08a621cfb39e8a80e95d38c09997c1d42fc0bd92aa
112,MEASURED,FULL_POLICY_PATH,S_CLASS_ADAPT,-1,15,1,23.8985,0.5974625,600,283.0532095499601,7d1af8308f5c93aa06561ffe5a6e4e8171d280157e80fb539c53617d64a713d3
113,MEASURED,FULL_POLICY_PATH,M11_OPTIMIZED,530101,20,4,126.5665,3.1641625,800,107.49725294030088,a3d86880da36c46da8dc4226de2d15a21bafcbb3d3de6234525944bb5aa264e7
114,MEASURED,FULL_POLICY_PATH,M11_REFERENCE,530101,15,3,172.3754,4.309385000000001,600,130.3358717953731,189881a5e1bfcc51a0b294aead80a5689fa4ff9cc9441444624324248e655954
115,MEASURED,FULL_POLICY_PATH,S_ADAPT_REFERENCE,-1,20,0,24.6511,0.6162775,800,441.55207175016403,3a221c89dcb7b438299f2f48d0eef0494bea948ec6de9698110e215c3af14aea
116,MEASURED,FULL_POLICY_PATH,S_ADAPT_OPTIMIZED,-1,15,3,0.8429,0.0210725,600,386.0996204018593,252c151f42ca3b8e280b1fc6e087a8dee2153f14747c336e7dcac0134425feea
117,MEASURED,FULL_POLICY_PATH,S_CLASS_ADAPT,-1,10,3,20.8906,0.522265,400,186.50780508403346,a3c2f307a616d43b5a02e213bccebf46176f954a667daa40f4000573be5ad998
118,MEASURED,FULL_POLICY_PATH,S_ADAPT_OPTIMIZED,-1,10,2,1.0003,0.0250075,400,278.2561217844486,6b879b5ecb141762cd197fdffe85d1828a5f5bb545a8ba4e2aab31ea59c47870
119,MEASURED,FULL_POLICY_PATH,S_ADAPT_REFERENCE,-1,15,2,24.7638,0.619095,600,363.60913959145546,f3eef135fbf7cda7d4259deff31d97d81321154c3d403ba8eae0e13e337b36ae
120,MEASURED,FULL_POLICY_PATH,S_CLASS_ADAPT,-1,15,0,24.3647,0.6091175,600,287.2710690196597,1e17d685e93d5731209afa2a3f0212382131e563c0eec0b2bed7e29827a66aa8
121,MEASURED,FULL_POLICY_PATH,M11_OPTIMIZED,530101,15,0,127.8635,3.1965875,600,97.20164785567786,5dfc6e9b928df4d0f08ff5efa0db383122234cf621cb1aff31d5dc76cea53281
122,MEASURED,FULL_POLICY_PATH,S_ADAPT_OPTIMIZED,-1,10,4,1.2391,0.0309775,400,271.37676933407784,88737f813284457f30f2c69d44f68791f7370e2c49c928c86777821b577f4051
123,MEASURED,FULL_POLICY_PATH,S_CLASS_ADAPT,-1,15,3,23.6972,0.59243,600,306.37812478227386,fe0517635c660eb8694ad59cfd9c0a564d36a8db6435d901027ff5af7c99af1a
124,MEASURED,FULL_POLICY_PATH,M11_REFERENCE,530101,20,4,166.9788,4.17447,800,107.49725294030088,a3d86880da36c46da8dc4226de2d15a21bafcbb3d3de6234525944bb5aa264e7
125,MEASURED,FULL_POLICY_PATH,S_ADAPT_OPTIMIZED,-1,15,3,1.2541,0.0313525,600,386.0996204018593,252c151f42ca3b8e280b1fc6e087a8dee2153f14747c336e7dcac0134425feea
126,MEASURED,FULL_POLICY_PATH,M11_REFERENCE,530101,20,4,169.2605,4.2315125,800,107.49725294030088,a3d86880da36c46da8dc4226de2d15a21bafcbb3d3de6234525944bb5aa264e7
127,MEASURED,FULL_POLICY_PATH,M11_REFERENCE,530101,15,2,164.7851,4.1196275,600,97.01479891499869,7e6d95d769c7d9687624018c1d858390f954fe241d6b8975ccdd997e695297b3
128,MEASURED,FULL_POLICY_PATH,S_ADAPT_REFERENCE,-1,15,2,24.795,0.6198750000000001,600,363.60913959145546,f3eef135fbf7cda7d4259deff31d97d81321154c3d403ba8eae0e13e337b36ae
129,MEASURED,FULL_POLICY_PATH,S_ADAPT_REFERENCE,-1,10,3,24.3618,0.609045,400,293.82467341423035,4041c2353650ffc3521df07aeec818741f2a7f8acf14590c93615e6d8d3ced8c
130,MEASURED,FULL_POLICY_PATH,M11_REFERENCE,530101,15,2,165.3969,4.1349225,600,97.01479891499869,7e6d95d769c7d9687624018c1d858390f954fe241d6b8975ccdd997e695297b3
131,MEASURED,FULL_POLICY_PATH,S_ADAPT_OPTIMIZED,-1,20,3,1.3254,0.033135,800,457.9206243157387,21e3005e62f6d231cb3cc40fdf9074ca833f899ce9df57bbef5710e5840e09f9
132,MEASURED,FULL_POLICY_PATH,S_CLASS_ADAPT,-1,20,0,25.9506,0.648765,800,383.886218862122,00f445c4e48aec771fd229970d380b5ed26cdc3c704c0b85eb0c822637dbe014
133,MEASURED,FULL_POLICY_PATH,S_ADAPT_OPTIMIZED,-1,20,1,1.2541,0.0313525,800,415.7503350973129,6d0cb0c4405dc90387b55d6457229758e4276ae0e27c754a78dcc25cc13f41c8
134,MEASURED,FULL_POLICY_PATH,S_ADAPT_REFERENCE,-1,20,1,24.7024,0.61756,800,415.7503350973129,6d0cb0c4405dc90387b55d6457229758e4276ae0e27c754a78dcc25cc13f41c8
135,MEASURED,FULL_POLICY_PATH,M11_OPTIMIZED,530101,20,0,123.6907,3.0922675,800,111.63427928148889,572f3263127b4169ac34f08b36891d7413aed8677c721a37c36d255a3899a9b3
136,MEASURED,FULL_POLICY_PATH,S_CLASS_ADAPT,-1,20,1,25.8299,0.6457474999999999,800,372.6084638228953,ee5652b9bec073594429470f15cf4f82f34e780685ff432ebf65ba8cd017f113
137,MEASURED,FULL_POLICY_PATH,S_ADAPT_REFERENCE,-1,15,1,24.0264,0.60066,600,353.76666152477264,106a9662fdc268276fd832a53813a5d41c26843d15913d386057929c37645238
138,MEASURED,FULL_POLICY_PATH,M11_REFERENCE,530101,20,2,175.4901,4.387252500000001,800,109.65310171004846,7fa0870805ff4cf7f09e6127254261b25246cc80f569411aae3dc5104d2933cc
139,MEASURED,FULL_POLICY_PATH,S_ADAPT_REFERENCE,-1,10,2,24.5551,0.6138775,400,278.2561217844486,6b879b5ecb141762cd197fdffe85d1828a5f5bb545a8ba4e2aab31ea59c47870
140,MEASURED,FULL_POLICY_PATH,S_ADAPT_OPTIMIZED,-1,20,3,0.8755,0.021887499999999997,800,457.9206243157387,21e3005e62f6d231cb3cc40fdf9074ca833f899ce9df57bbef5710e5840e09f9
141,MEASURED,FULL_POLICY_PATH,S_CLASS_ADAPT,-1,15,3,24.197,0.6049249999999999,600,306.37812478227386,fe0517635c660eb8694ad59cfd9c0a564d36a8db6435d901027ff5af7c99af1a
142,MEASURED,FULL_POLICY_PATH,M11_REFERENCE,530101,15,2,163.7542,4.093855,600,97.01479891499869,7e6d95d769c7d9687624018c1d858390f954fe241d6b8975ccdd997e695297b3
143,MEASURED,FULL_POLICY_PATH,M11_REFERENCE,530101,10,0,170.9422,4.273555,400,72.99146302310172,e7c35db7138d5e4d01b4cc857cbad087b7738d5333c1cd3599fbeb0aa1d0e715
144,MEASURED,FULL_POLICY_PATH,S_ADAPT_OPTIMIZED,-1,15,2,1.2745,0.0318625,600,363.60913959145546,f3eef135fbf7cda7d4259deff31d97d81321154c3d403ba8eae0e13e337b36ae
145,MEASURED,FULL_POLICY_PATH,S_CLASS_ADAPT,-1,10,3,21.5862,0.539655,400,186.50780508403346,a3c2f307a616d43b5a02e213bccebf46176f954a667daa40f4000573be5ad998
146,MEASURED,FULL_POLICY_PATH,S_ADAPT_REFERENCE,-1,15,4,25.6603,0.6415075,600,357.80318182706833,5938eba45c73290974057dd22f17b06e25d6b2d6c0e2628f2227edfdebb7b23b
147,MEASURED,FULL_POLICY_PATH,M11_REFERENCE,530101,15,0,171.6736,4.29184,600,97.20164785567786,5dfc6e9b928df4d0f08ff5efa0db383122234cf621cb1aff31d5dc76cea53281
148,MEASURED,FULL_POLICY_PATH,M11_REFERENCE,530101,10,3,163.4199,4.085497500000001,400,97.29233640543227,e2ac0f2f414f8e7b0771e1cf681e9fa7f847877736a984a87d7eae625858a2be
149,MEASURED,FULL_POLICY_PATH,M11_REFERENCE,530101,10,0,155.7275,3.8931875,400,72.99146302310172,e7c35db7138d5e4d01b4cc857cbad087b7738d5333c1cd3599fbeb0aa1d0e715
150,MEASURED,FULL_POLICY_PATH,S_CLASS_ADAPT,-1,15,4,23.8301,0.5957525,600,276.3170752508822,27aabfe6a729af2812a5ada63c37b64305e0046a8692b0324f79ecf9123ba647
151,MEASURED,FULL_POLICY_PATH,S_ADAPT_OPTIMIZED,-1,15,4,1.3051,0.0326275,600,357.80318182706833,5938eba45c73290974057dd22f17b06e25d6b2d6c0e2628f2227edfdebb7b23b
152,MEASURED,FULL_POLICY_PATH,S_CLASS_ADAPT,-1,15,3,24.5905,0.6147625,600,306.37812478227386,fe0517635c660eb8694ad59cfd9c0a564d36a8db6435d901027ff5af7c99af1a
153,MEASURED,FULL_POLICY_PATH,S_ADAPT_REFERENCE,-1,20,0,25.1282,0.628205,800,441.55207175016403,3a221c89dcb7b438299f2f48d0eef0494bea948ec6de9698110e215c3af14aea
154,MEASURED,FULL_POLICY_PATH,M11_OPTIMIZED,530101,15,1,125.1934,3.129835,600,83.67778409735129,ef43848fe57bfab6314f95d3543e966a8b08c097b3706610f18e7b16785f617f
155,MEASURED,FULL_POLICY_PATH,S_ADAPT_REFERENCE,-1,20,3,25.0549,0.6263725,800,457.9206243157387,21e3005e62f6d231cb3cc40fdf9074ca833f899ce9df57bbef5710e5840e09f9
156,MEASURED,FULL_POLICY_PATH,M11_OPTIMIZED,530101,20,1,124.7422,3.1185549999999997,800,94.47869624869647,10a79b6eb4692460620841197d21cd855c4439e299eaf5266b74fedcd9385dea
157,MEASURED,FULL_POLICY_PATH,S_CLASS_ADAPT,-1,15,4,24.8314,0.6207849999999999,600,276.3170752508822,27aabfe6a729af2812a5ada63c37b64305e0046a8692b0324f79ecf9123ba647
158,MEASURED,FULL_POLICY_PATH,M11_REFERENCE,530101,10,2,162.7617,4.0690425,400,71.15188249646685,9b25952942cfac66d6dd841368d70f12dd91486c3cf6a523c8fcc245cc3f86b3
159,MEASURED,FULL_POLICY_PATH,M11_REFERENCE,530101,20,4,166.7944,4.16986,800,107.49725294030088,a3d86880da36c46da8dc4226de2d15a21bafcbb3d3de6234525944bb5aa264e7
160,MEASURED,FULL_POLICY_PATH,S_ADAPT_OPTIMIZED,-1,10,0,1.265,0.031625,400,284.22937551140785,53942cbb9a8a5a64b0db98a82f4fce558f482e6886ecc097434e9fba646b0a60
161,MEASURED,FULL_POLICY_PATH,M11_REFERENCE,530101,15,4,161.4992,4.03748,600,93.15287583446096,f4a94ff0a77b6bd17929b939cf25ec2bc7ef76ebdf3f58bce2d75db46d2d99f4
162,MEASURED,FULL_POLICY_PATH,S_ADAPT_OPTIMIZED,-1,10,1,1.222,0.03055,400,275.9327971637249,1ce6b8ff41cb97b662aedc7ad8bedd7c817837cf26b99fc81f6d1ec0c5c1c3ce
163,MEASURED,FULL_POLICY_PATH,S_ADAPT_REFERENCE,-1,20,2,25.2256,0.63064,800,432.81260257959366,e79987f149cce4d4391ef92c6a97c1d767fd16cd492c031ea4af70e8451de98c
164,MEASURED,FULL_POLICY_PATH,S_ADAPT_REFERENCE,-1,15,2,23.4054,0.585135,600,363.60913959145546,f3eef135fbf7cda7d4259deff31d97d81321154c3d403ba8eae0e13e337b36ae
165,MEASURED,FULL_POLICY_PATH,S_ADAPT_OPTIMIZED,-1,10,1,0.8026,0.020065,400,275.9327971637249,1ce6b8ff41cb97b662aedc7ad8bedd7c817837cf26b99fc81f6d1ec0c5c1c3ce
166,MEASURED,FULL_POLICY_PATH,M11_OPTIMIZED,530101,10,4,127.1898,3.179745,400,68.38854427300772,28b79183e97c33c01ad9eb08a621cfb39e8a80e95d38c09997c1d42fc0bd92aa
167,MEASURED,FULL_POLICY_PATH,M11_REFERENCE,530101,20,4,165.8381,4.1459525,800,107.49725294030088,a3d86880da36c46da8dc4226de2d15a21bafcbb3d3de6234525944bb5aa264e7
168,MEASURED,FULL_POLICY_PATH,S_CLASS_ADAPT,-1,10,0,21.4823,0.5370575,400,169.56029704522783,2325eb40fea98334e6d85b23187f1269216705645b7ef82782c7a2b307ca1e3d
169,MEASURED,FULL_POLICY_PATH,S_ADAPT_REFERENCE,-1,10,1,23.8414,0.596035,400,275.9327971637249,1ce6b8ff41cb97b662aedc7ad8bedd7c817837cf26b99fc81f6d1ec0c5c1c3ce
170,MEASURED,FULL_POLICY_PATH,S_ADAPT_REFERENCE,-1,15,2,23.389,0.5847249999999999,600,363.60913959145546,f3eef135fbf7cda7d4259deff31d97d81321154c3d403ba8eae0e13e337b36ae
171,MEASURED,FULL_POLICY_PATH,S_CLASS_ADAPT,-1,10,2,21.0445,0.5261125,400,158.87707205513013,2cecbd4eddc2f92081e0d41c827e020064b38782aca772a35ab7bc8d39308dd2
172,MEASURED,FULL_POLICY_PATH,S_ADAPT_REFERENCE,-1,10,0,25.3514,0.633785,400,284.22937551140785,53942cbb9a8a5a64b0db98a82f4fce558f482e6886ecc097434e9fba646b0a60
173,MEASURED,FULL_POLICY_PATH,M11_REFERENCE,530101,20,2,176.426,4.4106499999999995,800,109.65310171004846,7fa0870805ff4cf7f09e6127254261b25246cc80f569411aae3dc5104d2933cc
174,MEASURED,FULL_POLICY_PATH,S_CLASS_ADAPT,-1,20,2,25.9653,0.6491325,800,356.35799271053946,75557298d531d59da7316cd3f0499696bdd3ea24d88530138fcd48b3c57c7775
175,MEASURED,FULL_POLICY_PATH,S_ADAPT_OPTIMIZED,-1,15,1,1.398,0.034949999999999995,600,353.76666152477264,106a9662fdc268276fd832a53813a5d41c26843d15913d386057929c37645238
176,MEASURED,FULL_POLICY_PATH,M11_OPTIMIZED,530101,10,4,124.4342,3.110855,400,68.38854427300772,28b79183e97c33c01ad9eb08a621cfb39e8a80e95d38c09997c1d42fc0bd92aa
177,MEASURED,FULL_POLICY_PATH,S_CLASS_ADAPT,-1,15,3,24.0559,0.6013975,600,306.37812478227386,fe0517635c660eb8694ad59cfd9c0a564d36a8db6435d901027ff5af7c99af1a
178,MEASURED,FULL_POLICY_PATH,S_CLASS_ADAPT,-1,15,1,23.7128,0.59282,600,283.0532095499601,7d1af8308f5c93aa06561ffe5a6e4e8171d280157e80fb539c53617d64a713d3
179,MEASURED,FULL_POLICY_PATH,M11_OPTIMIZED,530101,15,3,127.5089,3.1877225,600,130.3358717953731,189881a5e1bfcc51a0b294aead80a5689fa4ff9cc9441444624324248e655954
180,MEASURED,FULL_POLICY_PATH,S_CLASS_ADAPT,-1,10,2,21.3001,0.5325025,400,158.87707205513013,2cecbd4eddc2f92081e0d41c827e020064b38782aca772a35ab7bc8d39308dd2
181,MEASURED,FULL_POLICY_PATH,S_ADAPT_OPTIMIZED,-1,15,4,1.3063,0.0326575,600,357.80318182706833,5938eba45c73290974057dd22f17b06e25d6b2d6c0e2628f2227edfdebb7b23b
182,MEASURED,FULL_POLICY_PATH,S_ADAPT_REFERENCE,-1,20,0,23.7672,0.5941799999999999,800,441.55207175016403,3a221c89dcb7b438299f2f48d0eef0494bea948ec6de9698110e215c3af14aea
183,MEASURED,FULL_POLICY_PATH,S_ADAPT_OPTIMIZED,-1,10,0,0.8393,0.0209825,400,284.22937551140785,53942cbb9a8a5a64b0db98a82f4fce558f482e6886ecc097434e9fba646b0a60
184,MEASURED,FULL_POLICY_PATH,M11_REFERENCE,530101,10,0,176.0829,4.4020725,400,72.99146302310172,e7c35db7138d5e4d01b4cc857cbad087b7738d5333c1cd3599fbeb0aa1d0e715
185,MEASURED,FULL_POLICY_PATH,S_ADAPT_OPTIMIZED,-1,10,0,1.2472,0.031180000000000003,400,284.22937551140785,53942cbb9a8a5a64b0db98a82f4fce558f482e6886ecc097434e9fba646b0a60
186,MEASURED,FULL_POLICY_PATH,M11_OPTIMIZED,530101,10,4,121.9492,3.04873,400,68.38854427300772,28b79183e97c33c01ad9eb08a621cfb39e8a80e95d38c09997c1d42fc0bd92aa
187,MEASURED,FULL_POLICY_PATH,S_ADAPT_REFERENCE,-1,10,1,24.9197,0.6229925,400,275.9327971637249,1ce6b8ff41cb97b662aedc7ad8bedd7c817837cf26b99fc81f6d1ec0c5c1c3ce
188,MEASURED,FULL_POLICY_PATH,S_CLASS_ADAPT,-1,15,3,24.9287,0.6232175,600,306.37812478227386,fe0517635c660eb8694ad59cfd9c0a564d36a8db6435d901027ff5af7c99af1a
189,MEASURED,FULL_POLICY_PATH,S_ADAPT_OPTIMIZED,-1,10,0,1.1805,0.029512500000000004,400,284.22937551140785,53942cbb9a8a5a64b0db98a82f4fce558f482e6886ecc097434e9fba646b0a60
190,MEASURED,FULL_POLICY_PATH,M11_OPTIMIZED,530101,15,2,127.5203,3.1880075000000003,600,97.01479891499869,7e6d95d769c7d9687624018c1d858390f954fe241d6b8975ccdd997e695297b3
191,MEASURED,FULL_POLICY_PATH,S_CLASS_ADAPT,-1,15,2,24.4187,0.6104675,600,268.11715816665776,96a8c33feb580d08b8f4ca5f1fe6b48845c46aeb9ac0b3b8044b6d72a5883fa6
192,MEASURED,FULL_POLICY_PATH,S_CLASS_ADAPT,-1,15,3,24.173,0.604325,600,306.37812478227386,fe0517635c660eb8694ad59cfd9c0a564d36a8db6435d901027ff5af7c99af1a
193,MEASURED,FULL_POLICY_PATH,S_CLASS_ADAPT,-1,20,4,25.9448,0.64862,800,370.2893833845736,401c16a4253fa5039c53739f05775277b6b1ab5d2f80670918dab115270a0bfb
194,MEASURED,FULL_POLICY_PATH,M11_REFERENCE,530101,20,1,171.1892,4.27973,800,94.47869624869647,10a79b6eb4692460620841197d21cd855c4439e299eaf5266b74fedcd9385dea
195,MEASURED,FULL_POLICY_PATH,S_CLASS_ADAPT,-1,10,3,21.125,0.528125,400,186.50780508403346,a3c2f307a616d43b5a02e213bccebf46176f954a667daa40f4000573be5ad998
196,MEASURED,FULL_POLICY_PATH,M11_OPTIMIZED,530101,15,0,128.3331,3.2083275,600,97.20164785567786,5dfc6e9b928df4d0f08ff5efa0db383122234cf621cb1aff31d5dc76cea53281
197,MEASURED,FULL_POLICY_PATH,S_ADAPT_OPTIMIZED,-1,20,0,1.4416,0.03604,800,441.55207175016403,3a221c89dcb7b438299f2f48d0eef0494bea948ec6de9698110e215c3af14aea
198,MEASURED,FULL_POLICY_PATH,S_ADAPT_REFERENCE,-1,10,1,23.7699,0.5942475,400,275.9327971637249,1ce6b8ff41cb97b662aedc7ad8bedd7c817837cf26b99fc81f6d1ec0c5c1c3ce
199,MEASURED,FULL_POLICY_PATH,M11_OPTIMIZED,530101,10,3,120.417,3.010425,400,97.29233640543227,e2ac0f2f414f8e7b0771e1cf681e9fa7f847877736a984a87d7eae625858a2be
200,MEASURED,FULL_POLICY_PATH,S_ADAPT_REFERENCE,-1,10,0,24.9468,0.62367,400,284.22937551140785,53942cbb9a8a5a64b0db98a82f4fce558f482e6886ecc097434e9fba646b0a60
201,MEASURED,FULL_POLICY_PATH,S_CLASS_ADAPT,-1,10,2,21.1412,0.52853,400,158.87707205513013,2cecbd4eddc2f92081e0d41c827e020064b38782aca772a35ab7bc8d39308dd2
202,MEASURED,FULL_POLICY_PATH,M11_OPTIMIZED,530101,10,4,120.7566,3.0189150000000002,400,68.38854427300772,28b79183e97c33c01ad9eb08a621cfb39e8a80e95d38c09997c1d42fc0bd92aa
203,MEASURED,FULL_POLICY_PATH,S_ADAPT_REFERENCE,-1,20,3,24.5673,0.6141825,800,457.9206243157387,21e3005e62f6d231cb3cc40fdf9074ca833f899ce9df57bbef5710e5840e09f9
204,MEASURED,FULL_POLICY_PATH,M11_REFERENCE,530101,10,1,167.3415,4.1835375,400,62.94320651540613,1f16862fb35fea7c20a78a332c201ac0ebb4d60127abe43776c0618b1143b81b
205,MEASURED,FULL_POLICY_PATH,S_CLASS_ADAPT,-1,15,1,24.9834,0.624585,600,283.0532095499601,7d1af8308f5c93aa06561ffe5a6e4e8171d280157e80fb539c53617d64a713d3
206,MEASURED,FULL_POLICY_PATH,S_ADAPT_OPTIMIZED,-1,10,0,1.2551,0.0313775,400,284.22937551140785,53942cbb9a8a5a64b0db98a82f4fce558f482e6886ecc097434e9fba646b0a60
207,MEASURED,FULL_POLICY_PATH,M11_OPTIMIZED,530101,10,0,120.3457,3.0086424999999997,400,72.99146302310172,e7c35db7138d5e4d01b4cc857cbad087b7738d5333c1cd3599fbeb0aa1d0e715
208,MEASURED,FULL_POLICY_PATH,S_ADAPT_OPTIMIZED,-1,20,1,1.37,0.03425,800,415.7503350973129,6d0cb0c4405dc90387b55d6457229758e4276ae0e27c754a78dcc25cc13f41c8
209,MEASURED,FULL_POLICY_PATH,M11_REFERENCE,530101,10,0,164.8921,4.1223025,400,72.99146302310172,e7c35db7138d5e4d01b4cc857cbad087b7738d5333c1cd3599fbeb0aa1d0e715
210,MEASURED,FULL_POLICY_PATH,S_ADAPT_OPTIMIZED,-1,15,2,1.2683,0.0317075,600,363.60913959145546,f3eef135fbf7cda7d4259deff31d97d81321154c3d403ba8eae0e13e337b36ae
211,MEASURED,FULL_POLICY_PATH,M11_REFERENCE,530101,10,0,164.2905,4.1072625,400,72.99146302310172,e7c35db7138d5e4d01b4cc857cbad087b7738d5333c1cd3599fbeb0aa1d0e715
212,MEASURED,FULL_POLICY_PATH,S_ADAPT_REFERENCE,-1,20,2,24.8156,0.62039,800,432.81260257959366,e79987f149cce4d4391ef92c6a97c1d767fd16cd492c031ea4af70e8451de98c
213,MEASURED,FULL_POLICY_PATH,S_ADAPT_OPTIMIZED,-1,15,4,0.8332,0.02083,600,357.80318182706833,5938eba45c73290974057dd22f17b06e25d6b2d6c0e2628f2227edfdebb7b23b
214,MEASURED,FULL_POLICY_PATH,M11_OPTIMIZED,530101,15,0,128.4649,3.2116225,600,97.20164785567786,5dfc6e9b928df4d0f08ff5efa0db383122234cf621cb1aff31d5dc76cea53281
215,MEASURED,FULL_POLICY_PATH,S_CLASS_ADAPT,-1,10,4,21.4394,0.5359849999999999,400,163.21071502449217,7b4a15a5d6e277fa7d3b8e934445946a80f77d14bcbbef5b2fc2dad80699cb74
216,MEASURED,FULL_POLICY_PATH,S_ADAPT_OPTIMIZED,-1,15,1,1.2674,0.031685000000000005,600,353.76666152477264,106a9662fdc268276fd832a53813a5d41c26843d15913d386057929c37645238
217,MEASURED,FULL_POLICY_PATH,S_ADAPT_REFERENCE,-1,15,1,194.4543,4.8613574999999996,600,353.76666152477264,106a9662fdc268276fd832a53813a5d41c26843d15913d386057929c37645238
218,MEASURED,FULL_POLICY_PATH,S_ADAPT_REFERENCE,-1,10,0,23.9006,0.597515,400,284.22937551140785,53942cbb9a8a5a64b0db98a82f4fce558f482e6886ecc097434e9fba646b0a60
219,MEASURED,FULL_POLICY_PATH,S_ADAPT_REFERENCE,-1,20,3,24.053,0.601325,800,457.9206243157387,21e3005e62f6d231cb3cc40fdf9074ca833f899ce9df57bbef5710e5840e09f9
220,MEASURED,FULL_POLICY_PATH,M11_OPTIMIZED,530101,20,0,126.3542,3.158855,800,111.63427928148889,572f3263127b4169ac34f08b36891d7413aed8677c721a37c36d255a3899a9b3
221,MEASURED,FULL_POLICY_PATH,M11_REFERENCE,530101,15,3,163.9262,4.098155,600,130.3358717953731,189881a5e1bfcc51a0b294aead80a5689fa4ff9cc9441444624324248e655954
222,MEASURED,FULL_POLICY_PATH,S_ADAPT_OPTIMIZED,-1,10,4,1.2628,0.03157,400,271.37676933407784,88737f813284457f30f2c69d44f68791f7370e2c49c928c86777821b577f4051
223,MEASURED,FULL_POLICY_PATH,S_ADAPT_OPTIMIZED,-1,20,0,0.7905,0.0197625,800,441.55207175016403,3a221c89dcb7b438299f2f48d0eef0494bea948ec6de9698110e215c3af14aea
224,MEASURED,FULL_POLICY_PATH,S_ADAPT_REFERENCE,-1,15,4,25.2858,0.632145,600,357.80318182706833,5938eba45c73290974057dd22f17b06e25d6b2d6c0e2628f2227edfdebb7b23b
225,MEASURED,FULL_POLICY_PATH,S_ADAPT_OPTIMIZED,-1,15,3,0.8415,0.0210375,600,386.0996204018593,252c151f42ca3b8e280b1fc6e087a8dee2153f14747c336e7dcac0134425feea
226,MEASURED,FULL_POLICY_PATH,S_CLASS_ADAPT,-1,10,2,21.0803,0.5270075000000001,400,158.87707205513013,2cecbd4eddc2f92081e0d41c827e020064b38782aca772a35ab7bc8d39308dd2
227,MEASURED,FULL_POLICY_PATH,M11_REFERENCE,530101,10,0,162.904,4.0725999999999996,400,72.99146302310172,e7c35db7138d5e4d01b4cc857cbad087b7738d5333c1cd3599fbeb0aa1d0e715
228,MEASURED,FULL_POLICY_PATH,S_ADAPT_OPTIMIZED,-1,15,4,1.287,0.032174999999999995,600,357.80318182706833,5938eba45c73290974057dd22f17b06e25d6b2d6c0e2628f2227edfdebb7b23b
229,MEASURED,FULL_POLICY_PATH,S_CLASS_ADAPT,-1,15,0,23.8031,0.5950775,600,287.2710690196597,1e17d685e93d5731209afa2a3f0212382131e563c0eec0b2bed7e29827a66aa8
230,MEASURED,FULL_POLICY_PATH,S_ADAPT_OPTIMIZED,-1,15,2,1.311,0.032775,600,363.60913959145546,f3eef135fbf7cda7d4259deff31d97d81321154c3d403ba8eae0e13e337b36ae
231,MEASURED,FULL_POLICY_PATH,S_CLASS_ADAPT,-1,10,0,20.4681,0.5117025,400,169.56029704522783,2325eb40fea98334e6d85b23187f1269216705645b7ef82782c7a2b307ca1e3d
232,MEASURED,FULL_POLICY_PATH,S_CLASS_ADAPT,-1,20,0,25.9146,0.647865,800,383.886218862122,00f445c4e48aec771fd229970d380b5ed26cdc3c704c0b85eb0c822637dbe014
233,MEASURED,FULL_POLICY_PATH,S_ADAPT_REFERENCE,-1,15,4,24.7592,0.61898,600,357.80318182706833,5938eba45c73290974057dd22f17b06e25d6b2d6c0e2628f2227edfdebb7b23b
234,MEASURED,FULL_POLICY_PATH,S_CLASS_ADAPT,-1,15,3,24.274,0.60685,600,306.37812478227386,fe0517635c660eb8694ad59cfd9c0a564d36a8db6435d901027ff5af7c99af1a
235,MEASURED,FULL_POLICY_PATH,S_CLASS_ADAPT,-1,20,3,25.5138,0.637845,800,407.26081500314206,ef2642c75a3f0d2ba9ad1cd2636aa2b92ff1122a9db901edc8efd639a42c70c3
236,MEASURED,FULL_POLICY_PATH,S_ADAPT_REFERENCE,-1,15,0,24.3866,0.609665,600,371.3841568529606,b3004c94c0a1acc4bea41b0fbb2b1d0eba865c9be972d407e019303ca1057a20
237,MEASURED,FULL_POLICY_PATH,M11_OPTIMIZED,530101,10,2,118.5428,2.96357,400,71.15188249646685,9b25952942cfac66d6dd841368d70f12dd91486c3cf6a523c8fcc245cc3f86b3
238,MEASURED,FULL_POLICY_PATH,S_ADAPT_REFERENCE,-1,15,3,24.3778,0.609445,600,386.0996204018593,252c151f42ca3b8e280b1fc6e087a8dee2153f14747c336e7dcac0134425feea
239,MEASURED,FULL_POLICY_PATH,M11_OPTIMIZED,530101,15,4,125.5563,3.1389074999999997,600,93.15287583446096,f4a94ff0a77b6bd17929b939cf25ec2bc7ef76ebdf3f58bce2d75db46d2d99f4
240,MEASURED,FULL_POLICY_PATH,M11_OPTIMIZED,530101,10,4,119.6473,2.9911825,400,68.38854427300772,28b79183e97c33c01ad9eb08a621cfb39e8a80e95d38c09997c1d42fc0bd92aa
241,MEASURED,FULL_POLICY_PATH,M11_OPTIMIZED,530101,20,3,129.2295,3.2307375,800,146.51983876547857,67a588433daba80df4bc1c340bf736b7fd5266dbd6db36bc042c11d3251a6616
242,MEASURED,FULL_POLICY_PATH,S_ADAPT_OPTIMIZED,-1,10,4,1.2539,0.0313475,400,271.37676933407784,88737f813284457f30f2c69d44f68791f7370e2c49c928c86777821b577f4051
243,MEASURED,FULL_POLICY_PATH,S_ADAPT_REFERENCE,-1,15,3,25.0783,0.6269575,600,386.0996204018593,252c151f42ca3b8e280b1fc6e087a8dee2153f14747c336e7dcac0134425feea
244,MEASURED,FULL_POLICY_PATH,M11_OPTIMIZED,530101,20,3,125.2248,3.13062,800,146.51983876547857,67a588433daba80df4bc1c340bf736b7fd5266dbd6db36bc042c11d3251a6616
245,MEASURED,FULL_POLICY_PATH,S_ADAPT_OPTIMIZED,-1,15,1,1.3005,0.0325125,600,353.76666152477264,106a9662fdc268276fd832a53813a5d41c26843d15913d386057929c37645238
246,MEASURED,FULL_POLICY_PATH,M11_REFERENCE,530101,20,4,166.3935,4.1598375,800,107.49725294030088,a3d86880da36c46da8dc4226de2d15a21bafcbb3d3de6234525944bb5aa264e7
247,MEASURED,FULL_POLICY_PATH,S_ADAPT_REFERENCE,-1,20,1,24.5201,0.6130025,800,415.7503350973129,6d0cb0c4405dc90387b55d6457229758e4276ae0e27c754a78dcc25cc13f41c8
248,MEASURED,FULL_POLICY_PATH,S_ADAPT_OPTIMIZED,-1,15,3,0.8338,0.020845,600,386.0996204018593,252c151f42ca3b8e280b1fc6e087a8dee2153f14747c336e7dcac0134425feea
249,MEASURED,FULL_POLICY_PATH,S_ADAPT_OPTIMIZED,-1,20,3,0.7461,0.0186525,800,457.9206243157387,21e3005e62f6d231cb3cc40fdf9074ca833f899ce9df57bbef5710e5840e09f9
250,MEASURED,FULL_POLICY_PATH,S_ADAPT_REFERENCE,-1,20,3,24.1042,0.602605,800,457.9206243157387,21e3005e62f6d231cb3cc40fdf9074ca833f899ce9df57bbef5710e5840e09f9
251,MEASURED,FULL_POLICY_PATH,M11_REFERENCE,530101,15,4,168.1477,4.2036925,600,93.15287583446096,f4a94ff0a77b6bd17929b939cf25ec2bc7ef76ebdf3f58bce2d75db46d2d99f4
252,MEASURED,FULL_POLICY_PATH,S_CLASS_ADAPT,-1,20,3,25.29,0.63225,800,407.26081500314206,ef2642c75a3f0d2ba9ad1cd2636aa2b92ff1122a9db901edc8efd639a42c70c3
253,MEASURED,FULL_POLICY_PATH,S_CLASS_ADAPT,-1,10,1,21.0905,0.5272625,400,172.9455011671386,de9b8748444630c399dc8411a9116aafed312522708a050ee5412237cb83d72c
254,MEASURED,FULL_POLICY_PATH,M11_REFERENCE,530101,15,0,162.3176,4.05794,600,97.20164785567786,5dfc6e9b928df4d0f08ff5efa0db383122234cf621cb1aff31d5dc76cea53281
255,MEASURED,FULL_POLICY_PATH,S_ADAPT_REFERENCE,-1,15,1,25.0266,0.6256649999999999,600,353.76666152477264,106a9662fdc268276fd832a53813a5d41c26843d15913d386057929c37645238
256,MEASURED,FULL_POLICY_PATH,M11_OPTIMIZED,530101,10,3,122.049,3.051225,400,97.29233640543227,e2ac0f2f414f8e7b0771e1cf681e9fa7f847877736a984a87d7eae625858a2be
257,MEASURED,FULL_POLICY_PATH,S_CLASS_ADAPT,-1,15,0,23.8185,0.5954625,600,287.2710690196597,1e17d685e93d5731209afa2a3f0212382131e563c0eec0b2bed7e29827a66aa8
258,MEASURED,FULL_POLICY_PATH,S_ADAPT_OPTIMIZED,-1,20,3,1.2976,0.032440000000000004,800,457.9206243157387,21e3005e62f6d231cb3cc40fdf9074ca833f899ce9df57bbef5710e5840e09f9
259,MEASURED,FULL_POLICY_PATH,M11_OPTIMIZED,530101,15,3,124.6608,3.11652,600,130.3358717953731,189881a5e1bfcc51a0b294aead80a5689fa4ff9cc9441444624324248e655954
260,MEASURED,FULL_POLICY_PATH,S_CLASS_ADAPT,-1,20,4,26.3581,0.6589525,800,370.2893833845736,401c16a4253fa5039c53739f05775277b6b1ab5d2f80670918dab115270a0bfb
261,MEASURED,FULL_POLICY_PATH,S_ADAPT_REFERENCE,-1,15,0,25.0428,0.62607,600,371.3841568529606,b3004c94c0a1acc4bea41b0fbb2b1d0eba865c9be972d407e019303ca1057a20
262,MEASURED,FULL_POLICY_PATH,S_CLASS_ADAPT,-1,10,3,21.2717,0.5317925,400,186.50780508403346,a3c2f307a616d43b5a02e213bccebf46176f954a667daa40f4000573be5ad998
263,MEASURED,FULL_POLICY_PATH,S_ADAPT_OPTIMIZED,-1,20,2,1.2834,0.032085,800,432.81260257959366,e79987f149cce4d4391ef92c6a97c1d767fd16cd492c031ea4af70e8451de98c
264,MEASURED,FULL_POLICY_PATH,S_CLASS_ADAPT,-1,15,2,24.0207,0.6005175,600,268.11715816665776,96a8c33feb580d08b8f4ca5f1fe6b48845c46aeb9ac0b3b8044b6d72a5883fa6
265,MEASURED,FULL_POLICY_PATH,S_ADAPT_REFERENCE,-1,10,4,24.618,0.6154499999999999,400,271.37676933407784,88737f813284457f30f2c69d44f68791f7370e2c49c928c86777821b577f4051
266,MEASURED,FULL_POLICY_PATH,S_ADAPT_REFERENCE,-1,15,1,23.9579,0.5989475,600,353.76666152477264,106a9662fdc268276fd832a53813a5d41c26843d15913d386057929c37645238
267,MEASURED,FULL_POLICY_PATH,S_CLASS_ADAPT,-1,20,1,25.7855,0.6446375,800,372.6084638228953,ee5652b9bec073594429470f15cf4f82f34e780685ff432ebf65ba8cd017f113
268,MEASURED,FULL_POLICY_PATH,S_ADAPT_REFERENCE,-1,20,3,24.6376,0.6159399999999999,800,457.9206243157387,21e3005e62f6d231cb3cc40fdf9074ca833f899ce9df57bbef5710e5840e09f9
269,MEASURED,FULL_POLICY_PATH,M11_OPTIMIZED,530101,20,3,125.8536,3.14634,800,146.51983876547857,67a588433daba80df4bc1c340bf736b7fd5266dbd6db36bc042c11d3251a6616
270,MEASURED,FULL_POLICY_PATH,S_ADAPT_OPTIMIZED,-1,10,4,1.3853,0.0346325,400,271.37676933407784,88737f813284457f30f2c69d44f68791f7370e2c49c928c86777821b577f4051
271,MEASURED,FULL_POLICY_PATH,M11_REFERENCE,530101,20,3,173.3118,4.332795,800,146.51983876547857,67a588433daba80df4bc1c340bf736b7fd5266dbd6db36bc042c11d3251a6616
272,MEASURED,FULL_POLICY_PATH,M11_REFERENCE,530101,10,2,162.9939,4.0748475,400,71.15188249646685,9b25952942cfac66d6dd841368d70f12dd91486c3cf6a523c8fcc245cc3f86b3
273,MEASURED,FULL_POLICY_PATH,S_ADAPT_REFERENCE,-1,20,2,24.9541,0.6238525,800,432.81260257959366,e79987f149cce4d4391ef92c6a97c1d767fd16cd492c031ea4af70e8451de98c
274,MEASURED,FULL_POLICY_PATH,S_ADAPT_OPTIMIZED,-1,15,4,0.87,0.02175,600,357.80318182706833,5938eba45c73290974057dd22f17b06e25d6b2d6c0e2628f2227edfdebb7b23b
275,MEASURED,FULL_POLICY_PATH,M11_REFERENCE,530101,10,3,162.5326,4.063315,400,97.29233640543227,e2ac0f2f414f8e7b0771e1cf681e9fa7f847877736a984a87d7eae625858a2be
276,MEASURED,FULL_POLICY_PATH,M11_OPTIMIZED,530101,10,0,124.1246,3.103115,400,72.99146302310172,e7c35db7138d5e4d01b4cc857cbad087b7738d5333c1cd3599fbeb0aa1d0e715
277,MEASURED,FULL_POLICY_PATH,S_ADAPT_OPTIMIZED,-1,15,3,1.2834,0.032085,600,386.0996204018593,252c151f42ca3b8e280b1fc6e087a8dee2153f14747c336e7dcac0134425feea
278,MEASURED,FULL_POLICY_PATH,M11_REFERENCE,530101,15,0,167.4904,4.18726,600,97.20164785567786,5dfc6e9b928df4d0f08ff5efa0db383122234cf621cb1aff31d5dc76cea53281
279,MEASURED,FULL_POLICY_PATH,S_ADAPT_OPTIMIZED,-1,10,2,1.28,0.032,400,278.2561217844486,6b879b5ecb141762cd197fdffe85d1828a5f5bb545a8ba4e2aab31ea59c47870
280,MEASURED,FULL_POLICY_PATH,S_ADAPT_REFERENCE,-1,10,4,24.3337,0.6083425,400,271.37676933407784,88737f813284457f30f2c69d44f68791f7370e2c49c928c86777821b577f4051
281,MEASURED,FULL_POLICY_PATH,S_CLASS_ADAPT,-1,20,1,25.8034,0.645085,800,372.6084638228953,ee5652b9bec073594429470f15cf4f82f34e780685ff432ebf65ba8cd017f113
282,MEASURED,FULL_POLICY_PATH,S_CLASS_ADAPT,-1,10,3,20.8635,0.5215875,400,186.50780508403346,a3c2f307a616d43b5a02e213bccebf46176f954a667daa40f4000573be5ad998
283,MEASURED,FULL_POLICY_PATH,M11_OPTIMIZED,530101,10,4,123.5308,3.08827,400,68.38854427300772,28b79183e97c33c01ad9eb08a621cfb39e8a80e95d38c09997c1d42fc0bd92aa
284,MEASURED,FULL_POLICY_PATH,S_ADAPT_OPTIMIZED,-1,10,3,1.2403,0.0310075,400,293.82467341423035,4041c2353650ffc3521df07aeec818741f2a7f8acf14590c93615e6d8d3ced8c
285,MEASURED,FULL_POLICY_PATH,S_ADAPT_REFERENCE,-1,20,4,24.3197,0.6079925,800,428.6769134104252,a4557f4ce7bfe56aa5dcd63a55abb879b843c5e934e2dfc46b1bb08a31d616cb
286,MEASURED,FULL_POLICY_PATH,S_ADAPT_OPTIMIZED,-1,20,0,0.8791,0.0219775,800,441.55207175016403,3a221c89dcb7b438299f2f48d0eef0494bea948ec6de9698110e215c3af14aea
287,MEASURED,FULL_POLICY_PATH,S_ADAPT_REFERENCE,-1,15,0,24.347,0.6086750000000001,600,371.3841568529606,b3004c94c0a1acc4bea41b0fbb2b1d0eba865c9be972d407e019303ca1057a20
288,MEASURED,FULL_POLICY_PATH,S_CLASS_ADAPT,-1,20,1,25.6629,0.6415725,800,372.6084638228953,ee5652b9bec073594429470f15cf4f82f34e780685ff432ebf65ba8cd017f113
289,MEASURED,FULL_POLICY_PATH,S_CLASS_ADAPT,-1,15,4,23.8699,0.5967475,600,276.3170752508822,27aabfe6a729af2812a5ada63c37b64305e0046a8692b0324f79ecf9123ba647
290,MEASURED,FULL_POLICY_PATH,S_ADAPT_OPTIMIZED,-1,10,0,1.2415,0.031037500000000003,400,284.22937551140785,53942cbb9a8a5a64b0db98a82f4fce558f482e6886ecc097434e9fba646b0a60
291,MEASURED,FULL_POLICY_PATH,S_ADAPT_REFERENCE,-1,10,4,24.1849,0.6046225,400,271.37676933407784,88737f813284457f30f2c69d44f68791f7370e2c49c928c86777821b577f4051
292,MEASURED,FULL_POLICY_PATH,S_ADAPT_REFERENCE,-1,20,2,24.4427,0.6110675,800,432.81260257959366,e79987f149cce4d4391ef92c6a97c1d767fd16cd492c031ea4af70e8451de98c
293,MEASURED,FULL_POLICY_PATH,S_ADAPT_OPTIMIZED,-1,15,2,0.9132,0.02283,600,363.60913959145546,f3eef135fbf7cda7d4259deff31d97d81321154c3d403ba8eae0e13e337b36ae
294,MEASURED,FULL_POLICY_PATH,S_CLASS_ADAPT,-1,15,2,24.5879,0.6146975,600,268.11715816665776,96a8c33feb580d08b8f4ca5f1fe6b48845c46aeb9ac0b3b8044b6d72a5883fa6
295,MEASURED,FULL_POLICY_PATH,M11_OPTIMIZED,530101,10,3,124.6241,3.1156025,400,97.29233640543227,e2ac0f2f414f8e7b0771e1cf681e9fa7f847877736a984a87d7eae625858a2be
296,MEASURED,FULL_POLICY_PATH,S_ADAPT_REFERENCE,-1,15,0,24.8058,0.6201450000000001,600,371.3841568529606,b3004c94c0a1acc4bea41b0fbb2b1d0eba865c9be972d407e019303ca1057a20
297,MEASURED,FULL_POLICY_PATH,M11_OPTIMIZED,530101,10,2,124.766,3.1191500000000003,400,71.15188249646685,9b25952942cfac66d6dd841368d70f12dd91486c3cf6a523c8fcc245cc3f86b3
298,MEASURED,FULL_POLICY_PATH,M11_REFERENCE,530101,20,2,172.7658,4.319145000000001,800,109.65310171004846,7fa0870805ff4cf7f09e6127254261b25246cc80f569411aae3dc5104d2933cc
299,MEASURED,FULL_POLICY_PATH,M11_REFERENCE,530101,15,1,166.7198,4.1679949999999995,600,83.67778409735129,ef43848fe57bfab6314f95d3543e966a8b08c097b3706610f18e7b16785f617f
300,MEASURED,FULL_POLICY_PATH,M11_REFERENCE,530101,20,1,168.4264,4.21066,800,94.47869624869647,10a79b6eb4692460620841197d21cd855c4439e299eaf5266b74fedcd9385dea
301,MEASURED,FULL_POLICY_PATH,M11_OPTIMIZED,530101,10,1,127.8275,3.1956875,400,62.94320651540613,1f16862fb35fea7c20a78a332c201ac0ebb4d60127abe43776c0618b1143b81b
302,MEASURED,FULL_POLICY_PATH,S_ADAPT_REFERENCE,-1,20,3,24.9564,0.62391,800,457.9206243157387,21e3005e62f6d231cb3cc40fdf9074ca833f899ce9df57bbef5710e5840e09f9
303,MEASURED,FULL_POLICY_PATH,S_CLASS_ADAPT,-1,20,2,26.2495,0.6562375,800,356.35799271053946,75557298d531d59da7316cd3f0499696bdd3ea24d88530138fcd48b3c57c7775
304,MEASURED,FULL_POLICY_PATH,S_ADAPT_OPTIMIZED,-1,20,3,1.2171,0.030427500000000003,800,457.9206243157387,21e3005e62f6d231cb3cc40fdf9074ca833f899ce9df57bbef5710e5840e09f9
305,MEASURED,FULL_POLICY_PATH,M11_REFERENCE,530101,20,0,171.2606,4.281515000000001,800,111.63427928148889,572f3263127b4169ac34f08b36891d7413aed8677c721a37c36d255a3899a9b3
306,MEASURED,FULL_POLICY_PATH,S_CLASS_ADAPT,-1,15,2,24.5227,0.6130675,600,268.11715816665776,96a8c33feb580d08b8f4ca5f1fe6b48845c46aeb9ac0b3b8044b6d72a5883fa6
307,MEASURED,FULL_POLICY_PATH,M11_OPTIMIZED,530101,15,1,123.8453,3.0961325,600,83.67778409735129,ef43848fe57bfab6314f95d3543e966a8b08c097b3706610f18e7b16785f617f
308,MEASURED,FULL_POLICY_PATH,M11_OPTIMIZED,530101,15,1,124.207,3.105175,600,83.67778409735129,ef43848fe57bfab6314f95d3543e966a8b08c097b3706610f18e7b16785f617f
309,MEASURED,FULL_POLICY_PATH,S_ADAPT_REFERENCE,-1,10,4,24.2469,0.6061725,400,271.37676933407784,88737f813284457f30f2c69d44f68791f7370e2c49c928c86777821b577f4051
310,MEASURED,FULL_POLICY_PATH,S_CLASS_ADAPT,-1,10,2,20.9338,0.5233450000000001,400,158.87707205513013,2cecbd4eddc2f92081e0d41c827e020064b38782aca772a35ab7bc8d39308dd2
311,MEASURED,FULL_POLICY_PATH,S_ADAPT_OPTIMIZED,-1,10,4,1.8976,0.047439999999999996,400,271.37676933407784,88737f813284457f30f2c69d44f68791f7370e2c49c928c86777821b577f4051
312,MEASURED,FULL_POLICY_PATH,S_ADAPT_OPTIMIZED,-1,20,4,0.8578,0.021445,800,428.6769134104252,a4557f4ce7bfe56aa5dcd63a55abb879b843c5e934e2dfc46b1bb08a31d616cb
313,MEASURED,FULL_POLICY_PATH,S_ADAPT_REFERENCE,-1,20,4,23.8735,0.5968375,800,428.6769134104252,a4557f4ce7bfe56aa5dcd63a55abb879b843c5e934e2dfc46b1bb08a31d616cb
314,MEASURED,FULL_POLICY_PATH,S_ADAPT_OPTIMIZED,-1,20,4,0.8811,0.0220275,800,428.6769134104252,a4557f4ce7bfe56aa5dcd63a55abb879b843c5e934e2dfc46b1bb08a31d616cb
315,MEASURED,FULL_POLICY_PATH,S_CLASS_ADAPT,-1,20,0,25.6257,0.6406425,800,383.886218862122,00f445c4e48aec771fd229970d380b5ed26cdc3c704c0b85eb0c822637dbe014
316,MEASURED,FULL_POLICY_PATH,S_ADAPT_OPTIMIZED,-1,20,1,1.2254,0.030635000000000003,800,415.7503350973129,6d0cb0c4405dc90387b55d6457229758e4276ae0e27c754a78dcc25cc13f41c8
317,MEASURED,FULL_POLICY_PATH,S_ADAPT_REFERENCE,-1,15,3,24.2981,0.6074525000000001,600,386.0996204018593,252c151f42ca3b8e280b1fc6e087a8dee2153f14747c336e7dcac0134425feea
318,MEASURED,FULL_POLICY_PATH,M11_OPTIMIZED,530101,20,4,125.9647,3.1491175,800,107.49725294030088,a3d86880da36c46da8dc4226de2d15a21bafcbb3d3de6234525944bb5aa264e7
319,MEASURED,FULL_POLICY_PATH,S_CLASS_ADAPT,-1,15,1,24.171,0.604275,600,283.0532095499601,7d1af8308f5c93aa06561ffe5a6e4e8171d280157e80fb539c53617d64a713d3
320,MEASURED,FULL_POLICY_PATH,S_ADAPT_OPTIMIZED,-1,20,0,1.3329,0.0333225,800,441.55207175016403,3a221c89dcb7b438299f2f48d0eef0494bea948ec6de9698110e215c3af14aea
321,MEASURED,FULL_POLICY_PATH,S_ADAPT_OPTIMIZED,-1,15,0,0.8272,0.02068,600,371.3841568529606,b3004c94c0a1acc4bea41b0fbb2b1d0eba865c9be972d407e019303ca1057a20
322,MEASURED,FULL_POLICY_PATH,S_ADAPT_OPTIMIZED,-1,10,3,0.7203,0.018007500000000003,400,293.82467341423035,4041c2353650ffc3521df07aeec818741f2a7f8acf14590c93615e6d8d3ced8c
323,MEASURED,FULL_POLICY_PATH,S_ADAPT_REFERENCE,-1,10,3,24.7192,0.61798,400,293.82467341423035,4041c2353650ffc3521df07aeec818741f2a7f8acf14590c93615e6d8d3ced8c
324,MEASURED,FULL_POLICY_PATH,M11_REFERENCE,530101,20,3,169.8733,4.2468325,800,146.51983876547857,67a588433daba80df4bc1c340bf736b7fd5266dbd6db36bc042c11d3251a6616
325,MEASURED,FULL_POLICY_PATH,M11_OPTIMIZED,530101,15,2,129.8171,3.2454275000000004,600,97.01479891499869,7e6d95d769c7d9687624018c1d858390f954fe241d6b8975ccdd997e695297b3
326,MEASURED,FULL_POLICY_PATH,S_ADAPT_OPTIMIZED,-1,20,3,1.3192,0.032979999999999995,800,457.9206243157387,21e3005e62f6d231cb3cc40fdf9074ca833f899ce9df57bbef5710e5840e09f9
327,MEASURED,FULL_POLICY_PATH,S_CLASS_ADAPT,-1,10,2,21.335,0.533375,400,158.87707205513013,2cecbd4eddc2f92081e0d41c827e020064b38782aca772a35ab7bc8d39308dd2
328,MEASURED,FULL_POLICY_PATH,M11_REFERENCE,530101,10,0,164.3588,4.10897,400,72.99146302310172,e7c35db7138d5e4d01b4cc857cbad087b7738d5333c1cd3599fbeb0aa1d0e715
329,MEASURED,FULL_POLICY_PATH,S_ADAPT_REFERENCE,-1,10,3,25.0295,0.6257375,400,293.82467341423035,4041c2353650ffc3521df07aeec818741f2a7f8acf14590c93615e6d8d3ced8c
330,MEASURED,FULL_POLICY_PATH,S_ADAPT_REFERENCE,-1,15,4,24.706,0.61765,600,357.80318182706833,5938eba45c73290974057dd22f17b06e25d6b2d6c0e2628f2227edfdebb7b23b
331,MEASURED,FULL_POLICY_PATH,M11_REFERENCE,530101,10,2,164.44,4.111,400,71.15188249646685,9b25952942cfac66d6dd841368d70f12dd91486c3cf6a523c8fcc245cc3f86b3
332,MEASURED,FULL_POLICY_PATH,M11_OPTIMIZED,530101,20,0,129.853,3.246325,800,111.63427928148889,572f3263127b4169ac34f08b36891d7413aed8677c721a37c36d255a3899a9b3
333,MEASURED,FULL_POLICY_PATH,S_ADAPT_OPTIMIZED,-1,15,2,1.3248,0.03312,600,363.60913959145546,f3eef135fbf7cda7d4259deff31d97d81321154c3d403ba8eae0e13e337b36ae
334,MEASURED,FULL_POLICY_PATH,S_CLASS_ADAPT,-1,10,4,21.1583,0.5289575,400,163.21071502449217,7b4a15a5d6e277fa7d3b8e934445946a80f77d14bcbbef5b2fc2dad80699cb74
335,MEASURED,FULL_POLICY_PATH,S_CLASS_ADAPT,-1,20,2,26.0445,0.6511125,800,356.35799271053946,75557298d531d59da7316cd3f0499696bdd3ea24d88530138fcd48b3c57c7775
336,MEASURED,FULL_POLICY_PATH,S_ADAPT_OPTIMIZED,-1,20,2,1.4124,0.03531,800,432.81260257959366,e79987f149cce4d4391ef92c6a97c1d767fd16cd492c031ea4af70e8451de98c
337,MEASURED,FULL_POLICY_PATH,S_CLASS_ADAPT,-1,20,1,25.6554,0.641385,800,372.6084638228953,ee5652b9bec073594429470f15cf4f82f34e780685ff432ebf65ba8cd017f113
338,MEASURED,FULL_POLICY_PATH,S_ADAPT_REFERENCE,-1,15,2,25.0209,0.6255225,600,363.60913959145546,f3eef135fbf7cda7d4259deff31d97d81321154c3d403ba8eae0e13e337b36ae
339,MEASURED,FULL_POLICY_PATH,S_ADAPT_REFERENCE,-1,15,2,24.5638,0.6140950000000001,600,363.60913959145546,f3eef135fbf7cda7d4259deff31d97d81321154c3d403ba8eae0e13e337b36ae
340,MEASURED,FULL_POLICY_PATH,M11_OPTIMIZED,530101,10,4,121.0856,3.02714,400,68.38854427300772,28b79183e97c33c01ad9eb08a621cfb39e8a80e95d38c09997c1d42fc0bd92aa
341,MEASURED,FULL_POLICY_PATH,M11_REFERENCE,530101,20,2,172.7957,4.3198925,800,109.65310171004846,7fa0870805ff4cf7f09e6127254261b25246cc80f569411aae3dc5104d2933cc
342,MEASURED,FULL_POLICY_PATH,S_ADAPT_OPTIMIZED,-1,20,2,1.3037,0.0325925,800,432.81260257959366,e79987f149cce4d4391ef92c6a97c1d767fd16cd492c031ea4af70e8451de98c
343,MEASURED,FULL_POLICY_PATH,S_CLASS_ADAPT,-1,20,1,25.5156,0.63789,800,372.6084638228953,ee5652b9bec073594429470f15cf4f82f34e780685ff432ebf65ba8cd017f113
344,MEASURED,FULL_POLICY_PATH,M11_REFERENCE,530101,20,1,169.7901,4.2447525,800,94.47869624869647,10a79b6eb4692460620841197d21cd855c4439e299eaf5266b74fedcd9385dea
345,MEASURED,FULL_POLICY_PATH,M11_REFERENCE,530101,15,1,156.7557,3.9188924999999997,600,83.67778409735129,ef43848fe57bfab6314f95d3543e966a8b08c097b3706610f18e7b16785f617f
346,MEASURED,FULL_POLICY_PATH,S_CLASS_ADAPT,-1,15,4,23.9822,0.599555,600,276.3170752508822,27aabfe6a729af2812a5ada63c37b64305e0046a8692b0324f79ecf9123ba647
347,MEASURED,FULL_POLICY_PATH,S_ADAPT_REFERENCE,-1,20,1,26.1672,0.65418,800,415.7503350973129,6d0cb0c4405dc90387b55d6457229758e4276ae0e27c754a78dcc25cc13f41c8
348,MEASURED,FULL_POLICY_PATH,S_ADAPT_REFERENCE,-1,15,3,24.0896,0.60224,600,386.0996204018593,252c151f42ca3b8e280b1fc6e087a8dee2153f14747c336e7dcac0134425feea
349,MEASURED,FULL_POLICY_PATH,M11_REFERENCE,530101,15,2,165.5502,4.138755,600,97.01479891499869,7e6d95d769c7d9687624018c1d858390f954fe241d6b8975ccdd997e695297b3
350,MEASURED,FULL_POLICY_PATH,S_ADAPT_OPTIMIZED,-1,10,3,1.2388,0.030969999999999998,400,293.82467341423035,4041c2353650ffc3521df07aeec818741f2a7f8acf14590c93615e6d8d3ced8c
351,MEASURED,FULL_POLICY_PATH,M11_REFERENCE,530101,15,0,164.9473,4.1236825,600,97.20164785567786,5dfc6e9b928df4d0f08ff5efa0db383122234cf621cb1aff31d5dc76cea53281
352,MEASURED,FULL_POLICY_PATH,M11_OPTIMIZED,530101,15,1,128.0274,3.200685,600,83.67778409735129,ef43848fe57bfab6314f95d3543e966a8b08c097b3706610f18e7b16785f617f
353,MEASURED,FULL_POLICY_PATH,S_CLASS_ADAPT,-1,20,0,25.8089,0.6452225,800,383.886218862122,00f445c4e48aec771fd229970d380b5ed26cdc3c704c0b85eb0c822637dbe014
354,MEASURED,FULL_POLICY_PATH,M11_OPTIMIZED,530101,15,4,124.2065,3.1051625,600,93.15287583446096,f4a94ff0a77b6bd17929b939cf25ec2bc7ef76ebdf3f58bce2d75db46d2d99f4
355,MEASURED,FULL_POLICY_PATH,S_ADAPT_REFERENCE,-1,10,1,24.4188,0.6104700000000001,400,275.9327971637249,1ce6b8ff41cb97b662aedc7ad8bedd7c817837cf26b99fc81f6d1ec0c5c1c3ce
356,MEASURED,FULL_POLICY_PATH,M11_OPTIMIZED,530101,10,0,123.0364,3.07591,400,72.99146302310172,e7c35db7138d5e4d01b4cc857cbad087b7738d5333c1cd3599fbeb0aa1d0e715
357,MEASURED,FULL_POLICY_PATH,S_ADAPT_OPTIMIZED,-1,10,2,1.2704,0.03176,400,278.2561217844486,6b879b5ecb141762cd197fdffe85d1828a5f5bb545a8ba4e2aab31ea59c47870
358,MEASURED,FULL_POLICY_PATH,S_ADAPT_OPTIMIZED,-1,15,4,0.7884,0.01971,600,357.80318182706833,5938eba45c73290974057dd22f17b06e25d6b2d6c0e2628f2227edfdebb7b23b
359,MEASURED,FULL_POLICY_PATH,S_ADAPT_REFERENCE,-1,10,0,23.7877,0.5946925000000001,400,284.22937551140785,53942cbb9a8a5a64b0db98a82f4fce558f482e6886ecc097434e9fba646b0a60
360,MEASURED,FULL_POLICY_PATH,S_ADAPT_OPTIMIZED,-1,15,4,0.8286,0.020715,600,357.80318182706833,5938eba45c73290974057dd22f17b06e25d6b2d6c0e2628f2227edfdebb7b23b
361,MEASURED,FULL_POLICY_PATH,S_CLASS_ADAPT,-1,15,4,25.057,0.626425,600,276.3170752508822,27aabfe6a729af2812a5ada63c37b64305e0046a8692b0324f79ecf9123ba647
362,MEASURED,FULL_POLICY_PATH,S_ADAPT_OPTIMIZED,-1,20,2,1.1063,0.0276575,800,432.81260257959366,e79987f149cce4d4391ef92c6a97c1d767fd16cd492c031ea4af70e8451de98c
363,MEASURED,FULL_POLICY_PATH,M11_OPTIMIZED,530101,20,4,124.4796,3.11199,800,107.49725294030088,a3d86880da36c46da8dc4226de2d15a21bafcbb3d3de6234525944bb5aa264e7
364,MEASURED,FULL_POLICY_PATH,M11_REFERENCE,530101,15,1,168.3495,4.2087375,600,83.67778409735129,ef43848fe57bfab6314f95d3543e966a8b08c097b3706610f18e7b16785f617f
365,MEASURED,FULL_POLICY_PATH,M11_OPTIMIZED,530101,20,1,129.5817,3.2395425,800,94.47869624869647,10a79b6eb4692460620841197d21cd855c4439e299eaf5266b74fedcd9385dea
366,MEASURED,FULL_POLICY_PATH,S_ADAPT_REFERENCE,-1,10,4,24.6617,0.6165425,400,271.37676933407784,88737f813284457f30f2c69d44f68791f7370e2c49c928c86777821b577f4051
367,MEASURED,FULL_POLICY_PATH,S_ADAPT_OPTIMIZED,-1,10,3,0.8186,0.020465,400,293.82467341423035,4041c2353650ffc3521df07aeec818741f2a7f8acf14590c93615e6d8d3ced8c
368,MEASURED,FULL_POLICY_PATH,S_ADAPT_OPTIMIZED,-1,15,4,0.7503,0.0187575,600,357.80318182706833,5938eba45c73290974057dd22f17b06e25d6b2d6c0e2628f2227edfdebb7b23b
369,MEASURED,FULL_POLICY_PATH,M11_OPTIMIZED,530101,20,0,124.055,3.101375,800,111.63427928148889,572f3263127b4169ac34f08b36891d7413aed8677c721a37c36d255a3899a9b3
370,MEASURED,FULL_POLICY_PATH,M11_OPTIMIZED,530101,10,3,124.875,3.121875,400,97.29233640543227,e2ac0f2f414f8e7b0771e1cf681e9fa7f847877736a984a87d7eae625858a2be
371,MEASURED,FULL_POLICY_PATH,S_ADAPT_REFERENCE,-1,20,1,24.8505,0.6212625,800,415.7503350973129,6d0cb0c4405dc90387b55d6457229758e4276ae0e27c754a78dcc25cc13f41c8
372,MEASURED,FULL_POLICY_PATH,S_ADAPT_OPTIMIZED,-1,15,4,0.8257,0.0206425,600,357.80318182706833,5938eba45c73290974057dd22f17b06e25d6b2d6c0e2628f2227edfdebb7b23b
373,MEASURED,FULL_POLICY_PATH,S_ADAPT_OPTIMIZED,-1,10,0,0.7397,0.018492500000000002,400,284.22937551140785,53942cbb9a8a5a64b0db98a82f4fce558f482e6886ecc097434e9fba646b0a60
374,MEASURED,FULL_POLICY_PATH,S_ADAPT_OPTIMIZED,-1,15,4,0.7169,0.0179225,600,357.80318182706833,5938eba45c73290974057dd22f17b06e25d6b2d6c0e2628f2227edfdebb7b23b
375,MEASURED,FULL_POLICY_PATH,M11_REFERENCE,530101,15,0,171.6884,4.29221,600,97.20164785567786,5dfc6e9b928df4d0f08ff5efa0db383122234cf621cb1aff31d5dc76cea53281
376,MEASURED,FULL_POLICY_PATH,M11_REFERENCE,530101,20,1,169.9937,4.2498425,800,94.47869624869647,10a79b6eb4692460620841197d21cd855c4439e299eaf5266b74fedcd9385dea
377,MEASURED,FULL_POLICY_PATH,M11_REFERENCE,530101,20,2,165.4023,4.1350575,800,109.65310171004846,7fa0870805ff4cf7f09e6127254261b25246cc80f569411aae3dc5104d2933cc
378,MEASURED,FULL_POLICY_PATH,S_CLASS_ADAPT,-1,10,1,21.0806,0.527015,400,172.9455011671386,de9b8748444630c399dc8411a9116aafed312522708a050ee5412237cb83d72c
379,MEASURED,FULL_POLICY_PATH,M11_REFERENCE,530101,10,3,161.086,4.027150000000001,400,97.29233640543227,e2ac0f2f414f8e7b0771e1cf681e9fa7f847877736a984a87d7eae625858a2be
380,MEASURED,FULL_POLICY_PATH,M11_REFERENCE,530101,20,0,162.353,4.058825000000001,800,111.63427928148889,572f3263127b4169ac34f08b36891d7413aed8677c721a37c36d255a3899a9b3
381,MEASURED,FULL_POLICY_PATH,S_ADAPT_OPTIMIZED,-1,10,1,1.2598,0.031495,400,275.9327971637249,1ce6b8ff41cb97b662aedc7ad8bedd7c817837cf26b99fc81f6d1ec0c5c1c3ce
382,MEASURED,FULL_POLICY_PATH,M11_OPTIMIZED,530101,10,3,126.4934,3.1623349999999997,400,97.29233640543227,e2ac0f2f414f8e7b0771e1cf681e9fa7f847877736a984a87d7eae625858a2be
383,MEASURED,FULL_POLICY_PATH,S_ADAPT_REFERENCE,-1,20,0,25.7687,0.6442175,800,441.55207175016403,3a221c89dcb7b438299f2f48d0eef0494bea948ec6de9698110e215c3af14aea
384,MEASURED,FULL_POLICY_PATH,M11_OPTIMIZED,530101,20,2,127.3763,3.1844075,800,109.65310171004846,7fa0870805ff4cf7f09e6127254261b25246cc80f569411aae3dc5104d2933cc
385,MEASURED,FULL_POLICY_PATH,M11_OPTIMIZED,530101,10,1,125.1239,3.1280975,400,62.94320651540613,1f16862fb35fea7c20a78a332c201ac0ebb4d60127abe43776c0618b1143b81b
386,MEASURED,FULL_POLICY_PATH,S_ADAPT_REFERENCE,-1,20,0,24.1638,0.6040949999999999,800,441.55207175016403,3a221c89dcb7b438299f2f48d0eef0494bea948ec6de9698110e215c3af14aea
387,MEASURED,FULL_POLICY_PATH,S_CLASS_ADAPT,-1,15,0,24.3006,0.607515,600,287.2710690196597,1e17d685e93d5731209afa2a3f0212382131e563c0eec0b2bed7e29827a66aa8
388,MEASURED,FULL_POLICY_PATH,S_ADAPT_REFERENCE,-1,20,3,24.1202,0.603005,800,457.9206243157387,21e3005e62f6d231cb3cc40fdf9074ca833f899ce9df57bbef5710e5840e09f9
389,MEASURED,FULL_POLICY_PATH,M11_OPTIMIZED,530101,10,3,118.8381,2.9709525,400,97.29233640543227,e2ac0f2f414f8e7b0771e1cf681e9fa7f847877736a984a87d7eae625858a2be
390,MEASURED,FULL_POLICY_PATH,S_ADAPT_OPTIMIZED,-1,20,2,1.3036,0.03259,800,432.81260257959366,e79987f149cce4d4391ef92c6a97c1d767fd16cd492c031ea4af70e8451de98c
391,MEASURED,FULL_POLICY_PATH,M11_REFERENCE,530101,10,0,158.4151,3.9603775,400,72.99146302310172,e7c35db7138d5e4d01b4cc857cbad087b7738d5333c1cd3599fbeb0aa1d0e715
392,MEASURED,FULL_POLICY_PATH,S_CLASS_ADAPT,-1,20,3,25.4103,0.6352575,800,407.26081500314206,ef2642c75a3f0d2ba9ad1cd2636aa2b92ff1122a9db901edc8efd639a42c70c3
393,MEASURED,FULL_POLICY_PATH,S_ADAPT_REFERENCE,-1,10,3,24.1483,0.6037075,400,293.82467341423035,4041c2353650ffc3521df07aeec818741f2a7f8acf14590c93615e6d8d3ced8c
394,MEASURED,FULL_POLICY_PATH,M11_OPTIMIZED,530101,20,2,127.42,3.1855,800,109.65310171004846,7fa0870805ff4cf7f09e6127254261b25246cc80f569411aae3dc5104d2933cc
395,MEASURED,FULL_POLICY_PATH,M11_OPTIMIZED,530101,15,2,124.6988,3.11747,600,97.01479891499869,7e6d95d769c7d9687624018c1d858390f954fe241d6b8975ccdd997e695297b3
396,MEASURED,FULL_POLICY_PATH,M11_OPTIMIZED,530101,15,3,125.3815,3.1345375,600,130.3358717953731,189881a5e1bfcc51a0b294aead80a5689fa4ff9cc9441444624324248e655954
397,MEASURED,FULL_POLICY_PATH,S_ADAPT_OPTIMIZED,-1,10,2,1.2772,0.03193,400,278.2561217844486,6b879b5ecb141762cd197fdffe85d1828a5f5bb545a8ba4e2aab31ea59c47870
398,MEASURED,FULL_POLICY_PATH,S_ADAPT_REFERENCE,-1,10,3,24.6167,0.6154175000000001,400,293.82467341423035,4041c2353650ffc3521df07aeec818741f2a7f8acf14590c93615e6d8d3ced8c
399,MEASURED,FULL_POLICY_PATH,S_ADAPT_REFERENCE,-1,15,3,24.1983,0.6049575,600,386.0996204018593,252c151f42ca3b8e280b1fc6e087a8dee2153f14747c336e7dcac0134425feea
400,MEASURED,FULL_POLICY_PATH,M11_OPTIMIZED,530101,10,3,120.4843,3.0121075,400,97.29233640543227,e2ac0f2f414f8e7b0771e1cf681e9fa7f847877736a984a87d7eae625858a2be
401,MEASURED,FULL_POLICY_PATH,M11_OPTIMIZED,530101,15,2,122.8513,3.0712824999999997,600,97.01479891499869,7e6d95d769c7d9687624018c1d858390f954fe241d6b8975ccdd997e695297b3
402,MEASURED,FULL_POLICY_PATH,M11_REFERENCE,530101,20,1,172.6179,4.315447499999999,800,94.47869624869647,10a79b6eb4692460620841197d21cd855c4439e299eaf5266b74fedcd9385dea
403,MEASURED,FULL_POLICY_PATH,S_ADAPT_REFERENCE,-1,15,0,24.0191,0.6004775,600,371.3841568529606,b3004c94c0a1acc4bea41b0fbb2b1d0eba865c9be972d407e019303ca1057a20
404,MEASURED,FULL_POLICY_PATH,S_ADAPT_OPTIMIZED,-1,10,0,0.758,0.01895,400,284.22937551140785,53942cbb9a8a5a64b0db98a82f4fce558f482e6886ecc097434e9fba646b0a60
405,MEASURED,FULL_POLICY_PATH,M11_OPTIMIZED,530101,15,2,121.7043,3.0426075,600,97.01479891499869,7e6d95d769c7d9687624018c1d858390f954fe241d6b8975ccdd997e695297b3
406,MEASURED,FULL_POLICY_PATH,M11_REFERENCE,530101,10,2,171.587,4.289675,400,71.15188249646685,9b25952942cfac66d6dd841368d70f12dd91486c3cf6a523c8fcc245cc3f86b3
407,MEASURED,FULL_POLICY_PATH,M11_REFERENCE,530101,20,2,170.5152,4.26288,800,109.65310171004846,7fa0870805ff4cf7f09e6127254261b25246cc80f569411aae3dc5104d2933cc
408,MEASURED,FULL_POLICY_PATH,S_ADAPT_OPTIMIZED,-1,10,1,1.2562,0.031405,400,275.9327971637249,1ce6b8ff41cb97b662aedc7ad8bedd7c817837cf26b99fc81f6d1ec0c5c1c3ce
409,MEASURED,FULL_POLICY_PATH,S_CLASS_ADAPT,-1,20,3,24.9015,0.6225375,800,407.26081500314206,ef2642c75a3f0d2ba9ad1cd2636aa2b92ff1122a9db901edc8efd639a42c70c3
410,MEASURED,FULL_POLICY_PATH,S_CLASS_ADAPT,-1,20,4,25.9993,0.6499825,800,370.2893833845736,401c16a4253fa5039c53739f05775277b6b1ab5d2f80670918dab115270a0bfb
411,MEASURED,FULL_POLICY_PATH,S_ADAPT_OPTIMIZED,-1,20,4,1.2879,0.032197500000000004,800,428.6769134104252,a4557f4ce7bfe56aa5dcd63a55abb879b843c5e934e2dfc46b1bb08a31d616cb
412,MEASURED,FULL_POLICY_PATH,M11_REFERENCE,530101,15,2,169.2244,4.23061,600,97.01479891499869,7e6d95d769c7d9687624018c1d858390f954fe241d6b8975ccdd997e695297b3
413,MEASURED,FULL_POLICY_PATH,S_ADAPT_OPTIMIZED,-1,20,3,1.3191,0.0329775,800,457.9206243157387,21e3005e62f6d231cb3cc40fdf9074ca833f899ce9df57bbef5710e5840e09f9
414,MEASURED,FULL_POLICY_PATH,S_ADAPT_REFERENCE,-1,10,1,24.9198,0.622995,400,275.9327971637249,1ce6b8ff41cb97b662aedc7ad8bedd7c817837cf26b99fc81f6d1ec0c5c1c3ce
415,MEASURED,FULL_POLICY_PATH,S_CLASS_ADAPT,-1,15,1,24.421,0.610525,600,283.0532095499601,7d1af8308f5c93aa06561ffe5a6e4e8171d280157e80fb539c53617d64a713d3
416,MEASURED,FULL_POLICY_PATH,S_ADAPT_OPTIMIZED,-1,10,2,1.2332,0.030830000000000003,400,278.2561217844486,6b879b5ecb141762cd197fdffe85d1828a5f5bb545a8ba4e2aab31ea59c47870
417,MEASURED,FULL_POLICY_PATH,M11_REFERENCE,530101,15,4,165.923,4.148075,600,93.15287583446096,f4a94ff0a77b6bd17929b939cf25ec2bc7ef76ebdf3f58bce2d75db46d2d99f4
418,MEASURED,FULL_POLICY_PATH,S_ADAPT_REFERENCE,-1,15,3,24.9341,0.6233525,600,386.0996204018593,252c151f42ca3b8e280b1fc6e087a8dee2153f14747c336e7dcac0134425feea
419,MEASURED,FULL_POLICY_PATH,S_CLASS_ADAPT,-1,20,1,25.4432,0.63608,800,372.6084638228953,ee5652b9bec073594429470f15cf4f82f34e780685ff432ebf65ba8cd017f113
420,MEASURED,FULL_POLICY_PATH,S_ADAPT_OPTIMIZED,-1,10,3,1.137,0.028425,400,293.82467341423035,4041c2353650ffc3521df07aeec818741f2a7f8acf14590c93615e6d8d3ced8c
421,MEASURED,FULL_POLICY_PATH,S_ADAPT_REFERENCE,-1,15,0,23.7874,0.594685,600,371.3841568529606,b3004c94c0a1acc4bea41b0fbb2b1d0eba865c9be972d407e019303ca1057a20
422,MEASURED,FULL_POLICY_PATH,S_CLASS_ADAPT,-1,15,4,24.1119,0.6027975,600,276.3170752508822,27aabfe6a729af2812a5ada63c37b64305e0046a8692b0324f79ecf9123ba647
423,MEASURED,FULL_POLICY_PATH,M11_OPTIMIZED,530101,15,2,127.1461,3.1786525,600,97.01479891499869,7e6d95d769c7d9687624018c1d858390f954fe241d6b8975ccdd997e695297b3
424,MEASURED,FULL_POLICY_PATH,M11_REFERENCE,530101,20,0,177.2035,4.4300875,800,111.63427928148889,572f3263127b4169ac34f08b36891d7413aed8677c721a37c36d255a3899a9b3
425,MEASURED,FULL_POLICY_PATH,M11_OPTIMIZED,530101,15,1,312.3557,7.808892500000001,600,83.67778409735129,ef43848fe57bfab6314f95d3543e966a8b08c097b3706610f18e7b16785f617f
426,MEASURED,FULL_POLICY_PATH,M11_OPTIMIZED,530101,20,1,124.169,3.104225,800,94.47869624869647,10a79b6eb4692460620841197d21cd855c4439e299eaf5266b74fedcd9385dea
427,MEASURED,FULL_POLICY_PATH,S_CLASS_ADAPT,-1,10,0,20.7136,0.51784,400,169.56029704522783,2325eb40fea98334e6d85b23187f1269216705645b7ef82782c7a2b307ca1e3d
428,MEASURED,FULL_POLICY_PATH,S_ADAPT_REFERENCE,-1,10,1,25.6693,0.6417325,400,275.9327971637249,1ce6b8ff41cb97b662aedc7ad8bedd7c817837cf26b99fc81f6d1ec0c5c1c3ce
429,MEASURED,FULL_POLICY_PATH,S_CLASS_ADAPT,-1,15,2,24.0921,0.6023025,600,268.11715816665776,96a8c33feb580d08b8f4ca5f1fe6b48845c46aeb9ac0b3b8044b6d72a5883fa6
430,MEASURED,FULL_POLICY_PATH,S_ADAPT_REFERENCE,-1,10,3,24.6245,0.6156125,400,293.82467341423035,4041c2353650ffc3521df07aeec818741f2a7f8acf14590c93615e6d8d3ced8c
431,MEASURED,FULL_POLICY_PATH,S_ADAPT_REFERENCE,-1,10,4,24.2317,0.6057925,400,271.37676933407784,88737f813284457f30f2c69d44f68791f7370e2c49c928c86777821b577f4051
432,MEASURED,FULL_POLICY_PATH,S_ADAPT_REFERENCE,-1,10,2,24.343,0.608575,400,278.2561217844486,6b879b5ecb141762cd197fdffe85d1828a5f5bb545a8ba4e2aab31ea59c47870
433,MEASURED,FULL_POLICY_PATH,M11_OPTIMIZED,530101,10,0,124.5504,3.11376,400,72.99146302310172,e7c35db7138d5e4d01b4cc857cbad087b7738d5333c1cd3599fbeb0aa1d0e715
434,MEASURED,FULL_POLICY_PATH,S_CLASS_ADAPT,-1,15,3,23.7357,0.5933925,600,306.37812478227386,fe0517635c660eb8694ad59cfd9c0a564d36a8db6435d901027ff5af7c99af1a
435,MEASURED,FULL_POLICY_PATH,M11_REFERENCE,530101,15,3,169.6675,4.241687499999999,600,130.3358717953731,189881a5e1bfcc51a0b294aead80a5689fa4ff9cc9441444624324248e655954
436,MEASURED,FULL_POLICY_PATH,S_ADAPT_OPTIMIZED,-1,20,4,1.2864,0.03216,800,428.6769134104252,a4557f4ce7bfe56aa5dcd63a55abb879b843c5e934e2dfc46b1bb08a31d616cb
437,MEASURED,FULL_POLICY_PATH,S_ADAPT_OPTIMIZED,-1,15,1,0.9165,0.0229125,600,353.76666152477264,106a9662fdc268276fd832a53813a5d41c26843d15913d386057929c37645238
438,MEASURED,FULL_POLICY_PATH,M11_REFERENCE,530101,10,3,166.9831,4.1745775,400,97.29233640543227,e2ac0f2f414f8e7b0771e1cf681e9fa7f847877736a984a87d7eae625858a2be
439,MEASURED,FULL_POLICY_PATH,S_ADAPT_REFERENCE,-1,15,1,24.9279,0.6231975000000001,600,353.76666152477264,106a9662fdc268276fd832a53813a5d41c26843d15913d386057929c37645238
440,MEASURED,FULL_POLICY_PATH,S_ADAPT_REFERENCE,-1,20,4,24.0426,0.601065,800,428.6769134104252,a4557f4ce7bfe56aa5dcd63a55abb879b843c5e934e2dfc46b1bb08a31d616cb
441,MEASURED,FULL_POLICY_PATH,M11_REFERENCE,530101,20,3,170.9049,4.2726225,800,146.51983876547857,67a588433daba80df4bc1c340bf736b7fd5266dbd6db36bc042c11d3251a6616
442,MEASURED,FULL_POLICY_PATH,S_ADAPT_REFERENCE,-1,15,1,24.359,0.608975,600,353.76666152477264,106a9662fdc268276fd832a53813a5d41c26843d15913d386057929c37645238
443,MEASURED,FULL_POLICY_PATH,S_ADAPT_OPTIMIZED,-1,20,0,0.921,0.023025,800,441.55207175016403,3a221c89dcb7b438299f2f48d0eef0494bea948ec6de9698110e215c3af14aea
444,MEASURED,FULL_POLICY_PATH,M11_OPTIMIZED,530101,20,2,125.6516,3.14129,800,109.65310171004846,7fa0870805ff4cf7f09e6127254261b25246cc80f569411aae3dc5104d2933cc
445,MEASURED,FULL_POLICY_PATH,S_ADAPT_REFERENCE,-1,10,3,24.213,0.605325,400,293.82467341423035,4041c2353650ffc3521df07aeec818741f2a7f8acf14590c93615e6d8d3ced8c
446,MEASURED,FULL_POLICY_PATH,S_ADAPT_OPTIMIZED,-1,15,3,0.8909,0.0222725,600,386.0996204018593,252c151f42ca3b8e280b1fc6e087a8dee2153f14747c336e7dcac0134425feea
447,MEASURED,FULL_POLICY_PATH,S_ADAPT_REFERENCE,-1,20,4,23.7413,0.5935325,800,428.6769134104252,a4557f4ce7bfe56aa5dcd63a55abb879b843c5e934e2dfc46b1bb08a31d616cb
448,MEASURED,FULL_POLICY_PATH,M11_OPTIMIZED,530101,10,1,121.9507,3.0487675,400,62.94320651540613,1f16862fb35fea7c20a78a332c201ac0ebb4d60127abe43776c0618b1143b81b
449,MEASURED,FULL_POLICY_PATH,S_ADAPT_REFERENCE,-1,20,0,24.2973,0.6074325,800,441.55207175016403,3a221c89dcb7b438299f2f48d0eef0494bea948ec6de9698110e215c3af14aea
450,MEASURED,FULL_POLICY_PATH,S_CLASS_ADAPT,-1,15,0,25.2575,0.6314375,600,287.2710690196597,1e17d685e93d5731209afa2a3f0212382131e563c0eec0b2bed7e29827a66aa8
451,MEASURED,FULL_POLICY_PATH,M11_OPTIMIZED,530101,15,2,122.7312,3.06828,600,97.01479891499869,7e6d95d769c7d9687624018c1d858390f954fe241d6b8975ccdd997e695297b3
452,MEASURED,FULL_POLICY_PATH,M11_OPTIMIZED,530101,10,2,120.6108,3.01527,400,71.15188249646685,9b25952942cfac66d6dd841368d70f12dd91486c3cf6a523c8fcc245cc3f86b3
453,MEASURED,FULL_POLICY_PATH,M11_REFERENCE,530101,10,3,165.2985,4.1324625,400,97.29233640543227,e2ac0f2f414f8e7b0771e1cf681e9fa7f847877736a984a87d7eae625858a2be
454,MEASURED,FULL_POLICY_PATH,S_CLASS_ADAPT,-1,15,0,24.5821,0.6145525000000001,600,287.2710690196597,1e17d685e93d5731209afa2a3f0212382131e563c0eec0b2bed7e29827a66aa8
455,MEASURED,FULL_POLICY_PATH,M11_OPTIMIZED,530101,20,4,129.7589,3.2439725000000004,800,107.49725294030088,a3d86880da36c46da8dc4226de2d15a21bafcbb3d3de6234525944bb5aa264e7
456,MEASURED,FULL_POLICY_PATH,M11_REFERENCE,530101,15,2,169.8563,4.2464075,600,97.01479891499869,7e6d95d769c7d9687624018c1d858390f954fe241d6b8975ccdd997e695297b3
457,MEASURED,FULL_POLICY_PATH,S_ADAPT_OPTIMIZED,-1,10,1,1.3735,0.0343375,400,275.9327971637249,1ce6b8ff41cb97b662aedc7ad8bedd7c817837cf26b99fc81f6d1ec0c5c1c3ce
458,MEASURED,FULL_POLICY_PATH,M11_OPTIMIZED,530101,20,3,129.3431,3.2335775,800,146.51983876547857,67a588433daba80df4bc1c340bf736b7fd5266dbd6db36bc042c11d3251a6616
459,MEASURED,FULL_POLICY_PATH,S_CLASS_ADAPT,-1,10,0,21.3928,0.5348200000000001,400,169.56029704522783,2325eb40fea98334e6d85b23187f1269216705645b7ef82782c7a2b307ca1e3d
460,MEASURED,FULL_POLICY_PATH,S_ADAPT_OPTIMIZED,-1,15,0,1.2553,0.0313825,600,371.3841568529606,b3004c94c0a1acc4bea41b0fbb2b1d0eba865c9be972d407e019303ca1057a20
461,MEASURED,FULL_POLICY_PATH,S_ADAPT_REFERENCE,-1,15,4,24.6582,0.616455,600,357.80318182706833,5938eba45c73290974057dd22f17b06e25d6b2d6c0e2628f2227edfdebb7b23b
462,MEASURED,FULL_POLICY_PATH,S_ADAPT_OPTIMIZED,-1,20,3,0.8429,0.0210725,800,457.9206243157387,21e3005e62f6d231cb3cc40fdf9074ca833f899ce9df57bbef5710e5840e09f9
463,MEASURED,FULL_POLICY_PATH,M11_OPTIMIZED,530101,15,3,125.589,3.139725,600,130.3358717953731,189881a5e1bfcc51a0b294aead80a5689fa4ff9cc9441444624324248e655954
464,MEASURED,FULL_POLICY_PATH,S_ADAPT_OPTIMIZED,-1,20,2,1.3194,0.032985,800,432.81260257959366,e79987f149cce4d4391ef92c6a97c1d767fd16cd492c031ea4af70e8451de98c
465,MEASURED,FULL_POLICY_PATH,M11_REFERENCE,530101,15,3,182.4011,4.5600275,600,130.3358717953731,189881a5e1bfcc51a0b294aead80a5689fa4ff9cc9441444624324248e655954
466,MEASURED,FULL_POLICY_PATH,S_ADAPT_REFERENCE,-1,10,0,24.8772,0.62193,400,284.22937551140785,53942cbb9a8a5a64b0db98a82f4fce558f482e6886ecc097434e9fba646b0a60
467,MEASURED,FULL_POLICY_PATH,S_CLASS_ADAPT,-1,10,0,21.1928,0.52982,400,169.56029704522783,2325eb40fea98334e6d85b23187f1269216705645b7ef82782c7a2b307ca1e3d
468,MEASURED,FULL_POLICY_PATH,S_ADAPT_REFERENCE,-1,10,2,24.6025,0.6150625,400,278.2561217844486,6b879b5ecb141762cd197fdffe85d1828a5f5bb545a8ba4e2aab31ea59c47870
469,MEASURED,FULL_POLICY_PATH,M11_REFERENCE,530101,15,0,175.8557,4.3963925,600,97.20164785567786,5dfc6e9b928df4d0f08ff5efa0db383122234cf621cb1aff31d5dc76cea53281
470,MEASURED,FULL_POLICY_PATH,M11_REFERENCE,530101,10,2,166.2765,4.1569125,400,71.15188249646685,9b25952942cfac66d6dd841368d70f12dd91486c3cf6a523c8fcc245cc3f86b3
471,MEASURED,FULL_POLICY_PATH,M11_REFERENCE,530101,20,0,172.2517,4.3062925,800,111.63427928148889,572f3263127b4169ac34f08b36891d7413aed8677c721a37c36d255a3899a9b3
472,MEASURED,FULL_POLICY_PATH,M11_OPTIMIZED,530101,20,3,130.2948,3.2573700000000003,800,146.51983876547857,67a588433daba80df4bc1c340bf736b7fd5266dbd6db36bc042c11d3251a6616
473,MEASURED,FULL_POLICY_PATH,M11_OPTIMIZED,530101,15,1,123.7221,3.0930524999999998,600,83.67778409735129,ef43848fe57bfab6314f95d3543e966a8b08c097b3706610f18e7b16785f617f
474,MEASURED,FULL_POLICY_PATH,S_ADAPT_OPTIMIZED,-1,15,0,1.3072,0.03268,600,371.3841568529606,b3004c94c0a1acc4bea41b0fbb2b1d0eba865c9be972d407e019303ca1057a20
475,MEASURED,FULL_POLICY_PATH,S_ADAPT_REFERENCE,-1,20,0,24.6865,0.6171625,800,441.55207175016403,3a221c89dcb7b438299f2f48d0eef0494bea948ec6de9698110e215c3af14aea
476,MEASURED,FULL_POLICY_PATH,M11_OPTIMIZED,530101,10,2,125.1966,3.129915,400,71.15188249646685,9b25952942cfac66d6dd841368d70f12dd91486c3cf6a523c8fcc245cc3f86b3
477,MEASURED,FULL_POLICY_PATH,M11_OPTIMIZED,530101,10,3,122.1506,3.053765,400,97.29233640543227,e2ac0f2f414f8e7b0771e1cf681e9fa7f847877736a984a87d7eae625858a2be
478,MEASURED,FULL_POLICY_PATH,M11_OPTIMIZED,530101,15,0,128.2605,3.2065125,600,97.20164785567786,5dfc6e9b928df4d0f08ff5efa0db383122234cf621cb1aff31d5dc76cea53281
479,MEASURED,FULL_POLICY_PATH,M11_OPTIMIZED,530101,20,4,127.2235,3.1805875,800,107.49725294030088,a3d86880da36c46da8dc4226de2d15a21bafcbb3d3de6234525944bb5aa264e7
480,MEASURED,FULL_POLICY_PATH,M11_OPTIMIZED,530101,15,0,124.0067,3.1001675,600,97.20164785567786,5dfc6e9b928df4d0f08ff5efa0db383122234cf621cb1aff31d5dc76cea53281
481,MEASURED,FULL_POLICY_PATH,M11_OPTIMIZED,530101,10,4,121.1117,3.0277925,400,68.38854427300772,28b79183e97c33c01ad9eb08a621cfb39e8a80e95d38c09997c1d42fc0bd92aa
482,MEASURED,FULL_POLICY_PATH,S_ADAPT_REFERENCE,-1,10,1,24.6507,0.6162675,400,275.9327971637249,1ce6b8ff41cb97b662aedc7ad8bedd7c817837cf26b99fc81f6d1ec0c5c1c3ce
483,MEASURED,FULL_POLICY_PATH,S_ADAPT_OPTIMIZED,-1,20,4,0.9631,0.024077499999999998,800,428.6769134104252,a4557f4ce7bfe56aa5dcd63a55abb879b843c5e934e2dfc46b1bb08a31d616cb
484,MEASURED,FULL_POLICY_PATH,S_ADAPT_OPTIMIZED,-1,10,2,0.7738,0.019345,400,278.2561217844486,6b879b5ecb141762cd197fdffe85d1828a5f5bb545a8ba4e2aab31ea59c47870
485,MEASURED,FULL_POLICY_PATH,M11_OPTIMIZED,530101,10,2,120.9398,3.023495,400,71.15188249646685,9b25952942cfac66d6dd841368d70f12dd91486c3cf6a523c8fcc245cc3f86b3
486,MEASURED,FULL_POLICY_PATH,M11_OPTIMIZED,530101,15,2,124.9173,3.1229325,600,97.01479891499869,7e6d95d769c7d9687624018c1d858390f954fe241d6b8975ccdd997e695297b3
487,MEASURED,FULL_POLICY_PATH,M11_OPTIMIZED,530101,15,3,125.8198,3.145495,600,130.3358717953731,189881a5e1bfcc51a0b294aead80a5689fa4ff9cc9441444624324248e655954
488,MEASURED,FULL_POLICY_PATH,M11_OPTIMIZED,530101,10,1,121.1366,3.028415,400,62.94320651540613,1f16862fb35fea7c20a78a332c201ac0ebb4d60127abe43776c0618b1143b81b
489,MEASURED,FULL_POLICY_PATH,M11_REFERENCE,530101,10,2,166.3973,4.1599325,400,71.15188249646685,9b25952942cfac66d6dd841368d70f12dd91486c3cf6a523c8fcc245cc3f86b3
490,MEASURED,FULL_POLICY_PATH,M11_REFERENCE,530101,15,4,179.5564,4.48891,600,93.15287583446096,f4a94ff0a77b6bd17929b939cf25ec2bc7ef76ebdf3f58bce2d75db46d2d99f4
491,MEASURED,FULL_POLICY_PATH,S_ADAPT_REFERENCE,-1,20,2,24.9638,0.624095,800,432.81260257959366,e79987f149cce4d4391ef92c6a97c1d767fd16cd492c031ea4af70e8451de98c
492,MEASURED,FULL_POLICY_PATH,S_ADAPT_OPTIMIZED,-1,10,1,0.8364,0.02091,400,275.9327971637249,1ce6b8ff41cb97b662aedc7ad8bedd7c817837cf26b99fc81f6d1ec0c5c1c3ce
493,MEASURED,FULL_POLICY_PATH,M11_OPTIMIZED,530101,10,4,122.5504,3.06376,400,68.38854427300772,28b79183e97c33c01ad9eb08a621cfb39e8a80e95d38c09997c1d42fc0bd92aa
494,MEASURED,FULL_POLICY_PATH,S_ADAPT_REFERENCE,-1,15,2,25.1557,0.6288925,600,363.60913959145546,f3eef135fbf7cda7d4259deff31d97d81321154c3d403ba8eae0e13e337b36ae
495,MEASURED,FULL_POLICY_PATH,M11_REFERENCE,530101,15,4,170.692,4.2673000000000005,600,93.15287583446096,f4a94ff0a77b6bd17929b939cf25ec2bc7ef76ebdf3f58bce2d75db46d2d99f4
496,MEASURED,FULL_POLICY_PATH,S_CLASS_ADAPT,-1,20,3,25.308,0.6327,800,407.26081500314206,ef2642c75a3f0d2ba9ad1cd2636aa2b92ff1122a9db901edc8efd639a42c70c3
497,MEASURED,FULL_POLICY_PATH,S_CLASS_ADAPT,-1,10,4,20.9922,0.524805,400,163.21071502449217,7b4a15a5d6e277fa7d3b8e934445946a80f77d14bcbbef5b2fc2dad80699cb74
498,MEASURED,FULL_POLICY_PATH,S_ADAPT_REFERENCE,-1,20,4,24.7489,0.6187225,800,428.6769134104252,a4557f4ce7bfe56aa5dcd63a55abb879b843c5e934e2dfc46b1bb08a31d616cb
499,MEASURED,FULL_POLICY_PATH,S_ADAPT_REFERENCE,-1,15,2,24.2077,0.6051925,600,363.60913959145546,f3eef135fbf7cda7d4259deff31d97d81321154c3d403ba8eae0e13e337b36ae
500,MEASURED,FULL_POLICY_PATH,S_ADAPT_OPTIMIZED,-1,15,1,0.8125,0.0203125,600,353.76666152477264,106a9662fdc268276fd832a53813a5d41c26843d15913d386057929c37645238
501,MEASURED,FULL_POLICY_PATH,S_CLASS_ADAPT,-1,10,4,20.9518,0.523795,400,163.21071502449217,7b4a15a5d6e277fa7d3b8e934445946a80f77d14bcbbef5b2fc2dad80699cb74
502,MEASURED,FULL_POLICY_PATH,M11_OPTIMIZED,530101,20,4,130.4306,3.260765,800,107.49725294030088,a3d86880da36c46da8dc4226de2d15a21bafcbb3d3de6234525944bb5aa264e7
503,MEASURED,FULL_POLICY_PATH,S_ADAPT_REFERENCE,-1,20,4,26.0985,0.6524625000000001,800,428.6769134104252,a4557f4ce7bfe56aa5dcd63a55abb879b843c5e934e2dfc46b1bb08a31d616cb
504,MEASURED,FULL_POLICY_PATH,M11_REFERENCE,530101,15,1,178.3251,4.4581275,600,83.67778409735129,ef43848fe57bfab6314f95d3543e966a8b08c097b3706610f18e7b16785f617f
505,MEASURED,FULL_POLICY_PATH,S_CLASS_ADAPT,-1,10,4,21.3723,0.5343074999999999,400,163.21071502449217,7b4a15a5d6e277fa7d3b8e934445946a80f77d14bcbbef5b2fc2dad80699cb74
506,MEASURED,FULL_POLICY_PATH,M11_REFERENCE,530101,20,4,176.5482,4.413705,800,107.49725294030088,a3d86880da36c46da8dc4226de2d15a21bafcbb3d3de6234525944bb5aa264e7
507,MEASURED,FULL_POLICY_PATH,S_ADAPT_REFERENCE,-1,20,3,27.2989,0.6824725,800,457.9206243157387,21e3005e62f6d231cb3cc40fdf9074ca833f899ce9df57bbef5710e5840e09f9
508,MEASURED,FULL_POLICY_PATH,M11_REFERENCE,530101,20,3,169.0366,4.225915,800,146.51983876547857,67a588433daba80df4bc1c340bf736b7fd5266dbd6db36bc042c11d3251a6616
509,MEASURED,FULL_POLICY_PATH,S_ADAPT_OPTIMIZED,-1,10,2,1.3285,0.0332125,400,278.2561217844486,6b879b5ecb141762cd197fdffe85d1828a5f5bb545a8ba4e2aab31ea59c47870
510,MEASURED,FULL_POLICY_PATH,S_ADAPT_OPTIMIZED,-1,10,3,0.7406,0.018515,400,293.82467341423035,4041c2353650ffc3521df07aeec818741f2a7f8acf14590c93615e6d8d3ced8c
511,MEASURED,FULL_POLICY_PATH,S_ADAPT_OPTIMIZED,-1,15,3,0.6959,0.0173975,600,386.0996204018593,252c151f42ca3b8e280b1fc6e087a8dee2153f14747c336e7dcac0134425feea
512,MEASURED,FULL_POLICY_PATH,S_CLASS_ADAPT,-1,15,1,24.1011,0.6025275,600,283.0532095499601,7d1af8308f5c93aa06561ffe5a6e4e8171d280157e80fb539c53617d64a713d3
513,MEASURED,FULL_POLICY_PATH,S_ADAPT_REFERENCE,-1,15,3,24.8857,0.6221425,600,386.0996204018593,252c151f42ca3b8e280b1fc6e087a8dee2153f14747c336e7dcac0134425feea
514,MEASURED,FULL_POLICY_PATH,S_ADAPT_OPTIMIZED,-1,15,2,0.8076,0.02019,600,363.60913959145546,f3eef135fbf7cda7d4259deff31d97d81321154c3d403ba8eae0e13e337b36ae
515,MEASURED,FULL_POLICY_PATH,S_ADAPT_REFERENCE,-1,15,3,23.688,0.5922,600,386.0996204018593,252c151f42ca3b8e280b1fc6e087a8dee2153f14747c336e7dcac0134425feea
516,MEASURED,FULL_POLICY_PATH,M11_OPTIMIZED,530101,10,3,125.227,3.130675,400,97.29233640543227,e2ac0f2f414f8e7b0771e1cf681e9fa7f847877736a984a87d7eae625858a2be
517,MEASURED,FULL_POLICY_PATH,S_CLASS_ADAPT,-1,15,2,24.1363,0.6034075,600,268.11715816665776,96a8c33feb580d08b8f4ca5f1fe6b48845c46aeb9ac0b3b8044b6d72a5883fa6
518,MEASURED,FULL_POLICY_PATH,S_CLASS_ADAPT,-1,20,3,25.7084,0.64271,800,407.26081500314206,ef2642c75a3f0d2ba9ad1cd2636aa2b92ff1122a9db901edc8efd639a42c70c3
519,MEASURED,FULL_POLICY_PATH,M11_OPTIMIZED,530101,15,0,122.9637,3.0740925,600,97.20164785567786,5dfc6e9b928df4d0f08ff5efa0db383122234cf621cb1aff31d5dc76cea53281
520,MEASURED,FULL_POLICY_PATH,S_ADAPT_OPTIMIZED,-1,15,0,1.2963,0.0324075,600,371.3841568529606,b3004c94c0a1acc4bea41b0fbb2b1d0eba865c9be972d407e019303ca1057a20
521,MEASURED,FULL_POLICY_PATH,S_CLASS_ADAPT,-1,20,1,25.4424,0.63606,800,372.6084638228953,ee5652b9bec073594429470f15cf4f82f34e780685ff432ebf65ba8cd017f113
522,MEASURED,FULL_POLICY_PATH,M11_REFERENCE,530101,10,2,166.0511,4.1512775,400,71.15188249646685,9b25952942cfac66d6dd841368d70f12dd91486c3cf6a523c8fcc245cc3f86b3
523,MEASURED,FULL_POLICY_PATH,M11_OPTIMIZED,530101,20,0,125.6878,3.142195,800,111.63427928148889,572f3263127b4169ac34f08b36891d7413aed8677c721a37c36d255a3899a9b3
524,MEASURED,FULL_POLICY_PATH,M11_REFERENCE,530101,20,1,176.0137,4.4003425,800,94.47869624869647,10a79b6eb4692460620841197d21cd855c4439e299eaf5266b74fedcd9385dea
525,MEASURED,FULL_POLICY_PATH,S_CLASS_ADAPT,-1,10,0,21.3648,0.5341199999999999,400,169.56029704522783,2325eb40fea98334e6d85b23187f1269216705645b7ef82782c7a2b307ca1e3d
526,MEASURED,FULL_POLICY_PATH,S_ADAPT_REFERENCE,-1,15,1,27.1195,0.6779875,600,353.76666152477264,106a9662fdc268276fd832a53813a5d41c26843d15913d386057929c37645238
527,MEASURED,FULL_POLICY_PATH,S_ADAPT_OPTIMIZED,-1,10,3,0.8377,0.0209425,400,293.82467341423035,4041c2353650ffc3521df07aeec818741f2a7f8acf14590c93615e6d8d3ced8c
528,MEASURED,FULL_POLICY_PATH,S_ADAPT_OPTIMIZED,-1,10,1,0.7399,0.0184975,400,275.9327971637249,1ce6b8ff41cb97b662aedc7ad8bedd7c817837cf26b99fc81f6d1ec0c5c1c3ce
529,MEASURED,FULL_POLICY_PATH,S_CLASS_ADAPT,-1,15,3,24.3762,0.609405,600,306.37812478227386,fe0517635c660eb8694ad59cfd9c0a564d36a8db6435d901027ff5af7c99af1a
530,MEASURED,FULL_POLICY_PATH,M11_OPTIMIZED,530101,10,1,126.7765,3.1694125,400,62.94320651540613,1f16862fb35fea7c20a78a332c201ac0ebb4d60127abe43776c0618b1143b81b
531,MEASURED,FULL_POLICY_PATH,M11_REFERENCE,530101,10,1,167.4741,4.1868525,400,62.94320651540613,1f16862fb35fea7c20a78a332c201ac0ebb4d60127abe43776c0618b1143b81b
532,MEASURED,FULL_POLICY_PATH,S_CLASS_ADAPT,-1,10,0,21.4336,0.53584,400,169.56029704522783,2325eb40fea98334e6d85b23187f1269216705645b7ef82782c7a2b307ca1e3d
533,MEASURED,FULL_POLICY_PATH,M11_OPTIMIZED,530101,15,4,126.0788,3.15197,600,93.15287583446096,f4a94ff0a77b6bd17929b939cf25ec2bc7ef76ebdf3f58bce2d75db46d2d99f4
534,MEASURED,FULL_POLICY_PATH,S_ADAPT_REFERENCE,-1,10,4,24.9818,0.624545,400,271.37676933407784,88737f813284457f30f2c69d44f68791f7370e2c49c928c86777821b577f4051
535,MEASURED,FULL_POLICY_PATH,M11_REFERENCE,530101,15,0,173.1857,4.3296425,600,97.20164785567786,5dfc6e9b928df4d0f08ff5efa0db383122234cf621cb1aff31d5dc76cea53281
536,MEASURED,FULL_POLICY_PATH,M11_REFERENCE,530101,10,3,165.2111,4.1302775,400,97.29233640543227,e2ac0f2f414f8e7b0771e1cf681e9fa7f847877736a984a87d7eae625858a2be
537,MEASURED,FULL_POLICY_PATH,S_ADAPT_OPTIMIZED,-1,15,3,1.2997,0.0324925,600,386.0996204018593,252c151f42ca3b8e280b1fc6e087a8dee2153f14747c336e7dcac0134425feea
538,MEASURED,FULL_POLICY_PATH,S_CLASS_ADAPT,-1,15,2,24.5274,0.613185,600,268.11715816665776,96a8c33feb580d08b8f4ca5f1fe6b48845c46aeb9ac0b3b8044b6d72a5883fa6
539,MEASURED,FULL_POLICY_PATH,S_CLASS_ADAPT,-1,15,2,24.5985,0.6149625000000001,600,268.11715816665776,96a8c33feb580d08b8f4ca5f1fe6b48845c46aeb9ac0b3b8044b6d72a5883fa6
540,MEASURED,FULL_POLICY_PATH,M11_OPTIMIZED,530101,10,2,124.9357,3.1233925,400,71.15188249646685,9b25952942cfac66d6dd841368d70f12dd91486c3cf6a523c8fcc245cc3f86b3
541,MEASURED,FULL_POLICY_PATH,M11_REFERENCE,530101,20,4,172.1538,4.303845,800,107.49725294030088,a3d86880da36c46da8dc4226de2d15a21bafcbb3d3de6234525944bb5aa264e7
542,MEASURED,FULL_POLICY_PATH,M11_REFERENCE,530101,10,2,170.3102,4.257755,400,71.15188249646685,9b25952942cfac66d6dd841368d70f12dd91486c3cf6a523c8fcc245cc3f86b3
543,MEASURED,FULL_POLICY_PATH,S_ADAPT_REFERENCE,-1,20,1,24.2172,0.6054299999999999,800,415.7503350973129,6d0cb0c4405dc90387b55d6457229758e4276ae0e27c754a78dcc25cc13f41c8
544,MEASURED,FULL_POLICY_PATH,M11_OPTIMIZED,530101,15,0,127.9458,3.198645,600,97.20164785567786,5dfc6e9b928df4d0f08ff5efa0db383122234cf621cb1aff31d5dc76cea53281
545,MEASURED,FULL_POLICY_PATH,S_ADAPT_OPTIMIZED,-1,20,4,1.3078,0.032695,800,428.6769134104252,a4557f4ce7bfe56aa5dcd63a55abb879b843c5e934e2dfc46b1bb08a31d616cb
546,MEASURED,FULL_POLICY_PATH,S_ADAPT_REFERENCE,-1,20,4,24.9154,0.622885,800,428.6769134104252,a4557f4ce7bfe56aa5dcd63a55abb879b843c5e934e2dfc46b1bb08a31d616cb
547,MEASURED,FULL_POLICY_PATH,S_ADAPT_REFERENCE,-1,20,0,24.128,0.6032,800,441.55207175016403,3a221c89dcb7b438299f2f48d0eef0494bea948ec6de9698110e215c3af14aea
548,MEASURED,FULL_POLICY_PATH,M11_REFERENCE,530101,15,3,170.8295,4.2707375,600,130.3358717953731,189881a5e1bfcc51a0b294aead80a5689fa4ff9cc9441444624324248e655954
549,MEASURED,FULL_POLICY_PATH,M11_OPTIMIZED,530101,20,2,128.455,3.2113750000000003,800,109.65310171004846,7fa0870805ff4cf7f09e6127254261b25246cc80f569411aae3dc5104d2933cc
550,MEASURED,FULL_POLICY_PATH,M11_OPTIMIZED,530101,15,2,122.8231,3.0705774999999997,600,97.01479891499869,7e6d95d769c7d9687624018c1d858390f954fe241d6b8975ccdd997e695297b3
551,MEASURED,FULL_POLICY_PATH,M11_REFERENCE,530101,20,0,173.2825,4.3320625,800,111.63427928148889,572f3263127b4169ac34f08b36891d7413aed8677c721a37c36d255a3899a9b3
552,MEASURED,FULL_POLICY_PATH,S_CLASS_ADAPT,-1,15,2,24.3876,0.60969,600,268.11715816665776,96a8c33feb580d08b8f4ca5f1fe6b48845c46aeb9ac0b3b8044b6d72a5883fa6
553,MEASURED,FULL_POLICY_PATH,S_ADAPT_OPTIMIZED,-1,15,4,1.2941,0.0323525,600,357.80318182706833,5938eba45c73290974057dd22f17b06e25d6b2d6c0e2628f2227edfdebb7b23b
554,MEASURED,FULL_POLICY_PATH,S_ADAPT_REFERENCE,-1,20,4,24.5934,0.614835,800,428.6769134104252,a4557f4ce7bfe56aa5dcd63a55abb879b843c5e934e2dfc46b1bb08a31d616cb
555,MEASURED,FULL_POLICY_PATH,M11_REFERENCE,530101,10,0,171.1241,4.2781025,400,72.99146302310172,e7c35db7138d5e4d01b4cc857cbad087b7738d5333c1cd3599fbeb0aa1d0e715
556,MEASURED,FULL_POLICY_PATH,S_ADAPT_REFERENCE,-1,10,0,26.9783,0.6744575,400,284.22937551140785,53942cbb9a8a5a64b0db98a82f4fce558f482e6886ecc097434e9fba646b0a60
557,MEASURED,FULL_POLICY_PATH,S_ADAPT_OPTIMIZED,-1,10,2,0.9038,0.022595,400,278.2561217844486,6b879b5ecb141762cd197fdffe85d1828a5f5bb545a8ba4e2aab31ea59c47870
558,MEASURED,FULL_POLICY_PATH,S_CLASS_ADAPT,-1,20,4,26.0559,0.6513975000000001,800,370.2893833845736,401c16a4253fa5039c53739f05775277b6b1ab5d2f80670918dab115270a0bfb
559,MEASURED,FULL_POLICY_PATH,S_CLASS_ADAPT,-1,15,4,24.2942,0.607355,600,276.3170752508822,27aabfe6a729af2812a5ada63c37b64305e0046a8692b0324f79ecf9123ba647
560,MEASURED,FULL_POLICY_PATH,M11_OPTIMIZED,530101,20,2,126.8546,3.171365,800,109.65310171004846,7fa0870805ff4cf7f09e6127254261b25246cc80f569411aae3dc5104d2933cc
561,MEASURED,FULL_POLICY_PATH,M11_OPTIMIZED,530101,20,1,130.5679,3.2641975000000003,800,94.47869624869647,10a79b6eb4692460620841197d21cd855c4439e299eaf5266b74fedcd9385dea
562,MEASURED,FULL_POLICY_PATH,S_ADAPT_OPTIMIZED,-1,15,0,1.2945,0.0323625,600,371.3841568529606,b3004c94c0a1acc4bea41b0fbb2b1d0eba865c9be972d407e019303ca1057a20
563,MEASURED,FULL_POLICY_PATH,S_CLASS_ADAPT,-1,15,4,24.2116,0.60529,600,276.3170752508822,27aabfe6a729af2812a5ada63c37b64305e0046a8692b0324f79ecf9123ba647
564,MEASURED,FULL_POLICY_PATH,M11_OPTIMIZED,530101,15,3,128.066,3.20165,600,130.3358717953731,189881a5e1bfcc51a0b294aead80a5689fa4ff9cc9441444624324248e655954
565,MEASURED,FULL_POLICY_PATH,S_ADAPT_OPTIMIZED,-1,10,0,1.2724,0.03181,400,284.22937551140785,53942cbb9a8a5a64b0db98a82f4fce558f482e6886ecc097434e9fba646b0a60
566,MEASURED,FULL_POLICY_PATH,M11_REFERENCE,530101,20,4,174.0324,4.35081,800,107.49725294030088,a3d86880da36c46da8dc4226de2d15a21bafcbb3d3de6234525944bb5aa264e7
567,MEASURED,FULL_POLICY_PATH,S_CLASS_ADAPT,-1,20,3,25.733,0.643325,800,407.26081500314206,ef2642c75a3f0d2ba9ad1cd2636aa2b92ff1122a9db901edc8efd639a42c70c3
568,MEASURED,FULL_POLICY_PATH,M11_OPTIMIZED,530101,10,1,121.2983,3.0324575,400,62.94320651540613,1f16862fb35fea7c20a78a332c201ac0ebb4d60127abe43776c0618b1143b81b
569,MEASURED,FULL_POLICY_PATH,M11_OPTIMIZED,530101,10,1,121.1754,3.029385,400,62.94320651540613,1f16862fb35fea7c20a78a332c201ac0ebb4d60127abe43776c0618b1143b81b
570,MEASURED,FULL_POLICY_PATH,S_ADAPT_REFERENCE,-1,20,2,25.3765,0.6344125,800,432.81260257959366,e79987f149cce4d4391ef92c6a97c1d767fd16cd492c031ea4af70e8451de98c
571,MEASURED,FULL_POLICY_PATH,M11_OPTIMIZED,530101,20,3,126.0053,3.1501325000000002,800,146.51983876547857,67a588433daba80df4bc1c340bf736b7fd5266dbd6db36bc042c11d3251a6616
572,MEASURED,FULL_POLICY_PATH,M11_REFERENCE,530101,20,0,169.703,4.242575,800,111.63427928148889,572f3263127b4169ac34f08b36891d7413aed8677c721a37c36d255a3899a9b3
573,MEASURED,FULL_POLICY_PATH,M11_OPTIMIZED,530101,20,4,130.1998,3.254995,800,107.49725294030088,a3d86880da36c46da8dc4226de2d15a21bafcbb3d3de6234525944bb5aa264e7
574,MEASURED,FULL_POLICY_PATH,M11_REFERENCE,530101,10,2,162.8145,4.0703625,400,71.15188249646685,9b25952942cfac66d6dd841368d70f12dd91486c3cf6a523c8fcc245cc3f86b3
575,MEASURED,FULL_POLICY_PATH,S_ADAPT_REFERENCE,-1,10,4,24.8486,0.6212150000000001,400,271.37676933407784,88737f813284457f30f2c69d44f68791f7370e2c49c928c86777821b577f4051
576,MEASURED,FULL_POLICY_PATH,M11_OPTIMIZED,530101,15,0,129.4367,3.2359175000000002,600,97.20164785567786,5dfc6e9b928df4d0f08ff5efa0db383122234cf621cb1aff31d5dc76cea53281
577,MEASURED,FULL_POLICY_PATH,S_CLASS_ADAPT,-1,10,4,21.4493,0.5362325,400,163.21071502449217,7b4a15a5d6e277fa7d3b8e934445946a80f77d14bcbbef5b2fc2dad80699cb74
578,MEASURED,FULL_POLICY_PATH,M11_OPTIMIZED,530101,20,4,124.4398,3.110995,800,107.49725294030088,a3d86880da36c46da8dc4226de2d15a21bafcbb3d3de6234525944bb5aa264e7
579,MEASURED,FULL_POLICY_PATH,S_CLASS_ADAPT,-1,10,0,20.8496,0.5212399999999999,400,169.56029704522783,2325eb40fea98334e6d85b23187f1269216705645b7ef82782c7a2b307ca1e3d
580,MEASURED,FULL_POLICY_PATH,S_CLASS_ADAPT,-1,20,2,25.2296,0.6307400000000001,800,356.35799271053946,75557298d531d59da7316cd3f0499696bdd3ea24d88530138fcd48b3c57c7775
581,MEASURED,FULL_POLICY_PATH,S_CLASS_ADAPT,-1,15,4,24.3264,0.60816,600,276.3170752508822,27aabfe6a729af2812a5ada63c37b64305e0046a8692b0324f79ecf9123ba647
582,MEASURED,FULL_POLICY_PATH,M11_REFERENCE,530101,10,4,157.5065,3.9376624999999996,400,68.38854427300772,28b79183e97c33c01ad9eb08a621cfb39e8a80e95d38c09997c1d42fc0bd92aa
583,MEASURED,FULL_POLICY_PATH,S_ADAPT_OPTIMIZED,-1,20,2,1.3141,0.0328525,800,432.81260257959366,e79987f149cce4d4391ef92c6a97c1d767fd16cd492c031ea4af70e8451de98c
584,MEASURED,FULL_POLICY_PATH,M11_OPTIMIZED,530101,20,4,135.8714,3.396785,800,107.49725294030088,a3d86880da36c46da8dc4226de2d15a21bafcbb3d3de6234525944bb5aa264e7
585,MEASURED,FULL_POLICY_PATH,M11_OPTIMIZED,530101,10,3,122.4444,3.06111,400,97.29233640543227,e2ac0f2f414f8e7b0771e1cf681e9fa7f847877736a984a87d7eae625858a2be
586,MEASURED,FULL_POLICY_PATH,S_ADAPT_OPTIMIZED,-1,20,1,1.3411,0.0335275,800,415.7503350973129,6d0cb0c4405dc90387b55d6457229758e4276ae0e27c754a78dcc25cc13f41c8
587,MEASURED,FULL_POLICY_PATH,M11_REFERENCE,530101,15,2,167.1104,4.17776,600,97.01479891499869,7e6d95d769c7d9687624018c1d858390f954fe241d6b8975ccdd997e695297b3
588,MEASURED,FULL_POLICY_PATH,S_CLASS_ADAPT,-1,10,4,20.9563,0.5239075,400,163.21071502449217,7b4a15a5d6e277fa7d3b8e934445946a80f77d14bcbbef5b2fc2dad80699cb74
589,MEASURED,FULL_POLICY_PATH,M11_OPTIMIZED,530101,10,1,122.2825,3.0570625,400,62.94320651540613,1f16862fb35fea7c20a78a332c201ac0ebb4d60127abe43776c0618b1143b81b
590,MEASURED,FULL_POLICY_PATH,S_ADAPT_REFERENCE,-1,10,2,26.2101,0.6552525,400,278.2561217844486,6b879b5ecb141762cd197fdffe85d1828a5f5bb545a8ba4e2aab31ea59c47870
591,MEASURED,FULL_POLICY_PATH,M11_REFERENCE,530101,10,3,168.6168,4.21542,400,97.29233640543227,e2ac0f2f414f8e7b0771e1cf681e9fa7f847877736a984a87d7eae625858a2be
592,MEASURED,FULL_POLICY_PATH,M11_REFERENCE,530101,15,4,177.174,4.42935,600,93.15287583446096,f4a94ff0a77b6bd17929b939cf25ec2bc7ef76ebdf3f58bce2d75db46d2d99f4
593,MEASURED,FULL_POLICY_PATH,M11_REFERENCE,530101,10,3,165.4071,4.1351775,400,97.29233640543227,e2ac0f2f414f8e7b0771e1cf681e9fa7f847877736a984a87d7eae625858a2be
594,MEASURED,FULL_POLICY_PATH,S_ADAPT_REFERENCE,-1,10,4,26.7192,0.66798,400,271.37676933407784,88737f813284457f30f2c69d44f68791f7370e2c49c928c86777821b577f4051
595,MEASURED,FULL_POLICY_PATH,S_ADAPT_OPTIMIZED,-1,10,0,0.8195,0.0204875,400,284.22937551140785,53942cbb9a8a5a64b0db98a82f4fce558f482e6886ecc097434e9fba646b0a60
596,MEASURED,FULL_POLICY_PATH,M11_OPTIMIZED,530101,10,1,120.729,3.018225,400,62.94320651540613,1f16862fb35fea7c20a78a332c201ac0ebb4d60127abe43776c0618b1143b81b
597,MEASURED,FULL_POLICY_PATH,S_ADAPT_REFERENCE,-1,20,3,25.0513,0.6262825000000001,800,457.9206243157387,21e3005e62f6d231cb3cc40fdf9074ca833f899ce9df57bbef5710e5840e09f9
598,MEASURED,FULL_POLICY_PATH,M11_REFERENCE,530101,15,4,166.6744,4.16686,600,93.15287583446096,f4a94ff0a77b6bd17929b939cf25ec2bc7ef76ebdf3f58bce2d75db46d2d99f4
599,MEASURED,FULL_POLICY_PATH,S_ADAPT_REFERENCE,-1,20,2,25.127,0.6281749999999999,800,432.81260257959366,e79987f149cce4d4391ef92c6a97c1d767fd16cd492c031ea4af70e8451de98c
600,MEASURED,FULL_POLICY_PATH,S_ADAPT_OPTIMIZED,-1,10,2,0.8008,0.02002,400,278.2561217844486,6b879b5ecb141762cd197fdffe85d1828a5f5bb545a8ba4e2aab31ea59c47870
601,MEASURED,FULL_POLICY_PATH,M11_REFERENCE,530101,10,4,163.3678,4.084194999999999,400,68.38854427300772,28b79183e97c33c01ad9eb08a621cfb39e8a80e95d38c09997c1d42fc0bd92aa
602,MEASURED,FULL_POLICY_PATH,S_ADAPT_OPTIMIZED,-1,10,3,1.2471,0.031177500000000004,400,293.82467341423035,4041c2353650ffc3521df07aeec818741f2a7f8acf14590c93615e6d8d3ced8c
603,MEASURED,FULL_POLICY_PATH,S_CLASS_ADAPT,-1,10,4,21.3101,0.5327525,400,163.21071502449217,7b4a15a5d6e277fa7d3b8e934445946a80f77d14bcbbef5b2fc2dad80699cb74
604,MEASURED,FULL_POLICY_PATH,M11_OPTIMIZED,530101,20,0,124.1206,3.103015,800,111.63427928148889,572f3263127b4169ac34f08b36891d7413aed8677c721a37c36d255a3899a9b3
605,MEASURED,FULL_POLICY_PATH,S_CLASS_ADAPT,-1,15,4,24.6341,0.6158525,600,276.3170752508822,27aabfe6a729af2812a5ada63c37b64305e0046a8692b0324f79ecf9123ba647
606,MEASURED,FULL_POLICY_PATH,M11_REFERENCE,530101,20,0,163.8917,4.0972925,800,111.63427928148889,572f3263127b4169ac34f08b36891d7413aed8677c721a37c36d255a3899a9b3
607,MEASURED,FULL_POLICY_PATH,M11_REFERENCE,530101,10,1,166.3841,4.1596025,400,62.94320651540613,1f16862fb35fea7c20a78a332c201ac0ebb4d60127abe43776c0618b1143b81b
608,MEASURED,FULL_POLICY_PATH,S_ADAPT_OPTIMIZED,-1,15,3,1.3169,0.0329225,600,386.0996204018593,252c151f42ca3b8e280b1fc6e087a8dee2153f14747c336e7dcac0134425feea
609,MEASURED,FULL_POLICY_PATH,M11_OPTIMIZED,530101,15,3,302.6311,7.5657775,600,130.3358717953731,189881a5e1bfcc51a0b294aead80a5689fa4ff9cc9441444624324248e655954
610,MEASURED,FULL_POLICY_PATH,M11_OPTIMIZED,530101,20,4,129.4558,3.2363950000000004,800,107.49725294030088,a3d86880da36c46da8dc4226de2d15a21bafcbb3d3de6234525944bb5aa264e7
611,MEASURED,FULL_POLICY_PATH,M11_REFERENCE,530101,15,1,168.7802,4.219505,600,83.67778409735129,ef43848fe57bfab6314f95d3543e966a8b08c097b3706610f18e7b16785f617f
612,MEASURED,FULL_POLICY_PATH,S_CLASS_ADAPT,-1,15,3,24.278,0.60695,600,306.37812478227386,fe0517635c660eb8694ad59cfd9c0a564d36a8db6435d901027ff5af7c99af1a
613,MEASURED,FULL_POLICY_PATH,M11_OPTIMIZED,530101,10,4,122.0985,3.0524625,400,68.38854427300772,28b79183e97c33c01ad9eb08a621cfb39e8a80e95d38c09997c1d42fc0bd92aa
614,MEASURED,FULL_POLICY_PATH,S_ADAPT_REFERENCE,-1,10,1,25.7818,0.644545,400,275.9327971637249,1ce6b8ff41cb97b662aedc7ad8bedd7c817837cf26b99fc81f6d1ec0c5c1c3ce
615,MEASURED,FULL_POLICY_PATH,S_CLASS_ADAPT,-1,10,4,21.4023,0.5350575,400,163.21071502449217,7b4a15a5d6e277fa7d3b8e934445946a80f77d14bcbbef5b2fc2dad80699cb74
616,MEASURED,FULL_POLICY_PATH,S_CLASS_ADAPT,-1,20,1,26.0327,0.6508174999999999,800,372.6084638228953,ee5652b9bec073594429470f15cf4f82f34e780685ff432ebf65ba8cd017f113
617,MEASURED,FULL_POLICY_PATH,S_ADAPT_OPTIMIZED,-1,15,0,1.3467,0.0336675,600,371.3841568529606,b3004c94c0a1acc4bea41b0fbb2b1d0eba865c9be972d407e019303ca1057a20
618,MEASURED,FULL_POLICY_PATH,M11_REFERENCE,530101,20,4,167.353,4.183825000000001,800,107.49725294030088,a3d86880da36c46da8dc4226de2d15a21bafcbb3d3de6234525944bb5aa264e7
619,MEASURED,FULL_POLICY_PATH,M11_OPTIMIZED,530101,15,2,127.221,3.1805250000000003,600,97.01479891499869,7e6d95d769c7d9687624018c1d858390f954fe241d6b8975ccdd997e695297b3
620,MEASURED,FULL_POLICY_PATH,S_CLASS_ADAPT,-1,10,4,21.3809,0.5345225,400,163.21071502449217,7b4a15a5d6e277fa7d3b8e934445946a80f77d14bcbbef5b2fc2dad80699cb74
621,MEASURED,FULL_POLICY_PATH,M11_REFERENCE,530101,10,1,163.833,4.095825,400,62.94320651540613,1f16862fb35fea7c20a78a332c201ac0ebb4d60127abe43776c0618b1143b81b
622,MEASURED,FULL_POLICY_PATH,S_ADAPT_REFERENCE,-1,10,1,24.4998,0.612495,400,275.9327971637249,1ce6b8ff41cb97b662aedc7ad8bedd7c817837cf26b99fc81f6d1ec0c5c1c3ce
623,MEASURED,FULL_POLICY_PATH,M11_OPTIMIZED,530101,20,2,125.4487,3.1362175,800,109.65310171004846,7fa0870805ff4cf7f09e6127254261b25246cc80f569411aae3dc5104d2933cc
624,MEASURED,FULL_POLICY_PATH,M11_OPTIMIZED,530101,20,0,131.1971,3.2799275000000003,800,111.63427928148889,572f3263127b4169ac34f08b36891d7413aed8677c721a37c36d255a3899a9b3
625,MEASURED,FULL_POLICY_PATH,S_CLASS_ADAPT,-1,20,0,25.7332,0.64333,800,383.886218862122,00f445c4e48aec771fd229970d380b5ed26cdc3c704c0b85eb0c822637dbe014
626,MEASURED,FULL_POLICY_PATH,M11_OPTIMIZED,530101,15,1,132.3839,3.3095975,600,83.67778409735129,ef43848fe57bfab6314f95d3543e966a8b08c097b3706610f18e7b16785f617f
627,MEASURED,FULL_POLICY_PATH,S_ADAPT_OPTIMIZED,-1,15,1,1.3621,0.0340525,600,353.76666152477264,106a9662fdc268276fd832a53813a5d41c26843d15913d386057929c37645238
628,MEASURED,FULL_POLICY_PATH,S_CLASS_ADAPT,-1,10,0,21.457,0.536425,400,169.56029704522783,2325eb40fea98334e6d85b23187f1269216705645b7ef82782c7a2b307ca1e3d
629,MEASURED,FULL_POLICY_PATH,S_CLASS_ADAPT,-1,20,2,25.9924,0.64981,800,356.35799271053946,75557298d531d59da7316cd3f0499696bdd3ea24d88530138fcd48b3c57c7775
630,MEASURED,FULL_POLICY_PATH,S_ADAPT_REFERENCE,-1,20,1,25.1338,0.628345,800,415.7503350973129,6d0cb0c4405dc90387b55d6457229758e4276ae0e27c754a78dcc25cc13f41c8
631,MEASURED,FULL_POLICY_PATH,S_ADAPT_REFERENCE,-1,20,4,24.793,0.619825,800,428.6769134104252,a4557f4ce7bfe56aa5dcd63a55abb879b843c5e934e2dfc46b1bb08a31d616cb
632,MEASURED,FULL_POLICY_PATH,S_CLASS_ADAPT,-1,10,0,21.8234,0.545585,400,169.56029704522783,2325eb40fea98334e6d85b23187f1269216705645b7ef82782c7a2b307ca1e3d
633,MEASURED,FULL_POLICY_PATH,M11_OPTIMIZED,530101,20,4,131.9157,3.2978924999999997,800,107.49725294030088,a3d86880da36c46da8dc4226de2d15a21bafcbb3d3de6234525944bb5aa264e7
634,MEASURED,FULL_POLICY_PATH,S_CLASS_ADAPT,-1,10,1,21.2768,0.5319200000000001,400,172.9455011671386,de9b8748444630c399dc8411a9116aafed312522708a050ee5412237cb83d72c
635,MEASURED,FULL_POLICY_PATH,S_CLASS_ADAPT,-1,10,4,21.4584,0.53646,400,163.21071502449217,7b4a15a5d6e277fa7d3b8e934445946a80f77d14bcbbef5b2fc2dad80699cb74
636,MEASURED,FULL_POLICY_PATH,S_CLASS_ADAPT,-1,10,2,21.1731,0.5293275000000001,400,158.87707205513013,2cecbd4eddc2f92081e0d41c827e020064b38782aca772a35ab7bc8d39308dd2
637,MEASURED,FULL_POLICY_PATH,M11_OPTIMIZED,530101,10,2,122.1521,3.0538025,400,71.15188249646685,9b25952942cfac66d6dd841368d70f12dd91486c3cf6a523c8fcc245cc3f86b3
638,MEASURED,FULL_POLICY_PATH,S_CLASS_ADAPT,-1,10,1,21.5576,0.53894,400,172.9455011671386,de9b8748444630c399dc8411a9116aafed312522708a050ee5412237cb83d72c
639,MEASURED,FULL_POLICY_PATH,M11_REFERENCE,530101,20,3,183.376,4.5844000000000005,800,146.51983876547857,67a588433daba80df4bc1c340bf736b7fd5266dbd6db36bc042c11d3251a6616
640,MEASURED,FULL_POLICY_PATH,S_ADAPT_OPTIMIZED,-1,15,3,1.3393,0.0334825,600,386.0996204018593,252c151f42ca3b8e280b1fc6e087a8dee2153f14747c336e7dcac0134425feea
641,MEASURED,FULL_POLICY_PATH,M11_OPTIMIZED,530101,10,0,120.5804,3.01451,400,72.99146302310172,e7c35db7138d5e4d01b4cc857cbad087b7738d5333c1cd3599fbeb0aa1d0e715
642,MEASURED,FULL_POLICY_PATH,M11_OPTIMIZED,530101,15,3,129.0172,3.2254300000000002,600,130.3358717953731,189881a5e1bfcc51a0b294aead80a5689fa4ff9cc9441444624324248e655954
643,MEASURED,FULL_POLICY_PATH,S_ADAPT_REFERENCE,-1,10,0,24.8994,0.622485,400,284.22937551140785,53942cbb9a8a5a64b0db98a82f4fce558f482e6886ecc097434e9fba646b0a60
644,MEASURED,FULL_POLICY_PATH,S_ADAPT_OPTIMIZED,-1,15,0,0.7979,0.0199475,600,371.3841568529606,b3004c94c0a1acc4bea41b0fbb2b1d0eba865c9be972d407e019303ca1057a20
645,MEASURED,FULL_POLICY_PATH,M11_OPTIMIZED,530101,15,1,123.796,3.0949,600,83.67778409735129,ef43848fe57bfab6314f95d3543e966a8b08c097b3706610f18e7b16785f617f
646,MEASURED,FULL_POLICY_PATH,S_ADAPT_REFERENCE,-1,10,4,25.2125,0.6303124999999999,400,271.37676933407784,88737f813284457f30f2c69d44f68791f7370e2c49c928c86777821b577f4051
647,MEASURED,FULL_POLICY_PATH,S_CLASS_ADAPT,-1,10,1,21.6686,0.5417150000000001,400,172.9455011671386,de9b8748444630c399dc8411a9116aafed312522708a050ee5412237cb83d72c
648,MEASURED,FULL_POLICY_PATH,M11_REFERENCE,530101,10,4,165.5426,4.138565,400,68.38854427300772,28b79183e97c33c01ad9eb08a621cfb39e8a80e95d38c09997c1d42fc0bd92aa
649,MEASURED,FULL_POLICY_PATH,S_ADAPT_REFERENCE,-1,15,3,25.1566,0.628915,600,386.0996204018593,252c151f42ca3b8e280b1fc6e087a8dee2153f14747c336e7dcac0134425feea
650,MEASURED,FULL_POLICY_PATH,S_ADAPT_OPTIMIZED,-1,20,2,0.9479,0.0236975,800,432.81260257959366,e79987f149cce4d4391ef92c6a97c1d767fd16cd492c031ea4af70e8451de98c
651,MEASURED,FULL_POLICY_PATH,M11_OPTIMIZED,530101,15,2,122.3505,3.0587625,600,97.01479891499869,7e6d95d769c7d9687624018c1d858390f954fe241d6b8975ccdd997e695297b3
652,MEASURED,FULL_POLICY_PATH,S_ADAPT_OPTIMIZED,-1,20,2,1.4366,0.035915,800,432.81260257959366,e79987f149cce4d4391ef92c6a97c1d767fd16cd492c031ea4af70e8451de98c
653,MEASURED,FULL_POLICY_PATH,M11_REFERENCE,530101,10,2,171.6183,4.2904575000000005,400,71.15188249646685,9b25952942cfac66d6dd841368d70f12dd91486c3cf6a523c8fcc245cc3f86b3
654,MEASURED,FULL_POLICY_PATH,M11_REFERENCE,530101,20,1,171.5363,4.2884075,800,94.47869624869647,10a79b6eb4692460620841197d21cd855c4439e299eaf5266b74fedcd9385dea
655,MEASURED,FULL_POLICY_PATH,S_ADAPT_REFERENCE,-1,20,3,24.7967,0.6199175,800,457.9206243157387,21e3005e62f6d231cb3cc40fdf9074ca833f899ce9df57bbef5710e5840e09f9
656,MEASURED,FULL_POLICY_PATH,M11_OPTIMIZED,530101,10,1,127.9823,3.1995575,400,62.94320651540613,1f16862fb35fea7c20a78a332c201ac0ebb4d60127abe43776c0618b1143b81b
657,MEASURED,FULL_POLICY_PATH,M11_OPTIMIZED,530101,15,4,128.4083,3.2102075,600,93.15287583446096,f4a94ff0a77b6bd17929b939cf25ec2bc7ef76ebdf3f58bce2d75db46d2d99f4
658,MEASURED,FULL_POLICY_PATH,S_ADAPT_OPTIMIZED,-1,10,4,1.3012,0.032529999999999996,400,271.37676933407784,88737f813284457f30f2c69d44f68791f7370e2c49c928c86777821b577f4051
659,MEASURED,FULL_POLICY_PATH,S_CLASS_ADAPT,-1,20,0,26.1972,0.65493,800,383.886218862122,00f445c4e48aec771fd229970d380b5ed26cdc3c704c0b85eb0c822637dbe014
660,MEASURED,FULL_POLICY_PATH,S_CLASS_ADAPT,-1,20,0,26.0668,0.65167,800,383.886218862122,00f445c4e48aec771fd229970d380b5ed26cdc3c704c0b85eb0c822637dbe014
661,MEASURED,FULL_POLICY_PATH,S_ADAPT_REFERENCE,-1,10,2,24.8876,0.62219,400,278.2561217844486,6b879b5ecb141762cd197fdffe85d1828a5f5bb545a8ba4e2aab31ea59c47870
662,MEASURED,FULL_POLICY_PATH,S_ADAPT_REFERENCE,-1,20,3,24.4921,0.6123025,800,457.9206243157387,21e3005e62f6d231cb3cc40fdf9074ca833f899ce9df57bbef5710e5840e09f9
663,MEASURED,FULL_POLICY_PATH,S_ADAPT_OPTIMIZED,-1,10,3,0.8335,0.020837500000000002,400,293.82467341423035,4041c2353650ffc3521df07aeec818741f2a7f8acf14590c93615e6d8d3ced8c
664,MEASURED,FULL_POLICY_PATH,S_CLASS_ADAPT,-1,15,1,24.8294,0.620735,600,283.0532095499601,7d1af8308f5c93aa06561ffe5a6e4e8171d280157e80fb539c53617d64a713d3
665,MEASURED,FULL_POLICY_PATH,S_ADAPT_REFERENCE,-1,15,3,25.7101,0.6427525000000001,600,386.0996204018593,252c151f42ca3b8e280b1fc6e087a8dee2153f14747c336e7dcac0134425feea
666,MEASURED,FULL_POLICY_PATH,M11_REFERENCE,530101,15,3,169.8482,4.246205,600,130.3358717953731,189881a5e1bfcc51a0b294aead80a5689fa4ff9cc9441444624324248e655954
667,MEASURED,FULL_POLICY_PATH,M11_OPTIMIZED,530101,20,2,129.2699,3.2317475,800,109.65310171004846,7fa0870805ff4cf7f09e6127254261b25246cc80f569411aae3dc5104d2933cc
668,MEASURED,FULL_POLICY_PATH,S_CLASS_ADAPT,-1,10,3,21.451,0.5362750000000001,400,186.50780508403346,a3c2f307a616d43b5a02e213bccebf46176f954a667daa40f4000573be5ad998
669,MEASURED,FULL_POLICY_PATH,M11_REFERENCE,530101,15,1,172.3877,4.3096925,600,83.67778409735129,ef43848fe57bfab6314f95d3543e966a8b08c097b3706610f18e7b16785f617f
670,MEASURED,FULL_POLICY_PATH,S_ADAPT_OPTIMIZED,-1,15,1,1.3161,0.0329025,600,353.76666152477264,106a9662fdc268276fd832a53813a5d41c26843d15913d386057929c37645238
671,MEASURED,FULL_POLICY_PATH,S_CLASS_ADAPT,-1,10,2,20.9868,0.52467,400,158.87707205513013,2cecbd4eddc2f92081e0d41c827e020064b38782aca772a35ab7bc8d39308dd2
672,MEASURED,FULL_POLICY_PATH,M11_OPTIMIZED,530101,20,3,131.1436,3.27859,800,146.51983876547857,67a588433daba80df4bc1c340bf736b7fd5266dbd6db36bc042c11d3251a6616
673,MEASURED,FULL_POLICY_PATH,M11_REFERENCE,530101,10,2,167.7888,4.19472,400,71.15188249646685,9b25952942cfac66d6dd841368d70f12dd91486c3cf6a523c8fcc245cc3f86b3
674,MEASURED,FULL_POLICY_PATH,M11_REFERENCE,530101,15,3,161.7603,4.0440075,600,130.3358717953731,189881a5e1bfcc51a0b294aead80a5689fa4ff9cc9441444624324248e655954
675,MEASURED,FULL_POLICY_PATH,M11_REFERENCE,530101,20,3,175.0785,4.376962499999999,800,146.51983876547857,67a588433daba80df4bc1c340bf736b7fd5266dbd6db36bc042c11d3251a6616
676,MEASURED,FULL_POLICY_PATH,M11_REFERENCE,530101,20,1,168.7674,4.219185,800,94.47869624869647,10a79b6eb4692460620841197d21cd855c4439e299eaf5266b74fedcd9385dea
677,MEASURED,FULL_POLICY_PATH,S_ADAPT_REFERENCE,-1,10,2,26.1298,0.653245,400,278.2561217844486,6b879b5ecb141762cd197fdffe85d1828a5f5bb545a8ba4e2aab31ea59c47870
678,MEASURED,FULL_POLICY_PATH,S_ADAPT_REFERENCE,-1,15,3,24.3173,0.6079325,600,386.0996204018593,252c151f42ca3b8e280b1fc6e087a8dee2153f14747c336e7dcac0134425feea
679,MEASURED,FULL_POLICY_PATH,S_ADAPT_OPTIMIZED,-1,20,3,0.9157,0.0228925,800,457.9206243157387,21e3005e62f6d231cb3cc40fdf9074ca833f899ce9df57bbef5710e5840e09f9
680,MEASURED,FULL_POLICY_PATH,M11_OPTIMIZED,530101,10,0,121.878,3.04695,400,72.99146302310172,e7c35db7138d5e4d01b4cc857cbad087b7738d5333c1cd3599fbeb0aa1d0e715
681,MEASURED,FULL_POLICY_PATH,S_CLASS_ADAPT,-1,10,4,21.2331,0.5308275,400,163.21071502449217,7b4a15a5d6e277fa7d3b8e934445946a80f77d14bcbbef5b2fc2dad80699cb74
682,MEASURED,FULL_POLICY_PATH,M11_REFERENCE,530101,10,2,167.7894,4.194735,400,71.15188249646685,9b25952942cfac66d6dd841368d70f12dd91486c3cf6a523c8fcc245cc3f86b3
683,MEASURED,FULL_POLICY_PATH,S_ADAPT_REFERENCE,-1,15,2,27.2714,0.681785,600,363.60913959145546,f3eef135fbf7cda7d4259deff31d97d81321154c3d403ba8eae0e13e337b36ae
684,MEASURED,FULL_POLICY_PATH,S_ADAPT_REFERENCE,-1,20,1,24.8702,0.6217550000000001,800,415.7503350973129,6d0cb0c4405dc90387b55d6457229758e4276ae0e27c754a78dcc25cc13f41c8
685,MEASURED,FULL_POLICY_PATH,S_ADAPT_REFERENCE,-1,10,2,24.445,0.611125,400,278.2561217844486,6b879b5ecb141762cd197fdffe85d1828a5f5bb545a8ba4e2aab31ea59c47870
686,MEASURED,FULL_POLICY_PATH,S_CLASS_ADAPT,-1,15,4,25.0518,0.626295,600,276.3170752508822,27aabfe6a729af2812a5ada63c37b64305e0046a8692b0324f79ecf9123ba647
687,MEASURED,FULL_POLICY_PATH,M11_OPTIMIZED,530101,10,4,123.2997,3.0824925,400,68.38854427300772,28b79183e97c33c01ad9eb08a621cfb39e8a80e95d38c09997c1d42fc0bd92aa
688,MEASURED,FULL_POLICY_PATH,S_ADAPT_REFERENCE,-1,20,0,25.1444,0.62861,800,441.55207175016403,3a221c89dcb7b438299f2f48d0eef0494bea948ec6de9698110e215c3af14aea
689,MEASURED,FULL_POLICY_PATH,S_ADAPT_REFERENCE,-1,10,1,24.3825,0.6095625,400,275.9327971637249,1ce6b8ff41cb97b662aedc7ad8bedd7c817837cf26b99fc81f6d1ec0c5c1c3ce
690,MEASURED,FULL_POLICY_PATH,M11_REFERENCE,530101,15,2,162.1852,4.05463,600,97.01479891499869,7e6d95d769c7d9687624018c1d858390f954fe241d6b8975ccdd997e695297b3
691,MEASURED,FULL_POLICY_PATH,S_CLASS_ADAPT,-1,20,2,25.8139,0.6453475,800,356.35799271053946,75557298d531d59da7316cd3f0499696bdd3ea24d88530138fcd48b3c57c7775
692,MEASURED,FULL_POLICY_PATH,M11_REFERENCE,530101,10,0,160.7236,4.01809,400,72.99146302310172,e7c35db7138d5e4d01b4cc857cbad087b7738d5333c1cd3599fbeb0aa1d0e715
693,MEASURED,FULL_POLICY_PATH,S_ADAPT_REFERENCE,-1,15,0,24.8309,0.6207725,600,371.3841568529606,b3004c94c0a1acc4bea41b0fbb2b1d0eba865c9be972d407e019303ca1057a20
694,MEASURED,FULL_POLICY_PATH,S_ADAPT_OPTIMIZED,-1,10,0,0.8132,0.02033,400,284.22937551140785,53942cbb9a8a5a64b0db98a82f4fce558f482e6886ecc097434e9fba646b0a60
695,MEASURED,FULL_POLICY_PATH,S_ADAPT_OPTIMIZED,-1,15,2,0.8106,0.020265,600,363.60913959145546,f3eef135fbf7cda7d4259deff31d97d81321154c3d403ba8eae0e13e337b36ae
696,MEASURED,FULL_POLICY_PATH,S_ADAPT_OPTIMIZED,-1,20,0,0.8196,0.02049,800,441.55207175016403,3a221c89dcb7b438299f2f48d0eef0494bea948ec6de9698110e215c3af14aea
697,MEASURED,FULL_POLICY_PATH,S_ADAPT_OPTIMIZED,-1,15,2,0.7227,0.0180675,600,363.60913959145546,f3eef135fbf7cda7d4259deff31d97d81321154c3d403ba8eae0e13e337b36ae
698,MEASURED,FULL_POLICY_PATH,S_ADAPT_OPTIMIZED,-1,20,3,0.7672,0.01918,800,457.9206243157387,21e3005e62f6d231cb3cc40fdf9074ca833f899ce9df57bbef5710e5840e09f9
699,MEASURED,FULL_POLICY_PATH,S_ADAPT_REFERENCE,-1,15,2,24.3462,0.608655,600,363.60913959145546,f3eef135fbf7cda7d4259deff31d97d81321154c3d403ba8eae0e13e337b36ae
700,MEASURED,FULL_POLICY_PATH,M11_REFERENCE,530101,10,2,166.6539,4.1663475,400,71.15188249646685,9b25952942cfac66d6dd841368d70f12dd91486c3cf6a523c8fcc245cc3f86b3
701,MEASURED,FULL_POLICY_PATH,M11_OPTIMIZED,530101,20,3,132.1201,3.3030025000000003,800,146.51983876547857,67a588433daba80df4bc1c340bf736b7fd5266dbd6db36bc042c11d3251a6616
702,MEASURED,FULL_POLICY_PATH,S_CLASS_ADAPT,-1,20,3,25.6467,0.6411675,800,407.26081500314206,ef2642c75a3f0d2ba9ad1cd2636aa2b92ff1122a9db901edc8efd639a42c70c3
703,MEASURED,FULL_POLICY_PATH,M11_REFERENCE,530101,20,4,167.9983,4.1999575,800,107.49725294030088,a3d86880da36c46da8dc4226de2d15a21bafcbb3d3de6234525944bb5aa264e7
704,MEASURED,FULL_POLICY_PATH,M11_OPTIMIZED,530101,15,1,129.4039,3.2350974999999997,600,83.67778409735129,ef43848fe57bfab6314f95d3543e966a8b08c097b3706610f18e7b16785f617f
705,MEASURED,FULL_POLICY_PATH,S_ADAPT_REFERENCE,-1,20,1,25.0051,0.6251275,800,415.7503350973129,6d0cb0c4405dc90387b55d6457229758e4276ae0e27c754a78dcc25cc13f41c8
706,MEASURED,FULL_POLICY_PATH,M11_REFERENCE,530101,15,4,159.8573,3.9964325,600,93.15287583446096,f4a94ff0a77b6bd17929b939cf25ec2bc7ef76ebdf3f58bce2d75db46d2d99f4
707,MEASURED,FULL_POLICY_PATH,S_ADAPT_REFERENCE,-1,20,0,25.2647,0.6316175,800,441.55207175016403,3a221c89dcb7b438299f2f48d0eef0494bea948ec6de9698110e215c3af14aea
708,MEASURED,FULL_POLICY_PATH,S_ADAPT_OPTIMIZED,-1,10,2,0.8517,0.0212925,400,278.2561217844486,6b879b5ecb141762cd197fdffe85d1828a5f5bb545a8ba4e2aab31ea59c47870
709,MEASURED,FULL_POLICY_PATH,S_ADAPT_REFERENCE,-1,15,2,24.588,0.6147,600,363.60913959145546,f3eef135fbf7cda7d4259deff31d97d81321154c3d403ba8eae0e13e337b36ae
710,MEASURED,FULL_POLICY_PATH,S_ADAPT_REFERENCE,-1,20,1,24.5388,0.61347,800,415.7503350973129,6d0cb0c4405dc90387b55d6457229758e4276ae0e27c754a78dcc25cc13f41c8
711,MEASURED,FULL_POLICY_PATH,S_CLASS_ADAPT,-1,10,1,21.3019,0.5325475,400,172.9455011671386,de9b8748444630c399dc8411a9116aafed312522708a050ee5412237cb83d72c
712,MEASURED,FULL_POLICY_PATH,S_ADAPT_OPTIMIZED,-1,20,3,1.235,0.030875000000000003,800,457.9206243157387,21e3005e62f6d231cb3cc40fdf9074ca833f899ce9df57bbef5710e5840e09f9
713,MEASURED,FULL_POLICY_PATH,S_CLASS_ADAPT,-1,15,4,24.607,0.615175,600,276.3170752508822,27aabfe6a729af2812a5ada63c37b64305e0046a8692b0324f79ecf9123ba647
714,MEASURED,FULL_POLICY_PATH,S_ADAPT_REFERENCE,-1,10,1,25.0371,0.6259275,400,275.9327971637249,1ce6b8ff41cb97b662aedc7ad8bedd7c817837cf26b99fc81f6d1ec0c5c1c3ce
715,MEASURED,FULL_POLICY_PATH,S_CLASS_ADAPT,-1,20,0,26.0666,0.651665,800,383.886218862122,00f445c4e48aec771fd229970d380b5ed26cdc3c704c0b85eb0c822637dbe014
716,MEASURED,FULL_POLICY_PATH,M11_REFERENCE,530101,15,1,181.0343,4.5258575,600,83.67778409735129,ef43848fe57bfab6314f95d3543e966a8b08c097b3706610f18e7b16785f617f
717,MEASURED,FULL_POLICY_PATH,M11_OPTIMIZED,530101,15,3,124.5296,3.1132400000000002,600,130.3358717953731,189881a5e1bfcc51a0b294aead80a5689fa4ff9cc9441444624324248e655954
718,MEASURED,FULL_POLICY_PATH,S_ADAPT_OPTIMIZED,-1,15,1,1.3373,0.0334325,600,353.76666152477264,106a9662fdc268276fd832a53813a5d41c26843d15913d386057929c37645238
719,MEASURED,FULL_POLICY_PATH,S_ADAPT_OPTIMIZED,-1,15,1,0.7203,0.018007500000000003,600,353.76666152477264,106a9662fdc268276fd832a53813a5d41c26843d15913d386057929c37645238
720,MEASURED,FULL_POLICY_PATH,M11_REFERENCE,530101,10,1,164.4889,4.1122225,400,62.94320651540613,1f16862fb35fea7c20a78a332c201ac0ebb4d60127abe43776c0618b1143b81b
721,MEASURED,FULL_POLICY_PATH,S_ADAPT_REFERENCE,-1,20,1,25.1173,0.6279325,800,415.7503350973129,6d0cb0c4405dc90387b55d6457229758e4276ae0e27c754a78dcc25cc13f41c8
722,MEASURED,FULL_POLICY_PATH,S_CLASS_ADAPT,-1,10,1,21.2549,0.5313725,400,172.9455011671386,de9b8748444630c399dc8411a9116aafed312522708a050ee5412237cb83d72c
723,MEASURED,FULL_POLICY_PATH,S_ADAPT_OPTIMIZED,-1,20,3,1.2409,0.031022499999999998,800,457.9206243157387,21e3005e62f6d231cb3cc40fdf9074ca833f899ce9df57bbef5710e5840e09f9
724,MEASURED,FULL_POLICY_PATH,S_CLASS_ADAPT,-1,20,1,25.394,0.6348499999999999,800,372.6084638228953,ee5652b9bec073594429470f15cf4f82f34e780685ff432ebf65ba8cd017f113
725,MEASURED,FULL_POLICY_PATH,S_CLASS_ADAPT,-1,20,1,25.5016,0.63754,800,372.6084638228953,ee5652b9bec073594429470f15cf4f82f34e780685ff432ebf65ba8cd017f113
726,MEASURED,FULL_POLICY_PATH,S_CLASS_ADAPT,-1,20,2,25.4135,0.6353375,800,356.35799271053946,75557298d531d59da7316cd3f0499696bdd3ea24d88530138fcd48b3c57c7775
727,MEASURED,FULL_POLICY_PATH,S_ADAPT_REFERENCE,-1,20,3,24.7388,0.6184700000000001,800,457.9206243157387,21e3005e62f6d231cb3cc40fdf9074ca833f899ce9df57bbef5710e5840e09f9
728,MEASURED,FULL_POLICY_PATH,S_CLASS_ADAPT,-1,20,3,25.6517,0.6412925,800,407.26081500314206,ef2642c75a3f0d2ba9ad1cd2636aa2b92ff1122a9db901edc8efd639a42c70c3
729,MEASURED,FULL_POLICY_PATH,M11_REFERENCE,530101,20,4,173.4501,4.3362525,800,107.49725294030088,a3d86880da36c46da8dc4226de2d15a21bafcbb3d3de6234525944bb5aa264e7
730,MEASURED,FULL_POLICY_PATH,M11_REFERENCE,530101,15,2,173.4141,4.3353525,600,97.01479891499869,7e6d95d769c7d9687624018c1d858390f954fe241d6b8975ccdd997e695297b3
731,MEASURED,FULL_POLICY_PATH,M11_OPTIMIZED,530101,20,2,129.3601,3.2340025,800,109.65310171004846,7fa0870805ff4cf7f09e6127254261b25246cc80f569411aae3dc5104d2933cc
732,MEASURED,FULL_POLICY_PATH,M11_REFERENCE,530101,15,4,166.767,4.169175,600,93.15287583446096,f4a94ff0a77b6bd17929b939cf25ec2bc7ef76ebdf3f58bce2d75db46d2d99f4
733,MEASURED,FULL_POLICY_PATH,M11_OPTIMIZED,530101,10,2,120.9843,3.0246075,400,71.15188249646685,9b25952942cfac66d6dd841368d70f12dd91486c3cf6a523c8fcc245cc3f86b3
734,MEASURED,FULL_POLICY_PATH,M11_REFERENCE,530101,15,3,183.519,4.587975,600,130.3358717953731,189881a5e1bfcc51a0b294aead80a5689fa4ff9cc9441444624324248e655954
735,MEASURED,FULL_POLICY_PATH,M11_REFERENCE,530101,20,4,173.075,4.326874999999999,800,107.49725294030088,a3d86880da36c46da8dc4226de2d15a21bafcbb3d3de6234525944bb5aa264e7
736,MEASURED,FULL_POLICY_PATH,S_CLASS_ADAPT,-1,10,1,21.0809,0.5270225,400,172.9455011671386,de9b8748444630c399dc8411a9116aafed312522708a050ee5412237cb83d72c
737,MEASURED,FULL_POLICY_PATH,S_ADAPT_OPTIMIZED,-1,15,0,1.3467,0.0336675,600,371.3841568529606,b3004c94c0a1acc4bea41b0fbb2b1d0eba865c9be972d407e019303ca1057a20
738,MEASURED,FULL_POLICY_PATH,S_CLASS_ADAPT,-1,15,4,24.3233,0.6080825,600,276.3170752508822,27aabfe6a729af2812a5ada63c37b64305e0046a8692b0324f79ecf9123ba647
739,MEASURED,FULL_POLICY_PATH,M11_OPTIMIZED,530101,20,1,128.6217,3.2155425,800,94.47869624869647,10a79b6eb4692460620841197d21cd855c4439e299eaf5266b74fedcd9385dea
740,MEASURED,FULL_POLICY_PATH,M11_REFERENCE,530101,10,3,174.6386,4.365965,400,97.29233640543227,e2ac0f2f414f8e7b0771e1cf681e9fa7f847877736a984a87d7eae625858a2be
741,MEASURED,FULL_POLICY_PATH,S_ADAPT_REFERENCE,-1,20,0,25.1414,0.6285350000000001,800,441.55207175016403,3a221c89dcb7b438299f2f48d0eef0494bea948ec6de9698110e215c3af14aea
742,MEASURED,FULL_POLICY_PATH,S_CLASS_ADAPT,-1,10,2,21.1699,0.5292475,400,158.87707205513013,2cecbd4eddc2f92081e0d41c827e020064b38782aca772a35ab7bc8d39308dd2
743,MEASURED,FULL_POLICY_PATH,S_CLASS_ADAPT,-1,20,4,26.4094,0.660235,800,370.2893833845736,401c16a4253fa5039c53739f05775277b6b1ab5d2f80670918dab115270a0bfb
744,MEASURED,FULL_POLICY_PATH,S_ADAPT_REFERENCE,-1,15,2,25.0509,0.6262725,600,363.60913959145546,f3eef135fbf7cda7d4259deff31d97d81321154c3d403ba8eae0e13e337b36ae
745,MEASURED,FULL_POLICY_PATH,S_CLASS_ADAPT,-1,20,1,26.0996,0.65249,800,372.6084638228953,ee5652b9bec073594429470f15cf4f82f34e780685ff432ebf65ba8cd017f113
746,MEASURED,FULL_POLICY_PATH,S_CLASS_ADAPT,-1,10,1,21.167,0.5291750000000001,400,172.9455011671386,de9b8748444630c399dc8411a9116aafed312522708a050ee5412237cb83d72c
747,MEASURED,FULL_POLICY_PATH,S_ADAPT_OPTIMIZED,-1,10,2,1.2957,0.032392500000000005,400,278.2561217844486,6b879b5ecb141762cd197fdffe85d1828a5f5bb545a8ba4e2aab31ea59c47870
748,MEASURED,FULL_POLICY_PATH,M11_REFERENCE,530101,15,3,169.7289,4.2432225,600,130.3358717953731,189881a5e1bfcc51a0b294aead80a5689fa4ff9cc9441444624324248e655954
749,MEASURED,FULL_POLICY_PATH,M11_OPTIMIZED,530101,20,2,126.6635,3.1665875,800,109.65310171004846,7fa0870805ff4cf7f09e6127254261b25246cc80f569411aae3dc5104d2933cc
750,MEASURED,FULL_POLICY_PATH,S_CLASS_ADAPT,-1,15,0,24.338,0.60845,600,287.2710690196597,1e17d685e93d5731209afa2a3f0212382131e563c0eec0b2bed7e29827a66aa8
751,MEASURED,FULL_POLICY_PATH,S_ADAPT_REFERENCE,-1,20,4,25.3388,0.63347,800,428.6769134104252,a4557f4ce7bfe56aa5dcd63a55abb879b843c5e934e2dfc46b1bb08a31d616cb
752,MEASURED,FULL_POLICY_PATH,S_CLASS_ADAPT,-1,10,1,21.129,0.5282250000000001,400,172.9455011671386,de9b8748444630c399dc8411a9116aafed312522708a050ee5412237cb83d72c
753,MEASURED,FULL_POLICY_PATH,S_ADAPT_OPTIMIZED,-1,15,1,1.2013,0.0300325,600,353.76666152477264,106a9662fdc268276fd832a53813a5d41c26843d15913d386057929c37645238
754,MEASURED,FULL_POLICY_PATH,S_ADAPT_OPTIMIZED,-1,20,3,0.802,0.020050000000000002,800,457.9206243157387,21e3005e62f6d231cb3cc40fdf9074ca833f899ce9df57bbef5710e5840e09f9
755,MEASURED,FULL_POLICY_PATH,S_CLASS_ADAPT,-1,10,3,20.8621,0.5215525000000001,400,186.50780508403346,a3c2f307a616d43b5a02e213bccebf46176f954a667daa40f4000573be5ad998
756,MEASURED,FULL_POLICY_PATH,M11_REFERENCE,530101,10,4,166.0061,4.1501525,400,68.38854427300772,28b79183e97c33c01ad9eb08a621cfb39e8a80e95d38c09997c1d42fc0bd92aa
757,MEASURED,FULL_POLICY_PATH,M11_REFERENCE,530101,10,2,168.3996,4.2099899999999995,400,71.15188249646685,9b25952942cfac66d6dd841368d70f12dd91486c3cf6a523c8fcc245cc3f86b3
758,MEASURED,FULL_POLICY_PATH,M11_REFERENCE,530101,15,0,168.9628,4.224069999999999,600,97.20164785567786,5dfc6e9b928df4d0f08ff5efa0db383122234cf621cb1aff31d5dc76cea53281
759,MEASURED,FULL_POLICY_PATH,M11_OPTIMIZED,530101,15,0,128.6668,3.2166699999999997,600,97.20164785567786,5dfc6e9b928df4d0f08ff5efa0db383122234cf621cb1aff31d5dc76cea53281
760,MEASURED,FULL_POLICY_PATH,M11_REFERENCE,530101,10,0,159.8298,3.9957450000000003,400,72.99146302310172,e7c35db7138d5e4d01b4cc857cbad087b7738d5333c1cd3599fbeb0aa1d0e715
761,MEASURED,FULL_POLICY_PATH,S_CLASS_ADAPT,-1,20,2,25.9619,0.6490475,800,356.35799271053946,75557298d531d59da7316cd3f0499696bdd3ea24d88530138fcd48b3c57c7775
762,MEASURED,FULL_POLICY_PATH,S_ADAPT_REFERENCE,-1,20,1,25.4195,0.6354875,800,415.7503350973129,6d0cb0c4405dc90387b55d6457229758e4276ae0e27c754a78dcc25cc13f41c8
763,MEASURED,FULL_POLICY_PATH,M11_OPTIMIZED,530101,15,0,128.41,3.21025,600,97.20164785567786,5dfc6e9b928df4d0f08ff5efa0db383122234cf621cb1aff31d5dc76cea53281
764,MEASURED,FULL_POLICY_PATH,M11_REFERENCE,530101,20,1,171.9101,4.2977525,800,94.47869624869647,10a79b6eb4692460620841197d21cd855c4439e299eaf5266b74fedcd9385dea
765,MEASURED,FULL_POLICY_PATH,M11_REFERENCE,530101,10,1,164.4886,4.112215,400,62.94320651540613,1f16862fb35fea7c20a78a332c201ac0ebb4d60127abe43776c0618b1143b81b
766,MEASURED,FULL_POLICY_PATH,S_ADAPT_REFERENCE,-1,15,3,25.2164,0.63041,600,386.0996204018593,252c151f42ca3b8e280b1fc6e087a8dee2153f14747c336e7dcac0134425feea
767,MEASURED,FULL_POLICY_PATH,M11_REFERENCE,530101,20,3,175.2126,4.380315,800,146.51983876547857,67a588433daba80df4bc1c340bf736b7fd5266dbd6db36bc042c11d3251a6616
768,MEASURED,FULL_POLICY_PATH,S_CLASS_ADAPT,-1,20,0,25.8284,0.64571,800,383.886218862122,00f445c4e48aec771fd229970d380b5ed26cdc3c704c0b85eb0c822637dbe014
769,MEASURED,FULL_POLICY_PATH,S_ADAPT_REFERENCE,-1,20,2,25.5091,0.6377275,800,432.81260257959366,e79987f149cce4d4391ef92c6a97c1d767fd16cd492c031ea4af70e8451de98c
770,MEASURED,FULL_POLICY_PATH,M11_OPTIMIZED,530101,15,0,124.4099,3.1102475,600,97.20164785567786,5dfc6e9b928df4d0f08ff5efa0db383122234cf621cb1aff31d5dc76cea53281
771,MEASURED,FULL_POLICY_PATH,S_CLASS_ADAPT,-1,20,4,25.8784,0.64696,800,370.2893833845736,401c16a4253fa5039c53739f05775277b6b1ab5d2f80670918dab115270a0bfb
772,MEASURED,FULL_POLICY_PATH,M11_REFERENCE,530101,20,0,176.4116,4.41029,800,111.63427928148889,572f3263127b4169ac34f08b36891d7413aed8677c721a37c36d255a3899a9b3
773,MEASURED,FULL_POLICY_PATH,S_CLASS_ADAPT,-1,15,1,24.2504,0.60626,600,283.0532095499601,7d1af8308f5c93aa06561ffe5a6e4e8171d280157e80fb539c53617d64a713d3
774,MEASURED,FULL_POLICY_PATH,M11_REFERENCE,530101,20,4,169.6343,4.2408575,800,107.49725294030088,a3d86880da36c46da8dc4226de2d15a21bafcbb3d3de6234525944bb5aa264e7
775,MEASURED,FULL_POLICY_PATH,S_CLASS_ADAPT,-1,15,3,24.2494,0.6062350000000001,600,306.37812478227386,fe0517635c660eb8694ad59cfd9c0a564d36a8db6435d901027ff5af7c99af1a
776,MEASURED,FULL_POLICY_PATH,S_ADAPT_REFERENCE,-1,15,4,25.8668,0.6466700000000001,600,357.80318182706833,5938eba45c73290974057dd22f17b06e25d6b2d6c0e2628f2227edfdebb7b23b
777,MEASURED,FULL_POLICY_PATH,S_CLASS_ADAPT,-1,15,4,25.0707,0.6267674999999999,600,276.3170752508822,27aabfe6a729af2812a5ada63c37b64305e0046a8692b0324f79ecf9123ba647
778,MEASURED,FULL_POLICY_PATH,M11_OPTIMIZED,530101,15,2,327.1599,8.1789975,600,97.01479891499869,7e6d95d769c7d9687624018c1d858390f954fe241d6b8975ccdd997e695297b3
779,MEASURED,FULL_POLICY_PATH,S_CLASS_ADAPT,-1,10,4,22.0508,0.5512699999999999,400,163.21071502449217,7b4a15a5d6e277fa7d3b8e934445946a80f77d14bcbbef5b2fc2dad80699cb74
780,MEASURED,FULL_POLICY_PATH,M11_REFERENCE,530101,20,2,170.1117,4.2527925,800,109.65310171004846,7fa0870805ff4cf7f09e6127254261b25246cc80f569411aae3dc5104d2933cc
781,MEASURED,FULL_POLICY_PATH,S_ADAPT_REFERENCE,-1,10,2,26.486,0.66215,400,278.2561217844486,6b879b5ecb141762cd197fdffe85d1828a5f5bb545a8ba4e2aab31ea59c47870
782,MEASURED,FULL_POLICY_PATH,S_ADAPT_REFERENCE,-1,20,3,25.7177,0.6429425,800,457.9206243157387,21e3005e62f6d231cb3cc40fdf9074ca833f899ce9df57bbef5710e5840e09f9
783,MEASURED,FULL_POLICY_PATH,S_ADAPT_OPTIMIZED,-1,15,4,0.9006,0.022515,600,357.80318182706833,5938eba45c73290974057dd22f17b06e25d6b2d6c0e2628f2227edfdebb7b23b
784,MEASURED,FULL_POLICY_PATH,M11_REFERENCE,530101,15,1,206.8708,5.17177,600,83.67778409735129,ef43848fe57bfab6314f95d3543e966a8b08c097b3706610f18e7b16785f617f
785,MEASURED,FULL_POLICY_PATH,S_CLASS_ADAPT,-1,20,0,26.065,0.651625,800,383.886218862122,00f445c4e48aec771fd229970d380b5ed26cdc3c704c0b85eb0c822637dbe014
786,MEASURED,FULL_POLICY_PATH,M11_OPTIMIZED,530101,20,2,130.0391,3.2509775,800,109.65310171004846,7fa0870805ff4cf7f09e6127254261b25246cc80f569411aae3dc5104d2933cc
787,MEASURED,FULL_POLICY_PATH,M11_REFERENCE,530101,20,0,166.8577,4.1714424999999995,800,111.63427928148889,572f3263127b4169ac34f08b36891d7413aed8677c721a37c36d255a3899a9b3
788,MEASURED,FULL_POLICY_PATH,S_ADAPT_OPTIMIZED,-1,20,4,1.5098,0.037745,800,428.6769134104252,a4557f4ce7bfe56aa5dcd63a55abb879b843c5e934e2dfc46b1bb08a31d616cb
789,MEASURED,FULL_POLICY_PATH,M11_REFERENCE,530101,10,3,164.1801,4.104502500000001,400,97.29233640543227,e2ac0f2f414f8e7b0771e1cf681e9fa7f847877736a984a87d7eae625858a2be
790,MEASURED,FULL_POLICY_PATH,M11_OPTIMIZED,530101,20,4,132.8892,3.32223,800,107.49725294030088,a3d86880da36c46da8dc4226de2d15a21bafcbb3d3de6234525944bb5aa264e7
791,MEASURED,FULL_POLICY_PATH,S_ADAPT_OPTIMIZED,-1,20,3,1.417,0.035425,800,457.9206243157387,21e3005e62f6d231cb3cc40fdf9074ca833f899ce9df57bbef5710e5840e09f9
792,MEASURED,FULL_POLICY_PATH,M11_OPTIMIZED,530101,15,4,128.3779,3.2094475000000005,600,93.15287583446096,f4a94ff0a77b6bd17929b939cf25ec2bc7ef76ebdf3f58bce2d75db46d2d99f4
793,MEASURED,FULL_POLICY_PATH,M11_REFERENCE,530101,20,2,165.874,4.14685,800,109.65310171004846,7fa0870805ff4cf7f09e6127254261b25246cc80f569411aae3dc5104d2933cc
794,MEASURED,FULL_POLICY_PATH,S_ADAPT_REFERENCE,-1,15,4,25.2362,0.630905,600,357.80318182706833,5938eba45c73290974057dd22f17b06e25d6b2d6c0e2628f2227edfdebb7b23b
795,MEASURED,FULL_POLICY_PATH,S_ADAPT_OPTIMIZED,-1,15,0,1.0194,0.025485,600,371.3841568529606,b3004c94c0a1acc4bea41b0fbb2b1d0eba865c9be972d407e019303ca1057a20
796,MEASURED,FULL_POLICY_PATH,M11_OPTIMIZED,530101,10,1,127.7932,3.19483,400,62.94320651540613,1f16862fb35fea7c20a78a332c201ac0ebb4d60127abe43776c0618b1143b81b
797,MEASURED,FULL_POLICY_PATH,S_ADAPT_REFERENCE,-1,20,3,25.0945,0.6273625,800,457.9206243157387,21e3005e62f6d231cb3cc40fdf9074ca833f899ce9df57bbef5710e5840e09f9
798,MEASURED,FULL_POLICY_PATH,S_ADAPT_REFERENCE,-1,20,3,24.7453,0.6186325,800,457.9206243157387,21e3005e62f6d231cb3cc40fdf9074ca833f899ce9df57bbef5710e5840e09f9
799,MEASURED,FULL_POLICY_PATH,S_CLASS_ADAPT,-1,15,2,24.5096,0.61274,600,268.11715816665776,96a8c33feb580d08b8f4ca5f1fe6b48845c46aeb9ac0b3b8044b6d72a5883fa6
800,MEASURED,FULL_POLICY_PATH,M11_OPTIMIZED,530101,10,4,123.4635,3.0865875,400,68.38854427300772,28b79183e97c33c01ad9eb08a621cfb39e8a80e95d38c09997c1d42fc0bd92aa
801,MEASURED,FULL_POLICY_PATH,S_CLASS_ADAPT,-1,10,1,21.149,0.528725,400,172.9455011671386,de9b8748444630c399dc8411a9116aafed312522708a050ee5412237cb83d72c
802,MEASURED,FULL_POLICY_PATH,M11_OPTIMIZED,530101,10,0,125.0866,3.127165,400,72.99146302310172,e7c35db7138d5e4d01b4cc857cbad087b7738d5333c1cd3599fbeb0aa1d0e715
803,MEASURED,FULL_POLICY_PATH,S_ADAPT_REFERENCE,-1,20,2,25.1967,0.6299175,800,432.81260257959366,e79987f149cce4d4391ef92c6a97c1d767fd16cd492c031ea4af70e8451de98c
804,MEASURED,FULL_POLICY_PATH,S_ADAPT_REFERENCE,-1,15,1,24.3656,0.60914,600,353.76666152477264,106a9662fdc268276fd832a53813a5d41c26843d15913d386057929c37645238
805,MEASURED,FULL_POLICY_PATH,S_ADAPT_OPTIMIZED,-1,10,2,0.7857,0.0196425,400,278.2561217844486,6b879b5ecb141762cd197fdffe85d1828a5f5bb545a8ba4e2aab31ea59c47870
806,MEASURED,FULL_POLICY_PATH,S_ADAPT_REFERENCE,-1,20,1,24.1505,0.6037625,800,415.7503350973129,6d0cb0c4405dc90387b55d6457229758e4276ae0e27c754a78dcc25cc13f41c8
807,MEASURED,FULL_POLICY_PATH,M11_OPTIMIZED,530101,10,2,124.7387,3.1184675,400,71.15188249646685,9b25952942cfac66d6dd841368d70f12dd91486c3cf6a523c8fcc245cc3f86b3
808,MEASURED,FULL_POLICY_PATH,S_CLASS_ADAPT,-1,10,2,21.324,0.5331,400,158.87707205513013,2cecbd4eddc2f92081e0d41c827e020064b38782aca772a35ab7bc8d39308dd2
809,MEASURED,FULL_POLICY_PATH,M11_OPTIMIZED,530101,10,0,121.438,3.03595,400,72.99146302310172,e7c35db7138d5e4d01b4cc857cbad087b7738d5333c1cd3599fbeb0aa1d0e715
810,MEASURED,FULL_POLICY_PATH,S_CLASS_ADAPT,-1,20,2,25.5706,0.639265,800,356.35799271053946,75557298d531d59da7316cd3f0499696bdd3ea24d88530138fcd48b3c57c7775
811,MEASURED,FULL_POLICY_PATH,M11_REFERENCE,530101,15,4,168.3047,4.2076175,600,93.15287583446096,f4a94ff0a77b6bd17929b939cf25ec2bc7ef76ebdf3f58bce2d75db46d2d99f4
812,MEASURED,FULL_POLICY_PATH,M11_REFERENCE,530101,10,4,161.8164,4.0454099999999995,400,68.38854427300772,28b79183e97c33c01ad9eb08a621cfb39e8a80e95d38c09997c1d42fc0bd92aa
813,MEASURED,FULL_POLICY_PATH,S_ADAPT_REFERENCE,-1,10,0,24.436,0.6109,400,284.22937551140785,53942cbb9a8a5a64b0db98a82f4fce558f482e6886ecc097434e9fba646b0a60
814,MEASURED,FULL_POLICY_PATH,S_CLASS_ADAPT,-1,15,1,24.2344,0.6058600000000001,600,283.0532095499601,7d1af8308f5c93aa06561ffe5a6e4e8171d280157e80fb539c53617d64a713d3
815,MEASURED,FULL_POLICY_PATH,S_ADAPT_REFERENCE,-1,10,4,25.6107,0.6402675,400,271.37676933407784,88737f813284457f30f2c69d44f68791f7370e2c49c928c86777821b577f4051
816,MEASURED,FULL_POLICY_PATH,M11_OPTIMIZED,530101,10,4,125.0777,3.1269424999999997,400,68.38854427300772,28b79183e97c33c01ad9eb08a621cfb39e8a80e95d38c09997c1d42fc0bd92aa
817,MEASURED,FULL_POLICY_PATH,M11_OPTIMIZED,530101,20,0,126.2792,3.15698,800,111.63427928148889,572f3263127b4169ac34f08b36891d7413aed8677c721a37c36d255a3899a9b3
818,MEASURED,FULL_POLICY_PATH,M11_OPTIMIZED,530101,15,0,125.3162,3.132905,600,97.20164785567786,5dfc6e9b928df4d0f08ff5efa0db383122234cf621cb1aff31d5dc76cea53281
819,MEASURED,FULL_POLICY_PATH,M11_OPTIMIZED,530101,10,1,120.9467,3.0236675,400,62.94320651540613,1f16862fb35fea7c20a78a332c201ac0ebb4d60127abe43776c0618b1143b81b
820,MEASURED,FULL_POLICY_PATH,S_ADAPT_REFERENCE,-1,20,4,25.0164,0.62541,800,428.6769134104252,a4557f4ce7bfe56aa5dcd63a55abb879b843c5e934e2dfc46b1bb08a31d616cb
821,MEASURED,FULL_POLICY_PATH,S_ADAPT_OPTIMIZED,-1,20,3,0.9983,0.0249575,800,457.9206243157387,21e3005e62f6d231cb3cc40fdf9074ca833f899ce9df57bbef5710e5840e09f9
822,MEASURED,FULL_POLICY_PATH,S_CLASS_ADAPT,-1,15,2,24.8217,0.6205425,600,268.11715816665776,96a8c33feb580d08b8f4ca5f1fe6b48845c46aeb9ac0b3b8044b6d72a5883fa6
823,MEASURED,FULL_POLICY_PATH,M11_OPTIMIZED,530101,20,1,128.4578,3.211445,800,94.47869624869647,10a79b6eb4692460620841197d21cd855c4439e299eaf5266b74fedcd9385dea
824,MEASURED,FULL_POLICY_PATH,M11_REFERENCE,530101,15,1,162.7426,4.068565,600,83.67778409735129,ef43848fe57bfab6314f95d3543e966a8b08c097b3706610f18e7b16785f617f
825,MEASURED,FULL_POLICY_PATH,M11_OPTIMIZED,530101,10,4,121.5476,3.03869,400,68.38854427300772,28b79183e97c33c01ad9eb08a621cfb39e8a80e95d38c09997c1d42fc0bd92aa
826,MEASURED,FULL_POLICY_PATH,M11_REFERENCE,530101,15,2,167.8716,4.19679,600,97.01479891499869,7e6d95d769c7d9687624018c1d858390f954fe241d6b8975ccdd997e695297b3
827,MEASURED,FULL_POLICY_PATH,S_ADAPT_OPTIMIZED,-1,15,4,1.4337,0.0358425,600,357.80318182706833,5938eba45c73290974057dd22f17b06e25d6b2d6c0e2628f2227edfdebb7b23b
828,MEASURED,FULL_POLICY_PATH,M11_OPTIMIZED,530101,10,2,127.6126,3.190315,400,71.15188249646685,9b25952942cfac66d6dd841368d70f12dd91486c3cf6a523c8fcc245cc3f86b3
829,MEASURED,FULL_POLICY_PATH,S_ADAPT_REFERENCE,-1,20,3,25.5722,0.639305,800,457.9206243157387,21e3005e62f6d231cb3cc40fdf9074ca833f899ce9df57bbef5710e5840e09f9
830,MEASURED,FULL_POLICY_PATH,M11_REFERENCE,530101,15,0,164.4486,4.111215,600,97.20164785567786,5dfc6e9b928df4d0f08ff5efa0db383122234cf621cb1aff31d5dc76cea53281
831,MEASURED,FULL_POLICY_PATH,M11_OPTIMIZED,530101,20,3,132.3209,3.3080225,800,146.51983876547857,67a588433daba80df4bc1c340bf736b7fd5266dbd6db36bc042c11d3251a6616
832,MEASURED,FULL_POLICY_PATH,M11_REFERENCE,530101,15,2,163.6266,4.0906649999999996,600,97.01479891499869,7e6d95d769c7d9687624018c1d858390f954fe241d6b8975ccdd997e695297b3
833,MEASURED,FULL_POLICY_PATH,S_CLASS_ADAPT,-1,10,3,21.45,0.53625,400,186.50780508403346,a3c2f307a616d43b5a02e213bccebf46176f954a667daa40f4000573be5ad998
834,MEASURED,FULL_POLICY_PATH,S_CLASS_ADAPT,-1,15,3,24.2319,0.6057975,600,306.37812478227386,fe0517635c660eb8694ad59cfd9c0a564d36a8db6435d901027ff5af7c99af1a
835,MEASURED,FULL_POLICY_PATH,S_CLASS_ADAPT,-1,20,1,25.6024,0.64006,800,372.6084638228953,ee5652b9bec073594429470f15cf4f82f34e780685ff432ebf65ba8cd017f113
836,MEASURED,FULL_POLICY_PATH,S_ADAPT_OPTIMIZED,-1,20,2,1.4952,0.037380000000000004,800,432.81260257959366,e79987f149cce4d4391ef92c6a97c1d767fd16cd492c031ea4af70e8451de98c
837,MEASURED,FULL_POLICY_PATH,S_ADAPT_OPTIMIZED,-1,10,0,0.9125,0.0228125,400,284.22937551140785,53942cbb9a8a5a64b0db98a82f4fce558f482e6886ecc097434e9fba646b0a60
838,MEASURED,FULL_POLICY_PATH,S_ADAPT_REFERENCE,-1,10,1,24.849,0.621225,400,275.9327971637249,1ce6b8ff41cb97b662aedc7ad8bedd7c817837cf26b99fc81f6d1ec0c5c1c3ce
839,MEASURED,FULL_POLICY_PATH,S_ADAPT_REFERENCE,-1,15,3,24.4279,0.6106975,600,386.0996204018593,252c151f42ca3b8e280b1fc6e087a8dee2153f14747c336e7dcac0134425feea
840,MEASURED,FULL_POLICY_PATH,M11_REFERENCE,530101,20,0,165.2309,4.1307725,800,111.63427928148889,572f3263127b4169ac34f08b36891d7413aed8677c721a37c36d255a3899a9b3
841,MEASURED,FULL_POLICY_PATH,M11_REFERENCE,530101,15,0,172.1902,4.304755,600,97.20164785567786,5dfc6e9b928df4d0f08ff5efa0db383122234cf621cb1aff31d5dc76cea53281
842,MEASURED,FULL_POLICY_PATH,S_ADAPT_OPTIMIZED,-1,15,1,1.3724,0.03431,600,353.76666152477264,106a9662fdc268276fd832a53813a5d41c26843d15913d386057929c37645238
843,MEASURED,FULL_POLICY_PATH,M11_REFERENCE,530101,15,4,166.9135,4.1728375,600,93.15287583446096,f4a94ff0a77b6bd17929b939cf25ec2bc7ef76ebdf3f58bce2d75db46d2d99f4
844,MEASURED,FULL_POLICY_PATH,S_ADAPT_OPTIMIZED,-1,20,0,1.3924,0.03481,800,441.55207175016403,3a221c89dcb7b438299f2f48d0eef0494bea948ec6de9698110e215c3af14aea
845,MEASURED,FULL_POLICY_PATH,M11_REFERENCE,530101,15,0,168.6466,4.216165,600,97.20164785567786,5dfc6e9b928df4d0f08ff5efa0db383122234cf621cb1aff31d5dc76cea53281
846,MEASURED,FULL_POLICY_PATH,S_CLASS_ADAPT,-1,10,3,20.9538,0.523845,400,186.50780508403346,a3c2f307a616d43b5a02e213bccebf46176f954a667daa40f4000573be5ad998
847,MEASURED,FULL_POLICY_PATH,S_ADAPT_OPTIMIZED,-1,15,2,1.3847,0.0346175,600,363.60913959145546,f3eef135fbf7cda7d4259deff31d97d81321154c3d403ba8eae0e13e337b36ae
848,MEASURED,FULL_POLICY_PATH,M11_OPTIMIZED,530101,10,1,125.3556,3.13389,400,62.94320651540613,1f16862fb35fea7c20a78a332c201ac0ebb4d60127abe43776c0618b1143b81b
849,MEASURED,FULL_POLICY_PATH,S_CLASS_ADAPT,-1,10,0,21.3292,0.53323,400,169.56029704522783,2325eb40fea98334e6d85b23187f1269216705645b7ef82782c7a2b307ca1e3d
850,MEASURED,FULL_POLICY_PATH,S_ADAPT_REFERENCE,-1,15,2,26.1242,0.6531049999999999,600,363.60913959145546,f3eef135fbf7cda7d4259deff31d97d81321154c3d403ba8eae0e13e337b36ae
851,MEASURED,FULL_POLICY_PATH,M11_REFERENCE,530101,10,4,166.3554,4.158885,400,68.38854427300772,28b79183e97c33c01ad9eb08a621cfb39e8a80e95d38c09997c1d42fc0bd92aa
852,MEASURED,FULL_POLICY_PATH,M11_REFERENCE,530101,20,0,163.7559,4.0938975,800,111.63427928148889,572f3263127b4169ac34f08b36891d7413aed8677c721a37c36d255a3899a9b3
853,MEASURED,FULL_POLICY_PATH,M11_REFERENCE,530101,15,4,171.6359,4.2908975,600,93.15287583446096,f4a94ff0a77b6bd17929b939cf25ec2bc7ef76ebdf3f58bce2d75db46d2d99f4
854,MEASURED,FULL_POLICY_PATH,M11_REFERENCE,530101,20,0,173.2749,4.3318725,800,111.63427928148889,572f3263127b4169ac34f08b36891d7413aed8677c721a37c36d255a3899a9b3
855,MEASURED,FULL_POLICY_PATH,M11_REFERENCE,530101,15,4,169.0029,4.2250725000000005,600,93.15287583446096,f4a94ff0a77b6bd17929b939cf25ec2bc7ef76ebdf3f58bce2d75db46d2d99f4
856,MEASURED,FULL_POLICY_PATH,M11_OPTIMIZED,530101,10,1,123.4684,3.08671,400,62.94320651540613,1f16862fb35fea7c20a78a332c201ac0ebb4d60127abe43776c0618b1143b81b
857,MEASURED,FULL_POLICY_PATH,S_CLASS_ADAPT,-1,10,0,20.9834,0.524585,400,169.56029704522783,2325eb40fea98334e6d85b23187f1269216705645b7ef82782c7a2b307ca1e3d
858,MEASURED,FULL_POLICY_PATH,M11_OPTIMIZED,530101,15,2,128.0296,3.2007399999999997,600,97.01479891499869,7e6d95d769c7d9687624018c1d858390f954fe241d6b8975ccdd997e695297b3
859,MEASURED,FULL_POLICY_PATH,S_ADAPT_OPTIMIZED,-1,10,1,1.4248,0.03562,400,275.9327971637249,1ce6b8ff41cb97b662aedc7ad8bedd7c817837cf26b99fc81f6d1ec0c5c1c3ce
860,MEASURED,FULL_POLICY_PATH,S_ADAPT_REFERENCE,-1,15,4,24.487,0.6121749999999999,600,357.80318182706833,5938eba45c73290974057dd22f17b06e25d6b2d6c0e2628f2227edfdebb7b23b
861,MEASURED,FULL_POLICY_PATH,S_ADAPT_OPTIMIZED,-1,15,2,0.8978,0.022445,600,363.60913959145546,f3eef135fbf7cda7d4259deff31d97d81321154c3d403ba8eae0e13e337b36ae
862,MEASURED,FULL_POLICY_PATH,M11_OPTIMIZED,530101,15,1,123.6693,3.0917325,600,83.67778409735129,ef43848fe57bfab6314f95d3543e966a8b08c097b3706610f18e7b16785f617f
863,MEASURED,FULL_POLICY_PATH,S_CLASS_ADAPT,-1,15,3,25.0318,0.625795,600,306.37812478227386,fe0517635c660eb8694ad59cfd9c0a564d36a8db6435d901027ff5af7c99af1a
864,MEASURED,FULL_POLICY_PATH,S_ADAPT_REFERENCE,-1,15,0,26.376,0.6594,600,371.3841568529606,b3004c94c0a1acc4bea41b0fbb2b1d0eba865c9be972d407e019303ca1057a20
865,MEASURED,FULL_POLICY_PATH,S_ADAPT_OPTIMIZED,-1,10,4,0.8223,0.0205575,400,271.37676933407784,88737f813284457f30f2c69d44f68791f7370e2c49c928c86777821b577f4051
866,MEASURED,FULL_POLICY_PATH,S_CLASS_ADAPT,-1,10,3,21.2482,0.531205,400,186.50780508403346,a3c2f307a616d43b5a02e213bccebf46176f954a667daa40f4000573be5ad998
867,MEASURED,FULL_POLICY_PATH,S_ADAPT_REFERENCE,-1,10,0,24.5797,0.6144925,400,284.22937551140785,53942cbb9a8a5a64b0db98a82f4fce558f482e6886ecc097434e9fba646b0a60
868,MEASURED,FULL_POLICY_PATH,S_ADAPT_REFERENCE,-1,10,2,24.0386,0.600965,400,278.2561217844486,6b879b5ecb141762cd197fdffe85d1828a5f5bb545a8ba4e2aab31ea59c47870
869,MEASURED,FULL_POLICY_PATH,M11_REFERENCE,530101,15,4,174.0841,4.3521025,600,93.15287583446096,f4a94ff0a77b6bd17929b939cf25ec2bc7ef76ebdf3f58bce2d75db46d2d99f4
870,MEASURED,FULL_POLICY_PATH,M11_REFERENCE,530101,15,3,173.468,4.3366999999999996,600,130.3358717953731,189881a5e1bfcc51a0b294aead80a5689fa4ff9cc9441444624324248e655954
871,MEASURED,FULL_POLICY_PATH,S_ADAPT_OPTIMIZED,-1,10,1,1.3756,0.03439,400,275.9327971637249,1ce6b8ff41cb97b662aedc7ad8bedd7c817837cf26b99fc81f6d1ec0c5c1c3ce
872,MEASURED,FULL_POLICY_PATH,M11_REFERENCE,530101,20,3,169.0129,4.2253225,800,146.51983876547857,67a588433daba80df4bc1c340bf736b7fd5266dbd6db36bc042c11d3251a6616
873,MEASURED,FULL_POLICY_PATH,M11_REFERENCE,530101,10,3,171.4902,4.287255,400,97.29233640543227,e2ac0f2f414f8e7b0771e1cf681e9fa7f847877736a984a87d7eae625858a2be
874,MEASURED,FULL_POLICY_PATH,S_ADAPT_REFERENCE,-1,20,4,24.8505,0.6212625,800,428.6769134104252,a4557f4ce7bfe56aa5dcd63a55abb879b843c5e934e2dfc46b1bb08a31d616cb
875,MEASURED,FULL_POLICY_PATH,S_ADAPT_REFERENCE,-1,10,4,24.2679,0.6066975,400,271.37676933407784,88737f813284457f30f2c69d44f68791f7370e2c49c928c86777821b577f4051
876,MEASURED,FULL_POLICY_PATH,M11_REFERENCE,530101,15,3,178.7204,4.4680100000000005,600,130.3358717953731,189881a5e1bfcc51a0b294aead80a5689fa4ff9cc9441444624324248e655954
877,MEASURED,FULL_POLICY_PATH,S_ADAPT_OPTIMIZED,-1,15,1,1.38,0.034499999999999996,600,353.76666152477264,106a9662fdc268276fd832a53813a5d41c26843d15913d386057929c37645238
878,MEASURED,FULL_POLICY_PATH,S_ADAPT_OPTIMIZED,-1,15,4,0.7852,0.01963,600,357.80318182706833,5938eba45c73290974057dd22f17b06e25d6b2d6c0e2628f2227edfdebb7b23b
879,MEASURED,FULL_POLICY_PATH,M11_REFERENCE,530101,10,3,158.3665,3.9591625,400,97.29233640543227,e2ac0f2f414f8e7b0771e1cf681e9fa7f847877736a984a87d7eae625858a2be
880,MEASURED,FULL_POLICY_PATH,M11_REFERENCE,530101,10,1,170.6669,4.2666725,400,62.94320651540613,1f16862fb35fea7c20a78a332c201ac0ebb4d60127abe43776c0618b1143b81b
881,MEASURED,FULL_POLICY_PATH,M11_REFERENCE,530101,10,0,170.723,4.2680750000000005,400,72.99146302310172,e7c35db7138d5e4d01b4cc857cbad087b7738d5333c1cd3599fbeb0aa1d0e715
882,MEASURED,FULL_POLICY_PATH,S_ADAPT_OPTIMIZED,-1,15,3,1.3475,0.033687499999999995,600,386.0996204018593,252c151f42ca3b8e280b1fc6e087a8dee2153f14747c336e7dcac0134425feea
883,MEASURED,FULL_POLICY_PATH,S_ADAPT_REFERENCE,-1,20,0,24.7993,0.6199825,800,441.55207175016403,3a221c89dcb7b438299f2f48d0eef0494bea948ec6de9698110e215c3af14aea
884,MEASURED,FULL_POLICY_PATH,M11_OPTIMIZED,530101,20,0,129.8733,3.2468325,800,111.63427928148889,572f3263127b4169ac34f08b36891d7413aed8677c721a37c36d255a3899a9b3
885,MEASURED,FULL_POLICY_PATH,M11_OPTIMIZED,530101,10,4,125.7469,3.1436725,400,68.38854427300772,28b79183e97c33c01ad9eb08a621cfb39e8a80e95d38c09997c1d42fc0bd92aa
886,MEASURED,FULL_POLICY_PATH,S_CLASS_ADAPT,-1,10,1,21.1681,0.5292025,400,172.9455011671386,de9b8748444630c399dc8411a9116aafed312522708a050ee5412237cb83d72c
887,MEASURED,FULL_POLICY_PATH,S_CLASS_ADAPT,-1,15,1,24.3795,0.6094875,600,283.0532095499601,7d1af8308f5c93aa06561ffe5a6e4e8171d280157e80fb539c53617d64a713d3
888,MEASURED,FULL_POLICY_PATH,S_CLASS_ADAPT,-1,10,0,21.7813,0.5445325000000001,400,169.56029704522783,2325eb40fea98334e6d85b23187f1269216705645b7ef82782c7a2b307ca1e3d
889,MEASURED,FULL_POLICY_PATH,M11_REFERENCE,530101,10,3,171.128,4.2782,400,97.29233640543227,e2ac0f2f414f8e7b0771e1cf681e9fa7f847877736a984a87d7eae625858a2be
890,MEASURED,FULL_POLICY_PATH,S_ADAPT_OPTIMIZED,-1,20,4,1.3908,0.03477,800,428.6769134104252,a4557f4ce7bfe56aa5dcd63a55abb879b843c5e934e2dfc46b1bb08a31d616cb
891,MEASURED,FULL_POLICY_PATH,M11_OPTIMIZED,530101,15,3,128.2177,3.2054425,600,130.3358717953731,189881a5e1bfcc51a0b294aead80a5689fa4ff9cc9441444624324248e655954
892,MEASURED,FULL_POLICY_PATH,M11_REFERENCE,530101,20,3,180.1896,4.50474,800,146.51983876547857,67a588433daba80df4bc1c340bf736b7fd5266dbd6db36bc042c11d3251a6616
893,MEASURED,FULL_POLICY_PATH,S_ADAPT_OPTIMIZED,-1,15,4,1.3674,0.034185,600,357.80318182706833,5938eba45c73290974057dd22f17b06e25d6b2d6c0e2628f2227edfdebb7b23b
894,MEASURED,FULL_POLICY_PATH,M11_OPTIMIZED,530101,10,2,120.3298,3.008245,400,71.15188249646685,9b25952942cfac66d6dd841368d70f12dd91486c3cf6a523c8fcc245cc3f86b3
895,MEASURED,FULL_POLICY_PATH,S_CLASS_ADAPT,-1,10,1,21.3758,0.5343950000000001,400,172.9455011671386,de9b8748444630c399dc8411a9116aafed312522708a050ee5412237cb83d72c
896,MEASURED,FULL_POLICY_PATH,S_CLASS_ADAPT,-1,10,2,21.123,0.5280750000000001,400,158.87707205513013,2cecbd4eddc2f92081e0d41c827e020064b38782aca772a35ab7bc8d39308dd2
897,MEASURED,FULL_POLICY_PATH,S_ADAPT_REFERENCE,-1,20,0,25.22,0.6305,800,441.55207175016403,3a221c89dcb7b438299f2f48d0eef0494bea948ec6de9698110e215c3af14aea
898,MEASURED,FULL_POLICY_PATH,S_ADAPT_OPTIMIZED,-1,15,4,0.8382,0.020954999999999998,600,357.80318182706833,5938eba45c73290974057dd22f17b06e25d6b2d6c0e2628f2227edfdebb7b23b
899,MEASURED,FULL_POLICY_PATH,S_ADAPT_OPTIMIZED,-1,10,1,0.72,0.018,400,275.9327971637249,1ce6b8ff41cb97b662aedc7ad8bedd7c817837cf26b99fc81f6d1ec0c5c1c3ce
900,MEASURED,FULL_POLICY_PATH,S_CLASS_ADAPT,-1,10,3,21.5293,0.5382325,400,186.50780508403346,a3c2f307a616d43b5a02e213bccebf46176f954a667daa40f4000573be5ad998
901,MEASURED,FULL_POLICY_PATH,S_CLASS_ADAPT,-1,20,2,25.7752,0.6443800000000001,800,356.35799271053946,75557298d531d59da7316cd3f0499696bdd3ea24d88530138fcd48b3c57c7775
902,MEASURED,FULL_POLICY_PATH,S_ADAPT_OPTIMIZED,-1,20,4,1.3473,0.0336825,800,428.6769134104252,a4557f4ce7bfe56aa5dcd63a55abb879b843c5e934e2dfc46b1bb08a31d616cb
903,MEASURED,FULL_POLICY_PATH,S_CLASS_ADAPT,-1,10,2,20.7152,0.51788,400,158.87707205513013,2cecbd4eddc2f92081e0d41c827e020064b38782aca772a35ab7bc8d39308dd2
904,MEASURED,FULL_POLICY_PATH,M11_REFERENCE,530101,20,0,176.1925,4.4048125,800,111.63427928148889,572f3263127b4169ac34f08b36891d7413aed8677c721a37c36d255a3899a9b3
905,MEASURED,FULL_POLICY_PATH,S_CLASS_ADAPT,-1,10,0,21.2605,0.5315125,400,169.56029704522783,2325eb40fea98334e6d85b23187f1269216705645b7ef82782c7a2b307ca1e3d
906,MEASURED,FULL_POLICY_PATH,S_ADAPT_REFERENCE,-1,15,0,24.9341,0.6233525,600,371.3841568529606,b3004c94c0a1acc4bea41b0fbb2b1d0eba865c9be972d407e019303ca1057a20
907,MEASURED,FULL_POLICY_PATH,S_CLASS_ADAPT,-1,20,3,25.6391,0.6409775,800,407.26081500314206,ef2642c75a3f0d2ba9ad1cd2636aa2b92ff1122a9db901edc8efd639a42c70c3
908,MEASURED,FULL_POLICY_PATH,S_CLASS_ADAPT,-1,10,0,22.553,0.563825,400,169.56029704522783,2325eb40fea98334e6d85b23187f1269216705645b7ef82782c7a2b307ca1e3d
909,MEASURED,FULL_POLICY_PATH,S_CLASS_ADAPT,-1,20,4,25.8777,0.6469425,800,370.2893833845736,401c16a4253fa5039c53739f05775277b6b1ab5d2f80670918dab115270a0bfb
910,MEASURED,FULL_POLICY_PATH,M11_OPTIMIZED,530101,15,4,125.5044,3.13761,600,93.15287583446096,f4a94ff0a77b6bd17929b939cf25ec2bc7ef76ebdf3f58bce2d75db46d2d99f4
911,MEASURED,FULL_POLICY_PATH,S_ADAPT_REFERENCE,-1,15,1,24.8463,0.6211575,600,353.76666152477264,106a9662fdc268276fd832a53813a5d41c26843d15913d386057929c37645238
912,MEASURED,FULL_POLICY_PATH,S_CLASS_ADAPT,-1,20,0,27.7285,0.6932125,800,383.886218862122,00f445c4e48aec771fd229970d380b5ed26cdc3c704c0b85eb0c822637dbe014
913,MEASURED,FULL_POLICY_PATH,M11_REFERENCE,530101,15,0,180.9847,4.5246175,600,97.20164785567786,5dfc6e9b928df4d0f08ff5efa0db383122234cf621cb1aff31d5dc76cea53281
914,MEASURED,FULL_POLICY_PATH,S_CLASS_ADAPT,-1,15,2,24.4703,0.6117575000000001,600,268.11715816665776,96a8c33feb580d08b8f4ca5f1fe6b48845c46aeb9ac0b3b8044b6d72a5883fa6
915,MEASURED,FULL_POLICY_PATH,M11_REFERENCE,530101,20,0,181.6279,4.5406975,800,111.63427928148889,572f3263127b4169ac34f08b36891d7413aed8677c721a37c36d255a3899a9b3
916,MEASURED,FULL_POLICY_PATH,S_ADAPT_OPTIMIZED,-1,10,2,1.6582,0.041455,400,278.2561217844486,6b879b5ecb141762cd197fdffe85d1828a5f5bb545a8ba4e2aab31ea59c47870
917,MEASURED,FULL_POLICY_PATH,S_ADAPT_OPTIMIZED,-1,10,4,0.9316,0.023289999999999998,400,271.37676933407784,88737f813284457f30f2c69d44f68791f7370e2c49c928c86777821b577f4051
918,MEASURED,FULL_POLICY_PATH,M11_OPTIMIZED,530101,15,2,127.1697,3.1792425,600,97.01479891499869,7e6d95d769c7d9687624018c1d858390f954fe241d6b8975ccdd997e695297b3
919,MEASURED,FULL_POLICY_PATH,M11_REFERENCE,530101,20,2,170.0349,4.2508725,800,109.65310171004846,7fa0870805ff4cf7f09e6127254261b25246cc80f569411aae3dc5104d2933cc
920,MEASURED,FULL_POLICY_PATH,S_CLASS_ADAPT,-1,20,0,25.7283,0.6432075,800,383.886218862122,00f445c4e48aec771fd229970d380b5ed26cdc3c704c0b85eb0c822637dbe014
921,MEASURED,FULL_POLICY_PATH,M11_REFERENCE,530101,20,1,167.3408,4.18352,800,94.47869624869647,10a79b6eb4692460620841197d21cd855c4439e299eaf5266b74fedcd9385dea
922,MEASURED,FULL_POLICY_PATH,M11_OPTIMIZED,530101,15,4,125.1519,3.1287975,600,93.15287583446096,f4a94ff0a77b6bd17929b939cf25ec2bc7ef76ebdf3f58bce2d75db46d2d99f4
923,MEASURED,FULL_POLICY_PATH,M11_OPTIMIZED,530101,20,2,128.4862,3.212155,800,109.65310171004846,7fa0870805ff4cf7f09e6127254261b25246cc80f569411aae3dc5104d2933cc
924,MEASURED,FULL_POLICY_PATH,S_ADAPT_OPTIMIZED,-1,10,2,1.3541,0.0338525,400,278.2561217844486,6b879b5ecb141762cd197fdffe85d1828a5f5bb545a8ba4e2aab31ea59c47870
925,MEASURED,FULL_POLICY_PATH,S_CLASS_ADAPT,-1,15,3,24.8192,0.6204799999999999,600,306.37812478227386,fe0517635c660eb8694ad59cfd9c0a564d36a8db6435d901027ff5af7c99af1a
926,MEASURED,FULL_POLICY_PATH,M11_REFERENCE,530101,10,4,175.6821,4.3920525,400,68.38854427300772,28b79183e97c33c01ad9eb08a621cfb39e8a80e95d38c09997c1d42fc0bd92aa
927,MEASURED,FULL_POLICY_PATH,M11_REFERENCE,530101,10,4,175.6031,4.3900775,400,68.38854427300772,28b79183e97c33c01ad9eb08a621cfb39e8a80e95d38c09997c1d42fc0bd92aa
928,MEASURED,FULL_POLICY_PATH,S_ADAPT_OPTIMIZED,-1,10,0,1.3544,0.03386,400,284.22937551140785,53942cbb9a8a5a64b0db98a82f4fce558f482e6886ecc097434e9fba646b0a60
929,MEASURED,FULL_POLICY_PATH,S_ADAPT_REFERENCE,-1,15,3,24.1167,0.6029175,600,386.0996204018593,252c151f42ca3b8e280b1fc6e087a8dee2153f14747c336e7dcac0134425feea
930,MEASURED,FULL_POLICY_PATH,S_ADAPT_OPTIMIZED,-1,10,2,0.9395,0.0234875,400,278.2561217844486,6b879b5ecb141762cd197fdffe85d1828a5f5bb545a8ba4e2aab31ea59c47870
931,MEASURED,FULL_POLICY_PATH,S_ADAPT_OPTIMIZED,-1,15,3,0.7689,0.0192225,600,386.0996204018593,252c151f42ca3b8e280b1fc6e087a8dee2153f14747c336e7dcac0134425feea
932,MEASURED,FULL_POLICY_PATH,S_ADAPT_OPTIMIZED,-1,20,1,0.7656,0.019139999999999997,800,415.7503350973129,6d0cb0c4405dc90387b55d6457229758e4276ae0e27c754a78dcc25cc13f41c8
933,MEASURED,FULL_POLICY_PATH,S_ADAPT_OPTIMIZED,-1,20,4,0.7542,0.018855,800,428.6769134104252,a4557f4ce7bfe56aa5dcd63a55abb879b843c5e934e2dfc46b1bb08a31d616cb
934,MEASURED,FULL_POLICY_PATH,S_ADAPT_REFERENCE,-1,20,0,25.3705,0.6342625,800,441.55207175016403,3a221c89dcb7b438299f2f48d0eef0494bea948ec6de9698110e215c3af14aea
935,MEASURED,FULL_POLICY_PATH,M11_OPTIMIZED,530101,10,2,121.4317,3.0357925000000003,400,71.15188249646685,9b25952942cfac66d6dd841368d70f12dd91486c3cf6a523c8fcc245cc3f86b3
936,MEASURED,FULL_POLICY_PATH,S_ADAPT_OPTIMIZED,-1,15,3,1.4007,0.0350175,600,386.0996204018593,252c151f42ca3b8e280b1fc6e087a8dee2153f14747c336e7dcac0134425feea
937,MEASURED,FULL_POLICY_PATH,M11_OPTIMIZED,530101,15,4,127.6264,3.1906600000000003,600,93.15287583446096,f4a94ff0a77b6bd17929b939cf25ec2bc7ef76ebdf3f58bce2d75db46d2d99f4
938,MEASURED,FULL_POLICY_PATH,M11_REFERENCE,530101,20,0,170.3511,4.2587775,800,111.63427928148889,572f3263127b4169ac34f08b36891d7413aed8677c721a37c36d255a3899a9b3
939,MEASURED,FULL_POLICY_PATH,M11_REFERENCE,530101,10,3,168.0938,4.202344999999999,400,97.29233640543227,e2ac0f2f414f8e7b0771e1cf681e9fa7f847877736a984a87d7eae625858a2be
940,MEASURED,FULL_POLICY_PATH,S_ADAPT_REFERENCE,-1,10,0,25.764,0.6441,400,284.22937551140785,53942cbb9a8a5a64b0db98a82f4fce558f482e6886ecc097434e9fba646b0a60
941,MEASURED,FULL_POLICY_PATH,S_CLASS_ADAPT,-1,20,3,25.9384,0.64846,800,407.26081500314206,ef2642c75a3f0d2ba9ad1cd2636aa2b92ff1122a9db901edc8efd639a42c70c3
942,MEASURED,FULL_POLICY_PATH,M11_REFERENCE,530101,15,0,173.579,4.339475,600,97.20164785567786,5dfc6e9b928df4d0f08ff5efa0db383122234cf621cb1aff31d5dc76cea53281
943,MEASURED,FULL_POLICY_PATH,S_ADAPT_REFERENCE,-1,10,3,24.7131,0.6178275,400,293.82467341423035,4041c2353650ffc3521df07aeec818741f2a7f8acf14590c93615e6d8d3ced8c
944,MEASURED,FULL_POLICY_PATH,M11_OPTIMIZED,530101,20,1,130.2057,3.2551425000000003,800,94.47869624869647,10a79b6eb4692460620841197d21cd855c4439e299eaf5266b74fedcd9385dea
945,MEASURED,FULL_POLICY_PATH,S_ADAPT_REFERENCE,-1,10,3,25.0714,0.626785,400,293.82467341423035,4041c2353650ffc3521df07aeec818741f2a7f8acf14590c93615e6d8d3ced8c
946,MEASURED,FULL_POLICY_PATH,S_ADAPT_OPTIMIZED,-1,20,0,0.9057,0.0226425,800,441.55207175016403,3a221c89dcb7b438299f2f48d0eef0494bea948ec6de9698110e215c3af14aea
947,MEASURED,FULL_POLICY_PATH,S_ADAPT_REFERENCE,-1,10,4,24.1896,0.6047399999999999,400,271.37676933407784,88737f813284457f30f2c69d44f68791f7370e2c49c928c86777821b577f4051
948,MEASURED,FULL_POLICY_PATH,S_ADAPT_OPTIMIZED,-1,15,0,0.8606,0.021515,600,371.3841568529606,b3004c94c0a1acc4bea41b0fbb2b1d0eba865c9be972d407e019303ca1057a20
949,MEASURED,FULL_POLICY_PATH,M11_REFERENCE,530101,20,1,171.0724,4.276809999999999,800,94.47869624869647,10a79b6eb4692460620841197d21cd855c4439e299eaf5266b74fedcd9385dea
950,MEASURED,FULL_POLICY_PATH,S_ADAPT_OPTIMIZED,-1,20,1,1.3938,0.034845,800,415.7503350973129,6d0cb0c4405dc90387b55d6457229758e4276ae0e27c754a78dcc25cc13f41c8
951,MEASURED,FULL_POLICY_PATH,S_ADAPT_OPTIMIZED,-1,20,2,0.8391,0.0209775,800,432.81260257959366,e79987f149cce4d4391ef92c6a97c1d767fd16cd492c031ea4af70e8451de98c
952,MEASURED,FULL_POLICY_PATH,M11_OPTIMIZED,530101,20,2,126.0963,3.1524075,800,109.65310171004846,7fa0870805ff4cf7f09e6127254261b25246cc80f569411aae3dc5104d2933cc
953,MEASURED,FULL_POLICY_PATH,S_CLASS_ADAPT,-1,20,4,26.3085,0.6577124999999999,800,370.2893833845736,401c16a4253fa5039c53739f05775277b6b1ab5d2f80670918dab115270a0bfb
954,MEASURED,FULL_POLICY_PATH,S_CLASS_ADAPT,-1,15,4,24.4974,0.612435,600,276.3170752508822,27aabfe6a729af2812a5ada63c37b64305e0046a8692b0324f79ecf9123ba647
955,MEASURED,FULL_POLICY_PATH,M11_REFERENCE,530101,20,1,183.8418,4.596045,800,94.47869624869647,10a79b6eb4692460620841197d21cd855c4439e299eaf5266b74fedcd9385dea
956,MEASURED,FULL_POLICY_PATH,M11_OPTIMIZED,530101,10,2,120.4747,3.0118675,400,71.15188249646685,9b25952942cfac66d6dd841368d70f12dd91486c3cf6a523c8fcc245cc3f86b3
957,MEASURED,FULL_POLICY_PATH,S_ADAPT_OPTIMIZED,-1,15,1,1.4032,0.03508,600,353.76666152477264,106a9662fdc268276fd832a53813a5d41c26843d15913d386057929c37645238
958,MEASURED,FULL_POLICY_PATH,S_ADAPT_OPTIMIZED,-1,15,2,0.8931,0.0223275,600,363.60913959145546,f3eef135fbf7cda7d4259deff31d97d81321154c3d403ba8eae0e13e337b36ae
959,MEASURED,FULL_POLICY_PATH,M11_REFERENCE,530101,20,0,182.5638,4.564095,800,111.63427928148889,572f3263127b4169ac34f08b36891d7413aed8677c721a37c36d255a3899a9b3
960,MEASURED,FULL_POLICY_PATH,S_ADAPT_REFERENCE,-1,10,2,25.0191,0.6254775,400,278.2561217844486,6b879b5ecb141762cd197fdffe85d1828a5f5bb545a8ba4e2aab31ea59c47870
961,MEASURED,FULL_POLICY_PATH,M11_REFERENCE,530101,20,2,171.8483,4.2962074999999995,800,109.65310171004846,7fa0870805ff4cf7f09e6127254261b25246cc80f569411aae3dc5104d2933cc
962,MEASURED,FULL_POLICY_PATH,S_ADAPT_OPTIMIZED,-1,20,0,1.4596,0.03649,800,441.55207175016403,3a221c89dcb7b438299f2f48d0eef0494bea948ec6de9698110e215c3af14aea
963,MEASURED,FULL_POLICY_PATH,S_CLASS_ADAPT,-1,10,0,21.0306,0.525765,400,169.56029704522783,2325eb40fea98334e6d85b23187f1269216705645b7ef82782c7a2b307ca1e3d
964,MEASURED,FULL_POLICY_PATH,S_ADAPT_OPTIMIZED,-1,20,4,1.3411,0.0335275,800,428.6769134104252,a4557f4ce7bfe56aa5dcd63a55abb879b843c5e934e2dfc46b1bb08a31d616cb
965,MEASURED,FULL_POLICY_PATH,M11_REFERENCE,530101,20,3,165.206,4.1301499999999995,800,146.51983876547857,67a588433daba80df4bc1c340bf736b7fd5266dbd6db36bc042c11d3251a6616
966,MEASURED,FULL_POLICY_PATH,M11_REFERENCE,530101,15,4,169.3776,4.23444,600,93.15287583446096,f4a94ff0a77b6bd17929b939cf25ec2bc7ef76ebdf3f58bce2d75db46d2d99f4
967,MEASURED,FULL_POLICY_PATH,S_ADAPT_REFERENCE,-1,15,2,25.4022,0.635055,600,363.60913959145546,f3eef135fbf7cda7d4259deff31d97d81321154c3d403ba8eae0e13e337b36ae
968,MEASURED,FULL_POLICY_PATH,S_ADAPT_OPTIMIZED,-1,10,1,0.848,0.0212,400,275.9327971637249,1ce6b8ff41cb97b662aedc7ad8bedd7c817837cf26b99fc81f6d1ec0c5c1c3ce
969,MEASURED,FULL_POLICY_PATH,S_ADAPT_OPTIMIZED,-1,10,0,0.7265,0.0181625,400,284.22937551140785,53942cbb9a8a5a64b0db98a82f4fce558f482e6886ecc097434e9fba646b0a60
970,MEASURED,FULL_POLICY_PATH,S_ADAPT_REFERENCE,-1,10,1,24.4541,0.6113525,400,275.9327971637249,1ce6b8ff41cb97b662aedc7ad8bedd7c817837cf26b99fc81f6d1ec0c5c1c3ce
971,MEASURED,FULL_POLICY_PATH,S_CLASS_ADAPT,-1,20,2,25.5344,0.63836,800,356.35799271053946,75557298d531d59da7316cd3f0499696bdd3ea24d88530138fcd48b3c57c7775
972,MEASURED,FULL_POLICY_PATH,S_CLASS_ADAPT,-1,15,2,23.892,0.5972999999999999,600,268.11715816665776,96a8c33feb580d08b8f4ca5f1fe6b48845c46aeb9ac0b3b8044b6d72a5883fa6
973,MEASURED,FULL_POLICY_PATH,M11_REFERENCE,530101,15,2,168.4973,4.2124325,600,97.01479891499869,7e6d95d769c7d9687624018c1d858390f954fe241d6b8975ccdd997e695297b3
974,MEASURED,FULL_POLICY_PATH,S_CLASS_ADAPT,-1,10,2,20.7982,0.5199550000000001,400,158.87707205513013,2cecbd4eddc2f92081e0d41c827e020064b38782aca772a35ab7bc8d39308dd2
975,MEASURED,FULL_POLICY_PATH,S_ADAPT_OPTIMIZED,-1,15,0,1.3855,0.0346375,600,371.3841568529606,b3004c94c0a1acc4bea41b0fbb2b1d0eba865c9be972d407e019303ca1057a20
976,MEASURED,FULL_POLICY_PATH,M11_REFERENCE,530101,20,3,170.9372,4.273429999999999,800,146.51983876547857,67a588433daba80df4bc1c340bf736b7fd5266dbd6db36bc042c11d3251a6616
977,MEASURED,FULL_POLICY_PATH,S_ADAPT_REFERENCE,-1,10,3,25.022,0.6255499999999999,400,293.82467341423035,4041c2353650ffc3521df07aeec818741f2a7f8acf14590c93615e6d8d3ced8c
978,MEASURED,FULL_POLICY_PATH,S_ADAPT_REFERENCE,-1,15,1,24.5448,0.6136199999999999,600,353.76666152477264,106a9662fdc268276fd832a53813a5d41c26843d15913d386057929c37645238
979,MEASURED,FULL_POLICY_PATH,M11_REFERENCE,530101,10,3,163.1393,4.0784825,400,97.29233640543227,e2ac0f2f414f8e7b0771e1cf681e9fa7f847877736a984a87d7eae625858a2be
980,MEASURED,FULL_POLICY_PATH,S_CLASS_ADAPT,-1,20,3,25.2228,0.63057,800,407.26081500314206,ef2642c75a3f0d2ba9ad1cd2636aa2b92ff1122a9db901edc8efd639a42c70c3
981,MEASURED,FULL_POLICY_PATH,S_ADAPT_REFERENCE,-1,10,0,25.0223,0.6255575,400,284.22937551140785,53942cbb9a8a5a64b0db98a82f4fce558f482e6886ecc097434e9fba646b0a60
982,MEASURED,FULL_POLICY_PATH,S_CLASS_ADAPT,-1,20,2,25.6518,0.6412950000000001,800,356.35799271053946,75557298d531d59da7316cd3f0499696bdd3ea24d88530138fcd48b3c57c7775
983,MEASURED,FULL_POLICY_PATH,S_CLASS_ADAPT,-1,10,1,21.0072,0.52518,400,172.9455011671386,de9b8748444630c399dc8411a9116aafed312522708a050ee5412237cb83d72c
984,MEASURED,FULL_POLICY_PATH,M11_REFERENCE,530101,10,2,170.3627,4.2590675,400,71.15188249646685,9b25952942cfac66d6dd841368d70f12dd91486c3cf6a523c8fcc245cc3f86b3
985,MEASURED,FULL_POLICY_PATH,S_ADAPT_REFERENCE,-1,15,1,25.7713,0.6442825,600,353.76666152477264,106a9662fdc268276fd832a53813a5d41c26843d15913d386057929c37645238
986,MEASURED,FULL_POLICY_PATH,S_CLASS_ADAPT,-1,10,3,20.9276,0.52319,400,186.50780508403346,a3c2f307a616d43b5a02e213bccebf46176f954a667daa40f4000573be5ad998
987,MEASURED,FULL_POLICY_PATH,S_ADAPT_OPTIMIZED,-1,10,3,1.1635,0.0290875,400,293.82467341423035,4041c2353650ffc3521df07aeec818741f2a7f8acf14590c93615e6d8d3ced8c
988,MEASURED,FULL_POLICY_PATH,S_ADAPT_OPTIMIZED,-1,20,4,0.8334,0.020835,800,428.6769134104252,a4557f4ce7bfe56aa5dcd63a55abb879b843c5e934e2dfc46b1bb08a31d616cb
989,MEASURED,FULL_POLICY_PATH,S_ADAPT_OPTIMIZED,-1,15,3,0.7175,0.017937500000000002,600,386.0996204018593,252c151f42ca3b8e280b1fc6e087a8dee2153f14747c336e7dcac0134425feea
990,MEASURED,FULL_POLICY_PATH,M11_OPTIMIZED,530101,10,2,335.8703,8.3967575,400,71.15188249646685,9b25952942cfac66d6dd841368d70f12dd91486c3cf6a523c8fcc245cc3f86b3
991,MEASURED,FULL_POLICY_PATH,M11_REFERENCE,530101,20,3,184.8562,4.621405,800,146.51983876547857,67a588433daba80df4bc1c340bf736b7fd5266dbd6db36bc042c11d3251a6616
992,MEASURED,FULL_POLICY_PATH,M11_OPTIMIZED,530101,15,1,127.3273,3.1831825,600,83.67778409735129,ef43848fe57bfab6314f95d3543e966a8b08c097b3706610f18e7b16785f617f
993,MEASURED,FULL_POLICY_PATH,S_ADAPT_OPTIMIZED,-1,15,4,2.5769,0.06442250000000001,600,357.80318182706833,5938eba45c73290974057dd22f17b06e25d6b2d6c0e2628f2227edfdebb7b23b
994,MEASURED,FULL_POLICY_PATH,S_CLASS_ADAPT,-1,20,0,25.5646,0.639115,800,383.886218862122,00f445c4e48aec771fd229970d380b5ed26cdc3c704c0b85eb0c822637dbe014
995,MEASURED,FULL_POLICY_PATH,M11_OPTIMIZED,530101,20,3,128.8233,3.2205825,800,146.51983876547857,67a588433daba80df4bc1c340bf736b7fd5266dbd6db36bc042c11d3251a6616
996,MEASURED,FULL_POLICY_PATH,M11_REFERENCE,530101,20,3,172.2771,4.3069275,800,146.51983876547857,67a588433daba80df4bc1c340bf736b7fd5266dbd6db36bc042c11d3251a6616
997,MEASURED,FULL_POLICY_PATH,S_ADAPT_REFERENCE,-1,10,4,24.8701,0.6217525,400,271.37676933407784,88737f813284457f30f2c69d44f68791f7370e2c49c928c86777821b577f4051
998,MEASURED,FULL_POLICY_PATH,M11_OPTIMIZED,530101,15,4,125.8526,3.146315,600,93.15287583446096,f4a94ff0a77b6bd17929b939cf25ec2bc7ef76ebdf3f58bce2d75db46d2d99f4
999,MEASURED,FULL_POLICY_PATH,M11_OPTIMIZED,530101,15,3,127.1902,3.179755,600,130.3358717953731,189881a5e1bfcc51a0b294aead80a5689fa4ff9cc9441444624324248e655954
1000,MEASURED,FULL_POLICY_PATH,S_CLASS_ADAPT,-1,20,4,26.7579,0.6689475,800,370.2893833845736,401c16a4253fa5039c53739f05775277b6b1ab5d2f80670918dab115270a0bfb
1001,MEASURED,FULL_POLICY_PATH,S_CLASS_ADAPT,-1,15,0,24.999,0.624975,600,287.2710690196597,1e17d685e93d5731209afa2a3f0212382131e563c0eec0b2bed7e29827a66aa8
1002,MEASURED,FULL_POLICY_PATH,M11_OPTIMIZED,530101,20,4,134.8662,3.3716549999999996,800,107.49725294030088,a3d86880da36c46da8dc4226de2d15a21bafcbb3d3de6234525944bb5aa264e7
1003,MEASURED,FULL_POLICY_PATH,S_ADAPT_OPTIMIZED,-1,15,0,1.4258,0.035644999999999996,600,371.3841568529606,b3004c94c0a1acc4bea41b0fbb2b1d0eba865c9be972d407e019303ca1057a20
1004,MEASURED,FULL_POLICY_PATH,S_ADAPT_REFERENCE,-1,20,4,25.8253,0.6456324999999999,800,428.6769134104252,a4557f4ce7bfe56aa5dcd63a55abb879b843c5e934e2dfc46b1bb08a31d616cb
1005,MEASURED,FULL_POLICY_PATH,S_CLASS_ADAPT,-1,10,2,22.5847,0.5646175,400,158.87707205513013,2cecbd4eddc2f92081e0d41c827e020064b38782aca772a35ab7bc8d39308dd2
1006,MEASURED,FULL_POLICY_PATH,S_ADAPT_OPTIMIZED,-1,20,0,1.3679,0.0341975,800,441.55207175016403,3a221c89dcb7b438299f2f48d0eef0494bea948ec6de9698110e215c3af14aea
1007,MEASURED,FULL_POLICY_PATH,M11_OPTIMIZED,530101,20,1,133.9403,3.3485075,800,94.47869624869647,10a79b6eb4692460620841197d21cd855c4439e299eaf5266b74fedcd9385dea
1008,MEASURED,FULL_POLICY_PATH,S_ADAPT_REFERENCE,-1,15,4,27.719,0.692975,600,357.80318182706833,5938eba45c73290974057dd22f17b06e25d6b2d6c0e2628f2227edfdebb7b23b
1009,MEASURED,FULL_POLICY_PATH,S_CLASS_ADAPT,-1,10,0,21.4854,0.5371349999999999,400,169.56029704522783,2325eb40fea98334e6d85b23187f1269216705645b7ef82782c7a2b307ca1e3d
1010,MEASURED,FULL_POLICY_PATH,M11_REFERENCE,530101,15,0,171.5061,4.2876525,600,97.20164785567786,5dfc6e9b928df4d0f08ff5efa0db383122234cf621cb1aff31d5dc76cea53281
1011,MEASURED,FULL_POLICY_PATH,M11_REFERENCE,530101,20,1,164.9387,4.1234675,800,94.47869624869647,10a79b6eb4692460620841197d21cd855c4439e299eaf5266b74fedcd9385dea
1012,MEASURED,FULL_POLICY_PATH,M11_OPTIMIZED,530101,20,3,131.5546,3.288865,800,146.51983876547857,67a588433daba80df4bc1c340bf736b7fd5266dbd6db36bc042c11d3251a6616
1013,MEASURED,FULL_POLICY_PATH,S_CLASS_ADAPT,-1,10,2,21.0184,0.52546,400,158.87707205513013,2cecbd4eddc2f92081e0d41c827e020064b38782aca772a35ab7bc8d39308dd2
1014,MEASURED,FULL_POLICY_PATH,S_ADAPT_REFERENCE,-1,10,4,25.1835,0.6295875,400,271.37676933407784,88737f813284457f30f2c69d44f68791f7370e2c49c928c86777821b577f4051
1015,MEASURED,FULL_POLICY_PATH,M11_OPTIMIZED,530101,15,1,130.3197,3.2579925000000003,600,83.67778409735129,ef43848fe57bfab6314f95d3543e966a8b08c097b3706610f18e7b16785f617f
1016,MEASURED,FULL_POLICY_PATH,S_CLASS_ADAPT,-1,20,4,26.1128,0.65282,800,370.2893833845736,401c16a4253fa5039c53739f05775277b6b1ab5d2f80670918dab115270a0bfb
1017,MEASURED,FULL_POLICY_PATH,M11_REFERENCE,530101,15,1,180.1759,4.5043975000000005,600,83.67778409735129,ef43848fe57bfab6314f95d3543e966a8b08c097b3706610f18e7b16785f617f
1018,MEASURED,FULL_POLICY_PATH,S_ADAPT_OPTIMIZED,-1,20,1,1.356,0.0339,800,415.7503350973129,6d0cb0c4405dc90387b55d6457229758e4276ae0e27c754a78dcc25cc13f41c8
1019,MEASURED,FULL_POLICY_PATH,S_CLASS_ADAPT,-1,15,2,24.6346,0.615865,600,268.11715816665776,96a8c33feb580d08b8f4ca5f1fe6b48845c46aeb9ac0b3b8044b6d72a5883fa6
1020,MEASURED,FULL_POLICY_PATH,S_ADAPT_REFERENCE,-1,10,0,25.3248,0.63312,400,284.22937551140785,53942cbb9a8a5a64b0db98a82f4fce558f482e6886ecc097434e9fba646b0a60
1021,MEASURED,FULL_POLICY_PATH,M11_REFERENCE,530101,10,4,167.1118,4.177795,400,68.38854427300772,28b79183e97c33c01ad9eb08a621cfb39e8a80e95d38c09997c1d42fc0bd92aa
1022,MEASURED,FULL_POLICY_PATH,M11_REFERENCE,530101,15,0,162.4037,4.0600925,600,97.20164785567786,5dfc6e9b928df4d0f08ff5efa0db383122234cf621cb1aff31d5dc76cea53281
1023,MEASURED,FULL_POLICY_PATH,M11_REFERENCE,530101,10,0,167.3638,4.184095,400,72.99146302310172,e7c35db7138d5e4d01b4cc857cbad087b7738d5333c1cd3599fbeb0aa1d0e715
1024,MEASURED,FULL_POLICY_PATH,M11_REFERENCE,530101,10,4,169.0197,4.2254925,400,68.38854427300772,28b79183e97c33c01ad9eb08a621cfb39e8a80e95d38c09997c1d42fc0bd92aa
1025,MEASURED,FULL_POLICY_PATH,S_ADAPT_REFERENCE,-1,20,2,24.7825,0.6195625,800,432.81260257959366,e79987f149cce4d4391ef92c6a97c1d767fd16cd492c031ea4af70e8451de98c
1026,MEASURED,FULL_POLICY_PATH,M11_REFERENCE,530101,15,2,175.9438,4.398595,600,97.01479891499869,7e6d95d769c7d9687624018c1d858390f954fe241d6b8975ccdd997e695297b3
1027,MEASURED,FULL_POLICY_PATH,S_ADAPT_OPTIMIZED,-1,15,3,1.3543,0.0338575,600,386.0996204018593,252c151f42ca3b8e280b1fc6e087a8dee2153f14747c336e7dcac0134425feea
1028,MEASURED,FULL_POLICY_PATH,M11_OPTIMIZED,530101,10,3,122.2206,3.055515,400,97.29233640543227,e2ac0f2f414f8e7b0771e1cf681e9fa7f847877736a984a87d7eae625858a2be
1029,MEASURED,FULL_POLICY_PATH,S_ADAPT_REFERENCE,-1,20,0,24.8263,0.6206575,800,441.55207175016403,3a221c89dcb7b438299f2f48d0eef0494bea948ec6de9698110e215c3af14aea
1030,MEASURED,FULL_POLICY_PATH,S_ADAPT_REFERENCE,-1,20,2,23.9463,0.5986575000000001,800,432.81260257959366,e79987f149cce4d4391ef92c6a97c1d767fd16cd492c031ea4af70e8451de98c
1031,MEASURED,FULL_POLICY_PATH,M11_OPTIMIZED,530101,10,1,125.9286,3.148215,400,62.94320651540613,1f16862fb35fea7c20a78a332c201ac0ebb4d60127abe43776c0618b1143b81b
1032,MEASURED,FULL_POLICY_PATH,M11_OPTIMIZED,530101,20,4,127.9515,3.1987875,800,107.49725294030088,a3d86880da36c46da8dc4226de2d15a21bafcbb3d3de6234525944bb5aa264e7
1033,MEASURED,FULL_POLICY_PATH,S_CLASS_ADAPT,-1,10,3,20.9821,0.5245525,400,186.50780508403346,a3c2f307a616d43b5a02e213bccebf46176f954a667daa40f4000573be5ad998
1034,MEASURED,FULL_POLICY_PATH,S_ADAPT_OPTIMIZED,-1,20,2,1.4135,0.0353375,800,432.81260257959366,e79987f149cce4d4391ef92c6a97c1d767fd16cd492c031ea4af70e8451de98c
1035,MEASURED,FULL_POLICY_PATH,S_ADAPT_REFERENCE,-1,15,4,25.3997,0.6349925,600,357.80318182706833,5938eba45c73290974057dd22f17b06e25d6b2d6c0e2628f2227edfdebb7b23b
1036,MEASURED,FULL_POLICY_PATH,M11_REFERENCE,530101,10,3,160.9851,4.024627499999999,400,97.29233640543227,e2ac0f2f414f8e7b0771e1cf681e9fa7f847877736a984a87d7eae625858a2be
1037,MEASURED,FULL_POLICY_PATH,M11_OPTIMIZED,530101,10,4,125.5465,3.1386624999999997,400,68.38854427300772,28b79183e97c33c01ad9eb08a621cfb39e8a80e95d38c09997c1d42fc0bd92aa
1038,MEASURED,FULL_POLICY_PATH,S_ADAPT_REFERENCE,-1,15,0,24.5879,0.6146975,600,371.3841568529606,b3004c94c0a1acc4bea41b0fbb2b1d0eba865c9be972d407e019303ca1057a20
1039,MEASURED,FULL_POLICY_PATH,M11_REFERENCE,530101,10,0,162.1009,4.0525225,400,72.99146302310172,e7c35db7138d5e4d01b4cc857cbad087b7738d5333c1cd3599fbeb0aa1d0e715
1040,MEASURED,FULL_POLICY_PATH,S_ADAPT_REFERENCE,-1,10,3,24.4107,0.6102675,400,293.82467341423035,4041c2353650ffc3521df07aeec818741f2a7f8acf14590c93615e6d8d3ced8c
1041,MEASURED,FULL_POLICY_PATH,M11_OPTIMIZED,530101,15,0,125.1924,3.12981,600,97.20164785567786,5dfc6e9b928df4d0f08ff5efa0db383122234cf621cb1aff31d5dc76cea53281
1042,MEASURED,FULL_POLICY_PATH,S_ADAPT_OPTIMIZED,-1,20,2,1.3979,0.0349475,800,432.81260257959366,e79987f149cce4d4391ef92c6a97c1d767fd16cd492c031ea4af70e8451de98c
1043,MEASURED,FULL_POLICY_PATH,S_ADAPT_REFERENCE,-1,20,1,24.8945,0.6223625,800,415.7503350973129,6d0cb0c4405dc90387b55d6457229758e4276ae0e27c754a78dcc25cc13f41c8
1044,MEASURED,FULL_POLICY_PATH,S_CLASS_ADAPT,-1,15,3,24.141,0.603525,600,306.37812478227386,fe0517635c660eb8694ad59cfd9c0a564d36a8db6435d901027ff5af7c99af1a
1045,MEASURED,FULL_POLICY_PATH,M11_REFERENCE,530101,15,1,166.1113,4.1527825,600,83.67778409735129,ef43848fe57bfab6314f95d3543e966a8b08c097b3706610f18e7b16785f617f
1046,MEASURED,FULL_POLICY_PATH,S_ADAPT_REFERENCE,-1,15,0,26.293,0.6573249999999999,600,371.3841568529606,b3004c94c0a1acc4bea41b0fbb2b1d0eba865c9be972d407e019303ca1057a20
1047,MEASURED,FULL_POLICY_PATH,S_ADAPT_OPTIMIZED,-1,10,0,0.8352,0.020880000000000003,400,284.22937551140785,53942cbb9a8a5a64b0db98a82f4fce558f482e6886ecc097434e9fba646b0a60
1048,MEASURED,FULL_POLICY_PATH,M11_REFERENCE,530101,10,2,157.9847,3.9496175,400,71.15188249646685,9b25952942cfac66d6dd841368d70f12dd91486c3cf6a523c8fcc245cc3f86b3
1049,MEASURED,FULL_POLICY_PATH,S_CLASS_ADAPT,-1,15,1,24.3524,0.60881,600,283.0532095499601,7d1af8308f5c93aa06561ffe5a6e4e8171d280157e80fb539c53617d64a713d3
1050,MEASURED,FULL_POLICY_PATH,S_ADAPT_OPTIMIZED,-1,15,2,1.4095,0.0352375,600,363.60913959145546,f3eef135fbf7cda7d4259deff31d97d81321154c3d403ba8eae0e13e337b36ae
1051,MEASURED,FULL_POLICY_PATH,M11_OPTIMIZED,530101,20,2,128.0217,3.2005425,800,109.65310171004846,7fa0870805ff4cf7f09e6127254261b25246cc80f569411aae3dc5104d2933cc
1052,MEASURED,FULL_POLICY_PATH,M11_OPTIMIZED,530101,20,1,132.5142,3.312855,800,94.47869624869647,10a79b6eb4692460620841197d21cd855c4439e299eaf5266b74fedcd9385dea
1053,MEASURED,FULL_POLICY_PATH,S_CLASS_ADAPT,-1,10,3,20.778,0.51945,400,186.50780508403346,a3c2f307a616d43b5a02e213bccebf46176f954a667daa40f4000573be5ad998
1054,MEASURED,FULL_POLICY_PATH,S_ADAPT_REFERENCE,-1,15,1,24.5515,0.6137875,600,353.76666152477264,106a9662fdc268276fd832a53813a5d41c26843d15913d386057929c37645238
1055,MEASURED,FULL_POLICY_PATH,M11_OPTIMIZED,530101,15,0,123.0001,3.0750025,600,97.20164785567786,5dfc6e9b928df4d0f08ff5efa0db383122234cf621cb1aff31d5dc76cea53281
1056,MEASURED,FULL_POLICY_PATH,M11_OPTIMIZED,530101,15,1,123.5029,3.0875725,600,83.67778409735129,ef43848fe57bfab6314f95d3543e966a8b08c097b3706610f18e7b16785f617f
1057,MEASURED,FULL_POLICY_PATH,S_CLASS_ADAPT,-1,10,2,20.9994,0.524985,400,158.87707205513013,2cecbd4eddc2f92081e0d41c827e020064b38782aca772a35ab7bc8d39308dd2
1058,MEASURED,FULL_POLICY_PATH,S_ADAPT_OPTIMIZED,-1,10,3,1.357,0.033925,400,293.82467341423035,4041c2353650ffc3521df07aeec818741f2a7f8acf14590c93615e6d8d3ced8c
1059,MEASURED,FULL_POLICY_PATH,S_ADAPT_OPTIMIZED,-1,10,2,0.7166,0.017915,400,278.2561217844486,6b879b5ecb141762cd197fdffe85d1828a5f5bb545a8ba4e2aab31ea59c47870
1060,MEASURED,FULL_POLICY_PATH,S_ADAPT_OPTIMIZED,-1,20,2,0.7132,0.01783,800,432.81260257959366,e79987f149cce4d4391ef92c6a97c1d767fd16cd492c031ea4af70e8451de98c
1061,MEASURED,FULL_POLICY_PATH,S_ADAPT_REFERENCE,-1,15,2,25.2604,0.63151,600,363.60913959145546,f3eef135fbf7cda7d4259deff31d97d81321154c3d403ba8eae0e13e337b36ae
1062,MEASURED,FULL_POLICY_PATH,M11_REFERENCE,530101,20,2,167.6124,4.19031,800,109.65310171004846,7fa0870805ff4cf7f09e6127254261b25246cc80f569411aae3dc5104d2933cc
1063,MEASURED,FULL_POLICY_PATH,S_CLASS_ADAPT,-1,15,1,25.3016,0.63254,600,283.0532095499601,7d1af8308f5c93aa06561ffe5a6e4e8171d280157e80fb539c53617d64a713d3
1064,MEASURED,FULL_POLICY_PATH,S_CLASS_ADAPT,-1,20,3,25.9377,0.6484425,800,407.26081500314206,ef2642c75a3f0d2ba9ad1cd2636aa2b92ff1122a9db901edc8efd639a42c70c3
1065,MEASURED,FULL_POLICY_PATH,S_ADAPT_OPTIMIZED,-1,10,3,1.4857,0.0371425,400,293.82467341423035,4041c2353650ffc3521df07aeec818741f2a7f8acf14590c93615e6d8d3ced8c
1066,MEASURED,FULL_POLICY_PATH,M11_OPTIMIZED,530101,20,3,129.9591,3.2489775,800,146.51983876547857,67a588433daba80df4bc1c340bf736b7fd5266dbd6db36bc042c11d3251a6616
1067,MEASURED,FULL_POLICY_PATH,S_ADAPT_REFERENCE,-1,15,1,24.7837,0.6195925,600,353.76666152477264,106a9662fdc268276fd832a53813a5d41c26843d15913d386057929c37645238
1068,MEASURED,FULL_POLICY_PATH,M11_REFERENCE,530101,10,0,163.0751,4.0768775,400,72.99146302310172,e7c35db7138d5e4d01b4cc857cbad087b7738d5333c1cd3599fbeb0aa1d0e715
1069,MEASURED,FULL_POLICY_PATH,M11_OPTIMIZED,530101,20,1,122.891,3.0722750000000003,800,94.47869624869647,10a79b6eb4692460620841197d21cd855c4439e299eaf5266b74fedcd9385dea
1070,MEASURED,FULL_POLICY_PATH,S_ADAPT_REFERENCE,-1,10,3,26.5436,0.66359,400,293.82467341423035,4041c2353650ffc3521df07aeec818741f2a7f8acf14590c93615e6d8d3ced8c
1071,MEASURED,FULL_POLICY_PATH,S_CLASS_ADAPT,-1,15,0,24.2459,0.6061475,600,287.2710690196597,1e17d685e93d5731209afa2a3f0212382131e563c0eec0b2bed7e29827a66aa8
1072,MEASURED,FULL_POLICY_PATH,S_ADAPT_OPTIMIZED,-1,20,1,1.379,0.034475,800,415.7503350973129,6d0cb0c4405dc90387b55d6457229758e4276ae0e27c754a78dcc25cc13f41c8
1073,MEASURED,FULL_POLICY_PATH,S_CLASS_ADAPT,-1,10,3,20.8359,0.5208975,400,186.50780508403346,a3c2f307a616d43b5a02e213bccebf46176f954a667daa40f4000573be5ad998
1074,MEASURED,FULL_POLICY_PATH,M11_REFERENCE,530101,10,0,167.7358,4.193395000000001,400,72.99146302310172,e7c35db7138d5e4d01b4cc857cbad087b7738d5333c1cd3599fbeb0aa1d0e715
1075,MEASURED,FULL_POLICY_PATH,S_CLASS_ADAPT,-1,15,1,23.9889,0.5997225,600,283.0532095499601,7d1af8308f5c93aa06561ffe5a6e4e8171d280157e80fb539c53617d64a713d3
1076,MEASURED,FULL_POLICY_PATH,M11_REFERENCE,530101,15,1,167.6512,4.19128,600,83.67778409735129,ef43848fe57bfab6314f95d3543e966a8b08c097b3706610f18e7b16785f617f
1077,MEASURED,FULL_POLICY_PATH,S_ADAPT_OPTIMIZED,-1,10,0,1.3068,0.03267,400,284.22937551140785,53942cbb9a8a5a64b0db98a82f4fce558f482e6886ecc097434e9fba646b0a60
1078,MEASURED,FULL_POLICY_PATH,S_ADAPT_OPTIMIZED,-1,15,2,1.0628,0.02657,600,363.60913959145546,f3eef135fbf7cda7d4259deff31d97d81321154c3d403ba8eae0e13e337b36ae
1079,MEASURED,FULL_POLICY_PATH,S_ADAPT_REFERENCE,-1,20,2,23.9961,0.5999025,800,432.81260257959366,e79987f149cce4d4391ef92c6a97c1d767fd16cd492c031ea4af70e8451de98c
1080,MEASURED,FULL_POLICY_PATH,S_CLASS_ADAPT,-1,15,2,24.6107,0.6152675000000001,600,268.11715816665776,96a8c33feb580d08b8f4ca5f1fe6b48845c46aeb9ac0b3b8044b6d72a5883fa6
1081,MEASURED,FULL_POLICY_PATH,M11_OPTIMIZED,530101,15,0,125.4515,3.1362875,600,97.20164785567786,5dfc6e9b928df4d0f08ff5efa0db383122234cf621cb1aff31d5dc76cea53281
1082,MEASURED,FULL_POLICY_PATH,S_ADAPT_OPTIMIZED,-1,20,1,1.45,0.03625,800,415.7503350973129,6d0cb0c4405dc90387b55d6457229758e4276ae0e27c754a78dcc25cc13f41c8
1083,MEASURED,FULL_POLICY_PATH,S_ADAPT_REFERENCE,-1,15,4,25.2299,0.6307475,600,357.80318182706833,5938eba45c73290974057dd22f17b06e25d6b2d6c0e2628f2227edfdebb7b23b
1084,MEASURED,FULL_POLICY_PATH,M11_OPTIMIZED,530101,15,4,122.6839,3.0670975,600,93.15287583446096,f4a94ff0a77b6bd17929b939cf25ec2bc7ef76ebdf3f58bce2d75db46d2d99f4
1085,MEASURED,FULL_POLICY_PATH,S_ADAPT_REFERENCE,-1,20,1,24.7981,0.6199525,800,415.7503350973129,6d0cb0c4405dc90387b55d6457229758e4276ae0e27c754a78dcc25cc13f41c8
1086,MEASURED,FULL_POLICY_PATH,S_CLASS_ADAPT,-1,20,3,25.6481,0.6412025,800,407.26081500314206,ef2642c75a3f0d2ba9ad1cd2636aa2b92ff1122a9db901edc8efd639a42c70c3
1087,MEASURED,FULL_POLICY_PATH,S_ADAPT_REFERENCE,-1,20,1,24.5307,0.6132675,800,415.7503350973129,6d0cb0c4405dc90387b55d6457229758e4276ae0e27c754a78dcc25cc13f41c8
1088,MEASURED,FULL_POLICY_PATH,S_ADAPT_REFERENCE,-1,20,4,23.8834,0.5970850000000001,800,428.6769134104252,a4557f4ce7bfe56aa5dcd63a55abb879b843c5e934e2dfc46b1bb08a31d616cb
1089,MEASURED,FULL_POLICY_PATH,M11_OPTIMIZED,530101,15,1,128.3609,3.2090224999999997,600,83.67778409735129,ef43848fe57bfab6314f95d3543e966a8b08c097b3706610f18e7b16785f617f
1090,MEASURED,FULL_POLICY_PATH,M11_OPTIMIZED,530101,10,4,124.1637,3.1040925,400,68.38854427300772,28b79183e97c33c01ad9eb08a621cfb39e8a80e95d38c09997c1d42fc0bd92aa
1091,MEASURED,FULL_POLICY_PATH,S_ADAPT_OPTIMIZED,-1,10,4,1.3402,0.033505,400,271.37676933407784,88737f813284457f30f2c69d44f68791f7370e2c49c928c86777821b577f4051
1092,MEASURED,FULL_POLICY_PATH,S_ADAPT_REFERENCE,-1,20,1,24.9009,0.6225225,800,415.7503350973129,6d0cb0c4405dc90387b55d6457229758e4276ae0e27c754a78dcc25cc13f41c8
1093,MEASURED,FULL_POLICY_PATH,M11_REFERENCE,530101,20,0,175.3293,4.3832325,800,111.63427928148889,572f3263127b4169ac34f08b36891d7413aed8677c721a37c36d255a3899a9b3
1094,MEASURED,FULL_POLICY_PATH,M11_OPTIMIZED,530101,20,3,126.0968,3.15242,800,146.51983876547857,67a588433daba80df4bc1c340bf736b7fd5266dbd6db36bc042c11d3251a6616
1095,MEASURED,FULL_POLICY_PATH,M11_OPTIMIZED,530101,20,3,124.5713,3.1142825,800,146.51983876547857,67a588433daba80df4bc1c340bf736b7fd5266dbd6db36bc042c11d3251a6616
1096,MEASURED,FULL_POLICY_PATH,S_ADAPT_REFERENCE,-1,15,2,24.6274,0.615685,600,363.60913959145546,f3eef135fbf7cda7d4259deff31d97d81321154c3d403ba8eae0e13e337b36ae
1097,MEASURED,FULL_POLICY_PATH,S_ADAPT_REFERENCE,-1,10,2,23.7636,0.59409,400,278.2561217844486,6b879b5ecb141762cd197fdffe85d1828a5f5bb545a8ba4e2aab31ea59c47870
1098,MEASURED,FULL_POLICY_PATH,S_ADAPT_OPTIMIZED,-1,15,0,0.8358,0.020895,600,371.3841568529606,b3004c94c0a1acc4bea41b0fbb2b1d0eba865c9be972d407e019303ca1057a20
1099,MEASURED,FULL_POLICY_PATH,S_CLASS_ADAPT,-1,15,4,24.4457,0.6111424999999999,600,276.3170752508822,27aabfe6a729af2812a5ada63c37b64305e0046a8692b0324f79ecf9123ba647
1100,MEASURED,FULL_POLICY_PATH,M11_OPTIMIZED,530101,15,3,123.7045,3.0926125,600,130.3358717953731,189881a5e1bfcc51a0b294aead80a5689fa4ff9cc9441444624324248e655954
1101,MEASURED,FULL_POLICY_PATH,M11_REFERENCE,530101,15,4,168.7984,4.2199599999999995,600,93.15287583446096,f4a94ff0a77b6bd17929b939cf25ec2bc7ef76ebdf3f58bce2d75db46d2d99f4
1102,MEASURED,FULL_POLICY_PATH,S_ADAPT_REFERENCE,-1,15,2,24.5201,0.6130025,600,363.60913959145546,f3eef135fbf7cda7d4259deff31d97d81321154c3d403ba8eae0e13e337b36ae
1103,MEASURED,FULL_POLICY_PATH,S_ADAPT_REFERENCE,-1,10,0,23.6709,0.5917725,400,284.22937551140785,53942cbb9a8a5a64b0db98a82f4fce558f482e6886ecc097434e9fba646b0a60
1104,MEASURED,FULL_POLICY_PATH,S_ADAPT_OPTIMIZED,-1,20,4,0.8141,0.020352500000000003,800,428.6769134104252,a4557f4ce7bfe56aa5dcd63a55abb879b843c5e934e2dfc46b1bb08a31d616cb
1105,MEASURED,FULL_POLICY_PATH,S_ADAPT_OPTIMIZED,-1,20,1,0.7635,0.0190875,800,415.7503350973129,6d0cb0c4405dc90387b55d6457229758e4276ae0e27c754a78dcc25cc13f41c8
1106,MEASURED,FULL_POLICY_PATH,S_CLASS_ADAPT,-1,10,4,21.1048,0.52762,400,163.21071502449217,7b4a15a5d6e277fa7d3b8e934445946a80f77d14bcbbef5b2fc2dad80699cb74
1107,MEASURED,FULL_POLICY_PATH,M11_OPTIMIZED,530101,20,1,123.0385,3.0759625,800,94.47869624869647,10a79b6eb4692460620841197d21cd855c4439e299eaf5266b74fedcd9385dea
1108,MEASURED,FULL_POLICY_PATH,S_ADAPT_OPTIMIZED,-1,15,0,1.4423,0.0360575,600,371.3841568529606,b3004c94c0a1acc4bea41b0fbb2b1d0eba865c9be972d407e019303ca1057a20
1109,MEASURED,FULL_POLICY_PATH,S_CLASS_ADAPT,-1,15,3,24.3859,0.6096475,600,306.37812478227386,fe0517635c660eb8694ad59cfd9c0a564d36a8db6435d901027ff5af7c99af1a
1110,MEASURED,FULL_POLICY_PATH,S_ADAPT_OPTIMIZED,-1,20,4,1.3385,0.0334625,800,428.6769134104252,a4557f4ce7bfe56aa5dcd63a55abb879b843c5e934e2dfc46b1bb08a31d616cb
1111,MEASURED,FULL_POLICY_PATH,M11_OPTIMIZED,530101,15,4,129.678,3.24195,600,93.15287583446096,f4a94ff0a77b6bd17929b939cf25ec2bc7ef76ebdf3f58bce2d75db46d2d99f4
1112,MEASURED,FULL_POLICY_PATH,S_ADAPT_REFERENCE,-1,10,0,25.1497,0.6287425,400,284.22937551140785,53942cbb9a8a5a64b0db98a82f4fce558f482e6886ecc097434e9fba646b0a60
1113,MEASURED,FULL_POLICY_PATH,S_ADAPT_OPTIMIZED,-1,20,1,0.9229,0.023072500000000003,800,415.7503350973129,6d0cb0c4405dc90387b55d6457229758e4276ae0e27c754a78dcc25cc13f41c8
1114,MEASURED,FULL_POLICY_PATH,S_ADAPT_OPTIMIZED,-1,20,0,0.819,0.020475,800,441.55207175016403,3a221c89dcb7b438299f2f48d0eef0494bea948ec6de9698110e215c3af14aea
1115,MEASURED,FULL_POLICY_PATH,S_ADAPT_REFERENCE,-1,10,1,23.7959,0.5948975,400,275.9327971637249,1ce6b8ff41cb97b662aedc7ad8bedd7c817837cf26b99fc81f6d1ec0c5c1c3ce
1116,MEASURED,FULL_POLICY_PATH,M11_REFERENCE,530101,10,1,171.2805,4.2820124999999996,400,62.94320651540613,1f16862fb35fea7c20a78a332c201ac0ebb4d60127abe43776c0618b1143b81b
1117,MEASURED,FULL_POLICY_PATH,M11_OPTIMIZED,530101,10,0,123.2136,3.08034,400,72.99146302310172,e7c35db7138d5e4d01b4cc857cbad087b7738d5333c1cd3599fbeb0aa1d0e715
1118,MEASURED,FULL_POLICY_PATH,M11_OPTIMIZED,530101,15,4,127.7178,3.192945,600,93.15287583446096,f4a94ff0a77b6bd17929b939cf25ec2bc7ef76ebdf3f58bce2d75db46d2d99f4
1119,MEASURED,FULL_POLICY_PATH,M11_OPTIMIZED,530101,20,3,126.2478,3.156195,800,146.51983876547857,67a588433daba80df4bc1c340bf736b7fd5266dbd6db36bc042c11d3251a6616
1120,MEASURED,FULL_POLICY_PATH,S_ADAPT_OPTIMIZED,-1,10,0,1.3419,0.0335475,400,284.22937551140785,53942cbb9a8a5a64b0db98a82f4fce558f482e6886ecc097434e9fba646b0a60
1121,MEASURED,FULL_POLICY_PATH,M11_REFERENCE,530101,20,2,169.6851,4.2421275000000005,800,109.65310171004846,7fa0870805ff4cf7f09e6127254261b25246cc80f569411aae3dc5104d2933cc
1122,MEASURED,FULL_POLICY_PATH,M11_REFERENCE,530101,10,1,170.8928,4.27232,400,62.94320651540613,1f16862fb35fea7c20a78a332c201ac0ebb4d60127abe43776c0618b1143b81b
1123,MEASURED,FULL_POLICY_PATH,M11_OPTIMIZED,530101,20,0,125.3038,3.132595,800,111.63427928148889,572f3263127b4169ac34f08b36891d7413aed8677c721a37c36d255a3899a9b3
1124,MEASURED,FULL_POLICY_PATH,S_ADAPT_REFERENCE,-1,15,0,25.4965,0.6374125,600,371.3841568529606,b3004c94c0a1acc4bea41b0fbb2b1d0eba865c9be972d407e019303ca1057a20
1125,MEASURED,FULL_POLICY_PATH,M11_OPTIMIZED,530101,15,3,123.33,3.08325,600,130.3358717953731,189881a5e1bfcc51a0b294aead80a5689fa4ff9cc9441444624324248e655954
1126,MEASURED,FULL_POLICY_PATH,M11_OPTIMIZED,530101,20,1,128.0886,3.2022150000000003,800,94.47869624869647,10a79b6eb4692460620841197d21cd855c4439e299eaf5266b74fedcd9385dea
1127,MEASURED,FULL_POLICY_PATH,M11_REFERENCE,530101,20,3,173.7094,4.342734999999999,800,146.51983876547857,67a588433daba80df4bc1c340bf736b7fd5266dbd6db36bc042c11d3251a6616
1128,MEASURED,FULL_POLICY_PATH,M11_OPTIMIZED,530101,15,1,121.9138,3.0478449999999997,600,83.67778409735129,ef43848fe57bfab6314f95d3543e966a8b08c097b3706610f18e7b16785f617f
1129,MEASURED,FULL_POLICY_PATH,M11_REFERENCE,530101,10,1,162.5238,4.063095,400,62.94320651540613,1f16862fb35fea7c20a78a332c201ac0ebb4d60127abe43776c0618b1143b81b
1130,MEASURED,FULL_POLICY_PATH,M11_OPTIMIZED,530101,15,3,127.1402,3.178505,600,130.3358717953731,189881a5e1bfcc51a0b294aead80a5689fa4ff9cc9441444624324248e655954
1131,MEASURED,FULL_POLICY_PATH,S_CLASS_ADAPT,-1,15,0,24.1272,0.6031799999999999,600,287.2710690196597,1e17d685e93d5731209afa2a3f0212382131e563c0eec0b2bed7e29827a66aa8
1132,MEASURED,FULL_POLICY_PATH,S_ADAPT_OPTIMIZED,-1,15,2,1.3686,0.034215,600,363.60913959145546,f3eef135fbf7cda7d4259deff31d97d81321154c3d403ba8eae0e13e337b36ae
1133,MEASURED,FULL_POLICY_PATH,M11_REFERENCE,530101,20,4,171.841,4.296025,800,107.49725294030088,a3d86880da36c46da8dc4226de2d15a21bafcbb3d3de6234525944bb5aa264e7
1134,MEASURED,FULL_POLICY_PATH,M11_OPTIMIZED,530101,10,3,119.4101,2.9852525,400,97.29233640543227,e2ac0f2f414f8e7b0771e1cf681e9fa7f847877736a984a87d7eae625858a2be
1135,MEASURED,FULL_POLICY_PATH,S_ADAPT_REFERENCE,-1,10,4,24.5277,0.6131925,400,271.37676933407784,88737f813284457f30f2c69d44f68791f7370e2c49c928c86777821b577f4051
1136,MEASURED,FULL_POLICY_PATH,M11_OPTIMIZED,530101,10,0,120.3681,3.0092025,400,72.99146302310172,e7c35db7138d5e4d01b4cc857cbad087b7738d5333c1cd3599fbeb0aa1d0e715
1137,MEASURED,FULL_POLICY_PATH,S_ADAPT_REFERENCE,-1,20,0,24.2757,0.6068925000000001,800,441.55207175016403,3a221c89dcb7b438299f2f48d0eef0494bea948ec6de9698110e215c3af14aea
1138,MEASURED,FULL_POLICY_PATH,S_CLASS_ADAPT,-1,20,2,25.5586,0.638965,800,356.35799271053946,75557298d531d59da7316cd3f0499696bdd3ea24d88530138fcd48b3c57c7775
1139,MEASURED,FULL_POLICY_PATH,M11_OPTIMIZED,530101,20,0,123.7128,3.09282,800,111.63427928148889,572f3263127b4169ac34f08b36891d7413aed8677c721a37c36d255a3899a9b3
1140,MEASURED,FULL_POLICY_PATH,S_ADAPT_REFERENCE,-1,20,2,24.4926,0.6123149999999999,800,432.81260257959366,e79987f149cce4d4391ef92c6a97c1d767fd16cd492c031ea4af70e8451de98c
1141,MEASURED,FULL_POLICY_PATH,M11_OPTIMIZED,530101,10,0,119.2042,2.980105,400,72.99146302310172,e7c35db7138d5e4d01b4cc857cbad087b7738d5333c1cd3599fbeb0aa1d0e715
1142,MEASURED,FULL_POLICY_PATH,M11_OPTIMIZED,530101,20,0,121.4074,3.035185,800,111.63427928148889,572f3263127b4169ac34f08b36891d7413aed8677c721a37c36d255a3899a9b3
1143,MEASURED,FULL_POLICY_PATH,M11_REFERENCE,530101,10,4,160.9358,4.023395,400,68.38854427300772,28b79183e97c33c01ad9eb08a621cfb39e8a80e95d38c09997c1d42fc0bd92aa
1144,MEASURED,FULL_POLICY_PATH,S_ADAPT_REFERENCE,-1,20,4,24.4148,0.61037,800,428.6769134104252,a4557f4ce7bfe56aa5dcd63a55abb879b843c5e934e2dfc46b1bb08a31d616cb
1145,MEASURED,FULL_POLICY_PATH,M11_REFERENCE,530101,20,3,167.3035,4.1825875,800,146.51983876547857,67a588433daba80df4bc1c340bf736b7fd5266dbd6db36bc042c11d3251a6616
1146,MEASURED,FULL_POLICY_PATH,M11_OPTIMIZED,530101,20,0,123.1255,3.0781375,800,111.63427928148889,572f3263127b4169ac34f08b36891d7413aed8677c721a37c36d255a3899a9b3
1147,MEASURED,FULL_POLICY_PATH,M11_REFERENCE,530101,15,2,167.4101,4.1852525,600,97.01479891499869,7e6d95d769c7d9687624018c1d858390f954fe241d6b8975ccdd997e695297b3
1148,MEASURED,FULL_POLICY_PATH,M11_OPTIMIZED,530101,10,3,124.8548,3.1213699999999998,400,97.29233640543227,e2ac0f2f414f8e7b0771e1cf681e9fa7f847877736a984a87d7eae625858a2be
1149,MEASURED,FULL_POLICY_PATH,S_ADAPT_REFERENCE,-1,10,3,24.2856,0.60714,400,293.82467341423035,4041c2353650ffc3521df07aeec818741f2a7f8acf14590c93615e6d8d3ced8c
1150,MEASURED,FULL_POLICY_PATH,S_ADAPT_OPTIMIZED,-1,20,2,0.8344,0.02086,800,432.81260257959366,e79987f149cce4d4391ef92c6a97c1d767fd16cd492c031ea4af70e8451de98c
1151,MEASURED,FULL_POLICY_PATH,M11_OPTIMIZED,530101,10,3,120.6261,3.0156525,400,97.29233640543227,e2ac0f2f414f8e7b0771e1cf681e9fa7f847877736a984a87d7eae625858a2be
1152,MEASURED,FULL_POLICY_PATH,S_ADAPT_REFERENCE,-1,20,2,24.7196,0.61799,800,432.81260257959366,e79987f149cce4d4391ef92c6a97c1d767fd16cd492c031ea4af70e8451de98c
1153,MEASURED,FULL_POLICY_PATH,S_ADAPT_REFERENCE,-1,20,4,24.3125,0.6078125,800,428.6769134104252,a4557f4ce7bfe56aa5dcd63a55abb879b843c5e934e2dfc46b1bb08a31d616cb
1154,MEASURED,FULL_POLICY_PATH,M11_REFERENCE,530101,10,1,161.0031,4.0250775,400,62.94320651540613,1f16862fb35fea7c20a78a332c201ac0ebb4d60127abe43776c0618b1143b81b
1155,MEASURED,FULL_POLICY_PATH,S_ADAPT_REFERENCE,-1,10,2,24.5439,0.6135975,400,278.2561217844486,6b879b5ecb141762cd197fdffe85d1828a5f5bb545a8ba4e2aab31ea59c47870
1156,MEASURED,FULL_POLICY_PATH,M11_OPTIMIZED,530101,10,0,120.0521,3.0013025,400,72.99146302310172,e7c35db7138d5e4d01b4cc857cbad087b7738d5333c1cd3599fbeb0aa1d0e715
1157,MEASURED,FULL_POLICY_PATH,M11_OPTIMIZED,530101,20,3,125.2484,3.1312100000000003,800,146.51983876547857,67a588433daba80df4bc1c340bf736b7fd5266dbd6db36bc042c11d3251a6616
1158,MEASURED,FULL_POLICY_PATH,M11_OPTIMIZED,530101,10,2,354.8431,8.8710775,400,71.15188249646685,9b25952942cfac66d6dd841368d70f12dd91486c3cf6a523c8fcc245cc3f86b3
1159,MEASURED,FULL_POLICY_PATH,S_ADAPT_OPTIMIZED,-1,10,4,1.6519,0.0412975,400,271.37676933407784,88737f813284457f30f2c69d44f68791f7370e2c49c928c86777821b577f4051
1160,MEASURED,FULL_POLICY_PATH,S_ADAPT_OPTIMIZED,-1,10,2,0.9596,0.02399,400,278.2561217844486,6b879b5ecb141762cd197fdffe85d1828a5f5bb545a8ba4e2aab31ea59c47870
1161,MEASURED,FULL_POLICY_PATH,M11_REFERENCE,530101,10,3,159.7624,3.99406,400,97.29233640543227,e2ac0f2f414f8e7b0771e1cf681e9fa7f847877736a984a87d7eae625858a2be
1162,MEASURED,FULL_POLICY_PATH,M11_REFERENCE,530101,20,2,173.1765,4.3294125,800,109.65310171004846,7fa0870805ff4cf7f09e6127254261b25246cc80f569411aae3dc5104d2933cc
1163,MEASURED,FULL_POLICY_PATH,S_CLASS_ADAPT,-1,20,2,25.2171,0.6304274999999999,800,356.35799271053946,75557298d531d59da7316cd3f0499696bdd3ea24d88530138fcd48b3c57c7775
1164,MEASURED,FULL_POLICY_PATH,M11_OPTIMIZED,530101,10,0,123.8994,3.097485,400,72.99146302310172,e7c35db7138d5e4d01b4cc857cbad087b7738d5333c1cd3599fbeb0aa1d0e715
1165,MEASURED,FULL_POLICY_PATH,S_ADAPT_OPTIMIZED,-1,10,1,1.963,0.049075,400,275.9327971637249,1ce6b8ff41cb97b662aedc7ad8bedd7c817837cf26b99fc81f6d1ec0c5c1c3ce
1166,MEASURED,FULL_POLICY_PATH,S_ADAPT_OPTIMIZED,-1,10,4,0.8033,0.0200825,400,271.37676933407784,88737f813284457f30f2c69d44f68791f7370e2c49c928c86777821b577f4051
1167,MEASURED,FULL_POLICY_PATH,S_CLASS_ADAPT,-1,15,2,23.7249,0.5931225,600,268.11715816665776,96a8c33feb580d08b8f4ca5f1fe6b48845c46aeb9ac0b3b8044b6d72a5883fa6
1168,MEASURED,FULL_POLICY_PATH,M11_REFERENCE,530101,20,4,167.7514,4.193785,800,107.49725294030088,a3d86880da36c46da8dc4226de2d15a21bafcbb3d3de6234525944bb5aa264e7
1169,MEASURED,FULL_POLICY_PATH,S_ADAPT_OPTIMIZED,-1,10,1,1.3573,0.0339325,400,275.9327971637249,1ce6b8ff41cb97b662aedc7ad8bedd7c817837cf26b99fc81f6d1ec0c5c1c3ce
1170,MEASURED,FULL_POLICY_PATH,S_ADAPT_OPTIMIZED,-1,15,2,0.8346,0.020865,600,363.60913959145546,f3eef135fbf7cda7d4259deff31d97d81321154c3d403ba8eae0e13e337b36ae
1171,MEASURED,FULL_POLICY_PATH,S_ADAPT_OPTIMIZED,-1,20,0,0.7859,0.019647500000000002,800,441.55207175016403,3a221c89dcb7b438299f2f48d0eef0494bea948ec6de9698110e215c3af14aea
1172,MEASURED,FULL_POLICY_PATH,S_ADAPT_REFERENCE,-1,15,0,24.2135,0.6053375,600,371.3841568529606,b3004c94c0a1acc4bea41b0fbb2b1d0eba865c9be972d407e019303ca1057a20
1173,MEASURED,FULL_POLICY_PATH,S_ADAPT_REFERENCE,-1,15,0,24.0016,0.60004,600,371.3841568529606,b3004c94c0a1acc4bea41b0fbb2b1d0eba865c9be972d407e019303ca1057a20
1174,MEASURED,FULL_POLICY_PATH,M11_OPTIMIZED,530101,15,3,127.6157,3.1903925,600,130.3358717953731,189881a5e1bfcc51a0b294aead80a5689fa4ff9cc9441444624324248e655954
1175,MEASURED,FULL_POLICY_PATH,S_ADAPT_OPTIMIZED,-1,20,1,1.424,0.0356,800,415.7503350973129,6d0cb0c4405dc90387b55d6457229758e4276ae0e27c754a78dcc25cc13f41c8
1176,MEASURED,FULL_POLICY_PATH,M11_OPTIMIZED,530101,20,4,129.5369,3.2384225,800,107.49725294030088,a3d86880da36c46da8dc4226de2d15a21bafcbb3d3de6234525944bb5aa264e7
1177,MEASURED,FULL_POLICY_PATH,S_ADAPT_OPTIMIZED,-1,20,0,1.438,0.035949999999999996,800,441.55207175016403,3a221c89dcb7b438299f2f48d0eef0494bea948ec6de9698110e215c3af14aea
1178,MEASURED,FULL_POLICY_PATH,S_ADAPT_REFERENCE,-1,10,3,24.1664,0.60416,400,293.82467341423035,4041c2353650ffc3521df07aeec818741f2a7f8acf14590c93615e6d8d3ced8c
1179,MEASURED,FULL_POLICY_PATH,S_CLASS_ADAPT,-1,20,0,25.9661,0.6491525,800,383.886218862122,00f445c4e48aec771fd229970d380b5ed26cdc3c704c0b85eb0c822637dbe014
1180,MEASURED,FULL_POLICY_PATH,S_ADAPT_OPTIMIZED,-1,20,4,1.3992,0.03498,800,428.6769134104252,a4557f4ce7bfe56aa5dcd63a55abb879b843c5e934e2dfc46b1bb08a31d616cb
1181,MEASURED,FULL_POLICY_PATH,M11_REFERENCE,530101,20,1,169.1535,4.2288375,800,94.47869624869647,10a79b6eb4692460620841197d21cd855c4439e299eaf5266b74fedcd9385dea
1182,MEASURED,FULL_POLICY_PATH,S_CLASS_ADAPT,-1,15,0,24.3707,0.6092675,600,287.2710690196597,1e17d685e93d5731209afa2a3f0212382131e563c0eec0b2bed7e29827a66aa8
1183,MEASURED,FULL_POLICY_PATH,S_ADAPT_REFERENCE,-1,10,2,24.5583,0.6139574999999999,400,278.2561217844486,6b879b5ecb141762cd197fdffe85d1828a5f5bb545a8ba4e2aab31ea59c47870
1184,MEASURED,FULL_POLICY_PATH,S_CLASS_ADAPT,-1,20,2,25.5626,0.639065,800,356.35799271053946,75557298d531d59da7316cd3f0499696bdd3ea24d88530138fcd48b3c57c7775
1185,MEASURED,FULL_POLICY_PATH,S_ADAPT_REFERENCE,-1,15,3,24.4491,0.6112275,600,386.0996204018593,252c151f42ca3b8e280b1fc6e087a8dee2153f14747c336e7dcac0134425feea
1186,MEASURED,FULL_POLICY_PATH,S_ADAPT_OPTIMIZED,-1,10,3,0.881,0.022025,400,293.82467341423035,4041c2353650ffc3521df07aeec818741f2a7f8acf14590c93615e6d8d3ced8c
1187,MEASURED,FULL_POLICY_PATH,S_ADAPT_REFERENCE,-1,15,0,23.9391,0.5984775,600,371.3841568529606,b3004c94c0a1acc4bea41b0fbb2b1d0eba865c9be972d407e019303ca1057a20
1188,MEASURED,FULL_POLICY_PATH,M11_REFERENCE,530101,15,2,175.9287,4.3982174999999994,600,97.01479891499869,7e6d95d769c7d9687624018c1d858390f954fe241d6b8975ccdd997e695297b3
1189,MEASURED,FULL_POLICY_PATH,M11_REFERENCE,530101,10,2,168.5917,4.2147925,400,71.15188249646685,9b25952942cfac66d6dd841368d70f12dd91486c3cf6a523c8fcc245cc3f86b3
1190,MEASURED,FULL_POLICY_PATH,S_CLASS_ADAPT,-1,20,0,25.5395,0.6384875,800,383.886218862122,00f445c4e48aec771fd229970d380b5ed26cdc3c704c0b85eb0c822637dbe014
1191,MEASURED,FULL_POLICY_PATH,S_ADAPT_OPTIMIZED,-1,15,2,1.3966,0.034915,600,363.60913959145546,f3eef135fbf7cda7d4259deff31d97d81321154c3d403ba8eae0e13e337b36ae
1192,MEASURED,FULL_POLICY_PATH,M11_REFERENCE,530101,20,4,168.1645,4.2041125,800,107.49725294030088,a3d86880da36c46da8dc4226de2d15a21bafcbb3d3de6234525944bb5aa264e7
1193,MEASURED,FULL_POLICY_PATH,M11_REFERENCE,530101,20,2,167.066,4.17665,800,109.65310171004846,7fa0870805ff4cf7f09e6127254261b25246cc80f569411aae3dc5104d2933cc
1194,MEASURED,FULL_POLICY_PATH,M11_REFERENCE,530101,10,4,163.4865,4.0871625,400,68.38854427300772,28b79183e97c33c01ad9eb08a621cfb39e8a80e95d38c09997c1d42fc0bd92aa
1195,MEASURED,FULL_POLICY_PATH,S_CLASS_ADAPT,-1,15,1,23.8764,0.59691,600,283.0532095499601,7d1af8308f5c93aa06561ffe5a6e4e8171d280157e80fb539c53617d64a713d3
1196,MEASURED,FULL_POLICY_PATH,M11_REFERENCE,530101,10,1,159.4472,3.98618,400,62.94320651540613,1f16862fb35fea7c20a78a332c201ac0ebb4d60127abe43776c0618b1143b81b
1197,MEASURED,FULL_POLICY_PATH,S_ADAPT_REFERENCE,-1,15,3,24.5243,0.6131075,600,386.0996204018593,252c151f42ca3b8e280b1fc6e087a8dee2153f14747c336e7dcac0134425feea
1198,MEASURED,FULL_POLICY_PATH,S_ADAPT_REFERENCE,-1,20,4,23.9937,0.5998425000000001,800,428.6769134104252,a4557f4ce7bfe56aa5dcd63a55abb879b843c5e934e2dfc46b1bb08a31d616cb
1199,MEASURED,FULL_POLICY_PATH,S_CLASS_ADAPT,-1,10,3,21.0987,0.5274675,400,186.50780508403346,a3c2f307a616d43b5a02e213bccebf46176f954a667daa40f4000573be5ad998
1200,MEASURED,FULL_POLICY_PATH,S_ADAPT_REFERENCE,-1,15,3,24.9764,0.62441,600,386.0996204018593,252c151f42ca3b8e280b1fc6e087a8dee2153f14747c336e7dcac0134425feea
1201,MEASURED,FULL_POLICY_PATH,M11_REFERENCE,530101,15,3,167.0601,4.1765025,600,130.3358717953731,189881a5e1bfcc51a0b294aead80a5689fa4ff9cc9441444624324248e655954
1202,MEASURED,FULL_POLICY_PATH,S_ADAPT_REFERENCE,-1,10,0,24.069,0.601725,400,284.22937551140785,53942cbb9a8a5a64b0db98a82f4fce558f482e6886ecc097434e9fba646b0a60
1203,MEASURED,FULL_POLICY_PATH,S_CLASS_ADAPT,-1,20,0,25.5356,0.63839,800,383.886218862122,00f445c4e48aec771fd229970d380b5ed26cdc3c704c0b85eb0c822637dbe014
1204,MEASURED,FULL_POLICY_PATH,S_CLASS_ADAPT,-1,20,4,25.1941,0.6298524999999999,800,370.2893833845736,401c16a4253fa5039c53739f05775277b6b1ab5d2f80670918dab115270a0bfb
1205,MEASURED,FULL_POLICY_PATH,S_ADAPT_OPTIMIZED,-1,20,2,1.5198,0.037995,800,432.81260257959366,e79987f149cce4d4391ef92c6a97c1d767fd16cd492c031ea4af70e8451de98c
1206,MEASURED,FULL_POLICY_PATH,S_ADAPT_REFERENCE,-1,20,2,24.0356,0.6008899999999999,800,432.81260257959366,e79987f149cce4d4391ef92c6a97c1d767fd16cd492c031ea4af70e8451de98c
1207,MEASURED,FULL_POLICY_PATH,S_CLASS_ADAPT,-1,20,2,25.4397,0.6359925,800,356.35799271053946,75557298d531d59da7316cd3f0499696bdd3ea24d88530138fcd48b3c57c7775
1208,MEASURED,FULL_POLICY_PATH,M11_REFERENCE,530101,15,2,163.297,4.082425,600,97.01479891499869,7e6d95d769c7d9687624018c1d858390f954fe241d6b8975ccdd997e695297b3
1209,MEASURED,FULL_POLICY_PATH,S_ADAPT_OPTIMIZED,-1,15,3,1.4533,0.036332500000000004,600,386.0996204018593,252c151f42ca3b8e280b1fc6e087a8dee2153f14747c336e7dcac0134425feea
1210,MEASURED,FULL_POLICY_PATH,S_ADAPT_OPTIMIZED,-1,20,4,0.9874,0.024685000000000002,800,428.6769134104252,a4557f4ce7bfe56aa5dcd63a55abb879b843c5e934e2dfc46b1bb08a31d616cb
1211,MEASURED,FULL_POLICY_PATH,S_CLASS_ADAPT,-1,15,0,23.9001,0.5975024999999999,600,287.2710690196597,1e17d685e93d5731209afa2a3f0212382131e563c0eec0b2bed7e29827a66aa8
1212,MEASURED,FULL_POLICY_PATH,M11_REFERENCE,530101,15,1,164.2132,4.10533,600,83.67778409735129,ef43848fe57bfab6314f95d3543e966a8b08c097b3706610f18e7b16785f617f
1213,MEASURED,FULL_POLICY_PATH,M11_REFERENCE,530101,10,1,160.4651,4.0116275,400,62.94320651540613,1f16862fb35fea7c20a78a332c201ac0ebb4d60127abe43776c0618b1143b81b
1214,MEASURED,FULL_POLICY_PATH,S_ADAPT_OPTIMIZED,-1,20,1,1.5448,0.03862,800,415.7503350973129,6d0cb0c4405dc90387b55d6457229758e4276ae0e27c754a78dcc25cc13f41c8
1215,MEASURED,FULL_POLICY_PATH,S_ADAPT_REFERENCE,-1,10,2,24.2086,0.6052150000000001,400,278.2561217844486,6b879b5ecb141762cd197fdffe85d1828a5f5bb545a8ba4e2aab31ea59c47870
1216,MEASURED,FULL_POLICY_PATH,M11_OPTIMIZED,530101,15,1,126.671,3.1667750000000003,600,83.67778409735129,ef43848fe57bfab6314f95d3543e966a8b08c097b3706610f18e7b16785f617f
1217,MEASURED,FULL_POLICY_PATH,S_ADAPT_OPTIMIZED,-1,20,3,1.4408,0.03602,800,457.9206243157387,21e3005e62f6d231cb3cc40fdf9074ca833f899ce9df57bbef5710e5840e09f9
1218,MEASURED,FULL_POLICY_PATH,S_ADAPT_OPTIMIZED,-1,15,0,0.8944,0.022359999999999998,600,371.3841568529606,b3004c94c0a1acc4bea41b0fbb2b1d0eba865c9be972d407e019303ca1057a20
1219,MEASURED,FULL_POLICY_PATH,M11_REFERENCE,530101,20,2,169.7983,4.2449575,800,109.65310171004846,7fa0870805ff4cf7f09e6127254261b25246cc80f569411aae3dc5104d2933cc
1220,MEASURED,FULL_POLICY_PATH,M11_OPTIMIZED,530101,20,2,128.6843,3.2171075,800,109.65310171004846,7fa0870805ff4cf7f09e6127254261b25246cc80f569411aae3dc5104d2933cc
1221,MEASURED,FULL_POLICY_PATH,S_ADAPT_REFERENCE,-1,20,1,24.6667,0.6166674999999999,800,415.7503350973129,6d0cb0c4405dc90387b55d6457229758e4276ae0e27c754a78dcc25cc13f41c8
1222,MEASURED,FULL_POLICY_PATH,M11_OPTIMIZED,530101,20,2,125.0322,3.125805,800,109.65310171004846,7fa0870805ff4cf7f09e6127254261b25246cc80f569411aae3dc5104d2933cc
1223,MEASURED,FULL_POLICY_PATH,M11_OPTIMIZED,530101,10,0,119.6627,2.9915675,400,72.99146302310172,e7c35db7138d5e4d01b4cc857cbad087b7738d5333c1cd3599fbeb0aa1d0e715
1224,MEASURED,FULL_POLICY_PATH,S_CLASS_ADAPT,-1,20,0,25.4571,0.6364275,800,383.886218862122,00f445c4e48aec771fd229970d380b5ed26cdc3c704c0b85eb0c822637dbe014
1225,MEASURED,FULL_POLICY_PATH,S_ADAPT_REFERENCE,-1,15,0,24.6499,0.6162475,600,371.3841568529606,b3004c94c0a1acc4bea41b0fbb2b1d0eba865c9be972d407e019303ca1057a20
1226,MEASURED,FULL_POLICY_PATH,S_ADAPT_OPTIMIZED,-1,20,1,0.9104,0.02276,800,415.7503350973129,6d0cb0c4405dc90387b55d6457229758e4276ae0e27c754a78dcc25cc13f41c8
1227,MEASURED,FULL_POLICY_PATH,M11_OPTIMIZED,530101,20,0,126.4433,3.1610825,800,111.63427928148889,572f3263127b4169ac34f08b36891d7413aed8677c721a37c36d255a3899a9b3
1228,MEASURED,FULL_POLICY_PATH,M11_OPTIMIZED,530101,20,4,128.4184,3.21046,800,107.49725294030088,a3d86880da36c46da8dc4226de2d15a21bafcbb3d3de6234525944bb5aa264e7
1229,MEASURED,FULL_POLICY_PATH,S_CLASS_ADAPT,-1,20,4,25.6383,0.6409575000000001,800,370.2893833845736,401c16a4253fa5039c53739f05775277b6b1ab5d2f80670918dab115270a0bfb
1230,MEASURED,FULL_POLICY_PATH,S_ADAPT_OPTIMIZED,-1,10,4,1.4361,0.0359025,400,271.37676933407784,88737f813284457f30f2c69d44f68791f7370e2c49c928c86777821b577f4051
1231,MEASURED,FULL_POLICY_PATH,S_CLASS_ADAPT,-1,20,3,25.2051,0.6301275000000001,800,407.26081500314206,ef2642c75a3f0d2ba9ad1cd2636aa2b92ff1122a9db901edc8efd639a42c70c3
1232,MEASURED,FULL_POLICY_PATH,S_ADAPT_OPTIMIZED,-1,20,2,1.3198,0.032995000000000003,800,432.81260257959366,e79987f149cce4d4391ef92c6a97c1d767fd16cd492c031ea4af70e8451de98c
1233,MEASURED,FULL_POLICY_PATH,M11_REFERENCE,530101,20,1,170.9364,4.27341,800,94.47869624869647,10a79b6eb4692460620841197d21cd855c4439e299eaf5266b74fedcd9385dea
1234,MEASURED,FULL_POLICY_PATH,M11_REFERENCE,530101,15,0,171.2879,4.2821975000000005,600,97.20164785567786,5dfc6e9b928df4d0f08ff5efa0db383122234cf621cb1aff31d5dc76cea53281
1235,MEASURED,FULL_POLICY_PATH,S_CLASS_ADAPT,-1,20,2,25.3165,0.6329125,800,356.35799271053946,75557298d531d59da7316cd3f0499696bdd3ea24d88530138fcd48b3c57c7775
1236,MEASURED,FULL_POLICY_PATH,S_ADAPT_OPTIMIZED,-1,15,3,1.3671,0.0341775,600,386.0996204018593,252c151f42ca3b8e280b1fc6e087a8dee2153f14747c336e7dcac0134425feea
1237,MEASURED,FULL_POLICY_PATH,M11_REFERENCE,530101,15,3,171.2986,4.282465,600,130.3358717953731,189881a5e1bfcc51a0b294aead80a5689fa4ff9cc9441444624324248e655954
1238,MEASURED,FULL_POLICY_PATH,M11_OPTIMIZED,530101,20,0,129.0231,3.2255775,800,111.63427928148889,572f3263127b4169ac34f08b36891d7413aed8677c721a37c36d255a3899a9b3
1239,MEASURED,FULL_POLICY_PATH,S_ADAPT_REFERENCE,-1,15,3,26.1624,0.6540600000000001,600,386.0996204018593,252c151f42ca3b8e280b1fc6e087a8dee2153f14747c336e7dcac0134425feea
1240,MEASURED,FULL_POLICY_PATH,S_ADAPT_REFERENCE,-1,10,4,24.281,0.6070249999999999,400,271.37676933407784,88737f813284457f30f2c69d44f68791f7370e2c49c928c86777821b577f4051
1241,MEASURED,FULL_POLICY_PATH,S_ADAPT_REFERENCE,-1,20,2,23.9692,0.59923,800,432.81260257959366,e79987f149cce4d4391ef92c6a97c1d767fd16cd492c031ea4af70e8451de98c
1242,MEASURED,FULL_POLICY_PATH,M11_OPTIMIZED,530101,15,4,123.8311,3.0957775,600,93.15287583446096,f4a94ff0a77b6bd17929b939cf25ec2bc7ef76ebdf3f58bce2d75db46d2d99f4
1243,MEASURED,FULL_POLICY_PATH,S_CLASS_ADAPT,-1,10,1,21.2165,0.5304125,400,172.9455011671386,de9b8748444630c399dc8411a9116aafed312522708a050ee5412237cb83d72c
1244,MEASURED,FULL_POLICY_PATH,S_CLASS_ADAPT,-1,20,0,25.402,0.63505,800,383.886218862122,00f445c4e48aec771fd229970d380b5ed26cdc3c704c0b85eb0c822637dbe014
1245,MEASURED,FULL_POLICY_PATH,S_ADAPT_REFERENCE,-1,10,0,24.3514,0.608785,400,284.22937551140785,53942cbb9a8a5a64b0db98a82f4fce558f482e6886ecc097434e9fba646b0a60
1246,MEASURED,FULL_POLICY_PATH,M11_OPTIMIZED,530101,15,2,123.6074,3.090185,600,97.01479891499869,7e6d95d769c7d9687624018c1d858390f954fe241d6b8975ccdd997e695297b3
1247,MEASURED,FULL_POLICY_PATH,S_CLASS_ADAPT,-1,20,1,25.6323,0.6408075,800,372.6084638228953,ee5652b9bec073594429470f15cf4f82f34e780685ff432ebf65ba8cd017f113
1248,MEASURED,FULL_POLICY_PATH,S_ADAPT_OPTIMIZED,-1,10,3,1.3525,0.0338125,400,293.82467341423035,4041c2353650ffc3521df07aeec818741f2a7f8acf14590c93615e6d8d3ced8c
1249,MEASURED,FULL_POLICY_PATH,S_ADAPT_REFERENCE,-1,15,4,24.3946,0.609865,600,357.80318182706833,5938eba45c73290974057dd22f17b06e25d6b2d6c0e2628f2227edfdebb7b23b
1250,MEASURED,FULL_POLICY_PATH,S_ADAPT_OPTIMIZED,-1,20,0,0.8551,0.0213775,800,441.55207175016403,3a221c89dcb7b438299f2f48d0eef0494bea948ec6de9698110e215c3af14aea
1251,MEASURED,FULL_POLICY_PATH,M11_REFERENCE,530101,15,4,167.2392,4.18098,600,93.15287583446096,f4a94ff0a77b6bd17929b939cf25ec2bc7ef76ebdf3f58bce2d75db46d2d99f4
1252,MEASURED,FULL_POLICY_PATH,M11_OPTIMIZED,530101,15,2,124.0967,3.1024175,600,97.01479891499869,7e6d95d769c7d9687624018c1d858390f954fe241d6b8975ccdd997e695297b3
1253,MEASURED,FULL_POLICY_PATH,S_ADAPT_REFERENCE,-1,15,4,24.3277,0.6081925,600,357.80318182706833,5938eba45c73290974057dd22f17b06e25d6b2d6c0e2628f2227edfdebb7b23b
1254,MEASURED,FULL_POLICY_PATH,S_ADAPT_REFERENCE,-1,20,1,23.7794,0.5944849999999999,800,415.7503350973129,6d0cb0c4405dc90387b55d6457229758e4276ae0e27c754a78dcc25cc13f41c8
1255,MEASURED,FULL_POLICY_PATH,S_ADAPT_REFERENCE,-1,10,2,23.6552,0.59138,400,278.2561217844486,6b879b5ecb141762cd197fdffe85d1828a5f5bb545a8ba4e2aab31ea59c47870
1256,MEASURED,FULL_POLICY_PATH,S_CLASS_ADAPT,-1,15,1,24.1903,0.6047575000000001,600,283.0532095499601,7d1af8308f5c93aa06561ffe5a6e4e8171d280157e80fb539c53617d64a713d3
1257,MEASURED,FULL_POLICY_PATH,S_CLASS_ADAPT,-1,15,4,24.3066,0.607665,600,276.3170752508822,27aabfe6a729af2812a5ada63c37b64305e0046a8692b0324f79ecf9123ba647
1258,MEASURED,FULL_POLICY_PATH,S_CLASS_ADAPT,-1,15,0,23.9239,0.5980975,600,287.2710690196597,1e17d685e93d5731209afa2a3f0212382131e563c0eec0b2bed7e29827a66aa8
1259,MEASURED,FULL_POLICY_PATH,S_CLASS_ADAPT,-1,10,4,20.6599,0.5164975,400,163.21071502449217,7b4a15a5d6e277fa7d3b8e934445946a80f77d14bcbbef5b2fc2dad80699cb74
1260,MEASURED,FULL_POLICY_PATH,S_ADAPT_OPTIMIZED,-1,10,1,1.3602,0.034005,400,275.9327971637249,1ce6b8ff41cb97b662aedc7ad8bedd7c817837cf26b99fc81f6d1ec0c5c1c3ce
1261,MEASURED,FULL_POLICY_PATH,S_ADAPT_OPTIMIZED,-1,10,4,0.7187,0.0179675,400,271.37676933407784,88737f813284457f30f2c69d44f68791f7370e2c49c928c86777821b577f4051
1262,MEASURED,FULL_POLICY_PATH,M11_REFERENCE,530101,10,1,172.2886,4.307215,400,62.94320651540613,1f16862fb35fea7c20a78a332c201ac0ebb4d60127abe43776c0618b1143b81b
1263,MEASURED,FULL_POLICY_PATH,S_CLASS_ADAPT,-1,10,3,20.7669,0.5191725,400,186.50780508403346,a3c2f307a616d43b5a02e213bccebf46176f954a667daa40f4000573be5ad998
1264,MEASURED,FULL_POLICY_PATH,S_ADAPT_OPTIMIZED,-1,20,4,1.3974,0.034935,800,428.6769134104252,a4557f4ce7bfe56aa5dcd63a55abb879b843c5e934e2dfc46b1bb08a31d616cb
1265,MEASURED,FULL_POLICY_PATH,S_CLASS_ADAPT,-1,20,1,25.649,0.641225,800,372.6084638228953,ee5652b9bec073594429470f15cf4f82f34e780685ff432ebf65ba8cd017f113
1266,MEASURED,FULL_POLICY_PATH,S_ADAPT_REFERENCE,-1,15,0,24.2909,0.6072725,600,371.3841568529606,b3004c94c0a1acc4bea41b0fbb2b1d0eba865c9be972d407e019303ca1057a20
1267,MEASURED,FULL_POLICY_PATH,S_CLASS_ADAPT,-1,10,1,20.9006,0.5225150000000001,400,172.9455011671386,de9b8748444630c399dc8411a9116aafed312522708a050ee5412237cb83d72c
1268,MEASURED,FULL_POLICY_PATH,S_ADAPT_OPTIMIZED,-1,20,1,1.2524,0.03131,800,415.7503350973129,6d0cb0c4405dc90387b55d6457229758e4276ae0e27c754a78dcc25cc13f41c8
1269,MEASURED,FULL_POLICY_PATH,S_ADAPT_REFERENCE,-1,10,2,23.9006,0.597515,400,278.2561217844486,6b879b5ecb141762cd197fdffe85d1828a5f5bb545a8ba4e2aab31ea59c47870
1270,MEASURED,FULL_POLICY_PATH,S_CLASS_ADAPT,-1,15,1,24.0778,0.601945,600,283.0532095499601,7d1af8308f5c93aa06561ffe5a6e4e8171d280157e80fb539c53617d64a713d3
1271,MEASURED,FULL_POLICY_PATH,S_CLASS_ADAPT,-1,10,4,20.8362,0.5209050000000001,400,163.21071502449217,7b4a15a5d6e277fa7d3b8e934445946a80f77d14bcbbef5b2fc2dad80699cb74
1272,MEASURED,FULL_POLICY_PATH,S_ADAPT_REFERENCE,-1,20,3,24.3087,0.6077175,800,457.9206243157387,21e3005e62f6d231cb3cc40fdf9074ca833f899ce9df57bbef5710e5840e09f9
1273,MEASURED,FULL_POLICY_PATH,M11_OPTIMIZED,530101,15,0,122.6081,3.0652025,600,97.20164785567786,5dfc6e9b928df4d0f08ff5efa0db383122234cf621cb1aff31d5dc76cea53281
1274,MEASURED,FULL_POLICY_PATH,S_CLASS_ADAPT,-1,20,4,25.6722,0.641805,800,370.2893833845736,401c16a4253fa5039c53739f05775277b6b1ab5d2f80670918dab115270a0bfb
1275,MEASURED,FULL_POLICY_PATH,S_CLASS_ADAPT,-1,15,0,24.1554,0.603885,600,287.2710690196597,1e17d685e93d5731209afa2a3f0212382131e563c0eec0b2bed7e29827a66aa8
1276,MEASURED,FULL_POLICY_PATH,M11_OPTIMIZED,530101,15,4,127.1856,3.17964,600,93.15287583446096,f4a94ff0a77b6bd17929b939cf25ec2bc7ef76ebdf3f58bce2d75db46d2d99f4
1277,MEASURED,FULL_POLICY_PATH,M11_REFERENCE,530101,20,4,172.0555,4.3013875,800,107.49725294030088,a3d86880da36c46da8dc4226de2d15a21bafcbb3d3de6234525944bb5aa264e7
1278,MEASURED,FULL_POLICY_PATH,S_ADAPT_REFERENCE,-1,20,4,24.3461,0.6086525,800,428.6769134104252,a4557f4ce7bfe56aa5dcd63a55abb879b843c5e934e2dfc46b1bb08a31d616cb
1279,MEASURED,FULL_POLICY_PATH,S_ADAPT_REFERENCE,-1,10,2,24.4179,0.6104475,400,278.2561217844486,6b879b5ecb141762cd197fdffe85d1828a5f5bb545a8ba4e2aab31ea59c47870
1280,MEASURED,FULL_POLICY_PATH,S_CLASS_ADAPT,-1,15,2,23.9923,0.5998075,600,268.11715816665776,96a8c33feb580d08b8f4ca5f1fe6b48845c46aeb9ac0b3b8044b6d72a5883fa6
1281,MEASURED,FULL_POLICY_PATH,S_CLASS_ADAPT,-1,20,1,25.2684,0.63171,800,372.6084638228953,ee5652b9bec073594429470f15cf4f82f34e780685ff432ebf65ba8cd017f113
1282,MEASURED,FULL_POLICY_PATH,M11_REFERENCE,530101,10,3,167.974,4.19935,400,97.29233640543227,e2ac0f2f414f8e7b0771e1cf681e9fa7f847877736a984a87d7eae625858a2be
1283,MEASURED,FULL_POLICY_PATH,M11_REFERENCE,530101,10,4,164.0231,4.1005775,400,68.38854427300772,28b79183e97c33c01ad9eb08a621cfb39e8a80e95d38c09997c1d42fc0bd92aa
1284,MEASURED,FULL_POLICY_PATH,S_ADAPT_REFERENCE,-1,20,1,24.6226,0.6155649999999999,800,415.7503350973129,6d0cb0c4405dc90387b55d6457229758e4276ae0e27c754a78dcc25cc13f41c8
1285,MEASURED,FULL_POLICY_PATH,M11_REFERENCE,530101,20,0,167.2668,4.1816699999999996,800,111.63427928148889,572f3263127b4169ac34f08b36891d7413aed8677c721a37c36d255a3899a9b3
1286,MEASURED,FULL_POLICY_PATH,M11_OPTIMIZED,530101,20,2,124.1343,3.1033575,800,109.65310171004846,7fa0870805ff4cf7f09e6127254261b25246cc80f569411aae3dc5104d2933cc
1287,MEASURED,FULL_POLICY_PATH,M11_REFERENCE,530101,20,1,168.7801,4.2195025,800,94.47869624869647,10a79b6eb4692460620841197d21cd855c4439e299eaf5266b74fedcd9385dea
1288,MEASURED,FULL_POLICY_PATH,M11_REFERENCE,530101,15,1,168.3874,4.209685,600,83.67778409735129,ef43848fe57bfab6314f95d3543e966a8b08c097b3706610f18e7b16785f617f
1289,MEASURED,FULL_POLICY_PATH,S_ADAPT_OPTIMIZED,-1,20,0,1.4116,0.03529,800,441.55207175016403,3a221c89dcb7b438299f2f48d0eef0494bea948ec6de9698110e215c3af14aea
1290,MEASURED,FULL_POLICY_PATH,M11_OPTIMIZED,530101,20,4,127.2211,3.1805275,800,107.49725294030088,a3d86880da36c46da8dc4226de2d15a21bafcbb3d3de6234525944bb5aa264e7
1291,MEASURED,FULL_POLICY_PATH,S_CLASS_ADAPT,-1,20,4,25.8423,0.6460575000000001,800,370.2893833845736,401c16a4253fa5039c53739f05775277b6b1ab5d2f80670918dab115270a0bfb
1292,MEASURED,FULL_POLICY_PATH,S_ADAPT_REFERENCE,-1,10,2,24.3413,0.6085325,400,278.2561217844486,6b879b5ecb141762cd197fdffe85d1828a5f5bb545a8ba4e2aab31ea59c47870
1293,MEASURED,FULL_POLICY_PATH,M11_OPTIMIZED,530101,15,3,127.0909,3.1772725,600,130.3358717953731,189881a5e1bfcc51a0b294aead80a5689fa4ff9cc9441444624324248e655954
1294,MEASURED,FULL_POLICY_PATH,S_ADAPT_OPTIMIZED,-1,15,0,1.4026,0.035065,600,371.3841568529606,b3004c94c0a1acc4bea41b0fbb2b1d0eba865c9be972d407e019303ca1057a20
1295,MEASURED,FULL_POLICY_PATH,M11_OPTIMIZED,530101,20,0,129.1796,3.2294899999999997,800,111.63427928148889,572f3263127b4169ac34f08b36891d7413aed8677c721a37c36d255a3899a9b3
1296,MEASURED,FULL_POLICY_PATH,S_ADAPT_REFERENCE,-1,15,3,24.4918,0.612295,600,386.0996204018593,252c151f42ca3b8e280b1fc6e087a8dee2153f14747c336e7dcac0134425feea
1297,MEASURED,FULL_POLICY_PATH,S_CLASS_ADAPT,-1,10,0,21.2845,0.5321125,400,169.56029704522783,2325eb40fea98334e6d85b23187f1269216705645b7ef82782c7a2b307ca1e3d
1298,MEASURED,FULL_POLICY_PATH,S_CLASS_ADAPT,-1,15,3,23.9055,0.5976375,600,306.37812478227386,fe0517635c660eb8694ad59cfd9c0a564d36a8db6435d901027ff5af7c99af1a
1299,MEASURED,FULL_POLICY_PATH,S_ADAPT_OPTIMIZED,-1,15,0,1.4077,0.0351925,600,371.3841568529606,b3004c94c0a1acc4bea41b0fbb2b1d0eba865c9be972d407e019303ca1057a20
1300,MEASURED,FULL_POLICY_PATH,M11_REFERENCE,530101,10,3,160.4074,4.010185,400,97.29233640543227,e2ac0f2f414f8e7b0771e1cf681e9fa7f847877736a984a87d7eae625858a2be
1301,MEASURED,FULL_POLICY_PATH,S_CLASS_ADAPT,-1,20,4,26.0886,0.652215,800,370.2893833845736,401c16a4253fa5039c53739f05775277b6b1ab5d2f80670918dab115270a0bfb
1302,MEASURED,FULL_POLICY_PATH,S_CLASS_ADAPT,-1,20,1,25.2525,0.6313125,800,372.6084638228953,ee5652b9bec073594429470f15cf4f82f34e780685ff432ebf65ba8cd017f113
1303,MEASURED,FULL_POLICY_PATH,M11_OPTIMIZED,530101,20,0,125.0498,3.126245,800,111.63427928148889,572f3263127b4169ac34f08b36891d7413aed8677c721a37c36d255a3899a9b3
1304,MEASURED,FULL_POLICY_PATH,M11_OPTIMIZED,530101,15,1,125.0433,3.1260825,600,83.67778409735129,ef43848fe57bfab6314f95d3543e966a8b08c097b3706610f18e7b16785f617f
1305,MEASURED,FULL_POLICY_PATH,S_ADAPT_REFERENCE,-1,15,1,24.6387,0.6159675,600,353.76666152477264,106a9662fdc268276fd832a53813a5d41c26843d15913d386057929c37645238
1306,MEASURED,FULL_POLICY_PATH,S_ADAPT_OPTIMIZED,-1,10,4,0.7984,0.01996,400,271.37676933407784,88737f813284457f30f2c69d44f68791f7370e2c49c928c86777821b577f4051
1307,MEASURED,FULL_POLICY_PATH,M11_REFERENCE,530101,15,3,162.2122,4.055305,600,130.3358717953731,189881a5e1bfcc51a0b294aead80a5689fa4ff9cc9441444624324248e655954
1308,MEASURED,FULL_POLICY_PATH,M11_REFERENCE,530101,15,1,161.5641,4.0391025,600,83.67778409735129,ef43848fe57bfab6314f95d3543e966a8b08c097b3706610f18e7b16785f617f
1309,MEASURED,FULL_POLICY_PATH,M11_REFERENCE,530101,10,2,165.7023,4.142557500000001,400,71.15188249646685,9b25952942cfac66d6dd841368d70f12dd91486c3cf6a523c8fcc245cc3f86b3
1310,MEASURED,FULL_POLICY_PATH,S_ADAPT_OPTIMIZED,-1,10,0,1.3801,0.034502500000000005,400,284.22937551140785,53942cbb9a8a5a64b0db98a82f4fce558f482e6886ecc097434e9fba646b0a60
1311,MEASURED,FULL_POLICY_PATH,S_CLASS_ADAPT,-1,15,1,23.9329,0.5983225,600,283.0532095499601,7d1af8308f5c93aa06561ffe5a6e4e8171d280157e80fb539c53617d64a713d3
1312,MEASURED,FULL_POLICY_PATH,M11_REFERENCE,530101,20,3,164.268,4.1067,800,146.51983876547857,67a588433daba80df4bc1c340bf736b7fd5266dbd6db36bc042c11d3251a6616
1313,MEASURED,FULL_POLICY_PATH,S_ADAPT_OPTIMIZED,-1,20,4,1.4662,0.036655,800,428.6769134104252,a4557f4ce7bfe56aa5dcd63a55abb879b843c5e934e2dfc46b1bb08a31d616cb
1314,MEASURED,FULL_POLICY_PATH,S_ADAPT_REFERENCE,-1,20,2,25.2459,0.6311475,800,432.81260257959366,e79987f149cce4d4391ef92c6a97c1d767fd16cd492c031ea4af70e8451de98c
1315,MEASURED,FULL_POLICY_PATH,S_ADAPT_OPTIMIZED,-1,20,4,0.8733,0.021832499999999998,800,428.6769134104252,a4557f4ce7bfe56aa5dcd63a55abb879b843c5e934e2dfc46b1bb08a31d616cb
1316,MEASURED,FULL_POLICY_PATH,M11_REFERENCE,530101,10,1,159.2531,3.9813275,400,62.94320651540613,1f16862fb35fea7c20a78a332c201ac0ebb4d60127abe43776c0618b1143b81b
1317,MEASURED,FULL_POLICY_PATH,M11_REFERENCE,530101,20,2,169.9988,4.249969999999999,800,109.65310171004846,7fa0870805ff4cf7f09e6127254261b25246cc80f569411aae3dc5104d2933cc
1318,MEASURED,FULL_POLICY_PATH,M11_OPTIMIZED,530101,10,3,125.929,3.148225,400,97.29233640543227,e2ac0f2f414f8e7b0771e1cf681e9fa7f847877736a984a87d7eae625858a2be
1319,MEASURED,FULL_POLICY_PATH,S_ADAPT_OPTIMIZED,-1,15,3,1.39,0.034749999999999996,600,386.0996204018593,252c151f42ca3b8e280b1fc6e087a8dee2153f14747c336e7dcac0134425feea
1320,MEASURED,FULL_POLICY_PATH,S_ADAPT_OPTIMIZED,-1,15,3,0.9364,0.02341,600,386.0996204018593,252c151f42ca3b8e280b1fc6e087a8dee2153f14747c336e7dcac0134425feea
1321,MEASURED,FULL_POLICY_PATH,M11_OPTIMIZED,530101,15,2,125.7721,3.1443025,600,97.01479891499869,7e6d95d769c7d9687624018c1d858390f954fe241d6b8975ccdd997e695297b3
1322,MEASURED,FULL_POLICY_PATH,M11_REFERENCE,530101,15,3,165.365,4.134125,600,130.3358717953731,189881a5e1bfcc51a0b294aead80a5689fa4ff9cc9441444624324248e655954
1323,MEASURED,FULL_POLICY_PATH,M11_OPTIMIZED,530101,20,0,124.1565,3.1039125,800,111.63427928148889,572f3263127b4169ac34f08b36891d7413aed8677c721a37c36d255a3899a9b3
1324,MEASURED,FULL_POLICY_PATH,M11_OPTIMIZED,530101,20,0,128.5416,3.2135399999999996,800,111.63427928148889,572f3263127b4169ac34f08b36891d7413aed8677c721a37c36d255a3899a9b3
1325,MEASURED,FULL_POLICY_PATH,S_ADAPT_OPTIMIZED,-1,15,1,1.4047,0.0351175,600,353.76666152477264,106a9662fdc268276fd832a53813a5d41c26843d15913d386057929c37645238
1326,MEASURED,FULL_POLICY_PATH,M11_OPTIMIZED,530101,10,0,118.5286,2.963215,400,72.99146302310172,e7c35db7138d5e4d01b4cc857cbad087b7738d5333c1cd3599fbeb0aa1d0e715
1327,MEASURED,FULL_POLICY_PATH,M11_REFERENCE,530101,15,3,168.8768,4.22192,600,130.3358717953731,189881a5e1bfcc51a0b294aead80a5689fa4ff9cc9441444624324248e655954
1328,MEASURED,FULL_POLICY_PATH,M11_REFERENCE,530101,10,4,162.5579,4.063947499999999,400,68.38854427300772,28b79183e97c33c01ad9eb08a621cfb39e8a80e95d38c09997c1d42fc0bd92aa
1329,MEASURED,FULL_POLICY_PATH,M11_REFERENCE,530101,20,2,171.6007,4.290017499999999,800,109.65310171004846,7fa0870805ff4cf7f09e6127254261b25246cc80f569411aae3dc5104d2933cc
1330,MEASURED,FULL_POLICY_PATH,M11_REFERENCE,530101,20,4,170.2908,4.25727,800,107.49725294030088,a3d86880da36c46da8dc4226de2d15a21bafcbb3d3de6234525944bb5aa264e7
1331,MEASURED,FULL_POLICY_PATH,M11_REFERENCE,530101,10,2,157.6494,3.9412350000000003,400,71.15188249646685,9b25952942cfac66d6dd841368d70f12dd91486c3cf6a523c8fcc245cc3f86b3
1332,MEASURED,FULL_POLICY_PATH,S_ADAPT_REFERENCE,-1,10,0,24.2855,0.6071375,400,284.22937551140785,53942cbb9a8a5a64b0db98a82f4fce558f482e6886ecc097434e9fba646b0a60
1333,MEASURED,FULL_POLICY_PATH,S_ADAPT_REFERENCE,-1,10,0,23.5572,0.5889300000000001,400,284.22937551140785,53942cbb9a8a5a64b0db98a82f4fce558f482e6886ecc097434e9fba646b0a60
1334,MEASURED,FULL_POLICY_PATH,M11_OPTIMIZED,530101,10,2,121.8062,3.0451550000000003,400,71.15188249646685,9b25952942cfac66d6dd841368d70f12dd91486c3cf6a523c8fcc245cc3f86b3
1335,MEASURED,FULL_POLICY_PATH,S_ADAPT_REFERENCE,-1,10,3,25.8716,0.64679,400,293.82467341423035,4041c2353650ffc3521df07aeec818741f2a7f8acf14590c93615e6d8d3ced8c
1336,MEASURED,FULL_POLICY_PATH,M11_REFERENCE,530101,20,0,170.3868,4.25967,800,111.63427928148889,572f3263127b4169ac34f08b36891d7413aed8677c721a37c36d255a3899a9b3
1337,MEASURED,FULL_POLICY_PATH,S_CLASS_ADAPT,-1,15,2,24.0276,0.60069,600,268.11715816665776,96a8c33feb580d08b8f4ca5f1fe6b48845c46aeb9ac0b3b8044b6d72a5883fa6
1338,MEASURED,FULL_POLICY_PATH,S_ADAPT_REFERENCE,-1,20,3,24.4684,0.61171,800,457.9206243157387,21e3005e62f6d231cb3cc40fdf9074ca833f899ce9df57bbef5710e5840e09f9
1339,MEASURED,FULL_POLICY_PATH,M11_REFERENCE,530101,15,4,162.4543,4.0613575,600,93.15287583446096,f4a94ff0a77b6bd17929b939cf25ec2bc7ef76ebdf3f58bce2d75db46d2d99f4
1340,MEASURED,FULL_POLICY_PATH,S_CLASS_ADAPT,-1,10,3,20.4532,0.51133,400,186.50780508403346,a3c2f307a616d43b5a02e213bccebf46176f954a667daa40f4000573be5ad998
1341,MEASURED,FULL_POLICY_PATH,S_CLASS_ADAPT,-1,10,1,20.6065,0.5151625,400,172.9455011671386,de9b8748444630c399dc8411a9116aafed312522708a050ee5412237cb83d72c
1342,MEASURED,FULL_POLICY_PATH,M11_OPTIMIZED,530101,10,1,121.9024,3.04756,400,62.94320651540613,1f16862fb35fea7c20a78a332c201ac0ebb4d60127abe43776c0618b1143b81b
1343,MEASURED,FULL_POLICY_PATH,S_ADAPT_OPTIMIZED,-1,10,3,1.3764,0.03441,400,293.82467341423035,4041c2353650ffc3521df07aeec818741f2a7f8acf14590c93615e6d8d3ced8c
1344,MEASURED,FULL_POLICY_PATH,S_ADAPT_OPTIMIZED,-1,20,1,0.7983,0.0199575,800,415.7503350973129,6d0cb0c4405dc90387b55d6457229758e4276ae0e27c754a78dcc25cc13f41c8
1345,MEASURED,FULL_POLICY_PATH,M11_OPTIMIZED,530101,15,1,126.4318,3.160795,600,83.67778409735129,ef43848fe57bfab6314f95d3543e966a8b08c097b3706610f18e7b16785f617f
1346,MEASURED,FULL_POLICY_PATH,S_CLASS_ADAPT,-1,20,3,25.4388,0.63597,800,407.26081500314206,ef2642c75a3f0d2ba9ad1cd2636aa2b92ff1122a9db901edc8efd639a42c70c3
1347,MEASURED,FULL_POLICY_PATH,S_CLASS_ADAPT,-1,20,4,25.854,0.64635,800,370.2893833845736,401c16a4253fa5039c53739f05775277b6b1ab5d2f80670918dab115270a0bfb
1348,MEASURED,FULL_POLICY_PATH,S_ADAPT_OPTIMIZED,-1,10,2,1.3919,0.034797499999999995,400,278.2561217844486,6b879b5ecb141762cd197fdffe85d1828a5f5bb545a8ba4e2aab31ea59c47870
1349,MEASURED,FULL_POLICY_PATH,M11_OPTIMIZED,530101,20,3,129.1742,3.2293550000000004,800,146.51983876547857,67a588433daba80df4bc1c340bf736b7fd5266dbd6db36bc042c11d3251a6616
1350,MEASURED,FULL_POLICY_PATH,S_ADAPT_OPTIMIZED,-1,10,1,1.3535,0.0338375,400,275.9327971637249,1ce6b8ff41cb97b662aedc7ad8bedd7c817837cf26b99fc81f6d1ec0c5c1c3ce
1351,MEASURED,FULL_POLICY_PATH,S_CLASS_ADAPT,-1,15,0,25.1776,0.62944,600,287.2710690196597,1e17d685e93d5731209afa2a3f0212382131e563c0eec0b2bed7e29827a66aa8
1352,MEASURED,FULL_POLICY_PATH,S_ADAPT_REFERENCE,-1,15,4,24.1316,0.60329,600,357.80318182706833,5938eba45c73290974057dd22f17b06e25d6b2d6c0e2628f2227edfdebb7b23b
1353,MEASURED,FULL_POLICY_PATH,M11_OPTIMIZED,530101,15,4,127.385,3.184625,600,93.15287583446096,f4a94ff0a77b6bd17929b939cf25ec2bc7ef76ebdf3f58bce2d75db46d2d99f4
1354,MEASURED,FULL_POLICY_PATH,S_ADAPT_OPTIMIZED,-1,15,1,1.3889,0.0347225,600,353.76666152477264,106a9662fdc268276fd832a53813a5d41c26843d15913d386057929c37645238
1355,MEASURED,FULL_POLICY_PATH,M11_REFERENCE,530101,15,2,167.5893,4.1897325,600,97.01479891499869,7e6d95d769c7d9687624018c1d858390f954fe241d6b8975ccdd997e695297b3
1356,MEASURED,FULL_POLICY_PATH,S_ADAPT_OPTIMIZED,-1,15,2,1.6413,0.0410325,600,363.60913959145546,f3eef135fbf7cda7d4259deff31d97d81321154c3d403ba8eae0e13e337b36ae
1357,MEASURED,FULL_POLICY_PATH,M11_OPTIMIZED,530101,15,2,127.7692,3.19423,600,97.01479891499869,7e6d95d769c7d9687624018c1d858390f954fe241d6b8975ccdd997e695297b3
1358,MEASURED,FULL_POLICY_PATH,M11_OPTIMIZED,530101,10,2,121.3893,3.0347325,400,71.15188249646685,9b25952942cfac66d6dd841368d70f12dd91486c3cf6a523c8fcc245cc3f86b3
1359,MEASURED,FULL_POLICY_PATH,M11_OPTIMIZED,530101,20,2,124.5148,3.11287,800,109.65310171004846,7fa0870805ff4cf7f09e6127254261b25246cc80f569411aae3dc5104d2933cc
1360,MEASURED,FULL_POLICY_PATH,S_ADAPT_REFERENCE,-1,15,4,24.5579,0.6139475,600,357.80318182706833,5938eba45c73290974057dd22f17b06e25d6b2d6c0e2628f2227edfdebb7b23b
1361,MEASURED,FULL_POLICY_PATH,S_ADAPT_OPTIMIZED,-1,10,2,0.7683,0.0192075,400,278.2561217844486,6b879b5ecb141762cd197fdffe85d1828a5f5bb545a8ba4e2aab31ea59c47870
1362,MEASURED,FULL_POLICY_PATH,S_ADAPT_OPTIMIZED,-1,10,4,0.6868,0.017169999999999998,400,271.37676933407784,88737f813284457f30f2c69d44f68791f7370e2c49c928c86777821b577f4051
1363,MEASURED,FULL_POLICY_PATH,M11_OPTIMIZED,530101,15,3,123.6393,3.0909825,600,130.3358717953731,189881a5e1bfcc51a0b294aead80a5689fa4ff9cc9441444624324248e655954
1364,MEASURED,FULL_POLICY_PATH,M11_OPTIMIZED,530101,15,0,126.286,3.15715,600,97.20164785567786,5dfc6e9b928df4d0f08ff5efa0db383122234cf621cb1aff31d5dc76cea53281
1365,MEASURED,FULL_POLICY_PATH,S_ADAPT_OPTIMIZED,-1,15,0,1.5004,0.03751,600,371.3841568529606,b3004c94c0a1acc4bea41b0fbb2b1d0eba865c9be972d407e019303ca1057a20
1366,MEASURED,FULL_POLICY_PATH,M11_REFERENCE,530101,20,1,164.8897,4.1222425000000005,800,94.47869624869647,10a79b6eb4692460620841197d21cd855c4439e299eaf5266b74fedcd9385dea
1367,MEASURED,FULL_POLICY_PATH,S_ADAPT_REFERENCE,-1,20,4,24.5758,0.614395,800,428.6769134104252,a4557f4ce7bfe56aa5dcd63a55abb879b843c5e934e2dfc46b1bb08a31d616cb
1368,MEASURED,FULL_POLICY_PATH,S_ADAPT_OPTIMIZED,-1,15,1,0.7805,0.0195125,600,353.76666152477264,106a9662fdc268276fd832a53813a5d41c26843d15913d386057929c37645238
1369,MEASURED,FULL_POLICY_PATH,M11_OPTIMIZED,530101,15,2,121.9525,3.0488125,600,97.01479891499869,7e6d95d769c7d9687624018c1d858390f954fe241d6b8975ccdd997e695297b3
1370,MEASURED,FULL_POLICY_PATH,S_ADAPT_REFERENCE,-1,15,2,24.3133,0.6078325,600,363.60913959145546,f3eef135fbf7cda7d4259deff31d97d81321154c3d403ba8eae0e13e337b36ae
1371,MEASURED,FULL_POLICY_PATH,M11_OPTIMIZED,530101,10,1,122.7755,3.0693875,400,62.94320651540613,1f16862fb35fea7c20a78a332c201ac0ebb4d60127abe43776c0618b1143b81b
1372,MEASURED,FULL_POLICY_PATH,S_ADAPT_OPTIMIZED,-1,20,2,1.6066,0.040165,800,432.81260257959366,e79987f149cce4d4391ef92c6a97c1d767fd16cd492c031ea4af70e8451de98c
1373,MEASURED,FULL_POLICY_PATH,M11_OPTIMIZED,530101,10,4,119.5418,2.988545,400,68.38854427300772,28b79183e97c33c01ad9eb08a621cfb39e8a80e95d38c09997c1d42fc0bd92aa
1374,MEASURED,FULL_POLICY_PATH,S_ADAPT_REFERENCE,-1,15,2,24.1743,0.6043575,600,363.60913959145546,f3eef135fbf7cda7d4259deff31d97d81321154c3d403ba8eae0e13e337b36ae
1375,MEASURED,FULL_POLICY_PATH,S_ADAPT_REFERENCE,-1,20,0,23.8247,0.5956175,800,441.55207175016403,3a221c89dcb7b438299f2f48d0eef0494bea948ec6de9698110e215c3af14aea
1376,MEASURED,FULL_POLICY_PATH,M11_REFERENCE,530101,15,1,168.1855,4.2046375,600,83.67778409735129,ef43848fe57bfab6314f95d3543e966a8b08c097b3706610f18e7b16785f617f
1377,MEASURED,FULL_POLICY_PATH,S_ADAPT_REFERENCE,-1,15,0,24.5737,0.6143425,600,371.3841568529606,b3004c94c0a1acc4bea41b0fbb2b1d0eba865c9be972d407e019303ca1057a20
1378,MEASURED,FULL_POLICY_PATH,S_CLASS_ADAPT,-1,10,2,20.9091,0.5227275,400,158.87707205513013,2cecbd4eddc2f92081e0d41c827e020064b38782aca772a35ab7bc8d39308dd2
1379,MEASURED,FULL_POLICY_PATH,M11_REFERENCE,530101,10,1,163.7081,4.0927025,400,62.94320651540613,1f16862fb35fea7c20a78a332c201ac0ebb4d60127abe43776c0618b1143b81b
1380,MEASURED,FULL_POLICY_PATH,S_ADAPT_OPTIMIZED,-1,10,4,1.349,0.033725,400,271.37676933407784,88737f813284457f30f2c69d44f68791f7370e2c49c928c86777821b577f4051
1381,MEASURED,FULL_POLICY_PATH,M11_REFERENCE,530101,15,0,177.0241,4.4256025,600,97.20164785567786,5dfc6e9b928df4d0f08ff5efa0db383122234cf621cb1aff31d5dc76cea53281
1382,MEASURED,FULL_POLICY_PATH,S_ADAPT_OPTIMIZED,-1,20,0,1.3704,0.03426,800,441.55207175016403,3a221c89dcb7b438299f2f48d0eef0494bea948ec6de9698110e215c3af14aea
1383,MEASURED,FULL_POLICY_PATH,M11_REFERENCE,530101,10,1,166.9009,4.1725225,400,62.94320651540613,1f16862fb35fea7c20a78a332c201ac0ebb4d60127abe43776c0618b1143b81b
1384,MEASURED,FULL_POLICY_PATH,M11_REFERENCE,530101,20,2,160.9459,4.0236475,800,109.65310171004846,7fa0870805ff4cf7f09e6127254261b25246cc80f569411aae3dc5104d2933cc
1385,MEASURED,FULL_POLICY_PATH,S_ADAPT_REFERENCE,-1,15,1,24.3961,0.6099025,600,353.76666152477264,106a9662fdc268276fd832a53813a5d41c26843d15913d386057929c37645238
1386,MEASURED,FULL_POLICY_PATH,M11_REFERENCE,530101,15,3,171.9029,4.297572499999999,600,130.3358717953731,189881a5e1bfcc51a0b294aead80a5689fa4ff9cc9441444624324248e655954
1387,MEASURED,FULL_POLICY_PATH,S_ADAPT_OPTIMIZED,-1,15,2,1.3604,0.03401,600,363.60913959145546,f3eef135fbf7cda7d4259deff31d97d81321154c3d403ba8eae0e13e337b36ae
1388,MEASURED,FULL_POLICY_PATH,M11_OPTIMIZED,530101,10,3,372.2974,9.307435,400,97.29233640543227,e2ac0f2f414f8e7b0771e1cf681e9fa7f847877736a984a87d7eae625858a2be
1389,MEASURED,FULL_POLICY_PATH,S_ADAPT_REFERENCE,-1,15,1,24.545,0.6136250000000001,600,353.76666152477264,106a9662fdc268276fd832a53813a5d41c26843d15913d386057929c37645238
1390,MEASURED,FULL_POLICY_PATH,S_CLASS_ADAPT,-1,15,2,23.8406,0.596015,600,268.11715816665776,96a8c33feb580d08b8f4ca5f1fe6b48845c46aeb9ac0b3b8044b6d72a5883fa6
1391,MEASURED,FULL_POLICY_PATH,S_ADAPT_OPTIMIZED,-1,20,0,1.4594,0.036485000000000004,800,441.55207175016403,3a221c89dcb7b438299f2f48d0eef0494bea948ec6de9698110e215c3af14aea
1392,MEASURED,FULL_POLICY_PATH,S_ADAPT_OPTIMIZED,-1,10,3,0.9648,0.02412,400,293.82467341423035,4041c2353650ffc3521df07aeec818741f2a7f8acf14590c93615e6d8d3ced8c
1393,MEASURED,FULL_POLICY_PATH,M11_OPTIMIZED,530101,10,1,123.3754,3.084385,400,62.94320651540613,1f16862fb35fea7c20a78a332c201ac0ebb4d60127abe43776c0618b1143b81b
1394,MEASURED,FULL_POLICY_PATH,M11_OPTIMIZED,530101,20,2,126.5754,3.1643850000000002,800,109.65310171004846,7fa0870805ff4cf7f09e6127254261b25246cc80f569411aae3dc5104d2933cc
1395,MEASURED,FULL_POLICY_PATH,S_ADAPT_REFERENCE,-1,10,3,25.4774,0.636935,400,293.82467341423035,4041c2353650ffc3521df07aeec818741f2a7f8acf14590c93615e6d8d3ced8c
1396,MEASURED,FULL_POLICY_PATH,M11_REFERENCE,530101,20,1,172.4549,4.3113725,800,94.47869624869647,10a79b6eb4692460620841197d21cd855c4439e299eaf5266b74fedcd9385dea
1397,MEASURED,FULL_POLICY_PATH,M11_OPTIMIZED,530101,10,4,120.5617,3.0140425,400,68.38854427300772,28b79183e97c33c01ad9eb08a621cfb39e8a80e95d38c09997c1d42fc0bd92aa
1398,MEASURED,FULL_POLICY_PATH,S_CLASS_ADAPT,-1,20,3,25.1196,0.6279899999999999,800,407.26081500314206,ef2642c75a3f0d2ba9ad1cd2636aa2b92ff1122a9db901edc8efd639a42c70c3
1399,MEASURED,FULL_POLICY_PATH,M11_REFERENCE,530101,20,4,169.6906,4.242265,800,107.49725294030088,a3d86880da36c46da8dc4226de2d15a21bafcbb3d3de6234525944bb5aa264e7
1400,MEASURED,FULL_POLICY_PATH,M11_OPTIMIZED,530101,20,0,128.3036,3.2075899999999997,800,111.63427928148889,572f3263127b4169ac34f08b36891d7413aed8677c721a37c36d255a3899a9b3
1401,MEASURED,FULL_POLICY_PATH,S_ADAPT_REFERENCE,-1,20,0,24.3419,0.6085475,800,441.55207175016403,3a221c89dcb7b438299f2f48d0eef0494bea948ec6de9698110e215c3af14aea
1402,MEASURED,FULL_POLICY_PATH,M11_OPTIMIZED,530101,15,0,123.2073,3.0801825000000003,600,97.20164785567786,5dfc6e9b928df4d0f08ff5efa0db383122234cf621cb1aff31d5dc76cea53281
1403,MEASURED,FULL_POLICY_PATH,M11_OPTIMIZED,530101,10,2,119.9952,2.99988,400,71.15188249646685,9b25952942cfac66d6dd841368d70f12dd91486c3cf6a523c8fcc245cc3f86b3
1404,MEASURED,FULL_POLICY_PATH,M11_REFERENCE,530101,15,3,175.6519,4.3912975,600,130.3358717953731,189881a5e1bfcc51a0b294aead80a5689fa4ff9cc9441444624324248e655954
1405,MEASURED,FULL_POLICY_PATH,M11_OPTIMIZED,530101,20,2,124.1489,3.1037225,800,109.65310171004846,7fa0870805ff4cf7f09e6127254261b25246cc80f569411aae3dc5104d2933cc
1406,MEASURED,FULL_POLICY_PATH,S_CLASS_ADAPT,-1,10,1,20.8316,0.5207900000000001,400,172.9455011671386,de9b8748444630c399dc8411a9116aafed312522708a050ee5412237cb83d72c
1407,MEASURED,FULL_POLICY_PATH,M11_REFERENCE,530101,20,2,173.0265,4.3256625,800,109.65310171004846,7fa0870805ff4cf7f09e6127254261b25246cc80f569411aae3dc5104d2933cc
1408,MEASURED,FULL_POLICY_PATH,M11_REFERENCE,530101,15,4,171.6326,4.290815,600,93.15287583446096,f4a94ff0a77b6bd17929b939cf25ec2bc7ef76ebdf3f58bce2d75db46d2d99f4
1409,MEASURED,FULL_POLICY_PATH,S_ADAPT_REFERENCE,-1,10,1,26.0196,0.65049,400,275.9327971637249,1ce6b8ff41cb97b662aedc7ad8bedd7c817837cf26b99fc81f6d1ec0c5c1c3ce
1410,MEASURED,FULL_POLICY_PATH,S_ADAPT_OPTIMIZED,-1,10,1,0.8186,0.020465,400,275.9327971637249,1ce6b8ff41cb97b662aedc7ad8bedd7c817837cf26b99fc81f6d1ec0c5c1c3ce
1411,MEASURED,FULL_POLICY_PATH,S_ADAPT_OPTIMIZED,-1,20,1,0.7535,0.0188375,800,415.7503350973129,6d0cb0c4405dc90387b55d6457229758e4276ae0e27c754a78dcc25cc13f41c8
1412,MEASURED,FULL_POLICY_PATH,S_ADAPT_REFERENCE,-1,15,2,23.6009,0.5900225,600,363.60913959145546,f3eef135fbf7cda7d4259deff31d97d81321154c3d403ba8eae0e13e337b36ae
1413,MEASURED,FULL_POLICY_PATH,M11_REFERENCE,530101,15,3,162.833,4.070825,600,130.3358717953731,189881a5e1bfcc51a0b294aead80a5689fa4ff9cc9441444624324248e655954
1414,MEASURED,FULL_POLICY_PATH,S_ADAPT_REFERENCE,-1,15,1,24.271,0.6067750000000001,600,353.76666152477264,106a9662fdc268276fd832a53813a5d41c26843d15913d386057929c37645238
1415,MEASURED,FULL_POLICY_PATH,S_ADAPT_REFERENCE,-1,20,3,23.4021,0.5850525,800,457.9206243157387,21e3005e62f6d231cb3cc40fdf9074ca833f899ce9df57bbef5710e5840e09f9
1416,MEASURED,FULL_POLICY_PATH,S_ADAPT_OPTIMIZED,-1,10,4,0.9007,0.0225175,400,271.37676933407784,88737f813284457f30f2c69d44f68791f7370e2c49c928c86777821b577f4051
1417,MEASURED,FULL_POLICY_PATH,S_ADAPT_OPTIMIZED,-1,15,1,0.8471,0.0211775,600,353.76666152477264,106a9662fdc268276fd832a53813a5d41c26843d15913d386057929c37645238
1418,MEASURED,FULL_POLICY_PATH,S_ADAPT_REFERENCE,-1,20,2,23.5768,0.5894199999999999,800,432.81260257959366,e79987f149cce4d4391ef92c6a97c1d767fd16cd492c031ea4af70e8451de98c
1419,MEASURED,FULL_POLICY_PATH,S_CLASS_ADAPT,-1,10,1,20.9812,0.52453,400,172.9455011671386,de9b8748444630c399dc8411a9116aafed312522708a050ee5412237cb83d72c
1420,MEASURED,FULL_POLICY_PATH,S_ADAPT_OPTIMIZED,-1,15,1,1.1353,0.028382499999999998,600,353.76666152477264,106a9662fdc268276fd832a53813a5d41c26843d15913d386057929c37645238
1421,MEASURED,FULL_POLICY_PATH,S_CLASS_ADAPT,-1,10,0,20.6721,0.5168025,400,169.56029704522783,2325eb40fea98334e6d85b23187f1269216705645b7ef82782c7a2b307ca1e3d
1422,MEASURED,FULL_POLICY_PATH,M11_OPTIMIZED,530101,20,1,128.9471,3.2236775,800,94.47869624869647,10a79b6eb4692460620841197d21cd855c4439e299eaf5266b74fedcd9385dea
1423,MEASURED,FULL_POLICY_PATH,S_ADAPT_REFERENCE,-1,15,3,25.2678,0.631695,600,386.0996204018593,252c151f42ca3b8e280b1fc6e087a8dee2153f14747c336e7dcac0134425feea
1424,MEASURED,FULL_POLICY_PATH,M11_REFERENCE,530101,15,1,171.2548,4.28137,600,83.67778409735129,ef43848fe57bfab6314f95d3543e966a8b08c097b3706610f18e7b16785f617f
1425,MEASURED,FULL_POLICY_PATH,S_ADAPT_REFERENCE,-1,20,2,26.3302,0.658255,800,432.81260257959366,e79987f149cce4d4391ef92c6a97c1d767fd16cd492c031ea4af70e8451de98c
1426,MEASURED,FULL_POLICY_PATH,S_CLASS_ADAPT,-1,10,2,21.3379,0.5334475000000001,400,158.87707205513013,2cecbd4eddc2f92081e0d41c827e020064b38782aca772a35ab7bc8d39308dd2
1427,MEASURED,FULL_POLICY_PATH,S_ADAPT_REFERENCE,-1,15,4,24.5895,0.6147375,600,357.80318182706833,5938eba45c73290974057dd22f17b06e25d6b2d6c0e2628f2227edfdebb7b23b
1428,MEASURED,FULL_POLICY_PATH,M11_OPTIMIZED,530101,15,4,136.7436,3.4185899999999996,600,93.15287583446096,f4a94ff0a77b6bd17929b939cf25ec2bc7ef76ebdf3f58bce2d75db46d2d99f4
1429,MEASURED,FULL_POLICY_PATH,M11_REFERENCE,530101,15,0,170.8507,4.2712674999999996,600,97.20164785567786,5dfc6e9b928df4d0f08ff5efa0db383122234cf621cb1aff31d5dc76cea53281
1430,MEASURED,FULL_POLICY_PATH,S_ADAPT_REFERENCE,-1,10,0,25.7278,0.643195,400,284.22937551140785,53942cbb9a8a5a64b0db98a82f4fce558f482e6886ecc097434e9fba646b0a60
1431,MEASURED,FULL_POLICY_PATH,S_CLASS_ADAPT,-1,10,4,21.3222,0.533055,400,163.21071502449217,7b4a15a5d6e277fa7d3b8e934445946a80f77d14bcbbef5b2fc2dad80699cb74
1432,MEASURED,FULL_POLICY_PATH,S_ADAPT_OPTIMIZED,-1,20,0,1.4778,0.036945,800,441.55207175016403,3a221c89dcb7b438299f2f48d0eef0494bea948ec6de9698110e215c3af14aea
1433,MEASURED,FULL_POLICY_PATH,S_CLASS_ADAPT,-1,10,2,21.2987,0.5324675,400,158.87707205513013,2cecbd4eddc2f92081e0d41c827e020064b38782aca772a35ab7bc8d39308dd2
1434,MEASURED,FULL_POLICY_PATH,S_ADAPT_OPTIMIZED,-1,15,4,1.4121,0.0353025,600,357.80318182706833,5938eba45c73290974057dd22f17b06e25d6b2d6c0e2628f2227edfdebb7b23b
1435,MEASURED,FULL_POLICY_PATH,M11_OPTIMIZED,530101,15,4,124.6466,3.116165,600,93.15287583446096,f4a94ff0a77b6bd17929b939cf25ec2bc7ef76ebdf3f58bce2d75db46d2d99f4
1436,MEASURED,FULL_POLICY_PATH,M11_OPTIMIZED,530101,15,3,126.9905,3.1747625,600,130.3358717953731,189881a5e1bfcc51a0b294aead80a5689fa4ff9cc9441444624324248e655954
1437,MEASURED,FULL_POLICY_PATH,M11_OPTIMIZED,530101,15,4,123.9842,3.099605,600,93.15287583446096,f4a94ff0a77b6bd17929b939cf25ec2bc7ef76ebdf3f58bce2d75db46d2d99f4
1438,MEASURED,FULL_POLICY_PATH,M11_OPTIMIZED,530101,20,1,125.9191,3.1479775,800,94.47869624869647,10a79b6eb4692460620841197d21cd855c4439e299eaf5266b74fedcd9385dea
1439,MEASURED,FULL_POLICY_PATH,M11_REFERENCE,530101,20,2,170.2698,4.2567450000000004,800,109.65310171004846,7fa0870805ff4cf7f09e6127254261b25246cc80f569411aae3dc5104d2933cc
1440,MEASURED,FULL_POLICY_PATH,S_CLASS_ADAPT,-1,20,3,25.1093,0.6277325,800,407.26081500314206,ef2642c75a3f0d2ba9ad1cd2636aa2b92ff1122a9db901edc8efd639a42c70c3
1441,MEASURED,FULL_POLICY_PATH,S_CLASS_ADAPT,-1,10,2,20.6946,0.5173650000000001,400,158.87707205513013,2cecbd4eddc2f92081e0d41c827e020064b38782aca772a35ab7bc8d39308dd2
1442,MEASURED,FULL_POLICY_PATH,S_ADAPT_REFERENCE,-1,10,3,24.1324,0.60331,400,293.82467341423035,4041c2353650ffc3521df07aeec818741f2a7f8acf14590c93615e6d8d3ced8c
1443,MEASURED,FULL_POLICY_PATH,S_ADAPT_REFERENCE,-1,10,2,23.47,0.58675,400,278.2561217844486,6b879b5ecb141762cd197fdffe85d1828a5f5bb545a8ba4e2aab31ea59c47870
1444,MEASURED,FULL_POLICY_PATH,S_CLASS_ADAPT,-1,15,4,24.1614,0.604035,600,276.3170752508822,27aabfe6a729af2812a5ada63c37b64305e0046a8692b0324f79ecf9123ba647
1445,MEASURED,FULL_POLICY_PATH,M11_REFERENCE,530101,20,0,167.7595,4.1939875,800,111.63427928148889,572f3263127b4169ac34f08b36891d7413aed8677c721a37c36d255a3899a9b3
1446,MEASURED,FULL_POLICY_PATH,M11_REFERENCE,530101,10,0,166.3653,4.1591325,400,72.99146302310172,e7c35db7138d5e4d01b4cc857cbad087b7738d5333c1cd3599fbeb0aa1d0e715
1447,MEASURED,FULL_POLICY_PATH,M11_REFERENCE,530101,10,4,164.0477,4.1011925,400,68.38854427300772,28b79183e97c33c01ad9eb08a621cfb39e8a80e95d38c09997c1d42fc0bd92aa
1448,MEASURED,FULL_POLICY_PATH,M11_REFERENCE,530101,20,3,176.8167,4.4204175,800,146.51983876547857,67a588433daba80df4bc1c340bf736b7fd5266dbd6db36bc042c11d3251a6616
1449,MEASURED,FULL_POLICY_PATH,M11_REFERENCE,530101,10,1,161.9552,4.04888,400,62.94320651540613,1f16862fb35fea7c20a78a332c201ac0ebb4d60127abe43776c0618b1143b81b
1450,MEASURED,FULL_POLICY_PATH,S_CLASS_ADAPT,-1,15,1,23.6202,0.5905050000000001,600,283.0532095499601,7d1af8308f5c93aa06561ffe5a6e4e8171d280157e80fb539c53617d64a713d3
1451,MEASURED,FULL_POLICY_PATH,S_CLASS_ADAPT,-1,20,4,25.7623,0.6440575,800,370.2893833845736,401c16a4253fa5039c53739f05775277b6b1ab5d2f80670918dab115270a0bfb
1452,MEASURED,FULL_POLICY_PATH,M11_REFERENCE,530101,15,2,169.1775,4.2294375,600,97.01479891499869,7e6d95d769c7d9687624018c1d858390f954fe241d6b8975ccdd997e695297b3
1453,MEASURED,FULL_POLICY_PATH,M11_REFERENCE,530101,15,0,167.0055,4.1751375,600,97.20164785567786,5dfc6e9b928df4d0f08ff5efa0db383122234cf621cb1aff31d5dc76cea53281
1454,MEASURED,FULL_POLICY_PATH,S_CLASS_ADAPT,-1,20,4,25.3011,0.6325275,800,370.2893833845736,401c16a4253fa5039c53739f05775277b6b1ab5d2f80670918dab115270a0bfb
1455,MEASURED,FULL_POLICY_PATH,S_ADAPT_OPTIMIZED,-1,20,1,1.4124,0.03531,800,415.7503350973129,6d0cb0c4405dc90387b55d6457229758e4276ae0e27c754a78dcc25cc13f41c8
1456,MEASURED,FULL_POLICY_PATH,S_CLASS_ADAPT,-1,10,0,20.5604,0.5140100000000001,400,169.56029704522783,2325eb40fea98334e6d85b23187f1269216705645b7ef82782c7a2b307ca1e3d
1457,MEASURED,FULL_POLICY_PATH,M11_REFERENCE,530101,10,0,159.4914,3.987285,400,72.99146302310172,e7c35db7138d5e4d01b4cc857cbad087b7738d5333c1cd3599fbeb0aa1d0e715
1458,MEASURED,FULL_POLICY_PATH,S_ADAPT_OPTIMIZED,-1,20,2,1.4079,0.0351975,800,432.81260257959366,e79987f149cce4d4391ef92c6a97c1d767fd16cd492c031ea4af70e8451de98c
1459,MEASURED,FULL_POLICY_PATH,M11_OPTIMIZED,530101,10,1,123.7007,3.0925175,400,62.94320651540613,1f16862fb35fea7c20a78a332c201ac0ebb4d60127abe43776c0618b1143b81b
1460,MEASURED,FULL_POLICY_PATH,S_CLASS_ADAPT,-1,20,3,25.1822,0.6295550000000001,800,407.26081500314206,ef2642c75a3f0d2ba9ad1cd2636aa2b92ff1122a9db901edc8efd639a42c70c3
1461,MEASURED,FULL_POLICY_PATH,S_ADAPT_REFERENCE,-1,20,4,24.485,0.612125,800,428.6769134104252,a4557f4ce7bfe56aa5dcd63a55abb879b843c5e934e2dfc46b1bb08a31d616cb
1462,MEASURED,FULL_POLICY_PATH,M11_OPTIMIZED,530101,10,2,125.7342,3.143355,400,71.15188249646685,9b25952942cfac66d6dd841368d70f12dd91486c3cf6a523c8fcc245cc3f86b3
1463,MEASURED,FULL_POLICY_PATH,M11_OPTIMIZED,530101,10,0,124.9213,3.1230325,400,72.99146302310172,e7c35db7138d5e4d01b4cc857cbad087b7738d5333c1cd3599fbeb0aa1d0e715
1464,MEASURED,FULL_POLICY_PATH,S_ADAPT_OPTIMIZED,-1,10,3,1.3702,0.034255,400,293.82467341423035,4041c2353650ffc3521df07aeec818741f2a7f8acf14590c93615e6d8d3ced8c
1465,MEASURED,FULL_POLICY_PATH,S_ADAPT_OPTIMIZED,-1,20,0,0.7997,0.0199925,800,441.55207175016403,3a221c89dcb7b438299f2f48d0eef0494bea948ec6de9698110e215c3af14aea
1466,MEASURED,FULL_POLICY_PATH,M11_REFERENCE,530101,10,1,167.8331,4.1958275,400,62.94320651540613,1f16862fb35fea7c20a78a332c201ac0ebb4d60127abe43776c0618b1143b81b
1467,MEASURED,FULL_POLICY_PATH,S_ADAPT_OPTIMIZED,-1,15,2,1.3757,0.0343925,600,363.60913959145546,f3eef135fbf7cda7d4259deff31d97d81321154c3d403ba8eae0e13e337b36ae
1468,MEASURED,FULL_POLICY_PATH,M11_REFERENCE,530101,10,4,164.0053,4.1001325,400,68.38854427300772,28b79183e97c33c01ad9eb08a621cfb39e8a80e95d38c09997c1d42fc0bd92aa
1469,MEASURED,FULL_POLICY_PATH,S_ADAPT_REFERENCE,-1,15,0,23.952,0.5988,600,371.3841568529606,b3004c94c0a1acc4bea41b0fbb2b1d0eba865c9be972d407e019303ca1057a20
1470,MEASURED,FULL_POLICY_PATH,M11_OPTIMIZED,530101,10,2,118.7866,2.969665,400,71.15188249646685,9b25952942cfac66d6dd841368d70f12dd91486c3cf6a523c8fcc245cc3f86b3
1471,MEASURED,FULL_POLICY_PATH,S_ADAPT_OPTIMIZED,-1,10,0,1.3357,0.033392500000000006,400,284.22937551140785,53942cbb9a8a5a64b0db98a82f4fce558f482e6886ecc097434e9fba646b0a60
1472,MEASURED,FULL_POLICY_PATH,S_ADAPT_OPTIMIZED,-1,20,4,0.7902,0.019755,800,428.6769134104252,a4557f4ce7bfe56aa5dcd63a55abb879b843c5e934e2dfc46b1bb08a31d616cb
1473,MEASURED,FULL_POLICY_PATH,S_ADAPT_OPTIMIZED,-1,10,1,0.687,0.017175000000000003,400,275.9327971637249,1ce6b8ff41cb97b662aedc7ad8bedd7c817837cf26b99fc81f6d1ec0c5c1c3ce
1474,MEASURED,FULL_POLICY_PATH,S_CLASS_ADAPT,-1,20,4,25.5446,0.6386149999999999,800,370.2893833845736,401c16a4253fa5039c53739f05775277b6b1ab5d2f80670918dab115270a0bfb
1475,MEASURED,FULL_POLICY_PATH,S_ADAPT_REFERENCE,-1,20,2,24.4005,0.6100125000000001,800,432.81260257959366,e79987f149cce4d4391ef92c6a97c1d767fd16cd492c031ea4af70e8451de98c
1476,MEASURED,FULL_POLICY_PATH,S_CLASS_ADAPT,-1,15,3,23.8703,0.5967575,600,306.37812478227386,fe0517635c660eb8694ad59cfd9c0a564d36a8db6435d901027ff5af7c99af1a
1477,MEASURED,FULL_POLICY_PATH,S_ADAPT_REFERENCE,-1,10,1,23.6863,0.5921575,400,275.9327971637249,1ce6b8ff41cb97b662aedc7ad8bedd7c817837cf26b99fc81f6d1ec0c5c1c3ce
1478,MEASURED,FULL_POLICY_PATH,S_ADAPT_REFERENCE,-1,10,1,23.2939,0.5823475,400,275.9327971637249,1ce6b8ff41cb97b662aedc7ad8bedd7c817837cf26b99fc81f6d1ec0c5c1c3ce
1479,MEASURED,FULL_POLICY_PATH,M11_OPTIMIZED,530101,10,4,123.0881,3.0772025,400,68.38854427300772,28b79183e97c33c01ad9eb08a621cfb39e8a80e95d38c09997c1d42fc0bd92aa
1480,MEASURED,FULL_POLICY_PATH,M11_OPTIMIZED,530101,15,0,123.2202,3.080505,600,97.20164785567786,5dfc6e9b928df4d0f08ff5efa0db383122234cf621cb1aff31d5dc76cea53281
1481,MEASURED,FULL_POLICY_PATH,M11_REFERENCE,530101,20,4,174.198,4.3549500000000005,800,107.49725294030088,a3d86880da36c46da8dc4226de2d15a21bafcbb3d3de6234525944bb5aa264e7
1482,MEASURED,FULL_POLICY_PATH,S_ADAPT_OPTIMIZED,-1,10,1,1.3487,0.0337175,400,275.9327971637249,1ce6b8ff41cb97b662aedc7ad8bedd7c817837cf26b99fc81f6d1ec0c5c1c3ce
1483,MEASURED,FULL_POLICY_PATH,M11_REFERENCE,530101,15,1,171.0215,4.2755375,600,83.67778409735129,ef43848fe57bfab6314f95d3543e966a8b08c097b3706610f18e7b16785f617f
1484,MEASURED,FULL_POLICY_PATH,S_ADAPT_OPTIMIZED,-1,15,2,1.4837,0.0370925,600,363.60913959145546,f3eef135fbf7cda7d4259deff31d97d81321154c3d403ba8eae0e13e337b36ae
1485,MEASURED,FULL_POLICY_PATH,S_CLASS_ADAPT,-1,15,0,24.2375,0.6059375,600,287.2710690196597,1e17d685e93d5731209afa2a3f0212382131e563c0eec0b2bed7e29827a66aa8
1486,MEASURED,FULL_POLICY_PATH,S_ADAPT_OPTIMIZED,-1,15,3,1.3454,0.033635,600,386.0996204018593,252c151f42ca3b8e280b1fc6e087a8dee2153f14747c336e7dcac0134425feea
1487,MEASURED,FULL_POLICY_PATH,M11_REFERENCE,530101,10,2,160.614,4.01535,400,71.15188249646685,9b25952942cfac66d6dd841368d70f12dd91486c3cf6a523c8fcc245cc3f86b3
1488,MEASURED,FULL_POLICY_PATH,S_ADAPT_OPTIMIZED,-1,20,3,1.3908,0.03477,800,457.9206243157387,21e3005e62f6d231cb3cc40fdf9074ca833f899ce9df57bbef5710e5840e09f9
1489,MEASURED,FULL_POLICY_PATH,M11_OPTIMIZED,530101,20,3,126.683,3.167075,800,146.51983876547857,67a588433daba80df4bc1c340bf736b7fd5266dbd6db36bc042c11d3251a6616
1490,MEASURED,FULL_POLICY_PATH,S_CLASS_ADAPT,-1,10,4,21.032,0.5258,400,163.21071502449217,7b4a15a5d6e277fa7d3b8e934445946a80f77d14bcbbef5b2fc2dad80699cb74
1491,MEASURED,FULL_POLICY_PATH,S_ADAPT_OPTIMIZED,-1,15,0,1.3761,0.0344025,600,371.3841568529606,b3004c94c0a1acc4bea41b0fbb2b1d0eba865c9be972d407e019303ca1057a20
1492,MEASURED,FULL_POLICY_PATH,M11_REFERENCE,530101,15,0,173.2296,4.3307400000000005,600,97.20164785567786,5dfc6e9b928df4d0f08ff5efa0db383122234cf621cb1aff31d5dc76cea53281
1493,MEASURED,FULL_POLICY_PATH,S_ADAPT_OPTIMIZED,-1,15,0,1.3656,0.03414,600,371.3841568529606,b3004c94c0a1acc4bea41b0fbb2b1d0eba865c9be972d407e019303ca1057a20
1494,MEASURED,FULL_POLICY_PATH,M11_REFERENCE,530101,15,1,172.3659,4.3091475,600,83.67778409735129,ef43848fe57bfab6314f95d3543e966a8b08c097b3706610f18e7b16785f617f
1495,MEASURED,FULL_POLICY_PATH,M11_REFERENCE,530101,10,4,165.6562,4.141405000000001,400,68.38854427300772,28b79183e97c33c01ad9eb08a621cfb39e8a80e95d38c09997c1d42fc0bd92aa
1496,MEASURED,FULL_POLICY_PATH,S_ADAPT_OPTIMIZED,-1,20,3,1.52,0.038,800,457.9206243157387,21e3005e62f6d231cb3cc40fdf9074ca833f899ce9df57bbef5710e5840e09f9
1497,MEASURED,FULL_POLICY_PATH,S_ADAPT_OPTIMIZED,-1,20,3,0.7678,0.019195,800,457.9206243157387,21e3005e62f6d231cb3cc40fdf9074ca833f899ce9df57bbef5710e5840e09f9
1498,MEASURED,FULL_POLICY_PATH,S_ADAPT_OPTIMIZED,-1,10,4,0.69,0.017249999999999998,400,271.37676933407784,88737f813284457f30f2c69d44f68791f7370e2c49c928c86777821b577f4051
1499,MEASURED,FULL_POLICY_PATH,M11_OPTIMIZED,530101,15,4,126.3353,3.1583825,600,93.15287583446096,f4a94ff0a77b6bd17929b939cf25ec2bc7ef76ebdf3f58bce2d75db46d2d99f4
2000000,MEASURED,COMPONENT_FEATURE_REFERENCE,DIAGNOSTIC,530101,15,0,144.0646,3.6016150000000002,0,,
2000001,MEASURED,COMPONENT_FEATURE_OPTIMIZED,M11_OPTIMIZED,530101,15,0,100.6883,2.5172075,0,,
2000002,MEASURED,COMPONENT_SINGLE_MODEL_TEMPERATURE,DIAGNOSTIC,530101,15,0,2.1769,0.0544225,0,,
2000003,MEASURED,COMPONENT_QUALITY_EXACT_DP,DIAGNOSTIC,530101,15,0,27.4889,0.6872225000000001,0,,
2000004,MEASURED,COMPONENT_FEATURE_REFERENCE,DIAGNOSTIC,530101,15,0,156.4168,3.91042,0,,
2000005,MEASURED,COMPONENT_FEATURE_OPTIMIZED,M11_OPTIMIZED,530101,15,0,99.4803,2.4870075,0,,
2000006,MEASURED,COMPONENT_SINGLE_MODEL_TEMPERATURE,DIAGNOSTIC,530101,15,0,2.0851,0.05212750000000001,0,,
2000007,MEASURED,COMPONENT_QUALITY_EXACT_DP,DIAGNOSTIC,530101,15,0,26.9726,0.674315,0,,
2000008,MEASURED,COMPONENT_FEATURE_REFERENCE,DIAGNOSTIC,530101,15,0,143.421,3.5855249999999996,0,,
2000009,MEASURED,COMPONENT_FEATURE_OPTIMIZED,M11_OPTIMIZED,530101,15,0,100.3232,2.50808,0,,
2000010,MEASURED,COMPONENT_SINGLE_MODEL_TEMPERATURE,DIAGNOSTIC,530101,15,0,1.3235,0.0330875,0,,
2000011,MEASURED,COMPONENT_QUALITY_EXACT_DP,DIAGNOSTIC,530101,15,0,24.7838,0.619595,0,,
2000012,MEASURED,COMPONENT_FEATURE_REFERENCE,DIAGNOSTIC,530101,15,0,149.7138,3.742845,0,,
2000013,MEASURED,COMPONENT_FEATURE_OPTIMIZED,M11_OPTIMIZED,530101,15,0,99.9794,2.499485,0,,
2000014,MEASURED,COMPONENT_SINGLE_MODEL_TEMPERATURE,DIAGNOSTIC,530101,15,0,1.2996,0.032490000000000005,0,,
2000015,MEASURED,COMPONENT_QUALITY_EXACT_DP,DIAGNOSTIC,530101,15,0,25.2144,0.63036,0,,
2000016,MEASURED,COMPONENT_FEATURE_REFERENCE,DIAGNOSTIC,530101,15,0,145.5176,3.6379399999999995,0,,
2000017,MEASURED,COMPONENT_FEATURE_OPTIMIZED,M11_OPTIMIZED,530101,15,0,101.2197,2.5304925000000003,0,,
2000018,MEASURED,COMPONENT_SINGLE_MODEL_TEMPERATURE,DIAGNOSTIC,530101,15,0,2.9094,0.07273500000000001,0,,
2000019,MEASURED,COMPONENT_QUALITY_EXACT_DP,DIAGNOSTIC,530101,15,0,24.6427,0.6160675,0,,
2000020,MEASURED,COMPONENT_FEATURE_REFERENCE,DIAGNOSTIC,530101,15,0,145.9432,3.64858,0,,
2000021,MEASURED,COMPONENT_FEATURE_OPTIMIZED,M11_OPTIMIZED,530101,15,0,99.6368,2.49092,0,,
2000022,MEASURED,COMPONENT_SINGLE_MODEL_TEMPERATURE,DIAGNOSTIC,530101,15,0,2.2776,0.056940000000000004,0,,
2000023,MEASURED,COMPONENT_QUALITY_EXACT_DP,DIAGNOSTIC,530101,15,0,27.8425,0.6960625,0,,
2000024,MEASURED,COMPONENT_FEATURE_REFERENCE,DIAGNOSTIC,530101,15,0,151.547,3.788675,0,,
2000025,MEASURED,COMPONENT_FEATURE_OPTIMIZED,M11_OPTIMIZED,530101,15,0,100.8323,2.5208075,0,,
2000026,MEASURED,COMPONENT_SINGLE_MODEL_TEMPERATURE,DIAGNOSTIC,530101,15,0,1.5827,0.0395675,0,,
2000027,MEASURED,COMPONENT_QUALITY_EXACT_DP,DIAGNOSTIC,530101,15,0,26.292,0.6573,0,,
2000028,MEASURED,COMPONENT_FEATURE_REFERENCE,DIAGNOSTIC,530101,15,0,143.1296,3.57824,0,,
2000029,MEASURED,COMPONENT_FEATURE_OPTIMIZED,M11_OPTIMIZED,530101,15,0,98.6582,2.466455,0,,
2000030,MEASURED,COMPONENT_SINGLE_MODEL_TEMPERATURE,DIAGNOSTIC,530101,15,0,2.1594,0.053985000000000005,0,,
2000031,MEASURED,COMPONENT_QUALITY_EXACT_DP,DIAGNOSTIC,530101,15,0,26.9502,0.673755,0,,
2000032,MEASURED,COMPONENT_FEATURE_REFERENCE,DIAGNOSTIC,530101,15,0,144.8918,3.622295,0,,
2000033,MEASURED,COMPONENT_FEATURE_OPTIMIZED,M11_OPTIMIZED,530101,15,0,100.9489,2.5237225,0,,
2000034,MEASURED,COMPONENT_SINGLE_MODEL_TEMPERATURE,DIAGNOSTIC,530101,15,0,1.6928,0.04232,0,,
2000035,MEASURED,COMPONENT_QUALITY_EXACT_DP,DIAGNOSTIC,530101,15,0,26.145,0.653625,0,,
2000036,MEASURED,COMPONENT_FEATURE_REFERENCE,DIAGNOSTIC,530101,15,0,140.5217,3.5130425,0,,
2000037,MEASURED,COMPONENT_FEATURE_OPTIMIZED,M11_OPTIMIZED,530101,15,0,101.0958,2.527395,0,,
2000038,MEASURED,COMPONENT_SINGLE_MODEL_TEMPERATURE,DIAGNOSTIC,530101,15,0,3.5116,0.08779,0,,
2000039,MEASURED,COMPONENT_QUALITY_EXACT_DP,DIAGNOSTIC,530101,15,0,27.7086,0.692715,0,,
2000040,MEASURED,COMPONENT_FEATURE_REFERENCE,DIAGNOSTIC,530101,15,1,139.9063,3.4976575,0,,
2000041,MEASURED,COMPONENT_FEATURE_OPTIMIZED,M11_OPTIMIZED,530101,15,1,99.6721,2.4918025,0,,
2000042,MEASURED,COMPONENT_SINGLE_MODEL_TEMPERATURE,DIAGNOSTIC,530101,15,1,2.3284,0.05821,0,,
2000043,MEASURED,COMPONENT_QUALITY_EXACT_DP,DIAGNOSTIC,530101,15,1,25.6506,0.641265,0,,
2000044,MEASURED,COMPONENT_FEATURE_REFERENCE,DIAGNOSTIC,530101,15,1,136.7337,3.4183425,0,,
2000045,MEASURED,COMPONENT_FEATURE_OPTIMIZED,M11_OPTIMIZED,530101,15,1,99.4,2.4850000000000003,0,,
2000046,MEASURED,COMPONENT_SINGLE_MODEL_TEMPERATURE,DIAGNOSTIC,530101,15,1,2.6389,0.0659725,0,,
2000047,MEASURED,COMPONENT_QUALITY_EXACT_DP,DIAGNOSTIC,530101,15,1,26.9475,0.6736875,0,,
2000048,MEASURED,COMPONENT_FEATURE_REFERENCE,DIAGNOSTIC,530101,15,1,147.6305,3.6907625000000004,0,,
2000049,MEASURED,COMPONENT_FEATURE_OPTIMIZED,M11_OPTIMIZED,530101,15,1,101.0738,2.5268450000000002,0,,
2000050,MEASURED,COMPONENT_SINGLE_MODEL_TEMPERATURE,DIAGNOSTIC,530101,15,1,2.8717,0.07179250000000001,0,,
2000051,MEASURED,COMPONENT_QUALITY_EXACT_DP,DIAGNOSTIC,530101,15,1,25.7336,0.64334,0,,
2000052,MEASURED,COMPONENT_FEATURE_REFERENCE,DIAGNOSTIC,530101,15,1,139.2927,3.4823174999999997,0,,
2000053,MEASURED,COMPONENT_FEATURE_OPTIMIZED,M11_OPTIMIZED,530101,15,1,101.4356,2.5358899999999998,0,,
2000054,MEASURED,COMPONENT_SINGLE_MODEL_TEMPERATURE,DIAGNOSTIC,530101,15,1,2.1132,0.05283,0,,
2000055,MEASURED,COMPONENT_QUALITY_EXACT_DP,DIAGNOSTIC,530101,15,1,24.3367,0.6084175,0,,
2000056,MEASURED,COMPONENT_FEATURE_REFERENCE,DIAGNOSTIC,530101,15,1,141.1956,3.5298900000000004,0,,
2000057,MEASURED,COMPONENT_FEATURE_OPTIMIZED,M11_OPTIMIZED,530101,15,1,100.6319,2.5157975,0,,
2000058,MEASURED,COMPONENT_SINGLE_MODEL_TEMPERATURE,DIAGNOSTIC,530101,15,1,1.3898,0.034745,0,,
2000059,MEASURED,COMPONENT_QUALITY_EXACT_DP,DIAGNOSTIC,530101,15,1,24.6186,0.615465,0,,
2000060,MEASURED,COMPONENT_FEATURE_REFERENCE,DIAGNOSTIC,530101,15,1,136.3465,3.4086624999999997,0,,
2000061,MEASURED,COMPONENT_FEATURE_OPTIMIZED,M11_OPTIMIZED,530101,15,1,100.1222,2.5030550000000003,0,,
2000062,MEASURED,COMPONENT_SINGLE_MODEL_TEMPERATURE,DIAGNOSTIC,530101,15,1,2.1619,0.054047500000000005,0,,
2000063,MEASURED,COMPONENT_QUALITY_EXACT_DP,DIAGNOSTIC,530101,15,1,27.0506,0.676265,0,,
2000064,MEASURED,COMPONENT_FEATURE_REFERENCE,DIAGNOSTIC,530101,15,1,140.3651,3.5091275000000004,0,,
2000065,MEASURED,COMPONENT_FEATURE_OPTIMIZED,M11_OPTIMIZED,530101,15,1,100.0713,2.5017825,0,,
2000066,MEASURED,COMPONENT_SINGLE_MODEL_TEMPERATURE,DIAGNOSTIC,530101,15,1,1.7511,0.043777500000000004,0,,
2000067,MEASURED,COMPONENT_QUALITY_EXACT_DP,DIAGNOSTIC,530101,15,1,25.7143,0.6428575000000001,0,,
2000068,MEASURED,COMPONENT_FEATURE_REFERENCE,DIAGNOSTIC,530101,15,1,138.6994,3.467485,0,,
2000069,MEASURED,COMPONENT_FEATURE_OPTIMIZED,M11_OPTIMIZED,530101,15,1,103.999,2.5999749999999997,0,,
2000070,MEASURED,COMPONENT_SINGLE_MODEL_TEMPERATURE,DIAGNOSTIC,530101,15,1,2.7359,0.0683975,0,,
2000071,MEASURED,COMPONENT_QUALITY_EXACT_DP,DIAGNOSTIC,530101,15,1,24.9257,0.6231424999999999,0,,
2000072,MEASURED,COMPONENT_FEATURE_REFERENCE,DIAGNOSTIC,530101,15,1,142.2904,3.5572600000000003,0,,
2000073,MEASURED,COMPONENT_FEATURE_OPTIMIZED,M11_OPTIMIZED,530101,15,1,99.4142,2.4853549999999998,0,,
2000074,MEASURED,COMPONENT_SINGLE_MODEL_TEMPERATURE,DIAGNOSTIC,530101,15,1,2.0486,0.051215,0,,
2000075,MEASURED,COMPONENT_QUALITY_EXACT_DP,DIAGNOSTIC,530101,15,1,24.6212,0.61553,0,,
2000076,MEASURED,COMPONENT_FEATURE_REFERENCE,DIAGNOSTIC,530101,15,1,145.1947,3.6298675000000005,0,,
2000077,MEASURED,COMPONENT_FEATURE_OPTIMIZED,M11_OPTIMIZED,530101,15,1,97.3152,2.43288,0,,
2000078,MEASURED,COMPONENT_SINGLE_MODEL_TEMPERATURE,DIAGNOSTIC,530101,15,1,1.4885,0.037212499999999996,0,,
2000079,MEASURED,COMPONENT_QUALITY_EXACT_DP,DIAGNOSTIC,530101,15,1,24.5504,0.61376,0,,
2000080,MEASURED,COMPONENT_FEATURE_REFERENCE,DIAGNOSTIC,530101,15,2,143.8169,3.5954225,0,,
2000081,MEASURED,COMPONENT_FEATURE_OPTIMIZED,M11_OPTIMIZED,530101,15,2,101.3799,2.5344975,0,,
2000082,MEASURED,COMPONENT_SINGLE_MODEL_TEMPERATURE,DIAGNOSTIC,530101,15,2,2.9105,0.0727625,0,,
2000083,MEASURED,COMPONENT_QUALITY_EXACT_DP,DIAGNOSTIC,530101,15,2,24.9149,0.6228724999999999,0,,
2000084,MEASURED,COMPONENT_FEATURE_REFERENCE,DIAGNOSTIC,530101,15,2,137.467,3.436675,0,,
2000085,MEASURED,COMPONENT_FEATURE_OPTIMIZED,M11_OPTIMIZED,530101,15,2,98.6222,2.465555,0,,
2000086,MEASURED,COMPONENT_SINGLE_MODEL_TEMPERATURE,DIAGNOSTIC,530101,15,2,1.7378,0.043445,0,,
2000087,MEASURED,COMPONENT_QUALITY_EXACT_DP,DIAGNOSTIC,530101,15,2,26.1298,0.653245,0,,
2000088,MEASURED,COMPONENT_FEATURE_REFERENCE,DIAGNOSTIC,530101,15,2,141.2571,3.5314275000000004,0,,
2000089,MEASURED,COMPONENT_FEATURE_OPTIMIZED,M11_OPTIMIZED,530101,15,2,100.1392,2.50348,0,,
2000090,MEASURED,COMPONENT_SINGLE_MODEL_TEMPERATURE,DIAGNOSTIC,530101,15,2,1.9685,0.0492125,0,,
2000091,MEASURED,COMPONENT_QUALITY_EXACT_DP,DIAGNOSTIC,530101,15,2,27.0471,0.6761775,0,,
2000092,MEASURED,COMPONENT_FEATURE_REFERENCE,DIAGNOSTIC,530101,15,2,141.6278,3.5406950000000004,0,,
2000093,MEASURED,COMPONENT_FEATURE_OPTIMIZED,M11_OPTIMIZED,530101,15,2,98.0968,2.45242,0,,
2000094,MEASURED,COMPONENT_SINGLE_MODEL_TEMPERATURE,DIAGNOSTIC,530101,15,2,3.9172,0.09792999999999999,0,,
2000095,MEASURED,COMPONENT_QUALITY_EXACT_DP,DIAGNOSTIC,530101,15,2,25.4498,0.636245,0,,
2000096,MEASURED,COMPONENT_FEATURE_REFERENCE,DIAGNOSTIC,530101,15,2,144.7293,3.6182325,0,,
2000097,MEASURED,COMPONENT_FEATURE_OPTIMIZED,M11_OPTIMIZED,530101,15,2,102.4708,2.56177,0,,
2000098,MEASURED,COMPONENT_SINGLE_MODEL_TEMPERATURE,DIAGNOSTIC,530101,15,2,2.2619,0.056547499999999994,0,,
2000099,MEASURED,COMPONENT_QUALITY_EXACT_DP,DIAGNOSTIC,530101,15,2,26.854,0.67135,0,,
2000100,MEASURED,COMPONENT_FEATURE_REFERENCE,DIAGNOSTIC,530101,15,2,143.3967,3.5849175000000004,0,,
2000101,MEASURED,COMPONENT_FEATURE_OPTIMIZED,M11_OPTIMIZED,530101,15,2,99.068,2.4767,0,,
2000102,MEASURED,COMPONENT_SINGLE_MODEL_TEMPERATURE,DIAGNOSTIC,530101,15,2,1.3334,0.033335,0,,
2000103,MEASURED,COMPONENT_QUALITY_EXACT_DP,DIAGNOSTIC,530101,15,2,24.282,0.60705,0,,
2000104,MEASURED,COMPONENT_FEATURE_REFERENCE,DIAGNOSTIC,530101,15,2,143.3979,3.5849474999999997,0,,
2000105,MEASURED,COMPONENT_FEATURE_OPTIMIZED,M11_OPTIMIZED,530101,15,2,104.9439,2.6235975,0,,
2000106,MEASURED,COMPONENT_SINGLE_MODEL_TEMPERATURE,DIAGNOSTIC,530101,15,2,2.8868,0.07217,0,,
2000107,MEASURED,COMPONENT_QUALITY_EXACT_DP,DIAGNOSTIC,530101,15,2,24.9502,0.623755,0,,
2000108,MEASURED,COMPONENT_FEATURE_REFERENCE,DIAGNOSTIC,530101,15,2,142.9739,3.5743474999999996,0,,
2000109,MEASURED,COMPONENT_FEATURE_OPTIMIZED,M11_OPTIMIZED,530101,15,2,101.1246,2.528115,0,,
2000110,MEASURED,COMPONENT_SINGLE_MODEL_TEMPERATURE,DIAGNOSTIC,530101,15,2,1.3707,0.0342675,0,,
2000111,MEASURED,COMPONENT_QUALITY_EXACT_DP,DIAGNOSTIC,530101,15,2,26.2065,0.6551625,0,,
2000112,MEASURED,COMPONENT_FEATURE_REFERENCE,DIAGNOSTIC,530101,15,2,139.323,3.4830750000000004,0,,
2000113,MEASURED,COMPONENT_FEATURE_OPTIMIZED,M11_OPTIMIZED,530101,15,2,99.8752,2.49688,0,,
2000114,MEASURED,COMPONENT_SINGLE_MODEL_TEMPERATURE,DIAGNOSTIC,530101,15,2,1.4892,0.03723,0,,
2000115,MEASURED,COMPONENT_QUALITY_EXACT_DP,DIAGNOSTIC,530101,15,2,24.7357,0.6183925,0,,
2000116,MEASURED,COMPONENT_FEATURE_REFERENCE,DIAGNOSTIC,530101,15,2,132.2932,3.3073300000000003,0,,
2000117,MEASURED,COMPONENT_FEATURE_OPTIMIZED,M11_OPTIMIZED,530101,15,2,101.06,2.5265,0,,
2000118,MEASURED,COMPONENT_SINGLE_MODEL_TEMPERATURE,DIAGNOSTIC,530101,15,2,2.0299,0.0507475,0,,
2000119,MEASURED,COMPONENT_QUALITY_EXACT_DP,DIAGNOSTIC,530101,15,2,26.6808,0.6670200000000001,0,,
2000120,MEASURED,COMPONENT_FEATURE_REFERENCE,DIAGNOSTIC,530101,15,3,141.9396,3.54849,0,,
2000121,MEASURED,COMPONENT_FEATURE_OPTIMIZED,M11_OPTIMIZED,530101,15,3,100.1432,2.50358,0,,
2000122,MEASURED,COMPONENT_SINGLE_MODEL_TEMPERATURE,DIAGNOSTIC,530101,15,3,1.4982,0.037455,0,,
2000123,MEASURED,COMPONENT_QUALITY_EXACT_DP,DIAGNOSTIC,530101,15,3,24.8306,0.620765,0,,
2000124,MEASURED,COMPONENT_FEATURE_REFERENCE,DIAGNOSTIC,530101,15,3,146.1884,3.65471,0,,
2000125,MEASURED,COMPONENT_FEATURE_OPTIMIZED,M11_OPTIMIZED,530101,15,3,98.7066,2.4676649999999998,0,,
2000126,MEASURED,COMPONENT_SINGLE_MODEL_TEMPERATURE,DIAGNOSTIC,530101,15,3,2.1183,0.052957500000000005,0,,
2000127,MEASURED,COMPONENT_QUALITY_EXACT_DP,DIAGNOSTIC,530101,15,3,28.1588,0.70397,0,,
2000128,MEASURED,COMPONENT_FEATURE_REFERENCE,DIAGNOSTIC,530101,15,3,149.0913,3.7272825,0,,
2000129,MEASURED,COMPONENT_FEATURE_OPTIMIZED,M11_OPTIMIZED,530101,15,3,100.0463,2.5011575,0,,
2000130,MEASURED,COMPONENT_SINGLE_MODEL_TEMPERATURE,DIAGNOSTIC,530101,15,3,2.016,0.0504,0,,
2000131,MEASURED,COMPONENT_QUALITY_EXACT_DP,DIAGNOSTIC,530101,15,3,25.1423,0.6285575,0,,
2000132,MEASURED,COMPONENT_FEATURE_REFERENCE,DIAGNOSTIC,530101,15,3,145.1935,3.6298375,0,,
2000133,MEASURED,COMPONENT_FEATURE_OPTIMIZED,M11_OPTIMIZED,530101,15,3,99.2248,2.48062,0,,
2000134,MEASURED,COMPONENT_SINGLE_MODEL_TEMPERATURE,DIAGNOSTIC,530101,15,3,2.1048,0.05262,0,,
2000135,MEASURED,COMPONENT_QUALITY_EXACT_DP,DIAGNOSTIC,530101,15,3,27.0708,0.67677,0,,
2000136,MEASURED,COMPONENT_FEATURE_REFERENCE,DIAGNOSTIC,530101,15,3,141.7312,3.54328,0,,
2000137,MEASURED,COMPONENT_FEATURE_OPTIMIZED,M11_OPTIMIZED,530101,15,3,102.1337,2.5533425000000003,0,,
2000138,MEASURED,COMPONENT_SINGLE_MODEL_TEMPERATURE,DIAGNOSTIC,530101,15,3,1.3611,0.0340275,0,,
2000139,MEASURED,COMPONENT_QUALITY_EXACT_DP,DIAGNOSTIC,530101,15,3,24.4374,0.610935,0,,
2000140,MEASURED,COMPONENT_FEATURE_REFERENCE,DIAGNOSTIC,530101,15,3,145.6884,3.64221,0,,
2000141,MEASURED,COMPONENT_FEATURE_OPTIMIZED,M11_OPTIMIZED,530101,15,3,101.3467,2.5336675,0,,
2000142,MEASURED,COMPONENT_SINGLE_MODEL_TEMPERATURE,DIAGNOSTIC,530101,15,3,2.0924,0.05231,0,,
2000143,MEASURED,COMPONENT_QUALITY_EXACT_DP,DIAGNOSTIC,530101,15,3,26.4371,0.6609275,0,,
2000144,MEASURED,COMPONENT_FEATURE_REFERENCE,DIAGNOSTIC,530101,15,3,138.754,3.4688499999999998,0,,
2000145,MEASURED,COMPONENT_FEATURE_OPTIMIZED,M11_OPTIMIZED,530101,15,3,100.3913,2.5097825,0,,
2000146,MEASURED,COMPONENT_SINGLE_MODEL_TEMPERATURE,DIAGNOSTIC,530101,15,3,2.1199,0.052997499999999996,0,,
2000147,MEASURED,COMPONENT_QUALITY_EXACT_DP,DIAGNOSTIC,530101,15,3,26.2952,0.6573800000000001,0,,
2000148,MEASURED,COMPONENT_FEATURE_REFERENCE,DIAGNOSTIC,530101,15,3,142.1402,3.553505,0,,
2000149,MEASURED,COMPONENT_FEATURE_OPTIMIZED,M11_OPTIMIZED,530101,15,3,100.7592,2.51898,0,,
2000150,MEASURED,COMPONENT_SINGLE_MODEL_TEMPERATURE,DIAGNOSTIC,530101,15,3,1.3382,0.033455,0,,
2000151,MEASURED,COMPONENT_QUALITY_EXACT_DP,DIAGNOSTIC,530101,15,3,25.0892,0.6272300000000001,0,,
2000152,MEASURED,COMPONENT_FEATURE_REFERENCE,DIAGNOSTIC,530101,15,3,141.018,3.52545,0,,
2000153,MEASURED,COMPONENT_FEATURE_OPTIMIZED,M11_OPTIMIZED,530101,15,3,99.6996,2.49249,0,,
2000154,MEASURED,COMPONENT_SINGLE_MODEL_TEMPERATURE,DIAGNOSTIC,530101,15,3,2.0693,0.0517325,0,,
2000155,MEASURED,COMPONENT_QUALITY_EXACT_DP,DIAGNOSTIC,530101,15,3,24.6917,0.6172925,0,,
2000156,MEASURED,COMPONENT_FEATURE_REFERENCE,DIAGNOSTIC,530101,15,3,143.2284,3.58071,0,,
2000157,MEASURED,COMPONENT_FEATURE_OPTIMIZED,M11_OPTIMIZED,530101,15,3,102.7702,2.569255,0,,
2000158,MEASURED,COMPONENT_SINGLE_MODEL_TEMPERATURE,DIAGNOSTIC,530101,15,3,2.2053,0.055132499999999994,0,,
2000159,MEASURED,COMPONENT_QUALITY_EXACT_DP,DIAGNOSTIC,530101,15,3,27.4183,0.6854574999999999,0,,
2000160,MEASURED,COMPONENT_FEATURE_REFERENCE,DIAGNOSTIC,530101,15,4,141.3295,3.5332375,0,,
2000161,MEASURED,COMPONENT_FEATURE_OPTIMIZED,M11_OPTIMIZED,530101,15,4,99.5198,2.487995,0,,
2000162,MEASURED,COMPONENT_SINGLE_MODEL_TEMPERATURE,DIAGNOSTIC,530101,15,4,1.926,0.04815,0,,
2000163,MEASURED,COMPONENT_QUALITY_EXACT_DP,DIAGNOSTIC,530101,15,4,24.8516,0.62129,0,,
2000164,MEASURED,COMPONENT_FEATURE_REFERENCE,DIAGNOSTIC,530101,15,4,139.7976,3.4949399999999997,0,,
2000165,MEASURED,COMPONENT_FEATURE_OPTIMIZED,M11_OPTIMIZED,530101,15,4,98.3975,2.4599374999999997,0,,
2000166,MEASURED,COMPONENT_SINGLE_MODEL_TEMPERATURE,DIAGNOSTIC,530101,15,4,2.3358,0.058394999999999996,0,,
2000167,MEASURED,COMPONENT_QUALITY_EXACT_DP,DIAGNOSTIC,530101,15,4,27.0862,0.6771550000000001,0,,
2000168,MEASURED,COMPONENT_FEATURE_REFERENCE,DIAGNOSTIC,530101,15,4,140.0122,3.500305,0,,
2000169,MEASURED,COMPONENT_FEATURE_OPTIMIZED,M11_OPTIMIZED,530101,15,4,99.6206,2.490515,0,,
2000170,MEASURED,COMPONENT_SINGLE_MODEL_TEMPERATURE,DIAGNOSTIC,530101,15,4,2.8862,0.072155,0,,
2000171,MEASURED,COMPONENT_QUALITY_EXACT_DP,DIAGNOSTIC,530101,15,4,26.8198,0.6704950000000001,0,,
2000172,MEASURED,COMPONENT_FEATURE_REFERENCE,DIAGNOSTIC,530101,15,4,149.5916,3.73979,0,,
2000173,MEASURED,COMPONENT_FEATURE_OPTIMIZED,M11_OPTIMIZED,530101,15,4,98.6836,2.46709,0,,
2000174,MEASURED,COMPONENT_SINGLE_MODEL_TEMPERATURE,DIAGNOSTIC,530101,15,4,2.0926,0.052315,0,,
2000175,MEASURED,COMPONENT_QUALITY_EXACT_DP,DIAGNOSTIC,530101,15,4,24.8264,0.62066,0,,
2000176,MEASURED,COMPONENT_FEATURE_REFERENCE,DIAGNOSTIC,530101,15,4,135.1605,3.3790125000000004,0,,
2000177,MEASURED,COMPONENT_FEATURE_OPTIMIZED,M11_OPTIMIZED,530101,15,4,98.0459,2.4511475000000003,0,,
2000178,MEASURED,COMPONENT_SINGLE_MODEL_TEMPERATURE,DIAGNOSTIC,530101,15,4,1.3493,0.0337325,0,,
2000179,MEASURED,COMPONENT_QUALITY_EXACT_DP,DIAGNOSTIC,530101,15,4,25.0469,0.6261725,0,,
2000180,MEASURED,COMPONENT_FEATURE_REFERENCE,DIAGNOSTIC,530101,15,4,147.1721,3.6793025,0,,
2000181,MEASURED,COMPONENT_FEATURE_OPTIMIZED,M11_OPTIMIZED,530101,15,4,98.4118,2.460295,0,,
2000182,MEASURED,COMPONENT_SINGLE_MODEL_TEMPERATURE,DIAGNOSTIC,530101,15,4,2.1457,0.0536425,0,,
2000183,MEASURED,COMPONENT_QUALITY_EXACT_DP,DIAGNOSTIC,530101,15,4,27.3894,0.684735,0,,
2000184,MEASURED,COMPONENT_FEATURE_REFERENCE,DIAGNOSTIC,530101,15,4,142.4961,3.5624025,0,,
2000185,MEASURED,COMPONENT_FEATURE_OPTIMIZED,M11_OPTIMIZED,530101,15,4,99.1342,2.478355,0,,
2000186,MEASURED,COMPONENT_SINGLE_MODEL_TEMPERATURE,DIAGNOSTIC,530101,15,4,2.2444,0.05611000000000001,0,,
2000187,MEASURED,COMPONENT_QUALITY_EXACT_DP,DIAGNOSTIC,530101,15,4,26.794,0.6698500000000001,0,,
2000188,MEASURED,COMPONENT_FEATURE_REFERENCE,DIAGNOSTIC,530101,15,4,138.6576,3.46644,0,,
2000189,MEASURED,COMPONENT_FEATURE_OPTIMIZED,M11_OPTIMIZED,530101,15,4,99.0106,2.475265,0,,
2000190,MEASURED,COMPONENT_SINGLE_MODEL_TEMPERATURE,DIAGNOSTIC,530101,15,4,2.8541,0.0713525,0,,
2000191,MEASURED,COMPONENT_QUALITY_EXACT_DP,DIAGNOSTIC,530101,15,4,24.8518,0.621295,0,,
2000192,MEASURED,COMPONENT_FEATURE_REFERENCE,DIAGNOSTIC,530101,15,4,146.3579,3.6589475,0,,
2000193,MEASURED,COMPONENT_FEATURE_OPTIMIZED,M11_OPTIMIZED,530101,15,4,101.3597,2.5339925,0,,
2000194,MEASURED,COMPONENT_SINGLE_MODEL_TEMPERATURE,DIAGNOSTIC,530101,15,4,2.8822,0.07205500000000001,0,,
2000195,MEASURED,COMPONENT_QUALITY_EXACT_DP,DIAGNOSTIC,530101,15,4,25.5643,0.6391074999999999,0,,
2000196,MEASURED,COMPONENT_FEATURE_REFERENCE,DIAGNOSTIC,530101,15,4,151.6642,3.7916049999999997,0,,
2000197,MEASURED,COMPONENT_FEATURE_OPTIMIZED,M11_OPTIMIZED,530101,15,4,100.0036,2.50009,0,,
2000198,MEASURED,COMPONENT_SINGLE_MODEL_TEMPERATURE,DIAGNOSTIC,530101,15,4,1.3389,0.0334725,0,,
2000199,MEASURED,COMPONENT_QUALITY_EXACT_DP,DIAGNOSTIC,530101,15,4,24.9501,0.6237524999999999,0,,
