row_type,permutation,group_size,group_count,comparison,left_method,right_method,variant,scope,metric,primary_comparison,observed_delta_per_image,observed_delta_per_100_images,ci95_low,ci95_high,strict_positive_resample_fraction,bootstrap_unit,bootstrap_resamples,bootstrap_seed,bootstrap_index_sha256,sensitivity_min,sensitivity_max,direction_positive_count,direction_nonnegative_count,notes
PAIRED_GROUP_BOOTSTRAP,R0,10,200,M11_MINUS_S_ADAPT,M11,S_ADAPT,THREE_SEED_MEAN,10,coverage_per_image,true,0.04216666666666666,4.216666666666666,0.015333333333333372,0.06983333333333334,0.9996,complete frozen 10-image allocation group,5000,3436641855,ba63c6c22fc456d8a5d91ff928fcbe0c8bc16ab08e29c93a1edaebc5833d545a,,,,,paired within one fixed permutation and group size; no cross-permutation pooling
PAIRED_GROUP_BOOTSTRAP,R0,10,200,M11_MINUS_S_ADAPT,M11,S_ADAPT,THREE_SEED_MEAN,15,coverage_per_image,true,0.09066666666666665,9.066666666666665,0.06266666666666657,0.11799999999999997,1,complete frozen 10-image allocation group,5000,3436641855,ba63c6c22fc456d8a5d91ff928fcbe0c8bc16ab08e29c93a1edaebc5833d545a,,,,,paired within one fixed permutation and group size; no cross-permutation pooling
PAIRED_GROUP_BOOTSTRAP,R0,10,200,M11_MINUS_S_ADAPT,M11,S_ADAPT,THREE_SEED_MEAN,20,coverage_per_image,true,0.11349999999999998,11.349999999999998,0.0871624999999999,0.13966666666666663,1,complete frozen 10-image allocation group,5000,3436641855,ba63c6c22fc456d8a5d91ff928fcbe0c8bc16ab08e29c93a1edaebc5833d545a,,,,,paired within one fixed permutation and group size; no cross-permutation pooling
PAIRED_GROUP_BOOTSTRAP,R0,10,200,M11_MINUS_S_ADAPT,M11,S_ADAPT,THREE_SEED_MEAN,30,coverage_per_image,true,0.10433333333333325,10.433333333333325,0.08233333333333322,0.1269999999999999,1,complete frozen 10-image allocation group,5000,3436641855,ba63c6c22fc456d8a5d91ff928fcbe0c8bc16ab08e29c93a1edaebc5833d545a,,,,,paired within one fixed permutation and group size; no cross-permutation pooling
PAIRED_GROUP_BOOTSTRAP,R0,10,200,M11_MINUS_S_ADAPT,M11,S_ADAPT,THREE_SEED_MEAN,40,coverage_per_image,true,0.06199999999999996,6.199999999999996,0.04583333333333329,0.07749999999999989,1,complete frozen 10-image allocation group,5000,3436641855,ba63c6c22fc456d8a5d91ff928fcbe0c8bc16ab08e29c93a1edaebc5833d545a,,,,,paired within one fixed permutation and group size; no cross-permutation pooling
PAIRED_GROUP_BOOTSTRAP,R0,10,200,M11_MINUS_S_ADAPT,M11,S_ADAPT,THREE_SEED_MEAN,CORE_10_15_20,coverage_per_image,true,0.08211111111111108,8.211111111111109,0.06488749999999999,0.09922361111111108,1,complete frozen 10-image allocation group,5000,3436641855,ba63c6c22fc456d8a5d91ff928fcbe0c8bc16ab08e29c93a1edaebc5833d545a,,,,,paired within one fixed permutation and group size; no cross-permutation pooling
PAIRED_GROUP_BOOTSTRAP,R0,10,200,M11_MINUS_S_ADAPT,M11,S_ADAPT,THREE_SEED_MEAN,10,quality_per_image,true,0.11214909836534229,11.214909836534229,0.09309736706708104,0.13255787195169166,1,complete frozen 10-image allocation group,5000,3436641855,ba63c6c22fc456d8a5d91ff928fcbe0c8bc16ab08e29c93a1edaebc5833d545a,,,,,paired within one fixed permutation and group size; no cross-permutation pooling
PAIRED_GROUP_BOOTSTRAP,R0,10,200,M11_MINUS_S_ADAPT,M11,S_ADAPT,THREE_SEED_MEAN,15,quality_per_image,true,0.10592760848381683,10.592760848381683,0.08319906266291545,0.12861758120065409,1,complete frozen 10-image allocation group,5000,3436641855,ba63c6c22fc456d8a5d91ff928fcbe0c8bc16ab08e29c93a1edaebc5833d545a,,,,,paired within one fixed permutation and group size; no cross-permutation pooling
PAIRED_GROUP_BOOTSTRAP,R0,10,200,M11_MINUS_S_ADAPT,M11,S_ADAPT,THREE_SEED_MEAN,20,quality_per_image,true,0.0915125946384134,9.15125946384134,0.07360007472474361,0.11010239816524921,1,complete frozen 10-image allocation group,5000,3436641855,ba63c6c22fc456d8a5d91ff928fcbe0c8bc16ab08e29c93a1edaebc5833d545a,,,,,paired within one fixed permutation and group size; no cross-permutation pooling
PAIRED_GROUP_BOOTSTRAP,R0,10,200,M11_MINUS_S_ADAPT,M11,S_ADAPT,THREE_SEED_MEAN,30,quality_per_image,true,0.07034214143342644,7.034214143342645,0.056002566205084994,0.08521828833803616,1,complete frozen 10-image allocation group,5000,3436641855,ba63c6c22fc456d8a5d91ff928fcbe0c8bc16ab08e29c93a1edaebc5833d545a,,,,,paired within one fixed permutation and group size; no cross-permutation pooling
PAIRED_GROUP_BOOTSTRAP,R0,10,200,M11_MINUS_S_ADAPT,M11,S_ADAPT,THREE_SEED_MEAN,40,quality_per_image,true,0.030449767063561797,3.04497670635618,0.01988414389757421,0.04065305915567782,1,complete frozen 10-image allocation group,5000,3436641855,ba63c6c22fc456d8a5d91ff928fcbe0c8bc16ab08e29c93a1edaebc5833d545a,,,,,paired within one fixed permutation and group size; no cross-permutation pooling
PAIRED_GROUP_BOOTSTRAP,R0,10,200,M11_MINUS_S_ADAPT,M11,S_ADAPT,THREE_SEED_MEAN,CORE_10_15_20,quality_per_image,true,0.10319643382919086,10.319643382919086,0.08986465729943759,0.11632879253534699,1,complete frozen 10-image allocation group,5000,3436641855,ba63c6c22fc456d8a5d91ff928fcbe0c8bc16ab08e29c93a1edaebc5833d545a,,,,,paired within one fixed permutation and group size; no cross-permutation pooling
PAIRED_GROUP_BOOTSTRAP,R0,10,200,M11_MINUS_S_ADAPT,M11,S_ADAPT,SEED_530101,10,coverage_per_image,true,0.05749999999999999,5.749999999999999,0.028499999999999956,0.08650000000000002,1,complete frozen 10-image allocation group,5000,3436641855,ba63c6c22fc456d8a5d91ff928fcbe0c8bc16ab08e29c93a1edaebc5833d545a,,,,,paired within one fixed permutation and group size; no cross-permutation pooling
PAIRED_GROUP_BOOTSTRAP,R0,10,200,M11_MINUS_S_ADAPT,M11,S_ADAPT,SEED_530101,15,coverage_per_image,true,0.09649999999999997,9.649999999999997,0.06699999999999993,0.12599999999999995,1,complete frozen 10-image allocation group,5000,3436641855,ba63c6c22fc456d8a5d91ff928fcbe0c8bc16ab08e29c93a1edaebc5833d545a,,,,,paired within one fixed permutation and group size; no cross-permutation pooling
PAIRED_GROUP_BOOTSTRAP,R0,10,200,M11_MINUS_S_ADAPT,M11,S_ADAPT,SEED_530101,20,coverage_per_image,true,0.11749999999999998,11.749999999999998,0.0895,0.14549999999999996,1,complete frozen 10-image allocation group,5000,3436641855,ba63c6c22fc456d8a5d91ff928fcbe0c8bc16ab08e29c93a1edaebc5833d545a,,,,,paired within one fixed permutation and group size; no cross-permutation pooling
PAIRED_GROUP_BOOTSTRAP,R0,10,200,M11_MINUS_S_ADAPT,M11,S_ADAPT,SEED_530101,30,coverage_per_image,true,0.10749999999999997,10.749999999999996,0.08299999999999998,0.13249999999999998,1,complete frozen 10-image allocation group,5000,3436641855,ba63c6c22fc456d8a5d91ff928fcbe0c8bc16ab08e29c93a1edaebc5833d545a,,,,,paired within one fixed permutation and group size; no cross-permutation pooling
PAIRED_GROUP_BOOTSTRAP,R0,10,200,M11_MINUS_S_ADAPT,M11,S_ADAPT,SEED_530101,40,coverage_per_image,true,0.06049999999999999,6.049999999999999,0.04399999999999997,0.077,1,complete frozen 10-image allocation group,5000,3436641855,ba63c6c22fc456d8a5d91ff928fcbe0c8bc16ab08e29c93a1edaebc5833d545a,,,,,paired within one fixed permutation and group size; no cross-permutation pooling
PAIRED_GROUP_BOOTSTRAP,R0,10,200,M11_MINUS_S_ADAPT,M11,S_ADAPT,SEED_530101,CORE_10_15_20,coverage_per_image,true,0.09049999999999997,9.049999999999997,0.07199999999999995,0.10899999999999994,1,complete frozen 10-image allocation group,5000,3436641855,ba63c6c22fc456d8a5d91ff928fcbe0c8bc16ab08e29c93a1edaebc5833d545a,,,,,paired within one fixed permutation and group size; no cross-permutation pooling
PAIRED_GROUP_BOOTSTRAP,R0,10,200,M11_MINUS_S_ADAPT,M11,S_ADAPT,SEED_530101,10,quality_per_image,true,0.11422625434160977,11.422625434160977,0.09447145568927318,0.13578001532373438,1,complete frozen 10-image allocation group,5000,3436641855,ba63c6c22fc456d8a5d91ff928fcbe0c8bc16ab08e29c93a1edaebc5833d545a,,,,,paired within one fixed permutation and group size; no cross-permutation pooling
PAIRED_GROUP_BOOTSTRAP,R0,10,200,M11_MINUS_S_ADAPT,M11,S_ADAPT,SEED_530101,15,quality_per_image,true,0.10434403125037585,10.434403125037585,0.08036954156844074,0.12827221641994543,1,complete frozen 10-image allocation group,5000,3436641855,ba63c6c22fc456d8a5d91ff928fcbe0c8bc16ab08e29c93a1edaebc5833d545a,,,,,paired within one fixed permutation and group size; no cross-permutation pooling
PAIRED_GROUP_BOOTSTRAP,R0,10,200,M11_MINUS_S_ADAPT,M11,S_ADAPT,SEED_530101,20,quality_per_image,true,0.08919503928307528,8.919503928307527,0.07089293347762442,0.10761196243485943,1,complete frozen 10-image allocation group,5000,3436641855,ba63c6c22fc456d8a5d91ff928fcbe0c8bc16ab08e29c93a1edaebc5833d545a,,,,,paired within one fixed permutation and group size; no cross-permutation pooling
PAIRED_GROUP_BOOTSTRAP,R0,10,200,M11_MINUS_S_ADAPT,M11,S_ADAPT,SEED_530101,30,quality_per_image,true,0.06706699473727744,6.706699473727744,0.05184580561575667,0.08288836896780523,1,complete frozen 10-image allocation group,5000,3436641855,ba63c6c22fc456d8a5d91ff928fcbe0c8bc16ab08e29c93a1edaebc5833d545a,,,,,paired within one fixed permutation and group size; no cross-permutation pooling
PAIRED_GROUP_BOOTSTRAP,R0,10,200,M11_MINUS_S_ADAPT,M11,S_ADAPT,SEED_530101,40,quality_per_image,true,0.03051949376958179,3.051949376958179,0.019261312634525588,0.04114029083201513,1,complete frozen 10-image allocation group,5000,3436641855,ba63c6c22fc456d8a5d91ff928fcbe0c8bc16ab08e29c93a1edaebc5833d545a,,,,,paired within one fixed permutation and group size; no cross-permutation pooling
PAIRED_GROUP_BOOTSTRAP,R0,10,200,M11_MINUS_S_ADAPT,M11,S_ADAPT,SEED_530101,CORE_10_15_20,quality_per_image,true,0.10258844162502029,10.25884416250203,0.08853066298781256,0.1160740438620988,1,complete frozen 10-image allocation group,5000,3436641855,ba63c6c22fc456d8a5d91ff928fcbe0c8bc16ab08e29c93a1edaebc5833d545a,,,,,paired within one fixed permutation and group size; no cross-permutation pooling
PAIRED_GROUP_BOOTSTRAP,R0,10,200,M11_MINUS_S_ADAPT,M11,S_ADAPT,SEED_530102,10,coverage_per_image,true,0.027999999999999976,2.7999999999999976,0.0005000000000000111,0.056999999999999995,0.9764,complete frozen 10-image allocation group,5000,3436641855,ba63c6c22fc456d8a5d91ff928fcbe0c8bc16ab08e29c93a1edaebc5833d545a,,,,,paired within one fixed permutation and group size; no cross-permutation pooling
PAIRED_GROUP_BOOTSTRAP,R0,10,200,M11_MINUS_S_ADAPT,M11,S_ADAPT,SEED_530102,15,coverage_per_image,true,0.07899999999999997,7.899999999999998,0.04999999999999995,0.10649999999999991,1,complete frozen 10-image allocation group,5000,3436641855,ba63c6c22fc456d8a5d91ff928fcbe0c8bc16ab08e29c93a1edaebc5833d545a,,,,,paired within one fixed permutation and group size; no cross-permutation pooling
PAIRED_GROUP_BOOTSTRAP,R0,10,200,M11_MINUS_S_ADAPT,M11,S_ADAPT,SEED_530102,20,coverage_per_image,true,0.09999999999999992,9.999999999999993,0.07049999999999997,0.1289999999999999,1,complete frozen 10-image allocation group,5000,3436641855,ba63c6c22fc456d8a5d91ff928fcbe0c8bc16ab08e29c93a1edaebc5833d545a,,,,,paired within one fixed permutation and group size; no cross-permutation pooling
PAIRED_GROUP_BOOTSTRAP,R0,10,200,M11_MINUS_S_ADAPT,M11,S_ADAPT,SEED_530102,30,coverage_per_image,true,0.09650000000000002,9.650000000000002,0.073,0.1205,1,complete frozen 10-image allocation group,5000,3436641855,ba63c6c22fc456d8a5d91ff928fcbe0c8bc16ab08e29c93a1edaebc5833d545a,,,,,paired within one fixed permutation and group size; no cross-permutation pooling
PAIRED_GROUP_BOOTSTRAP,R0,10,200,M11_MINUS_S_ADAPT,M11,S_ADAPT,SEED_530102,40,coverage_per_image,true,0.06049999999999996,6.049999999999995,0.04249999999999999,0.07799999999999992,1,complete frozen 10-image allocation group,5000,3436641855,ba63c6c22fc456d8a5d91ff928fcbe0c8bc16ab08e29c93a1edaebc5833d545a,,,,,paired within one fixed permutation and group size; no cross-permutation pooling
PAIRED_GROUP_BOOTSTRAP,R0,10,200,M11_MINUS_S_ADAPT,M11,S_ADAPT,SEED_530102,CORE_10_15_20,coverage_per_image,true,0.06899999999999995,6.899999999999995,0.050999999999999976,0.08649999999999997,1,complete frozen 10-image allocation group,5000,3436641855,ba63c6c22fc456d8a5d91ff928fcbe0c8bc16ab08e29c93a1edaebc5833d545a,,,,,paired within one fixed permutation and group size; no cross-permutation pooling
PAIRED_GROUP_BOOTSTRAP,R0,10,200,M11_MINUS_S_ADAPT,M11,S_ADAPT,SEED_530102,10,quality_per_image,true,0.11371349316542609,11.37134931654261,0.09302221825428943,0.13599198509658078,1,complete frozen 10-image allocation group,5000,3436641855,ba63c6c22fc456d8a5d91ff928fcbe0c8bc16ab08e29c93a1edaebc5833d545a,,,,,paired within one fixed permutation and group size; no cross-permutation pooling
PAIRED_GROUP_BOOTSTRAP,R0,10,200,M11_MINUS_S_ADAPT,M11,S_ADAPT,SEED_530102,15,quality_per_image,true,0.10181676416877462,10.181676416877462,0.07849576214862543,0.12561639018484283,1,complete frozen 10-image allocation group,5000,3436641855,ba63c6c22fc456d8a5d91ff928fcbe0c8bc16ab08e29c93a1edaebc5833d545a,,,,,paired within one fixed permutation and group size; no cross-permutation pooling
PAIRED_GROUP_BOOTSTRAP,R0,10,200,M11_MINUS_S_ADAPT,M11,S_ADAPT,SEED_530102,20,quality_per_image,true,0.09094991726946844,9.094991726946844,0.07185915514902984,0.11032837571620199,1,complete frozen 10-image allocation group,5000,3436641855,ba63c6c22fc456d8a5d91ff928fcbe0c8bc16ab08e29c93a1edaebc5833d545a,,,,,paired within one fixed permutation and group size; no cross-permutation pooling
PAIRED_GROUP_BOOTSTRAP,R0,10,200,M11_MINUS_S_ADAPT,M11,S_ADAPT,SEED_530102,30,quality_per_image,true,0.06848462929407254,6.848462929407254,0.05320674138867105,0.08397465998752217,1,complete frozen 10-image allocation group,5000,3436641855,ba63c6c22fc456d8a5d91ff928fcbe0c8bc16ab08e29c93a1edaebc5833d545a,,,,,paired within one fixed permutation and group size; no cross-permutation pooling
PAIRED_GROUP_BOOTSTRAP,R0,10,200,M11_MINUS_S_ADAPT,M11,S_ADAPT,SEED_530102,40,quality_per_image,true,0.028280200616109665,2.8280200616109665,0.017833614573378637,0.038867076958727334,1,complete frozen 10-image allocation group,5000,3436641855,ba63c6c22fc456d8a5d91ff928fcbe0c8bc16ab08e29c93a1edaebc5833d545a,,,,,paired within one fixed permutation and group size; no cross-permutation pooling
PAIRED_GROUP_BOOTSTRAP,R0,10,200,M11_MINUS_S_ADAPT,M11,S_ADAPT,SEED_530102,CORE_10_15_20,quality_per_image,true,0.10216005820122305,10.216005820122305,0.08831457874431373,0.11580692767243979,1,complete frozen 10-image allocation group,5000,3436641855,ba63c6c22fc456d8a5d91ff928fcbe0c8bc16ab08e29c93a1edaebc5833d545a,,,,,paired within one fixed permutation and group size; no cross-permutation pooling
PAIRED_GROUP_BOOTSTRAP,R0,10,200,M11_MINUS_S_ADAPT,M11,S_ADAPT,SEED_530103,10,coverage_per_image,true,0.041000000000000016,4.100000000000001,0.01250000000000001,0.07050000000000005,0.9972,complete frozen 10-image allocation group,5000,3436641855,ba63c6c22fc456d8a5d91ff928fcbe0c8bc16ab08e29c93a1edaebc5833d545a,,,,,paired within one fixed permutation and group size; no cross-permutation pooling
PAIRED_GROUP_BOOTSTRAP,R0,10,200,M11_MINUS_S_ADAPT,M11,S_ADAPT,SEED_530103,15,coverage_per_image,true,0.09649999999999999,9.649999999999999,0.06449999999999995,0.1285,1,complete frozen 10-image allocation group,5000,3436641855,ba63c6c22fc456d8a5d91ff928fcbe0c8bc16ab08e29c93a1edaebc5833d545a,,,,,paired within one fixed permutation and group size; no cross-permutation pooling
PAIRED_GROUP_BOOTSTRAP,R0,10,200,M11_MINUS_S_ADAPT,M11,S_ADAPT,SEED_530103,20,coverage_per_image,true,0.12299999999999996,12.299999999999995,0.09399999999999994,0.152,1,complete frozen 10-image allocation group,5000,3436641855,ba63c6c22fc456d8a5d91ff928fcbe0c8bc16ab08e29c93a1edaebc5833d545a,,,,,paired within one fixed permutation and group size; no cross-permutation pooling
PAIRED_GROUP_BOOTSTRAP,R0,10,200,M11_MINUS_S_ADAPT,M11,S_ADAPT,SEED_530103,30,coverage_per_image,true,0.10899999999999999,10.899999999999999,0.08500000000000002,0.13251249999999984,1,complete frozen 10-image allocation group,5000,3436641855,ba63c6c22fc456d8a5d91ff928fcbe0c8bc16ab08e29c93a1edaebc5833d545a,,,,,paired within one fixed permutation and group size; no cross-permutation pooling
PAIRED_GROUP_BOOTSTRAP,R0,10,200,M11_MINUS_S_ADAPT,M11,S_ADAPT,SEED_530103,40,coverage_per_image,true,0.06499999999999999,6.499999999999999,0.04750000000000003,0.08199999999999993,1,complete frozen 10-image allocation group,5000,3436641855,ba63c6c22fc456d8a5d91ff928fcbe0c8bc16ab08e29c93a1edaebc5833d545a,,,,,paired within one fixed permutation and group size; no cross-permutation pooling
PAIRED_GROUP_BOOTSTRAP,R0,10,200,M11_MINUS_S_ADAPT,M11,S_ADAPT,SEED_530103,CORE_10_15_20,coverage_per_image,true,0.08683333333333332,8.683333333333332,0.06799999999999995,0.1051708333333333,1,complete frozen 10-image allocation group,5000,3436641855,ba63c6c22fc456d8a5d91ff928fcbe0c8bc16ab08e29c93a1edaebc5833d545a,,,,,paired within one fixed permutation and group size; no cross-permutation pooling
PAIRED_GROUP_BOOTSTRAP,R0,10,200,M11_MINUS_S_ADAPT,M11,S_ADAPT,SEED_530103,10,quality_per_image,true,0.10850754758899107,10.850754758899107,0.08809902965210897,0.1299036277535007,1,complete frozen 10-image allocation group,5000,3436641855,ba63c6c22fc456d8a5d91ff928fcbe0c8bc16ab08e29c93a1edaebc5833d545a,,,,,paired within one fixed permutation and group size; no cross-permutation pooling
PAIRED_GROUP_BOOTSTRAP,R0,10,200,M11_MINUS_S_ADAPT,M11,S_ADAPT,SEED_530103,15,quality_per_image,true,0.1116220300323,11.16220300323,0.08721097809462632,0.13613244134762212,1,complete frozen 10-image allocation group,5000,3436641855,ba63c6c22fc456d8a5d91ff928fcbe0c8bc16ab08e29c93a1edaebc5833d545a,,,,,paired within one fixed permutation and group size; no cross-permutation pooling
PAIRED_GROUP_BOOTSTRAP,R0,10,200,M11_MINUS_S_ADAPT,M11,S_ADAPT,SEED_530103,20,quality_per_image,true,0.09439282736269644,9.439282736269645,0.07486159933844858,0.11431575367658074,1,complete frozen 10-image allocation group,5000,3436641855,ba63c6c22fc456d8a5d91ff928fcbe0c8bc16ab08e29c93a1edaebc5833d545a,,,,,paired within one fixed permutation and group size; no cross-permutation pooling
PAIRED_GROUP_BOOTSTRAP,R0,10,200,M11_MINUS_S_ADAPT,M11,S_ADAPT,SEED_530103,30,quality_per_image,true,0.07547480026892933,7.547480026892933,0.05953539623670518,0.09163035827014758,1,complete frozen 10-image allocation group,5000,3436641855,ba63c6c22fc456d8a5d91ff928fcbe0c8bc16ab08e29c93a1edaebc5833d545a,,,,,paired within one fixed permutation and group size; no cross-permutation pooling
PAIRED_GROUP_BOOTSTRAP,R0,10,200,M11_MINUS_S_ADAPT,M11,S_ADAPT,SEED_530103,40,quality_per_image,true,0.03254960680499383,3.254960680499383,0.021205025828927727,0.043630652020606196,1,complete frozen 10-image allocation group,5000,3436641855,ba63c6c22fc456d8a5d91ff928fcbe0c8bc16ab08e29c93a1edaebc5833d545a,,,,,paired within one fixed permutation and group size; no cross-permutation pooling
PAIRED_GROUP_BOOTSTRAP,R0,10,200,M11_MINUS_S_ADAPT,M11,S_ADAPT,SEED_530103,CORE_10_15_20,quality_per_image,true,0.10484080166132918,10.484080166132918,0.09064300203839107,0.11837017946095531,1,complete frozen 10-image allocation group,5000,3436641855,ba63c6c22fc456d8a5d91ff928fcbe0c8bc16ab08e29c93a1edaebc5833d545a,,,,,paired within one fixed permutation and group size; no cross-permutation pooling
PAIRED_GROUP_BOOTSTRAP,R0,10,200,S_ADAPT_MINUS_S_FIXED,S_ADAPT,S_FIXED,DETERMINISTIC,10,coverage_per_image,true,0.623,62.3,0.5760000000000001,0.6690124999999999,1,complete frozen 10-image allocation group,5000,3436641855,ba63c6c22fc456d8a5d91ff928fcbe0c8bc16ab08e29c93a1edaebc5833d545a,,,,,paired within one fixed permutation and group size; no cross-permutation pooling
PAIRED_GROUP_BOOTSTRAP,R0,10,200,S_ADAPT_MINUS_S_FIXED,S_ADAPT,S_FIXED,DETERMINISTIC,15,coverage_per_image,true,0.5485,54.85,0.4994875,0.5995,1,complete frozen 10-image allocation group,5000,3436641855,ba63c6c22fc456d8a5d91ff928fcbe0c8bc16ab08e29c93a1edaebc5833d545a,,,,,paired within one fixed permutation and group size; no cross-permutation pooling
PAIRED_GROUP_BOOTSTRAP,R0,10,200,S_ADAPT_MINUS_S_FIXED,S_ADAPT,S_FIXED,DETERMINISTIC,20,coverage_per_image,true,0.4085000000000001,40.85000000000001,0.3625,0.4545,1,complete frozen 10-image allocation group,5000,3436641855,ba63c6c22fc456d8a5d91ff928fcbe0c8bc16ab08e29c93a1edaebc5833d545a,,,,,paired within one fixed permutation and group size; no cross-permutation pooling
PAIRED_GROUP_BOOTSTRAP,R0,10,200,S_ADAPT_MINUS_S_FIXED,S_ADAPT,S_FIXED,DETERMINISTIC,30,coverage_per_image,true,0.29699999999999993,29.699999999999992,0.25950000000000006,0.3344999999999999,1,complete frozen 10-image allocation group,5000,3436641855,ba63c6c22fc456d8a5d91ff928fcbe0c8bc16ab08e29c93a1edaebc5833d545a,,,,,paired within one fixed permutation and group size; no cross-permutation pooling
PAIRED_GROUP_BOOTSTRAP,R0,10,200,S_ADAPT_MINUS_S_FIXED,S_ADAPT,S_FIXED,DETERMINISTIC,40,coverage_per_image,true,0.19350000000000006,19.350000000000005,0.16750000000000007,0.22,1,complete frozen 10-image allocation group,5000,3436641855,ba63c6c22fc456d8a5d91ff928fcbe0c8bc16ab08e29c93a1edaebc5833d545a,,,,,paired within one fixed permutation and group size; no cross-permutation pooling
PAIRED_GROUP_BOOTSTRAP,R0,10,200,S_ADAPT_MINUS_S_FIXED,S_ADAPT,S_FIXED,DETERMINISTIC,CORE_10_15_20,coverage_per_image,true,0.5266666666666666,52.666666666666664,0.48900000000000005,0.5651666666666667,1,complete frozen 10-image allocation group,5000,3436641855,ba63c6c22fc456d8a5d91ff928fcbe0c8bc16ab08e29c93a1edaebc5833d545a,,,,,paired within one fixed permutation and group size; no cross-permutation pooling
PAIRED_GROUP_BOOTSTRAP,R0,10,200,S_ADAPT_MINUS_S_FIXED,S_ADAPT,S_FIXED,DETERMINISTIC,10,quality_per_image,true,0.386248197263914,38.6248197263914,0.3467883527000386,0.425734924504047,1,complete frozen 10-image allocation group,5000,3436641855,ba63c6c22fc456d8a5d91ff928fcbe0c8bc16ab08e29c93a1edaebc5833d545a,,,,,paired within one fixed permutation and group size; no cross-permutation pooling
PAIRED_GROUP_BOOTSTRAP,R0,10,200,S_ADAPT_MINUS_S_FIXED,S_ADAPT,S_FIXED,DETERMINISTIC,15,quality_per_image,true,0.3237065286596888,32.37065286596888,0.2872016641272699,0.3611197353939155,1,complete frozen 10-image allocation group,5000,3436641855,ba63c6c22fc456d8a5d91ff928fcbe0c8bc16ab08e29c93a1edaebc5833d545a,,,,,paired within one fixed permutation and group size; no cross-permutation pooling
PAIRED_GROUP_BOOTSTRAP,R0,10,200,S_ADAPT_MINUS_S_FIXED,S_ADAPT,S_FIXED,DETERMINISTIC,20,quality_per_image,true,0.25832209187091787,25.832209187091788,0.22584370421192157,0.29107951457276554,1,complete frozen 10-image allocation group,5000,3436641855,ba63c6c22fc456d8a5d91ff928fcbe0c8bc16ab08e29c93a1edaebc5833d545a,,,,,paired within one fixed permutation and group size; no cross-permutation pooling
PAIRED_GROUP_BOOTSTRAP,R0,10,200,S_ADAPT_MINUS_S_FIXED,S_ADAPT,S_FIXED,DETERMINISTIC,30,quality_per_image,true,0.17436288126704214,17.436288126704213,0.15039510296791697,0.1977580578004892,1,complete frozen 10-image allocation group,5000,3436641855,ba63c6c22fc456d8a5d91ff928fcbe0c8bc16ab08e29c93a1edaebc5833d545a,,,,,paired within one fixed permutation and group size; no cross-permutation pooling
PAIRED_GROUP_BOOTSTRAP,R0,10,200,S_ADAPT_MINUS_S_FIXED,S_ADAPT,S_FIXED,DETERMINISTIC,40,quality_per_image,true,0.10579311045413928,10.579311045413927,0.08882639528181993,0.12302547769967574,1,complete frozen 10-image allocation group,5000,3436641855,ba63c6c22fc456d8a5d91ff928fcbe0c8bc16ab08e29c93a1edaebc5833d545a,,,,,paired within one fixed permutation and group size; no cross-permutation pooling
PAIRED_GROUP_BOOTSTRAP,R0,10,200,S_ADAPT_MINUS_S_FIXED,S_ADAPT,S_FIXED,DETERMINISTIC,CORE_10_15_20,quality_per_image,true,0.32275893926484023,32.275893926484024,0.29279161108147267,0.3525627302702102,1,complete frozen 10-image allocation group,5000,3436641855,ba63c6c22fc456d8a5d91ff928fcbe0c8bc16ab08e29c93a1edaebc5833d545a,,,,,paired within one fixed permutation and group size; no cross-permutation pooling
PAIRED_GROUP_BOOTSTRAP,R0,20,100,M11_MINUS_S_ADAPT,M11,S_ADAPT,THREE_SEED_MEAN,10,coverage_per_image,true,0.06216666666666673,6.216666666666673,0.03500000000000008,0.09033333333333335,1,complete frozen 20-image allocation group,5000,2034747859,508cb1651021559a0baca97ca5a27a21c848e92b3b261942918dbf4299e124a7,,,,,paired within one fixed permutation and group size; no cross-permutation pooling
PAIRED_GROUP_BOOTSTRAP,R0,20,100,M11_MINUS_S_ADAPT,M11,S_ADAPT,THREE_SEED_MEAN,15,coverage_per_image,true,0.09683333333333327,9.683333333333326,0.06949999999999995,0.12483333333333332,1,complete frozen 20-image allocation group,5000,2034747859,508cb1651021559a0baca97ca5a27a21c848e92b3b261942918dbf4299e124a7,,,,,paired within one fixed permutation and group size; no cross-permutation pooling
PAIRED_GROUP_BOOTSTRAP,R0,20,100,M11_MINUS_S_ADAPT,M11,S_ADAPT,THREE_SEED_MEAN,20,coverage_per_image,true,0.12249999999999994,12.249999999999995,0.0949958333333333,0.15050416666666672,1,complete frozen 20-image allocation group,5000,2034747859,508cb1651021559a0baca97ca5a27a21c848e92b3b261942918dbf4299e124a7,,,,,paired within one fixed permutation and group size; no cross-permutation pooling
PAIRED_GROUP_BOOTSTRAP,R0,20,100,M11_MINUS_S_ADAPT,M11,S_ADAPT,THREE_SEED_MEAN,30,coverage_per_image,true,0.10883333333333337,10.883333333333336,0.08866666666666681,0.12966666666666668,1,complete frozen 20-image allocation group,5000,2034747859,508cb1651021559a0baca97ca5a27a21c848e92b3b261942918dbf4299e124a7,,,,,paired within one fixed permutation and group size; no cross-permutation pooling
PAIRED_GROUP_BOOTSTRAP,R0,20,100,M11_MINUS_S_ADAPT,M11,S_ADAPT,THREE_SEED_MEAN,40,coverage_per_image,true,0.06799999999999995,6.799999999999995,0.053999999999999826,0.0821666666666666,1,complete frozen 20-image allocation group,5000,2034747859,508cb1651021559a0baca97ca5a27a21c848e92b3b261942918dbf4299e124a7,,,,,paired within one fixed permutation and group size; no cross-permutation pooling
PAIRED_GROUP_BOOTSTRAP,R0,20,100,M11_MINUS_S_ADAPT,M11,S_ADAPT,THREE_SEED_MEAN,CORE_10_15_20,coverage_per_image,true,0.09383333333333331,9.383333333333331,0.07477500000000001,0.11272222222222222,1,complete frozen 20-image allocation group,5000,2034747859,508cb1651021559a0baca97ca5a27a21c848e92b3b261942918dbf4299e124a7,,,,,paired within one fixed permutation and group size; no cross-permutation pooling
PAIRED_GROUP_BOOTSTRAP,R0,20,100,M11_MINUS_S_ADAPT,M11,S_ADAPT,THREE_SEED_MEAN,10,quality_per_image,true,0.12722684572290238,12.722684572290238,0.1026693322989979,0.1514481440639603,1,complete frozen 20-image allocation group,5000,2034747859,508cb1651021559a0baca97ca5a27a21c848e92b3b261942918dbf4299e124a7,,,,,paired within one fixed permutation and group size; no cross-permutation pooling
PAIRED_GROUP_BOOTSTRAP,R0,20,100,M11_MINUS_S_ADAPT,M11,S_ADAPT,THREE_SEED_MEAN,15,quality_per_image,true,0.11953221749043356,11.953221749043356,0.0976330784735289,0.14274516648844385,1,complete frozen 20-image allocation group,5000,2034747859,508cb1651021559a0baca97ca5a27a21c848e92b3b261942918dbf4299e124a7,,,,,paired within one fixed permutation and group size; no cross-permutation pooling
PAIRED_GROUP_BOOTSTRAP,R0,20,100,M11_MINUS_S_ADAPT,M11,S_ADAPT,THREE_SEED_MEAN,20,quality_per_image,true,0.09840369260753402,9.840369260753402,0.08097285322127827,0.11682416614757761,1,complete frozen 20-image allocation group,5000,2034747859,508cb1651021559a0baca97ca5a27a21c848e92b3b261942918dbf4299e124a7,,,,,paired within one fixed permutation and group size; no cross-permutation pooling
PAIRED_GROUP_BOOTSTRAP,R0,20,100,M11_MINUS_S_ADAPT,M11,S_ADAPT,THREE_SEED_MEAN,30,quality_per_image,true,0.07318835185590394,7.318835185590395,0.06034824818613051,0.08684193738154651,1,complete frozen 20-image allocation group,5000,2034747859,508cb1651021559a0baca97ca5a27a21c848e92b3b261942918dbf4299e124a7,,,,,paired within one fixed permutation and group size; no cross-permutation pooling
PAIRED_GROUP_BOOTSTRAP,R0,20,100,M11_MINUS_S_ADAPT,M11,S_ADAPT,THREE_SEED_MEAN,40,quality_per_image,true,0.033936433630829564,3.3936433630829566,0.024623833178444455,0.04379013806249257,1,complete frozen 20-image allocation group,5000,2034747859,508cb1651021559a0baca97ca5a27a21c848e92b3b261942918dbf4299e124a7,,,,,paired within one fixed permutation and group size; no cross-permutation pooling
PAIRED_GROUP_BOOTSTRAP,R0,20,100,M11_MINUS_S_ADAPT,M11,S_ADAPT,THREE_SEED_MEAN,CORE_10_15_20,quality_per_image,true,0.11505425194028998,11.505425194028998,0.1001282548037372,0.1306939446557172,1,complete frozen 20-image allocation group,5000,2034747859,508cb1651021559a0baca97ca5a27a21c848e92b3b261942918dbf4299e124a7,,,,,paired within one fixed permutation and group size; no cross-permutation pooling
PAIRED_GROUP_BOOTSTRAP,R0,20,100,M11_MINUS_S_ADAPT,M11,S_ADAPT,SEED_530101,10,coverage_per_image,true,0.07450000000000002,7.450000000000003,0.045500000000000033,0.10451249999999991,1,complete frozen 20-image allocation group,5000,2034747859,508cb1651021559a0baca97ca5a27a21c848e92b3b261942918dbf4299e124a7,,,,,paired within one fixed permutation and group size; no cross-permutation pooling
PAIRED_GROUP_BOOTSTRAP,R0,20,100,M11_MINUS_S_ADAPT,M11,S_ADAPT,SEED_530101,15,coverage_per_image,true,0.10799999999999993,10.799999999999994,0.07749999999999994,0.13799999999999998,1,complete frozen 20-image allocation group,5000,2034747859,508cb1651021559a0baca97ca5a27a21c848e92b3b261942918dbf4299e124a7,,,,,paired within one fixed permutation and group size; no cross-permutation pooling
PAIRED_GROUP_BOOTSTRAP,R0,20,100,M11_MINUS_S_ADAPT,M11,S_ADAPT,SEED_530101,20,coverage_per_image,true,0.12450000000000001,12.450000000000001,0.09500000000000001,0.1555,1,complete frozen 20-image allocation group,5000,2034747859,508cb1651021559a0baca97ca5a27a21c848e92b3b261942918dbf4299e124a7,,,,,paired within one fixed permutation and group size; no cross-permutation pooling
PAIRED_GROUP_BOOTSTRAP,R0,20,100,M11_MINUS_S_ADAPT,M11,S_ADAPT,SEED_530101,30,coverage_per_image,true,0.10449999999999998,10.449999999999998,0.081,0.12751249999999986,1,complete frozen 20-image allocation group,5000,2034747859,508cb1651021559a0baca97ca5a27a21c848e92b3b261942918dbf4299e124a7,,,,,paired within one fixed permutation and group size; no cross-permutation pooling
PAIRED_GROUP_BOOTSTRAP,R0,20,100,M11_MINUS_S_ADAPT,M11,S_ADAPT,SEED_530101,40,coverage_per_image,true,0.06750000000000005,6.750000000000004,0.052999999999999894,0.08201250000000003,1,complete frozen 20-image allocation group,5000,2034747859,508cb1651021559a0baca97ca5a27a21c848e92b3b261942918dbf4299e124a7,,,,,paired within one fixed permutation and group size; no cross-permutation pooling
PAIRED_GROUP_BOOTSTRAP,R0,20,100,M11_MINUS_S_ADAPT,M11,S_ADAPT,SEED_530101,CORE_10_15_20,coverage_per_image,true,0.10233333333333333,10.233333333333333,0.08133333333333333,0.12283333333333334,1,complete frozen 20-image allocation group,5000,2034747859,508cb1651021559a0baca97ca5a27a21c848e92b3b261942918dbf4299e124a7,,,,,paired within one fixed permutation and group size; no cross-permutation pooling
PAIRED_GROUP_BOOTSTRAP,R0,20,100,M11_MINUS_S_ADAPT,M11,S_ADAPT,SEED_530101,10,quality_per_image,true,0.12991956483836448,12.991956483836448,0.10568514181996182,0.1548492524960668,1,complete frozen 20-image allocation group,5000,2034747859,508cb1651021559a0baca97ca5a27a21c848e92b3b261942918dbf4299e124a7,,,,,paired within one fixed permutation and group size; no cross-permutation pooling
PAIRED_GROUP_BOOTSTRAP,R0,20,100,M11_MINUS_S_ADAPT,M11,S_ADAPT,SEED_530101,15,quality_per_image,true,0.12060131034267371,12.060131034267371,0.09781751861554325,0.1448710043047725,1,complete frozen 20-image allocation group,5000,2034747859,508cb1651021559a0baca97ca5a27a21c848e92b3b261942918dbf4299e124a7,,,,,paired within one fixed permutation and group size; no cross-permutation pooling
PAIRED_GROUP_BOOTSTRAP,R0,20,100,M11_MINUS_S_ADAPT,M11,S_ADAPT,SEED_530101,20,quality_per_image,true,0.09434654059884431,9.434654059884432,0.07654172904934621,0.11309936991308166,1,complete frozen 20-image allocation group,5000,2034747859,508cb1651021559a0baca97ca5a27a21c848e92b3b261942918dbf4299e124a7,,,,,paired within one fixed permutation and group size; no cross-permutation pooling
PAIRED_GROUP_BOOTSTRAP,R0,20,100,M11_MINUS_S_ADAPT,M11,S_ADAPT,SEED_530101,30,quality_per_image,true,0.07160206759112105,7.160206759112104,0.058222579596720635,0.0858794443753338,1,complete frozen 20-image allocation group,5000,2034747859,508cb1651021559a0baca97ca5a27a21c848e92b3b261942918dbf4299e124a7,,,,,paired within one fixed permutation and group size; no cross-permutation pooling
PAIRED_GROUP_BOOTSTRAP,R0,20,100,M11_MINUS_S_ADAPT,M11,S_ADAPT,SEED_530101,40,quality_per_image,true,0.03272491940240136,3.272491940240136,0.02337441943468912,0.042641795808173844,1,complete frozen 20-image allocation group,5000,2034747859,508cb1651021559a0baca97ca5a27a21c848e92b3b261942918dbf4299e124a7,,,,,paired within one fixed permutation and group size; no cross-permutation pooling
PAIRED_GROUP_BOOTSTRAP,R0,20,100,M11_MINUS_S_ADAPT,M11,S_ADAPT,SEED_530101,CORE_10_15_20,quality_per_image,true,0.11495580525996082,11.495580525996083,0.09993159842232448,0.13027808979611824,1,complete frozen 20-image allocation group,5000,2034747859,508cb1651021559a0baca97ca5a27a21c848e92b3b261942918dbf4299e124a7,,,,,paired within one fixed permutation and group size; no cross-permutation pooling
PAIRED_GROUP_BOOTSTRAP,R0,20,100,M11_MINUS_S_ADAPT,M11,S_ADAPT,SEED_530102,10,coverage_per_image,true,0.04900000000000004,4.900000000000004,0.018987499999999984,0.08049999999999997,0.9998,complete frozen 20-image allocation group,5000,2034747859,508cb1651021559a0baca97ca5a27a21c848e92b3b261942918dbf4299e124a7,,,,,paired within one fixed permutation and group size; no cross-permutation pooling
PAIRED_GROUP_BOOTSTRAP,R0,20,100,M11_MINUS_S_ADAPT,M11,S_ADAPT,SEED_530102,15,coverage_per_image,true,0.08450000000000003,8.450000000000003,0.05799999999999996,0.11150000000000006,1,complete frozen 20-image allocation group,5000,2034747859,508cb1651021559a0baca97ca5a27a21c848e92b3b261942918dbf4299e124a7,,,,,paired within one fixed permutation and group size; no cross-permutation pooling
PAIRED_GROUP_BOOTSTRAP,R0,20,100,M11_MINUS_S_ADAPT,M11,S_ADAPT,SEED_530102,20,coverage_per_image,true,0.11100000000000004,11.100000000000005,0.081,0.14150000000000007,1,complete frozen 20-image allocation group,5000,2034747859,508cb1651021559a0baca97ca5a27a21c848e92b3b261942918dbf4299e124a7,,,,,paired within one fixed permutation and group size; no cross-permutation pooling
PAIRED_GROUP_BOOTSTRAP,R0,20,100,M11_MINUS_S_ADAPT,M11,S_ADAPT,SEED_530102,30,coverage_per_image,true,0.10600000000000001,10.600000000000001,0.08299999999999995,0.12950000000000006,1,complete frozen 20-image allocation group,5000,2034747859,508cb1651021559a0baca97ca5a27a21c848e92b3b261942918dbf4299e124a7,,,,,paired within one fixed permutation and group size; no cross-permutation pooling
PAIRED_GROUP_BOOTSTRAP,R0,20,100,M11_MINUS_S_ADAPT,M11,S_ADAPT,SEED_530102,40,coverage_per_image,true,0.06650000000000003,6.650000000000003,0.050487499999999914,0.08299999999999995,1,complete frozen 20-image allocation group,5000,2034747859,508cb1651021559a0baca97ca5a27a21c848e92b3b261942918dbf4299e124a7,,,,,paired within one fixed permutation and group size; no cross-permutation pooling
PAIRED_GROUP_BOOTSTRAP,R0,20,100,M11_MINUS_S_ADAPT,M11,S_ADAPT,SEED_530102,CORE_10_15_20,coverage_per_image,true,0.08150000000000002,8.150000000000002,0.062166666666666745,0.10117083333333338,1,complete frozen 20-image allocation group,5000,2034747859,508cb1651021559a0baca97ca5a27a21c848e92b3b261942918dbf4299e124a7,,,,,paired within one fixed permutation and group size; no cross-permutation pooling
PAIRED_GROUP_BOOTSTRAP,R0,20,100,M11_MINUS_S_ADAPT,M11,S_ADAPT,SEED_530102,10,quality_per_image,true,0.13104606363207083,13.104606363207083,0.10417142746881639,0.1579156143394014,1,complete frozen 20-image allocation group,5000,2034747859,508cb1651021559a0baca97ca5a27a21c848e92b3b261942918dbf4299e124a7,,,,,paired within one fixed permutation and group size; no cross-permutation pooling
PAIRED_GROUP_BOOTSTRAP,R0,20,100,M11_MINUS_S_ADAPT,M11,S_ADAPT,SEED_530102,15,quality_per_image,true,0.11513593247748202,11.513593247748203,0.09330660690458298,0.1381219845389041,1,complete frozen 20-image allocation group,5000,2034747859,508cb1651021559a0baca97ca5a27a21c848e92b3b261942918dbf4299e124a7,,,,,paired within one fixed permutation and group size; no cross-permutation pooling
PAIRED_GROUP_BOOTSTRAP,R0,20,100,M11_MINUS_S_ADAPT,M11,S_ADAPT,SEED_530102,20,quality_per_image,true,0.10307560962591325,10.307560962591324,0.08371053995995775,0.1232705378309306,1,complete frozen 20-image allocation group,5000,2034747859,508cb1651021559a0baca97ca5a27a21c848e92b3b261942918dbf4299e124a7,,,,,paired within one fixed permutation and group size; no cross-permutation pooling
PAIRED_GROUP_BOOTSTRAP,R0,20,100,M11_MINUS_S_ADAPT,M11,S_ADAPT,SEED_530102,30,quality_per_image,true,0.0697797565302418,6.977975653024179,0.0557900071132778,0.0844887822306275,1,complete frozen 20-image allocation group,5000,2034747859,508cb1651021559a0baca97ca5a27a21c848e92b3b261942918dbf4299e124a7,,,,,paired within one fixed permutation and group size; no cross-permutation pooling
PAIRED_GROUP_BOOTSTRAP,R0,20,100,M11_MINUS_S_ADAPT,M11,S_ADAPT,SEED_530102,40,quality_per_image,true,0.03258557934385062,3.258557934385062,0.022613144184297683,0.04264156071636645,1,complete frozen 20-image allocation group,5000,2034747859,508cb1651021559a0baca97ca5a27a21c848e92b3b261942918dbf4299e124a7,,,,,paired within one fixed permutation and group size; no cross-permutation pooling
PAIRED_GROUP_BOOTSTRAP,R0,20,100,M11_MINUS_S_ADAPT,M11,S_ADAPT,SEED_530102,CORE_10_15_20,quality_per_image,true,0.11641920191182205,11.641920191182205,0.10086171763963123,0.13258276540804054,1,complete frozen 20-image allocation group,5000,2034747859,508cb1651021559a0baca97ca5a27a21c848e92b3b261942918dbf4299e124a7,,,,,paired within one fixed permutation and group size; no cross-permutation pooling
PAIRED_GROUP_BOOTSTRAP,R0,20,100,M11_MINUS_S_ADAPT,M11,S_ADAPT,SEED_530103,10,coverage_per_image,true,0.06300000000000003,6.3000000000000025,0.035487500000000005,0.09101249999999987,1,complete frozen 20-image allocation group,5000,2034747859,508cb1651021559a0baca97ca5a27a21c848e92b3b261942918dbf4299e124a7,,,,,paired within one fixed permutation and group size; no cross-permutation pooling
PAIRED_GROUP_BOOTSTRAP,R0,20,100,M11_MINUS_S_ADAPT,M11,S_ADAPT,SEED_530103,15,coverage_per_image,true,0.09799999999999993,9.799999999999994,0.06649999999999996,0.12999999999999992,1,complete frozen 20-image allocation group,5000,2034747859,508cb1651021559a0baca97ca5a27a21c848e92b3b261942918dbf4299e124a7,,,,,paired within one fixed permutation and group size; no cross-permutation pooling
PAIRED_GROUP_BOOTSTRAP,R0,20,100,M11_MINUS_S_ADAPT,M11,S_ADAPT,SEED_530103,20,coverage_per_image,true,0.13200000000000006,13.200000000000006,0.10200000000000006,0.16300000000000012,1,complete frozen 20-image allocation group,5000,2034747859,508cb1651021559a0baca97ca5a27a21c848e92b3b261942918dbf4299e124a7,,,,,paired within one fixed permutation and group size; no cross-permutation pooling
PAIRED_GROUP_BOOTSTRAP,R0,20,100,M11_MINUS_S_ADAPT,M11,S_ADAPT,SEED_530103,30,coverage_per_image,true,0.11600000000000003,11.600000000000003,0.09498749999999996,0.13749999999999996,1,complete frozen 20-image allocation group,5000,2034747859,508cb1651021559a0baca97ca5a27a21c848e92b3b261942918dbf4299e124a7,,,,,paired within one fixed permutation and group size; no cross-permutation pooling
PAIRED_GROUP_BOOTSTRAP,R0,20,100,M11_MINUS_S_ADAPT,M11,S_ADAPT,SEED_530103,40,coverage_per_image,true,0.07,7.000000000000001,0.05549999999999995,0.08450000000000008,1,complete frozen 20-image allocation group,5000,2034747859,508cb1651021559a0baca97ca5a27a21c848e92b3b261942918dbf4299e124a7,,,,,paired within one fixed permutation and group size; no cross-permutation pooling
PAIRED_GROUP_BOOTSTRAP,R0,20,100,M11_MINUS_S_ADAPT,M11,S_ADAPT,SEED_530103,CORE_10_15_20,coverage_per_image,true,0.09766666666666668,9.766666666666667,0.07716666666666669,0.11800000000000001,1,complete frozen 20-image allocation group,5000,2034747859,508cb1651021559a0baca97ca5a27a21c848e92b3b261942918dbf4299e124a7,,,,,paired within one fixed permutation and group size; no cross-permutation pooling
PAIRED_GROUP_BOOTSTRAP,R0,20,100,M11_MINUS_S_ADAPT,M11,S_ADAPT,SEED_530103,10,quality_per_image,true,0.12071490869827187,12.071490869827187,0.09602390165002428,0.14503073031042918,1,complete frozen 20-image allocation group,5000,2034747859,508cb1651021559a0baca97ca5a27a21c848e92b3b261942918dbf4299e124a7,,,,,paired within one fixed permutation and group size; no cross-permutation pooling
PAIRED_GROUP_BOOTSTRAP,R0,20,100,M11_MINUS_S_ADAPT,M11,S_ADAPT,SEED_530103,15,quality_per_image,true,0.12285940965114502,12.285940965114502,0.09845504656347794,0.14882291868465902,1,complete frozen 20-image allocation group,5000,2034747859,508cb1651021559a0baca97ca5a27a21c848e92b3b261942918dbf4299e124a7,,,,,paired within one fixed permutation and group size; no cross-permutation pooling
PAIRED_GROUP_BOOTSTRAP,R0,20,100,M11_MINUS_S_ADAPT,M11,S_ADAPT,SEED_530103,20,quality_per_image,true,0.09778892759784458,9.778892759784458,0.07863937720016151,0.11731434526711729,1,complete frozen 20-image allocation group,5000,2034747859,508cb1651021559a0baca97ca5a27a21c848e92b3b261942918dbf4299e124a7,,,,,paired within one fixed permutation and group size; no cross-permutation pooling
PAIRED_GROUP_BOOTSTRAP,R0,20,100,M11_MINUS_S_ADAPT,M11,S_ADAPT,SEED_530103,30,quality_per_image,true,0.07818323144634906,7.818323144634906,0.06505399010875233,0.09191678886625781,1,complete frozen 20-image allocation group,5000,2034747859,508cb1651021559a0baca97ca5a27a21c848e92b3b261942918dbf4299e124a7,,,,,paired within one fixed permutation and group size; no cross-permutation pooling
PAIRED_GROUP_BOOTSTRAP,R0,20,100,M11_MINUS_S_ADAPT,M11,S_ADAPT,SEED_530103,40,quality_per_image,true,0.03649880214623677,3.649880214623677,0.026406079389447328,0.04778892908906553,1,complete frozen 20-image allocation group,5000,2034747859,508cb1651021559a0baca97ca5a27a21c848e92b3b261942918dbf4299e124a7,,,,,paired within one fixed permutation and group size; no cross-permutation pooling
PAIRED_GROUP_BOOTSTRAP,R0,20,100,M11_MINUS_S_ADAPT,M11,S_ADAPT,SEED_530103,CORE_10_15_20,quality_per_image,true,0.11378774864908714,11.378774864908713,0.09809001505465836,0.13014442289023248,1,complete frozen 20-image allocation group,5000,2034747859,508cb1651021559a0baca97ca5a27a21c848e92b3b261942918dbf4299e124a7,,,,,paired within one fixed permutation and group size; no cross-permutation pooling
PAIRED_GROUP_BOOTSTRAP,R0,20,100,S_ADAPT_MINUS_S_FIXED,S_ADAPT,S_FIXED,DETERMINISTIC,10,coverage_per_image,true,0.6524999999999999,65.24999999999999,0.607,0.6984999999999999,1,complete frozen 20-image allocation group,5000,2034747859,508cb1651021559a0baca97ca5a27a21c848e92b3b261942918dbf4299e124a7,,,,,paired within one fixed permutation and group size; no cross-permutation pooling
PAIRED_GROUP_BOOTSTRAP,R0,20,100,S_ADAPT_MINUS_S_FIXED,S_ADAPT,S_FIXED,DETERMINISTIC,15,coverage_per_image,true,0.5710000000000001,57.10000000000001,0.522,0.6245,1,complete frozen 20-image allocation group,5000,2034747859,508cb1651021559a0baca97ca5a27a21c848e92b3b261942918dbf4299e124a7,,,,,paired within one fixed permutation and group size; no cross-permutation pooling
PAIRED_GROUP_BOOTSTRAP,R0,20,100,S_ADAPT_MINUS_S_FIXED,S_ADAPT,S_FIXED,DETERMINISTIC,20,coverage_per_image,true,0.4249999999999999,42.499999999999986,0.3819999999999999,0.47149999999999975,1,complete frozen 20-image allocation group,5000,2034747859,508cb1651021559a0baca97ca5a27a21c848e92b3b261942918dbf4299e124a7,,,,,paired within one fixed permutation and group size; no cross-permutation pooling
PAIRED_GROUP_BOOTSTRAP,R0,20,100,S_ADAPT_MINUS_S_FIXED,S_ADAPT,S_FIXED,DETERMINISTIC,30,coverage_per_image,true,0.31049999999999994,31.049999999999994,0.2749999999999999,0.34850000000000003,1,complete frozen 20-image allocation group,5000,2034747859,508cb1651021559a0baca97ca5a27a21c848e92b3b261942918dbf4299e124a7,,,,,paired within one fixed permutation and group size; no cross-permutation pooling
PAIRED_GROUP_BOOTSTRAP,R0,20,100,S_ADAPT_MINUS_S_FIXED,S_ADAPT,S_FIXED,DETERMINISTIC,40,coverage_per_image,true,0.2049999999999998,20.49999999999998,0.1789999999999999,0.23149999999999976,1,complete frozen 20-image allocation group,5000,2034747859,508cb1651021559a0baca97ca5a27a21c848e92b3b261942918dbf4299e124a7,,,,,paired within one fixed permutation and group size; no cross-permutation pooling
PAIRED_GROUP_BOOTSTRAP,R0,20,100,S_ADAPT_MINUS_S_FIXED,S_ADAPT,S_FIXED,DETERMINISTIC,CORE_10_15_20,coverage_per_image,true,0.5494999999999998,54.949999999999974,0.5121624999999999,0.5893333333333333,1,complete frozen 20-image allocation group,5000,2034747859,508cb1651021559a0baca97ca5a27a21c848e92b3b261942918dbf4299e124a7,,,,,paired within one fixed permutation and group size; no cross-permutation pooling
PAIRED_GROUP_BOOTSTRAP,R0,20,100,S_ADAPT_MINUS_S_FIXED,S_ADAPT,S_FIXED,DETERMINISTIC,10,quality_per_image,true,0.4025243799103238,40.25243799103238,0.36227898601783803,0.4475309038036891,1,complete frozen 20-image allocation group,5000,2034747859,508cb1651021559a0baca97ca5a27a21c848e92b3b261942918dbf4299e124a7,,,,,paired within one fixed permutation and group size; no cross-permutation pooling
PAIRED_GROUP_BOOTSTRAP,R0,20,100,S_ADAPT_MINUS_S_FIXED,S_ADAPT,S_FIXED,DETERMINISTIC,15,quality_per_image,true,0.33981345343285646,33.981345343285646,0.2993781720183229,0.38374757293920275,1,complete frozen 20-image allocation group,5000,2034747859,508cb1651021559a0baca97ca5a27a21c848e92b3b261942918dbf4299e124a7,,,,,paired within one fixed permutation and group size; no cross-permutation pooling
PAIRED_GROUP_BOOTSTRAP,R0,20,100,S_ADAPT_MINUS_S_FIXED,S_ADAPT,S_FIXED,DETERMINISTIC,20,quality_per_image,true,0.2655740346639095,26.55740346639095,0.23238163078681587,0.30317815134607284,1,complete frozen 20-image allocation group,5000,2034747859,508cb1651021559a0baca97ca5a27a21c848e92b3b261942918dbf4299e124a7,,,,,paired within one fixed permutation and group size; no cross-permutation pooling
PAIRED_GROUP_BOOTSTRAP,R0,20,100,S_ADAPT_MINUS_S_FIXED,S_ADAPT,S_FIXED,DETERMINISTIC,30,quality_per_image,true,0.17672124899221864,17.672124899221863,0.1545260459408535,0.19990261394175746,1,complete frozen 20-image allocation group,5000,2034747859,508cb1651021559a0baca97ca5a27a21c848e92b3b261942918dbf4299e124a7,,,,,paired within one fixed permutation and group size; no cross-permutation pooling
PAIRED_GROUP_BOOTSTRAP,R0,20,100,S_ADAPT_MINUS_S_FIXED,S_ADAPT,S_FIXED,DETERMINISTIC,40,quality_per_image,true,0.10882343821682486,10.882343821682486,0.09083779147182831,0.12814275027747746,1,complete frozen 20-image allocation group,5000,2034747859,508cb1651021559a0baca97ca5a27a21c848e92b3b261942918dbf4299e124a7,,,,,paired within one fixed permutation and group size; no cross-permutation pooling
PAIRED_GROUP_BOOTSTRAP,R0,20,100,S_ADAPT_MINUS_S_FIXED,S_ADAPT,S_FIXED,DETERMINISTIC,CORE_10_15_20,quality_per_image,true,0.33597062266903,33.597062266903,0.30383311159497667,0.3713985025268687,1,complete frozen 20-image allocation group,5000,2034747859,508cb1651021559a0baca97ca5a27a21c848e92b3b261942918dbf4299e124a7,,,,,paired within one fixed permutation and group size; no cross-permutation pooling
PAIRED_GROUP_BOOTSTRAP,R0,40,50,M11_MINUS_S_ADAPT,M11,S_ADAPT,THREE_SEED_MEAN,10,coverage_per_image,true,0.06916666666666663,6.9166666666666625,0.03733333333333331,0.10016666666666657,1,complete frozen 40-image allocation group,5000,530002,afcff203c75c61b65f2271807379c15e7b553a6256b455a569b2b38bd3243232,,,,,paired within one fixed permutation and group size; no cross-permutation pooling
PAIRED_GROUP_BOOTSTRAP,R0,40,50,M11_MINUS_S_ADAPT,M11,S_ADAPT,THREE_SEED_MEAN,15,coverage_per_image,true,0.09283333333333327,9.283333333333326,0.06549999999999981,0.12149999999999996,1,complete frozen 40-image allocation group,5000,530002,afcff203c75c61b65f2271807379c15e7b553a6256b455a569b2b38bd3243232,,,,,paired within one fixed permutation and group size; no cross-permutation pooling
PAIRED_GROUP_BOOTSTRAP,R0,40,50,M11_MINUS_S_ADAPT,M11,S_ADAPT,THREE_SEED_MEAN,20,coverage_per_image,true,0.11833333333333339,11.83333333333334,0.08833333333333354,0.14816666666666675,1,complete frozen 40-image allocation group,5000,530002,afcff203c75c61b65f2271807379c15e7b553a6256b455a569b2b38bd3243232,,,,,paired within one fixed permutation and group size; no cross-permutation pooling
PAIRED_GROUP_BOOTSTRAP,R0,40,50,M11_MINUS_S_ADAPT,M11,S_ADAPT,THREE_SEED_MEAN,30,coverage_per_image,true,0.10450000000000031,10.450000000000031,0.08416666666666711,0.12483750000000057,1,complete frozen 40-image allocation group,5000,530002,afcff203c75c61b65f2271807379c15e7b553a6256b455a569b2b38bd3243232,,,,,paired within one fixed permutation and group size; no cross-permutation pooling
PAIRED_GROUP_BOOTSTRAP,R0,40,50,M11_MINUS_S_ADAPT,M11,S_ADAPT,THREE_SEED_MEAN,40,coverage_per_image,true,0.062333333333333484,6.2333333333333485,0.04716666666666693,0.07700000000000029,1,complete frozen 40-image allocation group,5000,530002,afcff203c75c61b65f2271807379c15e7b553a6256b455a569b2b38bd3243232,,,,,paired within one fixed permutation and group size; no cross-permutation pooling
PAIRED_GROUP_BOOTSTRAP,R0,40,50,M11_MINUS_S_ADAPT,M11,S_ADAPT,THREE_SEED_MEAN,CORE_10_15_20,coverage_per_image,true,0.09344444444444445,9.344444444444445,0.0743319444444444,0.11194583333333331,1,complete frozen 40-image allocation group,5000,530002,afcff203c75c61b65f2271807379c15e7b553a6256b455a569b2b38bd3243232,,,,,paired within one fixed permutation and group size; no cross-permutation pooling
PAIRED_GROUP_BOOTSTRAP,R0,40,50,M11_MINUS_S_ADAPT,M11,S_ADAPT,THREE_SEED_MEAN,10,quality_per_image,true,0.13157779770869926,13.157779770869926,0.10846081488231106,0.15504150782223836,1,complete frozen 40-image allocation group,5000,530002,afcff203c75c61b65f2271807379c15e7b553a6256b455a569b2b38bd3243232,,,,,paired within one fixed permutation and group size; no cross-permutation pooling
PAIRED_GROUP_BOOTSTRAP,R0,40,50,M11_MINUS_S_ADAPT,M11,S_ADAPT,THREE_SEED_MEAN,15,quality_per_image,true,0.11449730239413014,11.449730239413014,0.09037829123034147,0.13817966674116405,1,complete frozen 40-image allocation group,5000,530002,afcff203c75c61b65f2271807379c15e7b553a6256b455a569b2b38bd3243232,,,,,paired within one fixed permutation and group size; no cross-permutation pooling
PAIRED_GROUP_BOOTSTRAP,R0,40,50,M11_MINUS_S_ADAPT,M11,S_ADAPT,THREE_SEED_MEAN,20,quality_per_image,true,0.10933289095088794,10.933289095088794,0.09221076456627426,0.1264483716600622,1,complete frozen 40-image allocation group,5000,530002,afcff203c75c61b65f2271807379c15e7b553a6256b455a569b2b38bd3243232,,,,,paired within one fixed permutation and group size; no cross-permutation pooling
PAIRED_GROUP_BOOTSTRAP,R0,40,50,M11_MINUS_S_ADAPT,M11,S_ADAPT,THREE_SEED_MEAN,30,quality_per_image,true,0.06331548891302786,6.331548891302787,0.05031884819537853,0.07662858234082116,1,complete frozen 40-image allocation group,5000,530002,afcff203c75c61b65f2271807379c15e7b553a6256b455a569b2b38bd3243232,,,,,paired within one fixed permutation and group size; no cross-permutation pooling
PAIRED_GROUP_BOOTSTRAP,R0,40,50,M11_MINUS_S_ADAPT,M11,S_ADAPT,THREE_SEED_MEAN,40,quality_per_image,true,0.03156815785477583,3.1568157854775833,0.02220018242364811,0.04074127700273956,1,complete frozen 40-image allocation group,5000,530002,afcff203c75c61b65f2271807379c15e7b553a6256b455a569b2b38bd3243232,,,,,paired within one fixed permutation and group size; no cross-permutation pooling
PAIRED_GROUP_BOOTSTRAP,R0,40,50,M11_MINUS_S_ADAPT,M11,S_ADAPT,THREE_SEED_MEAN,CORE_10_15_20,quality_per_image,true,0.1184693303512391,11.84693303512391,0.1047281250049327,0.13244977604864888,1,complete frozen 40-image allocation group,5000,530002,afcff203c75c61b65f2271807379c15e7b553a6256b455a569b2b38bd3243232,,,,,paired within one fixed permutation and group size; no cross-permutation pooling
PAIRED_GROUP_BOOTSTRAP,R0,40,50,M11_MINUS_S_ADAPT,M11,S_ADAPT,SEED_530101,10,coverage_per_image,true,0.07800000000000001,7.800000000000002,0.04500000000000011,0.11,1,complete frozen 40-image allocation group,5000,530002,afcff203c75c61b65f2271807379c15e7b553a6256b455a569b2b38bd3243232,,,,,paired within one fixed permutation and group size; no cross-permutation pooling
PAIRED_GROUP_BOOTSTRAP,R0,40,50,M11_MINUS_S_ADAPT,M11,S_ADAPT,SEED_530101,15,coverage_per_image,true,0.11100000000000007,11.100000000000007,0.07900000000000011,0.14449999999999996,1,complete frozen 40-image allocation group,5000,530002,afcff203c75c61b65f2271807379c15e7b553a6256b455a569b2b38bd3243232,,,,,paired within one fixed permutation and group size; no cross-permutation pooling
PAIRED_GROUP_BOOTSTRAP,R0,40,50,M11_MINUS_S_ADAPT,M11,S_ADAPT,SEED_530101,20,coverage_per_image,true,0.12350000000000003,12.350000000000003,0.09150000000000012,0.15499999999999997,1,complete frozen 40-image allocation group,5000,530002,afcff203c75c61b65f2271807379c15e7b553a6256b455a569b2b38bd3243232,,,,,paired within one fixed permutation and group size; no cross-permutation pooling
PAIRED_GROUP_BOOTSTRAP,R0,40,50,M11_MINUS_S_ADAPT,M11,S_ADAPT,SEED_530101,30,coverage_per_image,true,0.09750000000000007,9.750000000000007,0.07500000000000007,0.12050000000000001,1,complete frozen 40-image allocation group,5000,530002,afcff203c75c61b65f2271807379c15e7b553a6256b455a569b2b38bd3243232,,,,,paired within one fixed permutation and group size; no cross-permutation pooling
PAIRED_GROUP_BOOTSTRAP,R0,40,50,M11_MINUS_S_ADAPT,M11,S_ADAPT,SEED_530101,40,coverage_per_image,true,0.06050000000000022,6.050000000000022,0.04300000000000033,0.07750000000000021,1,complete frozen 40-image allocation group,5000,530002,afcff203c75c61b65f2271807379c15e7b553a6256b455a569b2b38bd3243232,,,,,paired within one fixed permutation and group size; no cross-permutation pooling
PAIRED_GROUP_BOOTSTRAP,R0,40,50,M11_MINUS_S_ADAPT,M11,S_ADAPT,SEED_530101,CORE_10_15_20,coverage_per_image,true,0.1041666666666667,10.41666666666667,0.08333333333333337,0.12433333333333339,1,complete frozen 40-image allocation group,5000,530002,afcff203c75c61b65f2271807379c15e7b553a6256b455a569b2b38bd3243232,,,,,paired within one fixed permutation and group size; no cross-permutation pooling
PAIRED_GROUP_BOOTSTRAP,R0,40,50,M11_MINUS_S_ADAPT,M11,S_ADAPT,SEED_530101,10,quality_per_image,true,0.12976923881662591,12.976923881662591,0.10697416985262834,0.15342516100466913,1,complete frozen 40-image allocation group,5000,530002,afcff203c75c61b65f2271807379c15e7b553a6256b455a569b2b38bd3243232,,,,,paired within one fixed permutation and group size; no cross-permutation pooling
PAIRED_GROUP_BOOTSTRAP,R0,40,50,M11_MINUS_S_ADAPT,M11,S_ADAPT,SEED_530101,15,quality_per_image,true,0.12264815056671641,12.26481505667164,0.09683198748113478,0.14894753214538972,1,complete frozen 40-image allocation group,5000,530002,afcff203c75c61b65f2271807379c15e7b553a6256b455a569b2b38bd3243232,,,,,paired within one fixed permutation and group size; no cross-permutation pooling
PAIRED_GROUP_BOOTSTRAP,R0,40,50,M11_MINUS_S_ADAPT,M11,S_ADAPT,SEED_530101,20,quality_per_image,true,0.10504875331461844,10.504875331461843,0.08736990922983007,0.12308178613592828,1,complete frozen 40-image allocation group,5000,530002,afcff203c75c61b65f2271807379c15e7b553a6256b455a569b2b38bd3243232,,,,,paired within one fixed permutation and group size; no cross-permutation pooling
PAIRED_GROUP_BOOTSTRAP,R0,40,50,M11_MINUS_S_ADAPT,M11,S_ADAPT,SEED_530101,30,quality_per_image,true,0.06125148596419731,6.125148596419731,0.04862268673700591,0.07406529548432975,1,complete frozen 40-image allocation group,5000,530002,afcff203c75c61b65f2271807379c15e7b553a6256b455a569b2b38bd3243232,,,,,paired within one fixed permutation and group size; no cross-permutation pooling
PAIRED_GROUP_BOOTSTRAP,R0,40,50,M11_MINUS_S_ADAPT,M11,S_ADAPT,SEED_530101,40,quality_per_image,true,0.03245488178269266,3.245488178269266,0.022914107431714972,0.04202102828600576,1,complete frozen 40-image allocation group,5000,530002,afcff203c75c61b65f2271807379c15e7b553a6256b455a569b2b38bd3243232,,,,,paired within one fixed permutation and group size; no cross-permutation pooling
PAIRED_GROUP_BOOTSTRAP,R0,40,50,M11_MINUS_S_ADAPT,M11,S_ADAPT,SEED_530101,CORE_10_15_20,quality_per_image,true,0.11915538089932026,11.915538089932026,0.10369526611902947,0.13395817382111788,1,complete frozen 40-image allocation group,5000,530002,afcff203c75c61b65f2271807379c15e7b553a6256b455a569b2b38bd3243232,,,,,paired within one fixed permutation and group size; no cross-permutation pooling
PAIRED_GROUP_BOOTSTRAP,R0,40,50,M11_MINUS_S_ADAPT,M11,S_ADAPT,SEED_530102,10,coverage_per_image,true,0.05850000000000003,5.850000000000003,0.024499999999999977,0.09200000000000001,0.9992,complete frozen 40-image allocation group,5000,530002,afcff203c75c61b65f2271807379c15e7b553a6256b455a569b2b38bd3243232,,,,,paired within one fixed permutation and group size; no cross-permutation pooling
PAIRED_GROUP_BOOTSTRAP,R0,40,50,M11_MINUS_S_ADAPT,M11,S_ADAPT,SEED_530102,15,coverage_per_image,true,0.06649999999999999,6.649999999999999,0.03749999999999993,0.09501249999999996,1,complete frozen 40-image allocation group,5000,530002,afcff203c75c61b65f2271807379c15e7b553a6256b455a569b2b38bd3243232,,,,,paired within one fixed permutation and group size; no cross-permutation pooling
PAIRED_GROUP_BOOTSTRAP,R0,40,50,M11_MINUS_S_ADAPT,M11,S_ADAPT,SEED_530102,20,coverage_per_image,true,0.1035000000000001,10.35000000000001,0.071,0.1355000000000001,1,complete frozen 40-image allocation group,5000,530002,afcff203c75c61b65f2271807379c15e7b553a6256b455a569b2b38bd3243232,,,,,paired within one fixed permutation and group size; no cross-permutation pooling
PAIRED_GROUP_BOOTSTRAP,R0,40,50,M11_MINUS_S_ADAPT,M11,S_ADAPT,SEED_530102,30,coverage_per_image,true,0.10600000000000026,10.600000000000026,0.08400000000000016,0.12800000000000034,1,complete frozen 40-image allocation group,5000,530002,afcff203c75c61b65f2271807379c15e7b553a6256b455a569b2b38bd3243232,,,,,paired within one fixed permutation and group size; no cross-permutation pooling
PAIRED_GROUP_BOOTSTRAP,R0,40,50,M11_MINUS_S_ADAPT,M11,S_ADAPT,SEED_530102,40,coverage_per_image,true,0.05650000000000009,5.650000000000009,0.041000000000000016,0.07200000000000006,1,complete frozen 40-image allocation group,5000,530002,afcff203c75c61b65f2271807379c15e7b553a6256b455a569b2b38bd3243232,,,,,paired within one fixed permutation and group size; no cross-permutation pooling
PAIRED_GROUP_BOOTSTRAP,R0,40,50,M11_MINUS_S_ADAPT,M11,S_ADAPT,SEED_530102,CORE_10_15_20,coverage_per_image,true,0.07616666666666672,7.616666666666672,0.05566666666666675,0.0956666666666667,1,complete frozen 40-image allocation group,5000,530002,afcff203c75c61b65f2271807379c15e7b553a6256b455a569b2b38bd3243232,,,,,paired within one fixed permutation and group size; no cross-permutation pooling
PAIRED_GROUP_BOOTSTRAP,R0,40,50,M11_MINUS_S_ADAPT,M11,S_ADAPT,SEED_530102,10,quality_per_image,true,0.13450579835782694,13.450579835782694,0.10945581508828726,0.16011587676192793,1,complete frozen 40-image allocation group,5000,530002,afcff203c75c61b65f2271807379c15e7b553a6256b455a569b2b38bd3243232,,,,,paired within one fixed permutation and group size; no cross-permutation pooling
PAIRED_GROUP_BOOTSTRAP,R0,40,50,M11_MINUS_S_ADAPT,M11,S_ADAPT,SEED_530102,15,quality_per_image,true,0.10328612923915709,10.328612923915708,0.07713239901283288,0.12924296568227042,1,complete frozen 40-image allocation group,5000,530002,afcff203c75c61b65f2271807379c15e7b553a6256b455a569b2b38bd3243232,,,,,paired within one fixed permutation and group size; no cross-permutation pooling
PAIRED_GROUP_BOOTSTRAP,R0,40,50,M11_MINUS_S_ADAPT,M11,S_ADAPT,SEED_530102,20,quality_per_image,true,0.11303506755070025,11.303506755070025,0.09342253112132544,0.1334231628421012,1,complete frozen 40-image allocation group,5000,530002,afcff203c75c61b65f2271807379c15e7b553a6256b455a569b2b38bd3243232,,,,,paired within one fixed permutation and group size; no cross-permutation pooling
PAIRED_GROUP_BOOTSTRAP,R0,40,50,M11_MINUS_S_ADAPT,M11,S_ADAPT,SEED_530102,30,quality_per_image,true,0.060579864018947785,6.057986401894778,0.04634636670809145,0.07520638310898568,1,complete frozen 40-image allocation group,5000,530002,afcff203c75c61b65f2271807379c15e7b553a6256b455a569b2b38bd3243232,,,,,paired within one fixed permutation and group size; no cross-permutation pooling
PAIRED_GROUP_BOOTSTRAP,R0,40,50,M11_MINUS_S_ADAPT,M11,S_ADAPT,SEED_530102,40,quality_per_image,true,0.028430135654660127,2.8430135654660127,0.018488788780809385,0.03827491558420881,1,complete frozen 40-image allocation group,5000,530002,afcff203c75c61b65f2271807379c15e7b553a6256b455a569b2b38bd3243232,,,,,paired within one fixed permutation and group size; no cross-permutation pooling
PAIRED_GROUP_BOOTSTRAP,R0,40,50,M11_MINUS_S_ADAPT,M11,S_ADAPT,SEED_530102,CORE_10_15_20,quality_per_image,true,0.11694233171589477,11.694233171589477,0.10225396239917318,0.13231180638209641,1,complete frozen 40-image allocation group,5000,530002,afcff203c75c61b65f2271807379c15e7b553a6256b455a569b2b38bd3243232,,,,,paired within one fixed permutation and group size; no cross-permutation pooling
PAIRED_GROUP_BOOTSTRAP,R0,40,50,M11_MINUS_S_ADAPT,M11,S_ADAPT,SEED_530103,10,coverage_per_image,true,0.07100000000000004,7.100000000000003,0.03799999999999999,0.10300000000000002,1,complete frozen 40-image allocation group,5000,530002,afcff203c75c61b65f2271807379c15e7b553a6256b455a569b2b38bd3243232,,,,,paired within one fixed permutation and group size; no cross-permutation pooling
PAIRED_GROUP_BOOTSTRAP,R0,40,50,M11_MINUS_S_ADAPT,M11,S_ADAPT,SEED_530103,15,coverage_per_image,true,0.10099999999999991,10.09999999999999,0.0729874999999998,0.13049999999999973,1,complete frozen 40-image allocation group,5000,530002,afcff203c75c61b65f2271807379c15e7b553a6256b455a569b2b38bd3243232,,,,,paired within one fixed permutation and group size; no cross-permutation pooling
PAIRED_GROUP_BOOTSTRAP,R0,40,50,M11_MINUS_S_ADAPT,M11,S_ADAPT,SEED_530103,20,coverage_per_image,true,0.1280000000000001,12.800000000000011,0.09650000000000009,0.16001250000000003,1,complete frozen 40-image allocation group,5000,530002,afcff203c75c61b65f2271807379c15e7b553a6256b455a569b2b38bd3243232,,,,,paired within one fixed permutation and group size; no cross-permutation pooling
PAIRED_GROUP_BOOTSTRAP,R0,40,50,M11_MINUS_S_ADAPT,M11,S_ADAPT,SEED_530103,30,coverage_per_image,true,0.11000000000000011,11.00000000000001,0.08850000000000016,0.13199999999999992,1,complete frozen 40-image allocation group,5000,530002,afcff203c75c61b65f2271807379c15e7b553a6256b455a569b2b38bd3243232,,,,,paired within one fixed permutation and group size; no cross-permutation pooling
PAIRED_GROUP_BOOTSTRAP,R0,40,50,M11_MINUS_S_ADAPT,M11,S_ADAPT,SEED_530103,40,coverage_per_image,true,0.07000000000000017,7.000000000000018,0.05450000000000031,0.08550000000000008,1,complete frozen 40-image allocation group,5000,530002,afcff203c75c61b65f2271807379c15e7b553a6256b455a569b2b38bd3243232,,,,,paired within one fixed permutation and group size; no cross-permutation pooling
PAIRED_GROUP_BOOTSTRAP,R0,40,50,M11_MINUS_S_ADAPT,M11,S_ADAPT,SEED_530103,CORE_10_15_20,coverage_per_image,true,0.10000000000000003,10.000000000000004,0.08116666666666666,0.11900416666666665,1,complete frozen 40-image allocation group,5000,530002,afcff203c75c61b65f2271807379c15e7b553a6256b455a569b2b38bd3243232,,,,,paired within one fixed permutation and group size; no cross-permutation pooling
PAIRED_GROUP_BOOTSTRAP,R0,40,50,M11_MINUS_S_ADAPT,M11,S_ADAPT,SEED_530103,10,quality_per_image,true,0.13045835595164504,13.045835595164505,0.10655238828026287,0.1546722742279433,1,complete frozen 40-image allocation group,5000,530002,afcff203c75c61b65f2271807379c15e7b553a6256b455a569b2b38bd3243232,,,,,paired within one fixed permutation and group size; no cross-permutation pooling
PAIRED_GROUP_BOOTSTRAP,R0,40,50,M11_MINUS_S_ADAPT,M11,S_ADAPT,SEED_530103,15,quality_per_image,true,0.11755762737651664,11.755762737651663,0.09380328785533058,0.14020664639903274,1,complete frozen 40-image allocation group,5000,530002,afcff203c75c61b65f2271807379c15e7b553a6256b455a569b2b38bd3243232,,,,,paired within one fixed permutation and group size; no cross-permutation pooling
PAIRED_GROUP_BOOTSTRAP,R0,40,50,M11_MINUS_S_ADAPT,M11,S_ADAPT,SEED_530103,20,quality_per_image,true,0.10991485198734507,10.991485198734507,0.09286063173036338,0.12700946117944845,1,complete frozen 40-image allocation group,5000,530002,afcff203c75c61b65f2271807379c15e7b553a6256b455a569b2b38bd3243232,,,,,paired within one fixed permutation and group size; no cross-permutation pooling
PAIRED_GROUP_BOOTSTRAP,R0,40,50,M11_MINUS_S_ADAPT,M11,S_ADAPT,SEED_530103,30,quality_per_image,true,0.06811511675593865,6.811511675593865,0.0549576285971916,0.08144243747320302,1,complete frozen 40-image allocation group,5000,530002,afcff203c75c61b65f2271807379c15e7b553a6256b455a569b2b38bd3243232,,,,,paired within one fixed permutation and group size; no cross-permutation pooling
PAIRED_GROUP_BOOTSTRAP,R0,40,50,M11_MINUS_S_ADAPT,M11,S_ADAPT,SEED_530103,40,quality_per_image,true,0.03381945612697462,3.3819456126974625,0.024206633234201226,0.04358338032785431,1,complete frozen 40-image allocation group,5000,530002,afcff203c75c61b65f2271807379c15e7b553a6256b455a569b2b38bd3243232,,,,,paired within one fixed permutation and group size; no cross-permutation pooling
PAIRED_GROUP_BOOTSTRAP,R0,40,50,M11_MINUS_S_ADAPT,M11,S_ADAPT,SEED_530103,CORE_10_15_20,quality_per_image,true,0.11931027843850224,11.931027843850224,0.10609595464820643,0.1329114710112947,1,complete frozen 40-image allocation group,5000,530002,afcff203c75c61b65f2271807379c15e7b553a6256b455a569b2b38bd3243232,,,,,paired within one fixed permutation and group size; no cross-permutation pooling
PAIRED_GROUP_BOOTSTRAP,R0,40,50,S_ADAPT_MINUS_S_FIXED,S_ADAPT,S_FIXED,DETERMINISTIC,10,coverage_per_image,true,0.6619999999999999,66.19999999999999,0.619,0.7045,1,complete frozen 40-image allocation group,5000,530002,afcff203c75c61b65f2271807379c15e7b553a6256b455a569b2b38bd3243232,,,,,paired within one fixed permutation and group size; no cross-permutation pooling
PAIRED_GROUP_BOOTSTRAP,R0,40,50,S_ADAPT_MINUS_S_FIXED,S_ADAPT,S_FIXED,DETERMINISTIC,15,coverage_per_image,true,0.5925000000000001,59.250000000000014,0.5460000000000002,0.6395000000000003,1,complete frozen 40-image allocation group,5000,530002,afcff203c75c61b65f2271807379c15e7b553a6256b455a569b2b38bd3243232,,,,,paired within one fixed permutation and group size; no cross-permutation pooling
PAIRED_GROUP_BOOTSTRAP,R0,40,50,S_ADAPT_MINUS_S_FIXED,S_ADAPT,S_FIXED,DETERMINISTIC,20,coverage_per_image,true,0.445,44.5,0.4045,0.4854999999999999,1,complete frozen 40-image allocation group,5000,530002,afcff203c75c61b65f2271807379c15e7b553a6256b455a569b2b38bd3243232,,,,,paired within one fixed permutation and group size; no cross-permutation pooling
PAIRED_GROUP_BOOTSTRAP,R0,40,50,S_ADAPT_MINUS_S_FIXED,S_ADAPT,S_FIXED,DETERMINISTIC,30,coverage_per_image,true,0.3325,33.25,0.29549999999999993,0.37149999999999994,1,complete frozen 40-image allocation group,5000,530002,afcff203c75c61b65f2271807379c15e7b553a6256b455a569b2b38bd3243232,,,,,paired within one fixed permutation and group size; no cross-permutation pooling
PAIRED_GROUP_BOOTSTRAP,R0,40,50,S_ADAPT_MINUS_S_FIXED,S_ADAPT,S_FIXED,DETERMINISTIC,40,coverage_per_image,true,0.21099999999999983,21.099999999999984,0.18349999999999994,0.24049999999999971,1,complete frozen 40-image allocation group,5000,530002,afcff203c75c61b65f2271807379c15e7b553a6256b455a569b2b38bd3243232,,,,,paired within one fixed permutation and group size; no cross-permutation pooling
PAIRED_GROUP_BOOTSTRAP,R0,40,50,S_ADAPT_MINUS_S_FIXED,S_ADAPT,S_FIXED,DETERMINISTIC,CORE_10_15_20,coverage_per_image,true,0.5665,56.65,0.5326666666666667,0.6016666666666667,1,complete frozen 40-image allocation group,5000,530002,afcff203c75c61b65f2271807379c15e7b553a6256b455a569b2b38bd3243232,,,,,paired within one fixed permutation and group size; no cross-permutation pooling
PAIRED_GROUP_BOOTSTRAP,R0,40,50,S_ADAPT_MINUS_S_FIXED,S_ADAPT,S_FIXED,DETERMINISTIC,10,quality_per_image,true,0.41210695736202607,41.21069573620261,0.37466180799600635,0.45091671811051115,1,complete frozen 40-image allocation group,5000,530002,afcff203c75c61b65f2271807379c15e7b553a6256b455a569b2b38bd3243232,,,,,paired within one fixed permutation and group size; no cross-permutation pooling
PAIRED_GROUP_BOOTSTRAP,R0,40,50,S_ADAPT_MINUS_S_FIXED,S_ADAPT,S_FIXED,DETERMINISTIC,15,quality_per_image,true,0.3529397879025511,35.29397879025511,0.31468701004043487,0.38983430256448237,1,complete frozen 40-image allocation group,5000,530002,afcff203c75c61b65f2271807379c15e7b553a6256b455a569b2b38bd3243232,,,,,paired within one fixed permutation and group size; no cross-permutation pooling
PAIRED_GROUP_BOOTSTRAP,R0,40,50,S_ADAPT_MINUS_S_FIXED,S_ADAPT,S_FIXED,DETERMINISTIC,20,quality_per_image,true,0.27062831467863774,27.062831467863774,0.24182063702660345,0.3003653864729322,1,complete frozen 40-image allocation group,5000,530002,afcff203c75c61b65f2271807379c15e7b553a6256b455a569b2b38bd3243232,,,,,paired within one fixed permutation and group size; no cross-permutation pooling
PAIRED_GROUP_BOOTSTRAP,R0,40,50,S_ADAPT_MINUS_S_FIXED,S_ADAPT,S_FIXED,DETERMINISTIC,30,quality_per_image,true,0.19397767198501278,19.397767198501278,0.16912942087825178,0.2188030332479275,1,complete frozen 40-image allocation group,5000,530002,afcff203c75c61b65f2271807379c15e7b553a6256b455a569b2b38bd3243232,,,,,paired within one fixed permutation and group size; no cross-permutation pooling
PAIRED_GROUP_BOOTSTRAP,R0,40,50,S_ADAPT_MINUS_S_FIXED,S_ADAPT,S_FIXED,DETERMINISTIC,40,quality_per_image,true,0.11301406263745367,11.301406263745367,0.09506272642258093,0.13223257169688943,1,complete frozen 40-image allocation group,5000,530002,afcff203c75c61b65f2271807379c15e7b553a6256b455a569b2b38bd3243232,,,,,paired within one fixed permutation and group size; no cross-permutation pooling
PAIRED_GROUP_BOOTSTRAP,R0,40,50,S_ADAPT_MINUS_S_FIXED,S_ADAPT,S_FIXED,DETERMINISTIC,CORE_10_15_20,quality_per_image,true,0.3452250199810716,34.52250199810716,0.3169697434251078,0.37425221333391384,1,complete frozen 40-image allocation group,5000,530002,afcff203c75c61b65f2271807379c15e7b553a6256b455a569b2b38bd3243232,,,,,paired within one fixed permutation and group size; no cross-permutation pooling
PAIRED_GROUP_BOOTSTRAP,R0,80,25,M11_MINUS_S_ADAPT,M11,S_ADAPT,THREE_SEED_MEAN,10,coverage_per_image,true,0.06749999999999996,6.7499999999999964,0.03500000000000011,0.09733749999999994,1,complete frozen 80-image allocation group,5000,939396262,888eeb0e4367b82f86705e0537a7bf900c5f2d00b14d22b2cf67081e1379a7e8,,,,,paired within one fixed permutation and group size; no cross-permutation pooling
PAIRED_GROUP_BOOTSTRAP,R0,80,25,M11_MINUS_S_ADAPT,M11,S_ADAPT,THREE_SEED_MEAN,15,coverage_per_image,true,0.0993333333333333,9.93333333333333,0.07399999999999991,0.12583750000000013,1,complete frozen 80-image allocation group,5000,939396262,888eeb0e4367b82f86705e0537a7bf900c5f2d00b14d22b2cf67081e1379a7e8,,,,,paired within one fixed permutation and group size; no cross-permutation pooling
PAIRED_GROUP_BOOTSTRAP,R0,80,25,M11_MINUS_S_ADAPT,M11,S_ADAPT,THREE_SEED_MEAN,20,coverage_per_image,true,0.11500000000000014,11.500000000000014,0.09000000000000007,0.13900000000000012,1,complete frozen 80-image allocation group,5000,939396262,888eeb0e4367b82f86705e0537a7bf900c5f2d00b14d22b2cf67081e1379a7e8,,,,,paired within one fixed permutation and group size; no cross-permutation pooling
PAIRED_GROUP_BOOTSTRAP,R0,80,25,M11_MINUS_S_ADAPT,M11,S_ADAPT,THREE_SEED_MEAN,30,coverage_per_image,true,0.09583333333333365,9.583333333333364,0.07616249999999995,0.11633333333333368,1,complete frozen 80-image allocation group,5000,939396262,888eeb0e4367b82f86705e0537a7bf900c5f2d00b14d22b2cf67081e1379a7e8,,,,,paired within one fixed permutation and group size; no cross-permutation pooling
PAIRED_GROUP_BOOTSTRAP,R0,80,25,M11_MINUS_S_ADAPT,M11,S_ADAPT,THREE_SEED_MEAN,40,coverage_per_image,true,0.06416666666666629,6.416666666666629,0.05083333333333307,0.07699999999999953,1,complete frozen 80-image allocation group,5000,939396262,888eeb0e4367b82f86705e0537a7bf900c5f2d00b14d22b2cf67081e1379a7e8,,,,,paired within one fixed permutation and group size; no cross-permutation pooling
PAIRED_GROUP_BOOTSTRAP,R0,80,25,M11_MINUS_S_ADAPT,M11,S_ADAPT,THREE_SEED_MEAN,CORE_10_15_20,coverage_per_image,true,0.09394444444444447,9.394444444444447,0.07744444444444443,0.11155694444444454,1,complete frozen 80-image allocation group,5000,939396262,888eeb0e4367b82f86705e0537a7bf900c5f2d00b14d22b2cf67081e1379a7e8,,,,,paired within one fixed permutation and group size; no cross-permutation pooling
PAIRED_GROUP_BOOTSTRAP,R0,80,25,M11_MINUS_S_ADAPT,M11,S_ADAPT,THREE_SEED_MEAN,10,quality_per_image,true,0.1340717011202261,13.407170112022609,0.11017854474795201,0.15805343708066594,1,complete frozen 80-image allocation group,5000,939396262,888eeb0e4367b82f86705e0537a7bf900c5f2d00b14d22b2cf67081e1379a7e8,,,,,paired within one fixed permutation and group size; no cross-permutation pooling
PAIRED_GROUP_BOOTSTRAP,R0,80,25,M11_MINUS_S_ADAPT,M11,S_ADAPT,THREE_SEED_MEAN,15,quality_per_image,true,0.11550265167862936,11.550265167862936,0.09643440513668719,0.13425783945882652,1,complete frozen 80-image allocation group,5000,939396262,888eeb0e4367b82f86705e0537a7bf900c5f2d00b14d22b2cf67081e1379a7e8,,,,,paired within one fixed permutation and group size; no cross-permutation pooling
PAIRED_GROUP_BOOTSTRAP,R0,80,25,M11_MINUS_S_ADAPT,M11,S_ADAPT,THREE_SEED_MEAN,20,quality_per_image,true,0.10604892754764567,10.604892754764567,0.08669959053706314,0.12480856730069968,1,complete frozen 80-image allocation group,5000,939396262,888eeb0e4367b82f86705e0537a7bf900c5f2d00b14d22b2cf67081e1379a7e8,,,,,paired within one fixed permutation and group size; no cross-permutation pooling
PAIRED_GROUP_BOOTSTRAP,R0,80,25,M11_MINUS_S_ADAPT,M11,S_ADAPT,THREE_SEED_MEAN,30,quality_per_image,true,0.06069927584194432,6.069927584194431,0.04936486872495819,0.07262557585522382,1,complete frozen 80-image allocation group,5000,939396262,888eeb0e4367b82f86705e0537a7bf900c5f2d00b14d22b2cf67081e1379a7e8,,,,,paired within one fixed permutation and group size; no cross-permutation pooling
PAIRED_GROUP_BOOTSTRAP,R0,80,25,M11_MINUS_S_ADAPT,M11,S_ADAPT,THREE_SEED_MEAN,40,quality_per_image,true,0.034593478608645326,3.4593478608645327,0.026405591538827034,0.044161951875769524,1,complete frozen 80-image allocation group,5000,939396262,888eeb0e4367b82f86705e0537a7bf900c5f2d00b14d22b2cf67081e1379a7e8,,,,,paired within one fixed permutation and group size; no cross-permutation pooling
PAIRED_GROUP_BOOTSTRAP,R0,80,25,M11_MINUS_S_ADAPT,M11,S_ADAPT,THREE_SEED_MEAN,CORE_10_15_20,quality_per_image,true,0.1185410934488337,11.854109344883371,0.10322926685252043,0.1333212285067563,1,complete frozen 80-image allocation group,5000,939396262,888eeb0e4367b82f86705e0537a7bf900c5f2d00b14d22b2cf67081e1379a7e8,,,,,paired within one fixed permutation and group size; no cross-permutation pooling
PAIRED_GROUP_BOOTSTRAP,R0,80,25,M11_MINUS_S_ADAPT,M11,S_ADAPT,SEED_530101,10,coverage_per_image,true,0.08099999999999988,8.099999999999987,0.04949999999999992,0.11199999999999974,1,complete frozen 80-image allocation group,5000,939396262,888eeb0e4367b82f86705e0537a7bf900c5f2d00b14d22b2cf67081e1379a7e8,,,,,paired within one fixed permutation and group size; no cross-permutation pooling
PAIRED_GROUP_BOOTSTRAP,R0,80,25,M11_MINUS_S_ADAPT,M11,S_ADAPT,SEED_530101,15,coverage_per_image,true,0.10599999999999991,10.59999999999999,0.0784999999999998,0.134,1,complete frozen 80-image allocation group,5000,939396262,888eeb0e4367b82f86705e0537a7bf900c5f2d00b14d22b2cf67081e1379a7e8,,,,,paired within one fixed permutation and group size; no cross-permutation pooling
PAIRED_GROUP_BOOTSTRAP,R0,80,25,M11_MINUS_S_ADAPT,M11,S_ADAPT,SEED_530101,20,coverage_per_image,true,0.11249999999999993,11.249999999999993,0.08549999999999983,0.13949999999999974,1,complete frozen 80-image allocation group,5000,939396262,888eeb0e4367b82f86705e0537a7bf900c5f2d00b14d22b2cf67081e1379a7e8,,,,,paired within one fixed permutation and group size; no cross-permutation pooling
PAIRED_GROUP_BOOTSTRAP,R0,80,25,M11_MINUS_S_ADAPT,M11,S_ADAPT,SEED_530101,30,coverage_per_image,true,0.09200000000000003,9.200000000000003,0.06550000000000004,0.11649999999999999,1,complete frozen 80-image allocation group,5000,939396262,888eeb0e4367b82f86705e0537a7bf900c5f2d00b14d22b2cf67081e1379a7e8,,,,,paired within one fixed permutation and group size; no cross-permutation pooling
PAIRED_GROUP_BOOTSTRAP,R0,80,25,M11_MINUS_S_ADAPT,M11,S_ADAPT,SEED_530101,40,coverage_per_image,true,0.06699999999999981,6.699999999999981,0.05099999999999994,0.08249999999999985,1,complete frozen 80-image allocation group,5000,939396262,888eeb0e4367b82f86705e0537a7bf900c5f2d00b14d22b2cf67081e1379a7e8,,,,,paired within one fixed permutation and group size; no cross-permutation pooling
PAIRED_GROUP_BOOTSTRAP,R0,80,25,M11_MINUS_S_ADAPT,M11,S_ADAPT,SEED_530101,CORE_10_15_20,coverage_per_image,true,0.09983333333333323,9.983333333333324,0.08183333333333317,0.11833333333333322,1,complete frozen 80-image allocation group,5000,939396262,888eeb0e4367b82f86705e0537a7bf900c5f2d00b14d22b2cf67081e1379a7e8,,,,,paired within one fixed permutation and group size; no cross-permutation pooling
PAIRED_GROUP_BOOTSTRAP,R0,80,25,M11_MINUS_S_ADAPT,M11,S_ADAPT,SEED_530101,10,quality_per_image,true,0.1290821051722863,12.90821051722863,0.10527520089993225,0.1521131908555998,1,complete frozen 80-image allocation group,5000,939396262,888eeb0e4367b82f86705e0537a7bf900c5f2d00b14d22b2cf67081e1379a7e8,,,,,paired within one fixed permutation and group size; no cross-permutation pooling
PAIRED_GROUP_BOOTSTRAP,R0,80,25,M11_MINUS_S_ADAPT,M11,S_ADAPT,SEED_530101,15,quality_per_image,true,0.1158581670784536,11.58581670784536,0.0932720108588762,0.13817574585855041,1,complete frozen 80-image allocation group,5000,939396262,888eeb0e4367b82f86705e0537a7bf900c5f2d00b14d22b2cf67081e1379a7e8,,,,,paired within one fixed permutation and group size; no cross-permutation pooling
PAIRED_GROUP_BOOTSTRAP,R0,80,25,M11_MINUS_S_ADAPT,M11,S_ADAPT,SEED_530101,20,quality_per_image,true,0.0986790215039737,9.86790215039737,0.07735854987376385,0.11899203480351007,1,complete frozen 80-image allocation group,5000,939396262,888eeb0e4367b82f86705e0537a7bf900c5f2d00b14d22b2cf67081e1379a7e8,,,,,paired within one fixed permutation and group size; no cross-permutation pooling
PAIRED_GROUP_BOOTSTRAP,R0,80,25,M11_MINUS_S_ADAPT,M11,S_ADAPT,SEED_530101,30,quality_per_image,true,0.059193073673421,5.9193073673421,0.04666536716532175,0.07120965042238706,1,complete frozen 80-image allocation group,5000,939396262,888eeb0e4367b82f86705e0537a7bf900c5f2d00b14d22b2cf67081e1379a7e8,,,,,paired within one fixed permutation and group size; no cross-permutation pooling
PAIRED_GROUP_BOOTSTRAP,R0,80,25,M11_MINUS_S_ADAPT,M11,S_ADAPT,SEED_530101,40,quality_per_image,true,0.03625364948931967,3.6253649489319666,0.027726979429946653,0.0475288554082125,1,complete frozen 80-image allocation group,5000,939396262,888eeb0e4367b82f86705e0537a7bf900c5f2d00b14d22b2cf67081e1379a7e8,,,,,paired within one fixed permutation and group size; no cross-permutation pooling
PAIRED_GROUP_BOOTSTRAP,R0,80,25,M11_MINUS_S_ADAPT,M11,S_ADAPT,SEED_530101,CORE_10_15_20,quality_per_image,true,0.11453976458490453,11.453976458490454,0.0977933866606681,0.13057452024515973,1,complete frozen 80-image allocation group,5000,939396262,888eeb0e4367b82f86705e0537a7bf900c5f2d00b14d22b2cf67081e1379a7e8,,,,,paired within one fixed permutation and group size; no cross-permutation pooling
PAIRED_GROUP_BOOTSTRAP,R0,80,25,M11_MINUS_S_ADAPT,M11,S_ADAPT,SEED_530102,10,coverage_per_image,true,0.04649999999999995,4.649999999999995,0.013499999999999979,0.07899999999999999,0.998,complete frozen 80-image allocation group,5000,939396262,888eeb0e4367b82f86705e0537a7bf900c5f2d00b14d22b2cf67081e1379a7e8,,,,,paired within one fixed permutation and group size; no cross-permutation pooling
PAIRED_GROUP_BOOTSTRAP,R0,80,25,M11_MINUS_S_ADAPT,M11,S_ADAPT,SEED_530102,15,coverage_per_image,true,0.08199999999999989,8.199999999999989,0.05299999999999987,0.11149999999999995,1,complete frozen 80-image allocation group,5000,939396262,888eeb0e4367b82f86705e0537a7bf900c5f2d00b14d22b2cf67081e1379a7e8,,,,,paired within one fixed permutation and group size; no cross-permutation pooling
PAIRED_GROUP_BOOTSTRAP,R0,80,25,M11_MINUS_S_ADAPT,M11,S_ADAPT,SEED_530102,20,coverage_per_image,true,0.10000000000000014,10.000000000000014,0.07250000000000036,0.12650000000000014,1,complete frozen 80-image allocation group,5000,939396262,888eeb0e4367b82f86705e0537a7bf900c5f2d00b14d22b2cf67081e1379a7e8,,,,,paired within one fixed permutation and group size; no cross-permutation pooling
PAIRED_GROUP_BOOTSTRAP,R0,80,25,M11_MINUS_S_ADAPT,M11,S_ADAPT,SEED_530102,30,coverage_per_image,true,0.09500000000000007,9.500000000000007,0.07550000000000018,0.11600000000000037,1,complete frozen 80-image allocation group,5000,939396262,888eeb0e4367b82f86705e0537a7bf900c5f2d00b14d22b2cf67081e1379a7e8,,,,,paired within one fixed permutation and group size; no cross-permutation pooling
PAIRED_GROUP_BOOTSTRAP,R0,80,25,M11_MINUS_S_ADAPT,M11,S_ADAPT,SEED_530102,40,coverage_per_image,true,0.05650000000000006,5.650000000000006,0.04400000000000006,0.06900000000000006,1,complete frozen 80-image allocation group,5000,939396262,888eeb0e4367b82f86705e0537a7bf900c5f2d00b14d22b2cf67081e1379a7e8,,,,,paired within one fixed permutation and group size; no cross-permutation pooling
PAIRED_GROUP_BOOTSTRAP,R0,80,25,M11_MINUS_S_ADAPT,M11,S_ADAPT,SEED_530102,CORE_10_15_20,coverage_per_image,true,0.07616666666666666,7.616666666666666,0.05866666666666673,0.09433333333333328,1,complete frozen 80-image allocation group,5000,939396262,888eeb0e4367b82f86705e0537a7bf900c5f2d00b14d22b2cf67081e1379a7e8,,,,,paired within one fixed permutation and group size; no cross-permutation pooling
PAIRED_GROUP_BOOTSTRAP,R0,80,25,M11_MINUS_S_ADAPT,M11,S_ADAPT,SEED_530102,10,quality_per_image,true,0.1380871833867012,13.80871833867012,0.11365696499013242,0.1642659235834321,1,complete frozen 80-image allocation group,5000,939396262,888eeb0e4367b82f86705e0537a7bf900c5f2d00b14d22b2cf67081e1379a7e8,,,,,paired within one fixed permutation and group size; no cross-permutation pooling
PAIRED_GROUP_BOOTSTRAP,R0,80,25,M11_MINUS_S_ADAPT,M11,S_ADAPT,SEED_530102,15,quality_per_image,true,0.10857152241741456,10.857152241741456,0.08689346250794366,0.12880013063955922,1,complete frozen 80-image allocation group,5000,939396262,888eeb0e4367b82f86705e0537a7bf900c5f2d00b14d22b2cf67081e1379a7e8,,,,,paired within one fixed permutation and group size; no cross-permutation pooling
PAIRED_GROUP_BOOTSTRAP,R0,80,25,M11_MINUS_S_ADAPT,M11,S_ADAPT,SEED_530102,20,quality_per_image,true,0.10789896400198334,10.789896400198334,0.0864312894925933,0.12871268661692273,1,complete frozen 80-image allocation group,5000,939396262,888eeb0e4367b82f86705e0537a7bf900c5f2d00b14d22b2cf67081e1379a7e8,,,,,paired within one fixed permutation and group size; no cross-permutation pooling
PAIRED_GROUP_BOOTSTRAP,R0,80,25,M11_MINUS_S_ADAPT,M11,S_ADAPT,SEED_530102,30,quality_per_image,true,0.059485830241392354,5.948583024139236,0.047014375239631714,0.07328693591718224,1,complete frozen 80-image allocation group,5000,939396262,888eeb0e4367b82f86705e0537a7bf900c5f2d00b14d22b2cf67081e1379a7e8,,,,,paired within one fixed permutation and group size; no cross-permutation pooling
PAIRED_GROUP_BOOTSTRAP,R0,80,25,M11_MINUS_S_ADAPT,M11,S_ADAPT,SEED_530102,40,quality_per_image,true,0.029521050414579263,2.9521050414579264,0.021673916779856903,0.03787851481932893,1,complete frozen 80-image allocation group,5000,939396262,888eeb0e4367b82f86705e0537a7bf900c5f2d00b14d22b2cf67081e1379a7e8,,,,,paired within one fixed permutation and group size; no cross-permutation pooling
PAIRED_GROUP_BOOTSTRAP,R0,80,25,M11_MINUS_S_ADAPT,M11,S_ADAPT,SEED_530102,CORE_10_15_20,quality_per_image,true,0.11818588993536638,11.818588993536638,0.10231837790375979,0.13379145016240296,1,complete frozen 80-image allocation group,5000,939396262,888eeb0e4367b82f86705e0537a7bf900c5f2d00b14d22b2cf67081e1379a7e8,,,,,paired within one fixed permutation and group size; no cross-permutation pooling
PAIRED_GROUP_BOOTSTRAP,R0,80,25,M11_MINUS_S_ADAPT,M11,S_ADAPT,SEED_530103,10,coverage_per_image,true,0.07499999999999993,7.499999999999993,0.03949999999999999,0.10749999999999986,1,complete frozen 80-image allocation group,5000,939396262,888eeb0e4367b82f86705e0537a7bf900c5f2d00b14d22b2cf67081e1379a7e8,,,,,paired within one fixed permutation and group size; no cross-permutation pooling
PAIRED_GROUP_BOOTSTRAP,R0,80,25,M11_MINUS_S_ADAPT,M11,S_ADAPT,SEED_530103,15,coverage_per_image,true,0.11,11,0.08349999999999991,0.13750000000000015,1,complete frozen 80-image allocation group,5000,939396262,888eeb0e4367b82f86705e0537a7bf900c5f2d00b14d22b2cf67081e1379a7e8,,,,,paired within one fixed permutation and group size; no cross-permutation pooling
PAIRED_GROUP_BOOTSTRAP,R0,80,25,M11_MINUS_S_ADAPT,M11,S_ADAPT,SEED_530103,20,coverage_per_image,true,0.1325000000000002,13.25000000000002,0.10400000000000013,0.15901250000000028,1,complete frozen 80-image allocation group,5000,939396262,888eeb0e4367b82f86705e0537a7bf900c5f2d00b14d22b2cf67081e1379a7e8,,,,,paired within one fixed permutation and group size; no cross-permutation pooling
PAIRED_GROUP_BOOTSTRAP,R0,80,25,M11_MINUS_S_ADAPT,M11,S_ADAPT,SEED_530103,30,coverage_per_image,true,0.10050000000000019,10.050000000000018,0.08050000000000018,0.12200000000000016,1,complete frozen 80-image allocation group,5000,939396262,888eeb0e4367b82f86705e0537a7bf900c5f2d00b14d22b2cf67081e1379a7e8,,,,,paired within one fixed permutation and group size; no cross-permutation pooling
PAIRED_GROUP_BOOTSTRAP,R0,80,25,M11_MINUS_S_ADAPT,M11,S_ADAPT,SEED_530103,40,coverage_per_image,true,0.06899999999999991,6.899999999999991,0.054999999999999855,0.08299999999999962,1,complete frozen 80-image allocation group,5000,939396262,888eeb0e4367b82f86705e0537a7bf900c5f2d00b14d22b2cf67081e1379a7e8,,,,,paired within one fixed permutation and group size; no cross-permutation pooling
PAIRED_GROUP_BOOTSTRAP,R0,80,25,M11_MINUS_S_ADAPT,M11,S_ADAPT,SEED_530103,CORE_10_15_20,coverage_per_image,true,0.10583333333333338,10.583333333333337,0.08733333333333328,0.1245000000000001,1,complete frozen 80-image allocation group,5000,939396262,888eeb0e4367b82f86705e0537a7bf900c5f2d00b14d22b2cf67081e1379a7e8,,,,,paired within one fixed permutation and group size; no cross-permutation pooling
PAIRED_GROUP_BOOTSTRAP,R0,80,25,M11_MINUS_S_ADAPT,M11,S_ADAPT,SEED_530103,10,quality_per_image,true,0.13504581480169056,13.504581480169056,0.11045982259189353,0.1597485452975654,1,complete frozen 80-image allocation group,5000,939396262,888eeb0e4367b82f86705e0537a7bf900c5f2d00b14d22b2cf67081e1379a7e8,,,,,paired within one fixed permutation and group size; no cross-permutation pooling
PAIRED_GROUP_BOOTSTRAP,R0,80,25,M11_MINUS_S_ADAPT,M11,S_ADAPT,SEED_530103,15,quality_per_image,true,0.12207826554001996,12.207826554001997,0.10502670093057098,0.13980416719784358,1,complete frozen 80-image allocation group,5000,939396262,888eeb0e4367b82f86705e0537a7bf900c5f2d00b14d22b2cf67081e1379a7e8,,,,,paired within one fixed permutation and group size; no cross-permutation pooling
PAIRED_GROUP_BOOTSTRAP,R0,80,25,M11_MINUS_S_ADAPT,M11,S_ADAPT,SEED_530103,20,quality_per_image,true,0.1115687971369799,11.15687971369799,0.09286112363910412,0.1293070836818951,1,complete frozen 80-image allocation group,5000,939396262,888eeb0e4367b82f86705e0537a7bf900c5f2d00b14d22b2cf67081e1379a7e8,,,,,paired within one fixed permutation and group size; no cross-permutation pooling
PAIRED_GROUP_BOOTSTRAP,R0,80,25,M11_MINUS_S_ADAPT,M11,S_ADAPT,SEED_530103,30,quality_per_image,true,0.06341892361101956,6.341892361101956,0.052132888979065234,0.07522719686271513,1,complete frozen 80-image allocation group,5000,939396262,888eeb0e4367b82f86705e0537a7bf900c5f2d00b14d22b2cf67081e1379a7e8,,,,,paired within one fixed permutation and group size; no cross-permutation pooling
PAIRED_GROUP_BOOTSTRAP,R0,80,25,M11_MINUS_S_ADAPT,M11,S_ADAPT,SEED_530103,40,quality_per_image,true,0.0380057359220368,3.80057359220368,0.028530573435972425,0.04892100720333246,1,complete frozen 80-image allocation group,5000,939396262,888eeb0e4367b82f86705e0537a7bf900c5f2d00b14d22b2cf67081e1379a7e8,,,,,paired within one fixed permutation and group size; no cross-permutation pooling
PAIRED_GROUP_BOOTSTRAP,R0,80,25,M11_MINUS_S_ADAPT,M11,S_ADAPT,SEED_530103,CORE_10_15_20,quality_per_image,true,0.12289762582623015,12.289762582623014,0.10811385247937222,0.13734841659329214,1,complete frozen 80-image allocation group,5000,939396262,888eeb0e4367b82f86705e0537a7bf900c5f2d00b14d22b2cf67081e1379a7e8,,,,,paired within one fixed permutation and group size; no cross-permutation pooling
PAIRED_GROUP_BOOTSTRAP,R0,80,25,S_ADAPT_MINUS_S_FIXED,S_ADAPT,S_FIXED,DETERMINISTIC,10,coverage_per_image,true,0.6755,67.55,0.6345,0.7190000000000001,1,complete frozen 80-image allocation group,5000,939396262,888eeb0e4367b82f86705e0537a7bf900c5f2d00b14d22b2cf67081e1379a7e8,,,,,paired within one fixed permutation and group size; no cross-permutation pooling
PAIRED_GROUP_BOOTSTRAP,R0,80,25,S_ADAPT_MINUS_S_FIXED,S_ADAPT,S_FIXED,DETERMINISTIC,15,coverage_per_image,true,0.5845000000000001,58.45000000000001,0.537,0.6330000000000001,1,complete frozen 80-image allocation group,5000,939396262,888eeb0e4367b82f86705e0537a7bf900c5f2d00b14d22b2cf67081e1379a7e8,,,,,paired within one fixed permutation and group size; no cross-permutation pooling
PAIRED_GROUP_BOOTSTRAP,R0,80,25,S_ADAPT_MINUS_S_FIXED,S_ADAPT,S_FIXED,DETERMINISTIC,20,coverage_per_image,true,0.4489999999999997,44.89999999999997,0.41699999999999965,0.4814999999999995,1,complete frozen 80-image allocation group,5000,939396262,888eeb0e4367b82f86705e0537a7bf900c5f2d00b14d22b2cf67081e1379a7e8,,,,,paired within one fixed permutation and group size; no cross-permutation pooling
PAIRED_GROUP_BOOTSTRAP,R0,80,25,S_ADAPT_MINUS_S_FIXED,S_ADAPT,S_FIXED,DETERMINISTIC,30,coverage_per_image,true,0.3404999999999998,34.04999999999998,0.29999999999999977,0.3800124999999998,1,complete frozen 80-image allocation group,5000,939396262,888eeb0e4367b82f86705e0537a7bf900c5f2d00b14d22b2cf67081e1379a7e8,,,,,paired within one fixed permutation and group size; no cross-permutation pooling
PAIRED_GROUP_BOOTSTRAP,R0,80,25,S_ADAPT_MINUS_S_FIXED,S_ADAPT,S_FIXED,DETERMINISTIC,40,coverage_per_image,true,0.21200000000000016,21.200000000000017,0.1795000000000001,0.24350000000000016,1,complete frozen 80-image allocation group,5000,939396262,888eeb0e4367b82f86705e0537a7bf900c5f2d00b14d22b2cf67081e1379a7e8,,,,,paired within one fixed permutation and group size; no cross-permutation pooling
PAIRED_GROUP_BOOTSTRAP,R0,80,25,S_ADAPT_MINUS_S_FIXED,S_ADAPT,S_FIXED,DETERMINISTIC,CORE_10_15_20,coverage_per_image,true,0.5696666666666665,56.966666666666654,0.5409958333333332,0.5989999999999999,1,complete frozen 80-image allocation group,5000,939396262,888eeb0e4367b82f86705e0537a7bf900c5f2d00b14d22b2cf67081e1379a7e8,,,,,paired within one fixed permutation and group size; no cross-permutation pooling
PAIRED_GROUP_BOOTSTRAP,R0,80,25,S_ADAPT_MINUS_S_FIXED,S_ADAPT,S_FIXED,DETERMINISTIC,10,quality_per_image,true,0.42145284331130545,42.14528433113055,0.38356182792364424,0.45942947818148355,1,complete frozen 80-image allocation group,5000,939396262,888eeb0e4367b82f86705e0537a7bf900c5f2d00b14d22b2cf67081e1379a7e8,,,,,paired within one fixed permutation and group size; no cross-permutation pooling
PAIRED_GROUP_BOOTSTRAP,R0,80,25,S_ADAPT_MINUS_S_FIXED,S_ADAPT,S_FIXED,DETERMINISTIC,15,quality_per_image,true,0.3527760982945976,35.27760982945976,0.31758539625264987,0.39010599425258025,1,complete frozen 80-image allocation group,5000,939396262,888eeb0e4367b82f86705e0537a7bf900c5f2d00b14d22b2cf67081e1379a7e8,,,,,paired within one fixed permutation and group size; no cross-permutation pooling
PAIRED_GROUP_BOOTSTRAP,R0,80,25,S_ADAPT_MINUS_S_FIXED,S_ADAPT,S_FIXED,DETERMINISTIC,20,quality_per_image,true,0.27407489349025993,27.407489349025994,0.2507096253023624,0.2991487474822879,1,complete frozen 80-image allocation group,5000,939396262,888eeb0e4367b82f86705e0537a7bf900c5f2d00b14d22b2cf67081e1379a7e8,,,,,paired within one fixed permutation and group size; no cross-permutation pooling
PAIRED_GROUP_BOOTSTRAP,R0,80,25,S_ADAPT_MINUS_S_FIXED,S_ADAPT,S_FIXED,DETERMINISTIC,30,quality_per_image,true,0.19803471185990282,19.803471185990283,0.17154648485488844,0.2235269521991885,1,complete frozen 80-image allocation group,5000,939396262,888eeb0e4367b82f86705e0537a7bf900c5f2d00b14d22b2cf67081e1379a7e8,,,,,paired within one fixed permutation and group size; no cross-permutation pooling
PAIRED_GROUP_BOOTSTRAP,R0,80,25,S_ADAPT_MINUS_S_FIXED,S_ADAPT,S_FIXED,DETERMINISTIC,40,quality_per_image,true,0.11141385754392136,11.141385754392136,0.09293226156684914,0.12916722972133976,1,complete frozen 80-image allocation group,5000,939396262,888eeb0e4367b82f86705e0537a7bf900c5f2d00b14d22b2cf67081e1379a7e8,,,,,paired within one fixed permutation and group size; no cross-permutation pooling
PAIRED_GROUP_BOOTSTRAP,R0,80,25,S_ADAPT_MINUS_S_FIXED,S_ADAPT,S_FIXED,DETERMINISTIC,CORE_10_15_20,quality_per_image,true,0.34943461169872103,34.9434611698721,0.3241529778438063,0.3765307630179682,1,complete frozen 80-image allocation group,5000,939396262,888eeb0e4367b82f86705e0537a7bf900c5f2d00b14d22b2cf67081e1379a7e8,,,,,paired within one fixed permutation and group size; no cross-permutation pooling
PAIRED_GROUP_BOOTSTRAP,R1,10,200,M11_MINUS_S_ADAPT,M11,S_ADAPT,THREE_SEED_MEAN,10,coverage_per_image,true,0.04549999999999999,4.549999999999999,0.01916249999999995,0.07249999999999998,0.9996,complete frozen 10-image allocation group,5000,790002356,3a2e2099f5d29b71acaca5873c2280d16f792ac7a78ff9d0d20277c6dbf1ac15,,,,,paired within one fixed permutation and group size; no cross-permutation pooling
PAIRED_GROUP_BOOTSTRAP,R1,10,200,M11_MINUS_S_ADAPT,M11,S_ADAPT,THREE_SEED_MEAN,15,coverage_per_image,true,0.09233333333333332,9.233333333333333,0.06316666666666673,0.12100416666666658,1,complete frozen 10-image allocation group,5000,790002356,3a2e2099f5d29b71acaca5873c2280d16f792ac7a78ff9d0d20277c6dbf1ac15,,,,,paired within one fixed permutation and group size; no cross-permutation pooling
PAIRED_GROUP_BOOTSTRAP,R1,10,200,M11_MINUS_S_ADAPT,M11,S_ADAPT,THREE_SEED_MEAN,20,coverage_per_image,true,0.09716666666666668,9.716666666666669,0.06766666666666682,0.12566666666666662,1,complete frozen 10-image allocation group,5000,790002356,3a2e2099f5d29b71acaca5873c2280d16f792ac7a78ff9d0d20277c6dbf1ac15,,,,,paired within one fixed permutation and group size; no cross-permutation pooling
PAIRED_GROUP_BOOTSTRAP,R1,10,200,M11_MINUS_S_ADAPT,M11,S_ADAPT,THREE_SEED_MEAN,30,coverage_per_image,true,0.10233333333333335,10.233333333333334,0.07933333333333327,0.12500000000000003,1,complete frozen 10-image allocation group,5000,790002356,3a2e2099f5d29b71acaca5873c2280d16f792ac7a78ff9d0d20277c6dbf1ac15,,,,,paired within one fixed permutation and group size; no cross-permutation pooling
PAIRED_GROUP_BOOTSTRAP,R1,10,200,M11_MINUS_S_ADAPT,M11,S_ADAPT,THREE_SEED_MEAN,40,coverage_per_image,true,0.06399999999999999,6.399999999999999,0.048329166666666576,0.07999999999999996,1,complete frozen 10-image allocation group,5000,790002356,3a2e2099f5d29b71acaca5873c2280d16f792ac7a78ff9d0d20277c6dbf1ac15,,,,,paired within one fixed permutation and group size; no cross-permutation pooling
PAIRED_GROUP_BOOTSTRAP,R1,10,200,M11_MINUS_S_ADAPT,M11,S_ADAPT,THREE_SEED_MEAN,CORE_10_15_20,coverage_per_image,true,0.07833333333333334,7.833333333333334,0.06116527777777783,0.0956666666666667,1,complete frozen 10-image allocation group,5000,790002356,3a2e2099f5d29b71acaca5873c2280d16f792ac7a78ff9d0d20277c6dbf1ac15,,,,,paired within one fixed permutation and group size; no cross-permutation pooling
PAIRED_GROUP_BOOTSTRAP,R1,10,200,M11_MINUS_S_ADAPT,M11,S_ADAPT,THREE_SEED_MEAN,10,quality_per_image,true,0.11290938041281699,11.290938041281699,0.09211497779239615,0.13518311901050062,1,complete frozen 10-image allocation group,5000,790002356,3a2e2099f5d29b71acaca5873c2280d16f792ac7a78ff9d0d20277c6dbf1ac15,,,,,paired within one fixed permutation and group size; no cross-permutation pooling
PAIRED_GROUP_BOOTSTRAP,R1,10,200,M11_MINUS_S_ADAPT,M11,S_ADAPT,THREE_SEED_MEAN,15,quality_per_image,true,0.09588179255752916,9.588179255752916,0.07596440187079596,0.11578423780523535,1,complete frozen 10-image allocation group,5000,790002356,3a2e2099f5d29b71acaca5873c2280d16f792ac7a78ff9d0d20277c6dbf1ac15,,,,,paired within one fixed permutation and group size; no cross-permutation pooling
PAIRED_GROUP_BOOTSTRAP,R1,10,200,M11_MINUS_S_ADAPT,M11,S_ADAPT,THREE_SEED_MEAN,20,quality_per_image,true,0.09462018881239122,9.462018881239121,0.0760421823588995,0.11388634656894145,1,complete frozen 10-image allocation group,5000,790002356,3a2e2099f5d29b71acaca5873c2280d16f792ac7a78ff9d0d20277c6dbf1ac15,,,,,paired within one fixed permutation and group size; no cross-permutation pooling
PAIRED_GROUP_BOOTSTRAP,R1,10,200,M11_MINUS_S_ADAPT,M11,S_ADAPT,THREE_SEED_MEAN,30,quality_per_image,true,0.0650484544872614,6.50484544872614,0.05037979361861471,0.0794461342790326,1,complete frozen 10-image allocation group,5000,790002356,3a2e2099f5d29b71acaca5873c2280d16f792ac7a78ff9d0d20277c6dbf1ac15,,,,,paired within one fixed permutation and group size; no cross-permutation pooling
PAIRED_GROUP_BOOTSTRAP,R1,10,200,M11_MINUS_S_ADAPT,M11,S_ADAPT,THREE_SEED_MEAN,40,quality_per_image,true,0.03444371933942576,3.4443719339425765,0.024768765603884402,0.044956947362485296,1,complete frozen 10-image allocation group,5000,790002356,3a2e2099f5d29b71acaca5873c2280d16f792ac7a78ff9d0d20277c6dbf1ac15,,,,,paired within one fixed permutation and group size; no cross-permutation pooling
PAIRED_GROUP_BOOTSTRAP,R1,10,200,M11_MINUS_S_ADAPT,M11,S_ADAPT,THREE_SEED_MEAN,CORE_10_15_20,quality_per_image,true,0.10113712059424579,10.113712059424579,0.08846679854350864,0.11388803304923598,1,complete frozen 10-image allocation group,5000,790002356,3a2e2099f5d29b71acaca5873c2280d16f792ac7a78ff9d0d20277c6dbf1ac15,,,,,paired within one fixed permutation and group size; no cross-permutation pooling
PAIRED_GROUP_BOOTSTRAP,R1,10,200,M11_MINUS_S_ADAPT,M11,S_ADAPT,SEED_530101,10,coverage_per_image,true,0.06749999999999995,6.749999999999995,0.041487499999999906,0.09449999999999997,1,complete frozen 10-image allocation group,5000,790002356,3a2e2099f5d29b71acaca5873c2280d16f792ac7a78ff9d0d20277c6dbf1ac15,,,,,paired within one fixed permutation and group size; no cross-permutation pooling
PAIRED_GROUP_BOOTSTRAP,R1,10,200,M11_MINUS_S_ADAPT,M11,S_ADAPT,SEED_530101,15,coverage_per_image,true,0.10700000000000003,10.700000000000003,0.07550000000000008,0.13750000000000007,1,complete frozen 10-image allocation group,5000,790002356,3a2e2099f5d29b71acaca5873c2280d16f792ac7a78ff9d0d20277c6dbf1ac15,,,,,paired within one fixed permutation and group size; no cross-permutation pooling
PAIRED_GROUP_BOOTSTRAP,R1,10,200,M11_MINUS_S_ADAPT,M11,S_ADAPT,SEED_530101,20,coverage_per_image,true,0.11999999999999998,11.999999999999998,0.08750000000000012,0.15250000000000005,1,complete frozen 10-image allocation group,5000,790002356,3a2e2099f5d29b71acaca5873c2280d16f792ac7a78ff9d0d20277c6dbf1ac15,,,,,paired within one fixed permutation and group size; no cross-permutation pooling
PAIRED_GROUP_BOOTSTRAP,R1,10,200,M11_MINUS_S_ADAPT,M11,S_ADAPT,SEED_530101,30,coverage_per_image,true,0.09450000000000003,9.450000000000003,0.07000000000000003,0.11899999999999995,1,complete frozen 10-image allocation group,5000,790002356,3a2e2099f5d29b71acaca5873c2280d16f792ac7a78ff9d0d20277c6dbf1ac15,,,,,paired within one fixed permutation and group size; no cross-permutation pooling
PAIRED_GROUP_BOOTSTRAP,R1,10,200,M11_MINUS_S_ADAPT,M11,S_ADAPT,SEED_530101,40,coverage_per_image,true,0.0655,6.550000000000001,0.04900000000000003,0.08200000000000006,1,complete frozen 10-image allocation group,5000,790002356,3a2e2099f5d29b71acaca5873c2280d16f792ac7a78ff9d0d20277c6dbf1ac15,,,,,paired within one fixed permutation and group size; no cross-permutation pooling
PAIRED_GROUP_BOOTSTRAP,R1,10,200,M11_MINUS_S_ADAPT,M11,S_ADAPT,SEED_530101,CORE_10_15_20,coverage_per_image,true,0.09816666666666665,9.816666666666665,0.07999999999999999,0.11583749999999993,1,complete frozen 10-image allocation group,5000,790002356,3a2e2099f5d29b71acaca5873c2280d16f792ac7a78ff9d0d20277c6dbf1ac15,,,,,paired within one fixed permutation and group size; no cross-permutation pooling
PAIRED_GROUP_BOOTSTRAP,R1,10,200,M11_MINUS_S_ADAPT,M11,S_ADAPT,SEED_530101,10,quality_per_image,true,0.10873381876242977,10.873381876242977,0.08870173958592421,0.13028427983733543,1,complete frozen 10-image allocation group,5000,790002356,3a2e2099f5d29b71acaca5873c2280d16f792ac7a78ff9d0d20277c6dbf1ac15,,,,,paired within one fixed permutation and group size; no cross-permutation pooling
PAIRED_GROUP_BOOTSTRAP,R1,10,200,M11_MINUS_S_ADAPT,M11,S_ADAPT,SEED_530101,15,quality_per_image,true,0.09809225423014656,9.809225423014656,0.07615443834013713,0.11991884810061725,1,complete frozen 10-image allocation group,5000,790002356,3a2e2099f5d29b71acaca5873c2280d16f792ac7a78ff9d0d20277c6dbf1ac15,,,,,paired within one fixed permutation and group size; no cross-permutation pooling
PAIRED_GROUP_BOOTSTRAP,R1,10,200,M11_MINUS_S_ADAPT,M11,S_ADAPT,SEED_530101,20,quality_per_image,true,0.10007415687118547,10.007415687118547,0.080832908225989,0.12020468747101323,1,complete frozen 10-image allocation group,5000,790002356,3a2e2099f5d29b71acaca5873c2280d16f792ac7a78ff9d0d20277c6dbf1ac15,,,,,paired within one fixed permutation and group size; no cross-permutation pooling
PAIRED_GROUP_BOOTSTRAP,R1,10,200,M11_MINUS_S_ADAPT,M11,S_ADAPT,SEED_530101,30,quality_per_image,true,0.0595937212514325,5.9593721251432505,0.04424756551193957,0.07452216944545889,1,complete frozen 10-image allocation group,5000,790002356,3a2e2099f5d29b71acaca5873c2280d16f792ac7a78ff9d0d20277c6dbf1ac15,,,,,paired within one fixed permutation and group size; no cross-permutation pooling
PAIRED_GROUP_BOOTSTRAP,R1,10,200,M11_MINUS_S_ADAPT,M11,S_ADAPT,SEED_530101,40,quality_per_image,true,0.03462036277792812,3.4620362777928118,0.024631942078852907,0.04541248208241252,1,complete frozen 10-image allocation group,5000,790002356,3a2e2099f5d29b71acaca5873c2280d16f792ac7a78ff9d0d20277c6dbf1ac15,,,,,paired within one fixed permutation and group size; no cross-permutation pooling
PAIRED_GROUP_BOOTSTRAP,R1,10,200,M11_MINUS_S_ADAPT,M11,S_ADAPT,SEED_530101,CORE_10_15_20,quality_per_image,true,0.10230007662125391,10.230007662125391,0.08951026239001078,0.11542808576839264,1,complete frozen 10-image allocation group,5000,790002356,3a2e2099f5d29b71acaca5873c2280d16f792ac7a78ff9d0d20277c6dbf1ac15,,,,,paired within one fixed permutation and group size; no cross-permutation pooling
PAIRED_GROUP_BOOTSTRAP,R1,10,200,M11_MINUS_S_ADAPT,M11,S_ADAPT,SEED_530102,10,coverage_per_image,true,0.027499999999999986,2.7499999999999987,-0.0015000000000000213,0.057499999999999975,0.9676,complete frozen 10-image allocation group,5000,790002356,3a2e2099f5d29b71acaca5873c2280d16f792ac7a78ff9d0d20277c6dbf1ac15,,,,,paired within one fixed permutation and group size; no cross-permutation pooling
PAIRED_GROUP_BOOTSTRAP,R1,10,200,M11_MINUS_S_ADAPT,M11,S_ADAPT,SEED_530102,15,coverage_per_image,true,0.07100000000000002,7.100000000000002,0.03899999999999998,0.10399999999999997,0.9998,complete frozen 10-image allocation group,5000,790002356,3a2e2099f5d29b71acaca5873c2280d16f792ac7a78ff9d0d20277c6dbf1ac15,,,,,paired within one fixed permutation and group size; no cross-permutation pooling
PAIRED_GROUP_BOOTSTRAP,R1,10,200,M11_MINUS_S_ADAPT,M11,S_ADAPT,SEED_530102,20,coverage_per_image,true,0.07749999999999996,7.749999999999996,0.047499999999999945,0.10700000000000003,1,complete frozen 10-image allocation group,5000,790002356,3a2e2099f5d29b71acaca5873c2280d16f792ac7a78ff9d0d20277c6dbf1ac15,,,,,paired within one fixed permutation and group size; no cross-permutation pooling
PAIRED_GROUP_BOOTSTRAP,R1,10,200,M11_MINUS_S_ADAPT,M11,S_ADAPT,SEED_530102,30,coverage_per_image,true,0.10200000000000004,10.200000000000003,0.078,0.12501249999999992,1,complete frozen 10-image allocation group,5000,790002356,3a2e2099f5d29b71acaca5873c2280d16f792ac7a78ff9d0d20277c6dbf1ac15,,,,,paired within one fixed permutation and group size; no cross-permutation pooling
PAIRED_GROUP_BOOTSTRAP,R1,10,200,M11_MINUS_S_ADAPT,M11,S_ADAPT,SEED_530102,40,coverage_per_image,true,0.05749999999999998,5.749999999999998,0.040000000000000056,0.07499999999999998,1,complete frozen 10-image allocation group,5000,790002356,3a2e2099f5d29b71acaca5873c2280d16f792ac7a78ff9d0d20277c6dbf1ac15,,,,,paired within one fixed permutation and group size; no cross-permutation pooling
PAIRED_GROUP_BOOTSTRAP,R1,10,200,M11_MINUS_S_ADAPT,M11,S_ADAPT,SEED_530102,CORE_10_15_20,coverage_per_image,true,0.05866666666666665,5.866666666666665,0.040166666666666656,0.07733333333333332,1,complete frozen 10-image allocation group,5000,790002356,3a2e2099f5d29b71acaca5873c2280d16f792ac7a78ff9d0d20277c6dbf1ac15,,,,,paired within one fixed permutation and group size; no cross-permutation pooling
PAIRED_GROUP_BOOTSTRAP,R1,10,200,M11_MINUS_S_ADAPT,M11,S_ADAPT,SEED_530102,10,quality_per_image,true,0.113713611221659,11.3713611221659,0.09112627693184919,0.13742742311889766,1,complete frozen 10-image allocation group,5000,790002356,3a2e2099f5d29b71acaca5873c2280d16f792ac7a78ff9d0d20277c6dbf1ac15,,,,,paired within one fixed permutation and group size; no cross-permutation pooling
PAIRED_GROUP_BOOTSTRAP,R1,10,200,M11_MINUS_S_ADAPT,M11,S_ADAPT,SEED_530102,15,quality_per_image,true,0.08972774292847213,8.972774292847213,0.06787338861476867,0.11144792305327827,1,complete frozen 10-image allocation group,5000,790002356,3a2e2099f5d29b71acaca5873c2280d16f792ac7a78ff9d0d20277c6dbf1ac15,,,,,paired within one fixed permutation and group size; no cross-permutation pooling
PAIRED_GROUP_BOOTSTRAP,R1,10,200,M11_MINUS_S_ADAPT,M11,S_ADAPT,SEED_530102,20,quality_per_image,true,0.08795640505312542,8.795640505312543,0.0686271432615664,0.1075258444550751,1,complete frozen 10-image allocation group,5000,790002356,3a2e2099f5d29b71acaca5873c2280d16f792ac7a78ff9d0d20277c6dbf1ac15,,,,,paired within one fixed permutation and group size; no cross-permutation pooling
PAIRED_GROUP_BOOTSTRAP,R1,10,200,M11_MINUS_S_ADAPT,M11,S_ADAPT,SEED_530102,30,quality_per_image,true,0.06915946990162697,6.915946990162697,0.05282953178693779,0.08530532136487701,1,complete frozen 10-image allocation group,5000,790002356,3a2e2099f5d29b71acaca5873c2280d16f792ac7a78ff9d0d20277c6dbf1ac15,,,,,paired within one fixed permutation and group size; no cross-permutation pooling
PAIRED_GROUP_BOOTSTRAP,R1,10,200,M11_MINUS_S_ADAPT,M11,S_ADAPT,SEED_530102,40,quality_per_image,true,0.03169669675828264,3.1696696758282643,0.021305657402698987,0.042939870562202574,1,complete frozen 10-image allocation group,5000,790002356,3a2e2099f5d29b71acaca5873c2280d16f792ac7a78ff9d0d20277c6dbf1ac15,,,,,paired within one fixed permutation and group size; no cross-permutation pooling
PAIRED_GROUP_BOOTSTRAP,R1,10,200,M11_MINUS_S_ADAPT,M11,S_ADAPT,SEED_530102,CORE_10_15_20,quality_per_image,true,0.09713258640108555,9.713258640108554,0.0838030015508657,0.11065652004625795,1,complete frozen 10-image allocation group,5000,790002356,3a2e2099f5d29b71acaca5873c2280d16f792ac7a78ff9d0d20277c6dbf1ac15,,,,,paired within one fixed permutation and group size; no cross-permutation pooling
PAIRED_GROUP_BOOTSTRAP,R1,10,200,M11_MINUS_S_ADAPT,M11,S_ADAPT,SEED_530103,10,coverage_per_image,true,0.04149999999999999,4.149999999999999,0.012499999999999987,0.07150000000000002,0.9968,complete frozen 10-image allocation group,5000,790002356,3a2e2099f5d29b71acaca5873c2280d16f792ac7a78ff9d0d20277c6dbf1ac15,,,,,paired within one fixed permutation and group size; no cross-permutation pooling
PAIRED_GROUP_BOOTSTRAP,R1,10,200,M11_MINUS_S_ADAPT,M11,S_ADAPT,SEED_530103,15,coverage_per_image,true,0.09900000000000003,9.900000000000004,0.06950000000000006,0.1295,1,complete frozen 10-image allocation group,5000,790002356,3a2e2099f5d29b71acaca5873c2280d16f792ac7a78ff9d0d20277c6dbf1ac15,,,,,paired within one fixed permutation and group size; no cross-permutation pooling
PAIRED_GROUP_BOOTSTRAP,R1,10,200,M11_MINUS_S_ADAPT,M11,S_ADAPT,SEED_530103,20,coverage_per_image,true,0.09399999999999994,9.399999999999995,0.06349999999999995,0.12399999999999997,1,complete frozen 10-image allocation group,5000,790002356,3a2e2099f5d29b71acaca5873c2280d16f792ac7a78ff9d0d20277c6dbf1ac15,,,,,paired within one fixed permutation and group size; no cross-permutation pooling
PAIRED_GROUP_BOOTSTRAP,R1,10,200,M11_MINUS_S_ADAPT,M11,S_ADAPT,SEED_530103,30,coverage_per_image,true,0.11050000000000008,11.050000000000008,0.08550000000000005,0.13550000000000004,1,complete frozen 10-image allocation group,5000,790002356,3a2e2099f5d29b71acaca5873c2280d16f792ac7a78ff9d0d20277c6dbf1ac15,,,,,paired within one fixed permutation and group size; no cross-permutation pooling
PAIRED_GROUP_BOOTSTRAP,R1,10,200,M11_MINUS_S_ADAPT,M11,S_ADAPT,SEED_530103,40,coverage_per_image,true,0.06899999999999999,6.8999999999999995,0.05200000000000001,0.08599999999999998,1,complete frozen 10-image allocation group,5000,790002356,3a2e2099f5d29b71acaca5873c2280d16f792ac7a78ff9d0d20277c6dbf1ac15,,,,,paired within one fixed permutation and group size; no cross-permutation pooling
PAIRED_GROUP_BOOTSTRAP,R1,10,200,M11_MINUS_S_ADAPT,M11,S_ADAPT,SEED_530103,CORE_10_15_20,coverage_per_image,true,0.07816666666666666,7.816666666666666,0.06016666666666667,0.09616666666666665,1,complete frozen 10-image allocation group,5000,790002356,3a2e2099f5d29b71acaca5873c2280d16f792ac7a78ff9d0d20277c6dbf1ac15,,,,,paired within one fixed permutation and group size; no cross-permutation pooling
PAIRED_GROUP_BOOTSTRAP,R1,10,200,M11_MINUS_S_ADAPT,M11,S_ADAPT,SEED_530103,10,quality_per_image,true,0.11628071125436207,11.628071125436207,0.09310289482667834,0.14044819285544458,1,complete frozen 10-image allocation group,5000,790002356,3a2e2099f5d29b71acaca5873c2280d16f792ac7a78ff9d0d20277c6dbf1ac15,,,,,paired within one fixed permutation and group size; no cross-permutation pooling
PAIRED_GROUP_BOOTSTRAP,R1,10,200,M11_MINUS_S_ADAPT,M11,S_ADAPT,SEED_530103,15,quality_per_image,true,0.09982538051396879,9.98253805139688,0.07910222351868496,0.12030063561768163,1,complete frozen 10-image allocation group,5000,790002356,3a2e2099f5d29b71acaca5873c2280d16f792ac7a78ff9d0d20277c6dbf1ac15,,,,,paired within one fixed permutation and group size; no cross-permutation pooling
PAIRED_GROUP_BOOTSTRAP,R1,10,200,M11_MINUS_S_ADAPT,M11,S_ADAPT,SEED_530103,20,quality_per_image,true,0.09583000451286267,9.583000451286267,0.07574871970256286,0.11673811732079341,1,complete frozen 10-image allocation group,5000,790002356,3a2e2099f5d29b71acaca5873c2280d16f792ac7a78ff9d0d20277c6dbf1ac15,,,,,paired within one fixed permutation and group size; no cross-permutation pooling
PAIRED_GROUP_BOOTSTRAP,R1,10,200,M11_MINUS_S_ADAPT,M11,S_ADAPT,SEED_530103,30,quality_per_image,true,0.06639217230872464,6.639217230872465,0.05144934734984984,0.08089419663511488,1,complete frozen 10-image allocation group,5000,790002356,3a2e2099f5d29b71acaca5873c2280d16f792ac7a78ff9d0d20277c6dbf1ac15,,,,,paired within one fixed permutation and group size; no cross-permutation pooling
PAIRED_GROUP_BOOTSTRAP,R1,10,200,M11_MINUS_S_ADAPT,M11,S_ADAPT,SEED_530103,40,quality_per_image,true,0.03701409848206647,3.701409848206647,0.026870710475394362,0.04792213467955231,1,complete frozen 10-image allocation group,5000,790002356,3a2e2099f5d29b71acaca5873c2280d16f792ac7a78ff9d0d20277c6dbf1ac15,,,,,paired within one fixed permutation and group size; no cross-permutation pooling
PAIRED_GROUP_BOOTSTRAP,R1,10,200,M11_MINUS_S_ADAPT,M11,S_ADAPT,SEED_530103,CORE_10_15_20,quality_per_image,true,0.10397869876039785,10.397869876039785,0.09020051204246929,0.11752386727065577,1,complete frozen 10-image allocation group,5000,790002356,3a2e2099f5d29b71acaca5873c2280d16f792ac7a78ff9d0d20277c6dbf1ac15,,,,,paired within one fixed permutation and group size; no cross-permutation pooling
PAIRED_GROUP_BOOTSTRAP,R1,10,200,S_ADAPT_MINUS_S_FIXED,S_ADAPT,S_FIXED,DETERMINISTIC,10,coverage_per_image,true,0.605,60.5,0.5589875,0.653,1,complete frozen 10-image allocation group,5000,790002356,3a2e2099f5d29b71acaca5873c2280d16f792ac7a78ff9d0d20277c6dbf1ac15,,,,,paired within one fixed permutation and group size; no cross-permutation pooling
PAIRED_GROUP_BOOTSTRAP,R1,10,200,S_ADAPT_MINUS_S_FIXED,S_ADAPT,S_FIXED,DETERMINISTIC,15,coverage_per_image,true,0.5465000000000001,54.65000000000001,0.4960000000000001,0.5965,1,complete frozen 10-image allocation group,5000,790002356,3a2e2099f5d29b71acaca5873c2280d16f792ac7a78ff9d0d20277c6dbf1ac15,,,,,paired within one fixed permutation and group size; no cross-permutation pooling
PAIRED_GROUP_BOOTSTRAP,R1,10,200,S_ADAPT_MINUS_S_FIXED,S_ADAPT,S_FIXED,DETERMINISTIC,20,coverage_per_image,true,0.4160000000000001,41.60000000000001,0.3655,0.46650000000000014,1,complete frozen 10-image allocation group,5000,790002356,3a2e2099f5d29b71acaca5873c2280d16f792ac7a78ff9d0d20277c6dbf1ac15,,,,,paired within one fixed permutation and group size; no cross-permutation pooling
PAIRED_GROUP_BOOTSTRAP,R1,10,200,S_ADAPT_MINUS_S_FIXED,S_ADAPT,S_FIXED,DETERMINISTIC,30,coverage_per_image,true,0.2994999999999999,29.94999999999999,0.25749999999999995,0.3430124999999998,1,complete frozen 10-image allocation group,5000,790002356,3a2e2099f5d29b71acaca5873c2280d16f792ac7a78ff9d0d20277c6dbf1ac15,,,,,paired within one fixed permutation and group size; no cross-permutation pooling
PAIRED_GROUP_BOOTSTRAP,R1,10,200,S_ADAPT_MINUS_S_FIXED,S_ADAPT,S_FIXED,DETERMINISTIC,40,coverage_per_image,true,0.1865,18.65,0.158,0.21549999999999997,1,complete frozen 10-image allocation group,5000,790002356,3a2e2099f5d29b71acaca5873c2280d16f792ac7a78ff9d0d20277c6dbf1ac15,,,,,paired within one fixed permutation and group size; no cross-permutation pooling
PAIRED_GROUP_BOOTSTRAP,R1,10,200,S_ADAPT_MINUS_S_FIXED,S_ADAPT,S_FIXED,DETERMINISTIC,CORE_10_15_20,coverage_per_image,true,0.5225,52.25,0.4818333333333334,0.5640000000000001,1,complete frozen 10-image allocation group,5000,790002356,3a2e2099f5d29b71acaca5873c2280d16f792ac7a78ff9d0d20277c6dbf1ac15,,,,,paired within one fixed permutation and group size; no cross-permutation pooling
PAIRED_GROUP_BOOTSTRAP,R1,10,200,S_ADAPT_MINUS_S_FIXED,S_ADAPT,S_FIXED,DETERMINISTIC,10,quality_per_image,true,0.3696675578081763,36.96675578081763,0.333057316369575,0.4079129138795036,1,complete frozen 10-image allocation group,5000,790002356,3a2e2099f5d29b71acaca5873c2280d16f792ac7a78ff9d0d20277c6dbf1ac15,,,,,paired within one fixed permutation and group size; no cross-permutation pooling
PAIRED_GROUP_BOOTSTRAP,R1,10,200,S_ADAPT_MINUS_S_FIXED,S_ADAPT,S_FIXED,DETERMINISTIC,15,quality_per_image,true,0.3343454063287708,33.43454063287708,0.2960351718443063,0.3736225610601333,1,complete frozen 10-image allocation group,5000,790002356,3a2e2099f5d29b71acaca5873c2280d16f792ac7a78ff9d0d20277c6dbf1ac15,,,,,paired within one fixed permutation and group size; no cross-permutation pooling
PAIRED_GROUP_BOOTSTRAP,R1,10,200,S_ADAPT_MINUS_S_FIXED,S_ADAPT,S_FIXED,DETERMINISTIC,20,quality_per_image,true,0.2589350469673697,25.89350469673697,0.2256582720779325,0.2930811029738388,1,complete frozen 10-image allocation group,5000,790002356,3a2e2099f5d29b71acaca5873c2280d16f792ac7a78ff9d0d20277c6dbf1ac15,,,,,paired within one fixed permutation and group size; no cross-permutation pooling
PAIRED_GROUP_BOOTSTRAP,R1,10,200,S_ADAPT_MINUS_S_FIXED,S_ADAPT,S_FIXED,DETERMINISTIC,30,quality_per_image,true,0.1729513282735054,17.29513282735054,0.1479639227532151,0.19990759798097388,1,complete frozen 10-image allocation group,5000,790002356,3a2e2099f5d29b71acaca5873c2280d16f792ac7a78ff9d0d20277c6dbf1ac15,,,,,paired within one fixed permutation and group size; no cross-permutation pooling
PAIRED_GROUP_BOOTSTRAP,R1,10,200,S_ADAPT_MINUS_S_FIXED,S_ADAPT,S_FIXED,DETERMINISTIC,40,quality_per_image,true,0.10194030544826478,10.194030544826479,0.08475006577154455,0.11901172503835601,1,complete frozen 10-image allocation group,5000,790002356,3a2e2099f5d29b71acaca5873c2280d16f792ac7a78ff9d0d20277c6dbf1ac15,,,,,paired within one fixed permutation and group size; no cross-permutation pooling
PAIRED_GROUP_BOOTSTRAP,R1,10,200,S_ADAPT_MINUS_S_FIXED,S_ADAPT,S_FIXED,DETERMINISTIC,CORE_10_15_20,quality_per_image,true,0.3209826703681056,32.09826703681056,0.2907501639050033,0.35300451601551625,1,complete frozen 10-image allocation group,5000,790002356,3a2e2099f5d29b71acaca5873c2280d16f792ac7a78ff9d0d20277c6dbf1ac15,,,,,paired within one fixed permutation and group size; no cross-permutation pooling
PAIRED_GROUP_BOOTSTRAP,R1,20,100,M11_MINUS_S_ADAPT,M11,S_ADAPT,THREE_SEED_MEAN,10,coverage_per_image,true,0.039833333333333394,3.9833333333333396,0.011329166666666664,0.06850000000000006,0.9974,complete frozen 20-image allocation group,5000,1605408776,a71996a3309950c8fe9b63f8745191baf9483546b513559df8f146764b078dfb,,,,,paired within one fixed permutation and group size; no cross-permutation pooling
PAIRED_GROUP_BOOTSTRAP,R1,20,100,M11_MINUS_S_ADAPT,M11,S_ADAPT,THREE_SEED_MEAN,15,coverage_per_image,true,0.0963333333333334,9.63333333333334,0.06516250000000004,0.1273333333333333,1,complete frozen 20-image allocation group,5000,1605408776,a71996a3309950c8fe9b63f8745191baf9483546b513559df8f146764b078dfb,,,,,paired within one fixed permutation and group size; no cross-permutation pooling
PAIRED_GROUP_BOOTSTRAP,R1,20,100,M11_MINUS_S_ADAPT,M11,S_ADAPT,THREE_SEED_MEAN,20,coverage_per_image,true,0.10416666666666641,10.416666666666641,0.07649999999999983,0.13183749999999977,1,complete frozen 20-image allocation group,5000,1605408776,a71996a3309950c8fe9b63f8745191baf9483546b513559df8f146764b078dfb,,,,,paired within one fixed permutation and group size; no cross-permutation pooling
PAIRED_GROUP_BOOTSTRAP,R1,20,100,M11_MINUS_S_ADAPT,M11,S_ADAPT,THREE_SEED_MEAN,30,coverage_per_image,true,0.0943333333333333,9.43333333333333,0.07249583333333325,0.11733749999999996,1,complete frozen 20-image allocation group,5000,1605408776,a71996a3309950c8fe9b63f8745191baf9483546b513559df8f146764b078dfb,,,,,paired within one fixed permutation and group size; no cross-permutation pooling
PAIRED_GROUP_BOOTSTRAP,R1,20,100,M11_MINUS_S_ADAPT,M11,S_ADAPT,THREE_SEED_MEAN,40,coverage_per_image,true,0.06233333333333317,6.233333333333317,0.04766249999999974,0.07749999999999976,1,complete frozen 20-image allocation group,5000,1605408776,a71996a3309950c8fe9b63f8745191baf9483546b513559df8f146764b078dfb,,,,,paired within one fixed permutation and group size; no cross-permutation pooling
PAIRED_GROUP_BOOTSTRAP,R1,20,100,M11_MINUS_S_ADAPT,M11,S_ADAPT,THREE_SEED_MEAN,CORE_10_15_20,coverage_per_image,true,0.08011111111111108,8.011111111111108,0.0629986111111111,0.09688888888888865,1,complete frozen 20-image allocation group,5000,1605408776,a71996a3309950c8fe9b63f8745191baf9483546b513559df8f146764b078dfb,,,,,paired within one fixed permutation and group size; no cross-permutation pooling
PAIRED_GROUP_BOOTSTRAP,R1,20,100,M11_MINUS_S_ADAPT,M11,S_ADAPT,THREE_SEED_MEAN,10,quality_per_image,true,0.11283963009434116,11.283963009434116,0.09017537355770461,0.13478024414260995,1,complete frozen 20-image allocation group,5000,1605408776,a71996a3309950c8fe9b63f8745191baf9483546b513559df8f146764b078dfb,,,,,paired within one fixed permutation and group size; no cross-permutation pooling
PAIRED_GROUP_BOOTSTRAP,R1,20,100,M11_MINUS_S_ADAPT,M11,S_ADAPT,THREE_SEED_MEAN,15,quality_per_image,true,0.10563969188406083,10.563969188406084,0.08449483990650934,0.12721048343200947,1,complete frozen 20-image allocation group,5000,1605408776,a71996a3309950c8fe9b63f8745191baf9483546b513559df8f146764b078dfb,,,,,paired within one fixed permutation and group size; no cross-permutation pooling
PAIRED_GROUP_BOOTSTRAP,R1,20,100,M11_MINUS_S_ADAPT,M11,S_ADAPT,THREE_SEED_MEAN,20,quality_per_image,true,0.10310138760042242,10.310138760042243,0.08598281067181103,0.12084741314341632,1,complete frozen 20-image allocation group,5000,1605408776,a71996a3309950c8fe9b63f8745191baf9483546b513559df8f146764b078dfb,,,,,paired within one fixed permutation and group size; no cross-permutation pooling
PAIRED_GROUP_BOOTSTRAP,R1,20,100,M11_MINUS_S_ADAPT,M11,S_ADAPT,THREE_SEED_MEAN,30,quality_per_image,true,0.05857994102432817,5.857994102432817,0.04450068540765653,0.07295142975862891,1,complete frozen 20-image allocation group,5000,1605408776,a71996a3309950c8fe9b63f8745191baf9483546b513559df8f146764b078dfb,,,,,paired within one fixed permutation and group size; no cross-permutation pooling
PAIRED_GROUP_BOOTSTRAP,R1,20,100,M11_MINUS_S_ADAPT,M11,S_ADAPT,THREE_SEED_MEAN,40,quality_per_image,true,0.033783792309455773,3.378379230945577,0.024191219153307537,0.043637991753587596,1,complete frozen 20-image allocation group,5000,1605408776,a71996a3309950c8fe9b63f8745191baf9483546b513559df8f146764b078dfb,,,,,paired within one fixed permutation and group size; no cross-permutation pooling
PAIRED_GROUP_BOOTSTRAP,R1,20,100,M11_MINUS_S_ADAPT,M11,S_ADAPT,THREE_SEED_MEAN,CORE_10_15_20,quality_per_image,true,0.10719356985960816,10.719356985960816,0.09455401494676376,0.11988416266329756,1,complete frozen 20-image allocation group,5000,1605408776,a71996a3309950c8fe9b63f8745191baf9483546b513559df8f146764b078dfb,,,,,paired within one fixed permutation and group size; no cross-permutation pooling
PAIRED_GROUP_BOOTSTRAP,R1,20,100,M11_MINUS_S_ADAPT,M11,S_ADAPT,SEED_530101,10,coverage_per_image,true,0.06250000000000001,6.250000000000002,0.032,0.09350000000000001,0.9998,complete frozen 20-image allocation group,5000,1605408776,a71996a3309950c8fe9b63f8745191baf9483546b513559df8f146764b078dfb,,,,,paired within one fixed permutation and group size; no cross-permutation pooling
PAIRED_GROUP_BOOTSTRAP,R1,20,100,M11_MINUS_S_ADAPT,M11,S_ADAPT,SEED_530101,15,coverage_per_image,true,0.10250000000000002,10.250000000000002,0.0690000000000001,0.13599999999999995,1,complete frozen 20-image allocation group,5000,1605408776,a71996a3309950c8fe9b63f8745191baf9483546b513559df8f146764b078dfb,,,,,paired within one fixed permutation and group size; no cross-permutation pooling
PAIRED_GROUP_BOOTSTRAP,R1,20,100,M11_MINUS_S_ADAPT,M11,S_ADAPT,SEED_530101,20,coverage_per_image,true,0.11849999999999986,11.849999999999985,0.0894999999999999,0.1474999999999998,1,complete frozen 20-image allocation group,5000,1605408776,a71996a3309950c8fe9b63f8745191baf9483546b513559df8f146764b078dfb,,,,,paired within one fixed permutation and group size; no cross-permutation pooling
PAIRED_GROUP_BOOTSTRAP,R1,20,100,M11_MINUS_S_ADAPT,M11,S_ADAPT,SEED_530101,30,coverage_per_image,true,0.0955000000000001,9.55000000000001,0.0719875,0.12049999999999997,1,complete frozen 20-image allocation group,5000,1605408776,a71996a3309950c8fe9b63f8745191baf9483546b513559df8f146764b078dfb,,,,,paired within one fixed permutation and group size; no cross-permutation pooling
PAIRED_GROUP_BOOTSTRAP,R1,20,100,M11_MINUS_S_ADAPT,M11,S_ADAPT,SEED_530101,40,coverage_per_image,true,0.060999999999999915,6.099999999999992,0.045999999999999784,0.07649999999999996,1,complete frozen 20-image allocation group,5000,1605408776,a71996a3309950c8fe9b63f8745191baf9483546b513559df8f146764b078dfb,,,,,paired within one fixed permutation and group size; no cross-permutation pooling
PAIRED_GROUP_BOOTSTRAP,R1,20,100,M11_MINUS_S_ADAPT,M11,S_ADAPT,SEED_530101,CORE_10_15_20,coverage_per_image,true,0.09449999999999996,9.449999999999996,0.07716666666666669,0.11166666666666662,1,complete frozen 20-image allocation group,5000,1605408776,a71996a3309950c8fe9b63f8745191baf9483546b513559df8f146764b078dfb,,,,,paired within one fixed permutation and group size; no cross-permutation pooling
PAIRED_GROUP_BOOTSTRAP,R1,20,100,M11_MINUS_S_ADAPT,M11,S_ADAPT,SEED_530101,10,quality_per_image,true,0.11521744392626196,11.521744392626196,0.09296045500265536,0.1373303808763232,1,complete frozen 20-image allocation group,5000,1605408776,a71996a3309950c8fe9b63f8745191baf9483546b513559df8f146764b078dfb,,,,,paired within one fixed permutation and group size; no cross-permutation pooling
PAIRED_GROUP_BOOTSTRAP,R1,20,100,M11_MINUS_S_ADAPT,M11,S_ADAPT,SEED_530101,15,quality_per_image,true,0.10192141585939002,10.192141585939002,0.07967590675979544,0.12354052399272357,1,complete frozen 20-image allocation group,5000,1605408776,a71996a3309950c8fe9b63f8745191baf9483546b513559df8f146764b078dfb,,,,,paired within one fixed permutation and group size; no cross-permutation pooling
PAIRED_GROUP_BOOTSTRAP,R1,20,100,M11_MINUS_S_ADAPT,M11,S_ADAPT,SEED_530101,20,quality_per_image,true,0.10691289651816223,10.691289651816223,0.08933508492196042,0.12523404558624854,1,complete frozen 20-image allocation group,5000,1605408776,a71996a3309950c8fe9b63f8745191baf9483546b513559df8f146764b078dfb,,,,,paired within one fixed permutation and group size; no cross-permutation pooling
PAIRED_GROUP_BOOTSTRAP,R1,20,100,M11_MINUS_S_ADAPT,M11,S_ADAPT,SEED_530101,30,quality_per_image,true,0.05756256619654441,5.756256619654441,0.043933746740389745,0.07137153238545478,1,complete frozen 20-image allocation group,5000,1605408776,a71996a3309950c8fe9b63f8745191baf9483546b513559df8f146764b078dfb,,,,,paired within one fixed permutation and group size; no cross-permutation pooling
PAIRED_GROUP_BOOTSTRAP,R1,20,100,M11_MINUS_S_ADAPT,M11,S_ADAPT,SEED_530101,40,quality_per_image,true,0.0309856471324888,3.09856471324888,0.020943015271091867,0.04142741315388586,1,complete frozen 20-image allocation group,5000,1605408776,a71996a3309950c8fe9b63f8745191baf9483546b513559df8f146764b078dfb,,,,,paired within one fixed permutation and group size; no cross-permutation pooling
PAIRED_GROUP_BOOTSTRAP,R1,20,100,M11_MINUS_S_ADAPT,M11,S_ADAPT,SEED_530101,CORE_10_15_20,quality_per_image,true,0.10801725210127143,10.801725210127143,0.09576666061058366,0.12087628070969779,1,complete frozen 20-image allocation group,5000,1605408776,a71996a3309950c8fe9b63f8745191baf9483546b513559df8f146764b078dfb,,,,,paired within one fixed permutation and group size; no cross-permutation pooling
PAIRED_GROUP_BOOTSTRAP,R1,20,100,M11_MINUS_S_ADAPT,M11,S_ADAPT,SEED_530102,10,coverage_per_image,true,0.02150000000000004,2.150000000000004,-0.007999999999999893,0.05150000000000004,0.924,complete frozen 20-image allocation group,5000,1605408776,a71996a3309950c8fe9b63f8745191baf9483546b513559df8f146764b078dfb,,,,,paired within one fixed permutation and group size; no cross-permutation pooling
PAIRED_GROUP_BOOTSTRAP,R1,20,100,M11_MINUS_S_ADAPT,M11,S_ADAPT,SEED_530102,15,coverage_per_image,true,0.07950000000000004,7.950000000000005,0.046000000000000006,0.11350000000000003,1,complete frozen 20-image allocation group,5000,1605408776,a71996a3309950c8fe9b63f8745191baf9483546b513559df8f146764b078dfb,,,,,paired within one fixed permutation and group size; no cross-permutation pooling
PAIRED_GROUP_BOOTSTRAP,R1,20,100,M11_MINUS_S_ADAPT,M11,S_ADAPT,SEED_530102,20,coverage_per_image,true,0.09199999999999989,9.199999999999989,0.060499999999999936,0.12349999999999987,1,complete frozen 20-image allocation group,5000,1605408776,a71996a3309950c8fe9b63f8745191baf9483546b513559df8f146764b078dfb,,,,,paired within one fixed permutation and group size; no cross-permutation pooling
PAIRED_GROUP_BOOTSTRAP,R1,20,100,M11_MINUS_S_ADAPT,M11,S_ADAPT,SEED_530102,30,coverage_per_image,true,0.09549999999999999,9.549999999999999,0.07000000000000002,0.12099999999999991,1,complete frozen 20-image allocation group,5000,1605408776,a71996a3309950c8fe9b63f8745191baf9483546b513559df8f146764b078dfb,,,,,paired within one fixed permutation and group size; no cross-permutation pooling
PAIRED_GROUP_BOOTSTRAP,R1,20,100,M11_MINUS_S_ADAPT,M11,S_ADAPT,SEED_530102,40,coverage_per_image,true,0.058999999999999914,5.8999999999999915,0.04248749999999981,0.07649999999999998,1,complete frozen 20-image allocation group,5000,1605408776,a71996a3309950c8fe9b63f8745191baf9483546b513559df8f146764b078dfb,,,,,paired within one fixed permutation and group size; no cross-permutation pooling
PAIRED_GROUP_BOOTSTRAP,R1,20,100,M11_MINUS_S_ADAPT,M11,S_ADAPT,SEED_530102,CORE_10_15_20,coverage_per_image,true,0.06433333333333333,6.433333333333333,0.045500000000000054,0.08283333333333331,1,complete frozen 20-image allocation group,5000,1605408776,a71996a3309950c8fe9b63f8745191baf9483546b513559df8f146764b078dfb,,,,,paired within one fixed permutation and group size; no cross-permutation pooling
PAIRED_GROUP_BOOTSTRAP,R1,20,100,M11_MINUS_S_ADAPT,M11,S_ADAPT,SEED_530102,10,quality_per_image,true,0.11420893734557896,11.420893734557897,0.09110317224489133,0.1370324240884346,1,complete frozen 20-image allocation group,5000,1605408776,a71996a3309950c8fe9b63f8745191baf9483546b513559df8f146764b078dfb,,,,,paired within one fixed permutation and group size; no cross-permutation pooling
PAIRED_GROUP_BOOTSTRAP,R1,20,100,M11_MINUS_S_ADAPT,M11,S_ADAPT,SEED_530102,15,quality_per_image,true,0.10469404799366375,10.469404799366375,0.08195108872176678,0.12790250853766214,1,complete frozen 20-image allocation group,5000,1605408776,a71996a3309950c8fe9b63f8745191baf9483546b513559df8f146764b078dfb,,,,,paired within one fixed permutation and group size; no cross-permutation pooling
PAIRED_GROUP_BOOTSTRAP,R1,20,100,M11_MINUS_S_ADAPT,M11,S_ADAPT,SEED_530102,20,quality_per_image,true,0.10037118104538317,10.037118104538317,0.08197536637117345,0.11847917289119579,1,complete frozen 20-image allocation group,5000,1605408776,a71996a3309950c8fe9b63f8745191baf9483546b513559df8f146764b078dfb,,,,,paired within one fixed permutation and group size; no cross-permutation pooling
PAIRED_GROUP_BOOTSTRAP,R1,20,100,M11_MINUS_S_ADAPT,M11,S_ADAPT,SEED_530102,30,quality_per_image,true,0.059722584985695784,5.972258498569579,0.04331267419084206,0.07638516303224008,1,complete frozen 20-image allocation group,5000,1605408776,a71996a3309950c8fe9b63f8745191baf9483546b513559df8f146764b078dfb,,,,,paired within one fixed permutation and group size; no cross-permutation pooling
PAIRED_GROUP_BOOTSTRAP,R1,20,100,M11_MINUS_S_ADAPT,M11,S_ADAPT,SEED_530102,40,quality_per_image,true,0.0337702440075456,3.3770244007545602,0.02290605583421157,0.045178673506295376,1,complete frozen 20-image allocation group,5000,1605408776,a71996a3309950c8fe9b63f8745191baf9483546b513559df8f146764b078dfb,,,,,paired within one fixed permutation and group size; no cross-permutation pooling
PAIRED_GROUP_BOOTSTRAP,R1,20,100,M11_MINUS_S_ADAPT,M11,S_ADAPT,SEED_530102,CORE_10_15_20,quality_per_image,true,0.10642472212820865,10.642472212820865,0.09319372414650715,0.1191515532221763,1,complete frozen 20-image allocation group,5000,1605408776,a71996a3309950c8fe9b63f8745191baf9483546b513559df8f146764b078dfb,,,,,paired within one fixed permutation and group size; no cross-permutation pooling
PAIRED_GROUP_BOOTSTRAP,R1,20,100,M11_MINUS_S_ADAPT,M11,S_ADAPT,SEED_530103,10,coverage_per_image,true,0.0355,3.55,0.005499999999999972,0.06449999999999999,0.9886,complete frozen 20-image allocation group,5000,1605408776,a71996a3309950c8fe9b63f8745191baf9483546b513559df8f146764b078dfb,,,,,paired within one fixed permutation and group size; no cross-permutation pooling
PAIRED_GROUP_BOOTSTRAP,R1,20,100,M11_MINUS_S_ADAPT,M11,S_ADAPT,SEED_530103,15,coverage_per_image,true,0.10700000000000003,10.700000000000003,0.0735,0.14000000000000004,1,complete frozen 20-image allocation group,5000,1605408776,a71996a3309950c8fe9b63f8745191baf9483546b513559df8f146764b078dfb,,,,,paired within one fixed permutation and group size; no cross-permutation pooling
PAIRED_GROUP_BOOTSTRAP,R1,20,100,M11_MINUS_S_ADAPT,M11,S_ADAPT,SEED_530103,20,coverage_per_image,true,0.10199999999999981,10.199999999999982,0.07149999999999979,0.1324999999999999,1,complete frozen 20-image allocation group,5000,1605408776,a71996a3309950c8fe9b63f8745191baf9483546b513559df8f146764b078dfb,,,,,paired within one fixed permutation and group size; no cross-permutation pooling
PAIRED_GROUP_BOOTSTRAP,R1,20,100,M11_MINUS_S_ADAPT,M11,S_ADAPT,SEED_530103,30,coverage_per_image,true,0.09200000000000004,9.200000000000005,0.06749999999999998,0.11750000000000003,1,complete frozen 20-image allocation group,5000,1605408776,a71996a3309950c8fe9b63f8745191baf9483546b513559df8f146764b078dfb,,,,,paired within one fixed permutation and group size; no cross-permutation pooling
PAIRED_GROUP_BOOTSTRAP,R1,20,100,M11_MINUS_S_ADAPT,M11,S_ADAPT,SEED_530103,40,coverage_per_image,true,0.06699999999999998,6.6999999999999975,0.050999999999999907,0.08251249999999992,1,complete frozen 20-image allocation group,5000,1605408776,a71996a3309950c8fe9b63f8745191baf9483546b513559df8f146764b078dfb,,,,,paired within one fixed permutation and group size; no cross-permutation pooling
PAIRED_GROUP_BOOTSTRAP,R1,20,100,M11_MINUS_S_ADAPT,M11,S_ADAPT,SEED_530103,CORE_10_15_20,coverage_per_image,true,0.08149999999999995,8.149999999999995,0.06216249999999992,0.10016666666666664,1,complete frozen 20-image allocation group,5000,1605408776,a71996a3309950c8fe9b63f8745191baf9483546b513559df8f146764b078dfb,,,,,paired within one fixed permutation and group size; no cross-permutation pooling
PAIRED_GROUP_BOOTSTRAP,R1,20,100,M11_MINUS_S_ADAPT,M11,S_ADAPT,SEED_530103,10,quality_per_image,true,0.10909250901118252,10.909250901118252,0.08499919552943778,0.1334481716140431,1,complete frozen 20-image allocation group,5000,1605408776,a71996a3309950c8fe9b63f8745191baf9483546b513559df8f146764b078dfb,,,,,paired within one fixed permutation and group size; no cross-permutation pooling
PAIRED_GROUP_BOOTSTRAP,R1,20,100,M11_MINUS_S_ADAPT,M11,S_ADAPT,SEED_530103,15,quality_per_image,true,0.11030361179912904,11.030361179912903,0.0869485037189476,0.13360172075504903,1,complete frozen 20-image allocation group,5000,1605408776,a71996a3309950c8fe9b63f8745191baf9483546b513559df8f146764b078dfb,,,,,paired within one fixed permutation and group size; no cross-permutation pooling
PAIRED_GROUP_BOOTSTRAP,R1,20,100,M11_MINUS_S_ADAPT,M11,S_ADAPT,SEED_530103,20,quality_per_image,true,0.10202008523772178,10.202008523772179,0.08231988392896221,0.12197272642398294,1,complete frozen 20-image allocation group,5000,1605408776,a71996a3309950c8fe9b63f8745191baf9483546b513559df8f146764b078dfb,,,,,paired within one fixed permutation and group size; no cross-permutation pooling
PAIRED_GROUP_BOOTSTRAP,R1,20,100,M11_MINUS_S_ADAPT,M11,S_ADAPT,SEED_530103,30,quality_per_image,true,0.058454671890744214,5.845467189074421,0.04354084682866808,0.07365818417989418,1,complete frozen 20-image allocation group,5000,1605408776,a71996a3309950c8fe9b63f8745191baf9483546b513559df8f146764b078dfb,,,,,paired within one fixed permutation and group size; no cross-permutation pooling
PAIRED_GROUP_BOOTSTRAP,R1,20,100,M11_MINUS_S_ADAPT,M11,S_ADAPT,SEED_530103,40,quality_per_image,true,0.03659548578833309,3.659548578833309,0.0267505118321686,0.04661607164094458,1,complete frozen 20-image allocation group,5000,1605408776,a71996a3309950c8fe9b63f8745191baf9483546b513559df8f146764b078dfb,,,,,paired within one fixed permutation and group size; no cross-permutation pooling
PAIRED_GROUP_BOOTSTRAP,R1,20,100,M11_MINUS_S_ADAPT,M11,S_ADAPT,SEED_530103,CORE_10_15_20,quality_per_image,true,0.10713873534934444,10.713873534934445,0.09312204460698216,0.12152061043532318,1,complete frozen 20-image allocation group,5000,1605408776,a71996a3309950c8fe9b63f8745191baf9483546b513559df8f146764b078dfb,,,,,paired within one fixed permutation and group size; no cross-permutation pooling
PAIRED_GROUP_BOOTSTRAP,R1,20,100,S_ADAPT_MINUS_S_FIXED,S_ADAPT,S_FIXED,DETERMINISTIC,10,coverage_per_image,true,0.654,65.4,0.6089999999999999,0.7014999999999999,1,complete frozen 20-image allocation group,5000,1605408776,a71996a3309950c8fe9b63f8745191baf9483546b513559df8f146764b078dfb,,,,,paired within one fixed permutation and group size; no cross-permutation pooling
PAIRED_GROUP_BOOTSTRAP,R1,20,100,S_ADAPT_MINUS_S_FIXED,S_ADAPT,S_FIXED,DETERMINISTIC,15,coverage_per_image,true,0.5660000000000001,56.60000000000001,0.5175000000000001,0.616,1,complete frozen 20-image allocation group,5000,1605408776,a71996a3309950c8fe9b63f8745191baf9483546b513559df8f146764b078dfb,,,,,paired within one fixed permutation and group size; no cross-permutation pooling
PAIRED_GROUP_BOOTSTRAP,R1,20,100,S_ADAPT_MINUS_S_FIXED,S_ADAPT,S_FIXED,DETERMINISTIC,20,coverage_per_image,true,0.45049999999999996,45.05,0.40548749999999983,0.4965,1,complete frozen 20-image allocation group,5000,1605408776,a71996a3309950c8fe9b63f8745191baf9483546b513559df8f146764b078dfb,,,,,paired within one fixed permutation and group size; no cross-permutation pooling
PAIRED_GROUP_BOOTSTRAP,R1,20,100,S_ADAPT_MINUS_S_FIXED,S_ADAPT,S_FIXED,DETERMINISTIC,30,coverage_per_image,true,0.32549999999999985,32.54999999999998,0.28748749999999984,0.36399999999999993,1,complete frozen 20-image allocation group,5000,1605408776,a71996a3309950c8fe9b63f8745191baf9483546b513559df8f146764b078dfb,,,,,paired within one fixed permutation and group size; no cross-permutation pooling
PAIRED_GROUP_BOOTSTRAP,R1,20,100,S_ADAPT_MINUS_S_FIXED,S_ADAPT,S_FIXED,DETERMINISTIC,40,coverage_per_image,true,0.20299999999999993,20.299999999999994,0.17699999999999996,0.22999999999999993,1,complete frozen 20-image allocation group,5000,1605408776,a71996a3309950c8fe9b63f8745191baf9483546b513559df8f146764b078dfb,,,,,paired within one fixed permutation and group size; no cross-permutation pooling
PAIRED_GROUP_BOOTSTRAP,R1,20,100,S_ADAPT_MINUS_S_FIXED,S_ADAPT,S_FIXED,DETERMINISTIC,CORE_10_15_20,coverage_per_image,true,0.5568333333333334,55.68333333333334,0.5196666666666667,0.5951708333333333,1,complete frozen 20-image allocation group,5000,1605408776,a71996a3309950c8fe9b63f8745191baf9483546b513559df8f146764b078dfb,,,,,paired within one fixed permutation and group size; no cross-permutation pooling
PAIRED_GROUP_BOOTSTRAP,R1,20,100,S_ADAPT_MINUS_S_FIXED,S_ADAPT,S_FIXED,DETERMINISTIC,10,quality_per_image,true,0.4016846604896734,40.16846604896734,0.3630429756578201,0.4427952480683982,1,complete frozen 20-image allocation group,5000,1605408776,a71996a3309950c8fe9b63f8745191baf9483546b513559df8f146764b078dfb,,,,,paired within one fixed permutation and group size; no cross-permutation pooling
PAIRED_GROUP_BOOTSTRAP,R1,20,100,S_ADAPT_MINUS_S_FIXED,S_ADAPT,S_FIXED,DETERMINISTIC,15,quality_per_image,true,0.33983093602611786,33.98309360261179,0.30106550075034016,0.38104482791643046,1,complete frozen 20-image allocation group,5000,1605408776,a71996a3309950c8fe9b63f8745191baf9483546b513559df8f146764b078dfb,,,,,paired within one fixed permutation and group size; no cross-permutation pooling
PAIRED_GROUP_BOOTSTRAP,R1,20,100,S_ADAPT_MINUS_S_FIXED,S_ADAPT,S_FIXED,DETERMINISTIC,20,quality_per_image,true,0.2663484173681868,26.634841736818682,0.23289708036757406,0.3014329955897196,1,complete frozen 20-image allocation group,5000,1605408776,a71996a3309950c8fe9b63f8745191baf9483546b513559df8f146764b078dfb,,,,,paired within one fixed permutation and group size; no cross-permutation pooling
PAIRED_GROUP_BOOTSTRAP,R1,20,100,S_ADAPT_MINUS_S_FIXED,S_ADAPT,S_FIXED,DETERMINISTIC,30,quality_per_image,true,0.19249079602397767,19.249079602397767,0.1649342159753119,0.2215285397055806,1,complete frozen 20-image allocation group,5000,1605408776,a71996a3309950c8fe9b63f8745191baf9483546b513559df8f146764b078dfb,,,,,paired within one fixed permutation and group size; no cross-permutation pooling
PAIRED_GROUP_BOOTSTRAP,R1,20,100,S_ADAPT_MINUS_S_FIXED,S_ADAPT,S_FIXED,DETERMINISTIC,40,quality_per_image,true,0.10716861562512485,10.716861562512484,0.0889694415055885,0.12597080108636843,1,complete frozen 20-image allocation group,5000,1605408776,a71996a3309950c8fe9b63f8745191baf9483546b513559df8f146764b078dfb,,,,,paired within one fixed permutation and group size; no cross-permutation pooling
PAIRED_GROUP_BOOTSTRAP,R1,20,100,S_ADAPT_MINUS_S_FIXED,S_ADAPT,S_FIXED,DETERMINISTIC,CORE_10_15_20,quality_per_image,true,0.3359546712946594,33.59546712946594,0.30529963449122033,0.36937576105939157,1,complete frozen 20-image allocation group,5000,1605408776,a71996a3309950c8fe9b63f8745191baf9483546b513559df8f146764b078dfb,,,,,paired within one fixed permutation and group size; no cross-permutation pooling
PAIRED_GROUP_BOOTSTRAP,R1,40,50,M11_MINUS_S_ADAPT,M11,S_ADAPT,THREE_SEED_MEAN,10,coverage_per_image,true,0.05133333333333342,5.133333333333342,0.02400000000000007,0.07800000000000017,1,complete frozen 40-image allocation group,5000,3466405788,600c2c81a5c666d7788a1ac3e28cb5abe713eb228f8f8afb27d21d1cc5336b20,,,,,paired within one fixed permutation and group size; no cross-permutation pooling
PAIRED_GROUP_BOOTSTRAP,R1,40,50,M11_MINUS_S_ADAPT,M11,S_ADAPT,THREE_SEED_MEAN,15,coverage_per_image,true,0.1098333333333334,10.98333333333334,0.0766666666666668,0.1423333333333331,1,complete frozen 40-image allocation group,5000,3466405788,600c2c81a5c666d7788a1ac3e28cb5abe713eb228f8f8afb27d21d1cc5336b20,,,,,paired within one fixed permutation and group size; no cross-permutation pooling
PAIRED_GROUP_BOOTSTRAP,R1,40,50,M11_MINUS_S_ADAPT,M11,S_ADAPT,THREE_SEED_MEAN,20,coverage_per_image,true,0.1228333333333333,12.28333333333333,0.09466666666666658,0.15049999999999997,1,complete frozen 40-image allocation group,5000,3466405788,600c2c81a5c666d7788a1ac3e28cb5abe713eb228f8f8afb27d21d1cc5336b20,,,,,paired within one fixed permutation and group size; no cross-permutation pooling
PAIRED_GROUP_BOOTSTRAP,R1,40,50,M11_MINUS_S_ADAPT,M11,S_ADAPT,THREE_SEED_MEAN,30,coverage_per_image,true,0.10483333333333344,10.483333333333345,0.08166666666666682,0.12800000000000003,1,complete frozen 40-image allocation group,5000,3466405788,600c2c81a5c666d7788a1ac3e28cb5abe713eb228f8f8afb27d21d1cc5336b20,,,,,paired within one fixed permutation and group size; no cross-permutation pooling
PAIRED_GROUP_BOOTSTRAP,R1,40,50,M11_MINUS_S_ADAPT,M11,S_ADAPT,THREE_SEED_MEAN,40,coverage_per_image,true,0.06150000000000002,6.150000000000002,0.04600000000000029,0.07749999999999989,1,complete frozen 40-image allocation group,5000,3466405788,600c2c81a5c666d7788a1ac3e28cb5abe713eb228f8f8afb27d21d1cc5336b20,,,,,paired within one fixed permutation and group size; no cross-permutation pooling
PAIRED_GROUP_BOOTSTRAP,R1,40,50,M11_MINUS_S_ADAPT,M11,S_ADAPT,THREE_SEED_MEAN,CORE_10_15_20,coverage_per_image,true,0.09466666666666669,9.466666666666669,0.07794444444444454,0.11116666666666669,1,complete frozen 40-image allocation group,5000,3466405788,600c2c81a5c666d7788a1ac3e28cb5abe713eb228f8f8afb27d21d1cc5336b20,,,,,paired within one fixed permutation and group size; no cross-permutation pooling
PAIRED_GROUP_BOOTSTRAP,R1,40,50,M11_MINUS_S_ADAPT,M11,S_ADAPT,THREE_SEED_MEAN,10,quality_per_image,true,0.11985552540425987,11.985552540425987,0.10097730693897942,0.1402903937058199,1,complete frozen 40-image allocation group,5000,3466405788,600c2c81a5c666d7788a1ac3e28cb5abe713eb228f8f8afb27d21d1cc5336b20,,,,,paired within one fixed permutation and group size; no cross-permutation pooling
PAIRED_GROUP_BOOTSTRAP,R1,40,50,M11_MINUS_S_ADAPT,M11,S_ADAPT,THREE_SEED_MEAN,15,quality_per_image,true,0.12281197807403198,12.281197807403197,0.10268578106829879,0.143378902540228,1,complete frozen 40-image allocation group,5000,3466405788,600c2c81a5c666d7788a1ac3e28cb5abe713eb228f8f8afb27d21d1cc5336b20,,,,,paired within one fixed permutation and group size; no cross-permutation pooling
PAIRED_GROUP_BOOTSTRAP,R1,40,50,M11_MINUS_S_ADAPT,M11,S_ADAPT,THREE_SEED_MEAN,20,quality_per_image,true,0.11140948871242219,11.14094887124222,0.09093561711224286,0.1326127414355195,1,complete frozen 40-image allocation group,5000,3466405788,600c2c81a5c666d7788a1ac3e28cb5abe713eb228f8f8afb27d21d1cc5336b20,,,,,paired within one fixed permutation and group size; no cross-permutation pooling
PAIRED_GROUP_BOOTSTRAP,R1,40,50,M11_MINUS_S_ADAPT,M11,S_ADAPT,THREE_SEED_MEAN,30,quality_per_image,true,0.06407172771432464,6.407172771432464,0.05057713806731807,0.07853584962523141,1,complete frozen 40-image allocation group,5000,3466405788,600c2c81a5c666d7788a1ac3e28cb5abe713eb228f8f8afb27d21d1cc5336b20,,,,,paired within one fixed permutation and group size; no cross-permutation pooling
PAIRED_GROUP_BOOTSTRAP,R1,40,50,M11_MINUS_S_ADAPT,M11,S_ADAPT,THREE_SEED_MEAN,40,quality_per_image,true,0.032569342296977534,3.2569342296977535,0.023496472153799942,0.04211471834617235,1,complete frozen 40-image allocation group,5000,3466405788,600c2c81a5c666d7788a1ac3e28cb5abe713eb228f8f8afb27d21d1cc5336b20,,,,,paired within one fixed permutation and group size; no cross-permutation pooling
PAIRED_GROUP_BOOTSTRAP,R1,40,50,M11_MINUS_S_ADAPT,M11,S_ADAPT,THREE_SEED_MEAN,CORE_10_15_20,quality_per_image,true,0.11802566406357137,11.802566406357137,0.10686232402465969,0.12951402621094207,1,complete frozen 40-image allocation group,5000,3466405788,600c2c81a5c666d7788a1ac3e28cb5abe713eb228f8f8afb27d21d1cc5336b20,,,,,paired within one fixed permutation and group size; no cross-permutation pooling
PAIRED_GROUP_BOOTSTRAP,R1,40,50,M11_MINUS_S_ADAPT,M11,S_ADAPT,SEED_530101,10,coverage_per_image,true,0.07,7.000000000000001,0.03849999999999998,0.10150000000000002,1,complete frozen 40-image allocation group,5000,3466405788,600c2c81a5c666d7788a1ac3e28cb5abe713eb228f8f8afb27d21d1cc5336b20,,,,,paired within one fixed permutation and group size; no cross-permutation pooling
PAIRED_GROUP_BOOTSTRAP,R1,40,50,M11_MINUS_S_ADAPT,M11,S_ADAPT,SEED_530101,15,coverage_per_image,true,0.12450000000000003,12.450000000000003,0.08850000000000001,0.1615000000000001,1,complete frozen 40-image allocation group,5000,3466405788,600c2c81a5c666d7788a1ac3e28cb5abe713eb228f8f8afb27d21d1cc5336b20,,,,,paired within one fixed permutation and group size; no cross-permutation pooling
PAIRED_GROUP_BOOTSTRAP,R1,40,50,M11_MINUS_S_ADAPT,M11,S_ADAPT,SEED_530101,20,coverage_per_image,true,0.1299999999999999,12.99999999999999,0.10199999999999988,0.1579999999999999,1,complete frozen 40-image allocation group,5000,3466405788,600c2c81a5c666d7788a1ac3e28cb5abe713eb228f8f8afb27d21d1cc5336b20,,,,,paired within one fixed permutation and group size; no cross-permutation pooling
PAIRED_GROUP_BOOTSTRAP,R1,40,50,M11_MINUS_S_ADAPT,M11,S_ADAPT,SEED_530101,30,coverage_per_image,true,0.10600000000000019,10.60000000000002,0.0810000000000002,0.13150000000000028,1,complete frozen 40-image allocation group,5000,3466405788,600c2c81a5c666d7788a1ac3e28cb5abe713eb228f8f8afb27d21d1cc5336b20,,,,,paired within one fixed permutation and group size; no cross-permutation pooling
PAIRED_GROUP_BOOTSTRAP,R1,40,50,M11_MINUS_S_ADAPT,M11,S_ADAPT,SEED_530101,40,coverage_per_image,true,0.0620000000000001,6.20000000000001,0.04500000000000011,0.07950000000000021,1,complete frozen 40-image allocation group,5000,3466405788,600c2c81a5c666d7788a1ac3e28cb5abe713eb228f8f8afb27d21d1cc5336b20,,,,,paired within one fixed permutation and group size; no cross-permutation pooling
PAIRED_GROUP_BOOTSTRAP,R1,40,50,M11_MINUS_S_ADAPT,M11,S_ADAPT,SEED_530101,CORE_10_15_20,coverage_per_image,true,0.10816666666666665,10.816666666666665,0.08966666666666673,0.12666666666666657,1,complete frozen 40-image allocation group,5000,3466405788,600c2c81a5c666d7788a1ac3e28cb5abe713eb228f8f8afb27d21d1cc5336b20,,,,,paired within one fixed permutation and group size; no cross-permutation pooling
PAIRED_GROUP_BOOTSTRAP,R1,40,50,M11_MINUS_S_ADAPT,M11,S_ADAPT,SEED_530101,10,quality_per_image,true,0.1187199430958849,11.87199430958849,0.09912067336446728,0.13898569306684297,1,complete frozen 40-image allocation group,5000,3466405788,600c2c81a5c666d7788a1ac3e28cb5abe713eb228f8f8afb27d21d1cc5336b20,,,,,paired within one fixed permutation and group size; no cross-permutation pooling
PAIRED_GROUP_BOOTSTRAP,R1,40,50,M11_MINUS_S_ADAPT,M11,S_ADAPT,SEED_530101,15,quality_per_image,true,0.12919356750160793,12.919356750160793,0.10822262543332856,0.151043789382694,1,complete frozen 40-image allocation group,5000,3466405788,600c2c81a5c666d7788a1ac3e28cb5abe713eb228f8f8afb27d21d1cc5336b20,,,,,paired within one fixed permutation and group size; no cross-permutation pooling
PAIRED_GROUP_BOOTSTRAP,R1,40,50,M11_MINUS_S_ADAPT,M11,S_ADAPT,SEED_530101,20,quality_per_image,true,0.11155309177583045,11.155309177583044,0.09206012705563198,0.13229334985132662,1,complete frozen 40-image allocation group,5000,3466405788,600c2c81a5c666d7788a1ac3e28cb5abe713eb228f8f8afb27d21d1cc5336b20,,,,,paired within one fixed permutation and group size; no cross-permutation pooling
PAIRED_GROUP_BOOTSTRAP,R1,40,50,M11_MINUS_S_ADAPT,M11,S_ADAPT,SEED_530101,30,quality_per_image,true,0.062070426877378765,6.207042687737877,0.04758177082149178,0.07742112282572497,1,complete frozen 40-image allocation group,5000,3466405788,600c2c81a5c666d7788a1ac3e28cb5abe713eb228f8f8afb27d21d1cc5336b20,,,,,paired within one fixed permutation and group size; no cross-permutation pooling
PAIRED_GROUP_BOOTSTRAP,R1,40,50,M11_MINUS_S_ADAPT,M11,S_ADAPT,SEED_530101,40,quality_per_image,true,0.03276241085591648,3.276241085591648,0.02343179957162383,0.04247755813933742,1,complete frozen 40-image allocation group,5000,3466405788,600c2c81a5c666d7788a1ac3e28cb5abe713eb228f8f8afb27d21d1cc5336b20,,,,,paired within one fixed permutation and group size; no cross-permutation pooling
PAIRED_GROUP_BOOTSTRAP,R1,40,50,M11_MINUS_S_ADAPT,M11,S_ADAPT,SEED_530101,CORE_10_15_20,quality_per_image,true,0.11982220079110777,11.982220079110776,0.10809711797421773,0.13167032903736167,1,complete frozen 40-image allocation group,5000,3466405788,600c2c81a5c666d7788a1ac3e28cb5abe713eb228f8f8afb27d21d1cc5336b20,,,,,paired within one fixed permutation and group size; no cross-permutation pooling
PAIRED_GROUP_BOOTSTRAP,R1,40,50,M11_MINUS_S_ADAPT,M11,S_ADAPT,SEED_530102,10,coverage_per_image,true,0.03400000000000002,3.400000000000002,0.005999999999999996,0.060500000000000026,0.9922,complete frozen 40-image allocation group,5000,3466405788,600c2c81a5c666d7788a1ac3e28cb5abe713eb228f8f8afb27d21d1cc5336b20,,,,,paired within one fixed permutation and group size; no cross-permutation pooling
PAIRED_GROUP_BOOTSTRAP,R1,40,50,M11_MINUS_S_ADAPT,M11,S_ADAPT,SEED_530102,15,coverage_per_image,true,0.08899999999999997,8.899999999999997,0.0570000000000001,0.12049999999999987,1,complete frozen 40-image allocation group,5000,3466405788,600c2c81a5c666d7788a1ac3e28cb5abe713eb228f8f8afb27d21d1cc5336b20,,,,,paired within one fixed permutation and group size; no cross-permutation pooling
PAIRED_GROUP_BOOTSTRAP,R1,40,50,M11_MINUS_S_ADAPT,M11,S_ADAPT,SEED_530102,20,coverage_per_image,true,0.11149999999999986,11.149999999999986,0.0804999999999998,0.14199999999999974,1,complete frozen 40-image allocation group,5000,3466405788,600c2c81a5c666d7788a1ac3e28cb5abe713eb228f8f8afb27d21d1cc5336b20,,,,,paired within one fixed permutation and group size; no cross-permutation pooling
PAIRED_GROUP_BOOTSTRAP,R1,40,50,M11_MINUS_S_ADAPT,M11,S_ADAPT,SEED_530102,30,coverage_per_image,true,0.09999999999999996,9.999999999999996,0.0754999999999999,0.12599999999999978,1,complete frozen 40-image allocation group,5000,3466405788,600c2c81a5c666d7788a1ac3e28cb5abe713eb228f8f8afb27d21d1cc5336b20,,,,,paired within one fixed permutation and group size; no cross-permutation pooling
PAIRED_GROUP_BOOTSTRAP,R1,40,50,M11_MINUS_S_ADAPT,M11,S_ADAPT,SEED_530102,40,coverage_per_image,true,0.05750000000000004,5.7500000000000036,0.03950000000000006,0.07600000000000008,1,complete frozen 40-image allocation group,5000,3466405788,600c2c81a5c666d7788a1ac3e28cb5abe713eb228f8f8afb27d21d1cc5336b20,,,,,paired within one fixed permutation and group size; no cross-permutation pooling
PAIRED_GROUP_BOOTSTRAP,R1,40,50,M11_MINUS_S_ADAPT,M11,S_ADAPT,SEED_530102,CORE_10_15_20,coverage_per_image,true,0.07816666666666662,7.816666666666662,0.06083333333333326,0.09533333333333321,1,complete frozen 40-image allocation group,5000,3466405788,600c2c81a5c666d7788a1ac3e28cb5abe713eb228f8f8afb27d21d1cc5336b20,,,,,paired within one fixed permutation and group size; no cross-permutation pooling
PAIRED_GROUP_BOOTSTRAP,R1,40,50,M11_MINUS_S_ADAPT,M11,S_ADAPT,SEED_530102,10,quality_per_image,true,0.12403744918801159,12.40374491880116,0.10438561972011019,0.1444036286978151,1,complete frozen 40-image allocation group,5000,3466405788,600c2c81a5c666d7788a1ac3e28cb5abe713eb228f8f8afb27d21d1cc5336b20,,,,,paired within one fixed permutation and group size; no cross-permutation pooling
PAIRED_GROUP_BOOTSTRAP,R1,40,50,M11_MINUS_S_ADAPT,M11,S_ADAPT,SEED_530102,15,quality_per_image,true,0.11460328200036081,11.46032820003608,0.09258085403945214,0.1368971340323046,1,complete frozen 40-image allocation group,5000,3466405788,600c2c81a5c666d7788a1ac3e28cb5abe713eb228f8f8afb27d21d1cc5336b20,,,,,paired within one fixed permutation and group size; no cross-permutation pooling
PAIRED_GROUP_BOOTSTRAP,R1,40,50,M11_MINUS_S_ADAPT,M11,S_ADAPT,SEED_530102,20,quality_per_image,true,0.10935325904662088,10.935325904662088,0.08684982547969107,0.13265838176768088,1,complete frozen 40-image allocation group,5000,3466405788,600c2c81a5c666d7788a1ac3e28cb5abe713eb228f8f8afb27d21d1cc5336b20,,,,,paired within one fixed permutation and group size; no cross-permutation pooling
PAIRED_GROUP_BOOTSTRAP,R1,40,50,M11_MINUS_S_ADAPT,M11,S_ADAPT,SEED_530102,30,quality_per_image,true,0.06240209389150739,6.240209389150738,0.047402816981126285,0.07844252637657217,1,complete frozen 40-image allocation group,5000,3466405788,600c2c81a5c666d7788a1ac3e28cb5abe713eb228f8f8afb27d21d1cc5336b20,,,,,paired within one fixed permutation and group size; no cross-permutation pooling
PAIRED_GROUP_BOOTSTRAP,R1,40,50,M11_MINUS_S_ADAPT,M11,S_ADAPT,SEED_530102,40,quality_per_image,true,0.030747980511540547,3.0747980511540547,0.020240767122368504,0.04156679718630897,1,complete frozen 40-image allocation group,5000,3466405788,600c2c81a5c666d7788a1ac3e28cb5abe713eb228f8f8afb27d21d1cc5336b20,,,,,paired within one fixed permutation and group size; no cross-permutation pooling
PAIRED_GROUP_BOOTSTRAP,R1,40,50,M11_MINUS_S_ADAPT,M11,S_ADAPT,SEED_530102,CORE_10_15_20,quality_per_image,true,0.11599799674499776,11.599799674499776,0.10424442222983374,0.12785133987256705,1,complete frozen 40-image allocation group,5000,3466405788,600c2c81a5c666d7788a1ac3e28cb5abe713eb228f8f8afb27d21d1cc5336b20,,,,,paired within one fixed permutation and group size; no cross-permutation pooling
PAIRED_GROUP_BOOTSTRAP,R1,40,50,M11_MINUS_S_ADAPT,M11,S_ADAPT,SEED_530103,10,coverage_per_image,true,0.04999999999999998,4.999999999999998,0.021500000000000023,0.0784999999999999,1,complete frozen 40-image allocation group,5000,3466405788,600c2c81a5c666d7788a1ac3e28cb5abe713eb228f8f8afb27d21d1cc5336b20,,,,,paired within one fixed permutation and group size; no cross-permutation pooling
PAIRED_GROUP_BOOTSTRAP,R1,40,50,M11_MINUS_S_ADAPT,M11,S_ADAPT,SEED_530103,15,coverage_per_image,true,0.11600000000000005,11.600000000000005,0.07850000000000015,0.15051249999999997,1,complete frozen 40-image allocation group,5000,3466405788,600c2c81a5c666d7788a1ac3e28cb5abe713eb228f8f8afb27d21d1cc5336b20,,,,,paired within one fixed permutation and group size; no cross-permutation pooling
PAIRED_GROUP_BOOTSTRAP,R1,40,50,M11_MINUS_S_ADAPT,M11,S_ADAPT,SEED_530103,20,coverage_per_image,true,0.12699999999999995,12.699999999999994,0.09700000000000003,0.15601249999999994,1,complete frozen 40-image allocation group,5000,3466405788,600c2c81a5c666d7788a1ac3e28cb5abe713eb228f8f8afb27d21d1cc5336b20,,,,,paired within one fixed permutation and group size; no cross-permutation pooling
PAIRED_GROUP_BOOTSTRAP,R1,40,50,M11_MINUS_S_ADAPT,M11,S_ADAPT,SEED_530103,30,coverage_per_image,true,0.10850000000000026,10.850000000000026,0.08350000000000034,0.13250000000000028,1,complete frozen 40-image allocation group,5000,3466405788,600c2c81a5c666d7788a1ac3e28cb5abe713eb228f8f8afb27d21d1cc5336b20,,,,,paired within one fixed permutation and group size; no cross-permutation pooling
PAIRED_GROUP_BOOTSTRAP,R1,40,50,M11_MINUS_S_ADAPT,M11,S_ADAPT,SEED_530103,40,coverage_per_image,true,0.06500000000000003,6.500000000000003,0.050999999999999907,0.07950000000000028,1,complete frozen 40-image allocation group,5000,3466405788,600c2c81a5c666d7788a1ac3e28cb5abe713eb228f8f8afb27d21d1cc5336b20,,,,,paired within one fixed permutation and group size; no cross-permutation pooling
PAIRED_GROUP_BOOTSTRAP,R1,40,50,M11_MINUS_S_ADAPT,M11,S_ADAPT,SEED_530103,CORE_10_15_20,coverage_per_image,true,0.09766666666666664,9.766666666666664,0.07950000000000002,0.11567083333333335,1,complete frozen 40-image allocation group,5000,3466405788,600c2c81a5c666d7788a1ac3e28cb5abe713eb228f8f8afb27d21d1cc5336b20,,,,,paired within one fixed permutation and group size; no cross-permutation pooling
PAIRED_GROUP_BOOTSTRAP,R1,40,50,M11_MINUS_S_ADAPT,M11,S_ADAPT,SEED_530103,10,quality_per_image,true,0.11680918392888309,11.680918392888309,0.09551969593396106,0.1400130725082349,1,complete frozen 40-image allocation group,5000,3466405788,600c2c81a5c666d7788a1ac3e28cb5abe713eb228f8f8afb27d21d1cc5336b20,,,,,paired within one fixed permutation and group size; no cross-permutation pooling
PAIRED_GROUP_BOOTSTRAP,R1,40,50,M11_MINUS_S_ADAPT,M11,S_ADAPT,SEED_530103,15,quality_per_image,true,0.12463908472012744,12.463908472012744,0.10304090679810572,0.14567935750962122,1,complete frozen 40-image allocation group,5000,3466405788,600c2c81a5c666d7788a1ac3e28cb5abe713eb228f8f8afb27d21d1cc5336b20,,,,,paired within one fixed permutation and group size; no cross-permutation pooling
PAIRED_GROUP_BOOTSTRAP,R1,40,50,M11_MINUS_S_ADAPT,M11,S_ADAPT,SEED_530103,20,quality_per_image,true,0.11332211531481516,11.332211531481516,0.09193788740774296,0.13596046172137055,1,complete frozen 40-image allocation group,5000,3466405788,600c2c81a5c666d7788a1ac3e28cb5abe713eb228f8f8afb27d21d1cc5336b20,,,,,paired within one fixed permutation and group size; no cross-permutation pooling
PAIRED_GROUP_BOOTSTRAP,R1,40,50,M11_MINUS_S_ADAPT,M11,S_ADAPT,SEED_530103,30,quality_per_image,true,0.06774266237408741,6.774266237408741,0.05501791744947025,0.08162813900005522,1,complete frozen 40-image allocation group,5000,3466405788,600c2c81a5c666d7788a1ac3e28cb5abe713eb228f8f8afb27d21d1cc5336b20,,,,,paired within one fixed permutation and group size; no cross-permutation pooling
PAIRED_GROUP_BOOTSTRAP,R1,40,50,M11_MINUS_S_ADAPT,M11,S_ADAPT,SEED_530103,40,quality_per_image,true,0.03419763552347554,3.4197635523475536,0.02528924747663474,0.043567598485324474,1,complete frozen 40-image allocation group,5000,3466405788,600c2c81a5c666d7788a1ac3e28cb5abe713eb228f8f8afb27d21d1cc5336b20,,,,,paired within one fixed permutation and group size; no cross-permutation pooling
PAIRED_GROUP_BOOTSTRAP,R1,40,50,M11_MINUS_S_ADAPT,M11,S_ADAPT,SEED_530103,CORE_10_15_20,quality_per_image,true,0.11825679465460856,11.825679465460857,0.10570195768806072,0.13127186804770466,1,complete frozen 40-image allocation group,5000,3466405788,600c2c81a5c666d7788a1ac3e28cb5abe713eb228f8f8afb27d21d1cc5336b20,,,,,paired within one fixed permutation and group size; no cross-permutation pooling
PAIRED_GROUP_BOOTSTRAP,R1,40,50,S_ADAPT_MINUS_S_FIXED,S_ADAPT,S_FIXED,DETERMINISTIC,10,coverage_per_image,true,0.6664999999999999,66.64999999999999,0.619,0.7164999999999999,1,complete frozen 40-image allocation group,5000,3466405788,600c2c81a5c666d7788a1ac3e28cb5abe713eb228f8f8afb27d21d1cc5336b20,,,,,paired within one fixed permutation and group size; no cross-permutation pooling
PAIRED_GROUP_BOOTSTRAP,R1,40,50,S_ADAPT_MINUS_S_FIXED,S_ADAPT,S_FIXED,DETERMINISTIC,15,coverage_per_image,true,0.576,57.599999999999994,0.5275000000000001,0.627,1,complete frozen 40-image allocation group,5000,3466405788,600c2c81a5c666d7788a1ac3e28cb5abe713eb228f8f8afb27d21d1cc5336b20,,,,,paired within one fixed permutation and group size; no cross-permutation pooling
PAIRED_GROUP_BOOTSTRAP,R1,40,50,S_ADAPT_MINUS_S_FIXED,S_ADAPT,S_FIXED,DETERMINISTIC,20,coverage_per_image,true,0.4405000000000001,44.05000000000001,0.3939875,0.48700000000000004,1,complete frozen 40-image allocation group,5000,3466405788,600c2c81a5c666d7788a1ac3e28cb5abe713eb228f8f8afb27d21d1cc5336b20,,,,,paired within one fixed permutation and group size; no cross-permutation pooling
PAIRED_GROUP_BOOTSTRAP,R1,40,50,S_ADAPT_MINUS_S_FIXED,S_ADAPT,S_FIXED,DETERMINISTIC,30,coverage_per_image,true,0.33049999999999985,33.04999999999998,0.292,0.3699999999999998,1,complete frozen 40-image allocation group,5000,3466405788,600c2c81a5c666d7788a1ac3e28cb5abe713eb228f8f8afb27d21d1cc5336b20,,,,,paired within one fixed permutation and group size; no cross-permutation pooling
PAIRED_GROUP_BOOTSTRAP,R1,40,50,S_ADAPT_MINUS_S_FIXED,S_ADAPT,S_FIXED,DETERMINISTIC,40,coverage_per_image,true,0.20850000000000002,20.85,0.18050000000000008,0.2359999999999999,1,complete frozen 40-image allocation group,5000,3466405788,600c2c81a5c666d7788a1ac3e28cb5abe713eb228f8f8afb27d21d1cc5336b20,,,,,paired within one fixed permutation and group size; no cross-permutation pooling
PAIRED_GROUP_BOOTSTRAP,R1,40,50,S_ADAPT_MINUS_S_FIXED,S_ADAPT,S_FIXED,DETERMINISTIC,CORE_10_15_20,coverage_per_image,true,0.561,56.10000000000001,0.5231666666666667,0.6005,1,complete frozen 40-image allocation group,5000,3466405788,600c2c81a5c666d7788a1ac3e28cb5abe713eb228f8f8afb27d21d1cc5336b20,,,,,paired within one fixed permutation and group size; no cross-permutation pooling
PAIRED_GROUP_BOOTSTRAP,R1,40,50,S_ADAPT_MINUS_S_FIXED,S_ADAPT,S_FIXED,DETERMINISTIC,10,quality_per_image,true,0.413015767619528,41.3015767619528,0.3702442252542849,0.45770263545652623,1,complete frozen 40-image allocation group,5000,3466405788,600c2c81a5c666d7788a1ac3e28cb5abe713eb228f8f8afb27d21d1cc5336b20,,,,,paired within one fixed permutation and group size; no cross-permutation pooling
PAIRED_GROUP_BOOTSTRAP,R1,40,50,S_ADAPT_MINUS_S_FIXED,S_ADAPT,S_FIXED,DETERMINISTIC,15,quality_per_image,true,0.34347112619680226,34.347112619680225,0.3048270727491801,0.38549778183125333,1,complete frozen 40-image allocation group,5000,3466405788,600c2c81a5c666d7788a1ac3e28cb5abe713eb228f8f8afb27d21d1cc5336b20,,,,,paired within one fixed permutation and group size; no cross-permutation pooling
PAIRED_GROUP_BOOTSTRAP,R1,40,50,S_ADAPT_MINUS_S_FIXED,S_ADAPT,S_FIXED,DETERMINISTIC,20,quality_per_image,true,0.26432109757731204,26.432109757731205,0.23105407546539136,0.2967881978826758,1,complete frozen 40-image allocation group,5000,3466405788,600c2c81a5c666d7788a1ac3e28cb5abe713eb228f8f8afb27d21d1cc5336b20,,,,,paired within one fixed permutation and group size; no cross-permutation pooling
PAIRED_GROUP_BOOTSTRAP,R1,40,50,S_ADAPT_MINUS_S_FIXED,S_ADAPT,S_FIXED,DETERMINISTIC,30,quality_per_image,true,0.19421677188597258,19.421677188597258,0.16588971728355562,0.22535078832728667,1,complete frozen 40-image allocation group,5000,3466405788,600c2c81a5c666d7788a1ac3e28cb5abe713eb228f8f8afb27d21d1cc5336b20,,,,,paired within one fixed permutation and group size; no cross-permutation pooling
PAIRED_GROUP_BOOTSTRAP,R1,40,50,S_ADAPT_MINUS_S_FIXED,S_ADAPT,S_FIXED,DETERMINISTIC,40,quality_per_image,true,0.11191402088947289,11.191402088947289,0.09254854073542158,0.13063034656827924,1,complete frozen 40-image allocation group,5000,3466405788,600c2c81a5c666d7788a1ac3e28cb5abe713eb228f8f8afb27d21d1cc5336b20,,,,,paired within one fixed permutation and group size; no cross-permutation pooling
PAIRED_GROUP_BOOTSTRAP,R1,40,50,S_ADAPT_MINUS_S_FIXED,S_ADAPT,S_FIXED,DETERMINISTIC,CORE_10_15_20,quality_per_image,true,0.34026933046454744,34.026933046454744,0.30839990801336253,0.37551237313700075,1,complete frozen 40-image allocation group,5000,3466405788,600c2c81a5c666d7788a1ac3e28cb5abe713eb228f8f8afb27d21d1cc5336b20,,,,,paired within one fixed permutation and group size; no cross-permutation pooling
PAIRED_GROUP_BOOTSTRAP,R1,80,25,M11_MINUS_S_ADAPT,M11,S_ADAPT,THREE_SEED_MEAN,10,coverage_per_image,true,0.06033333333333335,6.033333333333335,0.03599999999999991,0.0858375000000001,1,complete frozen 80-image allocation group,5000,3250134234,e331a91c2bfc40c28732c6fc5f0e9d24e8da3ea1c6d9ae17889d541d91bfa0ef,,,,,paired within one fixed permutation and group size; no cross-permutation pooling
PAIRED_GROUP_BOOTSTRAP,R1,80,25,M11_MINUS_S_ADAPT,M11,S_ADAPT,THREE_SEED_MEAN,15,coverage_per_image,true,0.11966666666666669,11.966666666666669,0.09066666666666673,0.14783333333333318,1,complete frozen 80-image allocation group,5000,3250134234,e331a91c2bfc40c28732c6fc5f0e9d24e8da3ea1c6d9ae17889d541d91bfa0ef,,,,,paired within one fixed permutation and group size; no cross-permutation pooling
PAIRED_GROUP_BOOTSTRAP,R1,80,25,M11_MINUS_S_ADAPT,M11,S_ADAPT,THREE_SEED_MEAN,20,coverage_per_image,true,0.11266666666666665,11.266666666666666,0.0896624999999999,0.13466666666666646,1,complete frozen 80-image allocation group,5000,3250134234,e331a91c2bfc40c28732c6fc5f0e9d24e8da3ea1c6d9ae17889d541d91bfa0ef,,,,,paired within one fixed permutation and group size; no cross-permutation pooling
PAIRED_GROUP_BOOTSTRAP,R1,80,25,M11_MINUS_S_ADAPT,M11,S_ADAPT,THREE_SEED_MEAN,30,coverage_per_image,true,0.10266666666666659,10.266666666666659,0.07982916666666641,0.12483333333333327,1,complete frozen 80-image allocation group,5000,3250134234,e331a91c2bfc40c28732c6fc5f0e9d24e8da3ea1c6d9ae17889d541d91bfa0ef,,,,,paired within one fixed permutation and group size; no cross-permutation pooling
PAIRED_GROUP_BOOTSTRAP,R1,80,25,M11_MINUS_S_ADAPT,M11,S_ADAPT,THREE_SEED_MEAN,40,coverage_per_image,true,0.06516666666666687,6.516666666666687,0.05100000000000008,0.07900000000000013,1,complete frozen 80-image allocation group,5000,3250134234,e331a91c2bfc40c28732c6fc5f0e9d24e8da3ea1c6d9ae17889d541d91bfa0ef,,,,,paired within one fixed permutation and group size; no cross-permutation pooling
PAIRED_GROUP_BOOTSTRAP,R1,80,25,M11_MINUS_S_ADAPT,M11,S_ADAPT,THREE_SEED_MEAN,CORE_10_15_20,coverage_per_image,true,0.09755555555555556,9.755555555555556,0.08077777777777773,0.11305694444444446,1,complete frozen 80-image allocation group,5000,3250134234,e331a91c2bfc40c28732c6fc5f0e9d24e8da3ea1c6d9ae17889d541d91bfa0ef,,,,,paired within one fixed permutation and group size; no cross-permutation pooling
PAIRED_GROUP_BOOTSTRAP,R1,80,25,M11_MINUS_S_ADAPT,M11,S_ADAPT,THREE_SEED_MEAN,10,quality_per_image,true,0.13987529309609664,13.987529309609664,0.11876113444791982,0.1643193644822043,1,complete frozen 80-image allocation group,5000,3250134234,e331a91c2bfc40c28732c6fc5f0e9d24e8da3ea1c6d9ae17889d541d91bfa0ef,,,,,paired within one fixed permutation and group size; no cross-permutation pooling
PAIRED_GROUP_BOOTSTRAP,R1,80,25,M11_MINUS_S_ADAPT,M11,S_ADAPT,THREE_SEED_MEAN,15,quality_per_image,true,0.13094361012720035,13.094361012720036,0.11127918324172069,0.15170610491852343,1,complete frozen 80-image allocation group,5000,3250134234,e331a91c2bfc40c28732c6fc5f0e9d24e8da3ea1c6d9ae17889d541d91bfa0ef,,,,,paired within one fixed permutation and group size; no cross-permutation pooling
PAIRED_GROUP_BOOTSTRAP,R1,80,25,M11_MINUS_S_ADAPT,M11,S_ADAPT,THREE_SEED_MEAN,20,quality_per_image,true,0.10644395626266086,10.644395626266085,0.08892338510970521,0.12266078747688884,1,complete frozen 80-image allocation group,5000,3250134234,e331a91c2bfc40c28732c6fc5f0e9d24e8da3ea1c6d9ae17889d541d91bfa0ef,,,,,paired within one fixed permutation and group size; no cross-permutation pooling
PAIRED_GROUP_BOOTSTRAP,R1,80,25,M11_MINUS_S_ADAPT,M11,S_ADAPT,THREE_SEED_MEAN,30,quality_per_image,true,0.06090556914539366,6.090556914539366,0.050549176908161186,0.07113976318753719,1,complete frozen 80-image allocation group,5000,3250134234,e331a91c2bfc40c28732c6fc5f0e9d24e8da3ea1c6d9ae17889d541d91bfa0ef,,,,,paired within one fixed permutation and group size; no cross-permutation pooling
PAIRED_GROUP_BOOTSTRAP,R1,80,25,M11_MINUS_S_ADAPT,M11,S_ADAPT,THREE_SEED_MEAN,40,quality_per_image,true,0.0326062642812466,3.26062642812466,0.025179465528160146,0.039955783782797155,1,complete frozen 80-image allocation group,5000,3250134234,e331a91c2bfc40c28732c6fc5f0e9d24e8da3ea1c6d9ae17889d541d91bfa0ef,,,,,paired within one fixed permutation and group size; no cross-permutation pooling
PAIRED_GROUP_BOOTSTRAP,R1,80,25,M11_MINUS_S_ADAPT,M11,S_ADAPT,THREE_SEED_MEAN,CORE_10_15_20,quality_per_image,true,0.12575428649531928,12.575428649531927,0.1130146440643033,0.1379492889243495,1,complete frozen 80-image allocation group,5000,3250134234,e331a91c2bfc40c28732c6fc5f0e9d24e8da3ea1c6d9ae17889d541d91bfa0ef,,,,,paired within one fixed permutation and group size; no cross-permutation pooling
PAIRED_GROUP_BOOTSTRAP,R1,80,25,M11_MINUS_S_ADAPT,M11,S_ADAPT,SEED_530101,10,coverage_per_image,true,0.08050000000000007,8.050000000000008,0.052000000000000025,0.10851250000000004,1,complete frozen 80-image allocation group,5000,3250134234,e331a91c2bfc40c28732c6fc5f0e9d24e8da3ea1c6d9ae17889d541d91bfa0ef,,,,,paired within one fixed permutation and group size; no cross-permutation pooling
PAIRED_GROUP_BOOTSTRAP,R1,80,25,M11_MINUS_S_ADAPT,M11,S_ADAPT,SEED_530101,15,coverage_per_image,true,0.12650000000000022,12.650000000000022,0.09450000000000021,0.15750000000000025,1,complete frozen 80-image allocation group,5000,3250134234,e331a91c2bfc40c28732c6fc5f0e9d24e8da3ea1c6d9ae17889d541d91bfa0ef,,,,,paired within one fixed permutation and group size; no cross-permutation pooling
PAIRED_GROUP_BOOTSTRAP,R1,80,25,M11_MINUS_S_ADAPT,M11,S_ADAPT,SEED_530101,20,coverage_per_image,true,0.12100000000000008,12.100000000000009,0.09550000000000011,0.14500000000000007,1,complete frozen 80-image allocation group,5000,3250134234,e331a91c2bfc40c28732c6fc5f0e9d24e8da3ea1c6d9ae17889d541d91bfa0ef,,,,,paired within one fixed permutation and group size; no cross-permutation pooling
PAIRED_GROUP_BOOTSTRAP,R1,80,25,M11_MINUS_S_ADAPT,M11,S_ADAPT,SEED_530101,30,coverage_per_image,true,0.09750000000000007,9.750000000000007,0.07500000000000022,0.12149999999999984,1,complete frozen 80-image allocation group,5000,3250134234,e331a91c2bfc40c28732c6fc5f0e9d24e8da3ea1c6d9ae17889d541d91bfa0ef,,,,,paired within one fixed permutation and group size; no cross-permutation pooling
PAIRED_GROUP_BOOTSTRAP,R1,80,25,M11_MINUS_S_ADAPT,M11,S_ADAPT,SEED_530101,40,coverage_per_image,true,0.06499999999999993,6.499999999999993,0.0495000000000001,0.07999999999999993,1,complete frozen 80-image allocation group,5000,3250134234,e331a91c2bfc40c28732c6fc5f0e9d24e8da3ea1c6d9ae17889d541d91bfa0ef,,,,,paired within one fixed permutation and group size; no cross-permutation pooling
PAIRED_GROUP_BOOTSTRAP,R1,80,25,M11_MINUS_S_ADAPT,M11,S_ADAPT,SEED_530101,CORE_10_15_20,coverage_per_image,true,0.10933333333333346,10.933333333333346,0.09132916666666667,0.12616666666666673,1,complete frozen 80-image allocation group,5000,3250134234,e331a91c2bfc40c28732c6fc5f0e9d24e8da3ea1c6d9ae17889d541d91bfa0ef,,,,,paired within one fixed permutation and group size; no cross-permutation pooling
PAIRED_GROUP_BOOTSTRAP,R1,80,25,M11_MINUS_S_ADAPT,M11,S_ADAPT,SEED_530101,10,quality_per_image,true,0.13725852465823812,13.725852465823813,0.1164651786612981,0.1596590679285524,1,complete frozen 80-image allocation group,5000,3250134234,e331a91c2bfc40c28732c6fc5f0e9d24e8da3ea1c6d9ae17889d541d91bfa0ef,,,,,paired within one fixed permutation and group size; no cross-permutation pooling
PAIRED_GROUP_BOOTSTRAP,R1,80,25,M11_MINUS_S_ADAPT,M11,S_ADAPT,SEED_530101,15,quality_per_image,true,0.1278948530127116,12.789485301271162,0.10566591234760866,0.14988972054517033,1,complete frozen 80-image allocation group,5000,3250134234,e331a91c2bfc40c28732c6fc5f0e9d24e8da3ea1c6d9ae17889d541d91bfa0ef,,,,,paired within one fixed permutation and group size; no cross-permutation pooling
PAIRED_GROUP_BOOTSTRAP,R1,80,25,M11_MINUS_S_ADAPT,M11,S_ADAPT,SEED_530101,20,quality_per_image,true,0.10476058178801324,10.476058178801324,0.08667738840413237,0.12120132624324072,1,complete frozen 80-image allocation group,5000,3250134234,e331a91c2bfc40c28732c6fc5f0e9d24e8da3ea1c6d9ae17889d541d91bfa0ef,,,,,paired within one fixed permutation and group size; no cross-permutation pooling
PAIRED_GROUP_BOOTSTRAP,R1,80,25,M11_MINUS_S_ADAPT,M11,S_ADAPT,SEED_530101,30,quality_per_image,true,0.05839397086110967,5.839397086110967,0.04690910501312453,0.07024674813488828,1,complete frozen 80-image allocation group,5000,3250134234,e331a91c2bfc40c28732c6fc5f0e9d24e8da3ea1c6d9ae17889d541d91bfa0ef,,,,,paired within one fixed permutation and group size; no cross-permutation pooling
PAIRED_GROUP_BOOTSTRAP,R1,80,25,M11_MINUS_S_ADAPT,M11,S_ADAPT,SEED_530101,40,quality_per_image,true,0.03180984061146457,3.1809840611464573,0.02391547789310208,0.03978920997548126,1,complete frozen 80-image allocation group,5000,3250134234,e331a91c2bfc40c28732c6fc5f0e9d24e8da3ea1c6d9ae17889d541d91bfa0ef,,,,,paired within one fixed permutation and group size; no cross-permutation pooling
PAIRED_GROUP_BOOTSTRAP,R1,80,25,M11_MINUS_S_ADAPT,M11,S_ADAPT,SEED_530101,CORE_10_15_20,quality_per_image,true,0.12330465315298765,12.330465315298765,0.11022631492173816,0.13538467829663087,1,complete frozen 80-image allocation group,5000,3250134234,e331a91c2bfc40c28732c6fc5f0e9d24e8da3ea1c6d9ae17889d541d91bfa0ef,,,,,paired within one fixed permutation and group size; no cross-permutation pooling
PAIRED_GROUP_BOOTSTRAP,R1,80,25,M11_MINUS_S_ADAPT,M11,S_ADAPT,SEED_530102,10,coverage_per_image,true,0.038000000000000075,3.8000000000000074,0.011499999999999984,0.06450000000000014,0.998,complete frozen 80-image allocation group,5000,3250134234,e331a91c2bfc40c28732c6fc5f0e9d24e8da3ea1c6d9ae17889d541d91bfa0ef,,,,,paired within one fixed permutation and group size; no cross-permutation pooling
PAIRED_GROUP_BOOTSTRAP,R1,80,25,M11_MINUS_S_ADAPT,M11,S_ADAPT,SEED_530102,15,coverage_per_image,true,0.10550000000000001,10.55,0.07799999999999997,0.13299999999999987,1,complete frozen 80-image allocation group,5000,3250134234,e331a91c2bfc40c28732c6fc5f0e9d24e8da3ea1c6d9ae17889d541d91bfa0ef,,,,,paired within one fixed permutation and group size; no cross-permutation pooling
PAIRED_GROUP_BOOTSTRAP,R1,80,25,M11_MINUS_S_ADAPT,M11,S_ADAPT,SEED_530102,20,coverage_per_image,true,0.0970000000000001,9.70000000000001,0.07100000000000016,0.1220000000000001,1,complete frozen 80-image allocation group,5000,3250134234,e331a91c2bfc40c28732c6fc5f0e9d24e8da3ea1c6d9ae17889d541d91bfa0ef,,,,,paired within one fixed permutation and group size; no cross-permutation pooling
PAIRED_GROUP_BOOTSTRAP,R1,80,25,M11_MINUS_S_ADAPT,M11,S_ADAPT,SEED_530102,30,coverage_per_image,true,0.10049999999999998,10.049999999999997,0.0734999999999998,0.1254999999999999,1,complete frozen 80-image allocation group,5000,3250134234,e331a91c2bfc40c28732c6fc5f0e9d24e8da3ea1c6d9ae17889d541d91bfa0ef,,,,,paired within one fixed permutation and group size; no cross-permutation pooling
PAIRED_GROUP_BOOTSTRAP,R1,80,25,M11_MINUS_S_ADAPT,M11,S_ADAPT,SEED_530102,40,coverage_per_image,true,0.06049999999999983,6.049999999999983,0.04549999999999983,0.07549999999999983,1,complete frozen 80-image allocation group,5000,3250134234,e331a91c2bfc40c28732c6fc5f0e9d24e8da3ea1c6d9ae17889d541d91bfa0ef,,,,,paired within one fixed permutation and group size; no cross-permutation pooling
PAIRED_GROUP_BOOTSTRAP,R1,80,25,M11_MINUS_S_ADAPT,M11,S_ADAPT,SEED_530102,CORE_10_15_20,coverage_per_image,true,0.08016666666666673,8.016666666666673,0.06333333333333348,0.0971666666666667,1,complete frozen 80-image allocation group,5000,3250134234,e331a91c2bfc40c28732c6fc5f0e9d24e8da3ea1c6d9ae17889d541d91bfa0ef,,,,,paired within one fixed permutation and group size; no cross-permutation pooling
PAIRED_GROUP_BOOTSTRAP,R1,80,25,M11_MINUS_S_ADAPT,M11,S_ADAPT,SEED_530102,10,quality_per_image,true,0.13881069676387883,13.881069676387883,0.11598336640848235,0.16456026959367248,1,complete frozen 80-image allocation group,5000,3250134234,e331a91c2bfc40c28732c6fc5f0e9d24e8da3ea1c6d9ae17889d541d91bfa0ef,,,,,paired within one fixed permutation and group size; no cross-permutation pooling
PAIRED_GROUP_BOOTSTRAP,R1,80,25,M11_MINUS_S_ADAPT,M11,S_ADAPT,SEED_530102,15,quality_per_image,true,0.12979708857059563,12.979708857059563,0.10905003743461686,0.15144438283646613,1,complete frozen 80-image allocation group,5000,3250134234,e331a91c2bfc40c28732c6fc5f0e9d24e8da3ea1c6d9ae17889d541d91bfa0ef,,,,,paired within one fixed permutation and group size; no cross-permutation pooling
PAIRED_GROUP_BOOTSTRAP,R1,80,25,M11_MINUS_S_ADAPT,M11,S_ADAPT,SEED_530102,20,quality_per_image,true,0.1022836956064258,10.22836956064258,0.08407585122507868,0.11948010335397873,1,complete frozen 80-image allocation group,5000,3250134234,e331a91c2bfc40c28732c6fc5f0e9d24e8da3ea1c6d9ae17889d541d91bfa0ef,,,,,paired within one fixed permutation and group size; no cross-permutation pooling
PAIRED_GROUP_BOOTSTRAP,R1,80,25,M11_MINUS_S_ADAPT,M11,S_ADAPT,SEED_530102,30,quality_per_image,true,0.06065023752363736,6.065023752363736,0.0484781556786738,0.07252805480526431,1,complete frozen 80-image allocation group,5000,3250134234,e331a91c2bfc40c28732c6fc5f0e9d24e8da3ea1c6d9ae17889d541d91bfa0ef,,,,,paired within one fixed permutation and group size; no cross-permutation pooling
PAIRED_GROUP_BOOTSTRAP,R1,80,25,M11_MINUS_S_ADAPT,M11,S_ADAPT,SEED_530102,40,quality_per_image,true,0.03179537345475364,3.1795373454753637,0.023598284584640708,0.04026961691660966,1,complete frozen 80-image allocation group,5000,3250134234,e331a91c2bfc40c28732c6fc5f0e9d24e8da3ea1c6d9ae17889d541d91bfa0ef,,,,,paired within one fixed permutation and group size; no cross-permutation pooling
PAIRED_GROUP_BOOTSTRAP,R1,80,25,M11_MINUS_S_ADAPT,M11,S_ADAPT,SEED_530102,CORE_10_15_20,quality_per_image,true,0.12363049364696677,12.363049364696677,0.11066806787198966,0.1358772439254392,1,complete frozen 80-image allocation group,5000,3250134234,e331a91c2bfc40c28732c6fc5f0e9d24e8da3ea1c6d9ae17889d541d91bfa0ef,,,,,paired within one fixed permutation and group size; no cross-permutation pooling
PAIRED_GROUP_BOOTSTRAP,R1,80,25,M11_MINUS_S_ADAPT,M11,S_ADAPT,SEED_530103,10,coverage_per_image,true,0.06250000000000004,6.250000000000004,0.03799999999999994,0.08950000000000002,1,complete frozen 80-image allocation group,5000,3250134234,e331a91c2bfc40c28732c6fc5f0e9d24e8da3ea1c6d9ae17889d541d91bfa0ef,,,,,paired within one fixed permutation and group size; no cross-permutation pooling
PAIRED_GROUP_BOOTSTRAP,R1,80,25,M11_MINUS_S_ADAPT,M11,S_ADAPT,SEED_530103,15,coverage_per_image,true,0.1270000000000002,12.700000000000019,0.09150000000000037,0.16300000000000017,1,complete frozen 80-image allocation group,5000,3250134234,e331a91c2bfc40c28732c6fc5f0e9d24e8da3ea1c6d9ae17889d541d91bfa0ef,,,,,paired within one fixed permutation and group size; no cross-permutation pooling
PAIRED_GROUP_BOOTSTRAP,R1,80,25,M11_MINUS_S_ADAPT,M11,S_ADAPT,SEED_530103,20,coverage_per_image,true,0.11999999999999993,11.999999999999993,0.09599999999999981,0.1439999999999999,1,complete frozen 80-image allocation group,5000,3250134234,e331a91c2bfc40c28732c6fc5f0e9d24e8da3ea1c6d9ae17889d541d91bfa0ef,,,,,paired within one fixed permutation and group size; no cross-permutation pooling
PAIRED_GROUP_BOOTSTRAP,R1,80,25,M11_MINUS_S_ADAPT,M11,S_ADAPT,SEED_530103,30,coverage_per_image,true,0.11,11,0.08650000000000013,0.1325,1,complete frozen 80-image allocation group,5000,3250134234,e331a91c2bfc40c28732c6fc5f0e9d24e8da3ea1c6d9ae17889d541d91bfa0ef,,,,,paired within one fixed permutation and group size; no cross-permutation pooling
PAIRED_GROUP_BOOTSTRAP,R1,80,25,M11_MINUS_S_ADAPT,M11,S_ADAPT,SEED_530103,40,coverage_per_image,true,0.06999999999999992,6.999999999999992,0.05449999999999989,0.085,1,complete frozen 80-image allocation group,5000,3250134234,e331a91c2bfc40c28732c6fc5f0e9d24e8da3ea1c6d9ae17889d541d91bfa0ef,,,,,paired within one fixed permutation and group size; no cross-permutation pooling
PAIRED_GROUP_BOOTSTRAP,R1,80,25,M11_MINUS_S_ADAPT,M11,S_ADAPT,SEED_530103,CORE_10_15_20,coverage_per_image,true,0.10316666666666671,10.316666666666672,0.0845,0.1211708333333335,1,complete frozen 80-image allocation group,5000,3250134234,e331a91c2bfc40c28732c6fc5f0e9d24e8da3ea1c6d9ae17889d541d91bfa0ef,,,,,paired within one fixed permutation and group size; no cross-permutation pooling
PAIRED_GROUP_BOOTSTRAP,R1,80,25,M11_MINUS_S_ADAPT,M11,S_ADAPT,SEED_530103,10,quality_per_image,true,0.143556657866173,14.3556657866173,0.11896805873861137,0.17074798342508135,1,complete frozen 80-image allocation group,5000,3250134234,e331a91c2bfc40c28732c6fc5f0e9d24e8da3ea1c6d9ae17889d541d91bfa0ef,,,,,paired within one fixed permutation and group size; no cross-permutation pooling
PAIRED_GROUP_BOOTSTRAP,R1,80,25,M11_MINUS_S_ADAPT,M11,S_ADAPT,SEED_530103,15,quality_per_image,true,0.13513888879829405,13.513888879829405,0.1151500697508502,0.15716487098992937,1,complete frozen 80-image allocation group,5000,3250134234,e331a91c2bfc40c28732c6fc5f0e9d24e8da3ea1c6d9ae17889d541d91bfa0ef,,,,,paired within one fixed permutation and group size; no cross-permutation pooling
PAIRED_GROUP_BOOTSTRAP,R1,80,25,M11_MINUS_S_ADAPT,M11,S_ADAPT,SEED_530103,20,quality_per_image,true,0.11228759139354345,11.228759139354345,0.09363430815247507,0.13025257147028524,1,complete frozen 80-image allocation group,5000,3250134234,e331a91c2bfc40c28732c6fc5f0e9d24e8da3ea1c6d9ae17889d541d91bfa0ef,,,,,paired within one fixed permutation and group size; no cross-permutation pooling
PAIRED_GROUP_BOOTSTRAP,R1,80,25,M11_MINUS_S_ADAPT,M11,S_ADAPT,SEED_530103,30,quality_per_image,true,0.06367249905143407,6.3672499051434075,0.054048227981732075,0.07330765709365016,1,complete frozen 80-image allocation group,5000,3250134234,e331a91c2bfc40c28732c6fc5f0e9d24e8da3ea1c6d9ae17889d541d91bfa0ef,,,,,paired within one fixed permutation and group size; no cross-permutation pooling
PAIRED_GROUP_BOOTSTRAP,R1,80,25,M11_MINUS_S_ADAPT,M11,S_ADAPT,SEED_530103,40,quality_per_image,true,0.03421357877752126,3.4213578777521256,0.026471730361611913,0.041989855565806436,1,complete frozen 80-image allocation group,5000,3250134234,e331a91c2bfc40c28732c6fc5f0e9d24e8da3ea1c6d9ae17889d541d91bfa0ef,,,,,paired within one fixed permutation and group size; no cross-permutation pooling
PAIRED_GROUP_BOOTSTRAP,R1,80,25,M11_MINUS_S_ADAPT,M11,S_ADAPT,SEED_530103,CORE_10_15_20,quality_per_image,true,0.1303277126860035,13.03277126860035,0.11653540898064056,0.14429568026662506,1,complete frozen 80-image allocation group,5000,3250134234,e331a91c2bfc40c28732c6fc5f0e9d24e8da3ea1c6d9ae17889d541d91bfa0ef,,,,,paired within one fixed permutation and group size; no cross-permutation pooling
PAIRED_GROUP_BOOTSTRAP,R1,80,25,S_ADAPT_MINUS_S_FIXED,S_ADAPT,S_FIXED,DETERMINISTIC,10,coverage_per_image,true,0.676,67.60000000000001,0.6340000000000001,0.723,1,complete frozen 80-image allocation group,5000,3250134234,e331a91c2bfc40c28732c6fc5f0e9d24e8da3ea1c6d9ae17889d541d91bfa0ef,,,,,paired within one fixed permutation and group size; no cross-permutation pooling
PAIRED_GROUP_BOOTSTRAP,R1,80,25,S_ADAPT_MINUS_S_FIXED,S_ADAPT,S_FIXED,DETERMINISTIC,15,coverage_per_image,true,0.5715,57.15,0.5199999999999999,0.6204999999999999,1,complete frozen 80-image allocation group,5000,3250134234,e331a91c2bfc40c28732c6fc5f0e9d24e8da3ea1c6d9ae17889d541d91bfa0ef,,,,,paired within one fixed permutation and group size; no cross-permutation pooling
PAIRED_GROUP_BOOTSTRAP,R1,80,25,S_ADAPT_MINUS_S_FIXED,S_ADAPT,S_FIXED,DETERMINISTIC,20,coverage_per_image,true,0.45349999999999996,45.349999999999994,0.4050000000000001,0.4984999999999999,1,complete frozen 80-image allocation group,5000,3250134234,e331a91c2bfc40c28732c6fc5f0e9d24e8da3ea1c6d9ae17889d541d91bfa0ef,,,,,paired within one fixed permutation and group size; no cross-permutation pooling
PAIRED_GROUP_BOOTSTRAP,R1,80,25,S_ADAPT_MINUS_S_FIXED,S_ADAPT,S_FIXED,DETERMINISTIC,30,coverage_per_image,true,0.3355,33.550000000000004,0.2975,0.3715124999999999,1,complete frozen 80-image allocation group,5000,3250134234,e331a91c2bfc40c28732c6fc5f0e9d24e8da3ea1c6d9ae17889d541d91bfa0ef,,,,,paired within one fixed permutation and group size; no cross-permutation pooling
PAIRED_GROUP_BOOTSTRAP,R1,80,25,S_ADAPT_MINUS_S_FIXED,S_ADAPT,S_FIXED,DETERMINISTIC,40,coverage_per_image,true,0.2115000000000002,21.15000000000002,0.18700000000000025,0.2350000000000002,1,complete frozen 80-image allocation group,5000,3250134234,e331a91c2bfc40c28732c6fc5f0e9d24e8da3ea1c6d9ae17889d541d91bfa0ef,,,,,paired within one fixed permutation and group size; no cross-permutation pooling
PAIRED_GROUP_BOOTSTRAP,R1,80,25,S_ADAPT_MINUS_S_FIXED,S_ADAPT,S_FIXED,DETERMINISTIC,CORE_10_15_20,coverage_per_image,true,0.5670000000000001,56.7,0.5281625000000002,0.6056666666666665,1,complete frozen 80-image allocation group,5000,3250134234,e331a91c2bfc40c28732c6fc5f0e9d24e8da3ea1c6d9ae17889d541d91bfa0ef,,,,,paired within one fixed permutation and group size; no cross-permutation pooling
PAIRED_GROUP_BOOTSTRAP,R1,80,25,S_ADAPT_MINUS_S_FIXED,S_ADAPT,S_FIXED,DETERMINISTIC,10,quality_per_image,true,0.40858030596412875,40.858030596412874,0.37265927981844327,0.4498380586570469,1,complete frozen 80-image allocation group,5000,3250134234,e331a91c2bfc40c28732c6fc5f0e9d24e8da3ea1c6d9ae17889d541d91bfa0ef,,,,,paired within one fixed permutation and group size; no cross-permutation pooling
PAIRED_GROUP_BOOTSTRAP,R1,80,25,S_ADAPT_MINUS_S_FIXED,S_ADAPT,S_FIXED,DETERMINISTIC,15,quality_per_image,true,0.344592844318875,34.4592844318875,0.30404643100938133,0.3871586243092781,1,complete frozen 80-image allocation group,5000,3250134234,e331a91c2bfc40c28732c6fc5f0e9d24e8da3ea1c6d9ae17889d541d91bfa0ef,,,,,paired within one fixed permutation and group size; no cross-permutation pooling
PAIRED_GROUP_BOOTSTRAP,R1,80,25,S_ADAPT_MINUS_S_FIXED,S_ADAPT,S_FIXED,DETERMINISTIC,20,quality_per_image,true,0.2721585411870855,27.21585411870855,0.2395423256192311,0.30382924971815456,1,complete frozen 80-image allocation group,5000,3250134234,e331a91c2bfc40c28732c6fc5f0e9d24e8da3ea1c6d9ae17889d541d91bfa0ef,,,,,paired within one fixed permutation and group size; no cross-permutation pooling
PAIRED_GROUP_BOOTSTRAP,R1,80,25,S_ADAPT_MINUS_S_FIXED,S_ADAPT,S_FIXED,DETERMINISTIC,30,quality_per_image,true,0.1992329925674263,19.92329925674263,0.175941812284408,0.22344425993105363,1,complete frozen 80-image allocation group,5000,3250134234,e331a91c2bfc40c28732c6fc5f0e9d24e8da3ea1c6d9ae17889d541d91bfa0ef,,,,,paired within one fixed permutation and group size; no cross-permutation pooling
PAIRED_GROUP_BOOTSTRAP,R1,80,25,S_ADAPT_MINUS_S_FIXED,S_ADAPT,S_FIXED,DETERMINISTIC,40,quality_per_image,true,0.11349904820719547,11.349904820719548,0.09571269854834913,0.1314371692384779,1,complete frozen 80-image allocation group,5000,3250134234,e331a91c2bfc40c28732c6fc5f0e9d24e8da3ea1c6d9ae17889d541d91bfa0ef,,,,,paired within one fixed permutation and group size; no cross-permutation pooling
PAIRED_GROUP_BOOTSTRAP,R1,80,25,S_ADAPT_MINUS_S_FIXED,S_ADAPT,S_FIXED,DETERMINISTIC,CORE_10_15_20,quality_per_image,true,0.3417772304900297,34.17772304900297,0.31204315330665633,0.3748945791049546,1,complete frozen 80-image allocation group,5000,3250134234,e331a91c2bfc40c28732c6fc5f0e9d24e8da3ea1c6d9ae17889d541d91bfa0ef,,,,,paired within one fixed permutation and group size; no cross-permutation pooling
PAIRED_GROUP_BOOTSTRAP,R2,10,200,M11_MINUS_S_ADAPT,M11,S_ADAPT,THREE_SEED_MEAN,10,coverage_per_image,true,0.06283333333333332,6.283333333333332,0.0356666666666666,0.08983333333333336,1,complete frozen 10-image allocation group,5000,1899792285,4ada9b01720499ea2d1f5568a7ba6bf6b1a84fbe93f800622f838522774b4a6b,,,,,paired within one fixed permutation and group size; no cross-permutation pooling
PAIRED_GROUP_BOOTSTRAP,R2,10,200,M11_MINUS_S_ADAPT,M11,S_ADAPT,THREE_SEED_MEAN,15,coverage_per_image,true,0.11283333333333338,11.283333333333339,0.08632916666666668,0.13966666666666672,1,complete frozen 10-image allocation group,5000,1899792285,4ada9b01720499ea2d1f5568a7ba6bf6b1a84fbe93f800622f838522774b4a6b,,,,,paired within one fixed permutation and group size; no cross-permutation pooling
PAIRED_GROUP_BOOTSTRAP,R2,10,200,M11_MINUS_S_ADAPT,M11,S_ADAPT,THREE_SEED_MEAN,20,coverage_per_image,true,0.10233333333333336,10.233333333333336,0.0749958333333333,0.12983333333333333,1,complete frozen 10-image allocation group,5000,1899792285,4ada9b01720499ea2d1f5568a7ba6bf6b1a84fbe93f800622f838522774b4a6b,,,,,paired within one fixed permutation and group size; no cross-permutation pooling
PAIRED_GROUP_BOOTSTRAP,R2,10,200,M11_MINUS_S_ADAPT,M11,S_ADAPT,THREE_SEED_MEAN,30,coverage_per_image,true,0.09116666666666645,9.116666666666646,0.06733333333333313,0.11449999999999981,1,complete frozen 10-image allocation group,5000,1899792285,4ada9b01720499ea2d1f5568a7ba6bf6b1a84fbe93f800622f838522774b4a6b,,,,,paired within one fixed permutation and group size; no cross-permutation pooling
PAIRED_GROUP_BOOTSTRAP,R2,10,200,M11_MINUS_S_ADAPT,M11,S_ADAPT,THREE_SEED_MEAN,40,coverage_per_image,true,0.05849999999999996,5.849999999999996,0.04333333333333331,0.0744999999999999,1,complete frozen 10-image allocation group,5000,1899792285,4ada9b01720499ea2d1f5568a7ba6bf6b1a84fbe93f800622f838522774b4a6b,,,,,paired within one fixed permutation and group size; no cross-permutation pooling
PAIRED_GROUP_BOOTSTRAP,R2,10,200,M11_MINUS_S_ADAPT,M11,S_ADAPT,THREE_SEED_MEAN,CORE_10_15_20,coverage_per_image,true,0.09266666666666669,9.26666666666667,0.07510972222222217,0.11077916666666666,1,complete frozen 10-image allocation group,5000,1899792285,4ada9b01720499ea2d1f5568a7ba6bf6b1a84fbe93f800622f838522774b4a6b,,,,,paired within one fixed permutation and group size; no cross-permutation pooling
PAIRED_GROUP_BOOTSTRAP,R2,10,200,M11_MINUS_S_ADAPT,M11,S_ADAPT,THREE_SEED_MEAN,10,quality_per_image,true,0.11194508626688847,11.194508626688847,0.09029041908679103,0.13448171915291815,1,complete frozen 10-image allocation group,5000,1899792285,4ada9b01720499ea2d1f5568a7ba6bf6b1a84fbe93f800622f838522774b4a6b,,,,,paired within one fixed permutation and group size; no cross-permutation pooling
PAIRED_GROUP_BOOTSTRAP,R2,10,200,M11_MINUS_S_ADAPT,M11,S_ADAPT,THREE_SEED_MEAN,15,quality_per_image,true,0.12083342331071485,12.083342331071485,0.09953028792388023,0.14238862491511736,1,complete frozen 10-image allocation group,5000,1899792285,4ada9b01720499ea2d1f5568a7ba6bf6b1a84fbe93f800622f838522774b4a6b,,,,,paired within one fixed permutation and group size; no cross-permutation pooling
PAIRED_GROUP_BOOTSTRAP,R2,10,200,M11_MINUS_S_ADAPT,M11,S_ADAPT,THREE_SEED_MEAN,20,quality_per_image,true,0.09473421642972493,9.473421642972493,0.07814271978449541,0.1111254486128768,1,complete frozen 10-image allocation group,5000,1899792285,4ada9b01720499ea2d1f5568a7ba6bf6b1a84fbe93f800622f838522774b4a6b,,,,,paired within one fixed permutation and group size; no cross-permutation pooling
PAIRED_GROUP_BOOTSTRAP,R2,10,200,M11_MINUS_S_ADAPT,M11,S_ADAPT,THREE_SEED_MEAN,30,quality_per_image,true,0.05692545075149366,5.692545075149366,0.043045663482037706,0.07147166084831788,1,complete frozen 10-image allocation group,5000,1899792285,4ada9b01720499ea2d1f5568a7ba6bf6b1a84fbe93f800622f838522774b4a6b,,,,,paired within one fixed permutation and group size; no cross-permutation pooling
PAIRED_GROUP_BOOTSTRAP,R2,10,200,M11_MINUS_S_ADAPT,M11,S_ADAPT,THREE_SEED_MEAN,40,quality_per_image,true,0.031776993164839396,3.1776993164839396,0.02287755403564752,0.04129378162403944,1,complete frozen 10-image allocation group,5000,1899792285,4ada9b01720499ea2d1f5568a7ba6bf6b1a84fbe93f800622f838522774b4a6b,,,,,paired within one fixed permutation and group size; no cross-permutation pooling
PAIRED_GROUP_BOOTSTRAP,R2,10,200,M11_MINUS_S_ADAPT,M11,S_ADAPT,THREE_SEED_MEAN,CORE_10_15_20,quality_per_image,true,0.10917090866910943,10.917090866910943,0.09599749812740035,0.12269109307510098,1,complete frozen 10-image allocation group,5000,1899792285,4ada9b01720499ea2d1f5568a7ba6bf6b1a84fbe93f800622f838522774b4a6b,,,,,paired within one fixed permutation and group size; no cross-permutation pooling
PAIRED_GROUP_BOOTSTRAP,R2,10,200,M11_MINUS_S_ADAPT,M11,S_ADAPT,SEED_530101,10,coverage_per_image,true,0.07249999999999998,7.249999999999998,0.04398749999999993,0.1025,1,complete frozen 10-image allocation group,5000,1899792285,4ada9b01720499ea2d1f5568a7ba6bf6b1a84fbe93f800622f838522774b4a6b,,,,,paired within one fixed permutation and group size; no cross-permutation pooling
PAIRED_GROUP_BOOTSTRAP,R2,10,200,M11_MINUS_S_ADAPT,M11,S_ADAPT,SEED_530101,15,coverage_per_image,true,0.12150000000000002,12.150000000000002,0.09250000000000004,0.15099999999999997,1,complete frozen 10-image allocation group,5000,1899792285,4ada9b01720499ea2d1f5568a7ba6bf6b1a84fbe93f800622f838522774b4a6b,,,,,paired within one fixed permutation and group size; no cross-permutation pooling
PAIRED_GROUP_BOOTSTRAP,R2,10,200,M11_MINUS_S_ADAPT,M11,S_ADAPT,SEED_530101,20,coverage_per_image,true,0.10750000000000004,10.750000000000004,0.07800000000000012,0.13700000000000004,1,complete frozen 10-image allocation group,5000,1899792285,4ada9b01720499ea2d1f5568a7ba6bf6b1a84fbe93f800622f838522774b4a6b,,,,,paired within one fixed permutation and group size; no cross-permutation pooling
PAIRED_GROUP_BOOTSTRAP,R2,10,200,M11_MINUS_S_ADAPT,M11,S_ADAPT,SEED_530101,30,coverage_per_image,true,0.08949999999999982,8.949999999999982,0.06549999999999981,0.1129999999999999,1,complete frozen 10-image allocation group,5000,1899792285,4ada9b01720499ea2d1f5568a7ba6bf6b1a84fbe93f800622f838522774b4a6b,,,,,paired within one fixed permutation and group size; no cross-permutation pooling
PAIRED_GROUP_BOOTSTRAP,R2,10,200,M11_MINUS_S_ADAPT,M11,S_ADAPT,SEED_530101,40,coverage_per_image,true,0.05549999999999994,5.549999999999994,0.03998749999999988,0.0719999999999999,1,complete frozen 10-image allocation group,5000,1899792285,4ada9b01720499ea2d1f5568a7ba6bf6b1a84fbe93f800622f838522774b4a6b,,,,,paired within one fixed permutation and group size; no cross-permutation pooling
PAIRED_GROUP_BOOTSTRAP,R2,10,200,M11_MINUS_S_ADAPT,M11,S_ADAPT,SEED_530101,CORE_10_15_20,coverage_per_image,true,0.10050000000000002,10.050000000000002,0.08216249999999999,0.1195,1,complete frozen 10-image allocation group,5000,1899792285,4ada9b01720499ea2d1f5568a7ba6bf6b1a84fbe93f800622f838522774b4a6b,,,,,paired within one fixed permutation and group size; no cross-permutation pooling
PAIRED_GROUP_BOOTSTRAP,R2,10,200,M11_MINUS_S_ADAPT,M11,S_ADAPT,SEED_530101,10,quality_per_image,true,0.11153950988923428,11.153950988923429,0.08816017250579278,0.13536725951904335,1,complete frozen 10-image allocation group,5000,1899792285,4ada9b01720499ea2d1f5568a7ba6bf6b1a84fbe93f800622f838522774b4a6b,,,,,paired within one fixed permutation and group size; no cross-permutation pooling
PAIRED_GROUP_BOOTSTRAP,R2,10,200,M11_MINUS_S_ADAPT,M11,S_ADAPT,SEED_530101,15,quality_per_image,true,0.12343311199541546,12.343311199541546,0.10083402242769375,0.14703905063604755,1,complete frozen 10-image allocation group,5000,1899792285,4ada9b01720499ea2d1f5568a7ba6bf6b1a84fbe93f800622f838522774b4a6b,,,,,paired within one fixed permutation and group size; no cross-permutation pooling
PAIRED_GROUP_BOOTSTRAP,R2,10,200,M11_MINUS_S_ADAPT,M11,S_ADAPT,SEED_530101,20,quality_per_image,true,0.09334425950171024,9.334425950171024,0.07499885637018933,0.11134856041745578,1,complete frozen 10-image allocation group,5000,1899792285,4ada9b01720499ea2d1f5568a7ba6bf6b1a84fbe93f800622f838522774b4a6b,,,,,paired within one fixed permutation and group size; no cross-permutation pooling
PAIRED_GROUP_BOOTSTRAP,R2,10,200,M11_MINUS_S_ADAPT,M11,S_ADAPT,SEED_530101,30,quality_per_image,true,0.0561020084783127,5.61020084783127,0.04240045740939526,0.06997365357080348,1,complete frozen 10-image allocation group,5000,1899792285,4ada9b01720499ea2d1f5568a7ba6bf6b1a84fbe93f800622f838522774b4a6b,,,,,paired within one fixed permutation and group size; no cross-permutation pooling
PAIRED_GROUP_BOOTSTRAP,R2,10,200,M11_MINUS_S_ADAPT,M11,S_ADAPT,SEED_530101,40,quality_per_image,true,0.029384588957865415,2.9384588957865416,0.01995561554240545,0.039091972038079494,1,complete frozen 10-image allocation group,5000,1899792285,4ada9b01720499ea2d1f5568a7ba6bf6b1a84fbe93f800622f838522774b4a6b,,,,,paired within one fixed permutation and group size; no cross-permutation pooling
PAIRED_GROUP_BOOTSTRAP,R2,10,200,M11_MINUS_S_ADAPT,M11,S_ADAPT,SEED_530101,CORE_10_15_20,quality_per_image,true,0.10943896046212,10.943896046212,0.09544170793123363,0.12347354662799113,1,complete frozen 10-image allocation group,5000,1899792285,4ada9b01720499ea2d1f5568a7ba6bf6b1a84fbe93f800622f838522774b4a6b,,,,,paired within one fixed permutation and group size; no cross-permutation pooling
PAIRED_GROUP_BOOTSTRAP,R2,10,200,M11_MINUS_S_ADAPT,M11,S_ADAPT,SEED_530102,10,coverage_per_image,true,0.04650000000000001,4.65,0.017000000000000026,0.07550000000000001,0.999,complete frozen 10-image allocation group,5000,1899792285,4ada9b01720499ea2d1f5568a7ba6bf6b1a84fbe93f800622f838522774b4a6b,,,,,paired within one fixed permutation and group size; no cross-permutation pooling
PAIRED_GROUP_BOOTSTRAP,R2,10,200,M11_MINUS_S_ADAPT,M11,S_ADAPT,SEED_530102,15,coverage_per_image,true,0.10000000000000005,10.000000000000005,0.07000000000000002,0.13000000000000012,1,complete frozen 10-image allocation group,5000,1899792285,4ada9b01720499ea2d1f5568a7ba6bf6b1a84fbe93f800622f838522774b4a6b,,,,,paired within one fixed permutation and group size; no cross-permutation pooling
PAIRED_GROUP_BOOTSTRAP,R2,10,200,M11_MINUS_S_ADAPT,M11,S_ADAPT,SEED_530102,20,coverage_per_image,true,0.08900000000000004,8.900000000000004,0.05950000000000007,0.11700000000000006,1,complete frozen 10-image allocation group,5000,1899792285,4ada9b01720499ea2d1f5568a7ba6bf6b1a84fbe93f800622f838522774b4a6b,,,,,paired within one fixed permutation and group size; no cross-permutation pooling
PAIRED_GROUP_BOOTSTRAP,R2,10,200,M11_MINUS_S_ADAPT,M11,S_ADAPT,SEED_530102,30,coverage_per_image,true,0.08949999999999983,8.949999999999983,0.062499999999999806,0.1159999999999998,1,complete frozen 10-image allocation group,5000,1899792285,4ada9b01720499ea2d1f5568a7ba6bf6b1a84fbe93f800622f838522774b4a6b,,,,,paired within one fixed permutation and group size; no cross-permutation pooling
PAIRED_GROUP_BOOTSTRAP,R2,10,200,M11_MINUS_S_ADAPT,M11,S_ADAPT,SEED_530102,40,coverage_per_image,true,0.05649999999999997,5.649999999999997,0.040000000000000036,0.07349999999999994,1,complete frozen 10-image allocation group,5000,1899792285,4ada9b01720499ea2d1f5568a7ba6bf6b1a84fbe93f800622f838522774b4a6b,,,,,paired within one fixed permutation and group size; no cross-permutation pooling
PAIRED_GROUP_BOOTSTRAP,R2,10,200,M11_MINUS_S_ADAPT,M11,S_ADAPT,SEED_530102,CORE_10_15_20,coverage_per_image,true,0.07850000000000003,7.850000000000003,0.05983333333333335,0.0981666666666667,1,complete frozen 10-image allocation group,5000,1899792285,4ada9b01720499ea2d1f5568a7ba6bf6b1a84fbe93f800622f838522774b4a6b,,,,,paired within one fixed permutation and group size; no cross-permutation pooling
PAIRED_GROUP_BOOTSTRAP,R2,10,200,M11_MINUS_S_ADAPT,M11,S_ADAPT,SEED_530102,10,quality_per_image,true,0.10804325320121055,10.804325320121055,0.08441752840843966,0.13253052021424766,1,complete frozen 10-image allocation group,5000,1899792285,4ada9b01720499ea2d1f5568a7ba6bf6b1a84fbe93f800622f838522774b4a6b,,,,,paired within one fixed permutation and group size; no cross-permutation pooling
PAIRED_GROUP_BOOTSTRAP,R2,10,200,M11_MINUS_S_ADAPT,M11,S_ADAPT,SEED_530102,15,quality_per_image,true,0.11422244985310613,11.422244985310613,0.09274982119501828,0.13606419618115217,1,complete frozen 10-image allocation group,5000,1899792285,4ada9b01720499ea2d1f5568a7ba6bf6b1a84fbe93f800622f838522774b4a6b,,,,,paired within one fixed permutation and group size; no cross-permutation pooling
PAIRED_GROUP_BOOTSTRAP,R2,10,200,M11_MINUS_S_ADAPT,M11,S_ADAPT,SEED_530102,20,quality_per_image,true,0.08864303991942699,8.864303991942698,0.07090034912739326,0.10539381188200236,1,complete frozen 10-image allocation group,5000,1899792285,4ada9b01720499ea2d1f5568a7ba6bf6b1a84fbe93f800622f838522774b4a6b,,,,,paired within one fixed permutation and group size; no cross-permutation pooling
PAIRED_GROUP_BOOTSTRAP,R2,10,200,M11_MINUS_S_ADAPT,M11,S_ADAPT,SEED_530102,30,quality_per_image,true,0.05630044304898444,5.630044304898444,0.04030481513258172,0.07229445709282499,1,complete frozen 10-image allocation group,5000,1899792285,4ada9b01720499ea2d1f5568a7ba6bf6b1a84fbe93f800622f838522774b4a6b,,,,,paired within one fixed permutation and group size; no cross-permutation pooling
PAIRED_GROUP_BOOTSTRAP,R2,10,200,M11_MINUS_S_ADAPT,M11,S_ADAPT,SEED_530102,40,quality_per_image,true,0.034153511115083024,3.4153511115083024,0.02441553814181423,0.04434764898079093,1,complete frozen 10-image allocation group,5000,1899792285,4ada9b01720499ea2d1f5568a7ba6bf6b1a84fbe93f800622f838522774b4a6b,,,,,paired within one fixed permutation and group size; no cross-permutation pooling
PAIRED_GROUP_BOOTSTRAP,R2,10,200,M11_MINUS_S_ADAPT,M11,S_ADAPT,SEED_530102,CORE_10_15_20,quality_per_image,true,0.10363624765791454,10.363624765791455,0.08971727182341509,0.11756184873050128,1,complete frozen 10-image allocation group,5000,1899792285,4ada9b01720499ea2d1f5568a7ba6bf6b1a84fbe93f800622f838522774b4a6b,,,,,paired within one fixed permutation and group size; no cross-permutation pooling
PAIRED_GROUP_BOOTSTRAP,R2,10,200,M11_MINUS_S_ADAPT,M11,S_ADAPT,SEED_530103,10,coverage_per_image,true,0.06950000000000002,6.950000000000002,0.041000000000000016,0.09899999999999999,1,complete frozen 10-image allocation group,5000,1899792285,4ada9b01720499ea2d1f5568a7ba6bf6b1a84fbe93f800622f838522774b4a6b,,,,,paired within one fixed permutation and group size; no cross-permutation pooling
PAIRED_GROUP_BOOTSTRAP,R2,10,200,M11_MINUS_S_ADAPT,M11,S_ADAPT,SEED_530103,15,coverage_per_image,true,0.11700000000000003,11.700000000000003,0.08900000000000008,0.14500000000000005,1,complete frozen 10-image allocation group,5000,1899792285,4ada9b01720499ea2d1f5568a7ba6bf6b1a84fbe93f800622f838522774b4a6b,,,,,paired within one fixed permutation and group size; no cross-permutation pooling
PAIRED_GROUP_BOOTSTRAP,R2,10,200,M11_MINUS_S_ADAPT,M11,S_ADAPT,SEED_530103,20,coverage_per_image,true,0.11049999999999999,11.049999999999999,0.08100000000000009,0.14049999999999987,1,complete frozen 10-image allocation group,5000,1899792285,4ada9b01720499ea2d1f5568a7ba6bf6b1a84fbe93f800622f838522774b4a6b,,,,,paired within one fixed permutation and group size; no cross-permutation pooling
PAIRED_GROUP_BOOTSTRAP,R2,10,200,M11_MINUS_S_ADAPT,M11,S_ADAPT,SEED_530103,30,coverage_per_image,true,0.09449999999999989,9.449999999999989,0.06849999999999991,0.1199999999999999,1,complete frozen 10-image allocation group,5000,1899792285,4ada9b01720499ea2d1f5568a7ba6bf6b1a84fbe93f800622f838522774b4a6b,,,,,paired within one fixed permutation and group size; no cross-permutation pooling
PAIRED_GROUP_BOOTSTRAP,R2,10,200,M11_MINUS_S_ADAPT,M11,S_ADAPT,SEED_530103,40,coverage_per_image,true,0.06349999999999997,6.349999999999997,0.04699999999999997,0.08049999999999997,1,complete frozen 10-image allocation group,5000,1899792285,4ada9b01720499ea2d1f5568a7ba6bf6b1a84fbe93f800622f838522774b4a6b,,,,,paired within one fixed permutation and group size; no cross-permutation pooling
PAIRED_GROUP_BOOTSTRAP,R2,10,200,M11_MINUS_S_ADAPT,M11,S_ADAPT,SEED_530103,CORE_10_15_20,coverage_per_image,true,0.099,9.9,0.07983333333333337,0.11800000000000001,1,complete frozen 10-image allocation group,5000,1899792285,4ada9b01720499ea2d1f5568a7ba6bf6b1a84fbe93f800622f838522774b4a6b,,,,,paired within one fixed permutation and group size; no cross-permutation pooling
PAIRED_GROUP_BOOTSTRAP,R2,10,200,M11_MINUS_S_ADAPT,M11,S_ADAPT,SEED_530103,10,quality_per_image,true,0.11625249571022056,11.625249571022056,0.09361261117685392,0.13915519770899656,1,complete frozen 10-image allocation group,5000,1899792285,4ada9b01720499ea2d1f5568a7ba6bf6b1a84fbe93f800622f838522774b4a6b,,,,,paired within one fixed permutation and group size; no cross-permutation pooling
PAIRED_GROUP_BOOTSTRAP,R2,10,200,M11_MINUS_S_ADAPT,M11,S_ADAPT,SEED_530103,15,quality_per_image,true,0.12484470808362291,12.48447080836229,0.10113762627017565,0.14845243259387478,1,complete frozen 10-image allocation group,5000,1899792285,4ada9b01720499ea2d1f5568a7ba6bf6b1a84fbe93f800622f838522774b4a6b,,,,,paired within one fixed permutation and group size; no cross-permutation pooling
PAIRED_GROUP_BOOTSTRAP,R2,10,200,M11_MINUS_S_ADAPT,M11,S_ADAPT,SEED_530103,20,quality_per_image,true,0.10221534986803754,10.221534986803753,0.08463883035929042,0.12007149679902225,1,complete frozen 10-image allocation group,5000,1899792285,4ada9b01720499ea2d1f5568a7ba6bf6b1a84fbe93f800622f838522774b4a6b,,,,,paired within one fixed permutation and group size; no cross-permutation pooling
PAIRED_GROUP_BOOTSTRAP,R2,10,200,M11_MINUS_S_ADAPT,M11,S_ADAPT,SEED_530103,30,quality_per_image,true,0.05837390072718379,5.837390072718379,0.04289820502326975,0.07380993374750551,1,complete frozen 10-image allocation group,5000,1899792285,4ada9b01720499ea2d1f5568a7ba6bf6b1a84fbe93f800622f838522774b4a6b,,,,,paired within one fixed permutation and group size; no cross-permutation pooling
PAIRED_GROUP_BOOTSTRAP,R2,10,200,M11_MINUS_S_ADAPT,M11,S_ADAPT,SEED_530103,40,quality_per_image,true,0.03179287942156981,3.179287942156981,0.02263928840230923,0.04168010700403825,1,complete frozen 10-image allocation group,5000,1899792285,4ada9b01720499ea2d1f5568a7ba6bf6b1a84fbe93f800622f838522774b4a6b,,,,,paired within one fixed permutation and group size; no cross-permutation pooling
PAIRED_GROUP_BOOTSTRAP,R2,10,200,M11_MINUS_S_ADAPT,M11,S_ADAPT,SEED_530103,CORE_10_15_20,quality_per_image,true,0.11443751788729366,11.443751788729365,0.10025771158440713,0.12856958711649605,1,complete frozen 10-image allocation group,5000,1899792285,4ada9b01720499ea2d1f5568a7ba6bf6b1a84fbe93f800622f838522774b4a6b,,,,,paired within one fixed permutation and group size; no cross-permutation pooling
PAIRED_GROUP_BOOTSTRAP,R2,10,200,S_ADAPT_MINUS_S_FIXED,S_ADAPT,S_FIXED,DETERMINISTIC,10,coverage_per_image,true,0.612,61.199999999999996,0.5614874999999999,0.6610124999999999,1,complete frozen 10-image allocation group,5000,1899792285,4ada9b01720499ea2d1f5568a7ba6bf6b1a84fbe93f800622f838522774b4a6b,,,,,paired within one fixed permutation and group size; no cross-permutation pooling
PAIRED_GROUP_BOOTSTRAP,R2,10,200,S_ADAPT_MINUS_S_FIXED,S_ADAPT,S_FIXED,DETERMINISTIC,15,coverage_per_image,true,0.5309999999999999,53.099999999999994,0.4760000000000001,0.583,1,complete frozen 10-image allocation group,5000,1899792285,4ada9b01720499ea2d1f5568a7ba6bf6b1a84fbe93f800622f838522774b4a6b,,,,,paired within one fixed permutation and group size; no cross-permutation pooling
PAIRED_GROUP_BOOTSTRAP,R2,10,200,S_ADAPT_MINUS_S_FIXED,S_ADAPT,S_FIXED,DETERMINISTIC,20,coverage_per_image,true,0.41300000000000003,41.300000000000004,0.36450000000000005,0.46099999999999997,1,complete frozen 10-image allocation group,5000,1899792285,4ada9b01720499ea2d1f5568a7ba6bf6b1a84fbe93f800622f838522774b4a6b,,,,,paired within one fixed permutation and group size; no cross-permutation pooling
PAIRED_GROUP_BOOTSTRAP,R2,10,200,S_ADAPT_MINUS_S_FIXED,S_ADAPT,S_FIXED,DETERMINISTIC,30,coverage_per_image,true,0.30350000000000005,30.350000000000005,0.2595,0.347,1,complete frozen 10-image allocation group,5000,1899792285,4ada9b01720499ea2d1f5568a7ba6bf6b1a84fbe93f800622f838522774b4a6b,,,,,paired within one fixed permutation and group size; no cross-permutation pooling
PAIRED_GROUP_BOOTSTRAP,R2,10,200,S_ADAPT_MINUS_S_FIXED,S_ADAPT,S_FIXED,DETERMINISTIC,40,coverage_per_image,true,0.19500000000000003,19.500000000000004,0.16550000000000004,0.22350000000000012,1,complete frozen 10-image allocation group,5000,1899792285,4ada9b01720499ea2d1f5568a7ba6bf6b1a84fbe93f800622f838522774b4a6b,,,,,paired within one fixed permutation and group size; no cross-permutation pooling
PAIRED_GROUP_BOOTSTRAP,R2,10,200,S_ADAPT_MINUS_S_FIXED,S_ADAPT,S_FIXED,DETERMINISTIC,CORE_10_15_20,coverage_per_image,true,0.5186666666666667,51.866666666666674,0.47633333333333333,0.5598333333333333,1,complete frozen 10-image allocation group,5000,1899792285,4ada9b01720499ea2d1f5568a7ba6bf6b1a84fbe93f800622f838522774b4a6b,,,,,paired within one fixed permutation and group size; no cross-permutation pooling
PAIRED_GROUP_BOOTSTRAP,R2,10,200,S_ADAPT_MINUS_S_FIXED,S_ADAPT,S_FIXED,DETERMINISTIC,10,quality_per_image,true,0.38736785093955,38.736785093955,0.3438988728399018,0.4316379586295334,1,complete frozen 10-image allocation group,5000,1899792285,4ada9b01720499ea2d1f5568a7ba6bf6b1a84fbe93f800622f838522774b4a6b,,,,,paired within one fixed permutation and group size; no cross-permutation pooling
PAIRED_GROUP_BOOTSTRAP,R2,10,200,S_ADAPT_MINUS_S_FIXED,S_ADAPT,S_FIXED,DETERMINISTIC,15,quality_per_image,true,0.31473881817049315,31.473881817049314,0.27568160498916133,0.3546496997573002,1,complete frozen 10-image allocation group,5000,1899792285,4ada9b01720499ea2d1f5568a7ba6bf6b1a84fbe93f800622f838522774b4a6b,,,,,paired within one fixed permutation and group size; no cross-permutation pooling
PAIRED_GROUP_BOOTSTRAP,R2,10,200,S_ADAPT_MINUS_S_FIXED,S_ADAPT,S_FIXED,DETERMINISTIC,20,quality_per_image,true,0.2544790449747451,25.44790449747451,0.22244475570071537,0.2891010848798093,1,complete frozen 10-image allocation group,5000,1899792285,4ada9b01720499ea2d1f5568a7ba6bf6b1a84fbe93f800622f838522774b4a6b,,,,,paired within one fixed permutation and group size; no cross-permutation pooling
PAIRED_GROUP_BOOTSTRAP,R2,10,200,S_ADAPT_MINUS_S_FIXED,S_ADAPT,S_FIXED,DETERMINISTIC,30,quality_per_image,true,0.17717572450653502,17.717572450653503,0.1506136681157747,0.20482319998997717,1,complete frozen 10-image allocation group,5000,1899792285,4ada9b01720499ea2d1f5568a7ba6bf6b1a84fbe93f800622f838522774b4a6b,,,,,paired within one fixed permutation and group size; no cross-permutation pooling
PAIRED_GROUP_BOOTSTRAP,R2,10,200,S_ADAPT_MINUS_S_FIXED,S_ADAPT,S_FIXED,DETERMINISTIC,40,quality_per_image,true,0.1021832125931939,10.21832125931939,0.0861087919027459,0.11892107696043402,1,complete frozen 10-image allocation group,5000,1899792285,4ada9b01720499ea2d1f5568a7ba6bf6b1a84fbe93f800622f838522774b4a6b,,,,,paired within one fixed permutation and group size; no cross-permutation pooling
PAIRED_GROUP_BOOTSTRAP,R2,10,200,S_ADAPT_MINUS_S_FIXED,S_ADAPT,S_FIXED,DETERMINISTIC,CORE_10_15_20,quality_per_image,true,0.3188619046949295,31.88619046949295,0.28628627362386944,0.3526751803260416,1,complete frozen 10-image allocation group,5000,1899792285,4ada9b01720499ea2d1f5568a7ba6bf6b1a84fbe93f800622f838522774b4a6b,,,,,paired within one fixed permutation and group size; no cross-permutation pooling
PAIRED_GROUP_BOOTSTRAP,R2,20,100,M11_MINUS_S_ADAPT,M11,S_ADAPT,THREE_SEED_MEAN,10,coverage_per_image,true,0.08466666666666665,8.466666666666665,0.054833333333333296,0.11516666666666664,1,complete frozen 20-image allocation group,5000,3057421973,5aa1e13fd6abdca020d713ea1bbfc6ff93703ec83a2e68661aa48e2bf00eafea,,,,,paired within one fixed permutation and group size; no cross-permutation pooling
PAIRED_GROUP_BOOTSTRAP,R2,20,100,M11_MINUS_S_ADAPT,M11,S_ADAPT,THREE_SEED_MEAN,15,coverage_per_image,true,0.12199999999999996,12.199999999999996,0.09249999999999997,0.15166666666666676,1,complete frozen 20-image allocation group,5000,3057421973,5aa1e13fd6abdca020d713ea1bbfc6ff93703ec83a2e68661aa48e2bf00eafea,,,,,paired within one fixed permutation and group size; no cross-permutation pooling
PAIRED_GROUP_BOOTSTRAP,R2,20,100,M11_MINUS_S_ADAPT,M11,S_ADAPT,THREE_SEED_MEAN,20,coverage_per_image,true,0.1050000000000001,10.500000000000009,0.07666666666666672,0.1340000000000001,1,complete frozen 20-image allocation group,5000,3057421973,5aa1e13fd6abdca020d713ea1bbfc6ff93703ec83a2e68661aa48e2bf00eafea,,,,,paired within one fixed permutation and group size; no cross-permutation pooling
PAIRED_GROUP_BOOTSTRAP,R2,20,100,M11_MINUS_S_ADAPT,M11,S_ADAPT,THREE_SEED_MEAN,30,coverage_per_image,true,0.09766666666666675,9.766666666666675,0.07816250000000004,0.11766666666666675,1,complete frozen 20-image allocation group,5000,3057421973,5aa1e13fd6abdca020d713ea1bbfc6ff93703ec83a2e68661aa48e2bf00eafea,,,,,paired within one fixed permutation and group size; no cross-permutation pooling
PAIRED_GROUP_BOOTSTRAP,R2,20,100,M11_MINUS_S_ADAPT,M11,S_ADAPT,THREE_SEED_MEAN,40,coverage_per_image,true,0.06416666666666669,6.416666666666669,0.04716666666666667,0.08150416666666684,1,complete frozen 20-image allocation group,5000,3057421973,5aa1e13fd6abdca020d713ea1bbfc6ff93703ec83a2e68661aa48e2bf00eafea,,,,,paired within one fixed permutation and group size; no cross-permutation pooling
PAIRED_GROUP_BOOTSTRAP,R2,20,100,M11_MINUS_S_ADAPT,M11,S_ADAPT,THREE_SEED_MEAN,CORE_10_15_20,coverage_per_image,true,0.1038888888888889,10.388888888888891,0.08233194444444446,0.12538888888888897,1,complete frozen 20-image allocation group,5000,3057421973,5aa1e13fd6abdca020d713ea1bbfc6ff93703ec83a2e68661aa48e2bf00eafea,,,,,paired within one fixed permutation and group size; no cross-permutation pooling
PAIRED_GROUP_BOOTSTRAP,R2,20,100,M11_MINUS_S_ADAPT,M11,S_ADAPT,THREE_SEED_MEAN,10,quality_per_image,true,0.13127059097318516,13.127059097318517,0.10950232486965872,0.15310878045631995,1,complete frozen 20-image allocation group,5000,3057421973,5aa1e13fd6abdca020d713ea1bbfc6ff93703ec83a2e68661aa48e2bf00eafea,,,,,paired within one fixed permutation and group size; no cross-permutation pooling
PAIRED_GROUP_BOOTSTRAP,R2,20,100,M11_MINUS_S_ADAPT,M11,S_ADAPT,THREE_SEED_MEAN,15,quality_per_image,true,0.12174142247840958,12.174142247840958,0.10269098616425407,0.14120286531534287,1,complete frozen 20-image allocation group,5000,3057421973,5aa1e13fd6abdca020d713ea1bbfc6ff93703ec83a2e68661aa48e2bf00eafea,,,,,paired within one fixed permutation and group size; no cross-permutation pooling
PAIRED_GROUP_BOOTSTRAP,R2,20,100,M11_MINUS_S_ADAPT,M11,S_ADAPT,THREE_SEED_MEAN,20,quality_per_image,true,0.09676585976553927,9.676585976553927,0.07784962909008633,0.11574687789446837,1,complete frozen 20-image allocation group,5000,3057421973,5aa1e13fd6abdca020d713ea1bbfc6ff93703ec83a2e68661aa48e2bf00eafea,,,,,paired within one fixed permutation and group size; no cross-permutation pooling
PAIRED_GROUP_BOOTSTRAP,R2,20,100,M11_MINUS_S_ADAPT,M11,S_ADAPT,THREE_SEED_MEAN,30,quality_per_image,true,0.06352993539815228,6.352993539815229,0.049385563536613636,0.07843092599490986,1,complete frozen 20-image allocation group,5000,3057421973,5aa1e13fd6abdca020d713ea1bbfc6ff93703ec83a2e68661aa48e2bf00eafea,,,,,paired within one fixed permutation and group size; no cross-permutation pooling
PAIRED_GROUP_BOOTSTRAP,R2,20,100,M11_MINUS_S_ADAPT,M11,S_ADAPT,THREE_SEED_MEAN,40,quality_per_image,true,0.033325084959442065,3.3325084959442064,0.023638231400144778,0.04336670796898898,1,complete frozen 20-image allocation group,5000,3057421973,5aa1e13fd6abdca020d713ea1bbfc6ff93703ec83a2e68661aa48e2bf00eafea,,,,,paired within one fixed permutation and group size; no cross-permutation pooling
PAIRED_GROUP_BOOTSTRAP,R2,20,100,M11_MINUS_S_ADAPT,M11,S_ADAPT,THREE_SEED_MEAN,CORE_10_15_20,quality_per_image,true,0.11659262440571133,11.659262440571133,0.1031731759883071,0.13000843245016397,1,complete frozen 20-image allocation group,5000,3057421973,5aa1e13fd6abdca020d713ea1bbfc6ff93703ec83a2e68661aa48e2bf00eafea,,,,,paired within one fixed permutation and group size; no cross-permutation pooling
PAIRED_GROUP_BOOTSTRAP,R2,20,100,M11_MINUS_S_ADAPT,M11,S_ADAPT,SEED_530101,10,coverage_per_image,true,0.10100000000000002,10.100000000000001,0.07050000000000002,0.132,1,complete frozen 20-image allocation group,5000,3057421973,5aa1e13fd6abdca020d713ea1bbfc6ff93703ec83a2e68661aa48e2bf00eafea,,,,,paired within one fixed permutation and group size; no cross-permutation pooling
PAIRED_GROUP_BOOTSTRAP,R2,20,100,M11_MINUS_S_ADAPT,M11,S_ADAPT,SEED_530101,15,coverage_per_image,true,0.1379999999999999,13.79999999999999,0.10799999999999983,0.1679999999999999,1,complete frozen 20-image allocation group,5000,3057421973,5aa1e13fd6abdca020d713ea1bbfc6ff93703ec83a2e68661aa48e2bf00eafea,,,,,paired within one fixed permutation and group size; no cross-permutation pooling
PAIRED_GROUP_BOOTSTRAP,R2,20,100,M11_MINUS_S_ADAPT,M11,S_ADAPT,SEED_530101,20,coverage_per_image,true,0.11549999999999999,11.549999999999999,0.08400000000000003,0.1469999999999999,1,complete frozen 20-image allocation group,5000,3057421973,5aa1e13fd6abdca020d713ea1bbfc6ff93703ec83a2e68661aa48e2bf00eafea,,,,,paired within one fixed permutation and group size; no cross-permutation pooling
PAIRED_GROUP_BOOTSTRAP,R2,20,100,M11_MINUS_S_ADAPT,M11,S_ADAPT,SEED_530101,30,coverage_per_image,true,0.09450000000000001,9.450000000000001,0.07449999999999997,0.11550000000000002,1,complete frozen 20-image allocation group,5000,3057421973,5aa1e13fd6abdca020d713ea1bbfc6ff93703ec83a2e68661aa48e2bf00eafea,,,,,paired within one fixed permutation and group size; no cross-permutation pooling
PAIRED_GROUP_BOOTSTRAP,R2,20,100,M11_MINUS_S_ADAPT,M11,S_ADAPT,SEED_530101,40,coverage_per_image,true,0.061,6.1,0.0435000000000001,0.0789999999999999,1,complete frozen 20-image allocation group,5000,3057421973,5aa1e13fd6abdca020d713ea1bbfc6ff93703ec83a2e68661aa48e2bf00eafea,,,,,paired within one fixed permutation and group size; no cross-permutation pooling
PAIRED_GROUP_BOOTSTRAP,R2,20,100,M11_MINUS_S_ADAPT,M11,S_ADAPT,SEED_530101,CORE_10_15_20,coverage_per_image,true,0.11816666666666663,11.816666666666663,0.09732916666666655,0.13933333333333328,1,complete frozen 20-image allocation group,5000,3057421973,5aa1e13fd6abdca020d713ea1bbfc6ff93703ec83a2e68661aa48e2bf00eafea,,,,,paired within one fixed permutation and group size; no cross-permutation pooling
PAIRED_GROUP_BOOTSTRAP,R2,20,100,M11_MINUS_S_ADAPT,M11,S_ADAPT,SEED_530101,10,quality_per_image,true,0.12817677418488363,12.817677418488364,0.10526525560400324,0.15112715824702042,1,complete frozen 20-image allocation group,5000,3057421973,5aa1e13fd6abdca020d713ea1bbfc6ff93703ec83a2e68661aa48e2bf00eafea,,,,,paired within one fixed permutation and group size; no cross-permutation pooling
PAIRED_GROUP_BOOTSTRAP,R2,20,100,M11_MINUS_S_ADAPT,M11,S_ADAPT,SEED_530101,15,quality_per_image,true,0.12328086403401706,12.328086403401706,0.10408006098553572,0.142839191602072,1,complete frozen 20-image allocation group,5000,3057421973,5aa1e13fd6abdca020d713ea1bbfc6ff93703ec83a2e68661aa48e2bf00eafea,,,,,paired within one fixed permutation and group size; no cross-permutation pooling
PAIRED_GROUP_BOOTSTRAP,R2,20,100,M11_MINUS_S_ADAPT,M11,S_ADAPT,SEED_530101,20,quality_per_image,true,0.09649731626712538,9.649731626712537,0.07598979271172913,0.11728901339312567,1,complete frozen 20-image allocation group,5000,3057421973,5aa1e13fd6abdca020d713ea1bbfc6ff93703ec83a2e68661aa48e2bf00eafea,,,,,paired within one fixed permutation and group size; no cross-permutation pooling
PAIRED_GROUP_BOOTSTRAP,R2,20,100,M11_MINUS_S_ADAPT,M11,S_ADAPT,SEED_530101,30,quality_per_image,true,0.06301442597171535,6.301442597171534,0.04871968899780409,0.07823584588094537,1,complete frozen 20-image allocation group,5000,3057421973,5aa1e13fd6abdca020d713ea1bbfc6ff93703ec83a2e68661aa48e2bf00eafea,,,,,paired within one fixed permutation and group size; no cross-permutation pooling
PAIRED_GROUP_BOOTSTRAP,R2,20,100,M11_MINUS_S_ADAPT,M11,S_ADAPT,SEED_530101,40,quality_per_image,true,0.030273697671863626,3.0273697671863626,0.020588169361953196,0.040211341236196255,1,complete frozen 20-image allocation group,5000,3057421973,5aa1e13fd6abdca020d713ea1bbfc6ff93703ec83a2e68661aa48e2bf00eafea,,,,,paired within one fixed permutation and group size; no cross-permutation pooling
PAIRED_GROUP_BOOTSTRAP,R2,20,100,M11_MINUS_S_ADAPT,M11,S_ADAPT,SEED_530101,CORE_10_15_20,quality_per_image,true,0.11598498482867534,11.598498482867534,0.1030622085729778,0.1294035814468326,1,complete frozen 20-image allocation group,5000,3057421973,5aa1e13fd6abdca020d713ea1bbfc6ff93703ec83a2e68661aa48e2bf00eafea,,,,,paired within one fixed permutation and group size; no cross-permutation pooling
PAIRED_GROUP_BOOTSTRAP,R2,20,100,M11_MINUS_S_ADAPT,M11,S_ADAPT,SEED_530102,10,coverage_per_image,true,0.06699999999999998,6.6999999999999975,0.035499999999999955,0.09899999999999996,1,complete frozen 20-image allocation group,5000,3057421973,5aa1e13fd6abdca020d713ea1bbfc6ff93703ec83a2e68661aa48e2bf00eafea,,,,,paired within one fixed permutation and group size; no cross-permutation pooling
PAIRED_GROUP_BOOTSTRAP,R2,20,100,M11_MINUS_S_ADAPT,M11,S_ADAPT,SEED_530102,15,coverage_per_image,true,0.10149999999999998,10.149999999999999,0.06849999999999998,0.13399999999999998,1,complete frozen 20-image allocation group,5000,3057421973,5aa1e13fd6abdca020d713ea1bbfc6ff93703ec83a2e68661aa48e2bf00eafea,,,,,paired within one fixed permutation and group size; no cross-permutation pooling
PAIRED_GROUP_BOOTSTRAP,R2,20,100,M11_MINUS_S_ADAPT,M11,S_ADAPT,SEED_530102,20,coverage_per_image,true,0.08900000000000004,8.900000000000004,0.058487499999999984,0.12050000000000004,1,complete frozen 20-image allocation group,5000,3057421973,5aa1e13fd6abdca020d713ea1bbfc6ff93703ec83a2e68661aa48e2bf00eafea,,,,,paired within one fixed permutation and group size; no cross-permutation pooling
PAIRED_GROUP_BOOTSTRAP,R2,20,100,M11_MINUS_S_ADAPT,M11,S_ADAPT,SEED_530102,30,coverage_per_image,true,0.09050000000000011,9.050000000000011,0.06800000000000017,0.11250000000000003,1,complete frozen 20-image allocation group,5000,3057421973,5aa1e13fd6abdca020d713ea1bbfc6ff93703ec83a2e68661aa48e2bf00eafea,,,,,paired within one fixed permutation and group size; no cross-permutation pooling
PAIRED_GROUP_BOOTSTRAP,R2,20,100,M11_MINUS_S_ADAPT,M11,S_ADAPT,SEED_530102,40,coverage_per_image,true,0.05699999999999996,5.699999999999996,0.039500000000000084,0.0745,1,complete frozen 20-image allocation group,5000,3057421973,5aa1e13fd6abdca020d713ea1bbfc6ff93703ec83a2e68661aa48e2bf00eafea,,,,,paired within one fixed permutation and group size; no cross-permutation pooling
PAIRED_GROUP_BOOTSTRAP,R2,20,100,M11_MINUS_S_ADAPT,M11,S_ADAPT,SEED_530102,CORE_10_15_20,coverage_per_image,true,0.08583333333333334,8.583333333333334,0.061166666666666654,0.10966666666666666,1,complete frozen 20-image allocation group,5000,3057421973,5aa1e13fd6abdca020d713ea1bbfc6ff93703ec83a2e68661aa48e2bf00eafea,,,,,paired within one fixed permutation and group size; no cross-permutation pooling
PAIRED_GROUP_BOOTSTRAP,R2,20,100,M11_MINUS_S_ADAPT,M11,S_ADAPT,SEED_530102,10,quality_per_image,true,0.12927565998135024,12.927565998135023,0.1053256762729744,0.15343301088390884,1,complete frozen 20-image allocation group,5000,3057421973,5aa1e13fd6abdca020d713ea1bbfc6ff93703ec83a2e68661aa48e2bf00eafea,,,,,paired within one fixed permutation and group size; no cross-permutation pooling
PAIRED_GROUP_BOOTSTRAP,R2,20,100,M11_MINUS_S_ADAPT,M11,S_ADAPT,SEED_530102,15,quality_per_image,true,0.1138020148643817,11.38020148643817,0.09448455907681977,0.13352336741856136,1,complete frozen 20-image allocation group,5000,3057421973,5aa1e13fd6abdca020d713ea1bbfc6ff93703ec83a2e68661aa48e2bf00eafea,,,,,paired within one fixed permutation and group size; no cross-permutation pooling
PAIRED_GROUP_BOOTSTRAP,R2,20,100,M11_MINUS_S_ADAPT,M11,S_ADAPT,SEED_530102,20,quality_per_image,true,0.09230015881363508,9.230015881363508,0.07279659731610676,0.1121010622130343,1,complete frozen 20-image allocation group,5000,3057421973,5aa1e13fd6abdca020d713ea1bbfc6ff93703ec83a2e68661aa48e2bf00eafea,,,,,paired within one fixed permutation and group size; no cross-permutation pooling
PAIRED_GROUP_BOOTSTRAP,R2,20,100,M11_MINUS_S_ADAPT,M11,S_ADAPT,SEED_530102,30,quality_per_image,true,0.06065797404901074,6.065797404901074,0.0461551272937697,0.07569947374107676,1,complete frozen 20-image allocation group,5000,3057421973,5aa1e13fd6abdca020d713ea1bbfc6ff93703ec83a2e68661aa48e2bf00eafea,,,,,paired within one fixed permutation and group size; no cross-permutation pooling
PAIRED_GROUP_BOOTSTRAP,R2,20,100,M11_MINUS_S_ADAPT,M11,S_ADAPT,SEED_530102,40,quality_per_image,true,0.0319980101889999,3.19980101889999,0.021834899725594912,0.04228467683559304,1,complete frozen 20-image allocation group,5000,3057421973,5aa1e13fd6abdca020d713ea1bbfc6ff93703ec83a2e68661aa48e2bf00eafea,,,,,paired within one fixed permutation and group size; no cross-permutation pooling
PAIRED_GROUP_BOOTSTRAP,R2,20,100,M11_MINUS_S_ADAPT,M11,S_ADAPT,SEED_530102,CORE_10_15_20,quality_per_image,true,0.11179261121978898,11.179261121978898,0.09795030781384836,0.12574752041557707,1,complete frozen 20-image allocation group,5000,3057421973,5aa1e13fd6abdca020d713ea1bbfc6ff93703ec83a2e68661aa48e2bf00eafea,,,,,paired within one fixed permutation and group size; no cross-permutation pooling
PAIRED_GROUP_BOOTSTRAP,R2,20,100,M11_MINUS_S_ADAPT,M11,S_ADAPT,SEED_530103,10,coverage_per_image,true,0.08600000000000005,8.600000000000005,0.05348750000000001,0.11851249999999987,1,complete frozen 20-image allocation group,5000,3057421973,5aa1e13fd6abdca020d713ea1bbfc6ff93703ec83a2e68661aa48e2bf00eafea,,,,,paired within one fixed permutation and group size; no cross-permutation pooling
PAIRED_GROUP_BOOTSTRAP,R2,20,100,M11_MINUS_S_ADAPT,M11,S_ADAPT,SEED_530103,15,coverage_per_image,true,0.12649999999999997,12.649999999999997,0.09300000000000003,0.1604999999999999,1,complete frozen 20-image allocation group,5000,3057421973,5aa1e13fd6abdca020d713ea1bbfc6ff93703ec83a2e68661aa48e2bf00eafea,,,,,paired within one fixed permutation and group size; no cross-permutation pooling
PAIRED_GROUP_BOOTSTRAP,R2,20,100,M11_MINUS_S_ADAPT,M11,S_ADAPT,SEED_530103,20,coverage_per_image,true,0.11049999999999997,11.049999999999997,0.08049999999999996,0.142,1,complete frozen 20-image allocation group,5000,3057421973,5aa1e13fd6abdca020d713ea1bbfc6ff93703ec83a2e68661aa48e2bf00eafea,,,,,paired within one fixed permutation and group size; no cross-permutation pooling
PAIRED_GROUP_BOOTSTRAP,R2,20,100,M11_MINUS_S_ADAPT,M11,S_ADAPT,SEED_530103,30,coverage_per_image,true,0.10799999999999997,10.799999999999997,0.08749999999999997,0.128,1,complete frozen 20-image allocation group,5000,3057421973,5aa1e13fd6abdca020d713ea1bbfc6ff93703ec83a2e68661aa48e2bf00eafea,,,,,paired within one fixed permutation and group size; no cross-permutation pooling
PAIRED_GROUP_BOOTSTRAP,R2,20,100,M11_MINUS_S_ADAPT,M11,S_ADAPT,SEED_530103,40,coverage_per_image,true,0.07450000000000005,7.4500000000000055,0.05450000000000005,0.09549999999999999,1,complete frozen 20-image allocation group,5000,3057421973,5aa1e13fd6abdca020d713ea1bbfc6ff93703ec83a2e68661aa48e2bf00eafea,,,,,paired within one fixed permutation and group size; no cross-permutation pooling
PAIRED_GROUP_BOOTSTRAP,R2,20,100,M11_MINUS_S_ADAPT,M11,S_ADAPT,SEED_530103,CORE_10_15_20,coverage_per_image,true,0.10766666666666666,10.766666666666666,0.08583333333333341,0.12983333333333333,1,complete frozen 20-image allocation group,5000,3057421973,5aa1e13fd6abdca020d713ea1bbfc6ff93703ec83a2e68661aa48e2bf00eafea,,,,,paired within one fixed permutation and group size; no cross-permutation pooling
PAIRED_GROUP_BOOTSTRAP,R2,20,100,M11_MINUS_S_ADAPT,M11,S_ADAPT,SEED_530103,10,quality_per_image,true,0.13635933875332185,13.635933875332185,0.11327467831039648,0.15905249774439062,1,complete frozen 20-image allocation group,5000,3057421973,5aa1e13fd6abdca020d713ea1bbfc6ff93703ec83a2e68661aa48e2bf00eafea,,,,,paired within one fixed permutation and group size; no cross-permutation pooling
PAIRED_GROUP_BOOTSTRAP,R2,20,100,M11_MINUS_S_ADAPT,M11,S_ADAPT,SEED_530103,15,quality_per_image,true,0.12814138853683,12.814138853683,0.10540749726011804,0.15155436928333577,1,complete frozen 20-image allocation group,5000,3057421973,5aa1e13fd6abdca020d713ea1bbfc6ff93703ec83a2e68661aa48e2bf00eafea,,,,,paired within one fixed permutation and group size; no cross-permutation pooling
PAIRED_GROUP_BOOTSTRAP,R2,20,100,M11_MINUS_S_ADAPT,M11,S_ADAPT,SEED_530103,20,quality_per_image,true,0.10150010421585731,10.150010421585732,0.08189377461525404,0.12109453575523009,1,complete frozen 20-image allocation group,5000,3057421973,5aa1e13fd6abdca020d713ea1bbfc6ff93703ec83a2e68661aa48e2bf00eafea,,,,,paired within one fixed permutation and group size; no cross-permutation pooling
PAIRED_GROUP_BOOTSTRAP,R2,20,100,M11_MINUS_S_ADAPT,M11,S_ADAPT,SEED_530103,30,quality_per_image,true,0.06691740617373078,6.691740617373078,0.0520558141240338,0.08250946296371556,1,complete frozen 20-image allocation group,5000,3057421973,5aa1e13fd6abdca020d713ea1bbfc6ff93703ec83a2e68661aa48e2bf00eafea,,,,,paired within one fixed permutation and group size; no cross-permutation pooling
PAIRED_GROUP_BOOTSTRAP,R2,20,100,M11_MINUS_S_ADAPT,M11,S_ADAPT,SEED_530103,40,quality_per_image,true,0.037703547017462674,3.7703547017462675,0.02676464985572137,0.049126159979282165,1,complete frozen 20-image allocation group,5000,3057421973,5aa1e13fd6abdca020d713ea1bbfc6ff93703ec83a2e68661aa48e2bf00eafea,,,,,paired within one fixed permutation and group size; no cross-permutation pooling
PAIRED_GROUP_BOOTSTRAP,R2,20,100,M11_MINUS_S_ADAPT,M11,S_ADAPT,SEED_530103,CORE_10_15_20,quality_per_image,true,0.12200027716866972,12.200027716866972,0.10685526405011604,0.13712016102500446,1,complete frozen 20-image allocation group,5000,3057421973,5aa1e13fd6abdca020d713ea1bbfc6ff93703ec83a2e68661aa48e2bf00eafea,,,,,paired within one fixed permutation and group size; no cross-permutation pooling
PAIRED_GROUP_BOOTSTRAP,R2,20,100,S_ADAPT_MINUS_S_FIXED,S_ADAPT,S_FIXED,DETERMINISTIC,10,coverage_per_image,true,0.6515000000000001,65.15,0.598,0.7060124999999999,1,complete frozen 20-image allocation group,5000,3057421973,5aa1e13fd6abdca020d713ea1bbfc6ff93703ec83a2e68661aa48e2bf00eafea,,,,,paired within one fixed permutation and group size; no cross-permutation pooling
PAIRED_GROUP_BOOTSTRAP,R2,20,100,S_ADAPT_MINUS_S_FIXED,S_ADAPT,S_FIXED,DETERMINISTIC,15,coverage_per_image,true,0.5570000000000002,55.70000000000002,0.5029875,0.6105000000000002,1,complete frozen 20-image allocation group,5000,3057421973,5aa1e13fd6abdca020d713ea1bbfc6ff93703ec83a2e68661aa48e2bf00eafea,,,,,paired within one fixed permutation and group size; no cross-permutation pooling
PAIRED_GROUP_BOOTSTRAP,R2,20,100,S_ADAPT_MINUS_S_FIXED,S_ADAPT,S_FIXED,DETERMINISTIC,20,coverage_per_image,true,0.435,43.5,0.3889874999999999,0.4800124999999998,1,complete frozen 20-image allocation group,5000,3057421973,5aa1e13fd6abdca020d713ea1bbfc6ff93703ec83a2e68661aa48e2bf00eafea,,,,,paired within one fixed permutation and group size; no cross-permutation pooling
PAIRED_GROUP_BOOTSTRAP,R2,20,100,S_ADAPT_MINUS_S_FIXED,S_ADAPT,S_FIXED,DETERMINISTIC,30,coverage_per_image,true,0.32349999999999995,32.349999999999994,0.2809874999999999,0.3660124999999999,1,complete frozen 20-image allocation group,5000,3057421973,5aa1e13fd6abdca020d713ea1bbfc6ff93703ec83a2e68661aa48e2bf00eafea,,,,,paired within one fixed permutation and group size; no cross-permutation pooling
PAIRED_GROUP_BOOTSTRAP,R2,20,100,S_ADAPT_MINUS_S_FIXED,S_ADAPT,S_FIXED,DETERMINISTIC,40,coverage_per_image,true,0.2025,20.25,0.17600000000000002,0.22999999999999993,1,complete frozen 20-image allocation group,5000,3057421973,5aa1e13fd6abdca020d713ea1bbfc6ff93703ec83a2e68661aa48e2bf00eafea,,,,,paired within one fixed permutation and group size; no cross-permutation pooling
PAIRED_GROUP_BOOTSTRAP,R2,20,100,S_ADAPT_MINUS_S_FIXED,S_ADAPT,S_FIXED,DETERMINISTIC,CORE_10_15_20,coverage_per_image,true,0.5478333333333334,54.78333333333334,0.5054958333333333,0.59,1,complete frozen 20-image allocation group,5000,3057421973,5aa1e13fd6abdca020d713ea1bbfc6ff93703ec83a2e68661aa48e2bf00eafea,,,,,paired within one fixed permutation and group size; no cross-permutation pooling
PAIRED_GROUP_BOOTSTRAP,R2,20,100,S_ADAPT_MINUS_S_FIXED,S_ADAPT,S_FIXED,DETERMINISTIC,10,quality_per_image,true,0.4107440544679994,41.074405446799936,0.3676138511674453,0.45392006061827395,1,complete frozen 20-image allocation group,5000,3057421973,5aa1e13fd6abdca020d713ea1bbfc6ff93703ec83a2e68661aa48e2bf00eafea,,,,,paired within one fixed permutation and group size; no cross-permutation pooling
PAIRED_GROUP_BOOTSTRAP,R2,20,100,S_ADAPT_MINUS_S_FIXED,S_ADAPT,S_FIXED,DETERMINISTIC,15,quality_per_image,true,0.33526488066799387,33.52648806679939,0.2944540074518263,0.3755753080338235,1,complete frozen 20-image allocation group,5000,3057421973,5aa1e13fd6abdca020d713ea1bbfc6ff93703ec83a2e68661aa48e2bf00eafea,,,,,paired within one fixed permutation and group size; no cross-permutation pooling
PAIRED_GROUP_BOOTSTRAP,R2,20,100,S_ADAPT_MINUS_S_FIXED,S_ADAPT,S_FIXED,DETERMINISTIC,20,quality_per_image,true,0.2667057104623687,26.67057104623687,0.23609197331860296,0.2997791295453771,1,complete frozen 20-image allocation group,5000,3057421973,5aa1e13fd6abdca020d713ea1bbfc6ff93703ec83a2e68661aa48e2bf00eafea,,,,,paired within one fixed permutation and group size; no cross-permutation pooling
PAIRED_GROUP_BOOTSTRAP,R2,20,100,S_ADAPT_MINUS_S_FIXED,S_ADAPT,S_FIXED,DETERMINISTIC,30,quality_per_image,true,0.18495202934974547,18.495202934974547,0.15655654711743325,0.21372694371100842,1,complete frozen 20-image allocation group,5000,3057421973,5aa1e13fd6abdca020d713ea1bbfc6ff93703ec83a2e68661aa48e2bf00eafea,,,,,paired within one fixed permutation and group size; no cross-permutation pooling
PAIRED_GROUP_BOOTSTRAP,R2,20,100,S_ADAPT_MINUS_S_FIXED,S_ADAPT,S_FIXED,DETERMINISTIC,40,quality_per_image,true,0.10579909603179846,10.579909603179846,0.08852490633722716,0.12284584057826838,1,complete frozen 20-image allocation group,5000,3057421973,5aa1e13fd6abdca020d713ea1bbfc6ff93703ec83a2e68661aa48e2bf00eafea,,,,,paired within one fixed permutation and group size; no cross-permutation pooling
PAIRED_GROUP_BOOTSTRAP,R2,20,100,S_ADAPT_MINUS_S_FIXED,S_ADAPT,S_FIXED,DETERMINISTIC,CORE_10_15_20,quality_per_image,true,0.33757154853278737,33.757154853278735,0.3041985009960056,0.37016269853705563,1,complete frozen 20-image allocation group,5000,3057421973,5aa1e13fd6abdca020d713ea1bbfc6ff93703ec83a2e68661aa48e2bf00eafea,,,,,paired within one fixed permutation and group size; no cross-permutation pooling
PAIRED_GROUP_BOOTSTRAP,R2,40,50,M11_MINUS_S_ADAPT,M11,S_ADAPT,THREE_SEED_MEAN,10,coverage_per_image,true,0.06433333333333327,6.433333333333327,0.03766666666666657,0.0903333333333333,1,complete frozen 40-image allocation group,5000,1446923107,6ec9caa16631f737a2aa9ad436b4e8ddd611ee758ffa1e5753c1c6ebf1a7245f,,,,,paired within one fixed permutation and group size; no cross-permutation pooling
PAIRED_GROUP_BOOTSTRAP,R2,40,50,M11_MINUS_S_ADAPT,M11,S_ADAPT,THREE_SEED_MEAN,15,coverage_per_image,true,0.10999999999999996,10.999999999999996,0.07816249999999969,0.1421666666666668,1,complete frozen 40-image allocation group,5000,1446923107,6ec9caa16631f737a2aa9ad436b4e8ddd611ee758ffa1e5753c1c6ebf1a7245f,,,,,paired within one fixed permutation and group size; no cross-permutation pooling
PAIRED_GROUP_BOOTSTRAP,R2,40,50,M11_MINUS_S_ADAPT,M11,S_ADAPT,THREE_SEED_MEAN,20,coverage_per_image,true,0.1093333333333333,10.93333333333333,0.07916666666666665,0.13966666666666663,1,complete frozen 40-image allocation group,5000,1446923107,6ec9caa16631f737a2aa9ad436b4e8ddd611ee758ffa1e5753c1c6ebf1a7245f,,,,,paired within one fixed permutation and group size; no cross-permutation pooling
PAIRED_GROUP_BOOTSTRAP,R2,40,50,M11_MINUS_S_ADAPT,M11,S_ADAPT,THREE_SEED_MEAN,30,coverage_per_image,true,0.10250000000000008,10.250000000000007,0.08266666666666672,0.12233333333333356,1,complete frozen 40-image allocation group,5000,1446923107,6ec9caa16631f737a2aa9ad436b4e8ddd611ee758ffa1e5753c1c6ebf1a7245f,,,,,paired within one fixed permutation and group size; no cross-permutation pooling
PAIRED_GROUP_BOOTSTRAP,R2,40,50,M11_MINUS_S_ADAPT,M11,S_ADAPT,THREE_SEED_MEAN,40,coverage_per_image,true,0.06950000000000013,6.9500000000000135,0.05266666666666687,0.08683333333333344,1,complete frozen 40-image allocation group,5000,1446923107,6ec9caa16631f737a2aa9ad436b4e8ddd611ee758ffa1e5753c1c6ebf1a7245f,,,,,paired within one fixed permutation and group size; no cross-permutation pooling
PAIRED_GROUP_BOOTSTRAP,R2,40,50,M11_MINUS_S_ADAPT,M11,S_ADAPT,THREE_SEED_MEAN,CORE_10_15_20,coverage_per_image,true,0.09455555555555552,9.455555555555552,0.07466666666666665,0.11533472222222212,1,complete frozen 40-image allocation group,5000,1446923107,6ec9caa16631f737a2aa9ad436b4e8ddd611ee758ffa1e5753c1c6ebf1a7245f,,,,,paired within one fixed permutation and group size; no cross-permutation pooling
PAIRED_GROUP_BOOTSTRAP,R2,40,50,M11_MINUS_S_ADAPT,M11,S_ADAPT,THREE_SEED_MEAN,10,quality_per_image,true,0.12776554261896592,12.776554261896592,0.10773325166542227,0.14872735083959474,1,complete frozen 40-image allocation group,5000,1446923107,6ec9caa16631f737a2aa9ad436b4e8ddd611ee758ffa1e5753c1c6ebf1a7245f,,,,,paired within one fixed permutation and group size; no cross-permutation pooling
PAIRED_GROUP_BOOTSTRAP,R2,40,50,M11_MINUS_S_ADAPT,M11,S_ADAPT,THREE_SEED_MEAN,15,quality_per_image,true,0.12582867831469638,12.582867831469638,0.10623342956201971,0.146158002114336,1,complete frozen 40-image allocation group,5000,1446923107,6ec9caa16631f737a2aa9ad436b4e8ddd611ee758ffa1e5753c1c6ebf1a7245f,,,,,paired within one fixed permutation and group size; no cross-permutation pooling
PAIRED_GROUP_BOOTSTRAP,R2,40,50,M11_MINUS_S_ADAPT,M11,S_ADAPT,THREE_SEED_MEAN,20,quality_per_image,true,0.09946730037482472,9.946730037482473,0.08010656338170674,0.1195690746154067,1,complete frozen 40-image allocation group,5000,1446923107,6ec9caa16631f737a2aa9ad436b4e8ddd611ee758ffa1e5753c1c6ebf1a7245f,,,,,paired within one fixed permutation and group size; no cross-permutation pooling
PAIRED_GROUP_BOOTSTRAP,R2,40,50,M11_MINUS_S_ADAPT,M11,S_ADAPT,THREE_SEED_MEAN,30,quality_per_image,true,0.06486442231052855,6.486442231052855,0.05072894503355559,0.0800902945374735,1,complete frozen 40-image allocation group,5000,1446923107,6ec9caa16631f737a2aa9ad436b4e8ddd611ee758ffa1e5753c1c6ebf1a7245f,,,,,paired within one fixed permutation and group size; no cross-permutation pooling
PAIRED_GROUP_BOOTSTRAP,R2,40,50,M11_MINUS_S_ADAPT,M11,S_ADAPT,THREE_SEED_MEAN,40,quality_per_image,true,0.035377394212683023,3.537739421268302,0.02446642130176416,0.04685607185145912,1,complete frozen 40-image allocation group,5000,1446923107,6ec9caa16631f737a2aa9ad436b4e8ddd611ee758ffa1e5753c1c6ebf1a7245f,,,,,paired within one fixed permutation and group size; no cross-permutation pooling
PAIRED_GROUP_BOOTSTRAP,R2,40,50,M11_MINUS_S_ADAPT,M11,S_ADAPT,THREE_SEED_MEAN,CORE_10_15_20,quality_per_image,true,0.11768717376949567,11.768717376949567,0.10455114247498853,0.13124018114005517,1,complete frozen 40-image allocation group,5000,1446923107,6ec9caa16631f737a2aa9ad436b4e8ddd611ee758ffa1e5753c1c6ebf1a7245f,,,,,paired within one fixed permutation and group size; no cross-permutation pooling
PAIRED_GROUP_BOOTSTRAP,R2,40,50,M11_MINUS_S_ADAPT,M11,S_ADAPT,SEED_530101,10,coverage_per_image,true,0.07500000000000004,7.5000000000000036,0.04650000000000004,0.103,1,complete frozen 40-image allocation group,5000,1446923107,6ec9caa16631f737a2aa9ad436b4e8ddd611ee758ffa1e5753c1c6ebf1a7245f,,,,,paired within one fixed permutation and group size; no cross-permutation pooling
PAIRED_GROUP_BOOTSTRAP,R2,40,50,M11_MINUS_S_ADAPT,M11,S_ADAPT,SEED_530101,15,coverage_per_image,true,0.12649999999999997,12.649999999999997,0.09249999999999993,0.16099999999999998,1,complete frozen 40-image allocation group,5000,1446923107,6ec9caa16631f737a2aa9ad436b4e8ddd611ee758ffa1e5753c1c6ebf1a7245f,,,,,paired within one fixed permutation and group size; no cross-permutation pooling
PAIRED_GROUP_BOOTSTRAP,R2,40,50,M11_MINUS_S_ADAPT,M11,S_ADAPT,SEED_530101,20,coverage_per_image,true,0.11599999999999994,11.599999999999994,0.08649999999999994,0.14499999999999988,1,complete frozen 40-image allocation group,5000,1446923107,6ec9caa16631f737a2aa9ad436b4e8ddd611ee758ffa1e5753c1c6ebf1a7245f,,,,,paired within one fixed permutation and group size; no cross-permutation pooling
PAIRED_GROUP_BOOTSTRAP,R2,40,50,M11_MINUS_S_ADAPT,M11,S_ADAPT,SEED_530101,30,coverage_per_image,true,0.09750000000000007,9.750000000000007,0.07649999999999996,0.11900000000000005,1,complete frozen 40-image allocation group,5000,1446923107,6ec9caa16631f737a2aa9ad436b4e8ddd611ee758ffa1e5753c1c6ebf1a7245f,,,,,paired within one fixed permutation and group size; no cross-permutation pooling
PAIRED_GROUP_BOOTSTRAP,R2,40,50,M11_MINUS_S_ADAPT,M11,S_ADAPT,SEED_530101,40,coverage_per_image,true,0.06699999999999989,6.6999999999999895,0.048499999999999904,0.08599999999999998,1,complete frozen 40-image allocation group,5000,1446923107,6ec9caa16631f737a2aa9ad436b4e8ddd611ee758ffa1e5753c1c6ebf1a7245f,,,,,paired within one fixed permutation and group size; no cross-permutation pooling
PAIRED_GROUP_BOOTSTRAP,R2,40,50,M11_MINUS_S_ADAPT,M11,S_ADAPT,SEED_530101,CORE_10_15_20,coverage_per_image,true,0.10583333333333331,10.58333333333333,0.08566250000000002,0.12766666666666665,1,complete frozen 40-image allocation group,5000,1446923107,6ec9caa16631f737a2aa9ad436b4e8ddd611ee758ffa1e5753c1c6ebf1a7245f,,,,,paired within one fixed permutation and group size; no cross-permutation pooling
PAIRED_GROUP_BOOTSTRAP,R2,40,50,M11_MINUS_S_ADAPT,M11,S_ADAPT,SEED_530101,10,quality_per_image,true,0.1196375565365578,11.963755653655781,0.097604023470302,0.14275483614699266,1,complete frozen 40-image allocation group,5000,1446923107,6ec9caa16631f737a2aa9ad436b4e8ddd611ee758ffa1e5753c1c6ebf1a7245f,,,,,paired within one fixed permutation and group size; no cross-permutation pooling
PAIRED_GROUP_BOOTSTRAP,R2,40,50,M11_MINUS_S_ADAPT,M11,S_ADAPT,SEED_530101,15,quality_per_image,true,0.13178244186221047,13.178244186221047,0.11150965890075154,0.15295304257857917,1,complete frozen 40-image allocation group,5000,1446923107,6ec9caa16631f737a2aa9ad436b4e8ddd611ee758ffa1e5753c1c6ebf1a7245f,,,,,paired within one fixed permutation and group size; no cross-permutation pooling
PAIRED_GROUP_BOOTSTRAP,R2,40,50,M11_MINUS_S_ADAPT,M11,S_ADAPT,SEED_530101,20,quality_per_image,true,0.09794181455371734,9.794181455371733,0.0787022380568254,0.11735107586655182,1,complete frozen 40-image allocation group,5000,1446923107,6ec9caa16631f737a2aa9ad436b4e8ddd611ee758ffa1e5753c1c6ebf1a7245f,,,,,paired within one fixed permutation and group size; no cross-permutation pooling
PAIRED_GROUP_BOOTSTRAP,R2,40,50,M11_MINUS_S_ADAPT,M11,S_ADAPT,SEED_530101,30,quality_per_image,true,0.06212011955105952,6.212011955105952,0.04742511064085139,0.07759513601593028,1,complete frozen 40-image allocation group,5000,1446923107,6ec9caa16631f737a2aa9ad436b4e8ddd611ee758ffa1e5753c1c6ebf1a7245f,,,,,paired within one fixed permutation and group size; no cross-permutation pooling
PAIRED_GROUP_BOOTSTRAP,R2,40,50,M11_MINUS_S_ADAPT,M11,S_ADAPT,SEED_530101,40,quality_per_image,true,0.03137619063570506,3.137619063570506,0.02050627811536135,0.04254985024559488,1,complete frozen 40-image allocation group,5000,1446923107,6ec9caa16631f737a2aa9ad436b4e8ddd611ee758ffa1e5753c1c6ebf1a7245f,,,,,paired within one fixed permutation and group size; no cross-permutation pooling
PAIRED_GROUP_BOOTSTRAP,R2,40,50,M11_MINUS_S_ADAPT,M11,S_ADAPT,SEED_530101,CORE_10_15_20,quality_per_image,true,0.11645393765082852,11.645393765082853,0.10265789096681228,0.13013566404247806,1,complete frozen 40-image allocation group,5000,1446923107,6ec9caa16631f737a2aa9ad436b4e8ddd611ee758ffa1e5753c1c6ebf1a7245f,,,,,paired within one fixed permutation and group size; no cross-permutation pooling
PAIRED_GROUP_BOOTSTRAP,R2,40,50,M11_MINUS_S_ADAPT,M11,S_ADAPT,SEED_530102,10,coverage_per_image,true,0.049499999999999975,4.9499999999999975,0.020000000000000035,0.07899999999999992,0.9992,complete frozen 40-image allocation group,5000,1446923107,6ec9caa16631f737a2aa9ad436b4e8ddd611ee758ffa1e5753c1c6ebf1a7245f,,,,,paired within one fixed permutation and group size; no cross-permutation pooling
PAIRED_GROUP_BOOTSTRAP,R2,40,50,M11_MINUS_S_ADAPT,M11,S_ADAPT,SEED_530102,15,coverage_per_image,true,0.09050000000000002,9.050000000000002,0.05549999999999997,0.1260000000000001,1,complete frozen 40-image allocation group,5000,1446923107,6ec9caa16631f737a2aa9ad436b4e8ddd611ee758ffa1e5753c1c6ebf1a7245f,,,,,paired within one fixed permutation and group size; no cross-permutation pooling
PAIRED_GROUP_BOOTSTRAP,R2,40,50,M11_MINUS_S_ADAPT,M11,S_ADAPT,SEED_530102,20,coverage_per_image,true,0.08649999999999997,8.649999999999997,0.05349999999999991,0.12049999999999982,1,complete frozen 40-image allocation group,5000,1446923107,6ec9caa16631f737a2aa9ad436b4e8ddd611ee758ffa1e5753c1c6ebf1a7245f,,,,,paired within one fixed permutation and group size; no cross-permutation pooling
PAIRED_GROUP_BOOTSTRAP,R2,40,50,M11_MINUS_S_ADAPT,M11,S_ADAPT,SEED_530102,30,coverage_per_image,true,0.10300000000000008,10.300000000000008,0.08150000000000006,0.12500000000000014,1,complete frozen 40-image allocation group,5000,1446923107,6ec9caa16631f737a2aa9ad436b4e8ddd611ee758ffa1e5753c1c6ebf1a7245f,,,,,paired within one fixed permutation and group size; no cross-permutation pooling
PAIRED_GROUP_BOOTSTRAP,R2,40,50,M11_MINUS_S_ADAPT,M11,S_ADAPT,SEED_530102,40,coverage_per_image,true,0.06100000000000001,6.100000000000001,0.04250000000000004,0.07950000000000014,1,complete frozen 40-image allocation group,5000,1446923107,6ec9caa16631f737a2aa9ad436b4e8ddd611ee758ffa1e5753c1c6ebf1a7245f,,,,,paired within one fixed permutation and group size; no cross-permutation pooling
PAIRED_GROUP_BOOTSTRAP,R2,40,50,M11_MINUS_S_ADAPT,M11,S_ADAPT,SEED_530102,CORE_10_15_20,coverage_per_image,true,0.07549999999999998,7.549999999999998,0.05366666666666667,0.09866666666666667,1,complete frozen 40-image allocation group,5000,1446923107,6ec9caa16631f737a2aa9ad436b4e8ddd611ee758ffa1e5753c1c6ebf1a7245f,,,,,paired within one fixed permutation and group size; no cross-permutation pooling
PAIRED_GROUP_BOOTSTRAP,R2,40,50,M11_MINUS_S_ADAPT,M11,S_ADAPT,SEED_530102,10,quality_per_image,true,0.13122296007687848,13.122296007687847,0.1100042605584645,0.1527750246754536,1,complete frozen 40-image allocation group,5000,1446923107,6ec9caa16631f737a2aa9ad436b4e8ddd611ee758ffa1e5753c1c6ebf1a7245f,,,,,paired within one fixed permutation and group size; no cross-permutation pooling
PAIRED_GROUP_BOOTSTRAP,R2,40,50,M11_MINUS_S_ADAPT,M11,S_ADAPT,SEED_530102,15,quality_per_image,true,0.11870557444767617,11.870557444767616,0.09756305802713923,0.14020338021491385,1,complete frozen 40-image allocation group,5000,1446923107,6ec9caa16631f737a2aa9ad436b4e8ddd611ee758ffa1e5753c1c6ebf1a7245f,,,,,paired within one fixed permutation and group size; no cross-permutation pooling
PAIRED_GROUP_BOOTSTRAP,R2,40,50,M11_MINUS_S_ADAPT,M11,S_ADAPT,SEED_530102,20,quality_per_image,true,0.0954548058409856,9.545480584098561,0.07445448360288272,0.11712219783970398,1,complete frozen 40-image allocation group,5000,1446923107,6ec9caa16631f737a2aa9ad436b4e8ddd611ee758ffa1e5753c1c6ebf1a7245f,,,,,paired within one fixed permutation and group size; no cross-permutation pooling
PAIRED_GROUP_BOOTSTRAP,R2,40,50,M11_MINUS_S_ADAPT,M11,S_ADAPT,SEED_530102,30,quality_per_image,true,0.0661743561078073,6.6174356107807295,0.05230054293727816,0.08169175897763369,1,complete frozen 40-image allocation group,5000,1446923107,6ec9caa16631f737a2aa9ad436b4e8ddd611ee758ffa1e5753c1c6ebf1a7245f,,,,,paired within one fixed permutation and group size; no cross-permutation pooling
PAIRED_GROUP_BOOTSTRAP,R2,40,50,M11_MINUS_S_ADAPT,M11,S_ADAPT,SEED_530102,40,quality_per_image,true,0.03346997090544345,3.346997090544345,0.020905115818827303,0.046962795849908534,1,complete frozen 40-image allocation group,5000,1446923107,6ec9caa16631f737a2aa9ad436b4e8ddd611ee758ffa1e5753c1c6ebf1a7245f,,,,,paired within one fixed permutation and group size; no cross-permutation pooling
PAIRED_GROUP_BOOTSTRAP,R2,40,50,M11_MINUS_S_ADAPT,M11,S_ADAPT,SEED_530102,CORE_10_15_20,quality_per_image,true,0.11512778012184675,11.512778012184675,0.10120355924635686,0.12911692463374452,1,complete frozen 40-image allocation group,5000,1446923107,6ec9caa16631f737a2aa9ad436b4e8ddd611ee758ffa1e5753c1c6ebf1a7245f,,,,,paired within one fixed permutation and group size; no cross-permutation pooling
PAIRED_GROUP_BOOTSTRAP,R2,40,50,M11_MINUS_S_ADAPT,M11,S_ADAPT,SEED_530103,10,coverage_per_image,true,0.06849999999999999,6.849999999999999,0.040999999999999995,0.09599999999999997,1,complete frozen 40-image allocation group,5000,1446923107,6ec9caa16631f737a2aa9ad436b4e8ddd611ee758ffa1e5753c1c6ebf1a7245f,,,,,paired within one fixed permutation and group size; no cross-permutation pooling
PAIRED_GROUP_BOOTSTRAP,R2,40,50,M11_MINUS_S_ADAPT,M11,S_ADAPT,SEED_530103,15,coverage_per_image,true,0.1129999999999999,11.29999999999999,0.08149999999999985,0.14449999999999993,1,complete frozen 40-image allocation group,5000,1446923107,6ec9caa16631f737a2aa9ad436b4e8ddd611ee758ffa1e5753c1c6ebf1a7245f,,,,,paired within one fixed permutation and group size; no cross-permutation pooling
PAIRED_GROUP_BOOTSTRAP,R2,40,50,M11_MINUS_S_ADAPT,M11,S_ADAPT,SEED_530103,20,coverage_per_image,true,0.12550000000000006,12.550000000000006,0.09150000000000004,0.15850000000000006,1,complete frozen 40-image allocation group,5000,1446923107,6ec9caa16631f737a2aa9ad436b4e8ddd611ee758ffa1e5753c1c6ebf1a7245f,,,,,paired within one fixed permutation and group size; no cross-permutation pooling
PAIRED_GROUP_BOOTSTRAP,R2,40,50,M11_MINUS_S_ADAPT,M11,S_ADAPT,SEED_530103,30,coverage_per_image,true,0.1070000000000002,10.70000000000002,0.08200000000000031,0.13050000000000037,1,complete frozen 40-image allocation group,5000,1446923107,6ec9caa16631f737a2aa9ad436b4e8ddd611ee758ffa1e5753c1c6ebf1a7245f,,,,,paired within one fixed permutation and group size; no cross-permutation pooling
PAIRED_GROUP_BOOTSTRAP,R2,40,50,M11_MINUS_S_ADAPT,M11,S_ADAPT,SEED_530103,40,coverage_per_image,true,0.08050000000000004,8.050000000000004,0.06350000000000001,0.09751249999999996,1,complete frozen 40-image allocation group,5000,1446923107,6ec9caa16631f737a2aa9ad436b4e8ddd611ee758ffa1e5753c1c6ebf1a7245f,,,,,paired within one fixed permutation and group size; no cross-permutation pooling
PAIRED_GROUP_BOOTSTRAP,R2,40,50,M11_MINUS_S_ADAPT,M11,S_ADAPT,SEED_530103,CORE_10_15_20,coverage_per_image,true,0.10233333333333333,10.233333333333333,0.08200000000000002,0.12333749999999992,1,complete frozen 40-image allocation group,5000,1446923107,6ec9caa16631f737a2aa9ad436b4e8ddd611ee758ffa1e5753c1c6ebf1a7245f,,,,,paired within one fixed permutation and group size; no cross-permutation pooling
PAIRED_GROUP_BOOTSTRAP,R2,40,50,M11_MINUS_S_ADAPT,M11,S_ADAPT,SEED_530103,10,quality_per_image,true,0.1324361112434617,13.243611124346168,0.11110558525071221,0.15421946001128214,1,complete frozen 40-image allocation group,5000,1446923107,6ec9caa16631f737a2aa9ad436b4e8ddd611ee758ffa1e5753c1c6ebf1a7245f,,,,,paired within one fixed permutation and group size; no cross-permutation pooling
PAIRED_GROUP_BOOTSTRAP,R2,40,50,M11_MINUS_S_ADAPT,M11,S_ADAPT,SEED_530103,15,quality_per_image,true,0.1269980186342024,12.699801863420241,0.10659599927143916,0.14898442008976975,1,complete frozen 40-image allocation group,5000,1446923107,6ec9caa16631f737a2aa9ad436b4e8ddd611ee758ffa1e5753c1c6ebf1a7245f,,,,,paired within one fixed permutation and group size; no cross-permutation pooling
PAIRED_GROUP_BOOTSTRAP,R2,40,50,M11_MINUS_S_ADAPT,M11,S_ADAPT,SEED_530103,20,quality_per_image,true,0.10500528072977104,10.500528072977104,0.08395408426777842,0.12649760751026048,1,complete frozen 40-image allocation group,5000,1446923107,6ec9caa16631f737a2aa9ad436b4e8ddd611ee758ffa1e5753c1c6ebf1a7245f,,,,,paired within one fixed permutation and group size; no cross-permutation pooling
PAIRED_GROUP_BOOTSTRAP,R2,40,50,M11_MINUS_S_ADAPT,M11,S_ADAPT,SEED_530103,30,quality_per_image,true,0.06629879127271864,6.629879127271863,0.05095807129496189,0.08293007536836311,1,complete frozen 40-image allocation group,5000,1446923107,6ec9caa16631f737a2aa9ad436b4e8ddd611ee758ffa1e5753c1c6ebf1a7245f,,,,,paired within one fixed permutation and group size; no cross-permutation pooling
PAIRED_GROUP_BOOTSTRAP,R2,40,50,M11_MINUS_S_ADAPT,M11,S_ADAPT,SEED_530103,40,quality_per_image,true,0.0412860210969005,4.12860210969005,0.03026190957381009,0.053124543584452434,1,complete frozen 40-image allocation group,5000,1446923107,6ec9caa16631f737a2aa9ad436b4e8ddd611ee758ffa1e5753c1c6ebf1a7245f,,,,,paired within one fixed permutation and group size; no cross-permutation pooling
PAIRED_GROUP_BOOTSTRAP,R2,40,50,M11_MINUS_S_ADAPT,M11,S_ADAPT,SEED_530103,CORE_10_15_20,quality_per_image,true,0.12147980353581173,12.147980353581172,0.10793866029038165,0.1355411137546768,1,complete frozen 40-image allocation group,5000,1446923107,6ec9caa16631f737a2aa9ad436b4e8ddd611ee758ffa1e5753c1c6ebf1a7245f,,,,,paired within one fixed permutation and group size; no cross-permutation pooling
PAIRED_GROUP_BOOTSTRAP,R2,40,50,S_ADAPT_MINUS_S_FIXED,S_ADAPT,S_FIXED,DETERMINISTIC,10,coverage_per_image,true,0.6805,68.05,0.6315000000000001,0.731,1,complete frozen 40-image allocation group,5000,1446923107,6ec9caa16631f737a2aa9ad436b4e8ddd611ee758ffa1e5753c1c6ebf1a7245f,,,,,paired within one fixed permutation and group size; no cross-permutation pooling
PAIRED_GROUP_BOOTSTRAP,R2,40,50,S_ADAPT_MINUS_S_FIXED,S_ADAPT,S_FIXED,DETERMINISTIC,15,coverage_per_image,true,0.578,57.8,0.5195000000000002,0.634,1,complete frozen 40-image allocation group,5000,1446923107,6ec9caa16631f737a2aa9ad436b4e8ddd611ee758ffa1e5753c1c6ebf1a7245f,,,,,paired within one fixed permutation and group size; no cross-permutation pooling
PAIRED_GROUP_BOOTSTRAP,R2,40,50,S_ADAPT_MINUS_S_FIXED,S_ADAPT,S_FIXED,DETERMINISTIC,20,coverage_per_image,true,0.44599999999999995,44.599999999999994,0.39748749999999977,0.4964999999999998,1,complete frozen 40-image allocation group,5000,1446923107,6ec9caa16631f737a2aa9ad436b4e8ddd611ee758ffa1e5753c1c6ebf1a7245f,,,,,paired within one fixed permutation and group size; no cross-permutation pooling
PAIRED_GROUP_BOOTSTRAP,R2,40,50,S_ADAPT_MINUS_S_FIXED,S_ADAPT,S_FIXED,DETERMINISTIC,30,coverage_per_image,true,0.32599999999999996,32.599999999999994,0.2815,0.3719999999999999,1,complete frozen 40-image allocation group,5000,1446923107,6ec9caa16631f737a2aa9ad436b4e8ddd611ee758ffa1e5753c1c6ebf1a7245f,,,,,paired within one fixed permutation and group size; no cross-permutation pooling
PAIRED_GROUP_BOOTSTRAP,R2,40,50,S_ADAPT_MINUS_S_FIXED,S_ADAPT,S_FIXED,DETERMINISTIC,40,coverage_per_image,true,0.2059999999999999,20.59999999999999,0.17949999999999983,0.23249999999999996,1,complete frozen 40-image allocation group,5000,1446923107,6ec9caa16631f737a2aa9ad436b4e8ddd611ee758ffa1e5753c1c6ebf1a7245f,,,,,paired within one fixed permutation and group size; no cross-permutation pooling
PAIRED_GROUP_BOOTSTRAP,R2,40,50,S_ADAPT_MINUS_S_FIXED,S_ADAPT,S_FIXED,DETERMINISTIC,CORE_10_15_20,coverage_per_image,true,0.5681666666666666,56.81666666666666,0.5233250000000002,0.6125041666666666,1,complete frozen 40-image allocation group,5000,1446923107,6ec9caa16631f737a2aa9ad436b4e8ddd611ee758ffa1e5753c1c6ebf1a7245f,,,,,paired within one fixed permutation and group size; no cross-permutation pooling
PAIRED_GROUP_BOOTSTRAP,R2,40,50,S_ADAPT_MINUS_S_FIXED,S_ADAPT,S_FIXED,DETERMINISTIC,10,quality_per_image,true,0.4230902893689485,42.30902893689485,0.38468161496333386,0.4633200259650891,1,complete frozen 40-image allocation group,5000,1446923107,6ec9caa16631f737a2aa9ad436b4e8ddd611ee758ffa1e5753c1c6ebf1a7245f,,,,,paired within one fixed permutation and group size; no cross-permutation pooling
PAIRED_GROUP_BOOTSTRAP,R2,40,50,S_ADAPT_MINUS_S_FIXED,S_ADAPT,S_FIXED,DETERMINISTIC,15,quality_per_image,true,0.34660062325202445,34.660062325202446,0.3090325278863835,0.38401229174074664,1,complete frozen 40-image allocation group,5000,1446923107,6ec9caa16631f737a2aa9ad436b4e8ddd611ee758ffa1e5753c1c6ebf1a7245f,,,,,paired within one fixed permutation and group size; no cross-permutation pooling
PAIRED_GROUP_BOOTSTRAP,R2,40,50,S_ADAPT_MINUS_S_FIXED,S_ADAPT,S_FIXED,DETERMINISTIC,20,quality_per_image,true,0.2725506483904917,27.25506483904917,0.24346449173552734,0.3023358555294771,1,complete frozen 40-image allocation group,5000,1446923107,6ec9caa16631f737a2aa9ad436b4e8ddd611ee758ffa1e5753c1c6ebf1a7245f,,,,,paired within one fixed permutation and group size; no cross-permutation pooling
PAIRED_GROUP_BOOTSTRAP,R2,40,50,S_ADAPT_MINUS_S_FIXED,S_ADAPT,S_FIXED,DETERMINISTIC,30,quality_per_image,true,0.19025656008337935,19.025656008337936,0.16212844126462536,0.220361511676497,1,complete frozen 40-image allocation group,5000,1446923107,6ec9caa16631f737a2aa9ad436b4e8ddd611ee758ffa1e5753c1c6ebf1a7245f,,,,,paired within one fixed permutation and group size; no cross-permutation pooling
PAIRED_GROUP_BOOTSTRAP,R2,40,50,S_ADAPT_MINUS_S_FIXED,S_ADAPT,S_FIXED,DETERMINISTIC,40,quality_per_image,true,0.11067334629671341,11.067334629671342,0.09562262309779455,0.12663759724614887,1,complete frozen 40-image allocation group,5000,1446923107,6ec9caa16631f737a2aa9ad436b4e8ddd611ee758ffa1e5753c1c6ebf1a7245f,,,,,paired within one fixed permutation and group size; no cross-permutation pooling
PAIRED_GROUP_BOOTSTRAP,R2,40,50,S_ADAPT_MINUS_S_FIXED,S_ADAPT,S_FIXED,DETERMINISTIC,CORE_10_15_20,quality_per_image,true,0.3474138536704882,34.74138536704882,0.31656649597502307,0.37820880086197645,1,complete frozen 40-image allocation group,5000,1446923107,6ec9caa16631f737a2aa9ad436b4e8ddd611ee758ffa1e5753c1c6ebf1a7245f,,,,,paired within one fixed permutation and group size; no cross-permutation pooling
PAIRED_GROUP_BOOTSTRAP,R2,80,25,M11_MINUS_S_ADAPT,M11,S_ADAPT,THREE_SEED_MEAN,10,coverage_per_image,true,0.0656666666666667,6.566666666666671,0.04033333333333342,0.09016666666666655,1,complete frozen 80-image allocation group,5000,380434469,98fc37ec2c59cf234b609d3cf3f3e13d31264ebd671f1d7a45dca5fd859378b5,,,,,paired within one fixed permutation and group size; no cross-permutation pooling
PAIRED_GROUP_BOOTSTRAP,R2,80,25,M11_MINUS_S_ADAPT,M11,S_ADAPT,THREE_SEED_MEAN,15,coverage_per_image,true,0.10866666666666668,10.866666666666667,0.07750000000000025,0.14083750000000012,1,complete frozen 80-image allocation group,5000,380434469,98fc37ec2c59cf234b609d3cf3f3e13d31264ebd671f1d7a45dca5fd859378b5,,,,,paired within one fixed permutation and group size; no cross-permutation pooling
PAIRED_GROUP_BOOTSTRAP,R2,80,25,M11_MINUS_S_ADAPT,M11,S_ADAPT,THREE_SEED_MEAN,20,coverage_per_image,true,0.11183333333333337,11.183333333333337,0.08033333333333331,0.1461666666666668,1,complete frozen 80-image allocation group,5000,380434469,98fc37ec2c59cf234b609d3cf3f3e13d31264ebd671f1d7a45dca5fd859378b5,,,,,paired within one fixed permutation and group size; no cross-permutation pooling
PAIRED_GROUP_BOOTSTRAP,R2,80,25,M11_MINUS_S_ADAPT,M11,S_ADAPT,THREE_SEED_MEAN,30,coverage_per_image,true,0.09833333333333336,9.833333333333336,0.0776625000000002,0.12133333333333325,1,complete frozen 80-image allocation group,5000,380434469,98fc37ec2c59cf234b609d3cf3f3e13d31264ebd671f1d7a45dca5fd859378b5,,,,,paired within one fixed permutation and group size; no cross-permutation pooling
PAIRED_GROUP_BOOTSTRAP,R2,80,25,M11_MINUS_S_ADAPT,M11,S_ADAPT,THREE_SEED_MEAN,40,coverage_per_image,true,0.06733333333333334,6.733333333333334,0.04982916666666676,0.08500000000000008,1,complete frozen 80-image allocation group,5000,380434469,98fc37ec2c59cf234b609d3cf3f3e13d31264ebd671f1d7a45dca5fd859378b5,,,,,paired within one fixed permutation and group size; no cross-permutation pooling
PAIRED_GROUP_BOOTSTRAP,R2,80,25,M11_MINUS_S_ADAPT,M11,S_ADAPT,THREE_SEED_MEAN,CORE_10_15_20,coverage_per_image,true,0.09538888888888893,9.538888888888893,0.07516666666666669,0.11850138888888898,1,complete frozen 80-image allocation group,5000,380434469,98fc37ec2c59cf234b609d3cf3f3e13d31264ebd671f1d7a45dca5fd859378b5,,,,,paired within one fixed permutation and group size; no cross-permutation pooling
PAIRED_GROUP_BOOTSTRAP,R2,80,25,M11_MINUS_S_ADAPT,M11,S_ADAPT,THREE_SEED_MEAN,10,quality_per_image,true,0.1309479870193115,13.09479870193115,0.11333567817105955,0.14761799400824757,1,complete frozen 80-image allocation group,5000,380434469,98fc37ec2c59cf234b609d3cf3f3e13d31264ebd671f1d7a45dca5fd859378b5,,,,,paired within one fixed permutation and group size; no cross-permutation pooling
PAIRED_GROUP_BOOTSTRAP,R2,80,25,M11_MINUS_S_ADAPT,M11,S_ADAPT,THREE_SEED_MEAN,15,quality_per_image,true,0.11940853165555765,11.940853165555765,0.10482472138495585,0.13508797486534233,1,complete frozen 80-image allocation group,5000,380434469,98fc37ec2c59cf234b609d3cf3f3e13d31264ebd671f1d7a45dca5fd859378b5,,,,,paired within one fixed permutation and group size; no cross-permutation pooling
PAIRED_GROUP_BOOTSTRAP,R2,80,25,M11_MINUS_S_ADAPT,M11,S_ADAPT,THREE_SEED_MEAN,20,quality_per_image,true,0.10242527911630642,10.242527911630642,0.0787289407210596,0.12785227876396277,1,complete frozen 80-image allocation group,5000,380434469,98fc37ec2c59cf234b609d3cf3f3e13d31264ebd671f1d7a45dca5fd859378b5,,,,,paired within one fixed permutation and group size; no cross-permutation pooling
PAIRED_GROUP_BOOTSTRAP,R2,80,25,M11_MINUS_S_ADAPT,M11,S_ADAPT,THREE_SEED_MEAN,30,quality_per_image,true,0.058168979221321276,5.816897922132128,0.042348138001263566,0.07565955391632148,1,complete frozen 80-image allocation group,5000,380434469,98fc37ec2c59cf234b609d3cf3f3e13d31264ebd671f1d7a45dca5fd859378b5,,,,,paired within one fixed permutation and group size; no cross-permutation pooling
PAIRED_GROUP_BOOTSTRAP,R2,80,25,M11_MINUS_S_ADAPT,M11,S_ADAPT,THREE_SEED_MEAN,40,quality_per_image,true,0.034223959262325646,3.4223959262325647,0.024971260892441487,0.04411892613599921,1,complete frozen 80-image allocation group,5000,380434469,98fc37ec2c59cf234b609d3cf3f3e13d31264ebd671f1d7a45dca5fd859378b5,,,,,paired within one fixed permutation and group size; no cross-permutation pooling
PAIRED_GROUP_BOOTSTRAP,R2,80,25,M11_MINUS_S_ADAPT,M11,S_ADAPT,THREE_SEED_MEAN,CORE_10_15_20,quality_per_image,true,0.11759393259705853,11.759393259705853,0.10641420795670699,0.12888701354870846,1,complete frozen 80-image allocation group,5000,380434469,98fc37ec2c59cf234b609d3cf3f3e13d31264ebd671f1d7a45dca5fd859378b5,,,,,paired within one fixed permutation and group size; no cross-permutation pooling
PAIRED_GROUP_BOOTSTRAP,R2,80,25,M11_MINUS_S_ADAPT,M11,S_ADAPT,SEED_530101,10,coverage_per_image,true,0.08049999999999997,8.049999999999997,0.05698749999999993,0.10349999999999998,1,complete frozen 80-image allocation group,5000,380434469,98fc37ec2c59cf234b609d3cf3f3e13d31264ebd671f1d7a45dca5fd859378b5,,,,,paired within one fixed permutation and group size; no cross-permutation pooling
PAIRED_GROUP_BOOTSTRAP,R2,80,25,M11_MINUS_S_ADAPT,M11,S_ADAPT,SEED_530101,15,coverage_per_image,true,0.12000000000000018,12.000000000000018,0.0865000000000002,0.15500000000000017,1,complete frozen 80-image allocation group,5000,380434469,98fc37ec2c59cf234b609d3cf3f3e13d31264ebd671f1d7a45dca5fd859378b5,,,,,paired within one fixed permutation and group size; no cross-permutation pooling
PAIRED_GROUP_BOOTSTRAP,R2,80,25,M11_MINUS_S_ADAPT,M11,S_ADAPT,SEED_530101,20,coverage_per_image,true,0.11649999999999999,11.649999999999999,0.08,0.1555000000000001,1,complete frozen 80-image allocation group,5000,380434469,98fc37ec2c59cf234b609d3cf3f3e13d31264ebd671f1d7a45dca5fd859378b5,,,,,paired within one fixed permutation and group size; no cross-permutation pooling
PAIRED_GROUP_BOOTSTRAP,R2,80,25,M11_MINUS_S_ADAPT,M11,S_ADAPT,SEED_530101,30,coverage_per_image,true,0.09549999999999997,9.549999999999997,0.07450000000000002,0.1179999999999999,1,complete frozen 80-image allocation group,5000,380434469,98fc37ec2c59cf234b609d3cf3f3e13d31264ebd671f1d7a45dca5fd859378b5,,,,,paired within one fixed permutation and group size; no cross-permutation pooling
PAIRED_GROUP_BOOTSTRAP,R2,80,25,M11_MINUS_S_ADAPT,M11,S_ADAPT,SEED_530101,40,coverage_per_image,true,0.06799999999999998,6.799999999999998,0.048500000000000015,0.0865000000000002,1,complete frozen 80-image allocation group,5000,380434469,98fc37ec2c59cf234b609d3cf3f3e13d31264ebd671f1d7a45dca5fd859378b5,,,,,paired within one fixed permutation and group size; no cross-permutation pooling
PAIRED_GROUP_BOOTSTRAP,R2,80,25,M11_MINUS_S_ADAPT,M11,S_ADAPT,SEED_530101,CORE_10_15_20,coverage_per_image,true,0.10566666666666671,10.566666666666672,0.08433333333333344,0.13066666666666665,1,complete frozen 80-image allocation group,5000,380434469,98fc37ec2c59cf234b609d3cf3f3e13d31264ebd671f1d7a45dca5fd859378b5,,,,,paired within one fixed permutation and group size; no cross-permutation pooling
PAIRED_GROUP_BOOTSTRAP,R2,80,25,M11_MINUS_S_ADAPT,M11,S_ADAPT,SEED_530101,10,quality_per_image,true,0.13089943627219436,13.089943627219435,0.11003414756227485,0.15010636335322464,1,complete frozen 80-image allocation group,5000,380434469,98fc37ec2c59cf234b609d3cf3f3e13d31264ebd671f1d7a45dca5fd859378b5,,,,,paired within one fixed permutation and group size; no cross-permutation pooling
PAIRED_GROUP_BOOTSTRAP,R2,80,25,M11_MINUS_S_ADAPT,M11,S_ADAPT,SEED_530101,15,quality_per_image,true,0.12413736161080273,12.413736161080273,0.10682957885095902,0.14344518505671194,1,complete frozen 80-image allocation group,5000,380434469,98fc37ec2c59cf234b609d3cf3f3e13d31264ebd671f1d7a45dca5fd859378b5,,,,,paired within one fixed permutation and group size; no cross-permutation pooling
PAIRED_GROUP_BOOTSTRAP,R2,80,25,M11_MINUS_S_ADAPT,M11,S_ADAPT,SEED_530101,20,quality_per_image,true,0.09878049561396139,9.87804956139614,0.07460779628851548,0.12442810634751798,1,complete frozen 80-image allocation group,5000,380434469,98fc37ec2c59cf234b609d3cf3f3e13d31264ebd671f1d7a45dca5fd859378b5,,,,,paired within one fixed permutation and group size; no cross-permutation pooling
PAIRED_GROUP_BOOTSTRAP,R2,80,25,M11_MINUS_S_ADAPT,M11,S_ADAPT,SEED_530101,30,quality_per_image,true,0.05593662502733764,5.593662502733764,0.03864042046065485,0.07473342877101832,1,complete frozen 80-image allocation group,5000,380434469,98fc37ec2c59cf234b609d3cf3f3e13d31264ebd671f1d7a45dca5fd859378b5,,,,,paired within one fixed permutation and group size; no cross-permutation pooling
PAIRED_GROUP_BOOTSTRAP,R2,80,25,M11_MINUS_S_ADAPT,M11,S_ADAPT,SEED_530101,40,quality_per_image,true,0.032754672362334744,3.2754672362334745,0.02317517777954514,0.04299859489814507,1,complete frozen 80-image allocation group,5000,380434469,98fc37ec2c59cf234b609d3cf3f3e13d31264ebd671f1d7a45dca5fd859378b5,,,,,paired within one fixed permutation and group size; no cross-permutation pooling
PAIRED_GROUP_BOOTSTRAP,R2,80,25,M11_MINUS_S_ADAPT,M11,S_ADAPT,SEED_530101,CORE_10_15_20,quality_per_image,true,0.11793909783231948,11.793909783231948,0.10698149967315931,0.12937215055949816,1,complete frozen 80-image allocation group,5000,380434469,98fc37ec2c59cf234b609d3cf3f3e13d31264ebd671f1d7a45dca5fd859378b5,,,,,paired within one fixed permutation and group size; no cross-permutation pooling
PAIRED_GROUP_BOOTSTRAP,R2,80,25,M11_MINUS_S_ADAPT,M11,S_ADAPT,SEED_530102,10,coverage_per_image,true,0.04100000000000005,4.100000000000005,0.01100000000000012,0.06949999999999999,0.996,complete frozen 80-image allocation group,5000,380434469,98fc37ec2c59cf234b609d3cf3f3e13d31264ebd671f1d7a45dca5fd859378b5,,,,,paired within one fixed permutation and group size; no cross-permutation pooling
PAIRED_GROUP_BOOTSTRAP,R2,80,25,M11_MINUS_S_ADAPT,M11,S_ADAPT,SEED_530102,15,coverage_per_image,true,0.09000000000000025,9.000000000000025,0.05500000000000025,0.12500000000000033,1,complete frozen 80-image allocation group,5000,380434469,98fc37ec2c59cf234b609d3cf3f3e13d31264ebd671f1d7a45dca5fd859378b5,,,,,paired within one fixed permutation and group size; no cross-permutation pooling
PAIRED_GROUP_BOOTSTRAP,R2,80,25,M11_MINUS_S_ADAPT,M11,S_ADAPT,SEED_530102,20,coverage_per_image,true,0.1010000000000003,10.10000000000003,0.06850000000000037,0.13600000000000037,1,complete frozen 80-image allocation group,5000,380434469,98fc37ec2c59cf234b609d3cf3f3e13d31264ebd671f1d7a45dca5fd859378b5,,,,,paired within one fixed permutation and group size; no cross-permutation pooling
PAIRED_GROUP_BOOTSTRAP,R2,80,25,M11_MINUS_S_ADAPT,M11,S_ADAPT,SEED_530102,30,coverage_per_image,true,0.09299999999999976,9.299999999999976,0.06799999999999962,0.11949999999999954,1,complete frozen 80-image allocation group,5000,380434469,98fc37ec2c59cf234b609d3cf3f3e13d31264ebd671f1d7a45dca5fd859378b5,,,,,paired within one fixed permutation and group size; no cross-permutation pooling
PAIRED_GROUP_BOOTSTRAP,R2,80,25,M11_MINUS_S_ADAPT,M11,S_ADAPT,SEED_530102,40,coverage_per_image,true,0.061499999999999985,6.149999999999999,0.041999999999999815,0.08050000000000025,1,complete frozen 80-image allocation group,5000,380434469,98fc37ec2c59cf234b609d3cf3f3e13d31264ebd671f1d7a45dca5fd859378b5,,,,,paired within one fixed permutation and group size; no cross-permutation pooling
PAIRED_GROUP_BOOTSTRAP,R2,80,25,M11_MINUS_S_ADAPT,M11,S_ADAPT,SEED_530102,CORE_10_15_20,coverage_per_image,true,0.07733333333333353,7.733333333333353,0.05533333333333361,0.1010041666666668,1,complete frozen 80-image allocation group,5000,380434469,98fc37ec2c59cf234b609d3cf3f3e13d31264ebd671f1d7a45dca5fd859378b5,,,,,paired within one fixed permutation and group size; no cross-permutation pooling
PAIRED_GROUP_BOOTSTRAP,R2,80,25,M11_MINUS_S_ADAPT,M11,S_ADAPT,SEED_530102,10,quality_per_image,true,0.1306611449441411,13.06611449441411,0.1149815815532689,0.14589789916961005,1,complete frozen 80-image allocation group,5000,380434469,98fc37ec2c59cf234b609d3cf3f3e13d31264ebd671f1d7a45dca5fd859378b5,,,,,paired within one fixed permutation and group size; no cross-permutation pooling
PAIRED_GROUP_BOOTSTRAP,R2,80,25,M11_MINUS_S_ADAPT,M11,S_ADAPT,SEED_530102,15,quality_per_image,true,0.10986926375599385,10.986926375599385,0.0930665119461086,0.12690187671919245,1,complete frozen 80-image allocation group,5000,380434469,98fc37ec2c59cf234b609d3cf3f3e13d31264ebd671f1d7a45dca5fd859378b5,,,,,paired within one fixed permutation and group size; no cross-permutation pooling
PAIRED_GROUP_BOOTSTRAP,R2,80,25,M11_MINUS_S_ADAPT,M11,S_ADAPT,SEED_530102,20,quality_per_image,true,0.10115061505790884,10.115061505790884,0.07663428317550644,0.12778950739985726,1,complete frozen 80-image allocation group,5000,380434469,98fc37ec2c59cf234b609d3cf3f3e13d31264ebd671f1d7a45dca5fd859378b5,,,,,paired within one fixed permutation and group size; no cross-permutation pooling
PAIRED_GROUP_BOOTSTRAP,R2,80,25,M11_MINUS_S_ADAPT,M11,S_ADAPT,SEED_530102,30,quality_per_image,true,0.0581547427855271,5.81547427855271,0.04171646975244273,0.07686515267802936,1,complete frozen 80-image allocation group,5000,380434469,98fc37ec2c59cf234b609d3cf3f3e13d31264ebd671f1d7a45dca5fd859378b5,,,,,paired within one fixed permutation and group size; no cross-permutation pooling
PAIRED_GROUP_BOOTSTRAP,R2,80,25,M11_MINUS_S_ADAPT,M11,S_ADAPT,SEED_530102,40,quality_per_image,true,0.033362517354983974,3.3362517354983976,0.02289011091345277,0.04436412611549793,1,complete frozen 80-image allocation group,5000,380434469,98fc37ec2c59cf234b609d3cf3f3e13d31264ebd671f1d7a45dca5fd859378b5,,,,,paired within one fixed permutation and group size; no cross-permutation pooling
PAIRED_GROUP_BOOTSTRAP,R2,80,25,M11_MINUS_S_ADAPT,M11,S_ADAPT,SEED_530102,CORE_10_15_20,quality_per_image,true,0.11389367458601458,11.389367458601459,0.10251508673550047,0.1248249058761904,1,complete frozen 80-image allocation group,5000,380434469,98fc37ec2c59cf234b609d3cf3f3e13d31264ebd671f1d7a45dca5fd859378b5,,,,,paired within one fixed permutation and group size; no cross-permutation pooling
PAIRED_GROUP_BOOTSTRAP,R2,80,25,M11_MINUS_S_ADAPT,M11,S_ADAPT,SEED_530103,10,coverage_per_image,true,0.07550000000000008,7.550000000000008,0.046500000000000236,0.1029999999999998,1,complete frozen 80-image allocation group,5000,380434469,98fc37ec2c59cf234b609d3cf3f3e13d31264ebd671f1d7a45dca5fd859378b5,,,,,paired within one fixed permutation and group size; no cross-permutation pooling
PAIRED_GROUP_BOOTSTRAP,R2,80,25,M11_MINUS_S_ADAPT,M11,S_ADAPT,SEED_530103,15,coverage_per_image,true,0.11600000000000016,11.600000000000016,0.08650000000000006,0.14800000000000008,1,complete frozen 80-image allocation group,5000,380434469,98fc37ec2c59cf234b609d3cf3f3e13d31264ebd671f1d7a45dca5fd859378b5,,,,,paired within one fixed permutation and group size; no cross-permutation pooling
PAIRED_GROUP_BOOTSTRAP,R2,80,25,M11_MINUS_S_ADAPT,M11,S_ADAPT,SEED_530103,20,coverage_per_image,true,0.11800000000000005,11.800000000000004,0.0865000000000002,0.15449999999999975,1,complete frozen 80-image allocation group,5000,380434469,98fc37ec2c59cf234b609d3cf3f3e13d31264ebd671f1d7a45dca5fd859378b5,,,,,paired within one fixed permutation and group size; no cross-permutation pooling
PAIRED_GROUP_BOOTSTRAP,R2,80,25,M11_MINUS_S_ADAPT,M11,S_ADAPT,SEED_530103,30,coverage_per_image,true,0.10650000000000012,10.650000000000013,0.08400000000000027,0.13050000000000017,1,complete frozen 80-image allocation group,5000,380434469,98fc37ec2c59cf234b609d3cf3f3e13d31264ebd671f1d7a45dca5fd859378b5,,,,,paired within one fixed permutation and group size; no cross-permutation pooling
PAIRED_GROUP_BOOTSTRAP,R2,80,25,M11_MINUS_S_ADAPT,M11,S_ADAPT,SEED_530103,40,coverage_per_image,true,0.07249999999999993,7.249999999999993,0.05550000000000019,0.09099999999999987,1,complete frozen 80-image allocation group,5000,380434469,98fc37ec2c59cf234b609d3cf3f3e13d31264ebd671f1d7a45dca5fd859378b5,,,,,paired within one fixed permutation and group size; no cross-permutation pooling
PAIRED_GROUP_BOOTSTRAP,R2,80,25,M11_MINUS_S_ADAPT,M11,S_ADAPT,SEED_530103,CORE_10_15_20,coverage_per_image,true,0.10316666666666677,10.316666666666677,0.08232916666666672,0.1260000000000001,1,complete frozen 80-image allocation group,5000,380434469,98fc37ec2c59cf234b609d3cf3f3e13d31264ebd671f1d7a45dca5fd859378b5,,,,,paired within one fixed permutation and group size; no cross-permutation pooling
PAIRED_GROUP_BOOTSTRAP,R2,80,25,M11_MINUS_S_ADAPT,M11,S_ADAPT,SEED_530103,10,quality_per_image,true,0.13128337984159866,13.128337984159867,0.11171960701638038,0.1500794919769696,1,complete frozen 80-image allocation group,5000,380434469,98fc37ec2c59cf234b609d3cf3f3e13d31264ebd671f1d7a45dca5fd859378b5,,,,,paired within one fixed permutation and group size; no cross-permutation pooling
PAIRED_GROUP_BOOTSTRAP,R2,80,25,M11_MINUS_S_ADAPT,M11,S_ADAPT,SEED_530103,15,quality_per_image,true,0.1242189695998765,12.421896959987649,0.10814326322478993,0.1405249707433066,1,complete frozen 80-image allocation group,5000,380434469,98fc37ec2c59cf234b609d3cf3f3e13d31264ebd671f1d7a45dca5fd859378b5,,,,,paired within one fixed permutation and group size; no cross-permutation pooling
PAIRED_GROUP_BOOTSTRAP,R2,80,25,M11_MINUS_S_ADAPT,M11,S_ADAPT,SEED_530103,20,quality_per_image,true,0.1073447266770491,10.73447266770491,0.08294691778729466,0.13444110158224984,1,complete frozen 80-image allocation group,5000,380434469,98fc37ec2c59cf234b609d3cf3f3e13d31264ebd671f1d7a45dca5fd859378b5,,,,,paired within one fixed permutation and group size; no cross-permutation pooling
PAIRED_GROUP_BOOTSTRAP,R2,80,25,M11_MINUS_S_ADAPT,M11,S_ADAPT,SEED_530103,30,quality_per_image,true,0.06041556985109924,6.041556985109924,0.043398811329330086,0.07751527498759973,1,complete frozen 80-image allocation group,5000,380434469,98fc37ec2c59cf234b609d3cf3f3e13d31264ebd671f1d7a45dca5fd859378b5,,,,,paired within one fixed permutation and group size; no cross-permutation pooling
PAIRED_GROUP_BOOTSTRAP,R2,80,25,M11_MINUS_S_ADAPT,M11,S_ADAPT,SEED_530103,40,quality_per_image,true,0.03655468806965814,3.655468806965814,0.026956669747728455,0.04665723755705137,1,complete frozen 80-image allocation group,5000,380434469,98fc37ec2c59cf234b609d3cf3f3e13d31264ebd671f1d7a45dca5fd859378b5,,,,,paired within one fixed permutation and group size; no cross-permutation pooling
PAIRED_GROUP_BOOTSTRAP,R2,80,25,M11_MINUS_S_ADAPT,M11,S_ADAPT,SEED_530103,CORE_10_15_20,quality_per_image,true,0.12094902537284141,12.094902537284142,0.10744311233780421,0.13431721606985822,1,complete frozen 80-image allocation group,5000,380434469,98fc37ec2c59cf234b609d3cf3f3e13d31264ebd671f1d7a45dca5fd859378b5,,,,,paired within one fixed permutation and group size; no cross-permutation pooling
PAIRED_GROUP_BOOTSTRAP,R2,80,25,S_ADAPT_MINUS_S_FIXED,S_ADAPT,S_FIXED,DETERMINISTIC,10,coverage_per_image,true,0.6825,68.25,0.639,0.7235124999999999,1,complete frozen 80-image allocation group,5000,380434469,98fc37ec2c59cf234b609d3cf3f3e13d31264ebd671f1d7a45dca5fd859378b5,,,,,paired within one fixed permutation and group size; no cross-permutation pooling
PAIRED_GROUP_BOOTSTRAP,R2,80,25,S_ADAPT_MINUS_S_FIXED,S_ADAPT,S_FIXED,DETERMINISTIC,15,coverage_per_image,true,0.584,58.4,0.5324874999999999,0.6349999999999998,1,complete frozen 80-image allocation group,5000,380434469,98fc37ec2c59cf234b609d3cf3f3e13d31264ebd671f1d7a45dca5fd859378b5,,,,,paired within one fixed permutation and group size; no cross-permutation pooling
PAIRED_GROUP_BOOTSTRAP,R2,80,25,S_ADAPT_MINUS_S_FIXED,S_ADAPT,S_FIXED,DETERMINISTIC,20,coverage_per_image,true,0.4455000000000001,44.55000000000001,0.39899999999999997,0.49449999999999994,1,complete frozen 80-image allocation group,5000,380434469,98fc37ec2c59cf234b609d3cf3f3e13d31264ebd671f1d7a45dca5fd859378b5,,,,,paired within one fixed permutation and group size; no cross-permutation pooling
PAIRED_GROUP_BOOTSTRAP,R2,80,25,S_ADAPT_MINUS_S_FIXED,S_ADAPT,S_FIXED,DETERMINISTIC,30,coverage_per_image,true,0.336,33.6,0.2835000000000001,0.3870000000000001,1,complete frozen 80-image allocation group,5000,380434469,98fc37ec2c59cf234b609d3cf3f3e13d31264ebd671f1d7a45dca5fd859378b5,,,,,paired within one fixed permutation and group size; no cross-permutation pooling
PAIRED_GROUP_BOOTSTRAP,R2,80,25,S_ADAPT_MINUS_S_FIXED,S_ADAPT,S_FIXED,DETERMINISTIC,40,coverage_per_image,true,0.2089999999999999,20.89999999999999,0.18549999999999983,0.2349999999999997,1,complete frozen 80-image allocation group,5000,380434469,98fc37ec2c59cf234b609d3cf3f3e13d31264ebd671f1d7a45dca5fd859378b5,,,,,paired within one fixed permutation and group size; no cross-permutation pooling
PAIRED_GROUP_BOOTSTRAP,R2,80,25,S_ADAPT_MINUS_S_FIXED,S_ADAPT,S_FIXED,DETERMINISTIC,CORE_10_15_20,coverage_per_image,true,0.5706666666666667,57.06666666666666,0.5286666666666667,0.6113333333333335,1,complete frozen 80-image allocation group,5000,380434469,98fc37ec2c59cf234b609d3cf3f3e13d31264ebd671f1d7a45dca5fd859378b5,,,,,paired within one fixed permutation and group size; no cross-permutation pooling
PAIRED_GROUP_BOOTSTRAP,R2,80,25,S_ADAPT_MINUS_S_FIXED,S_ADAPT,S_FIXED,DETERMINISTIC,10,quality_per_image,true,0.42261255780211937,42.26125578021194,0.38470278808088587,0.4591910960096575,1,complete frozen 80-image allocation group,5000,380434469,98fc37ec2c59cf234b609d3cf3f3e13d31264ebd671f1d7a45dca5fd859378b5,,,,,paired within one fixed permutation and group size; no cross-permutation pooling
PAIRED_GROUP_BOOTSTRAP,R2,80,25,S_ADAPT_MINUS_S_FIXED,S_ADAPT,S_FIXED,DETERMINISTIC,15,quality_per_image,true,0.3507006352428626,35.07006352428626,0.31922197243771405,0.38079357984997875,1,complete frozen 80-image allocation group,5000,380434469,98fc37ec2c59cf234b609d3cf3f3e13d31264ebd671f1d7a45dca5fd859378b5,,,,,paired within one fixed permutation and group size; no cross-permutation pooling
PAIRED_GROUP_BOOTSTRAP,R2,80,25,S_ADAPT_MINUS_S_FIXED,S_ADAPT,S_FIXED,DETERMINISTIC,20,quality_per_image,true,0.27101922260329653,27.10192226032965,0.24035585261522985,0.3022821729164194,1,complete frozen 80-image allocation group,5000,380434469,98fc37ec2c59cf234b609d3cf3f3e13d31264ebd671f1d7a45dca5fd859378b5,,,,,paired within one fixed permutation and group size; no cross-permutation pooling
PAIRED_GROUP_BOOTSTRAP,R2,80,25,S_ADAPT_MINUS_S_FIXED,S_ADAPT,S_FIXED,DETERMINISTIC,30,quality_per_image,true,0.19928754288729622,19.92875428872962,0.1691143423214898,0.23185652399030782,1,complete frozen 80-image allocation group,5000,380434469,98fc37ec2c59cf234b609d3cf3f3e13d31264ebd671f1d7a45dca5fd859378b5,,,,,paired within one fixed permutation and group size; no cross-permutation pooling
PAIRED_GROUP_BOOTSTRAP,R2,80,25,S_ADAPT_MINUS_S_FIXED,S_ADAPT,S_FIXED,DETERMINISTIC,40,quality_per_image,true,0.11261576021609851,11.261576021609851,0.09678592810076052,0.1303567076755718,1,complete frozen 80-image allocation group,5000,380434469,98fc37ec2c59cf234b609d3cf3f3e13d31264ebd671f1d7a45dca5fd859378b5,,,,,paired within one fixed permutation and group size; no cross-permutation pooling
PAIRED_GROUP_BOOTSTRAP,R2,80,25,S_ADAPT_MINUS_S_FIXED,S_ADAPT,S_FIXED,DETERMINISTIC,CORE_10_15_20,quality_per_image,true,0.34811080521609283,34.811080521609284,0.31994468720961455,0.376015158606808,1,complete frozen 80-image allocation group,5000,380434469,98fc37ec2c59cf234b609d3cf3f3e13d31264ebd671f1d7a45dca5fd859378b5,,,,,paired within one fixed permutation and group size; no cross-permutation pooling
PERMUTATION_SENSITIVITY_DESCRIPTION,ALL_R0_R1_R2,10,200,M11_MINUS_S_ADAPT,M11,S_ADAPT,THREE_SEED_MEAN,10,coverage_per_image,true,0.05016666666666666,5.016666666666666,,,,NOT_APPLICABLE,0,,,0.04216666666666666,0.06283333333333332,3,3,"same DEV2000 under three deterministic regroupings; descriptive mean/range, not CI or 6000 independent images"
PERMUTATION_SENSITIVITY_DESCRIPTION,ALL_R0_R1_R2,10,200,M11_MINUS_S_ADAPT,M11,S_ADAPT,THREE_SEED_MEAN,15,coverage_per_image,true,0.09861111111111111,9.86111111111111,,,,NOT_APPLICABLE,0,,,0.09066666666666665,0.11283333333333338,3,3,"same DEV2000 under three deterministic regroupings; descriptive mean/range, not CI or 6000 independent images"
PERMUTATION_SENSITIVITY_DESCRIPTION,ALL_R0_R1_R2,10,200,M11_MINUS_S_ADAPT,M11,S_ADAPT,THREE_SEED_MEAN,20,coverage_per_image,true,0.10433333333333335,10.433333333333335,,,,NOT_APPLICABLE,0,,,0.09716666666666668,0.11349999999999998,3,3,"same DEV2000 under three deterministic regroupings; descriptive mean/range, not CI or 6000 independent images"
PERMUTATION_SENSITIVITY_DESCRIPTION,ALL_R0_R1_R2,10,200,M11_MINUS_S_ADAPT,M11,S_ADAPT,THREE_SEED_MEAN,30,coverage_per_image,true,0.09927777777777769,9.927777777777768,,,,NOT_APPLICABLE,0,,,0.09116666666666645,0.10433333333333325,3,3,"same DEV2000 under three deterministic regroupings; descriptive mean/range, not CI or 6000 independent images"
PERMUTATION_SENSITIVITY_DESCRIPTION,ALL_R0_R1_R2,10,200,M11_MINUS_S_ADAPT,M11,S_ADAPT,THREE_SEED_MEAN,40,coverage_per_image,true,0.06149999999999997,6.149999999999997,,,,NOT_APPLICABLE,0,,,0.05849999999999996,0.06399999999999999,3,3,"same DEV2000 under three deterministic regroupings; descriptive mean/range, not CI or 6000 independent images"
PERMUTATION_SENSITIVITY_DESCRIPTION,ALL_R0_R1_R2,10,200,M11_MINUS_S_ADAPT,M11,S_ADAPT,THREE_SEED_MEAN,CORE_10_15_20,coverage_per_image,true,0.08437037037037037,8.437037037037037,,,,NOT_APPLICABLE,0,,,0.07833333333333334,0.09266666666666669,3,3,"same DEV2000 under three deterministic regroupings; descriptive mean/range, not CI or 6000 independent images"
PERMUTATION_SENSITIVITY_DESCRIPTION,ALL_R0_R1_R2,10,200,M11_MINUS_S_ADAPT,M11,S_ADAPT,THREE_SEED_MEAN,10,quality_per_image,true,0.11233452168168258,11.233452168168258,,,,NOT_APPLICABLE,0,,,0.11194508626688847,0.11290938041281699,3,3,"same DEV2000 under three deterministic regroupings; descriptive mean/range, not CI or 6000 independent images"
PERMUTATION_SENSITIVITY_DESCRIPTION,ALL_R0_R1_R2,10,200,M11_MINUS_S_ADAPT,M11,S_ADAPT,THREE_SEED_MEAN,15,quality_per_image,true,0.1075476081173536,10.75476081173536,,,,NOT_APPLICABLE,0,,,0.09588179255752916,0.12083342331071485,3,3,"same DEV2000 under three deterministic regroupings; descriptive mean/range, not CI or 6000 independent images"
PERMUTATION_SENSITIVITY_DESCRIPTION,ALL_R0_R1_R2,10,200,M11_MINUS_S_ADAPT,M11,S_ADAPT,THREE_SEED_MEAN,20,quality_per_image,true,0.09362233329350984,9.362233329350984,,,,NOT_APPLICABLE,0,,,0.0915125946384134,0.09473421642972493,3,3,"same DEV2000 under three deterministic regroupings; descriptive mean/range, not CI or 6000 independent images"
PERMUTATION_SENSITIVITY_DESCRIPTION,ALL_R0_R1_R2,10,200,M11_MINUS_S_ADAPT,M11,S_ADAPT,THREE_SEED_MEAN,30,quality_per_image,true,0.06410534889072718,6.410534889072718,,,,NOT_APPLICABLE,0,,,0.05692545075149366,0.07034214143342644,3,3,"same DEV2000 under three deterministic regroupings; descriptive mean/range, not CI or 6000 independent images"
PERMUTATION_SENSITIVITY_DESCRIPTION,ALL_R0_R1_R2,10,200,M11_MINUS_S_ADAPT,M11,S_ADAPT,THREE_SEED_MEAN,40,quality_per_image,true,0.03222349318927565,3.222349318927565,,,,NOT_APPLICABLE,0,,,0.030449767063561797,0.03444371933942576,3,3,"same DEV2000 under three deterministic regroupings; descriptive mean/range, not CI or 6000 independent images"
PERMUTATION_SENSITIVITY_DESCRIPTION,ALL_R0_R1_R2,10,200,M11_MINUS_S_ADAPT,M11,S_ADAPT,THREE_SEED_MEAN,CORE_10_15_20,quality_per_image,true,0.10450148769751537,10.450148769751538,,,,NOT_APPLICABLE,0,,,0.10113712059424579,0.10917090866910943,3,3,"same DEV2000 under three deterministic regroupings; descriptive mean/range, not CI or 6000 independent images"
PERMUTATION_SENSITIVITY_DESCRIPTION,ALL_R0_R1_R2,10,200,S_ADAPT_MINUS_S_FIXED,S_ADAPT,S_FIXED,DETERMINISTIC,10,coverage_per_image,true,0.6133333333333333,61.33333333333333,,,,NOT_APPLICABLE,0,,,0.605,0.623,3,3,"same DEV2000 under three deterministic regroupings; descriptive mean/range, not CI or 6000 independent images"
PERMUTATION_SENSITIVITY_DESCRIPTION,ALL_R0_R1_R2,10,200,S_ADAPT_MINUS_S_FIXED,S_ADAPT,S_FIXED,DETERMINISTIC,15,coverage_per_image,true,0.542,54.2,,,,NOT_APPLICABLE,0,,,0.5309999999999999,0.5485,3,3,"same DEV2000 under three deterministic regroupings; descriptive mean/range, not CI or 6000 independent images"
PERMUTATION_SENSITIVITY_DESCRIPTION,ALL_R0_R1_R2,10,200,S_ADAPT_MINUS_S_FIXED,S_ADAPT,S_FIXED,DETERMINISTIC,20,coverage_per_image,true,0.4125000000000001,41.25000000000001,,,,NOT_APPLICABLE,0,,,0.4085000000000001,0.4160000000000001,3,3,"same DEV2000 under three deterministic regroupings; descriptive mean/range, not CI or 6000 independent images"
PERMUTATION_SENSITIVITY_DESCRIPTION,ALL_R0_R1_R2,10,200,S_ADAPT_MINUS_S_FIXED,S_ADAPT,S_FIXED,DETERMINISTIC,30,coverage_per_image,true,0.3,30,,,,NOT_APPLICABLE,0,,,0.29699999999999993,0.30350000000000005,3,3,"same DEV2000 under three deterministic regroupings; descriptive mean/range, not CI or 6000 independent images"
PERMUTATION_SENSITIVITY_DESCRIPTION,ALL_R0_R1_R2,10,200,S_ADAPT_MINUS_S_FIXED,S_ADAPT,S_FIXED,DETERMINISTIC,40,coverage_per_image,true,0.19166666666666668,19.166666666666668,,,,NOT_APPLICABLE,0,,,0.1865,0.19500000000000003,3,3,"same DEV2000 under three deterministic regroupings; descriptive mean/range, not CI or 6000 independent images"
PERMUTATION_SENSITIVITY_DESCRIPTION,ALL_R0_R1_R2,10,200,S_ADAPT_MINUS_S_FIXED,S_ADAPT,S_FIXED,DETERMINISTIC,CORE_10_15_20,coverage_per_image,true,0.522611111111111,52.261111111111106,,,,NOT_APPLICABLE,0,,,0.5186666666666667,0.5266666666666666,3,3,"same DEV2000 under three deterministic regroupings; descriptive mean/range, not CI or 6000 independent images"
PERMUTATION_SENSITIVITY_DESCRIPTION,ALL_R0_R1_R2,10,200,S_ADAPT_MINUS_S_FIXED,S_ADAPT,S_FIXED,DETERMINISTIC,10,quality_per_image,true,0.38109453533721344,38.10945353372134,,,,NOT_APPLICABLE,0,,,0.3696675578081763,0.38736785093955,3,3,"same DEV2000 under three deterministic regroupings; descriptive mean/range, not CI or 6000 independent images"
PERMUTATION_SENSITIVITY_DESCRIPTION,ALL_R0_R1_R2,10,200,S_ADAPT_MINUS_S_FIXED,S_ADAPT,S_FIXED,DETERMINISTIC,15,quality_per_image,true,0.3242635843863176,32.42635843863176,,,,NOT_APPLICABLE,0,,,0.31473881817049315,0.3343454063287708,3,3,"same DEV2000 under three deterministic regroupings; descriptive mean/range, not CI or 6000 independent images"
PERMUTATION_SENSITIVITY_DESCRIPTION,ALL_R0_R1_R2,10,200,S_ADAPT_MINUS_S_FIXED,S_ADAPT,S_FIXED,DETERMINISTIC,20,quality_per_image,true,0.25724539460434426,25.724539460434425,,,,NOT_APPLICABLE,0,,,0.2544790449747451,0.2589350469673697,3,3,"same DEV2000 under three deterministic regroupings; descriptive mean/range, not CI or 6000 independent images"
PERMUTATION_SENSITIVITY_DESCRIPTION,ALL_R0_R1_R2,10,200,S_ADAPT_MINUS_S_FIXED,S_ADAPT,S_FIXED,DETERMINISTIC,30,quality_per_image,true,0.1748299780156942,17.482997801569418,,,,NOT_APPLICABLE,0,,,0.1729513282735054,0.17717572450653502,3,3,"same DEV2000 under three deterministic regroupings; descriptive mean/range, not CI or 6000 independent images"
PERMUTATION_SENSITIVITY_DESCRIPTION,ALL_R0_R1_R2,10,200,S_ADAPT_MINUS_S_FIXED,S_ADAPT,S_FIXED,DETERMINISTIC,40,quality_per_image,true,0.10330554283186599,10.330554283186599,,,,NOT_APPLICABLE,0,,,0.10194030544826478,0.10579311045413928,3,3,"same DEV2000 under three deterministic regroupings; descriptive mean/range, not CI or 6000 independent images"
PERMUTATION_SENSITIVITY_DESCRIPTION,ALL_R0_R1_R2,10,200,S_ADAPT_MINUS_S_FIXED,S_ADAPT,S_FIXED,DETERMINISTIC,CORE_10_15_20,quality_per_image,true,0.32086783810929176,32.08678381092918,,,,NOT_APPLICABLE,0,,,0.3188619046949295,0.32275893926484023,3,3,"same DEV2000 under three deterministic regroupings; descriptive mean/range, not CI or 6000 independent images"
PERMUTATION_SENSITIVITY_DESCRIPTION,ALL_R0_R1_R2,20,100,M11_MINUS_S_ADAPT,M11,S_ADAPT,THREE_SEED_MEAN,10,coverage_per_image,true,0.062222222222222255,6.222222222222226,,,,NOT_APPLICABLE,0,,,0.039833333333333394,0.08466666666666665,3,3,"same DEV2000 under three deterministic regroupings; descriptive mean/range, not CI or 6000 independent images"
PERMUTATION_SENSITIVITY_DESCRIPTION,ALL_R0_R1_R2,20,100,M11_MINUS_S_ADAPT,M11,S_ADAPT,THREE_SEED_MEAN,15,coverage_per_image,true,0.10505555555555553,10.505555555555553,,,,NOT_APPLICABLE,0,,,0.0963333333333334,0.12199999999999996,3,3,"same DEV2000 under three deterministic regroupings; descriptive mean/range, not CI or 6000 independent images"
PERMUTATION_SENSITIVITY_DESCRIPTION,ALL_R0_R1_R2,20,100,M11_MINUS_S_ADAPT,M11,S_ADAPT,THREE_SEED_MEAN,20,coverage_per_image,true,0.11055555555555548,11.055555555555548,,,,NOT_APPLICABLE,0,,,0.10416666666666641,0.12249999999999994,3,3,"same DEV2000 under three deterministic regroupings; descriptive mean/range, not CI or 6000 independent images"
PERMUTATION_SENSITIVITY_DESCRIPTION,ALL_R0_R1_R2,20,100,M11_MINUS_S_ADAPT,M11,S_ADAPT,THREE_SEED_MEAN,30,coverage_per_image,true,0.1002777777777778,10.02777777777778,,,,NOT_APPLICABLE,0,,,0.0943333333333333,0.10883333333333337,3,3,"same DEV2000 under three deterministic regroupings; descriptive mean/range, not CI or 6000 independent images"
PERMUTATION_SENSITIVITY_DESCRIPTION,ALL_R0_R1_R2,20,100,M11_MINUS_S_ADAPT,M11,S_ADAPT,THREE_SEED_MEAN,40,coverage_per_image,true,0.06483333333333328,6.483333333333328,,,,NOT_APPLICABLE,0,,,0.06233333333333317,0.06799999999999995,3,3,"same DEV2000 under three deterministic regroupings; descriptive mean/range, not CI or 6000 independent images"
PERMUTATION_SENSITIVITY_DESCRIPTION,ALL_R0_R1_R2,20,100,M11_MINUS_S_ADAPT,M11,S_ADAPT,THREE_SEED_MEAN,CORE_10_15_20,coverage_per_image,true,0.0926111111111111,9.261111111111111,,,,NOT_APPLICABLE,0,,,0.08011111111111108,0.1038888888888889,3,3,"same DEV2000 under three deterministic regroupings; descriptive mean/range, not CI or 6000 independent images"
PERMUTATION_SENSITIVITY_DESCRIPTION,ALL_R0_R1_R2,20,100,M11_MINUS_S_ADAPT,M11,S_ADAPT,THREE_SEED_MEAN,10,quality_per_image,true,0.12377902226347624,12.377902226347624,,,,NOT_APPLICABLE,0,,,0.11283963009434116,0.13127059097318516,3,3,"same DEV2000 under three deterministic regroupings; descriptive mean/range, not CI or 6000 independent images"
PERMUTATION_SENSITIVITY_DESCRIPTION,ALL_R0_R1_R2,20,100,M11_MINUS_S_ADAPT,M11,S_ADAPT,THREE_SEED_MEAN,15,quality_per_image,true,0.11563777728430132,11.563777728430132,,,,NOT_APPLICABLE,0,,,0.10563969188406083,0.12174142247840958,3,3,"same DEV2000 under three deterministic regroupings; descriptive mean/range, not CI or 6000 independent images"
PERMUTATION_SENSITIVITY_DESCRIPTION,ALL_R0_R1_R2,20,100,M11_MINUS_S_ADAPT,M11,S_ADAPT,THREE_SEED_MEAN,20,quality_per_image,true,0.09942364665783189,9.94236466578319,,,,NOT_APPLICABLE,0,,,0.09676585976553927,0.10310138760042242,3,3,"same DEV2000 under three deterministic regroupings; descriptive mean/range, not CI or 6000 independent images"
PERMUTATION_SENSITIVITY_DESCRIPTION,ALL_R0_R1_R2,20,100,M11_MINUS_S_ADAPT,M11,S_ADAPT,THREE_SEED_MEAN,30,quality_per_image,true,0.06509940942612813,6.509940942612813,,,,NOT_APPLICABLE,0,,,0.05857994102432817,0.07318835185590394,3,3,"same DEV2000 under three deterministic regroupings; descriptive mean/range, not CI or 6000 independent images"
PERMUTATION_SENSITIVITY_DESCRIPTION,ALL_R0_R1_R2,20,100,M11_MINUS_S_ADAPT,M11,S_ADAPT,THREE_SEED_MEAN,40,quality_per_image,true,0.03368177029990913,3.368177029990913,,,,NOT_APPLICABLE,0,,,0.033325084959442065,0.033936433630829564,3,3,"same DEV2000 under three deterministic regroupings; descriptive mean/range, not CI or 6000 independent images"
PERMUTATION_SENSITIVITY_DESCRIPTION,ALL_R0_R1_R2,20,100,M11_MINUS_S_ADAPT,M11,S_ADAPT,THREE_SEED_MEAN,CORE_10_15_20,quality_per_image,true,0.11294681540186984,11.294681540186984,,,,NOT_APPLICABLE,0,,,0.10719356985960816,0.11659262440571133,3,3,"same DEV2000 under three deterministic regroupings; descriptive mean/range, not CI or 6000 independent images"
PERMUTATION_SENSITIVITY_DESCRIPTION,ALL_R0_R1_R2,20,100,S_ADAPT_MINUS_S_FIXED,S_ADAPT,S_FIXED,DETERMINISTIC,10,coverage_per_image,true,0.6526666666666666,65.26666666666667,,,,NOT_APPLICABLE,0,,,0.6515000000000001,0.654,3,3,"same DEV2000 under three deterministic regroupings; descriptive mean/range, not CI or 6000 independent images"
PERMUTATION_SENSITIVITY_DESCRIPTION,ALL_R0_R1_R2,20,100,S_ADAPT_MINUS_S_FIXED,S_ADAPT,S_FIXED,DETERMINISTIC,15,coverage_per_image,true,0.5646666666666668,56.466666666666676,,,,NOT_APPLICABLE,0,,,0.5570000000000002,0.5710000000000001,3,3,"same DEV2000 under three deterministic regroupings; descriptive mean/range, not CI or 6000 independent images"
PERMUTATION_SENSITIVITY_DESCRIPTION,ALL_R0_R1_R2,20,100,S_ADAPT_MINUS_S_FIXED,S_ADAPT,S_FIXED,DETERMINISTIC,20,coverage_per_image,true,0.43683333333333324,43.68333333333332,,,,NOT_APPLICABLE,0,,,0.4249999999999999,0.45049999999999996,3,3,"same DEV2000 under three deterministic regroupings; descriptive mean/range, not CI or 6000 independent images"
PERMUTATION_SENSITIVITY_DESCRIPTION,ALL_R0_R1_R2,20,100,S_ADAPT_MINUS_S_FIXED,S_ADAPT,S_FIXED,DETERMINISTIC,30,coverage_per_image,true,0.31983333333333325,31.983333333333324,,,,NOT_APPLICABLE,0,,,0.31049999999999994,0.32549999999999985,3,3,"same DEV2000 under three deterministic regroupings; descriptive mean/range, not CI or 6000 independent images"
PERMUTATION_SENSITIVITY_DESCRIPTION,ALL_R0_R1_R2,20,100,S_ADAPT_MINUS_S_FIXED,S_ADAPT,S_FIXED,DETERMINISTIC,40,coverage_per_image,true,0.2034999999999999,20.34999999999999,,,,NOT_APPLICABLE,0,,,0.2025,0.2049999999999998,3,3,"same DEV2000 under three deterministic regroupings; descriptive mean/range, not CI or 6000 independent images"
PERMUTATION_SENSITIVITY_DESCRIPTION,ALL_R0_R1_R2,20,100,S_ADAPT_MINUS_S_FIXED,S_ADAPT,S_FIXED,DETERMINISTIC,CORE_10_15_20,coverage_per_image,true,0.5513888888888888,55.13888888888888,,,,NOT_APPLICABLE,0,,,0.5478333333333334,0.5568333333333334,3,3,"same DEV2000 under three deterministic regroupings; descriptive mean/range, not CI or 6000 independent images"
PERMUTATION_SENSITIVITY_DESCRIPTION,ALL_R0_R1_R2,20,100,S_ADAPT_MINUS_S_FIXED,S_ADAPT,S_FIXED,DETERMINISTIC,10,quality_per_image,true,0.4049843649559988,40.49843649559988,,,,NOT_APPLICABLE,0,,,0.4016846604896734,0.4107440544679994,3,3,"same DEV2000 under three deterministic regroupings; descriptive mean/range, not CI or 6000 independent images"
PERMUTATION_SENSITIVITY_DESCRIPTION,ALL_R0_R1_R2,20,100,S_ADAPT_MINUS_S_FIXED,S_ADAPT,S_FIXED,DETERMINISTIC,15,quality_per_image,true,0.33830309004232273,33.83030900423228,,,,NOT_APPLICABLE,0,,,0.33526488066799387,0.33983093602611786,3,3,"same DEV2000 under three deterministic regroupings; descriptive mean/range, not CI or 6000 independent images"
PERMUTATION_SENSITIVITY_DESCRIPTION,ALL_R0_R1_R2,20,100,S_ADAPT_MINUS_S_FIXED,S_ADAPT,S_FIXED,DETERMINISTIC,20,quality_per_image,true,0.266209387498155,26.620938749815497,,,,NOT_APPLICABLE,0,,,0.2655740346639095,0.2667057104623687,3,3,"same DEV2000 under three deterministic regroupings; descriptive mean/range, not CI or 6000 independent images"
PERMUTATION_SENSITIVITY_DESCRIPTION,ALL_R0_R1_R2,20,100,S_ADAPT_MINUS_S_FIXED,S_ADAPT,S_FIXED,DETERMINISTIC,30,quality_per_image,true,0.18472135812198057,18.472135812198058,,,,NOT_APPLICABLE,0,,,0.17672124899221864,0.19249079602397767,3,3,"same DEV2000 under three deterministic regroupings; descriptive mean/range, not CI or 6000 independent images"
PERMUTATION_SENSITIVITY_DESCRIPTION,ALL_R0_R1_R2,20,100,S_ADAPT_MINUS_S_FIXED,S_ADAPT,S_FIXED,DETERMINISTIC,40,quality_per_image,true,0.10726371662458271,10.726371662458272,,,,NOT_APPLICABLE,0,,,0.10579909603179846,0.10882343821682486,3,3,"same DEV2000 under three deterministic regroupings; descriptive mean/range, not CI or 6000 independent images"
PERMUTATION_SENSITIVITY_DESCRIPTION,ALL_R0_R1_R2,20,100,S_ADAPT_MINUS_S_FIXED,S_ADAPT,S_FIXED,DETERMINISTIC,CORE_10_15_20,quality_per_image,true,0.3364989474988256,33.649894749882556,,,,NOT_APPLICABLE,0,,,0.3359546712946594,0.33757154853278737,3,3,"same DEV2000 under three deterministic regroupings; descriptive mean/range, not CI or 6000 independent images"
PERMUTATION_SENSITIVITY_DESCRIPTION,ALL_R0_R1_R2,40,50,M11_MINUS_S_ADAPT,M11,S_ADAPT,THREE_SEED_MEAN,10,coverage_per_image,true,0.06161111111111111,6.1611111111111105,,,,NOT_APPLICABLE,0,,,0.05133333333333342,0.06916666666666663,3,3,"same DEV2000 under three deterministic regroupings; descriptive mean/range, not CI or 6000 independent images"
PERMUTATION_SENSITIVITY_DESCRIPTION,ALL_R0_R1_R2,40,50,M11_MINUS_S_ADAPT,M11,S_ADAPT,THREE_SEED_MEAN,15,coverage_per_image,true,0.10422222222222222,10.42222222222222,,,,NOT_APPLICABLE,0,,,0.09283333333333327,0.10999999999999996,3,3,"same DEV2000 under three deterministic regroupings; descriptive mean/range, not CI or 6000 independent images"
PERMUTATION_SENSITIVITY_DESCRIPTION,ALL_R0_R1_R2,40,50,M11_MINUS_S_ADAPT,M11,S_ADAPT,THREE_SEED_MEAN,20,coverage_per_image,true,0.11683333333333333,11.683333333333334,,,,NOT_APPLICABLE,0,,,0.1093333333333333,0.1228333333333333,3,3,"same DEV2000 under three deterministic regroupings; descriptive mean/range, not CI or 6000 independent images"
PERMUTATION_SENSITIVITY_DESCRIPTION,ALL_R0_R1_R2,40,50,M11_MINUS_S_ADAPT,M11,S_ADAPT,THREE_SEED_MEAN,30,coverage_per_image,true,0.10394444444444462,10.394444444444462,,,,NOT_APPLICABLE,0,,,0.10250000000000008,0.10483333333333344,3,3,"same DEV2000 under three deterministic regroupings; descriptive mean/range, not CI or 6000 independent images"
PERMUTATION_SENSITIVITY_DESCRIPTION,ALL_R0_R1_R2,40,50,M11_MINUS_S_ADAPT,M11,S_ADAPT,THREE_SEED_MEAN,40,coverage_per_image,true,0.06444444444444454,6.444444444444454,,,,NOT_APPLICABLE,0,,,0.06150000000000002,0.06950000000000013,3,3,"same DEV2000 under three deterministic regroupings; descriptive mean/range, not CI or 6000 independent images"
PERMUTATION_SENSITIVITY_DESCRIPTION,ALL_R0_R1_R2,40,50,M11_MINUS_S_ADAPT,M11,S_ADAPT,THREE_SEED_MEAN,CORE_10_15_20,coverage_per_image,true,0.09422222222222222,9.422222222222222,,,,NOT_APPLICABLE,0,,,0.09344444444444445,0.09466666666666669,3,3,"same DEV2000 under three deterministic regroupings; descriptive mean/range, not CI or 6000 independent images"
PERMUTATION_SENSITIVITY_DESCRIPTION,ALL_R0_R1_R2,40,50,M11_MINUS_S_ADAPT,M11,S_ADAPT,THREE_SEED_MEAN,10,quality_per_image,true,0.1263996219106417,12.63996219106417,,,,NOT_APPLICABLE,0,,,0.11985552540425987,0.13157779770869926,3,3,"same DEV2000 under three deterministic regroupings; descriptive mean/range, not CI or 6000 independent images"
PERMUTATION_SENSITIVITY_DESCRIPTION,ALL_R0_R1_R2,40,50,M11_MINUS_S_ADAPT,M11,S_ADAPT,THREE_SEED_MEAN,15,quality_per_image,true,0.12104598626095282,12.104598626095282,,,,NOT_APPLICABLE,0,,,0.11449730239413014,0.12582867831469638,3,3,"same DEV2000 under three deterministic regroupings; descriptive mean/range, not CI or 6000 independent images"
PERMUTATION_SENSITIVITY_DESCRIPTION,ALL_R0_R1_R2,40,50,M11_MINUS_S_ADAPT,M11,S_ADAPT,THREE_SEED_MEAN,20,quality_per_image,true,0.1067365600127116,10.67365600127116,,,,NOT_APPLICABLE,0,,,0.09946730037482472,0.11140948871242219,3,3,"same DEV2000 under three deterministic regroupings; descriptive mean/range, not CI or 6000 independent images"
PERMUTATION_SENSITIVITY_DESCRIPTION,ALL_R0_R1_R2,40,50,M11_MINUS_S_ADAPT,M11,S_ADAPT,THREE_SEED_MEAN,30,quality_per_image,true,0.06408387964596035,6.408387964596035,,,,NOT_APPLICABLE,0,,,0.06331548891302786,0.06486442231052855,3,3,"same DEV2000 under three deterministic regroupings; descriptive mean/range, not CI or 6000 independent images"
PERMUTATION_SENSITIVITY_DESCRIPTION,ALL_R0_R1_R2,40,50,M11_MINUS_S_ADAPT,M11,S_ADAPT,THREE_SEED_MEAN,40,quality_per_image,true,0.03317163145481213,3.317163145481213,,,,NOT_APPLICABLE,0,,,0.03156815785477583,0.035377394212683023,3,3,"same DEV2000 under three deterministic regroupings; descriptive mean/range, not CI or 6000 independent images"
PERMUTATION_SENSITIVITY_DESCRIPTION,ALL_R0_R1_R2,40,50,M11_MINUS_S_ADAPT,M11,S_ADAPT,THREE_SEED_MEAN,CORE_10_15_20,quality_per_image,true,0.11806072272810204,11.806072272810205,,,,NOT_APPLICABLE,0,,,0.11768717376949567,0.1184693303512391,3,3,"same DEV2000 under three deterministic regroupings; descriptive mean/range, not CI or 6000 independent images"
PERMUTATION_SENSITIVITY_DESCRIPTION,ALL_R0_R1_R2,40,50,S_ADAPT_MINUS_S_FIXED,S_ADAPT,S_FIXED,DETERMINISTIC,10,coverage_per_image,true,0.6696666666666666,66.96666666666667,,,,NOT_APPLICABLE,0,,,0.6619999999999999,0.6805,3,3,"same DEV2000 under three deterministic regroupings; descriptive mean/range, not CI or 6000 independent images"
PERMUTATION_SENSITIVITY_DESCRIPTION,ALL_R0_R1_R2,40,50,S_ADAPT_MINUS_S_FIXED,S_ADAPT,S_FIXED,DETERMINISTIC,15,coverage_per_image,true,0.5821666666666667,58.21666666666667,,,,NOT_APPLICABLE,0,,,0.576,0.5925000000000001,3,3,"same DEV2000 under three deterministic regroupings; descriptive mean/range, not CI or 6000 independent images"
PERMUTATION_SENSITIVITY_DESCRIPTION,ALL_R0_R1_R2,40,50,S_ADAPT_MINUS_S_FIXED,S_ADAPT,S_FIXED,DETERMINISTIC,20,coverage_per_image,true,0.44383333333333336,44.38333333333333,,,,NOT_APPLICABLE,0,,,0.4405000000000001,0.44599999999999995,3,3,"same DEV2000 under three deterministic regroupings; descriptive mean/range, not CI or 6000 independent images"
PERMUTATION_SENSITIVITY_DESCRIPTION,ALL_R0_R1_R2,40,50,S_ADAPT_MINUS_S_FIXED,S_ADAPT,S_FIXED,DETERMINISTIC,30,coverage_per_image,true,0.3296666666666666,32.96666666666666,,,,NOT_APPLICABLE,0,,,0.32599999999999996,0.3325,3,3,"same DEV2000 under three deterministic regroupings; descriptive mean/range, not CI or 6000 independent images"
PERMUTATION_SENSITIVITY_DESCRIPTION,ALL_R0_R1_R2,40,50,S_ADAPT_MINUS_S_FIXED,S_ADAPT,S_FIXED,DETERMINISTIC,40,coverage_per_image,true,0.2084999999999999,20.84999999999999,,,,NOT_APPLICABLE,0,,,0.2059999999999999,0.21099999999999983,3,3,"same DEV2000 under three deterministic regroupings; descriptive mean/range, not CI or 6000 independent images"
PERMUTATION_SENSITIVITY_DESCRIPTION,ALL_R0_R1_R2,40,50,S_ADAPT_MINUS_S_FIXED,S_ADAPT,S_FIXED,DETERMINISTIC,CORE_10_15_20,coverage_per_image,true,0.5652222222222222,56.52222222222222,,,,NOT_APPLICABLE,0,,,0.561,0.5681666666666666,3,3,"same DEV2000 under three deterministic regroupings; descriptive mean/range, not CI or 6000 independent images"
PERMUTATION_SENSITIVITY_DESCRIPTION,ALL_R0_R1_R2,40,50,S_ADAPT_MINUS_S_FIXED,S_ADAPT,S_FIXED,DETERMINISTIC,10,quality_per_image,true,0.41607100478350084,41.607100478350084,,,,NOT_APPLICABLE,0,,,0.41210695736202607,0.4230902893689485,3,3,"same DEV2000 under three deterministic regroupings; descriptive mean/range, not CI or 6000 independent images"
PERMUTATION_SENSITIVITY_DESCRIPTION,ALL_R0_R1_R2,40,50,S_ADAPT_MINUS_S_FIXED,S_ADAPT,S_FIXED,DETERMINISTIC,15,quality_per_image,true,0.34767051245045927,34.76705124504593,,,,NOT_APPLICABLE,0,,,0.34347112619680226,0.3529397879025511,3,3,"same DEV2000 under three deterministic regroupings; descriptive mean/range, not CI or 6000 independent images"
PERMUTATION_SENSITIVITY_DESCRIPTION,ALL_R0_R1_R2,40,50,S_ADAPT_MINUS_S_FIXED,S_ADAPT,S_FIXED,DETERMINISTIC,20,quality_per_image,true,0.2691666868821471,26.916668688214713,,,,NOT_APPLICABLE,0,,,0.26432109757731204,0.2725506483904917,3,3,"same DEV2000 under three deterministic regroupings; descriptive mean/range, not CI or 6000 independent images"
PERMUTATION_SENSITIVITY_DESCRIPTION,ALL_R0_R1_R2,40,50,S_ADAPT_MINUS_S_FIXED,S_ADAPT,S_FIXED,DETERMINISTIC,30,quality_per_image,true,0.19281700131812154,19.281700131812155,,,,NOT_APPLICABLE,0,,,0.19025656008337935,0.19421677188597258,3,3,"same DEV2000 under three deterministic regroupings; descriptive mean/range, not CI or 6000 independent images"
PERMUTATION_SENSITIVITY_DESCRIPTION,ALL_R0_R1_R2,40,50,S_ADAPT_MINUS_S_FIXED,S_ADAPT,S_FIXED,DETERMINISTIC,40,quality_per_image,true,0.11186714327454665,11.186714327454665,,,,NOT_APPLICABLE,0,,,0.11067334629671341,0.11301406263745367,3,3,"same DEV2000 under three deterministic regroupings; descriptive mean/range, not CI or 6000 independent images"
PERMUTATION_SENSITIVITY_DESCRIPTION,ALL_R0_R1_R2,40,50,S_ADAPT_MINUS_S_FIXED,S_ADAPT,S_FIXED,DETERMINISTIC,CORE_10_15_20,quality_per_image,true,0.3443027347053691,34.43027347053691,,,,NOT_APPLICABLE,0,,,0.34026933046454744,0.3474138536704882,3,3,"same DEV2000 under three deterministic regroupings; descriptive mean/range, not CI or 6000 independent images"
PERMUTATION_SENSITIVITY_DESCRIPTION,ALL_R0_R1_R2,80,25,M11_MINUS_S_ADAPT,M11,S_ADAPT,THREE_SEED_MEAN,10,coverage_per_image,true,0.0645,6.45,,,,NOT_APPLICABLE,0,,,0.06033333333333335,0.06749999999999996,3,3,"same DEV2000 under three deterministic regroupings; descriptive mean/range, not CI or 6000 independent images"
PERMUTATION_SENSITIVITY_DESCRIPTION,ALL_R0_R1_R2,80,25,M11_MINUS_S_ADAPT,M11,S_ADAPT,THREE_SEED_MEAN,15,coverage_per_image,true,0.10922222222222222,10.922222222222222,,,,NOT_APPLICABLE,0,,,0.0993333333333333,0.11966666666666669,3,3,"same DEV2000 under three deterministic regroupings; descriptive mean/range, not CI or 6000 independent images"
PERMUTATION_SENSITIVITY_DESCRIPTION,ALL_R0_R1_R2,80,25,M11_MINUS_S_ADAPT,M11,S_ADAPT,THREE_SEED_MEAN,20,coverage_per_image,true,0.11316666666666671,11.31666666666667,,,,NOT_APPLICABLE,0,,,0.11183333333333337,0.11500000000000014,3,3,"same DEV2000 under three deterministic regroupings; descriptive mean/range, not CI or 6000 independent images"
PERMUTATION_SENSITIVITY_DESCRIPTION,ALL_R0_R1_R2,80,25,M11_MINUS_S_ADAPT,M11,S_ADAPT,THREE_SEED_MEAN,30,coverage_per_image,true,0.09894444444444454,9.894444444444455,,,,NOT_APPLICABLE,0,,,0.09583333333333365,0.10266666666666659,3,3,"same DEV2000 under three deterministic regroupings; descriptive mean/range, not CI or 6000 independent images"
PERMUTATION_SENSITIVITY_DESCRIPTION,ALL_R0_R1_R2,80,25,M11_MINUS_S_ADAPT,M11,S_ADAPT,THREE_SEED_MEAN,40,coverage_per_image,true,0.06555555555555549,6.555555555555549,,,,NOT_APPLICABLE,0,,,0.06416666666666629,0.06733333333333334,3,3,"same DEV2000 under three deterministic regroupings; descriptive mean/range, not CI or 6000 independent images"
PERMUTATION_SENSITIVITY_DESCRIPTION,ALL_R0_R1_R2,80,25,M11_MINUS_S_ADAPT,M11,S_ADAPT,THREE_SEED_MEAN,CORE_10_15_20,coverage_per_image,true,0.09562962962962966,9.562962962962967,,,,NOT_APPLICABLE,0,,,0.09394444444444447,0.09755555555555556,3,3,"same DEV2000 under three deterministic regroupings; descriptive mean/range, not CI or 6000 independent images"
PERMUTATION_SENSITIVITY_DESCRIPTION,ALL_R0_R1_R2,80,25,M11_MINUS_S_ADAPT,M11,S_ADAPT,THREE_SEED_MEAN,10,quality_per_image,true,0.13496499374521143,13.496499374521143,,,,NOT_APPLICABLE,0,,,0.1309479870193115,0.13987529309609664,3,3,"same DEV2000 under three deterministic regroupings; descriptive mean/range, not CI or 6000 independent images"
PERMUTATION_SENSITIVITY_DESCRIPTION,ALL_R0_R1_R2,80,25,M11_MINUS_S_ADAPT,M11,S_ADAPT,THREE_SEED_MEAN,15,quality_per_image,true,0.12195159782046246,12.195159782046245,,,,NOT_APPLICABLE,0,,,0.11550265167862936,0.13094361012720035,3,3,"same DEV2000 under three deterministic regroupings; descriptive mean/range, not CI or 6000 independent images"
PERMUTATION_SENSITIVITY_DESCRIPTION,ALL_R0_R1_R2,80,25,M11_MINUS_S_ADAPT,M11,S_ADAPT,THREE_SEED_MEAN,20,quality_per_image,true,0.10497272097553763,10.497272097553763,,,,NOT_APPLICABLE,0,,,0.10242527911630642,0.10644395626266086,3,3,"same DEV2000 under three deterministic regroupings; descriptive mean/range, not CI or 6000 independent images"
PERMUTATION_SENSITIVITY_DESCRIPTION,ALL_R0_R1_R2,80,25,M11_MINUS_S_ADAPT,M11,S_ADAPT,THREE_SEED_MEAN,30,quality_per_image,true,0.05992460806955308,5.992460806955308,,,,NOT_APPLICABLE,0,,,0.058168979221321276,0.06090556914539366,3,3,"same DEV2000 under three deterministic regroupings; descriptive mean/range, not CI or 6000 independent images"
PERMUTATION_SENSITIVITY_DESCRIPTION,ALL_R0_R1_R2,80,25,M11_MINUS_S_ADAPT,M11,S_ADAPT,THREE_SEED_MEAN,40,quality_per_image,true,0.03380790071740585,3.380790071740585,,,,NOT_APPLICABLE,0,,,0.0326062642812466,0.034593478608645326,3,3,"same DEV2000 under three deterministic regroupings; descriptive mean/range, not CI or 6000 independent images"
PERMUTATION_SENSITIVITY_DESCRIPTION,ALL_R0_R1_R2,80,25,M11_MINUS_S_ADAPT,M11,S_ADAPT,THREE_SEED_MEAN,CORE_10_15_20,quality_per_image,true,0.1206297708470705,12.06297708470705,,,,NOT_APPLICABLE,0,,,0.11759393259705853,0.12575428649531928,3,3,"same DEV2000 under three deterministic regroupings; descriptive mean/range, not CI or 6000 independent images"
PERMUTATION_SENSITIVITY_DESCRIPTION,ALL_R0_R1_R2,80,25,S_ADAPT_MINUS_S_FIXED,S_ADAPT,S_FIXED,DETERMINISTIC,10,coverage_per_image,true,0.678,67.80000000000001,,,,NOT_APPLICABLE,0,,,0.6755,0.6825,3,3,"same DEV2000 under three deterministic regroupings; descriptive mean/range, not CI or 6000 independent images"
PERMUTATION_SENSITIVITY_DESCRIPTION,ALL_R0_R1_R2,80,25,S_ADAPT_MINUS_S_FIXED,S_ADAPT,S_FIXED,DETERMINISTIC,15,coverage_per_image,true,0.5800000000000001,58.00000000000001,,,,NOT_APPLICABLE,0,,,0.5715,0.5845000000000001,3,3,"same DEV2000 under three deterministic regroupings; descriptive mean/range, not CI or 6000 independent images"
PERMUTATION_SENSITIVITY_DESCRIPTION,ALL_R0_R1_R2,80,25,S_ADAPT_MINUS_S_FIXED,S_ADAPT,S_FIXED,DETERMINISTIC,20,coverage_per_image,true,0.4493333333333333,44.93333333333333,,,,NOT_APPLICABLE,0,,,0.4455000000000001,0.45349999999999996,3,3,"same DEV2000 under three deterministic regroupings; descriptive mean/range, not CI or 6000 independent images"
PERMUTATION_SENSITIVITY_DESCRIPTION,ALL_R0_R1_R2,80,25,S_ADAPT_MINUS_S_FIXED,S_ADAPT,S_FIXED,DETERMINISTIC,30,coverage_per_image,true,0.33733333333333326,33.73333333333333,,,,NOT_APPLICABLE,0,,,0.3355,0.3404999999999998,3,3,"same DEV2000 under three deterministic regroupings; descriptive mean/range, not CI or 6000 independent images"
PERMUTATION_SENSITIVITY_DESCRIPTION,ALL_R0_R1_R2,80,25,S_ADAPT_MINUS_S_FIXED,S_ADAPT,S_FIXED,DETERMINISTIC,40,coverage_per_image,true,0.21083333333333343,21.083333333333343,,,,NOT_APPLICABLE,0,,,0.2089999999999999,0.21200000000000016,3,3,"same DEV2000 under three deterministic regroupings; descriptive mean/range, not CI or 6000 independent images"
PERMUTATION_SENSITIVITY_DESCRIPTION,ALL_R0_R1_R2,80,25,S_ADAPT_MINUS_S_FIXED,S_ADAPT,S_FIXED,DETERMINISTIC,CORE_10_15_20,coverage_per_image,true,0.5691111111111111,56.91111111111111,,,,NOT_APPLICABLE,0,,,0.5670000000000001,0.5706666666666667,3,3,"same DEV2000 under three deterministic regroupings; descriptive mean/range, not CI or 6000 independent images"
PERMUTATION_SENSITIVITY_DESCRIPTION,ALL_R0_R1_R2,80,25,S_ADAPT_MINUS_S_FIXED,S_ADAPT,S_FIXED,DETERMINISTIC,10,quality_per_image,true,0.4175485690258512,41.75485690258512,,,,NOT_APPLICABLE,0,,,0.40858030596412875,0.42261255780211937,3,3,"same DEV2000 under three deterministic regroupings; descriptive mean/range, not CI or 6000 independent images"
PERMUTATION_SENSITIVITY_DESCRIPTION,ALL_R0_R1_R2,80,25,S_ADAPT_MINUS_S_FIXED,S_ADAPT,S_FIXED,DETERMINISTIC,15,quality_per_image,true,0.3493565259521117,34.93565259521117,,,,NOT_APPLICABLE,0,,,0.344592844318875,0.3527760982945976,3,3,"same DEV2000 under three deterministic regroupings; descriptive mean/range, not CI or 6000 independent images"
PERMUTATION_SENSITIVITY_DESCRIPTION,ALL_R0_R1_R2,80,25,S_ADAPT_MINUS_S_FIXED,S_ADAPT,S_FIXED,DETERMINISTIC,20,quality_per_image,true,0.27241755242688065,27.241755242688065,,,,NOT_APPLICABLE,0,,,0.27101922260329653,0.27407489349025993,3,3,"same DEV2000 under three deterministic regroupings; descriptive mean/range, not CI or 6000 independent images"
PERMUTATION_SENSITIVITY_DESCRIPTION,ALL_R0_R1_R2,80,25,S_ADAPT_MINUS_S_FIXED,S_ADAPT,S_FIXED,DETERMINISTIC,30,quality_per_image,true,0.19885174910487513,19.885174910487514,,,,NOT_APPLICABLE,0,,,0.19803471185990282,0.19928754288729622,3,3,"same DEV2000 under three deterministic regroupings; descriptive mean/range, not CI or 6000 independent images"
PERMUTATION_SENSITIVITY_DESCRIPTION,ALL_R0_R1_R2,80,25,S_ADAPT_MINUS_S_FIXED,S_ADAPT,S_FIXED,DETERMINISTIC,40,quality_per_image,true,0.1125095553224051,11.25095553224051,,,,NOT_APPLICABLE,0,,,0.11141385754392136,0.11349904820719547,3,3,"same DEV2000 under three deterministic regroupings; descriptive mean/range, not CI or 6000 independent images"
PERMUTATION_SENSITIVITY_DESCRIPTION,ALL_R0_R1_R2,80,25,S_ADAPT_MINUS_S_FIXED,S_ADAPT,S_FIXED,DETERMINISTIC,CORE_10_15_20,quality_per_image,true,0.3464408824682812,34.64408824682812,,,,NOT_APPLICABLE,0,,,0.3417772304900297,0.34943461169872103,3,3,"same DEV2000 under three deterministic regroupings; descriptive mean/range, not CI or 6000 independent images"
