permutation,group_size,method,seed,budget,category_id,class_name,GT,images_with_GT,selected_records,coverage,coverage_recall,legacy_TP,precision,recall,F1,AP,AP50,AP75,AR100,source
R0,10,M11,530101,10,1,person,2771,631,2037,1398,0.5045110068567304,1398,0.6863033873343152,0.5045110068567304,0.5815307820299501,0.24412977127732707,0.4508945086181658,0.22526856458713362,0.2952002887044389,NEW_BENCH_P0_EVALUATION
R0,10,M11,530101,10,2,bicycle,244,125,86,51,0.20901639344262296,51,0.5930232558139535,0.20901639344262296,0.30909090909090914,0.08805244920584437,0.18086558347837248,0.07510113648727511,0.11680327868852458,NEW_BENCH_P0_EVALUATION
R0,10,M11,530101,10,3,car,20453,1988,13109,10426,0.5097540703075344,10419,0.7947974673888168,0.5094118222265682,0.6208807580001191,0.3167370146639457,0.4813620186732065,0.33880405471599456,0.3512149806874297,NEW_BENCH_P0_EVALUATION
R0,10,M11,530101,10,4,motorcycle,95,66,40,16,0.16842105263157894,16,0.4,0.16842105263157894,0.23703703703703705,0.06885174558569915,0.14583650672759585,0.06481848184818483,0.08210526315789475,NEW_BENCH_P0_EVALUATION
R0,10,M11,530101,10,5,bus,350,258,452,157,0.44857142857142857,157,0.3473451327433628,0.44857142857142857,0.3915211970074813,0.26684216470897865,0.325502560289858,0.3073490486273518,0.3728571428571429,NEW_BENCH_P0_EVALUATION
R0,10,M11,530101,10,6,train,6,5,70,0,0,0,0,0,0,0,0,0,0,NEW_BENCH_P0_EVALUATION
R0,10,M11,530101,10,7,truck,889,540,1473,432,0.4859392575928009,432,0.29327902240325865,0.4859392575928009,0.3657917019475021,0.21384558614696378,0.28475043785255616,0.23977999552255966,0.3805399325084365,NEW_BENCH_P0_EVALUATION
R0,10,M11,530101,10,8,traffic light,5158,1123,2733,1375,0.26657619232260565,1375,0.5031101353823637,0.26657619232260565,0.3484982891902167,0.06969677283295174,0.18802538192586601,0.041880098629574286,0.11934858472276075,NEW_BENCH_P0_EVALUATION
R0,10,M11,530101,15,1,person,2771,631,3160,1628,0.5875135330205702,1627,0.514873417721519,0.5871526524720317,0.5486427246670038,0.26350714111944207,0.49946213498810277,0.23635732633748374,0.334319740166005,NEW_BENCH_P0_EVALUATION
R0,10,M11,530101,15,2,bicycle,244,125,178,72,0.29508196721311475,68,0.38202247191011235,0.2786885245901639,0.3222748815165877,0.09868944424951093,0.2140862727032537,0.07844887157472162,0.14877049180327867,NEW_BENCH_P0_EVALUATION
R0,10,M11,530101,15,3,car,20453,1988,17849,12145,0.5938004204762137,12131,0.6796459185388537,0.5931159243142815,0.6334395070753485,0.3425743892263837,0.5489388535972736,0.35456163017306686,0.3894000880066494,NEW_BENCH_P0_EVALUATION
R0,10,M11,530101,15,4,motorcycle,95,66,81,20,0.21052631578947367,20,0.24691358024691357,0.21052631578947367,0.22727272727272727,0.07550339567471971,0.16687427052129106,0.0674303683737646,0.1094736842105263,NEW_BENCH_P0_EVALUATION
R0,10,M11,530101,15,5,bus,350,258,745,187,0.5342857142857143,187,0.25100671140939596,0.5342857142857143,0.3415525114155251,0.28206790344915184,0.3515612895158061,0.3231097831389036,0.43171428571428566,NEW_BENCH_P0_EVALUATION
R0,10,M11,530101,15,6,train,6,5,79,0,0,0,0,0,0,0,0,0,0,NEW_BENCH_P0_EVALUATION
R0,10,M11,530101,15,7,truck,889,540,2867,521,0.5860517435320585,521,0.1817230554586676,0.5860517435320585,0.2774227902023429,0.22263060390991463,0.30064307443774374,0.25055971978333913,0.44533183352080996,NEW_BENCH_P0_EVALUATION
R0,10,M11,530101,15,8,traffic light,5158,1123,5041,1984,0.3846452113222179,1984,0.39357270382860543,0.3846452113222179,0.3890577507598785,0.0844211429369817,0.2423217273929085,0.044419741075066396,0.16366808840635905,NEW_BENCH_P0_EVALUATION
R0,10,M11,530101,20,1,person,2771,631,4229,1749,0.6311800793937207,1748,0.4133364861669425,0.6308191988451822,0.49942857142857144,0.2711662587858777,0.5218368014467261,0.24172809691012404,0.35402381811620354,NEW_BENCH_P0_EVALUATION
R0,10,M11,530101,20,2,bicycle,244,125,253,79,0.3237704918032787,75,0.2964426877470356,0.3073770491803279,0.3018108651911469,0.10272247006713588,0.2246680048280864,0.07964497812247201,0.16434426229508198,NEW_BENCH_P0_EVALUATION
R0,10,M11,530101,20,3,car,20453,1988,22420,13099,0.640443944653596,13081,0.5834522747546833,0.6395638781596832,0.6102208849392392,0.3530009245602894,0.5738315732549478,0.35869271698152067,0.40951449665085804,NEW_BENCH_P0_EVALUATION
R0,10,M11,530101,20,4,motorcycle,95,66,141,24,0.25263157894736843,24,0.1702127659574468,0.25263157894736843,0.20338983050847456,0.08072084742582154,0.1792314092911181,0.07095025958292031,0.13263157894736843,NEW_BENCH_P0_EVALUATION
R0,10,M11,530101,20,5,bus,350,258,1022,204,0.5828571428571429,204,0.19960861056751467,0.5828571428571429,0.29737609329446063,0.2886773610998976,0.36165577481515027,0.33105224671779976,0.46514285714285714,NEW_BENCH_P0_EVALUATION
R0,10,M11,530101,20,6,train,6,5,98,0,0,0,0,0,0,0,0,0,0,NEW_BENCH_P0_EVALUATION
R0,10,M11,530101,20,7,truck,889,540,4414,573,0.6445444319460067,573,0.1298142274580879,0.6445444319460067,0.216104092023383,0.22621157521041574,0.3068985070718951,0.2530885338574806,0.4824521934758155,NEW_BENCH_P0_EVALUATION
R0,10,M11,530101,20,8,traffic light,5158,1123,7423,2301,0.44610314075222957,2301,0.30998248686514884,0.44610314075222957,0.36578968285509894,0.08997633231447445,0.2619732608846177,0.04639435225974503,0.18704924389298178,NEW_BENCH_P0_EVALUATION
R0,10,M11,530101,30,1,person,2771,631,6203,1835,0.662215806568026,1834,0.2956633886828954,0.6618549260194876,0.4087363494539782,0.27475079128623814,0.530484254310352,0.2432805792352485,0.36712378202814877,NEW_BENCH_P0_EVALUATION
R0,10,M11,530101,30,2,bicycle,244,125,370,93,0.38114754098360654,89,0.24054054054054055,0.36475409836065575,0.2899022801302932,0.10972517195781013,0.24201124310747527,0.08538051929525195,0.19795081967213116,NEW_BENCH_P0_EVALUATION
R0,10,M11,530101,30,3,car,20453,1988,31616,14276,0.697990514838899,14247,0.45062626518218624,0.6965726299320393,0.5472353991818548,0.36302620840547156,0.604061194457263,0.36556616239404083,0.4340927981225248,NEW_BENCH_P0_EVALUATION
R0,10,M11,530101,30,4,motorcycle,95,66,269,28,0.29473684210526313,28,0.10408921933085502,0.29473684210526313,0.15384615384615383,0.08395399624068446,0.18626230530348692,0.07307186878493194,0.16105263157894736,NEW_BENCH_P0_EVALUATION
R0,10,M11,530101,30,5,bus,350,258,1540,223,0.6371428571428571,223,0.1448051948051948,0.6371428571428571,0.23597883597883595,0.29468674553901486,0.36922912263102386,0.33838957399067815,0.5082857142857142,NEW_BENCH_P0_EVALUATION
R0,10,M11,530101,30,6,train,6,5,167,0,0,0,0,0,0,0,0,0,0,NEW_BENCH_P0_EVALUATION
R0,10,M11,530101,30,7,truck,889,540,7411,641,0.7210348706411699,641,0.0864930508703279,0.7210348706411699,0.15445783132530122,0.22913304133945014,0.31229896638864907,0.25591764371792886,0.5287964004499437,NEW_BENCH_P0_EVALUATION
R0,10,M11,530101,30,8,traffic light,5158,1123,12424,2678,0.5191934858472276,2677,0.2154700579523503,0.5189996122528112,0.30451598225457854,0.09440527564583198,0.2787349054506381,0.04684094719868305,0.21353237689026758,NEW_BENCH_P0_EVALUATION
R0,10,M11,530101,40,1,person,2771,631,8283,1861,0.6715987008300253,1860,0.22455632017385005,0.6712378202814868,0.33652976298172604,0.2751459465306057,0.5320312775376723,0.2432138757634399,0.37167087693973294,NEW_BENCH_P0_EVALUATION
R0,10,M11,530101,40,2,bicycle,244,125,492,97,0.3975409836065574,93,0.18902439024390244,0.38114754098360654,0.2527173913043478,0.11003651825908106,0.24693961710353116,0.08500587743782112,0.2012295081967213,NEW_BENCH_P0_EVALUATION
R0,10,M11,530101,40,3,car,20453,1988,40840,14919,0.7294284457047866,14889,0.3645690499510284,0.7279616682149318,0.4858303558318242,0.3679131399388586,0.6156238068662894,0.368109747261973,0.4473426881142132,NEW_BENCH_P0_EVALUATION
R0,10,M11,530101,40,4,motorcycle,95,66,388,31,0.3263157894736842,31,0.07989690721649484,0.3263157894736842,0.12836438923395446,0.08529721491502743,0.1894108323424556,0.07365279261357704,0.17789473684210527,NEW_BENCH_P0_EVALUATION
R0,10,M11,530101,40,5,bus,350,258,2016,228,0.6514285714285715,228,0.1130952380952381,0.6514285714285715,0.19273034657650043,0.29592695650031536,0.37173076684870077,0.33918278100836824,0.5197142857142858,NEW_BENCH_P0_EVALUATION
R0,10,M11,530101,40,6,train,6,5,372,0,0,0,0,0,0,0,0,0,0,NEW_BENCH_P0_EVALUATION
R0,10,M11,530101,40,7,truck,889,540,10196,669,0.7525309336332958,669,0.06561396626127894,0.7525309336332958,0.12070365358592694,0.2302275388985828,0.3135725332302771,0.25734983137759415,0.553543307086614,NEW_BENCH_P0_EVALUATION
R0,10,M11,530101,40,8,traffic light,5158,1123,17413,2808,0.5443970531213649,2807,0.16120140125193821,0.5442031795269484,0.24872624163749943,0.09546144882910162,0.2834477196177438,0.047271460910321875,0.22264443582784024,NEW_BENCH_P0_EVALUATION
R0,10,M11,530102,10,1,person,2771,631,2008,1385,0.4998195597257308,1385,0.6897410358565738,0.4998195597257308,0.5796191671897887,0.24324383395467994,0.4440960662573078,0.22551155272488743,0.2932154456874775,NEW_BENCH_P0_EVALUATION
R0,10,M11,530102,10,2,bicycle,244,125,95,56,0.22950819672131148,54,0.5684210526315789,0.22131147540983606,0.3185840707964602,0.09246196007895519,0.19211288638736826,0.07823654316547,0.125,NEW_BENCH_P0_EVALUATION
R0,10,M11,530102,10,3,car,20453,1988,13058,10400,0.5084828631496602,10393,0.7959105529177516,0.5081406150686941,0.6202739399003313,0.31685129460528466,0.481553800452166,0.33889627935625666,0.3509118466728597,NEW_BENCH_P0_EVALUATION
R0,10,M11,530102,10,4,motorcycle,95,66,44,17,0.17894736842105263,17,0.38636363636363635,0.17894736842105263,0.24460431654676262,0.07091307671881246,0.151007023779301,0.06481848184818483,0.08736842105263158,NEW_BENCH_P0_EVALUATION
R0,10,M11,530102,10,5,bus,350,258,487,162,0.46285714285714286,162,0.3326488706365503,0.46285714285714286,0.3870967741935484,0.2689012942184018,0.3316786733579512,0.3097411517819579,0.38257142857142856,NEW_BENCH_P0_EVALUATION
R0,10,M11,530102,10,6,train,6,5,70,0,0,0,0,0,0,0,0,0,0,NEW_BENCH_P0_EVALUATION
R0,10,M11,530102,10,7,truck,889,540,1595,442,0.49718785151856015,442,0.27711598746081506,0.49718785151856015,0.35587761674718194,0.21434417416748233,0.2857362049020935,0.2406122924771901,0.38886389201349836,NEW_BENCH_P0_EVALUATION
R0,10,M11,530102,10,8,traffic light,5158,1123,2643,1334,0.2586273749515316,1334,0.504729474082482,0.2586273749515316,0.3420074349442379,0.0684827286633027,0.18276399495783097,0.04178336412515925,0.11591702210158975,NEW_BENCH_P0_EVALUATION
R0,10,M11,530102,15,1,person,2771,631,3084,1620,0.5846264886322627,1619,0.5249675745784695,0.5842656080837243,0.5530315969257045,0.26316490534895515,0.49962843056357675,0.23643667795024761,0.3332010104655359,NEW_BENCH_P0_EVALUATION
R0,10,M11,530102,15,2,bicycle,244,125,179,74,0.30327868852459017,70,0.39106145251396646,0.28688524590163933,0.33096926713947994,0.1001543248883108,0.2193837591968133,0.07843087284829593,0.15122950819672132,NEW_BENCH_P0_EVALUATION
R0,10,M11,530102,15,3,car,20453,1988,17834,12142,0.5936537427272283,12131,0.6802175619603006,0.5931159243142815,0.6336876746676419,0.34196005737032087,0.5490163391135244,0.35448808621576355,0.3891947391580697,NEW_BENCH_P0_EVALUATION
R0,10,M11,530102,15,4,motorcycle,95,66,94,21,0.22105263157894736,21,0.22340425531914893,0.22105263157894736,0.2222222222222222,0.07812572494234934,0.17017172294850452,0.0706194757406775,0.12000000000000002,NEW_BENCH_P0_EVALUATION
R0,10,M11,530102,15,5,bus,350,258,788,191,0.5457142857142857,191,0.24238578680203046,0.5457142857142857,0.33567662565905093,0.28528310147847424,0.3537977723981793,0.32786882632560577,0.4451428571428572,NEW_BENCH_P0_EVALUATION
R0,10,M11,530102,15,6,train,6,5,87,0,0,0,0,0,0,0,0,0,0,NEW_BENCH_P0_EVALUATION
R0,10,M11,530102,15,7,truck,889,540,3041,523,0.5883014623172104,523,0.17198290036172312,0.5883014623172104,0.26615776081424936,0.22220388153315737,0.2995654409747502,0.24830244697536358,0.44544431946006746,NEW_BENCH_P0_EVALUATION
R0,10,M11,530102,15,8,traffic light,5158,1123,4893,1951,0.3782473827064754,1951,0.39873288371142446,0.3782473827064754,0.38822007760421845,0.08411811388677964,0.2385024926985037,0.04448920648730131,0.16170996510275298,NEW_BENCH_P0_EVALUATION
R0,10,M11,530102,20,1,person,2771,631,4158,1733,0.6254059906171058,1732,0.41654641654641655,0.6250451100685673,0.4999278395150815,0.26993357044724026,0.5175156450949846,0.24172178357758298,0.351389390111873,NEW_BENCH_P0_EVALUATION
R0,10,M11,530102,20,2,bicycle,244,125,255,78,0.319672131147541,74,0.2901960784313726,0.30327868852459017,0.29659318637274545,0.10192167628098012,0.22435999793298878,0.07947871357580691,0.1614754098360656,NEW_BENCH_P0_EVALUATION
R0,10,M11,530102,20,3,car,20453,1988,22440,13097,0.6403461594876058,13077,0.5827540106951872,0.6393683078277025,0.6097498426316649,0.3533669234968607,0.5737133327888261,0.3625446156462093,0.4096758421747421,NEW_BENCH_P0_EVALUATION
R0,10,M11,530102,20,4,motorcycle,95,66,154,25,0.2631578947368421,25,0.16233766233766234,0.2631578947368421,0.20080321285140562,0.08102483327854199,0.1812258291788411,0.0707890974754556,0.13473684210526318,NEW_BENCH_P0_EVALUATION
R0,10,M11,530102,20,5,bus,350,258,1085,210,0.6,210,0.1935483870967742,0.6,0.2926829268292683,0.2911459226232479,0.3651843451649003,0.33456328572500926,0.47999999999999987,NEW_BENCH_P0_EVALUATION
R0,10,M11,530102,20,6,train,6,5,104,0,0,0,0,0,0,0,0,0,0,NEW_BENCH_P0_EVALUATION
R0,10,M11,530102,20,7,truck,889,540,4595,584,0.6569178852643419,584,0.12709466811751904,0.6569178852643419,0.21298322392414296,0.2269321167918036,0.3077818221443415,0.25400718829872326,0.49043869516310457,NEW_BENCH_P0_EVALUATION
R0,10,M11,530102,20,8,traffic light,5158,1123,7209,2267,0.4395114385420706,2267,0.314468026078513,0.4395114385420706,0.36662084579930465,0.08920455512856253,0.2588813136128636,0.046405937535508285,0.1845482745250097,NEW_BENCH_P0_EVALUATION
R0,10,M11,530102,30,1,person,2771,631,6129,1833,0.6614940454709491,1832,0.2989068363517703,0.6611331649224107,0.41168539325842696,0.27454434172916725,0.5304761734492988,0.24330692227577513,0.3670876939732949,NEW_BENCH_P0_EVALUATION
R0,10,M11,530102,30,2,bicycle,244,125,383,93,0.38114754098360654,89,0.23237597911227154,0.36475409836065575,0.28389154704944175,0.10972037539604709,0.24197302908381116,0.08537209649180913,0.19836065573770492,NEW_BENCH_P0_EVALUATION
R0,10,M11,530102,30,3,car,20453,1988,31706,14278,0.6980883000048893,14250,0.4494417460417587,0.6967193076810247,0.5464061811000979,0.3629877912331457,0.603923770918603,0.36556561839540563,0.43433237177920114,NEW_BENCH_P0_EVALUATION
R0,10,M11,530102,30,4,motorcycle,95,66,276,28,0.29473684210526313,28,0.10144927536231885,0.29473684210526313,0.15094339622641512,0.08391172167313367,0.18511878804144263,0.07303292761072619,0.1631578947368421,NEW_BENCH_P0_EVALUATION
R0,10,M11,530102,30,5,bus,350,258,1596,224,0.64,224,0.14035087719298245,0.64,0.23021582733812948,0.2948159717621434,0.37077692603493434,0.33830322211859104,0.5091428571428571,NEW_BENCH_P0_EVALUATION
R0,10,M11,530102,30,6,train,6,5,216,0,0,0,0,0,0,0,0,0,0,NEW_BENCH_P0_EVALUATION
R0,10,M11,530102,30,7,truck,889,540,7548,646,0.7266591676040495,646,0.08558558558558559,0.7266591676040495,0.1531350005926277,0.22930930242644962,0.3121486543310932,0.25582535912587295,0.5331833520809899,NEW_BENCH_P0_EVALUATION
R0,10,M11,530102,30,8,traffic light,5158,1123,12146,2650,0.5137650252035673,2649,0.21809649267248477,0.5135711516091508,0.3061719833564494,0.09428979002494894,0.2786245751030262,0.04683263215824662,0.21170996510275297,NEW_BENCH_P0_EVALUATION
R0,10,M11,530102,40,1,person,2771,631,8111,1859,0.6708769397329484,1858,0.2290716311182345,0.6705160591844099,0.34148134534093,0.2749416454964484,0.5320690800649063,0.24321494648726097,0.3714904366654638,NEW_BENCH_P0_EVALUATION
R0,10,M11,530102,40,2,bicycle,244,125,494,97,0.3975409836065574,93,0.1882591093117409,0.38114754098360654,0.2520325203252033,0.11002406094810098,0.2469214881773918,0.08500001876645559,0.2012295081967213,NEW_BENCH_P0_EVALUATION
R0,10,M11,530102,40,3,car,20453,1988,41061,14925,0.7297218012027575,14896,0.3627773312875965,0.7283039162958979,0.48431251422440413,0.3679040891442373,0.6156118782523232,0.36810415401310853,0.44731824182271546,NEW_BENCH_P0_EVALUATION
R0,10,M11,530102,40,4,motorcycle,95,66,394,31,0.3263157894736842,31,0.07868020304568528,0.3263157894736842,0.12678936605316973,0.08529953989517765,0.18941128754718592,0.0736557232011452,0.17789473684210527,NEW_BENCH_P0_EVALUATION
R0,10,M11,530102,40,5,bus,350,258,2078,228,0.6514285714285715,228,0.109720885466795,0.6514285714285715,0.18780889621087313,0.29591781615367496,0.37171411236414453,0.3391707170068207,0.5197142857142858,NEW_BENCH_P0_EVALUATION
R0,10,M11,530102,40,6,train,6,5,395,0,0,0,0,0,0,0,0,0,0,NEW_BENCH_P0_EVALUATION
R0,10,M11,530102,40,7,truck,889,540,10287,670,0.7536557930258717,670,0.0651307475454457,0.7536557930258717,0.11989978525411596,0.23011658490968462,0.31348296631124556,0.25729421462919805,0.5529808773903262,NEW_BENCH_P0_EVALUATION
R0,10,M11,530102,40,8,traffic light,5158,1123,17180,2803,0.5434276851492826,2802,0.1630966239813737,0.5432338115548663,0.25087295192049425,0.09546216215547494,0.28345092582728065,0.04726671210020278,0.22237301279565722,NEW_BENCH_P0_EVALUATION
R0,10,M11,530103,10,1,person,2771,631,1996,1387,0.5005413208228077,1387,0.6948897795591182,0.5005413208228077,0.5819173484371722,0.2442575605501396,0.4510727550356374,0.22546060704520374,0.2936845904005775,NEW_BENCH_P0_EVALUATION
R0,10,M11,530103,10,2,bicycle,244,125,95,54,0.22131147540983606,52,0.5473684210526316,0.21311475409836064,0.30678466076696165,0.08919261068095899,0.18576235644284944,0.07487906676744643,0.12008196721311475,NEW_BENCH_P0_EVALUATION
R0,10,M11,530103,10,3,car,20453,1988,13152,10452,0.5110252774654085,10445,0.7941757907542579,0.5106830293844424,0.6216336854634728,0.31824834801576823,0.48930933098582136,0.33883677699040265,0.3519777049821543,NEW_BENCH_P0_EVALUATION
R0,10,M11,530103,10,4,motorcycle,95,66,49,18,0.18947368421052632,18,0.3673469387755102,0.18947368421052632,0.25,0.07072124657520697,0.15763827513973117,0.06452145214521451,0.08842105263157896,NEW_BENCH_P0_EVALUATION
R0,10,M11,530103,10,5,bus,350,258,475,160,0.45714285714285713,160,0.3368421052631579,0.45714285714285713,0.3878787878787879,0.26810228099849953,0.32848977675806457,0.31024218919995933,0.3797142857142857,NEW_BENCH_P0_EVALUATION
R0,10,M11,530103,10,6,train,6,5,70,0,0,0,0,0,0,0,0,0,0,NEW_BENCH_P0_EVALUATION
R0,10,M11,530103,10,7,truck,889,540,1542,434,0.4881889763779528,434,0.2814526588845655,0.4881889763779528,0.35705470999588645,0.21329963568102722,0.28402761144669153,0.23907973428344773,0.3824521934758155,NEW_BENCH_P0_EVALUATION
R0,10,M11,530103,10,8,traffic light,5158,1123,2621,1317,0.25533152384645214,1317,0.5024799694772988,0.25533152384645214,0.3386039336675665,0.0682870211132463,0.1817537811594009,0.04168529335636005,0.11496704148894918,NEW_BENCH_P0_EVALUATION
R0,10,M11,530103,15,1,person,2771,631,3128,1623,0.5857091302778781,1622,0.518542199488491,0.5853482497293396,0.5499237158840481,0.2635604413869066,0.49949599937390937,0.23644928928362666,0.3335258029592205,NEW_BENCH_P0_EVALUATION
R0,10,M11,530103,15,2,bicycle,244,125,196,74,0.30327868852459017,70,0.35714285714285715,0.28688524590163933,0.3181818181818182,0.1002151224553943,0.21827912803796887,0.07840798416690072,0.15286885245901638,NEW_BENCH_P0_EVALUATION
R0,10,M11,530103,15,3,car,20453,1988,17917,12175,0.5952671979660685,12162,0.6787966735502595,0.5946315943871314,0.6339327599687256,0.34256380986271173,0.5489704795159264,0.35452259364894567,0.3900552486187845,NEW_BENCH_P0_EVALUATION
R0,10,M11,530103,15,4,motorcycle,95,66,88,21,0.22105263157894736,21,0.23863636363636365,0.22105263157894736,0.22950819672131148,0.0773887678655188,0.16994534175774484,0.06901985290864023,0.1168421052631579,NEW_BENCH_P0_EVALUATION
R0,10,M11,530103,15,5,bus,350,258,768,188,0.5371428571428571,188,0.24479166666666666,0.5371428571428571,0.33631484794275496,0.2821247185536275,0.35058399061612255,0.32269103767238716,0.4348571428571429,NEW_BENCH_P0_EVALUATION
R0,10,M11,530103,15,6,train,6,5,80,0,0,0,0,0,0,0,0,0,0,NEW_BENCH_P0_EVALUATION
R0,10,M11,530103,15,7,truck,889,540,2972,529,0.595050618672666,529,0.17799461641991923,0.595050618672666,0.274022274022274,0.22353155996761936,0.3022530759943169,0.25054735732342037,0.4514060742407199,NEW_BENCH_P0_EVALUATION
R0,10,M11,530103,15,8,traffic light,5158,1123,4851,1947,0.3774718883288096,1947,0.4013605442176871,0.3774718883288096,0.38904985513038265,0.08379631804153721,0.23836750651299204,0.044500853338555885,0.1618456766188445,NEW_BENCH_P0_EVALUATION
R0,10,M11,530103,20,1,person,2771,631,4212,1740,0.6279321544568748,1739,0.4128679962013295,0.6275712739083363,0.4980667334956323,0.26998160410401745,0.5177513702877465,0.24172988660275227,0.35247203175748826,NEW_BENCH_P0_EVALUATION
R0,10,M11,530103,20,2,bicycle,244,125,257,79,0.3237704918032787,75,0.2918287937743191,0.3073770491803279,0.29940119760479045,0.10222540016338966,0.22487263022030413,0.07947434490037608,0.16311475409836068,NEW_BENCH_P0_EVALUATION
R0,10,M11,530103,20,3,car,20453,1988,22543,13136,0.642252970224417,13114,0.581732688639489,0.6411773333985235,0.610010233510094,0.35398855650389416,0.579672404566789,0.3625385606720153,0.4102381068791864,NEW_BENCH_P0_EVALUATION
R0,10,M11,530103,20,4,motorcycle,95,66,154,25,0.2631578947368421,25,0.16233766233766234,0.2631578947368421,0.20080321285140562,0.0819023420055519,0.18115147444773944,0.07193332969660603,0.14105263157894737,NEW_BENCH_P0_EVALUATION
R0,10,M11,530103,20,5,bus,350,258,1035,205,0.5857142857142857,205,0.19806763285024154,0.5857142857142857,0.296028880866426,0.28898428725363096,0.3613543419342635,0.3308879906758351,0.4694285714285714,NEW_BENCH_P0_EVALUATION
R0,10,M11,530103,20,6,train,6,5,107,0,0,0,0,0,0,0,0,0,0,NEW_BENCH_P0_EVALUATION
R0,10,M11,530103,20,7,truck,889,540,4516,586,0.6591676040494938,586,0.12976085031000886,0.6591676040494938,0.216836262719704,0.22671307203657343,0.30755922436152355,0.2536506100535428,0.49145106861642296,NEW_BENCH_P0_EVALUATION
R0,10,M11,530103,20,8,traffic light,5158,1123,7176,2269,0.4398991857309035,2269,0.3161928651059086,0.4398991857309035,0.36792605805091616,0.08930439050118433,0.2592150679278055,0.04643346883522648,0.18421868941450176,NEW_BENCH_P0_EVALUATION
R0,10,M11,530103,30,1,person,2771,631,6193,1833,0.6614940454709491,1832,0.29581785887292106,0.6611331649224107,0.40874609549308344,0.2745071440326595,0.530384952184131,0.24328585457860302,0.36712378202814877,NEW_BENCH_P0_EVALUATION
R0,10,M11,530103,30,2,bicycle,244,125,404,94,0.38524590163934425,90,0.22277227722772278,0.36885245901639346,0.27777777777777773,0.10953241397178207,0.24306145851016914,0.08405218540992734,0.19672131147540983,NEW_BENCH_P0_EVALUATION
R0,10,M11,530103,30,3,car,20453,1988,31724,14286,0.6984794406688505,14256,0.44937586685159503,0.6970126631789958,0.5464476685129462,0.3630808677836096,0.6040535396980139,0.36560289059185497,0.43465995208526864,NEW_BENCH_P0_EVALUATION
R0,10,M11,530103,30,4,motorcycle,95,66,277,29,0.30526315789473685,29,0.10469314079422383,0.30526315789473685,0.15591397849462366,0.08458333601248336,0.18633962231102993,0.07371127200311962,0.17157894736842105,NEW_BENCH_P0_EVALUATION
R0,10,M11,530103,30,5,bus,350,258,1542,223,0.6371428571428571,223,0.14461738002594035,0.6371428571428571,0.23572938689217762,0.2941566851183688,0.369272395755746,0.33679090210015483,0.5057142857142858,NEW_BENCH_P0_EVALUATION
R0,10,M11,530103,30,6,train,6,5,193,0,0,0,0,0,0,0,0,0,0,NEW_BENCH_P0_EVALUATION
R0,10,M11,530103,30,7,truck,889,540,7525,650,0.7311586051743532,650,0.08637873754152824,0.7311586051743532,0.15450439743285,0.2298634134446353,0.3133239321300829,0.2566696089267705,0.5363329583802025,NEW_BENCH_P0_EVALUATION
R0,10,M11,530103,30,8,traffic light,5158,1123,12142,2662,0.5160915083365646,2661,0.21915664635150717,0.5158976347421481,0.3076300578034682,0.09432021689616417,0.2786796868935027,0.04683210067231072,0.21225281116711905,NEW_BENCH_P0_EVALUATION
R0,10,M11,530103,40,1,person,2771,631,8240,1860,0.6712378202814868,1859,0.22560679611650486,0.6708769397329484,0.33766233766233766,0.2751547544416769,0.5320656117919654,0.24321783891548354,0.3714182605557561,NEW_BENCH_P0_EVALUATION
R0,10,M11,530103,40,2,bicycle,244,125,498,97,0.3975409836065574,93,0.18674698795180722,0.38114754098360654,0.25067385444743934,0.10999415973461267,0.2468496831940282,0.08497741654212713,0.2012295081967213,NEW_BENCH_P0_EVALUATION
R0,10,M11,530103,40,3,car,20453,1988,40955,14926,0.7297706937857527,14899,0.36378952508851176,0.7284505940448834,0.48524622199062006,0.36792264824920423,0.6156727658712576,0.36807614575235126,0.447464919571701,NEW_BENCH_P0_EVALUATION
R0,10,M11,530103,40,4,motorcycle,95,66,401,31,0.3263157894736842,31,0.0773067331670823,0.3263157894736842,0.125,0.0852849296525862,0.18938027050609046,0.0736498870737659,0.17789473684210527,NEW_BENCH_P0_EVALUATION
R0,10,M11,530103,40,5,bus,350,258,2038,229,0.6542857142857142,229,0.11236506378802748,0.6542857142857142,0.1917922948073702,0.2960431608114375,0.3717530261962523,0.33918049958664237,0.5205714285714287,NEW_BENCH_P0_EVALUATION
R0,10,M11,530103,40,6,train,6,5,405,0,0,0,0,0,0,0,0,0,0,NEW_BENCH_P0_EVALUATION
R0,10,M11,530103,40,7,truck,889,540,10282,670,0.7536557930258717,670,0.06516241976269209,0.7536557930258717,0.11995345089965088,0.2302041846617314,0.3135269375578442,0.2573231958516771,0.5539932508436445,NEW_BENCH_P0_EVALUATION
R0,10,M11,530103,40,8,traffic light,5158,1123,17181,2809,0.5445909267157814,2808,0.16343635411210058,0.5443970531213649,0.251398898786875,0.09547514535950924,0.28350934622411283,0.04726767429602538,0.22293524621946487,NEW_BENCH_P0_EVALUATION
R0,10,S_ADAPT,-1,10,1,person,2771,631,1768,1287,0.46445326596896425,1287,0.7279411764705882,0.46445326596896425,0.5670852610707204,0.23271957192099552,0.42167070484348607,0.22082303639983852,0.27834716708769397,NEW_BENCH_P0_EVALUATION
R0,10,S_ADAPT,-1,10,2,bicycle,244,125,62,45,0.18442622950819673,45,0.7258064516129032,0.18442622950819673,0.29411764705882354,0.08248707828063102,0.16829071488040157,0.07225707327911096,0.10491803278688525,NEW_BENCH_P0_EVALUATION
R0,10,S_ADAPT,-1,10,3,car,20453,1988,13589,10588,0.5176746687527503,10580,0.7785709029361984,0.517283528088789,0.6215851007578873,0.3190726554840674,0.48880481869152465,0.3383380060588382,0.3538747372023664,NEW_BENCH_P0_EVALUATION
R0,10,S_ADAPT,-1,10,4,motorcycle,95,66,38,17,0.17894736842105263,17,0.4473684210526316,0.17894736842105263,0.2556390977443609,0.06896382083263271,0.1531828295951767,0.06452145214521451,0.08315789473684211,NEW_BENCH_P0_EVALUATION
R0,10,S_ADAPT,-1,10,5,bus,350,258,357,136,0.38857142857142857,136,0.38095238095238093,0.38857142857142857,0.3847241867043847,0.24940846599007938,0.29968886315011645,0.2869214510476066,0.32885714285714285,NEW_BENCH_P0_EVALUATION
R0,10,S_ADAPT,-1,10,6,train,6,5,66,0,0,0,0,0,0,0,0,0,0,NEW_BENCH_P0_EVALUATION
R0,10,S_ADAPT,-1,10,7,truck,889,540,1524,399,0.44881889763779526,399,0.2618110236220472,0.44881889763779526,0.3307086614173228,0.20428640644541518,0.268625229795326,0.2287845936169505,0.3579302587176603,NEW_BENCH_P0_EVALUATION
R0,10,S_ADAPT,-1,10,8,traffic light,5158,1123,2596,1268,0.24583171772004653,1268,0.4884437596302003,0.24583171772004653,0.32705700283724526,0.06559377605038286,0.17576025444211202,0.039645663912874676,0.10843350135711513,NEW_BENCH_P0_EVALUATION
R0,10,S_ADAPT,-1,15,1,person,2771,631,2714,1531,0.5525081198123422,1530,0.5637435519528371,0.5521472392638037,0.5578851412944393,0.25606944084857497,0.48187684741190545,0.236307305396221,0.3188740526885601,NEW_BENCH_P0_EVALUATION
R0,10,S_ADAPT,-1,15,2,bicycle,244,125,125,65,0.26639344262295084,62,0.496,0.2540983606557377,0.3360433604336044,0.0944238186813438,0.20610238563369299,0.0767607919732043,0.13360655737704918,NEW_BENCH_P0_EVALUATION
R0,10,S_ADAPT,-1,15,3,car,20453,1988,18319,12185,0.5957561237960202,12168,0.6642283967465473,0.5949249498851025,0.627669452181987,0.3421188013147054,0.5479650266236448,0.3542429821874836,0.3892142961912678,NEW_BENCH_P0_EVALUATION
R0,10,S_ADAPT,-1,15,4,motorcycle,95,66,82,21,0.22105263157894736,21,0.25609756097560976,0.22105263157894736,0.23728813559322032,0.07618495693318887,0.17040494524936506,0.06704061266220941,0.11052631578947367,NEW_BENCH_P0_EVALUATION
R0,10,S_ADAPT,-1,15,5,bus,350,258,599,169,0.4828571428571429,169,0.28213689482470783,0.4828571428571429,0.3561643835616438,0.27266505193101614,0.3358200048756074,0.3139560133633397,0.3994285714285714,NEW_BENCH_P0_EVALUATION
R0,10,S_ADAPT,-1,15,6,train,6,5,92,0,0,0,0,0,0,0,0,0,0,NEW_BENCH_P0_EVALUATION
R0,10,S_ADAPT,-1,15,7,truck,889,540,3122,494,0.5556805399325084,494,0.15823190262652145,0.5556805399325084,0.24632261281475942,0.2187525219979327,0.29275015835067875,0.24629268896510118,0.430933633295838,NEW_BENCH_P0_EVALUATION
R0,10,S_ADAPT,-1,15,8,traffic light,5158,1123,4947,1899,0.3681659557968205,1899,0.38386901152213465,0.3681659557968205,0.3758535378525482,0.08167422020008372,0.23275405801223434,0.044258688875465975,0.15626211709965102,NEW_BENCH_P0_EVALUATION
R0,10,S_ADAPT,-1,20,1,person,2771,631,3736,1669,0.602309635510646,1668,0.4464668094218415,0.6019487549621075,0.512678653757492,0.2662151410892783,0.5079131510880961,0.2391672571699362,0.34128473475279686,NEW_BENCH_P0_EVALUATION
R0,10,S_ADAPT,-1,20,2,bicycle,244,125,188,73,0.29918032786885246,70,0.3723404255319149,0.28688524590163933,0.32407407407407407,0.09849774781859806,0.21692668536868867,0.07808852387584791,0.14795081967213114,NEW_BENCH_P0_EVALUATION
R0,10,S_ADAPT,-1,20,3,car,20453,1988,22819,13047,0.6379015303378478,13025,0.570796266269337,0.6368258935119543,0.6020059160658162,0.35165055421041924,0.5728572591589186,0.35856144555599045,0.4080232728695057,NEW_BENCH_P0_EVALUATION
R0,10,S_ADAPT,-1,20,4,motorcycle,95,66,146,25,0.2631578947368421,25,0.17123287671232876,0.2631578947368421,0.2074688796680498,0.08080680742579299,0.18072423771815604,0.07057942610370355,0.13473684210526318,NEW_BENCH_P0_EVALUATION
R0,10,S_ADAPT,-1,20,5,bus,350,258,888,194,0.5542857142857143,194,0.21846846846846846,0.5542857142857143,0.3134087237479806,0.28513926735500555,0.353781026938911,0.3263799336654122,0.4514285714285714,NEW_BENCH_P0_EVALUATION
R0,10,S_ADAPT,-1,20,6,train,6,5,126,0,0,0,0,0,0,0,0,0,0,NEW_BENCH_P0_EVALUATION
R0,10,S_ADAPT,-1,20,7,truck,889,540,4638,556,0.625421822272216,556,0.1198792583009918,0.625421822272216,0.20119413786864482,0.2239943499579443,0.30213934220736527,0.25097128066416513,0.473228346456693,NEW_BENCH_P0_EVALUATION
R0,10,S_ADAPT,-1,20,8,traffic light,5158,1123,7459,2230,0.43233811554866225,2230,0.2989676900388792,0.43233811554866225,0.3534913212332567,0.08842108820036587,0.25731949847649344,0.045296250006613956,0.18034121752617294,NEW_BENCH_P0_EVALUATION
R0,10,S_ADAPT,-1,30,1,person,2771,631,5908,1814,0.6546373150487189,1813,0.3068720379146919,0.6542764345001805,0.41779006798018203,0.27309957181137906,0.5267481026790478,0.24317823692071822,0.36322627210393366,NEW_BENCH_P0_EVALUATION
R0,10,S_ADAPT,-1,30,2,bicycle,244,125,330,90,0.36885245901639346,86,0.2606060606060606,0.3524590163934426,0.2996515679442509,0.10766139345798222,0.24034786015069995,0.08271900148209078,0.18524590163934426,NEW_BENCH_P0_EVALUATION
R0,10,S_ADAPT,-1,30,3,car,20453,1988,31733,14165,0.6925634381264362,14136,0.4454668641477326,0.6911455532195766,0.5417544935423294,0.3623516295098628,0.6032893047589997,0.3655005571907587,0.4319170781792402,NEW_BENCH_P0_EVALUATION
R0,10,S_ADAPT,-1,30,4,motorcycle,95,66,261,28,0.29473684210526313,28,0.10727969348659004,0.29473684210526313,0.15730337078651685,0.08385066058156594,0.1860891439766511,0.07298028509634658,0.16105263157894736,NEW_BENCH_P0_EVALUATION
R0,10,S_ADAPT,-1,30,5,bus,350,258,1403,220,0.6285714285714286,220,0.15680684248039914,0.6285714285714286,0.250998288648032,0.2933394914630598,0.36776699975387944,0.33691516188553783,0.4991428571428571,NEW_BENCH_P0_EVALUATION
R0,10,S_ADAPT,-1,30,6,train,6,5,228,0,0,0,0,0,0,0,0,0,0,NEW_BENCH_P0_EVALUATION
R0,10,S_ADAPT,-1,30,7,truck,889,540,7478,622,0.6996625421822272,622,0.08317732013907461,0.6996625421822272,0.14867933548464204,0.22772158916794769,0.3090269661555141,0.25493478789681395,0.5145106861642295,NEW_BENCH_P0_EVALUATION
R0,10,S_ADAPT,-1,30,8,traffic light,5158,1123,12659,2620,0.5079488173710741,2619,0.20688837980883165,0.5077549437766576,0.2939888870180165,0.09337552881723307,0.27563908219507016,0.04673946944719707,0.20880186118650643,NEW_BENCH_P0_EVALUATION
R0,10,S_ADAPT,-1,40,1,person,2771,631,8144,1854,0.6690725369902563,1853,0.2275294695481336,0.6687116564417178,0.33953275309207515,0.2746339989873018,0.5296337468753306,0.24318976309224716,0.3702634428004331,NEW_BENCH_P0_EVALUATION
R0,10,S_ADAPT,-1,40,2,bicycle,244,125,451,94,0.38524590163934425,90,0.19955654101995565,0.36885245901639346,0.2589928057553957,0.10934563368286948,0.24239244339574348,0.08498327003963084,0.19836065573770492,NEW_BENCH_P0_EVALUATION
R0,10,S_ADAPT,-1,40,3,car,20453,1988,40740,14823,0.7247347577372513,14795,0.3631566028473245,0.7233657654133868,0.48355204026604354,0.36716163712943756,0.6153554265350923,0.36808109247086457,0.4456803402923777,NEW_BENCH_P0_EVALUATION
R0,10,S_ADAPT,-1,40,4,motorcycle,95,66,400,31,0.3263157894736842,31,0.0775,0.3263157894736842,0.12525252525252525,0.0852785008617402,0.18936294072207083,0.0736498870737659,0.17789473684210527,NEW_BENCH_P0_EVALUATION
R0,10,S_ADAPT,-1,40,5,bus,350,258,1932,225,0.6428571428571429,225,0.11645962732919254,0.6428571428571429,0.1971954425942156,0.295166049940968,0.3705131053568014,0.338036202642303,0.5128571428571428,NEW_BENCH_P0_EVALUATION
R0,10,S_ADAPT,-1,40,6,train,6,5,404,0,0,0,0,0,0,0,0,0,0,NEW_BENCH_P0_EVALUATION
R0,10,S_ADAPT,-1,40,7,truck,889,540,10125,659,0.7412823397075365,659,0.06508641975308642,0.7412823397075365,0.119665879789359,0.2296691551585743,0.31276685648176256,0.25670270670573314,0.546119235095613,NEW_BENCH_P0_EVALUATION
R0,10,S_ADAPT,-1,40,8,traffic light,5158,1123,17804,2806,0.5440093059325319,2805,0.15754886542350033,0.5438154323381156,0.24431669715181603,0.09542219784612056,0.28329069937946094,0.04724529612963952,0.2220240403257076,NEW_BENCH_P0_EVALUATION
R0,10,S_FIXED,-1,10,1,person,2771,631,1466,967,0.3489714904366655,967,0.6596180081855388,0.3489714904366655,0.4564550389426481,0.19069716018739202,0.3212186748962096,0.19288770369721914,0.22010104655359072,NEW_BENCH_P0_EVALUATION
R0,10,S_FIXED,-1,10,2,bicycle,244,125,60,37,0.15163934426229508,37,0.6166666666666667,0.15163934426229508,0.24342105263157898,0.0706879843134182,0.14207039873147675,0.06379075721632166,0.08565573770491804,NEW_BENCH_P0_EVALUATION
R0,10,S_FIXED,-1,10,3,car,20453,1988,13584,9896,0.4838410013200997,9888,0.7279151943462897,0.4834498606561385,0.581014778035667,0.30439215547870385,0.4612049669076562,0.32483867008835005,0.335090206815626,NEW_BENCH_P0_EVALUATION
R0,10,S_FIXED,-1,10,4,motorcycle,95,66,45,16,0.16842105263157894,16,0.35555555555555557,0.16842105263157894,0.22857142857142856,0.0682237482959673,0.14787910594550083,0.06767617938264416,0.08315789473684211,NEW_BENCH_P0_EVALUATION
R0,10,S_FIXED,-1,10,5,bus,350,258,381,127,0.3628571428571429,127,0.3333333333333333,0.3628571428571429,0.347469220246238,0.237319857618881,0.286915548254016,0.27097448293682386,0.3082857142857143,NEW_BENCH_P0_EVALUATION
R0,10,S_FIXED,-1,10,6,train,6,5,121,0,0,0,0,0,0,0,0,0,0,NEW_BENCH_P0_EVALUATION
R0,10,S_FIXED,-1,10,7,truck,889,540,1537,366,0.41169853768278963,366,0.23812621990891347,0.41169853768278963,0.3017312448474856,0.19398697186409336,0.2547527076567919,0.21823801462378759,0.3291338582677165,NEW_BENCH_P0_EVALUATION
R0,10,S_FIXED,-1,10,8,traffic light,5158,1123,2806,1085,0.21035284994183792,1085,0.3866714183891661,0.21035284994183792,0.2724761426418885,0.05685173522894546,0.15080046982182027,0.036218954546605966,0.0925164792555254,NEW_BENCH_P0_EVALUATION
R0,10,S_FIXED,-1,15,1,person,2771,631,2359,1267,0.4572356549981956,1267,0.5370919881305638,0.4572356549981956,0.4939571150097466,0.22985186100714544,0.41016684314631124,0.21975357174188215,0.2765788523998557,NEW_BENCH_P0_EVALUATION
R0,10,S_FIXED,-1,15,2,bicycle,244,125,104,53,0.21721311475409835,53,0.5096153846153846,0.21721311475409835,0.3045977011494253,0.08791168778890233,0.18903141599537238,0.0716498105184413,0.11270491803278689,NEW_BENCH_P0_EVALUATION
R0,10,S_FIXED,-1,15,3,car,20453,1988,18669,11682,0.5711631545494549,11671,0.6251539986073169,0.5706253361365081,0.596646388221461,0.3339477586098609,0.5315458856781675,0.34875229190950957,0.37778321028699946,NEW_BENCH_P0_EVALUATION
R0,10,S_FIXED,-1,15,4,motorcycle,95,66,87,20,0.21052631578947367,20,0.22988505747126436,0.21052631578947367,0.21978021978021975,0.07379992711919033,0.16399705111394697,0.06624336346678146,0.10421052631578946,NEW_BENCH_P0_EVALUATION
R0,10,S_FIXED,-1,15,5,bus,350,258,628,161,0.46,161,0.25636942675159236,0.46,0.3292433537832311,0.26416924862920155,0.32711169839974275,0.3026122687043014,0.3777142857142857,NEW_BENCH_P0_EVALUATION
R0,10,S_FIXED,-1,15,6,train,6,5,197,0,0,0,0,0,0,0,0,0,0,NEW_BENCH_P0_EVALUATION
R0,10,S_FIXED,-1,15,7,truck,889,540,2922,453,0.5095613048368954,453,0.15503080082135523,0.5095613048368954,0.23773287850957756,0.21208501441921707,0.28136855605792993,0.23805470065565465,0.39876265466816646,NEW_BENCH_P0_EVALUATION
R0,10,S_FIXED,-1,15,8,traffic light,5158,1123,5034,1631,0.31620783249321444,1631,0.3239968216130314,0.31620783249321444,0.3200549450549451,0.07343473436339659,0.20671535757888304,0.040551927621563934,0.13367584335013571,NEW_BENCH_P0_EVALUATION
R0,10,S_FIXED,-1,20,1,person,2771,631,3368,1471,0.5308552869000361,1471,0.43675771971496435,0.5308552869000361,0.47923114513764453,0.2504539223621089,0.4663169122214838,0.23197509793531917,0.3095994225911224,NEW_BENCH_P0_EVALUATION
R0,10,S_FIXED,-1,20,2,bicycle,244,125,158,60,0.2459016393442623,59,0.37341772151898733,0.24180327868852458,0.2935323383084577,0.09441843853228614,0.19917417338087784,0.07960663080283842,0.13319672131147542,NEW_BENCH_P0_EVALUATION
R0,10,S_FIXED,-1,20,3,car,20453,1988,23339,12729,0.622353688945387,12713,0.5447105702900724,0.6215714076174644,0.5806083302886371,0.3485224533015897,0.5654180168402181,0.35812660910969535,0.40075294577812554,NEW_BENCH_P0_EVALUATION
R0,10,S_FIXED,-1,20,4,motorcycle,95,66,135,24,0.25263157894736843,24,0.17777777777777778,0.25263157894736843,0.20869565217391303,0.07969018695549858,0.17955825696108077,0.0669872159629756,0.12315789473684209,NEW_BENCH_P0_EVALUATION
R0,10,S_FIXED,-1,20,5,bus,350,258,888,179,0.5114285714285715,179,0.20157657657657657,0.5114285714285715,0.28917609046849757,0.27679508747654663,0.34380524505773863,0.3180617359043967,0.41714285714285715,NEW_BENCH_P0_EVALUATION
R0,10,S_FIXED,-1,20,6,train,6,5,270,0,0,0,0,0,0,0,0,0,0,NEW_BENCH_P0_EVALUATION
R0,10,S_FIXED,-1,20,7,truck,889,540,4415,515,0.5793025871766029,515,0.11664779161947905,0.5793025871766029,0.1941930618401207,0.219436042152672,0.29421542833149894,0.24619433587110237,0.44206974128233967,NEW_BENCH_P0_EVALUATION
R0,10,S_FIXED,-1,20,8,traffic light,5158,1123,7427,1999,0.38755331523846454,1999,0.269153090076747,0.38755331523846454,0.31767977751291215,0.08266249729702392,0.2376418015092604,0.043953247599902975,0.1612640558355952,NEW_BENCH_P0_EVALUATION
R0,10,S_FIXED,-1,30,1,person,2771,631,5672,1682,0.6070010826416457,1681,0.29636812411847674,0.6066402020931072,0.39819969205258793,0.2660993489139649,0.5057174849429661,0.23901819905950789,0.3430530494406352,NEW_BENCH_P0_EVALUATION
R0,10,S_FIXED,-1,30,2,bicycle,244,125,278,75,0.3073770491803279,73,0.26258992805755393,0.29918032786885246,0.2796934865900383,0.10252709905216441,0.22186078621351024,0.08199311029054579,0.1627049180327869,NEW_BENCH_P0_EVALUATION
R0,10,S_FIXED,-1,30,3,car,20453,1988,32355,13942,0.6816603921185156,13916,0.43010353886570857,0.6803891849606415,0.5270413573700955,0.36007607542347136,0.597902288127612,0.36527154939502665,0.42693003471373386,NEW_BENCH_P0_EVALUATION
R0,10,S_FIXED,-1,30,4,motorcycle,95,66,254,27,0.28421052631578947,27,0.1062992125984252,0.28421052631578947,0.15472779369627507,0.08209627210962103,0.18449808619117428,0.07069258470370997,0.14210526315789473,NEW_BENCH_P0_EVALUATION
R0,10,S_FIXED,-1,30,5,bus,350,258,1407,208,0.5942857142857143,208,0.1478322672352523,0.5942857142857143,0.23676721684689808,0.2898732417230977,0.36231202940883545,0.3321045778714628,0.4797142857142857,NEW_BENCH_P0_EVALUATION
R0,10,S_FIXED,-1,30,6,train,6,5,437,0,0,0,0,0,0,0,0,0,0,NEW_BENCH_P0_EVALUATION
R0,10,S_FIXED,-1,30,7,truck,889,540,7309,591,0.6647919010123734,591,0.08085921466684909,0.6647919010123734,0.14418150768480117,0.22593799454997415,0.3060270842964857,0.2523838452715593,0.4961754780652418,NEW_BENCH_P0_EVALUATION
R0,10,S_FIXED,-1,30,8,traffic light,5158,1123,12288,2440,0.4730515703761148,2439,0.198486328125,0.4728576967816983,0.27960564026137796,0.09100543968515598,0.26713791566499656,0.04598503263651852,0.19534703373400542,NEW_BENCH_P0_EVALUATION
R0,10,S_FIXED,-1,40,1,person,2771,631,8175,1791,0.6463370624323349,1790,0.21896024464831804,0.6459761818837965,0.32706011328339124,0.2719031234950216,0.5224004717850897,0.24139360879389785,0.3604114038253338,NEW_BENCH_P0_EVALUATION
R0,10,S_FIXED,-1,40,2,bicycle,244,125,418,90,0.36885245901639346,86,0.20574162679425836,0.3524590163934426,0.2598187311178248,0.1081494882633701,0.240141335844098,0.0841412080720221,0.18770491803278688,NEW_BENCH_P0_EVALUATION
R0,10,S_FIXED,-1,40,3,car,20453,1988,41019,14633,0.715445166968171,14604,0.3560301323776786,0.7140272820613113,0.4751431546069755,0.36573560748655715,0.6111512710131347,0.3679515068427327,0.441524470737789,NEW_BENCH_P0_EVALUATION
R0,10,S_FIXED,-1,40,4,motorcycle,95,66,380,29,0.30526315789473685,29,0.07631578947368421,0.30526315789473685,0.12210526315789473,0.0844111249527763,0.18742696148680585,0.07309024080111133,0.16526315789473683,NEW_BENCH_P0_EVALUATION
R0,10,S_FIXED,-1,40,5,bus,350,258,1967,225,0.6428571428571429,225,0.11438739196746314,0.6428571428571429,0.19421665947345704,0.2951710943470421,0.3707289616716843,0.33838809124091407,0.5117142857142858,NEW_BENCH_P0_EVALUATION
R0,10,S_FIXED,-1,40,6,train,6,5,635,0,0,0,0,0,0,0,0,0,0,NEW_BENCH_P0_EVALUATION
R0,10,S_FIXED,-1,40,7,truck,889,540,10034,640,0.7199100112485939,640,0.06378313733306758,0.7199100112485939,0.11718392383044952,0.22849737464099504,0.3104663131239607,0.2553293087273313,0.53037120359955,NEW_BENCH_P0_EVALUATION
R0,10,S_FIXED,-1,40,8,traffic light,5158,1123,17372,2697,0.52287708414114,2696,0.15519226341238776,0.5226832105467235,0.23932534398579672,0.09418362371882284,0.2792444859087756,0.046764909768135236,0.2140946103140752,NEW_BENCH_P0_EVALUATION
R0,20,M11,530101,10,1,person,2771,631,2101,1432,0.5167809455070371,1432,0.6815801999048072,0.5167809455070371,0.5878489326765188,0.24669289746196948,0.45851237528657063,0.2293197514260812,0.2996030313966077,NEW_BENCH_P0_EVALUATION
R0,20,M11,530101,10,2,bicycle,244,125,90,52,0.21311475409836064,52,0.5777777777777777,0.21311475409836064,0.311377245508982,0.0886830402603787,0.18671348047676362,0.07519214686048185,0.11762295081967214,NEW_BENCH_P0_EVALUATION
R0,20,M11,530101,10,3,car,20453,1988,13071,10476,0.5121986994572924,10471,0.8010863744166475,0.5119542365423165,0.6246867915523208,0.31840504552444504,0.4896998498649218,0.33892892540504915,0.35294577812545835,NEW_BENCH_P0_EVALUATION
R0,20,M11,530101,10,4,motorcycle,95,66,42,18,0.18947368421052632,18,0.42857142857142855,0.18947368421052632,0.26277372262773724,0.07140011519762399,0.15944958530300557,0.06471185580096471,0.08842105263157896,NEW_BENCH_P0_EVALUATION
R0,20,M11,530101,10,5,bus,350,258,455,162,0.46285714285714286,162,0.35604395604395606,0.46285714285714286,0.4024844720496894,0.27089777709299206,0.3329770956921746,0.31438192728158554,0.3851428571428571,NEW_BENCH_P0_EVALUATION
R0,20,M11,530101,10,6,train,6,5,66,0,0,0,0,0,0,0,0,0,0,NEW_BENCH_P0_EVALUATION
R0,20,M11,530101,10,7,truck,889,540,1465,439,0.4938132733408324,439,0.29965870307167236,0.4938132733408324,0.37298215802888696,0.21468652583072007,0.2878252372634889,0.24244338103989835,0.3843644544431946,NEW_BENCH_P0_EVALUATION
R0,20,M11,530101,10,8,traffic light,5158,1123,2710,1369,0.265412950756107,1369,0.5051660516605166,0.265412950756107,0.34799186578546004,0.06963645736668421,0.1878700659871392,0.041824041727735135,0.11851492826677006,NEW_BENCH_P0_EVALUATION
R0,20,M11,530101,15,1,person,2771,631,3195,1648,0.5947311439913389,1647,0.5154929577464789,0.5943702634428004,0.5521287294669797,0.2654385693722917,0.5049333877543382,0.23927591209059207,0.3380007217610971,NEW_BENCH_P0_EVALUATION
R0,20,M11,530101,15,2,bicycle,244,125,183,72,0.29508196721311475,69,0.3770491803278688,0.2827868852459016,0.32318501170960184,0.09942905197420263,0.21812347241921973,0.07834060900833223,0.15040983606557376,NEW_BENCH_P0_EVALUATION
R0,20,M11,530101,15,3,car,20453,1988,17775,12157,0.5943871314721557,12145,0.6832630098452883,0.5938004204762137,0.6353981374908444,0.3431485608881294,0.5490961585057061,0.35460274340962034,0.3900014667774899,NEW_BENCH_P0_EVALUATION
R0,20,M11,530101,15,4,motorcycle,95,66,84,23,0.24210526315789474,23,0.27380952380952384,0.24210526315789474,0.2569832402234637,0.08042081377430714,0.18051523316520404,0.0677039132484677,0.12,NEW_BENCH_P0_EVALUATION
R0,20,M11,530101,15,5,bus,350,258,759,188,0.5371428571428571,188,0.24769433465085638,0.5371428571428571,0.33904418394950403,0.2817304090761765,0.35122881098387165,0.3229795140063237,0.43114285714285716,NEW_BENCH_P0_EVALUATION
R0,20,M11,530101,15,6,train,6,5,78,0,0,0,0,0,0,0,0,0,0,NEW_BENCH_P0_EVALUATION
R0,20,M11,530101,15,7,truck,889,540,2851,528,0.59392575928009,528,0.18519817607856892,0.59392575928009,0.2823529411764706,0.2243818943919579,0.3033146808528702,0.2514722908555958,0.45208098987626555,NEW_BENCH_P0_EVALUATION
R0,20,M11,530101,15,8,traffic light,5158,1123,5075,2009,0.3894920511826289,2009,0.39586206896551723,0.3894920511826289,0.3926512264243135,0.08521155012861219,0.2425308874258462,0.04570729537425936,0.16644048080651414,NEW_BENCH_P0_EVALUATION
R0,20,M11,530101,20,1,person,2771,631,4275,1753,0.6326236015878745,1752,0.40982456140350876,0.632262721039336,0.49730343457280735,0.2714396658654938,0.5218164905804091,0.24163754346684224,0.354384698664742,NEW_BENCH_P0_EVALUATION
R0,20,M11,530101,20,2,bicycle,244,125,255,81,0.3319672131147541,77,0.30196078431372547,0.3155737704918033,0.30861723446893785,0.10392183589356004,0.22837358225945095,0.08132455778884247,0.16803278688524592,NEW_BENCH_P0_EVALUATION
R0,20,M11,530101,20,3,car,20453,1988,22323,13120,0.6414706888964944,13097,0.5867042960175604,0.6403461594876058,0.6123527211520479,0.3540258452765241,0.5797066364913318,0.36260212328024016,0.4097834058573314,NEW_BENCH_P0_EVALUATION
R0,20,M11,530101,20,4,motorcycle,95,66,144,25,0.2631578947368421,25,0.1736111111111111,0.2631578947368421,0.20920502092050208,0.08190066853878618,0.1815390598314408,0.0718996962145218,0.14,NEW_BENCH_P0_EVALUATION
R0,20,M11,530101,20,5,bus,350,258,1025,204,0.5828571428571429,204,0.19902439024390245,0.5828571428571429,0.29672727272727273,0.2886769803655142,0.3612122359185582,0.33078805818834606,0.4668571428571429,NEW_BENCH_P0_EVALUATION
R0,20,M11,530101,20,6,train,6,5,97,0,0,0,0,0,0,0,0,0,0,NEW_BENCH_P0_EVALUATION
R0,20,M11,530101,20,7,truck,889,540,4424,581,0.6535433070866141,581,0.13132911392405064,0.6535433070866141,0.21870882740447958,0.22714670604590326,0.3084185633995355,0.25433694589560985,0.487289088863892,NEW_BENCH_P0_EVALUATION
R0,20,M11,530101,20,8,traffic light,5158,1123,7457,2312,0.44823575029081036,2312,0.31004425372133565,0.44823575029081036,0.36654776060245736,0.0899350309808624,0.2619321498768594,0.046338830834081544,0.18720434276851491,NEW_BENCH_P0_EVALUATION
R0,20,M11,530101,30,1,person,2771,631,6234,1838,0.6632984482136413,1837,0.2946743663779275,0.6629375676651028,0.4079955580233204,0.2747653796678156,0.5304724923995014,0.24328518001021124,0.36806207145434866,NEW_BENCH_P0_EVALUATION
R0,20,M11,530101,30,2,bicycle,244,125,380,95,0.38934426229508196,91,0.2394736842105263,0.3729508196721312,0.2916666666666667,0.10999662251802733,0.24561631514310409,0.08531296453132137,0.19918032786885245,NEW_BENCH_P0_EVALUATION
R0,20,M11,530101,30,3,car,20453,1988,31607,14281,0.6982349777538748,14253,0.45094441104818556,0.6968659854300102,0.547560507107184,0.3630408852642585,0.6039849601978183,0.36558784719693677,0.4341856940302156,NEW_BENCH_P0_EVALUATION
R0,20,M11,530101,30,4,motorcycle,95,66,266,29,0.30526315789473685,29,0.10902255639097744,0.30526315789473685,0.16066481994459833,0.08472778918575444,0.18763143970044655,0.07384568120379342,0.1694736842105263,NEW_BENCH_P0_EVALUATION
R0,20,M11,530101,30,5,bus,350,258,1526,223,0.6371428571428571,223,0.14613368283093053,0.6371428571428571,0.23773987206823027,0.2943236374099378,0.36931912305921116,0.3370037580444075,0.5065714285714286,NEW_BENCH_P0_EVALUATION
R0,20,M11,530101,30,6,train,6,5,168,0,0,0,0,0,0,0,0,0,0,NEW_BENCH_P0_EVALUATION
R0,20,M11,530101,30,7,truck,889,540,7371,645,0.7255343082114736,645,0.08750508750508751,0.7255343082114736,0.15617433414043583,0.2293349212677707,0.31243075504190587,0.2559215286026527,0.5311586051743532,NEW_BENCH_P0_EVALUATION
R0,20,M11,530101,30,8,traffic light,5158,1123,12448,2684,0.5203567274137263,2683,0.2155366323907455,0.5201628538193098,0.30478246052482105,0.09461033117435269,0.2807577995345273,0.0468406688347369,0.21362931368747576,NEW_BENCH_P0_EVALUATION
R0,20,M11,530101,40,1,person,2771,631,8300,1863,0.6723204619271022,1862,0.22433734939759037,0.6719595813785637,0.33637431126366185,0.27515587492100285,0.5321128739224557,0.24320350208084465,0.37199566943341755,NEW_BENCH_P0_EVALUATION
R0,20,M11,530101,40,2,bicycle,244,125,479,97,0.3975409836065574,93,0.1941544885177453,0.38114754098360654,0.2572614107883818,0.11013498375766996,0.24718347573785224,0.08506272270447233,0.2012295081967213,NEW_BENCH_P0_EVALUATION
R0,20,M11,530101,40,3,car,20453,1988,40871,14939,0.7304062973646898,14908,0.36475740745271706,0.7288906272918398,0.48620442241210615,0.3679253217633695,0.6156570168187894,0.3681210344131522,0.44767026842028057,NEW_BENCH_P0_EVALUATION
R0,20,M11,530101,40,4,motorcycle,95,66,393,31,0.3263157894736842,31,0.07888040712468193,0.3263157894736842,0.12704918032786885,0.08528723679939697,0.18938393481336482,0.07365279261357704,0.17789473684210527,NEW_BENCH_P0_EVALUATION
R0,20,M11,530101,40,5,bus,350,258,2025,230,0.6571428571428571,230,0.11358024691358025,0.6571428571428571,0.1936842105263158,0.296190722475603,0.3717930707402927,0.33926300182667624,0.5228571428571429,NEW_BENCH_P0_EVALUATION
R0,20,M11,530101,40,6,train,6,5,363,0,0,0,0,0,0,0,0,0,0,NEW_BENCH_P0_EVALUATION
R0,20,M11,530101,40,7,truck,889,540,10205,668,0.7514060742407199,668,0.06545810877021069,0.7514060742407199,0.12042545520100956,0.23012361163547818,0.31349455867193027,0.2572997936165261,0.5515185601799775,NEW_BENCH_P0_EVALUATION
R0,20,M11,530101,40,8,traffic light,5158,1123,17364,2822,0.547111283443195,2820,0.16240497581202487,0.5467235362543622,0.25042180978598705,0.09546927464359645,0.28347198402965235,0.04727074945936352,0.2235168670027142,NEW_BENCH_P0_EVALUATION
R0,20,M11,530102,10,1,person,2771,631,2086,1426,0.5146156622158066,1426,0.6836049856184084,0.5146156622158066,0.5871937409923821,0.24661683862734898,0.45837010218474966,0.22920244502241144,0.2987369180801155,NEW_BENCH_P0_EVALUATION
R0,20,M11,530102,10,2,bicycle,244,125,105,55,0.22540983606557377,54,0.5142857142857142,0.22131147540983606,0.30945558739255014,0.09063784400508794,0.19243851067803944,0.07493752823024458,0.12131147540983607,NEW_BENCH_P0_EVALUATION
R0,20,M11,530102,10,3,car,20453,1988,12987,10448,0.5108297071334279,10441,0.8039578039578039,0.5104874590524617,0.6244617224880382,0.31842309189210466,0.4897949453273219,0.3389320298128104,0.35237862416271454,NEW_BENCH_P0_EVALUATION
R0,20,M11,530102,10,4,motorcycle,95,66,44,18,0.18947368421052632,18,0.4090909090909091,0.18947368421052632,0.2589928057553957,0.07340319059506495,0.15596495200455596,0.06695923646418696,0.09578947368421054,NEW_BENCH_P0_EVALUATION
R0,20,M11,530102,10,5,bus,350,258,501,167,0.47714285714285715,167,0.3333333333333333,0.47714285714285715,0.39247943595769685,0.2735538510866737,0.33557371680322995,0.31668845974290016,0.3962857142857143,NEW_BENCH_P0_EVALUATION
R0,20,M11,530102,10,6,train,6,5,69,0,0,0,0,0,0,0,0,0,0,NEW_BENCH_P0_EVALUATION
R0,20,M11,530102,10,7,truck,889,540,1583,450,0.5061867266591676,450,0.28427037271004424,0.5061867266591676,0.3640776699029126,0.21623311652438174,0.28941634408299544,0.24377507138192922,0.3923509561304837,NEW_BENCH_P0_EVALUATION
R0,20,M11,530102,10,8,traffic light,5158,1123,2625,1333,0.2584335013571152,1333,0.5078095238095238,0.2584335013571152,0.3425414364640884,0.0684590820470154,0.18278280197464272,0.04176393925571258,0.11554866227219854,NEW_BENCH_P0_EVALUATION
R0,20,M11,530102,15,1,person,2771,631,3139,1635,0.5900396968603392,1634,0.5205479452054794,0.5896788163118007,0.5529610829103214,0.26396014978965116,0.4996803123024391,0.23933812815649955,0.335943702634428,NEW_BENCH_P0_EVALUATION
R0,20,M11,530102,15,2,bicycle,244,125,191,73,0.29918032786885246,70,0.36649214659685864,0.28688524590163933,0.32183908045977005,0.10044686066456832,0.21842251611210348,0.07838600842599593,0.1536885245901639,NEW_BENCH_P0_EVALUATION
R0,20,M11,530102,15,3,car,20453,1988,17732,12155,0.5942893463061654,12145,0.6849199187908865,0.5938004204762137,0.6361136571952337,0.34312622829326594,0.5491044379098541,0.3545678190906588,0.3898498997702049,NEW_BENCH_P0_EVALUATION
R0,20,M11,530102,15,4,motorcycle,95,66,98,23,0.24210526315789474,23,0.23469387755102042,0.24210526315789474,0.2383419689119171,0.0807366530795378,0.179029796858489,0.07057205720572057,0.12631578947368421,NEW_BENCH_P0_EVALUATION
R0,20,M11,530102,15,5,bus,350,258,801,194,0.5542857142857143,194,0.2421972534332085,0.5542857142857143,0.33709817549956556,0.285347170428766,0.3559446129914966,0.3279417777303464,0.4474285714285715,NEW_BENCH_P0_EVALUATION
R0,20,M11,530102,15,6,train,6,5,83,0,0,0,0,0,0,0,0,0,0,NEW_BENCH_P0_EVALUATION
R0,20,M11,530102,15,7,truck,889,540,3050,535,0.6017997750281214,535,0.17540983606557378,0.6017997750281214,0.27164254887027167,0.2238423709895827,0.30345891452409973,0.250184009445766,0.4550056242969629,NEW_BENCH_P0_EVALUATION
R0,20,M11,530102,15,8,traffic light,5158,1123,4906,1963,0.38057386583947267,1963,0.40012229922543824,0.38057386583947267,0.3901033386327504,0.08456190867747769,0.24249295259164416,0.044522997914444556,0.16289259402869333,NEW_BENCH_P0_EVALUATION
R0,20,M11,530102,20,1,person,2771,631,4189,1742,0.6286539155539517,1741,0.4156123179756505,0.6282930350054132,0.5002873563218391,0.26996027900618225,0.51751081834922,0.24171351075679226,0.3530855286900036,NEW_BENCH_P0_EVALUATION
R0,20,M11,530102,20,2,bicycle,244,125,267,83,0.3401639344262295,79,0.2958801498127341,0.3237704918032787,0.3091976516634051,0.10509909785965792,0.23155586922087332,0.0813923966197566,0.1725409836065574,NEW_BENCH_P0_EVALUATION
R0,20,M11,530102,20,3,car,20453,1988,22337,13112,0.6410795482325331,13091,0.5860679589918073,0.6400528039896348,0.6118719326945549,0.3539424121620317,0.5795493105989931,0.36255366479506934,0.4098225199237275,NEW_BENCH_P0_EVALUATION
R0,20,M11,530102,20,4,motorcycle,95,66,164,25,0.2631578947368421,25,0.1524390243902439,0.2631578947368421,0.19305019305019305,0.08160695317847685,0.1810889338299233,0.07157875444626777,0.14,NEW_BENCH_P0_EVALUATION
R0,20,M11,530102,20,5,bus,350,258,1079,212,0.6057142857142858,212,0.19647822057460612,0.6057142857142858,0.29671098670398877,0.29123883948351686,0.3653683017758694,0.33279708746475606,0.4814285714285715,NEW_BENCH_P0_EVALUATION
R0,20,M11,530102,20,6,train,6,5,111,0,0,0,0,0,0,0,0,0,0,NEW_BENCH_P0_EVALUATION
R0,20,M11,530102,20,7,truck,889,540,4623,590,0.6636670416197975,590,0.12762275578628596,0.6636670416197975,0.2140783744557329,0.22766813178122666,0.3089405096475124,0.2550421523059601,0.4959505061867267,NEW_BENCH_P0_EVALUATION
R0,20,M11,530102,20,8,traffic light,5158,1123,7230,2285,0.4430011632415665,2285,0.3160442600276625,0.4430011632415665,0.36890539231514374,0.08975520932421205,0.261872887027886,0.04634487909930044,0.18518805738658395,NEW_BENCH_P0_EVALUATION
R0,20,M11,530102,30,1,person,2771,631,6133,1835,0.662215806568026,1834,0.29903799119517366,0.6618549260194876,0.4119496855345912,0.2747721971584261,0.5304763907982176,0.2433632893342065,0.36726813424756405,NEW_BENCH_P0_EVALUATION
R0,20,M11,530102,30,2,bicycle,244,125,396,94,0.38524590163934425,90,0.22727272727272727,0.36885245901639346,0.28125,0.10955897703644442,0.2430986412845193,0.08405727200233969,0.19631147540983607,NEW_BENCH_P0_EVALUATION
R0,20,M11,530102,30,3,car,20453,1988,31738,14312,0.6997506478267247,14284,0.4500598651458819,0.6983816555028602,0.5473740683259566,0.3630068635888024,0.6039834900843761,0.36559688560847997,0.43486530093384834,NEW_BENCH_P0_EVALUATION
R0,20,M11,530102,30,4,motorcycle,95,66,277,30,0.3157894736842105,30,0.10830324909747292,0.3157894736842105,0.16129032258064516,0.0850948449494849,0.18873665571223758,0.07375175408598623,0.1736842105263158,NEW_BENCH_P0_EVALUATION
R0,20,M11,530102,30,5,bus,350,258,1583,224,0.64,224,0.14150347441566646,0.64,0.23176409725814795,0.29480204122978426,0.3707581248804438,0.33828480361181207,0.5091428571428571,NEW_BENCH_P0_EVALUATION
R0,20,M11,530102,30,6,train,6,5,208,0,0,0,0,0,0,0,0,0,0,NEW_BENCH_P0_EVALUATION
R0,20,M11,530102,30,7,truck,889,540,7513,644,0.7244094488188977,644,0.08571808864634634,0.7244094488188977,0.1532968340871221,0.22918934034607466,0.3121395361701366,0.25583343369736194,0.5311586051743532,NEW_BENCH_P0_EVALUATION
R0,20,M11,530102,30,8,traffic light,5158,1123,12152,2659,0.5155098875533153,2658,0.21872942725477287,0.5153160139588988,0.307105719237435,0.09426940599314886,0.27854436342976235,0.046818469571170584,0.21207832493214424,NEW_BENCH_P0_EVALUATION
R0,20,M11,530102,40,1,person,2771,631,8100,1861,0.6715987008300253,1860,0.22962962962962963,0.6712378202814868,0.3421948302824027,0.2751755046796651,0.5321896783522622,0.243214187274327,0.37145434861060994,NEW_BENCH_P0_EVALUATION
R0,20,M11,530102,40,2,bicycle,244,125,486,97,0.3975409836065574,93,0.19135802469135801,0.38114754098360654,0.25479452054794516,0.11005133596610733,0.24697617757532053,0.08502022349414239,0.2012295081967213,NEW_BENCH_P0_EVALUATION
R0,20,M11,530102,40,3,car,20453,1988,41062,14943,0.7306018676966705,14913,0.3631825045053821,0.7291350902068157,0.4848573518653987,0.36791221473451674,0.6156059295386942,0.3681184223687511,0.4477533858113724,NEW_BENCH_P0_EVALUATION
R0,20,M11,530102,40,4,motorcycle,95,66,392,31,0.3263157894736842,31,0.07908163265306123,0.3263157894736842,0.1273100616016427,0.08530179183363158,0.1894173579899748,0.0736557232011452,0.17789473684210527,NEW_BENCH_P0_EVALUATION
R0,20,M11,530102,40,5,bus,350,258,2079,230,0.6571428571428571,230,0.11063011063011063,0.6571428571428571,0.18937834499794157,0.29612981444278,0.3717556594161609,0.3391411625419834,0.522,NEW_BENCH_P0_EVALUATION
R0,20,M11,530102,40,6,train,6,5,392,0,0,0,0,0,0,0,0,0,0,NEW_BENCH_P0_EVALUATION
R0,20,M11,530102,40,7,truck,889,540,10252,670,0.7536557930258717,670,0.06535310183378853,0.7536557930258717,0.12027645633246568,0.2301107561088479,0.3134742562898825,0.2572869501526317,0.552755905511811,NEW_BENCH_P0_EVALUATION
R0,20,M11,530102,40,8,traffic light,5158,1123,17237,2816,0.5459480418766964,2814,0.16325346638046065,0.5455602946878635,0.25130609511051577,0.0954805775358063,0.2835029943360858,0.04727519374263547,0.2234005428460643,NEW_BENCH_P0_EVALUATION
R0,20,M11,530103,10,1,person,2771,631,2061,1416,0.5110068567304222,1416,0.6870451237263464,0.5110068567304222,0.5860927152317881,0.24494177196767042,0.45842336384271665,0.22529660428763063,0.2970407795019848,NEW_BENCH_P0_EVALUATION
R0,20,M11,530103,10,2,bicycle,244,125,99,55,0.22540983606557377,54,0.5454545454545454,0.22131147540983606,0.314868804664723,0.09000439613804978,0.1922551879210995,0.07472458588266799,0.11926229508196722,NEW_BENCH_P0_EVALUATION
R0,20,M11,530103,10,3,car,20453,1988,13116,10508,0.5137632621131374,10503,0.8007776761207686,0.5135187991981617,0.6257559057463732,0.31917119743580674,0.48982147799357656,0.33896410305527,0.3536253850290911,NEW_BENCH_P0_EVALUATION
R0,20,M11,530103,10,4,motorcycle,95,66,43,18,0.18947368421052632,18,0.4186046511627907,0.18947368421052632,0.2608695652173913,0.07109782214221691,0.15863709123755718,0.06461312797946461,0.08842105263157896,NEW_BENCH_P0_EVALUATION
R0,20,M11,530103,10,5,bus,350,258,478,163,0.4657142857142857,163,0.3410041841004184,0.4657142857142857,0.393719806763285,0.2709040606554242,0.33204110725080244,0.3134740142705556,0.3868571428571429,NEW_BENCH_P0_EVALUATION
R0,20,M11,530103,10,6,train,6,5,70,0,0,0,0,0,0,0,0,0,0,NEW_BENCH_P0_EVALUATION
R0,20,M11,530103,10,7,truck,889,540,1530,444,0.49943757030371205,444,0.2901960784313726,0.49943757030371205,0.3670938404299298,0.21470197468453892,0.2872172781347872,0.2416252250070551,0.3872890888638921,NEW_BENCH_P0_EVALUATION
R0,20,M11,530103,10,8,traffic light,5158,1123,2603,1321,0.25610701822411785,1321,0.5074913561275451,0.25610701822411785,0.3404200489627625,0.06843183252791038,0.1825861861109976,0.041693191255460935,0.11487010469174097,NEW_BENCH_P0_EVALUATION
R0,20,M11,530103,15,1,person,2771,631,3178,1644,0.5932876217971851,1643,0.5169918187539333,0.5929267412486467,0.5523617414691545,0.2652512846966314,0.504891268344753,0.23931135498211722,0.3374233128834356,NEW_BENCH_P0_EVALUATION
R0,20,M11,530103,15,2,bicycle,244,125,200,75,0.3073770491803279,71,0.355,0.29098360655737704,0.31981981981981983,0.10071574206987875,0.22218695088770188,0.07831237829727028,0.15409836065573768,NEW_BENCH_P0_EVALUATION
R0,20,M11,530103,15,3,car,20453,1988,17797,12165,0.594778272136117,12148,0.6825869528572232,0.5939470982251992,0.6351895424836601,0.34311698678613173,0.5490787102274264,0.35457639044815015,0.38996724196939325,NEW_BENCH_P0_EVALUATION
R0,20,M11,530103,15,4,motorcycle,95,66,95,24,0.25263157894736843,24,0.25263157894736843,0.25263157894736843,0.25263157894736843,0.0812530996675184,0.18141376637094686,0.07011886198107475,0.13052631578947368,NEW_BENCH_P0_EVALUATION
R0,20,M11,530103,15,5,bus,350,258,768,192,0.5485714285714286,192,0.25,0.5485714285714286,0.34347048300536676,0.28475805568469675,0.3540319349875526,0.3281744796808311,0.4425714285714285,NEW_BENCH_P0_EVALUATION
R0,20,M11,530103,15,6,train,6,5,77,0,0,0,0,0,0,0,0,0,0,NEW_BENCH_P0_EVALUATION
R0,20,M11,530103,15,7,truck,889,540,3004,536,0.6029246344206974,536,0.17842876165113183,0.6029246344206974,0.2753660416131518,0.22479412606470137,0.30409814125009854,0.2523909821107155,0.4580427446569179,NEW_BENCH_P0_EVALUATION
R0,20,M11,530103,15,8,traffic light,5158,1123,4881,1969,0.38173710740597133,1969,0.40340094242982993,0.38173710740597133,0.3922701464289272,0.08464331424996123,0.24280032063388116,0.044539536443550486,0.16295075610701823,NEW_BENCH_P0_EVALUATION
R0,20,M11,530103,20,1,person,2771,631,4236,1746,0.6300974377481053,1745,0.4119452313503305,0.6297365571995669,0.4980733552162123,0.2703553300564351,0.5176843363996965,0.24169753997188645,0.3536629375676651,NEW_BENCH_P0_EVALUATION
R0,20,M11,530103,20,2,bicycle,244,125,275,83,0.3401639344262295,79,0.2872727272727273,0.3237704918032787,0.30443159922928714,0.10435120303778747,0.23114569964352977,0.08098179834857638,0.17049180327868851,NEW_BENCH_P0_EVALUATION
R0,20,M11,530103,20,3,car,20453,1988,22448,13156,0.6432308218843201,13132,0.5849964362081255,0.6420573998924363,0.6122001818139436,0.35402605273385646,0.5797897960861489,0.3626165395064816,0.4103652275949738,NEW_BENCH_P0_EVALUATION
R0,20,M11,530103,20,4,motorcycle,95,66,159,25,0.2631578947368421,25,0.15723270440251572,0.2631578947368421,0.19685039370078738,0.08171805011736051,0.18124704121434396,0.07170168008966504,0.14,NEW_BENCH_P0_EVALUATION
R0,20,M11,530103,20,5,bus,350,258,1039,205,0.5857142857142857,205,0.1973051010587103,0.5857142857142857,0.29517638588912887,0.28930706262806644,0.36110184943960744,0.3309022803157285,0.4717142857142857,NEW_BENCH_P0_EVALUATION
R0,20,M11,530103,20,6,train,6,5,97,0,0,0,0,0,0,0,0,0,0,NEW_BENCH_P0_EVALUATION
R0,20,M11,530103,20,7,truck,889,540,4502,582,0.6546681664791901,582,0.12927587738782764,0.6546681664791901,0.21591541457985533,0.22664663644412356,0.30761825663133807,0.25253274612629695,0.48886389201349834,NEW_BENCH_P0_EVALUATION
R0,20,M11,530103,20,8,traffic light,5158,1123,7244,2294,0.4447460255913145,2294,0.31667586968525674,0.4447460255913145,0.36994033220448314,0.08993325202901613,0.2624200121679183,0.04638495400973123,0.18607987592089956,NEW_BENCH_P0_EVALUATION
R0,20,M11,530103,30,1,person,2771,631,6204,1835,0.662215806568026,1834,0.2956157317859445,0.6618549260194876,0.40869080779944283,0.2747781724356016,0.5304618552510966,0.24336188961063884,0.3677011909058102,NEW_BENCH_P0_EVALUATION
R0,20,M11,530103,30,2,bicycle,244,125,401,94,0.38524590163934425,90,0.22443890274314215,0.36885245901639346,0.27906976744186046,0.10955207634581184,0.24309166875628058,0.08405727200233969,0.19672131147540983,NEW_BENCH_P0_EVALUATION
R0,20,M11,530103,30,3,car,20453,1988,31780,14321,0.7001906810736811,14292,0.4497168030207678,0.6987727961668215,0.5472402504164033,0.3630843397290491,0.6040796625738958,0.36562492600105634,0.4351293208820223,NEW_BENCH_P0_EVALUATION
R0,20,M11,530103,30,4,motorcycle,95,66,271,30,0.3157894736842105,30,0.11070110701107011,0.3157894736842105,0.1639344262295082,0.08512792144521061,0.18879914502740497,0.07379108805645013,0.1736842105263158,NEW_BENCH_P0_EVALUATION
R0,20,M11,530103,30,5,bus,350,258,1536,224,0.64,224,0.14583333333333334,0.64,0.23753976670201485,0.29492258728140364,0.371028356125254,0.33843677191989563,0.5085714285714287,NEW_BENCH_P0_EVALUATION
R0,20,M11,530103,30,6,train,6,5,184,0,0,0,0,0,0,0,0,0,0,NEW_BENCH_P0_EVALUATION
R0,20,M11,530103,30,7,truck,889,540,7480,645,0.7255343082114736,645,0.08622994652406417,0.7255343082114736,0.1541402796032979,0.229544824293516,0.31227094216672824,0.2566482719801836,0.5335208098987627,NEW_BENCH_P0_EVALUATION
R0,20,M11,530103,30,8,traffic light,5158,1123,12144,2669,0.5174486234974797,2668,0.2196969696969697,0.5172547499030632,0.3084036527569067,0.09434809476912673,0.2787454220170088,0.04684888619923383,0.21287320666925166,NEW_BENCH_P0_EVALUATION
R0,20,M11,530103,40,1,person,2771,631,8261,1861,0.6715987008300253,1860,0.22515433966832102,0.6712378202814868,0.33720087019579403,0.27515518825221413,0.5321219770767112,0.2432098363078547,0.37170696499458683,NEW_BENCH_P0_EVALUATION
R0,20,M11,530103,40,2,bicycle,244,125,483,97,0.3975409836065574,93,0.19254658385093168,0.38114754098360654,0.2558459422283356,0.11013220939091521,0.24719040333575765,0.08506272270447233,0.2012295081967213,NEW_BENCH_P0_EVALUATION
R0,20,M11,530103,40,3,car,20453,1988,41025,14942,0.7305529751136752,14911,0.3634613040828763,0.7290373050408253,0.4850840951234588,0.36791653660350915,0.6156253351568188,0.3681056153365064,0.44779249987776854,NEW_BENCH_P0_EVALUATION
R0,20,M11,530103,40,4,motorcycle,95,66,388,31,0.3263157894736842,31,0.07989690721649484,0.3263157894736842,0.12836438923395446,0.08530338677442192,0.1894216686407595,0.0736557232011452,0.17789473684210527,NEW_BENCH_P0_EVALUATION
R0,20,M11,530103,40,5,bus,350,258,2051,230,0.6571428571428571,230,0.1121404193076548,0.6571428571428571,0.19158683881715952,0.2962001433153677,0.37179902194938214,0.3392642507864244,0.5222857142857144,NEW_BENCH_P0_EVALUATION
R0,20,M11,530103,40,6,train,6,5,395,0,0,0,0,0,0,0,0,0,0,NEW_BENCH_P0_EVALUATION
R0,20,M11,530103,40,7,truck,889,540,10297,671,0.7547806524184477,671,0.06516461105176265,0.7547806524184477,0.11997139281244412,0.23025400463179052,0.31349692997207457,0.2573228378757736,0.5542182227221597,NEW_BENCH_P0_EVALUATION
R0,20,M11,530103,40,8,traffic light,5158,1123,17100,2823,0.5473051570376115,2821,0.16497076023391813,0.5469174098487786,0.25348189415041783,0.09563105940455613,0.2835602564338792,0.04727641298594482,0.22371074059713064,NEW_BENCH_P0_EVALUATION
R0,20,S_ADAPT,-1,10,1,person,2771,631,1810,1308,0.47203175748827136,1308,0.7226519337016575,0.47203175748827136,0.5710543549443353,0.2357986322858221,0.4289856226955037,0.22073586533517528,0.2815229159148322,NEW_BENCH_P0_EVALUATION
R0,20,S_ADAPT,-1,10,2,bicycle,244,125,64,45,0.18442622950819673,45,0.703125,0.18442622950819673,0.29220779220779225,0.08247460223463933,0.16829071488040157,0.07213231281919401,0.10491803278688525,NEW_BENCH_P0_EVALUATION
R0,20,S_ADAPT,-1,10,3,car,20453,1988,13541,10622,0.5193370165745856,10614,0.7838416660512517,0.5189458759106244,0.6244631405542154,0.31915762452342583,0.4889871074032682,0.33832415926794446,0.35454945484769956,NEW_BENCH_P0_EVALUATION
R0,20,S_ADAPT,-1,10,4,motorcycle,95,66,36,16,0.16842105263157894,16,0.4444444444444444,0.16842105263157894,0.24427480916030533,0.06677387401537033,0.14763227453967118,0.06452145214521451,0.07789473684210527,NEW_BENCH_P0_EVALUATION
R0,20,S_ADAPT,-1,10,5,bus,350,258,355,138,0.3942857142857143,138,0.38873239436619716,0.3942857142857143,0.39148936170212767,0.25071761028358225,0.3044800900339536,0.287606564724276,0.33257142857142863,NEW_BENCH_P0_EVALUATION
R0,20,S_ADAPT,-1,10,6,train,6,5,65,0,0,0,0,0,0,0,0,0,0,NEW_BENCH_P0_EVALUATION
R0,20,S_ADAPT,-1,10,7,truck,889,540,1541,400,0.4499437570303712,400,0.25957170668397145,0.4499437570303712,0.3292181069958848,0.20454205591062943,0.2684878861589377,0.2309805685297239,0.3582677165354331,NEW_BENCH_P0_EVALUATION
R0,20,S_ADAPT,-1,10,8,traffic light,5158,1123,2588,1270,0.24621946490887942,1270,0.490726429675425,0.24621946490887942,0.32791117996385233,0.06571535787315251,0.17598773319760141,0.03974209936314582,0.10897634742148118,NEW_BENCH_P0_EVALUATION
R0,20,S_ADAPT,-1,15,1,person,2771,631,2736,1553,0.5604474918801876,1552,0.5672514619883041,0.5600866113316493,0.563646268385691,0.2578983551724812,0.487789366950091,0.23302527636324671,0.3213280404186215,NEW_BENCH_P0_EVALUATION
R0,20,S_ADAPT,-1,15,2,bicycle,244,125,130,63,0.2581967213114754,60,0.46153846153846156,0.2459016393442623,0.3208556149732621,0.09289003369027908,0.20047515468284358,0.07422417467511086,0.1290983606557377,NEW_BENCH_P0_EVALUATION
R0,20,S_ADAPT,-1,15,3,car,20453,1988,18287,12196,0.5962939422089669,12180,0.6660469185760376,0.5955116608810443,0.6288074341765617,0.3426589253340816,0.5480268795579823,0.35426626974133935,0.38999657751919037,NEW_BENCH_P0_EVALUATION
R0,20,S_ADAPT,-1,15,4,motorcycle,95,66,82,22,0.23157894736842105,22,0.2682926829268293,0.23157894736842105,0.2485875706214689,0.07711788713686675,0.17327102133065742,0.06581994265000271,0.11263157894736842,NEW_BENCH_P0_EVALUATION
R0,20,S_ADAPT,-1,15,5,bus,350,258,607,171,0.48857142857142855,171,0.28171334431630973,0.48857142857142855,0.35736677115987464,0.27494921257871846,0.3360775155730877,0.31705241106437854,0.40800000000000003,NEW_BENCH_P0_EVALUATION
R0,20,S_ADAPT,-1,15,6,train,6,5,91,0,0,0,0,0,0,0,0,0,0,NEW_BENCH_P0_EVALUATION
R0,20,S_ADAPT,-1,15,7,truck,889,540,3125,494,0.5556805399325084,494,0.15808,0.5556805399325084,0.24613851519681115,0.21849092966687939,0.29251527892834533,0.24611942037402054,0.42980877390326205,NEW_BENCH_P0_EVALUATION
R0,20,S_ADAPT,-1,15,8,traffic light,5158,1123,4942,1910,0.37029856533540134,1910,0.38648320518008905,0.37029856533540134,0.3782178217821782,0.08242095517354817,0.23668291364489527,0.04430920157400758,0.15711516091508335,NEW_BENCH_P0_EVALUATION
R0,20,S_ADAPT,-1,20,1,person,2771,631,3725,1678,0.6055575604474919,1677,0.4502013422818792,0.6051966798989534,0.5163177339901478,0.2662203695462041,0.5078906190104376,0.23913900540975092,0.3429086972212198,NEW_BENCH_P0_EVALUATION
R0,20,S_ADAPT,-1,20,2,bicycle,244,125,189,73,0.29918032786885246,70,0.37037037037037035,0.28688524590163933,0.32332563510392603,0.09828913012819429,0.21699430987260393,0.07807584281197662,0.14631147540983605,NEW_BENCH_P0_EVALUATION
R0,20,S_ADAPT,-1,20,3,car,20453,1988,22811,13056,0.6383415635848042,13033,0.5713471570733418,0.6372170341759155,0.6024870562130178,0.3516488468224411,0.5728405360175316,0.35855916831507423,0.40813083655209503,NEW_BENCH_P0_EVALUATION
R0,20,S_ADAPT,-1,20,4,motorcycle,95,66,149,25,0.2631578947368421,25,0.16778523489932887,0.2631578947368421,0.20491803278688522,0.08144930361721295,0.18069203937637068,0.07143298947547068,0.14,NEW_BENCH_P0_EVALUATION
R0,20,S_ADAPT,-1,20,5,bus,350,258,884,194,0.5542857142857143,194,0.21945701357466063,0.5542857142857143,0.31442463533225284,0.28595722434758875,0.3541428729769351,0.3286588962627675,0.4551428571428572,NEW_BENCH_P0_EVALUATION
R0,20,S_ADAPT,-1,20,6,train,6,5,125,0,0,0,0,0,0,0,0,0,0,NEW_BENCH_P0_EVALUATION
R0,20,S_ADAPT,-1,20,7,truck,889,540,4662,554,0.6231721034870641,554,0.11883311883311884,0.6231721034870641,0.1996036750135111,0.2238762842130408,0.3021435693968597,0.25095855870686967,0.4712035995500562,NEW_BENCH_P0_EVALUATION
R0,20,S_ADAPT,-1,20,8,traffic light,5158,1123,7455,2247,0.43563396665374177,2247,0.30140845070422534,0.43563396665374177,0.3562990565289781,0.08843117332771859,0.25738354719121426,0.04531251990364755,0.18117487398216364,NEW_BENCH_P0_EVALUATION
R0,20,S_ADAPT,-1,30,1,person,2771,631,5939,1810,0.6531937928545651,1809,0.30459673345681093,0.6528329123060267,0.4153846153846154,0.27308092433608966,0.5266662399384936,0.24321611950122807,0.36326236015878743,NEW_BENCH_P0_EVALUATION
R0,20,S_ADAPT,-1,30,2,bicycle,244,125,339,89,0.36475409836065575,85,0.25073746312684364,0.3483606557377049,0.2915951972555746,0.10705093682241458,0.23753583540433074,0.0839659095680495,0.18483606557377047,NEW_BENCH_P0_EVALUATION
R0,20,S_ADAPT,-1,30,3,car,20453,1988,31721,14180,0.6932968268713636,14153,0.44617130607484,0.6919767271304943,0.5425307624487293,0.3623649755771726,0.603352057690009,0.3655124183588882,0.43215176257761695,NEW_BENCH_P0_EVALUATION
R0,20,S_ADAPT,-1,30,4,motorcycle,95,66,263,29,0.30526315789473685,29,0.11026615969581749,0.30526315789473685,0.16201117318435757,0.08426110531061727,0.1872215077514349,0.07297289629776521,0.16526315789473683,NEW_BENCH_P0_EVALUATION
R0,20,S_ADAPT,-1,30,5,bus,350,258,1393,219,0.6257142857142857,219,0.15721464465183058,0.6257142857142857,0.2512908777969019,0.2929901567916627,0.367481407971652,0.33527427320888575,0.496,NEW_BENCH_P0_EVALUATION
R0,20,S_ADAPT,-1,30,6,train,6,5,221,0,0,0,0,0,0,0,0,0,0,NEW_BENCH_P0_EVALUATION
R0,20,S_ADAPT,-1,30,7,truck,889,540,7429,623,0.7007874015748031,623,0.0838605465069323,0.7007874015748031,0.14979562394806445,0.22772359159740851,0.3098577225250737,0.25421569072245304,0.5147356580427447,NEW_BENCH_P0_EVALUATION
R0,20,S_ADAPT,-1,30,8,traffic light,5158,1123,12695,2636,0.5110507948817371,2635,0.2075620322961796,0.5108569212873206,0.295188483728225,0.09359736714154224,0.27778468071048384,0.04675725187561615,0.20924777045366422,NEW_BENCH_P0_EVALUATION
R0,20,S_ADAPT,-1,40,1,person,2771,631,8115,1856,0.669794298087333,1855,0.2285890326555761,0.6694334175387947,0.3408047032886276,0.27464002733999576,0.5296323598860704,0.24318976309224716,0.3706964994586792,NEW_BENCH_P0_EVALUATION
R0,20,S_ADAPT,-1,40,2,bicycle,244,125,443,94,0.38524590163934425,90,0.20316027088036118,0.36885245901639346,0.26200873362445415,0.10933740016550528,0.24238061497037602,0.08497434834547049,0.19877049180327871,NEW_BENCH_P0_EVALUATION
R0,20,S_ADAPT,-1,40,3,car,20453,1988,40780,14846,0.7258592871461399,14819,0.36338891613536045,0.7245391874052706,0.4840200545457515,0.36716667892049226,0.6153697512973554,0.3680923147988147,0.44616437686402977,NEW_BENCH_P0_EVALUATION
R0,20,S_ADAPT,-1,40,4,motorcycle,95,66,399,30,0.3157894736842105,30,0.07518796992481203,0.3157894736842105,0.1214574898785425,0.0849324176211973,0.18843002068234646,0.0736498870737659,0.1736842105263158,NEW_BENCH_P0_EVALUATION
R0,20,S_ADAPT,-1,40,5,bus,350,258,1941,229,0.6542857142857142,229,0.11798042246264812,0.6542857142857142,0.19991270187690965,0.2958724197018337,0.3718121974946135,0.339185749801949,0.5194285714285714,NEW_BENCH_P0_EVALUATION
R0,20,S_ADAPT,-1,40,6,train,6,5,383,0,0,0,0,0,0,0,0,0,0,NEW_BENCH_P0_EVALUATION
R0,20,S_ADAPT,-1,40,7,truck,889,540,10072,657,0.7390326209223848,657,0.06523034154090548,0.7390326209223848,0.11987957303165772,0.22951945206195914,0.3121055429166723,0.25666712514458495,0.543082114735658,NEW_BENCH_P0_EVALUATION
R0,20,S_ADAPT,-1,40,8,traffic light,5158,1123,17867,2803,0.5434276851492826,2801,0.15676946325628252,0.5430399379604498,0.24330076004343104,0.0954202113529664,0.28331011454526317,0.047240082720455656,0.2218689414501745,NEW_BENCH_P0_EVALUATION
R0,20,S_FIXED,-1,10,1,person,2771,631,1466,967,0.3489714904366655,967,0.6596180081855388,0.3489714904366655,0.4564550389426481,0.19069716018739202,0.3212186748962096,0.19288770369721914,0.22010104655359072,NEW_BENCH_P0_EVALUATION
R0,20,S_FIXED,-1,10,2,bicycle,244,125,60,37,0.15163934426229508,37,0.6166666666666667,0.15163934426229508,0.24342105263157898,0.0706879843134182,0.14207039873147675,0.06379075721632166,0.08565573770491804,NEW_BENCH_P0_EVALUATION
R0,20,S_FIXED,-1,10,3,car,20453,1988,13584,9896,0.4838410013200997,9888,0.7279151943462897,0.4834498606561385,0.581014778035667,0.30439215547870385,0.4612049669076562,0.32483867008835005,0.335090206815626,NEW_BENCH_P0_EVALUATION
R0,20,S_FIXED,-1,10,4,motorcycle,95,66,45,16,0.16842105263157894,16,0.35555555555555557,0.16842105263157894,0.22857142857142856,0.0682237482959673,0.14787910594550083,0.06767617938264416,0.08315789473684211,NEW_BENCH_P0_EVALUATION
R0,20,S_FIXED,-1,10,5,bus,350,258,381,127,0.3628571428571429,127,0.3333333333333333,0.3628571428571429,0.347469220246238,0.237319857618881,0.286915548254016,0.27097448293682386,0.3082857142857143,NEW_BENCH_P0_EVALUATION
R0,20,S_FIXED,-1,10,6,train,6,5,121,0,0,0,0,0,0,0,0,0,0,NEW_BENCH_P0_EVALUATION
R0,20,S_FIXED,-1,10,7,truck,889,540,1537,366,0.41169853768278963,366,0.23812621990891347,0.41169853768278963,0.3017312448474856,0.19398697186409336,0.2547527076567919,0.21823801462378759,0.3291338582677165,NEW_BENCH_P0_EVALUATION
R0,20,S_FIXED,-1,10,8,traffic light,5158,1123,2806,1085,0.21035284994183792,1085,0.3866714183891661,0.21035284994183792,0.2724761426418885,0.05685173522894546,0.15080046982182027,0.036218954546605966,0.0925164792555254,NEW_BENCH_P0_EVALUATION
R0,20,S_FIXED,-1,15,1,person,2771,631,2359,1267,0.4572356549981956,1267,0.5370919881305638,0.4572356549981956,0.4939571150097466,0.22985186100714544,0.41016684314631124,0.21975357174188215,0.2765788523998557,NEW_BENCH_P0_EVALUATION
R0,20,S_FIXED,-1,15,2,bicycle,244,125,104,53,0.21721311475409835,53,0.5096153846153846,0.21721311475409835,0.3045977011494253,0.08791168778890233,0.18903141599537238,0.0716498105184413,0.11270491803278689,NEW_BENCH_P0_EVALUATION
R0,20,S_FIXED,-1,15,3,car,20453,1988,18669,11682,0.5711631545494549,11671,0.6251539986073169,0.5706253361365081,0.596646388221461,0.3339477586098609,0.5315458856781675,0.34875229190950957,0.37778321028699946,NEW_BENCH_P0_EVALUATION
R0,20,S_FIXED,-1,15,4,motorcycle,95,66,87,20,0.21052631578947367,20,0.22988505747126436,0.21052631578947367,0.21978021978021975,0.07379992711919033,0.16399705111394697,0.06624336346678146,0.10421052631578946,NEW_BENCH_P0_EVALUATION
R0,20,S_FIXED,-1,15,5,bus,350,258,628,161,0.46,161,0.25636942675159236,0.46,0.3292433537832311,0.26416924862920155,0.32711169839974275,0.3026122687043014,0.3777142857142857,NEW_BENCH_P0_EVALUATION
R0,20,S_FIXED,-1,15,6,train,6,5,197,0,0,0,0,0,0,0,0,0,0,NEW_BENCH_P0_EVALUATION
R0,20,S_FIXED,-1,15,7,truck,889,540,2922,453,0.5095613048368954,453,0.15503080082135523,0.5095613048368954,0.23773287850957756,0.21208501441921707,0.28136855605792993,0.23805470065565465,0.39876265466816646,NEW_BENCH_P0_EVALUATION
R0,20,S_FIXED,-1,15,8,traffic light,5158,1123,5034,1631,0.31620783249321444,1631,0.3239968216130314,0.31620783249321444,0.3200549450549451,0.07343473436339659,0.20671535757888304,0.040551927621563934,0.13367584335013571,NEW_BENCH_P0_EVALUATION
R0,20,S_FIXED,-1,20,1,person,2771,631,3368,1471,0.5308552869000361,1471,0.43675771971496435,0.5308552869000361,0.47923114513764453,0.2504539223621089,0.4663169122214838,0.23197509793531917,0.3095994225911224,NEW_BENCH_P0_EVALUATION
R0,20,S_FIXED,-1,20,2,bicycle,244,125,158,60,0.2459016393442623,59,0.37341772151898733,0.24180327868852458,0.2935323383084577,0.09441843853228614,0.19917417338087784,0.07960663080283842,0.13319672131147542,NEW_BENCH_P0_EVALUATION
R0,20,S_FIXED,-1,20,3,car,20453,1988,23339,12729,0.622353688945387,12713,0.5447105702900724,0.6215714076174644,0.5806083302886371,0.3485224533015897,0.5654180168402181,0.35812660910969535,0.40075294577812554,NEW_BENCH_P0_EVALUATION
R0,20,S_FIXED,-1,20,4,motorcycle,95,66,135,24,0.25263157894736843,24,0.17777777777777778,0.25263157894736843,0.20869565217391303,0.07969018695549858,0.17955825696108077,0.0669872159629756,0.12315789473684209,NEW_BENCH_P0_EVALUATION
R0,20,S_FIXED,-1,20,5,bus,350,258,888,179,0.5114285714285715,179,0.20157657657657657,0.5114285714285715,0.28917609046849757,0.27679508747654663,0.34380524505773863,0.3180617359043967,0.41714285714285715,NEW_BENCH_P0_EVALUATION
R0,20,S_FIXED,-1,20,6,train,6,5,270,0,0,0,0,0,0,0,0,0,0,NEW_BENCH_P0_EVALUATION
R0,20,S_FIXED,-1,20,7,truck,889,540,4415,515,0.5793025871766029,515,0.11664779161947905,0.5793025871766029,0.1941930618401207,0.219436042152672,0.29421542833149894,0.24619433587110237,0.44206974128233967,NEW_BENCH_P0_EVALUATION
R0,20,S_FIXED,-1,20,8,traffic light,5158,1123,7427,1999,0.38755331523846454,1999,0.269153090076747,0.38755331523846454,0.31767977751291215,0.08266249729702392,0.2376418015092604,0.043953247599902975,0.1612640558355952,NEW_BENCH_P0_EVALUATION
R0,20,S_FIXED,-1,30,1,person,2771,631,5672,1682,0.6070010826416457,1681,0.29636812411847674,0.6066402020931072,0.39819969205258793,0.2660993489139649,0.5057174849429661,0.23901819905950789,0.3430530494406352,NEW_BENCH_P0_EVALUATION
R0,20,S_FIXED,-1,30,2,bicycle,244,125,278,75,0.3073770491803279,73,0.26258992805755393,0.29918032786885246,0.2796934865900383,0.10252709905216441,0.22186078621351024,0.08199311029054579,0.1627049180327869,NEW_BENCH_P0_EVALUATION
R0,20,S_FIXED,-1,30,3,car,20453,1988,32355,13942,0.6816603921185156,13916,0.43010353886570857,0.6803891849606415,0.5270413573700955,0.36007607542347136,0.597902288127612,0.36527154939502665,0.42693003471373386,NEW_BENCH_P0_EVALUATION
R0,20,S_FIXED,-1,30,4,motorcycle,95,66,254,27,0.28421052631578947,27,0.1062992125984252,0.28421052631578947,0.15472779369627507,0.08209627210962103,0.18449808619117428,0.07069258470370997,0.14210526315789473,NEW_BENCH_P0_EVALUATION
R0,20,S_FIXED,-1,30,5,bus,350,258,1407,208,0.5942857142857143,208,0.1478322672352523,0.5942857142857143,0.23676721684689808,0.2898732417230977,0.36231202940883545,0.3321045778714628,0.4797142857142857,NEW_BENCH_P0_EVALUATION
R0,20,S_FIXED,-1,30,6,train,6,5,437,0,0,0,0,0,0,0,0,0,0,NEW_BENCH_P0_EVALUATION
R0,20,S_FIXED,-1,30,7,truck,889,540,7309,591,0.6647919010123734,591,0.08085921466684909,0.6647919010123734,0.14418150768480117,0.22593799454997415,0.3060270842964857,0.2523838452715593,0.4961754780652418,NEW_BENCH_P0_EVALUATION
R0,20,S_FIXED,-1,30,8,traffic light,5158,1123,12288,2440,0.4730515703761148,2439,0.198486328125,0.4728576967816983,0.27960564026137796,0.09100543968515598,0.26713791566499656,0.04598503263651852,0.19534703373400542,NEW_BENCH_P0_EVALUATION
R0,20,S_FIXED,-1,40,1,person,2771,631,8175,1791,0.6463370624323349,1790,0.21896024464831804,0.6459761818837965,0.32706011328339124,0.2719031234950216,0.5224004717850897,0.24139360879389785,0.3604114038253338,NEW_BENCH_P0_EVALUATION
R0,20,S_FIXED,-1,40,2,bicycle,244,125,418,90,0.36885245901639346,86,0.20574162679425836,0.3524590163934426,0.2598187311178248,0.1081494882633701,0.240141335844098,0.0841412080720221,0.18770491803278688,NEW_BENCH_P0_EVALUATION
R0,20,S_FIXED,-1,40,3,car,20453,1988,41019,14633,0.715445166968171,14604,0.3560301323776786,0.7140272820613113,0.4751431546069755,0.36573560748655715,0.6111512710131347,0.3679515068427327,0.441524470737789,NEW_BENCH_P0_EVALUATION
R0,20,S_FIXED,-1,40,4,motorcycle,95,66,380,29,0.30526315789473685,29,0.07631578947368421,0.30526315789473685,0.12210526315789473,0.0844111249527763,0.18742696148680585,0.07309024080111133,0.16526315789473683,NEW_BENCH_P0_EVALUATION
R0,20,S_FIXED,-1,40,5,bus,350,258,1967,225,0.6428571428571429,225,0.11438739196746314,0.6428571428571429,0.19421665947345704,0.2951710943470421,0.3707289616716843,0.33838809124091407,0.5117142857142858,NEW_BENCH_P0_EVALUATION
R0,20,S_FIXED,-1,40,6,train,6,5,635,0,0,0,0,0,0,0,0,0,0,NEW_BENCH_P0_EVALUATION
R0,20,S_FIXED,-1,40,7,truck,889,540,10034,640,0.7199100112485939,640,0.06378313733306758,0.7199100112485939,0.11718392383044952,0.22849737464099504,0.3104663131239607,0.2553293087273313,0.53037120359955,NEW_BENCH_P0_EVALUATION
R0,20,S_FIXED,-1,40,8,traffic light,5158,1123,17372,2697,0.52287708414114,2696,0.15519226341238776,0.5226832105467235,0.23932534398579672,0.09418362371882284,0.2792444859087756,0.046764909768135236,0.2140946103140752,NEW_BENCH_P0_EVALUATION
R0,40,M11,530101,10,1,person,2771,631,2136,1435,0.5178635871526525,1435,0.6718164794007491,0.5178635871526525,0.5848787446504993,0.24712711093485662,0.4580167515129809,0.2292930365337103,0.3012991699747384,NEW_BENCH_P0_EVALUATION
R0,40,M11,530101,10,2,bicycle,244,125,95,52,0.21311475409836064,52,0.5473684210526316,0.21311475409836064,0.30678466076696165,0.08837450861968521,0.18577650748020447,0.07488910789525334,0.11762295081967214,NEW_BENCH_P0_EVALUATION
R0,40,M11,530101,10,3,car,20453,1988,13053,10495,0.5131276585342004,10490,0.8036466712633111,0.5128831956192246,0.6261565092819197,0.31842051648411956,0.4898698400144305,0.3388959656545639,0.3532880262064245,NEW_BENCH_P0_EVALUATION
R0,40,M11,530101,10,4,motorcycle,95,66,38,17,0.17894736842105263,17,0.4473684210526316,0.17894736842105263,0.2556390977443609,0.071307135901607,0.15201039997898994,0.06493399339933993,0.08736842105263158,NEW_BENCH_P0_EVALUATION
R0,40,M11,530101,10,5,bus,350,258,452,162,0.46285714285714286,162,0.3584070796460177,0.46285714285714286,0.40399002493765584,0.2702000553481744,0.33295486837389404,0.3101150371727862,0.38485714285714284,NEW_BENCH_P0_EVALUATION
R0,40,M11,530101,10,6,train,6,5,68,0,0,0,0,0,0,0,0,0,0,NEW_BENCH_P0_EVALUATION
R0,40,M11,530101,10,7,truck,889,540,1457,439,0.4938132733408324,439,0.3013040494166095,0.4938132733408324,0.3742540494458653,0.21497545650253255,0.28823302552115143,0.24265364089821198,0.38425196850393706,NEW_BENCH_P0_EVALUATION
R0,40,M11,530101,10,8,traffic light,5158,1123,2701,1374,0.26638231872818924,1374,0.508700481303221,0.26638231872818924,0.3496628069728973,0.06985109478852533,0.18869933898160696,0.04195356197721231,0.11940674680108569,NEW_BENCH_P0_EVALUATION
R0,40,M11,530101,15,1,person,2771,631,3253,1663,0.6001443522194154,1662,0.510913003381494,0.599783471670877,0.5517928286852589,0.26641342796543044,0.5049643924501812,0.2393026382666355,0.34059906171057386,NEW_BENCH_P0_EVALUATION
R0,40,M11,530101,15,2,bicycle,244,125,187,74,0.30327868852459017,70,0.37433155080213903,0.28688524590163933,0.32482598607888635,0.09931686703945596,0.21827912803796887,0.07839641674509829,0.15081967213114753,NEW_BENCH_P0_EVALUATION
R0,40,M11,530101,15,3,car,20453,1988,17747,12193,0.5961472644599815,12179,0.6862568321406435,0.5954627682980492,0.6376439790575915,0.34318991311652,0.5492469036057057,0.35462263694195484,0.3908717547548037,NEW_BENCH_P0_EVALUATION
R0,40,M11,530101,15,4,motorcycle,95,66,78,23,0.24210526315789474,23,0.2948717948717949,0.24210526315789474,0.2658959537572254,0.080378456597413,0.1804137524288951,0.0677039132484677,0.12,NEW_BENCH_P0_EVALUATION
R0,40,M11,530101,15,5,bus,350,258,765,191,0.5457142857142857,191,0.2496732026143791,0.5457142857142857,0.34260089686098655,0.2839209357403438,0.3540123359440327,0.32544487736802047,0.4411428571428571,NEW_BENCH_P0_EVALUATION
R0,40,M11,530101,15,6,train,6,5,77,0,0,0,0,0,0,0,0,0,0,NEW_BENCH_P0_EVALUATION
R0,40,M11,530101,15,7,truck,889,540,2835,527,0.592800899887514,527,0.18589065255731924,0.592800899887514,0.2830290010741139,0.223800540086103,0.30262928228498825,0.25094469870042674,0.4509561304836895,NEW_BENCH_P0_EVALUATION
R0,40,M11,530101,15,8,traffic light,5158,1123,5058,2003,0.3883288096161303,2003,0.3960063266113088,0.3883288096161303,0.39212999216914646,0.08519547741749608,0.24255964651483922,0.04577103256480067,0.16595579682047304,NEW_BENCH_P0_EVALUATION
R0,40,M11,530101,20,1,person,2771,631,4333,1765,0.6369541681703356,1764,0.407108239095315,0.6365932876217972,0.4966216216216217,0.27140031572791057,0.5217386379578054,0.2416003302222429,0.35561169252977265,NEW_BENCH_P0_EVALUATION
R0,40,M11,530101,20,2,bicycle,244,125,255,82,0.3360655737704918,78,0.3058823529411765,0.319672131147541,0.31262525050100204,0.105321257949873,0.22847377943293962,0.08157412561434091,0.17418032786885246,NEW_BENCH_P0_EVALUATION
R0,40,M11,530101,20,3,car,20453,1988,22209,13122,0.6415684740624847,13101,0.5898959881129272,0.6405417298195863,0.6141765505602175,0.3540822880333141,0.5798483590115728,0.3626840369842337,0.4100620935804039,NEW_BENCH_P0_EVALUATION
R0,40,M11,530101,20,4,motorcycle,95,66,145,25,0.2631578947368421,25,0.1724137931034483,0.2631578947368421,0.20833333333333334,0.08191983048036744,0.18156047941888243,0.07193923352078227,0.14,NEW_BENCH_P0_EVALUATION
R0,40,M11,530101,20,5,bus,350,258,1012,203,0.58,203,0.20059288537549408,0.58,0.2980910425844347,0.28775448653508684,0.36149704570866187,0.3287577863987176,0.4631428571428572,NEW_BENCH_P0_EVALUATION
R0,40,M11,530101,20,6,train,6,5,96,0,0,0,0,0,0,0,0,0,0,NEW_BENCH_P0_EVALUATION
R0,40,M11,530101,20,7,truck,889,540,4426,582,0.6546681664791901,582,0.13149570718481698,0.6546681664791901,0.21900282220131703,0.22693267866298925,0.30794854728173904,0.2538956463692546,0.4896512935883014,NEW_BENCH_P0_EVALUATION
R0,40,M11,530101,20,8,traffic light,5158,1123,7524,2335,0.45269484296238854,2335,0.31034024455077086,0.45269484296238854,0.36823844819429113,0.09060264964291558,0.2648532188489697,0.0463458419385966,0.18943388910430398,NEW_BENCH_P0_EVALUATION
R0,40,M11,530101,30,1,person,2771,631,6245,1839,0.6636593287621797,1838,0.2943154523618895,0.6632984482136413,0.4077196095829636,0.2747512742697841,0.53043212625398,0.24327712702163795,0.3680259833994948,NEW_BENCH_P0_EVALUATION
R0,40,M11,530101,30,2,bicycle,244,125,377,94,0.38524590163934425,90,0.23872679045092837,0.36885245901639346,0.2898550724637682,0.10992473558947344,0.24205087666841246,0.08535164392954976,0.19959016393442622,NEW_BENCH_P0_EVALUATION
R0,40,M11,530101,30,3,car,20453,1988,31641,14315,0.6998973255757102,14286,0.45150279700388735,0.6984794406688505,0.5484700733289822,0.363177377159637,0.6040388619776498,0.36558464652454176,0.434928861291742,NEW_BENCH_P0_EVALUATION
R0,40,M11,530101,30,4,motorcycle,95,66,263,29,0.30526315789473685,29,0.11026615969581749,0.30526315789473685,0.16201117318435757,0.08470741982811664,0.1875589752098008,0.07382633008768688,0.1694736842105263,NEW_BENCH_P0_EVALUATION
R0,40,M11,530101,30,5,bus,350,258,1524,224,0.64,224,0.14698162729658792,0.64,0.23906083244397014,0.29522944118014344,0.3709611856504864,0.3384009464160335,0.5097142857142857,NEW_BENCH_P0_EVALUATION
R0,40,M11,530101,30,6,train,6,5,160,0,0,0,0,0,0,0,0,0,0,NEW_BENCH_P0_EVALUATION
R0,40,M11,530101,30,7,truck,889,540,7430,643,0.7232845894263217,643,0.08654104979811575,0.7232845894263217,0.15458588772689025,0.22922744624810062,0.3122105794002027,0.25578183031567336,0.530933633295838,NEW_BENCH_P0_EVALUATION
R0,40,M11,530101,30,8,traffic light,5158,1123,12360,2681,0.5197751066304769,2680,0.2168284789644013,0.5195812330360605,0.30597100125585114,0.09440172946429125,0.2786363666297515,0.04685141502993463,0.2137650252035673,NEW_BENCH_P0_EVALUATION
R0,40,M11,530101,40,1,person,2771,631,8260,1862,0.6719595813785637,1861,0.22530266343825667,0.6715987008300253,0.337412745897924,0.275137227533174,0.5320825475468399,0.2432028838560181,0.3719234933237099,NEW_BENCH_P0_EVALUATION
R0,40,M11,530101,40,2,bicycle,244,125,483,97,0.3975409836065574,93,0.19254658385093168,0.38114754098360654,0.2558459422283356,0.1100132198574419,0.246896289673126,0.08498907647371828,0.2012295081967213,NEW_BENCH_P0_EVALUATION
R0,40,M11,530101,40,3,car,20453,1988,40918,14942,0.7305529751136752,14914,0.36448506769636835,0.7291839827898108,0.48602760261361233,0.36792411550831394,0.6156326580207013,0.3681122452483954,0.44790495281865744,NEW_BENCH_P0_EVALUATION
R0,40,M11,530101,40,4,motorcycle,95,66,385,31,0.3263157894736842,31,0.08051948051948052,0.3263157894736842,0.12916666666666665,0.08529160244084967,0.1893957030642373,0.07365279261357704,0.17789473684210527,NEW_BENCH_P0_EVALUATION
R0,40,M11,530101,40,5,bus,350,258,2029,230,0.6571428571428571,230,0.11335633316904879,0.6571428571428571,0.19335855401429172,0.2961809959717327,0.37177902379719757,0.33925104353529906,0.5228571428571429,NEW_BENCH_P0_EVALUATION
R0,40,M11,530101,40,6,train,6,5,350,0,0,0,0,0,0,0,0,0,0,NEW_BENCH_P0_EVALUATION
R0,40,M11,530101,40,7,truck,889,540,10177,671,0.7547806524184477,671,0.06593298614522944,0.7547806524184477,0.12127236580516898,0.2303248884672186,0.31356300332661896,0.25732866307442775,0.5551181102362205,NEW_BENCH_P0_EVALUATION
R0,40,M11,530101,40,8,traffic light,5158,1123,17398,2815,0.54575416828228,2814,0.16174272904931603,0.5455602946878635,0.24951232488029793,0.09545919818907614,0.283436803571431,0.047264258623905014,0.2230321830166731,NEW_BENCH_P0_EVALUATION
R0,40,M11,530102,10,1,person,2771,631,2118,1431,0.5164200649584988,1431,0.6756373937677054,0.5164200649584988,0.5853957864593986,0.24714643519403556,0.45803414054852465,0.2293119523756702,0.30068567304222305,NEW_BENCH_P0_EVALUATION
R0,40,M11,530102,10,2,bicycle,244,125,97,54,0.22131147540983606,53,0.5463917525773195,0.21721311475409835,0.31085043988269795,0.08839230253522733,0.18636649506115935,0.07485289737764986,0.1180327868852459,NEW_BENCH_P0_EVALUATION
R0,40,M11,530102,10,3,car,20453,1988,12960,10468,0.5118075587933311,10462,0.8072530864197531,0.5115142032953601,0.6262233262502619,0.3185142249454741,0.49001974251261116,0.3389858445208524,0.35297022441695597,NEW_BENCH_P0_EVALUATION
R0,40,M11,530102,10,4,motorcycle,95,66,44,18,0.18947368421052632,18,0.4090909090909091,0.18947368421052632,0.2589928057553957,0.07328699832149904,0.15571144158950306,0.06690290081639742,0.09578947368421054,NEW_BENCH_P0_EVALUATION
R0,40,M11,530102,10,5,bus,350,258,502,168,0.48,168,0.3346613545816733,0.48,0.39436619718309857,0.2739999140784962,0.33876790967993164,0.31649825240607127,0.39771428571428574,NEW_BENCH_P0_EVALUATION
R0,40,M11,530102,10,6,train,6,5,70,0,0,0,0,0,0,0,0,0,0,NEW_BENCH_P0_EVALUATION
R0,40,M11,530102,10,7,truck,889,540,1580,450,0.5061867266591676,450,0.2848101265822785,0.5061867266591676,0.3645200486026731,0.21595613613909911,0.2892435503258621,0.2413921667289081,0.3925759280089988,NEW_BENCH_P0_EVALUATION
R0,40,M11,530102,10,8,traffic light,5158,1123,2629,1346,0.26095385808452887,1346,0.5119817421072651,0.26095385808452887,0.3457043790933607,0.06953976804538319,0.18900518541231454,0.041914683768874694,0.11673129119813881,NEW_BENCH_P0_EVALUATION
R0,40,M11,530102,15,1,person,2771,631,3210,1646,0.594009382894262,1645,0.5124610591900312,0.5936485023457235,0.5500752382544725,0.26481623710090263,0.5046067798577852,0.23923872812413163,0.33706243233489713,NEW_BENCH_P0_EVALUATION
R0,40,M11,530102,15,2,bicycle,244,125,197,72,0.29508196721311475,69,0.350253807106599,0.2827868852459016,0.31292517006802717,0.10013949864965607,0.2171343463564124,0.07822623869359982,0.15204918032786885,NEW_BENCH_P0_EVALUATION
R0,40,M11,530102,15,3,car,20453,1988,17691,12166,0.5948271647191121,12152,0.6869029450002826,0.5941426685571799,0.6371644295302014,0.3425968079143336,0.5491145313350791,0.3545716376525347,0.3900014667774899,NEW_BENCH_P0_EVALUATION
R0,40,M11,530102,15,4,motorcycle,95,66,95,23,0.24210526315789474,23,0.24210526315789474,0.24210526315789474,0.24210526315789474,0.08066682137554915,0.1789394306790139,0.07048563078937303,0.12631578947368421,NEW_BENCH_P0_EVALUATION
R0,40,M11,530102,15,5,bus,350,258,827,194,0.5542857142857143,194,0.23458282950423218,0.5542857142857143,0.3296516567544605,0.2850815769681829,0.35504925428740824,0.32728057242085007,0.45,NEW_BENCH_P0_EVALUATION
R0,40,M11,530102,15,6,train,6,5,80,0,0,0,0,0,0,0,0,0,0,NEW_BENCH_P0_EVALUATION
R0,40,M11,530102,15,7,truck,889,540,3014,533,0.5995500562429696,533,0.17684140676841406,0.5995500562429696,0.2731232385344607,0.22378801610631668,0.3017866208698073,0.2504758408727688,0.4543307086614172,NEW_BENCH_P0_EVALUATION
R0,40,M11,530102,15,8,traffic light,5158,1123,4886,1951,0.3782473827064754,1951,0.3993041342611543,0.3782473827064754,0.3884906411788132,0.08366790136563061,0.2381222617507621,0.04452578513762955,0.16205893757270257,NEW_BENCH_P0_EVALUATION
R0,40,M11,530102,20,1,person,2771,631,4262,1747,0.6304583182966438,1746,0.4096668230877522,0.6300974377481053,0.49651642257926915,0.2713970467116551,0.5214748716094694,0.24167346612387974,0.3539877300613497,NEW_BENCH_P0_EVALUATION
R0,40,M11,530102,20,2,bicycle,244,125,263,82,0.3360655737704918,78,0.2965779467680608,0.319672131147541,0.3076923076923077,0.10489509340434938,0.22848776130931137,0.08144119672778272,0.1737704918032787,NEW_BENCH_P0_EVALUATION
R0,40,M11,530102,20,3,car,20453,1988,22224,13115,0.6412262259815186,13094,0.5891828653707704,0.6401994817386203,0.613632635846006,0.35401337418173806,0.579684805135258,0.3626189035812959,0.4101989928127903,NEW_BENCH_P0_EVALUATION
R0,40,M11,530102,20,4,motorcycle,95,66,158,25,0.2631578947368421,25,0.15822784810126583,0.2631578947368421,0.1976284584980237,0.08168616764733548,0.1811664974029669,0.07171235742215708,0.14,NEW_BENCH_P0_EVALUATION
R0,40,M11,530102,20,5,bus,350,258,1089,211,0.6028571428571429,211,0.19375573921028466,0.6028571428571429,0.29325920778318276,0.29067327745063326,0.3649725904811865,0.33255663465086105,0.4797142857142857,NEW_BENCH_P0_EVALUATION
R0,40,M11,530102,20,6,train,6,5,104,0,0,0,0,0,0,0,0,0,0,NEW_BENCH_P0_EVALUATION
R0,40,M11,530102,20,7,truck,889,540,4659,597,0.671541057367829,597,0.12813908564069543,0.671541057367829,0.21521268925739004,0.22829943348910095,0.3102701136729458,0.25507283729895264,0.5005624296962881,NEW_BENCH_P0_EVALUATION
R0,40,M11,530102,20,8,traffic light,5158,1123,7241,2297,0.4453276463745638,2297,0.3172213782626709,0.4453276463745638,0.3705137511089604,0.08975400246126936,0.26185904609611976,0.046380874073318444,0.1866614967041489,NEW_BENCH_P0_EVALUATION
R0,40,M11,530102,30,1,person,2771,631,6160,1835,0.662215806568026,1834,0.29772727272727273,0.6618549260194876,0.4107042884335461,0.2747312984628185,0.5304557548019827,0.24327760284775493,0.36715987008300255,NEW_BENCH_P0_EVALUATION
R0,40,M11,530102,30,2,bicycle,244,125,398,95,0.38934426229508196,91,0.228643216080402,0.3729508196721312,0.28348909657320875,0.10986388362331036,0.24567546194278994,0.08408125807965688,0.1975409836065574,NEW_BENCH_P0_EVALUATION
R0,40,M11,530102,30,3,car,20453,1988,31755,14336,0.7009240698186086,14308,0.45057471264367815,0.699555077494744,0.5481152313821637,0.3630249522756428,0.6040037337350029,0.36561618345696023,0.435344448247201,NEW_BENCH_P0_EVALUATION
R0,40,M11,530102,30,4,motorcycle,95,66,274,30,0.3157894736842105,30,0.10948905109489052,0.3157894736842105,0.1626016260162602,0.0851027554365739,0.1887441370303176,0.07375960578313058,0.1736842105263158,NEW_BENCH_P0_EVALUATION
R0,40,M11,530102,30,5,bus,350,258,1581,225,0.6428571428571429,225,0.14231499051233396,0.6428571428571429,0.23303987571206625,0.2953304445563608,0.3709222891850932,0.3383733139769338,0.5117142857142858,NEW_BENCH_P0_EVALUATION
R0,40,M11,530102,30,6,train,6,5,183,0,0,0,0,0,0,0,0,0,0,NEW_BENCH_P0_EVALUATION
R0,40,M11,530102,30,7,truck,889,540,7529,643,0.7232845894263217,643,0.0854031079824678,0.7232845894263217,0.15276787835590402,0.22918616264493652,0.31209748904115936,0.2558497248169511,0.5308211473565804,NEW_BENCH_P0_EVALUATION
R0,40,M11,530102,30,8,traffic light,5158,1123,12120,2678,0.5191934858472276,2677,0.22087458745874589,0.5189996122528112,0.30987382798935065,0.09439464585709792,0.2786402758029403,0.04684337526750738,0.2132027917797596,NEW_BENCH_P0_EVALUATION
R0,40,M11,530102,40,1,person,2771,631,8125,1860,0.6712378202814868,1859,0.2288,0.6708769397329484,0.34122613803230545,0.27515113688862775,0.532112281491082,0.24320445223875664,0.3714182605557561,NEW_BENCH_P0_EVALUATION
R0,40,M11,530102,40,2,bicycle,244,125,494,97,0.3975409836065574,93,0.1882591093117409,0.38114754098360654,0.2520325203252033,0.10999282246250972,0.2468363104729987,0.08497741654212713,0.2012295081967213,NEW_BENCH_P0_EVALUATION
R0,40,M11,530102,40,3,car,20453,1988,41059,14944,0.7306507602796656,14917,0.36330646143354683,0.7293306605387962,0.485011054753544,0.36791485022509307,0.615617965040512,0.3681139047948154,0.4479685131765511,NEW_BENCH_P0_EVALUATION
R0,40,M11,530102,40,4,motorcycle,95,66,397,31,0.3263157894736842,31,0.07808564231738035,0.3263157894736842,0.12601626016260162,0.08528823445288046,0.1893891790981881,0.0736498870737659,0.17789473684210527,NEW_BENCH_P0_EVALUATION
R0,40,M11,530102,40,5,bus,350,258,2086,230,0.6571428571428571,230,0.11025886864813039,0.6571428571428571,0.18883415435139572,0.29617257504108574,0.371760505946709,0.33923715454100534,0.5222857142857144,NEW_BENCH_P0_EVALUATION
R0,40,M11,530102,40,6,train,6,5,380,0,0,0,0,0,0,0,0,0,0,NEW_BENCH_P0_EVALUATION
R0,40,M11,530102,40,7,truck,889,540,10246,672,0.7559055118110236,672,0.06558657036892446,0.7559055118110236,0.12070049393803323,0.2302299054903068,0.3135128852503023,0.25728459847800406,0.5547806524184477,NEW_BENCH_P0_EVALUATION
R0,40,M11,530102,40,8,traffic light,5158,1123,17213,2806,0.5440093059325319,2805,0.16295822924533782,0.5438154323381156,0.25077108756872735,0.09546441903733917,0.2834505532903643,0.04725766308956203,0.2223148507173323,NEW_BENCH_P0_EVALUATION
R0,40,M11,530103,10,1,person,2771,631,2100,1425,0.5142547816672681,1425,0.6785714285714286,0.5142547816672681,0.585095462943954,0.24656600087823774,0.4581840224252886,0.22928760106516125,0.29938650306748466,NEW_BENCH_P0_EVALUATION
R0,40,M11,530103,10,2,bicycle,244,125,99,55,0.22540983606557377,54,0.5454545454545454,0.22131147540983606,0.314868804664723,0.0899325386459532,0.19205469964880867,0.0746899756800747,0.11926229508196722,NEW_BENCH_P0_EVALUATION
R0,40,M11,530103,10,3,car,20453,1988,13069,10523,0.5144966508580648,10517,0.804728747417553,0.5142032953600939,0.6274685281307798,0.3200058702114168,0.4900238749398806,0.33893196315330326,0.35389918349386396,NEW_BENCH_P0_EVALUATION
R0,40,M11,530103,10,4,motorcycle,95,66,45,18,0.18947368421052632,18,0.4,0.18947368421052632,0.2571428571428571,0.0711365289754782,0.15898705255140896,0.06461312797946461,0.08842105263157896,NEW_BENCH_P0_EVALUATION
R0,40,M11,530103,10,5,bus,350,258,479,167,0.47714285714285715,167,0.348643006263048,0.47714285714285715,0.40289505428226774,0.274518302344617,0.33629045955870956,0.31761221408453083,0.39771428571428574,NEW_BENCH_P0_EVALUATION
R0,40,M11,530103,10,6,train,6,5,70,0,0,0,0,0,0,0,0,0,0,NEW_BENCH_P0_EVALUATION
R0,40,M11,530103,10,7,truck,889,540,1522,450,0.5061867266591676,450,0.2956636005256242,0.5061867266591676,0.3732890916632103,0.21694004890471588,0.2908183954171991,0.24251082371803018,0.3914510686164229,NEW_BENCH_P0_EVALUATION
R0,40,M11,530103,10,8,traffic light,5158,1123,2616,1322,0.2563008918185343,1322,0.5053516819571865,0.2563008918185343,0.3401080524826344,0.06854946059902342,0.18298666822365373,0.04182515475739883,0.1151996898022489,NEW_BENCH_P0_EVALUATION
R0,40,M11,530103,15,1,person,2771,631,3241,1651,0.5958137856369542,1650,0.5091021289725394,0.5954529050884158,0.5489021956087825,0.2652872707333435,0.5048655445647566,0.23929272307260405,0.3380728978708048,NEW_BENCH_P0_EVALUATION
R0,40,M11,530103,15,2,bicycle,244,125,204,73,0.29918032786885246,69,0.3382352941176471,0.2827868852459016,0.3080357142857143,0.09835271086844494,0.21670261449288597,0.07804920603519423,0.14795081967213114,NEW_BENCH_P0_EVALUATION
R0,40,M11,530103,15,3,car,20453,1988,17792,12216,0.5972717938688701,12201,0.6857576438848921,0.5965384051239427,0.6380441887828475,0.3431809370568655,0.5492463229926974,0.3546146759579908,0.3911308854446781,NEW_BENCH_P0_EVALUATION
R0,40,M11,530103,15,4,motorcycle,95,66,90,24,0.25263157894736843,24,0.26666666666666666,0.25263157894736843,0.2594594594594594,0.08128187822466708,0.181473992044755,0.07015039315362899,0.13052631578947368,NEW_BENCH_P0_EVALUATION
R0,40,M11,530103,15,5,bus,350,258,788,194,0.5542857142857143,194,0.24619289340101522,0.5542857142857143,0.3409490333919156,0.2856754522856549,0.35648318171432225,0.3279062830963698,0.4477142857142857,NEW_BENCH_P0_EVALUATION
R0,40,M11,530103,15,6,train,6,5,76,0,0,0,0,0,0,0,0,0,0,NEW_BENCH_P0_EVALUATION
R0,40,M11,530103,15,7,truck,889,540,2969,531,0.5973003374578177,531,0.1788480970023577,0.5973003374578177,0.27527216174183516,0.22413116003017444,0.3018864422936522,0.25213417817650063,0.45433070866141734,NEW_BENCH_P0_EVALUATION
R0,40,M11,530103,15,8,traffic light,5158,1123,4840,1965,0.38096161302830556,1965,0.4059917355371901,0.38096161302830556,0.3930786157231447,0.08477687797831476,0.24272998641556484,0.04585690253079321,0.1636099263280341,NEW_BENCH_P0_EVALUATION
R0,40,M11,530103,20,1,person,2771,631,4291,1750,0.6315409599422591,1749,0.4075972966674435,0.6311800793937207,0.4953271028037384,0.27129640734690913,0.5214227963710041,0.24160279063701456,0.35409599422591126,NEW_BENCH_P0_EVALUATION
R0,40,M11,530103,20,2,bicycle,244,125,268,83,0.3401639344262295,79,0.2947761194029851,0.3237704918032787,0.30859375,0.10506598200378592,0.23164361175012393,0.0812108110141601,0.1725409836065574,NEW_BENCH_P0_EVALUATION
R0,40,M11,530103,20,3,car,20453,1988,22374,13156,0.6432308218843201,13132,0.5869312594976311,0.6420573998924363,0.6132579914539893,0.3540656560951175,0.5798403468658312,0.36265763031793735,0.41075147900063563,NEW_BENCH_P0_EVALUATION
R0,40,M11,530103,20,4,motorcycle,95,66,154,25,0.2631578947368421,25,0.16233766233766234,0.2631578947368421,0.20080321285140562,0.08176582616920519,0.18132742596792853,0.07176244256908695,0.14,NEW_BENCH_P0_EVALUATION
R0,40,M11,530103,20,5,bus,350,258,1046,206,0.5885714285714285,206,0.19694072657743786,0.5885714285714285,0.2951289398280802,0.2896107501199376,0.36101265668133176,0.3326381494921933,0.47400000000000003,NEW_BENCH_P0_EVALUATION
R0,40,M11,530103,20,6,train,6,5,94,0,0,0,0,0,0,0,0,0,0,NEW_BENCH_P0_EVALUATION
R0,40,M11,530103,20,7,truck,889,540,4515,588,0.6614173228346457,588,0.13023255813953488,0.6614173228346457,0.21761658031088082,0.22747553073123136,0.3090705237291543,0.2537448775558865,0.4941507311586051,NEW_BENCH_P0_EVALUATION
R0,40,M11,530103,20,8,traffic light,5158,1123,7258,2315,0.4488173710740597,2315,0.31895839074125104,0.4488173710740597,0.3729059278350516,0.09005894372599246,0.26237995157689686,0.046390439310379755,0.18761147731678945,NEW_BENCH_P0_EVALUATION
R0,40,M11,530103,30,1,person,2771,631,6224,1840,0.6640202093107181,1839,0.29546915167095117,0.6636593287621797,0.40889382990550305,0.2747836598865051,0.530491030183452,0.2433555281664355,0.36845904005774094,NEW_BENCH_P0_EVALUATION
R0,40,M11,530103,30,2,bicycle,244,125,410,95,0.38934426229508196,91,0.22195121951219512,0.3729508196721312,0.2782874617737003,0.10980303758360757,0.24552550037759996,0.08405357760304902,0.19795081967213116,NEW_BENCH_P0_EVALUATION
R0,40,M11,530103,30,3,car,20453,1988,31770,14337,0.7009729624016037,14309,0.450393452943028,0.6996039700777392,0.5479960936752005,0.36321968558280326,0.6041294319128654,0.3656483331735555,0.4358089277856549,NEW_BENCH_P0_EVALUATION
R0,40,M11,530103,30,4,motorcycle,95,66,271,30,0.3157894736842105,30,0.11070110701107011,0.3157894736842105,0.1639344262295082,0.08506535033139741,0.18868037504167684,0.07372626157842561,0.1736842105263158,NEW_BENCH_P0_EVALUATION
R0,40,M11,530103,30,5,bus,350,258,1529,225,0.6428571428571429,225,0.1471550032701112,0.6428571428571429,0.23948908994145823,0.2956252551142708,0.3711708816824352,0.33854934376507956,0.5125714285714286,NEW_BENCH_P0_EVALUATION
R0,40,M11,530103,30,6,train,6,5,180,0,0,0,0,0,0,0,0,0,0,NEW_BENCH_P0_EVALUATION
R0,40,M11,530103,30,7,truck,889,540,7489,644,0.7244094488188977,644,0.08599278942448925,0.7244094488188977,0.15373597517307233,0.2291136037331335,0.3121664705684962,0.25582846535148446,0.5312710911136109,NEW_BENCH_P0_EVALUATION
R0,40,M11,530103,30,8,traffic light,5158,1123,12127,2679,0.519387359441644,2678,0.22082955388801848,0.5191934858472276,0.309864043968759,0.09432880225207779,0.27876492119660196,0.04685545758043428,0.21316401706087632,NEW_BENCH_P0_EVALUATION
R0,40,M11,530103,40,1,person,2771,631,8268,1861,0.6715987008300253,1860,0.22496371552975328,0.6712378202814868,0.3369870459280732,0.27513972916184654,0.5320761747612164,0.2432032140124759,0.37170696499458683,NEW_BENCH_P0_EVALUATION
R0,40,M11,530103,40,2,bicycle,244,125,491,97,0.3975409836065574,93,0.1894093686354379,0.38114754098360654,0.25306122448979596,0.11000178815819951,0.24686125548419077,0.08498352032712062,0.2012295081967213,NEW_BENCH_P0_EVALUATION
R0,40,M11,530103,40,3,car,20453,1988,41030,14960,0.7314330416075882,14933,0.36395320497197176,0.7301129418667188,0.4857602914626808,0.36828830052234984,0.6192606277625367,0.36811866837112495,0.4481934190583289,NEW_BENCH_P0_EVALUATION
R0,40,M11,530103,40,4,motorcycle,95,66,399,31,0.3263157894736842,31,0.07769423558897243,0.3263157894736842,0.12550607287449392,0.08528602441044765,0.18938322159249965,0.0736498870737659,0.17789473684210527,NEW_BENCH_P0_EVALUATION
R0,40,M11,530103,40,5,bus,350,258,2040,229,0.6542857142857142,229,0.11225490196078432,0.6542857142857142,0.19163179916317993,0.29608049732646113,0.37178905859698674,0.33925832156338853,0.5211428571428571,NEW_BENCH_P0_EVALUATION
R0,40,M11,530103,40,6,train,6,5,388,0,0,0,0,0,0,0,0,0,0,NEW_BENCH_P0_EVALUATION
R0,40,M11,530103,40,7,truck,889,540,10310,672,0.7559055118110236,672,0.06517943743937925,0.7559055118110236,0.12001071524243237,0.23029486611157204,0.3135026646523885,0.2572889025345398,0.5555680539932508,NEW_BENCH_P0_EVALUATION
R0,40,M11,530103,40,8,traffic light,5158,1123,17074,2817,0.5461419154711128,2815,0.16487056342977627,0.54575416828228,0.2532385750269881,0.09549265228073679,0.2835673203553801,0.047273331513653705,0.22307095773555644,NEW_BENCH_P0_EVALUATION
R0,40,S_ADAPT,-1,10,1,person,2771,631,1830,1314,0.474197040779502,1314,0.7180327868852459,0.474197040779502,0.5711801782221256,0.2360052885632116,0.42897249430410134,0.22072425816143657,0.28303861421869364,NEW_BENCH_P0_EVALUATION
R0,40,S_ADAPT,-1,10,2,bicycle,244,125,63,44,0.18032786885245902,44,0.6984126984126984,0.18032786885245902,0.28664495114006516,0.08208784480889676,0.16829071488040157,0.06826473856176828,0.10204918032786885,NEW_BENCH_P0_EVALUATION
R0,40,S_ADAPT,-1,10,3,car,20453,1988,13515,10627,0.5195814794895615,10620,0.7857935627081021,0.5192392314085953,0.6252943947244465,0.3191788991215324,0.4889845762223092,0.3383298892303067,0.35466190778858847,NEW_BENCH_P0_EVALUATION
R0,40,S_ADAPT,-1,10,4,motorcycle,95,66,38,16,0.16842105263157894,16,0.42105263157894735,0.16842105263157894,0.24060150375939848,0.06677387401537033,0.14763227453967118,0.06452145214521451,0.07789473684210527,NEW_BENCH_P0_EVALUATION
R0,40,S_ADAPT,-1,10,5,bus,350,258,358,141,0.40285714285714286,141,0.39385474860335196,0.40285714285714286,0.3983050847457627,0.2543317144238837,0.30894203674143805,0.2919257403806901,0.34,NEW_BENCH_P0_EVALUATION
R0,40,S_ADAPT,-1,10,6,train,6,5,65,0,0,0,0,0,0,0,0,0,0,NEW_BENCH_P0_EVALUATION
R0,40,S_ADAPT,-1,10,7,truck,889,540,1545,403,0.453318335208099,403,0.2608414239482201,0.453318335208099,0.3311421528348398,0.2053317356621455,0.27130306436180496,0.23107047576228235,0.36130483689538806,NEW_BENCH_P0_EVALUATION
R0,40,S_ADAPT,-1,10,8,traffic light,5158,1123,2586,1273,0.24680108569212872,1273,0.4922660479505027,0.24680108569212872,0.3287706611570248,0.06569374729138458,0.17612352373218748,0.03968848201618704,0.1085886002326483,NEW_BENCH_P0_EVALUATION
R0,40,S_ADAPT,-1,15,1,person,2771,631,2757,1561,0.5633345362684952,1560,0.5658324265505985,0.5629736557199567,0.5643994211287988,0.25826972338771625,0.487843531196575,0.2363054785445822,0.3229520028870444,NEW_BENCH_P0_EVALUATION
R0,40,S_ADAPT,-1,15,2,bicycle,244,125,134,64,0.26229508196721313,61,0.4552238805970149,0.25,0.32275132275132273,0.09352362726989581,0.2046180049968533,0.07417087702582272,0.130327868852459,NEW_BENCH_P0_EVALUATION
R0,40,S_ADAPT,-1,15,3,car,20453,1988,18271,12210,0.5969784383708991,12194,0.6673964205571671,0.5961961570429766,0.6297903109182935,0.34266841989482555,0.5480178062150273,0.35427993922087614,0.3902752652422628,NEW_BENCH_P0_EVALUATION
R0,40,S_ADAPT,-1,15,4,motorcycle,95,66,76,21,0.22105263157894736,21,0.27631578947368424,0.22105263157894736,0.2456140350877193,0.07593237384869583,0.17040494524936506,0.06581994265000271,0.10736842105263159,NEW_BENCH_P0_EVALUATION
R0,40,S_ADAPT,-1,15,5,bus,350,258,611,173,0.4942857142857143,173,0.28314238952536824,0.4942857142857143,0.36004162330905304,0.2762811256135658,0.3390880941236343,0.31703196506420595,0.4128571428571428,NEW_BENCH_P0_EVALUATION
R0,40,S_ADAPT,-1,15,6,train,6,5,87,0,0,0,0,0,0,0,0,0,0,NEW_BENCH_P0_EVALUATION
R0,40,S_ADAPT,-1,15,7,truck,889,540,3147,497,0.5590551181102362,497,0.1579281855735621,0.5590551181102362,0.2462834489593657,0.21903447278643548,0.2926292235356272,0.2462935690289215,0.43205849268841395,NEW_BENCH_P0_EVALUATION
R0,40,S_ADAPT,-1,15,8,traffic light,5158,1123,4917,1926,0.3734005428460644,1926,0.39170225747406956,0.3734005428460644,0.382332506203474,0.08244367721705656,0.23680489205124017,0.04430264192634303,0.15777433113609923,NEW_BENCH_P0_EVALUATION
R0,40,S_ADAPT,-1,20,1,person,2771,631,3781,1686,0.6084446048357993,1685,0.445649299127215,0.6080837242872609,0.5143467643467643,0.26702503769604796,0.5078881013203981,0.23911828950836087,0.34370263442800436,NEW_BENCH_P0_EVALUATION
R0,40,S_ADAPT,-1,20,2,bicycle,244,125,196,73,0.29918032786885246,70,0.35714285714285715,0.28688524590163933,0.3181818181818182,0.09820130139037403,0.21705892529967147,0.07634769045184617,0.14631147540983605,NEW_BENCH_P0_EVALUATION
R0,40,S_ADAPT,-1,20,3,car,20453,1988,22786,13078,0.6394172004106977,13054,0.5728956376722549,0.6382437784188139,0.6038067485372002,0.35220076233720055,0.5728550351399408,0.35855608037704534,0.4085806483156505,NEW_BENCH_P0_EVALUATION
R0,40,S_ADAPT,-1,20,4,motorcycle,95,66,145,25,0.2631578947368421,25,0.1724137931034483,0.2631578947368421,0.20833333333333334,0.0807980975570096,0.18069203937637068,0.07056914470173158,0.13473684210526318,NEW_BENCH_P0_EVALUATION
R0,40,S_ADAPT,-1,20,5,bus,350,258,880,194,0.5542857142857143,194,0.22045454545454546,0.5542857142857143,0.3154471544715447,0.2852609126574515,0.354163685561318,0.32853348249016473,0.45285714285714285,NEW_BENCH_P0_EVALUATION
R0,40,S_ADAPT,-1,20,6,train,6,5,124,0,0,0,0,0,0,0,0,0,0,NEW_BENCH_P0_EVALUATION
R0,40,S_ADAPT,-1,20,7,truck,889,540,4644,552,0.6209223847019123,552,0.11886304909560723,0.6209223847019123,0.19953009217422735,0.22376062387149032,0.3020885480004226,0.25092048524294686,0.4697412823397076,NEW_BENCH_P0_EVALUATION
R0,40,S_ADAPT,-1,20,8,traffic light,5158,1123,7444,2259,0.43796044978673904,2258,0.3033315421816228,0.4377665761923226,0.35835581653705767,0.08864146207099981,0.2573798435439109,0.04529025722875348,0.18214424195424583,NEW_BENCH_P0_EVALUATION
R0,40,S_ADAPT,-1,30,1,person,2771,631,5980,1815,0.6549981955972574,1814,0.30334448160535116,0.6546373150487189,0.4145811907210605,0.2730921410641784,0.5267491838368978,0.24319397762109762,0.3640923854204258,NEW_BENCH_P0_EVALUATION
R0,40,S_ADAPT,-1,30,2,bicycle,244,125,335,90,0.36885245901639346,86,0.25671641791044775,0.3524590163934426,0.2970639032815198,0.10775569275285009,0.24016814404054593,0.08395260339376914,0.18729508196721312,NEW_BENCH_P0_EVALUATION
R0,40,S_ADAPT,-1,30,3,car,20453,1988,31687,14203,0.6944213562802523,14175,0.44734433679426894,0.6930523639563878,0.5437284234752588,0.3627891918964407,0.6033783700522719,0.3655132603317634,0.432767809123356,NEW_BENCH_P0_EVALUATION
R0,40,S_ADAPT,-1,30,4,motorcycle,95,66,259,28,0.29473684210526313,28,0.10810810810810811,0.29473684210526313,0.1581920903954802,0.08384070612784185,0.18608210809718378,0.07297289629776521,0.16105263157894736,NEW_BENCH_P0_EVALUATION
R0,40,S_ADAPT,-1,30,5,bus,350,258,1393,219,0.6257142857142857,219,0.15721464465183058,0.6257142857142857,0.2512908777969019,0.2935259677664421,0.3676863628003364,0.33691672453250526,0.4997142857142857,NEW_BENCH_P0_EVALUATION
R0,40,S_ADAPT,-1,30,6,train,6,5,209,0,0,0,0,0,0,0,0,0,0,NEW_BENCH_P0_EVALUATION
R0,40,S_ADAPT,-1,30,7,truck,889,540,7440,627,0.7052868391451068,627,0.0842741935483871,0.7052868391451068,0.1505582903109617,0.22788507859736168,0.30988213653462165,0.25492472945529604,0.5186726659167604,NEW_BENCH_P0_EVALUATION
R0,40,S_ADAPT,-1,30,8,traffic light,5158,1123,12697,2648,0.5133772780147344,2647,0.20847444278175947,0.513183404420318,0.29649957994959397,0.09405758848139985,0.27781734835290617,0.046765221024302854,0.21043039937960453,NEW_BENCH_P0_EVALUATION
R0,40,S_ADAPT,-1,40,1,person,2771,631,8134,1857,0.6701551786358715,1856,0.2281780181952299,0.669794298087333,0.3403943145346171,0.27464447749944493,0.5296323598860704,0.24318976309224716,0.3709130277878023,NEW_BENCH_P0_EVALUATION
R0,40,S_ADAPT,-1,40,2,bicycle,244,125,449,95,0.38934426229508196,91,0.2026726057906459,0.3729508196721312,0.2626262626262627,0.10977220917343866,0.24477636035886838,0.08496056215672504,0.2,NEW_BENCH_P0_EVALUATION
R0,40,S_ADAPT,-1,40,3,car,20453,1988,40792,14848,0.7259570723121302,14822,0.36335555991370855,0.7246858651542561,0.48402318556616875,0.3671653695593534,0.6153806559300101,0.36809067365693304,0.4461839338972278,NEW_BENCH_P0_EVALUATION
R0,40,S_ADAPT,-1,40,4,motorcycle,95,66,399,31,0.3263157894736842,31,0.07769423558897243,0.3263157894736842,0.12550607287449392,0.08527331997490571,0.1893489748532127,0.0736498870737659,0.17789473684210527,NEW_BENCH_P0_EVALUATION
R0,40,S_ADAPT,-1,40,5,bus,350,258,1926,228,0.6514285714285715,228,0.11838006230529595,0.6514285714285715,0.20035149384885764,0.29585764070877385,0.37175580272595343,0.3391778032729315,0.518,NEW_BENCH_P0_EVALUATION
R0,40,S_ADAPT,-1,40,6,train,6,5,366,0,0,0,0,0,0,0,0,0,0,NEW_BENCH_P0_EVALUATION
R0,40,S_ADAPT,-1,40,7,truck,889,540,10093,659,0.7412823397075365,659,0.06529277717229763,0.7412823397075365,0.12001456929521034,0.22959476691506542,0.3127561813557412,0.25668697581492006,0.5448818897637795,NEW_BENCH_P0_EVALUATION
R0,40,S_ADAPT,-1,40,8,traffic light,5158,1123,17841,2809,0.5445909267157814,2807,0.1573342301440502,0.5442031795269484,0.2440975694595417,0.09541941380146318,0.2832995999216473,0.047251058738910674,0.22219852656068242,NEW_BENCH_P0_EVALUATION
R0,40,S_FIXED,-1,10,1,person,2771,631,1466,967,0.3489714904366655,967,0.6596180081855388,0.3489714904366655,0.4564550389426481,0.19069716018739202,0.3212186748962096,0.19288770369721914,0.22010104655359072,NEW_BENCH_P0_EVALUATION
R0,40,S_FIXED,-1,10,2,bicycle,244,125,60,37,0.15163934426229508,37,0.6166666666666667,0.15163934426229508,0.24342105263157898,0.0706879843134182,0.14207039873147675,0.06379075721632166,0.08565573770491804,NEW_BENCH_P0_EVALUATION
R0,40,S_FIXED,-1,10,3,car,20453,1988,13584,9896,0.4838410013200997,9888,0.7279151943462897,0.4834498606561385,0.581014778035667,0.30439215547870385,0.4612049669076562,0.32483867008835005,0.335090206815626,NEW_BENCH_P0_EVALUATION
R0,40,S_FIXED,-1,10,4,motorcycle,95,66,45,16,0.16842105263157894,16,0.35555555555555557,0.16842105263157894,0.22857142857142856,0.0682237482959673,0.14787910594550083,0.06767617938264416,0.08315789473684211,NEW_BENCH_P0_EVALUATION
R0,40,S_FIXED,-1,10,5,bus,350,258,381,127,0.3628571428571429,127,0.3333333333333333,0.3628571428571429,0.347469220246238,0.237319857618881,0.286915548254016,0.27097448293682386,0.3082857142857143,NEW_BENCH_P0_EVALUATION
R0,40,S_FIXED,-1,10,6,train,6,5,121,0,0,0,0,0,0,0,0,0,0,NEW_BENCH_P0_EVALUATION
R0,40,S_FIXED,-1,10,7,truck,889,540,1537,366,0.41169853768278963,366,0.23812621990891347,0.41169853768278963,0.3017312448474856,0.19398697186409336,0.2547527076567919,0.21823801462378759,0.3291338582677165,NEW_BENCH_P0_EVALUATION
R0,40,S_FIXED,-1,10,8,traffic light,5158,1123,2806,1085,0.21035284994183792,1085,0.3866714183891661,0.21035284994183792,0.2724761426418885,0.05685173522894546,0.15080046982182027,0.036218954546605966,0.0925164792555254,NEW_BENCH_P0_EVALUATION
R0,40,S_FIXED,-1,15,1,person,2771,631,2359,1267,0.4572356549981956,1267,0.5370919881305638,0.4572356549981956,0.4939571150097466,0.22985186100714544,0.41016684314631124,0.21975357174188215,0.2765788523998557,NEW_BENCH_P0_EVALUATION
R0,40,S_FIXED,-1,15,2,bicycle,244,125,104,53,0.21721311475409835,53,0.5096153846153846,0.21721311475409835,0.3045977011494253,0.08791168778890233,0.18903141599537238,0.0716498105184413,0.11270491803278689,NEW_BENCH_P0_EVALUATION
R0,40,S_FIXED,-1,15,3,car,20453,1988,18669,11682,0.5711631545494549,11671,0.6251539986073169,0.5706253361365081,0.596646388221461,0.3339477586098609,0.5315458856781675,0.34875229190950957,0.37778321028699946,NEW_BENCH_P0_EVALUATION
R0,40,S_FIXED,-1,15,4,motorcycle,95,66,87,20,0.21052631578947367,20,0.22988505747126436,0.21052631578947367,0.21978021978021975,0.07379992711919033,0.16399705111394697,0.06624336346678146,0.10421052631578946,NEW_BENCH_P0_EVALUATION
R0,40,S_FIXED,-1,15,5,bus,350,258,628,161,0.46,161,0.25636942675159236,0.46,0.3292433537832311,0.26416924862920155,0.32711169839974275,0.3026122687043014,0.3777142857142857,NEW_BENCH_P0_EVALUATION
R0,40,S_FIXED,-1,15,6,train,6,5,197,0,0,0,0,0,0,0,0,0,0,NEW_BENCH_P0_EVALUATION
R0,40,S_FIXED,-1,15,7,truck,889,540,2922,453,0.5095613048368954,453,0.15503080082135523,0.5095613048368954,0.23773287850957756,0.21208501441921707,0.28136855605792993,0.23805470065565465,0.39876265466816646,NEW_BENCH_P0_EVALUATION
R0,40,S_FIXED,-1,15,8,traffic light,5158,1123,5034,1631,0.31620783249321444,1631,0.3239968216130314,0.31620783249321444,0.3200549450549451,0.07343473436339659,0.20671535757888304,0.040551927621563934,0.13367584335013571,NEW_BENCH_P0_EVALUATION
R0,40,S_FIXED,-1,20,1,person,2771,631,3368,1471,0.5308552869000361,1471,0.43675771971496435,0.5308552869000361,0.47923114513764453,0.2504539223621089,0.4663169122214838,0.23197509793531917,0.3095994225911224,NEW_BENCH_P0_EVALUATION
R0,40,S_FIXED,-1,20,2,bicycle,244,125,158,60,0.2459016393442623,59,0.37341772151898733,0.24180327868852458,0.2935323383084577,0.09441843853228614,0.19917417338087784,0.07960663080283842,0.13319672131147542,NEW_BENCH_P0_EVALUATION
R0,40,S_FIXED,-1,20,3,car,20453,1988,23339,12729,0.622353688945387,12713,0.5447105702900724,0.6215714076174644,0.5806083302886371,0.3485224533015897,0.5654180168402181,0.35812660910969535,0.40075294577812554,NEW_BENCH_P0_EVALUATION
R0,40,S_FIXED,-1,20,4,motorcycle,95,66,135,24,0.25263157894736843,24,0.17777777777777778,0.25263157894736843,0.20869565217391303,0.07969018695549858,0.17955825696108077,0.0669872159629756,0.12315789473684209,NEW_BENCH_P0_EVALUATION
R0,40,S_FIXED,-1,20,5,bus,350,258,888,179,0.5114285714285715,179,0.20157657657657657,0.5114285714285715,0.28917609046849757,0.27679508747654663,0.34380524505773863,0.3180617359043967,0.41714285714285715,NEW_BENCH_P0_EVALUATION
R0,40,S_FIXED,-1,20,6,train,6,5,270,0,0,0,0,0,0,0,0,0,0,NEW_BENCH_P0_EVALUATION
R0,40,S_FIXED,-1,20,7,truck,889,540,4415,515,0.5793025871766029,515,0.11664779161947905,0.5793025871766029,0.1941930618401207,0.219436042152672,0.29421542833149894,0.24619433587110237,0.44206974128233967,NEW_BENCH_P0_EVALUATION
R0,40,S_FIXED,-1,20,8,traffic light,5158,1123,7427,1999,0.38755331523846454,1999,0.269153090076747,0.38755331523846454,0.31767977751291215,0.08266249729702392,0.2376418015092604,0.043953247599902975,0.1612640558355952,NEW_BENCH_P0_EVALUATION
R0,40,S_FIXED,-1,30,1,person,2771,631,5672,1682,0.6070010826416457,1681,0.29636812411847674,0.6066402020931072,0.39819969205258793,0.2660993489139649,0.5057174849429661,0.23901819905950789,0.3430530494406352,NEW_BENCH_P0_EVALUATION
R0,40,S_FIXED,-1,30,2,bicycle,244,125,278,75,0.3073770491803279,73,0.26258992805755393,0.29918032786885246,0.2796934865900383,0.10252709905216441,0.22186078621351024,0.08199311029054579,0.1627049180327869,NEW_BENCH_P0_EVALUATION
R0,40,S_FIXED,-1,30,3,car,20453,1988,32355,13942,0.6816603921185156,13916,0.43010353886570857,0.6803891849606415,0.5270413573700955,0.36007607542347136,0.597902288127612,0.36527154939502665,0.42693003471373386,NEW_BENCH_P0_EVALUATION
R0,40,S_FIXED,-1,30,4,motorcycle,95,66,254,27,0.28421052631578947,27,0.1062992125984252,0.28421052631578947,0.15472779369627507,0.08209627210962103,0.18449808619117428,0.07069258470370997,0.14210526315789473,NEW_BENCH_P0_EVALUATION
R0,40,S_FIXED,-1,30,5,bus,350,258,1407,208,0.5942857142857143,208,0.1478322672352523,0.5942857142857143,0.23676721684689808,0.2898732417230977,0.36231202940883545,0.3321045778714628,0.4797142857142857,NEW_BENCH_P0_EVALUATION
R0,40,S_FIXED,-1,30,6,train,6,5,437,0,0,0,0,0,0,0,0,0,0,NEW_BENCH_P0_EVALUATION
R0,40,S_FIXED,-1,30,7,truck,889,540,7309,591,0.6647919010123734,591,0.08085921466684909,0.6647919010123734,0.14418150768480117,0.22593799454997415,0.3060270842964857,0.2523838452715593,0.4961754780652418,NEW_BENCH_P0_EVALUATION
R0,40,S_FIXED,-1,30,8,traffic light,5158,1123,12288,2440,0.4730515703761148,2439,0.198486328125,0.4728576967816983,0.27960564026137796,0.09100543968515598,0.26713791566499656,0.04598503263651852,0.19534703373400542,NEW_BENCH_P0_EVALUATION
R0,40,S_FIXED,-1,40,1,person,2771,631,8175,1791,0.6463370624323349,1790,0.21896024464831804,0.6459761818837965,0.32706011328339124,0.2719031234950216,0.5224004717850897,0.24139360879389785,0.3604114038253338,NEW_BENCH_P0_EVALUATION
R0,40,S_FIXED,-1,40,2,bicycle,244,125,418,90,0.36885245901639346,86,0.20574162679425836,0.3524590163934426,0.2598187311178248,0.1081494882633701,0.240141335844098,0.0841412080720221,0.18770491803278688,NEW_BENCH_P0_EVALUATION
R0,40,S_FIXED,-1,40,3,car,20453,1988,41019,14633,0.715445166968171,14604,0.3560301323776786,0.7140272820613113,0.4751431546069755,0.36573560748655715,0.6111512710131347,0.3679515068427327,0.441524470737789,NEW_BENCH_P0_EVALUATION
R0,40,S_FIXED,-1,40,4,motorcycle,95,66,380,29,0.30526315789473685,29,0.07631578947368421,0.30526315789473685,0.12210526315789473,0.0844111249527763,0.18742696148680585,0.07309024080111133,0.16526315789473683,NEW_BENCH_P0_EVALUATION
R0,40,S_FIXED,-1,40,5,bus,350,258,1967,225,0.6428571428571429,225,0.11438739196746314,0.6428571428571429,0.19421665947345704,0.2951710943470421,0.3707289616716843,0.33838809124091407,0.5117142857142858,NEW_BENCH_P0_EVALUATION
R0,40,S_FIXED,-1,40,6,train,6,5,635,0,0,0,0,0,0,0,0,0,0,NEW_BENCH_P0_EVALUATION
R0,40,S_FIXED,-1,40,7,truck,889,540,10034,640,0.7199100112485939,640,0.06378313733306758,0.7199100112485939,0.11718392383044952,0.22849737464099504,0.3104663131239607,0.2553293087273313,0.53037120359955,NEW_BENCH_P0_EVALUATION
R0,40,S_FIXED,-1,40,8,traffic light,5158,1123,17372,2697,0.52287708414114,2696,0.15519226341238776,0.5226832105467235,0.23932534398579672,0.09418362371882284,0.2792444859087756,0.046764909768135236,0.2140946103140752,NEW_BENCH_P0_EVALUATION
R0,80,M11,530101,10,1,person,2771,631,2168,1454,0.5247203175748827,1454,0.6706642066420664,0.5247203175748827,0.5887831544847134,0.24966545378501254,0.46505740604422807,0.2295889370905311,0.3042944785276074,NEW_BENCH_P0_EVALUATION
R0,80,M11,530101,10,2,bicycle,244,125,95,53,0.21721311475409835,53,0.5578947368421052,0.21721311475409835,0.31268436578171094,0.08838504158787565,0.18588183716210882,0.07488910789525334,0.1180327868852459,NEW_BENCH_P0_EVALUATION
R0,80,M11,530101,10,3,car,20453,1988,13022,10502,0.5134699066151664,10496,0.8060205805559821,0.5131765511171955,0.6270948469006721,0.3185023600913889,0.490095992770906,0.3389314733102193,0.3533955898890138,NEW_BENCH_P0_EVALUATION
R0,80,M11,530101,10,4,motorcycle,95,66,39,17,0.17894736842105263,17,0.4358974358974359,0.17894736842105263,0.2537313432835821,0.06985009542068266,0.15582000507743082,0.06481848184818483,0.08315789473684211,NEW_BENCH_P0_EVALUATION
R0,80,M11,530101,10,5,bus,350,258,457,161,0.46,161,0.3522975929978118,0.46,0.3990086741016109,0.269061653908265,0.3326494815502624,0.30996236336772365,0.3808571428571429,NEW_BENCH_P0_EVALUATION
R0,80,M11,530101,10,6,train,6,5,66,0,0,0,0,0,0,0,0,0,0,NEW_BENCH_P0_EVALUATION
R0,80,M11,530101,10,7,truck,889,540,1469,444,0.49943757030371205,444,0.30224642614023145,0.49943757030371205,0.37659033078880405,0.21592863776577956,0.2879019493582605,0.24246848473059993,0.3879640044994376,NEW_BENCH_P0_EVALUATION
R0,80,M11,530101,10,8,traffic light,5158,1123,2684,1376,0.2667700659170221,1376,0.5126676602086438,0.2667700659170221,0.3509308849783219,0.06998475341545939,0.18924721001273542,0.04196115317364371,0.11880573865839472,NEW_BENCH_P0_EVALUATION
R0,80,M11,530101,15,1,person,2771,631,3293,1661,0.5994225911223385,1660,0.5040996052232007,0.5990617105738001,0.5474934036939314,0.26573634323861983,0.5045544583087522,0.23908995689614854,0.33962468422952,NEW_BENCH_P0_EVALUATION
R0,80,M11,530101,15,2,bicycle,244,125,191,74,0.30327868852459017,70,0.36649214659685864,0.28688524590163933,0.32183908045977005,0.10013877002514279,0.21816940068781804,0.08026115709282479,0.15327868852459017,NEW_BENCH_P0_EVALUATION
R0,80,M11,530101,15,3,car,20453,1988,17675,12177,0.5953649831320589,12163,0.6881471004243281,0.5946804869701267,0.6380088124213177,0.34317188058441694,0.5492433771995237,0.35459053679905833,0.39041216447464916,NEW_BENCH_P0_EVALUATION
R0,80,M11,530101,15,4,motorcycle,95,66,78,23,0.24210526315789474,23,0.2948717948717949,0.24210526315789474,0.2658959537572254,0.08035819881715926,0.18036521816370388,0.0677039132484677,0.12,NEW_BENCH_P0_EVALUATION
R0,80,M11,530101,15,5,bus,350,258,785,191,0.5457142857142857,191,0.24331210191082803,0.5457142857142857,0.3365638766519824,0.2835934475229605,0.3534931865695043,0.32510226369441614,0.4411428571428571,NEW_BENCH_P0_EVALUATION
R0,80,M11,530101,15,6,train,6,5,75,0,0,0,0,0,0,0,0,0,0,NEW_BENCH_P0_EVALUATION
R0,80,M11,530101,15,7,truck,889,540,2850,527,0.592800899887514,527,0.1849122807017544,0.592800899887514,0.2818935544263172,0.22368303215763602,0.30237216740182515,0.2508587072866827,0.4506186726659169,NEW_BENCH_P0_EVALUATION
R0,80,M11,530101,15,8,traffic light,5158,1123,5053,1995,0.38677782086079876,1995,0.3948149614090639,0.38677782086079876,0.39075506806385263,0.08509141535791598,0.24216429955433988,0.04574895350047832,0.16547111283443194,NEW_BENCH_P0_EVALUATION
R0,80,M11,530101,20,1,person,2771,631,4346,1766,0.637315048718874,1765,0.40612057063966867,0.6369541681703356,0.49599550372347906,0.2716696114997552,0.5216465204894372,0.24159234539749186,0.35593648502345726,NEW_BENCH_P0_EVALUATION
R0,80,M11,530101,20,2,bicycle,244,125,261,82,0.3360655737704918,78,0.2988505747126437,0.319672131147541,0.3089108910891089,0.10521724759064172,0.22831469770760815,0.08149657706038878,0.17418032786885246,NEW_BENCH_P0_EVALUATION
R0,80,M11,530101,20,3,car,20453,1988,22236,13123,0.6416173666454799,13104,0.5893146249325418,0.6406884075685718,0.6139286467239803,0.35408073850324034,0.5798204007764763,0.3626921762173176,0.410252774654085,NEW_BENCH_P0_EVALUATION
R0,80,M11,530101,20,4,motorcycle,95,66,140,24,0.25263157894736843,24,0.17142857142857143,0.25263157894736843,0.2042553191489362,0.08042799228905204,0.17869620705535222,0.07062414397494066,0.1336842105263158,NEW_BENCH_P0_EVALUATION
R0,80,M11,530101,20,5,bus,350,258,1025,204,0.5828571428571429,204,0.19902439024390245,0.5828571428571429,0.29672727272727273,0.2887492040920398,0.36135444822617535,0.33087425300130197,0.4671428571428571,NEW_BENCH_P0_EVALUATION
R0,80,M11,530101,20,6,train,6,5,95,0,0,0,0,0,0,0,0,0,0,NEW_BENCH_P0_EVALUATION
R0,80,M11,530101,20,7,truck,889,540,4432,580,0.6524184476940382,580,0.13086642599277978,0.6524184476940382,0.2180041345611727,0.2269285553441071,0.30789806184212426,0.2538500497925354,0.48785151856018,NEW_BENCH_P0_EVALUATION
R0,80,M11,530101,20,8,traffic light,5158,1123,7465,2321,0.44998061264055833,2321,0.31091761553918285,0.44998061264055833,0.3677414243840608,0.09021366365980629,0.26157771095587,0.04632651671521532,0.18830942225668862,NEW_BENCH_P0_EVALUATION
R0,80,M11,530101,30,1,person,2771,631,6279,1841,0.6643810898592566,1840,0.29304029304029305,0.6640202093107181,0.4066298342541437,0.27473795868540435,0.5303827022104515,0.24326516370060863,0.3685312161674486,NEW_BENCH_P0_EVALUATION
R0,80,M11,530101,30,2,bicycle,244,125,388,96,0.39344262295081966,92,0.23711340206185566,0.3770491803278688,0.2911392405063291,0.11020056504643158,0.24571981755590003,0.08526745218188657,0.20040983606557378,NEW_BENCH_P0_EVALUATION
R0,80,M11,530101,30,3,car,20453,1988,31578,14312,0.6997506478267247,14283,0.4523085692570777,0.698332762919865,0.5490188541446446,0.3631742449171564,0.6040094876934522,0.3656107302801594,0.4348848579670464,NEW_BENCH_P0_EVALUATION
R0,80,M11,530101,30,4,motorcycle,95,66,259,29,0.30526315789473685,29,0.11196911196911197,0.30526315789473685,0.16384180790960454,0.08473924438415709,0.1876527463893212,0.0738505301564647,0.1694736842105263,NEW_BENCH_P0_EVALUATION
R0,80,M11,530101,30,5,bus,350,258,1527,224,0.64,224,0.1466928618205632,0.64,0.23867874267448055,0.29525473108684586,0.37100513396466595,0.3384218538675184,0.5097142857142857,NEW_BENCH_P0_EVALUATION
R0,80,M11,530101,30,6,train,6,5,158,0,0,0,0,0,0,0,0,0,0,NEW_BENCH_P0_EVALUATION
R0,80,M11,530101,30,7,truck,889,540,7437,643,0.7232845894263217,643,0.08645959392228049,0.7232845894263217,0.15445592121066537,0.2291403862646013,0.3121893178413605,0.2558304655360987,0.5308211473565805,NEW_BENCH_P0_EVALUATION
R0,80,M11,530101,30,8,traffic light,5158,1123,12374,2685,0.5205506010081427,2684,0.21690641668013577,0.5203567274137263,0.3061829796942734,0.09461827521087238,0.2808231678721475,0.04684843027685487,0.21401706087630865,NEW_BENCH_P0_EVALUATION
R0,80,M11,530101,40,1,person,2771,631,8270,1864,0.6726813424756406,1863,0.2252720677146312,0.6723204619271022,0.33746943211665614,0.27515230680494246,0.5321037721317401,0.24320166872739182,0.3720678455431253,NEW_BENCH_P0_EVALUATION
R0,80,M11,530101,40,2,bicycle,244,125,484,97,0.3975409836065574,93,0.1921487603305785,0.38114754098360654,0.2554945054945055,0.11000422282019798,0.2468712278034108,0.0849829447331372,0.2012295081967213,NEW_BENCH_P0_EVALUATION
R0,80,M11,530101,40,3,car,20453,1988,40926,14950,0.7309441157776365,14922,0.36460929482480575,0.7295751234537721,0.48622493035077147,0.36793275368910816,0.615669209770987,0.3681153834223934,0.4480271842761453,NEW_BENCH_P0_EVALUATION
R0,80,M11,530101,40,4,motorcycle,95,66,387,31,0.3263157894736842,31,0.08010335917312661,0.3263157894736842,0.12863070539419086,0.08529382631776523,0.1894016978628793,0.07365279261357704,0.17789473684210527,NEW_BENCH_P0_EVALUATION
R0,80,M11,530101,40,5,bus,350,258,2036,230,0.6571428571428571,230,0.11296660117878192,0.6571428571428571,0.19279128248113997,0.2961763330468995,0.37177300900208127,0.33924848177501643,0.5228571428571429,NEW_BENCH_P0_EVALUATION
R0,80,M11,530101,40,6,train,6,5,359,0,0,0,0,0,0,0,0,0,0,NEW_BENCH_P0_EVALUATION
R0,80,M11,530101,40,7,truck,889,540,10207,671,0.7547806524184477,671,0.06573919858920349,0.7547806524184477,0.12094448449891852,0.2303137664370437,0.3135387446393093,0.2573163795764299,0.5546681664791902,NEW_BENCH_P0_EVALUATION
R0,80,M11,530101,40,8,traffic light,5158,1123,17331,2820,0.5467235362543622,2819,0.16265651145346488,0.5465296626599457,0.25070034238961264,0.09547594075756222,0.2835072035428985,0.04726988090501304,0.22347809228383095,NEW_BENCH_P0_EVALUATION
R0,80,M11,530102,10,1,person,2771,631,2134,1447,0.5221941537351137,1447,0.6780693533270853,0.5221941537351137,0.5900101936799185,0.2491171552860785,0.4653115962356812,0.22949374107935755,0.3030313966077228,NEW_BENCH_P0_EVALUATION
R0,80,M11,530102,10,2,bicycle,244,125,112,55,0.22540983606557377,54,0.48214285714285715,0.22131147540983606,0.30337078651685395,0.09028397443957158,0.19091250386034814,0.07466883340841791,0.12254098360655738,NEW_BENCH_P0_EVALUATION
R0,80,M11,530102,10,3,car,20453,1988,12948,10458,0.5113186329633794,10452,0.8072289156626506,0.5110252774654085,0.6258495254633095,0.31853514946705747,0.49009142429230373,0.3389958896007738,0.35273554001857915,NEW_BENCH_P0_EVALUATION
R0,80,M11,530102,10,4,motorcycle,95,66,47,19,0.2,19,0.40425531914893614,0.2,0.26760563380281693,0.07418751893799802,0.16920497260644177,0.06669205382076669,0.09684210526315791,NEW_BENCH_P0_EVALUATION
R0,80,M11,530102,10,5,bus,350,258,507,171,0.48857142857142855,171,0.33727810650887574,0.48857142857142855,0.3990665110851808,0.2759566296194562,0.33894375313692077,0.3199631304339382,0.40514285714285714,NEW_BENCH_P0_EVALUATION
R0,80,M11,530102,10,6,train,6,5,69,0,0,0,0,0,0,0,0,0,0,NEW_BENCH_P0_EVALUATION
R0,80,M11,530102,10,7,truck,889,540,1594,459,0.5163104611923509,459,0.28795483061480553,0.5163104611923509,0.3697140555779299,0.2178307911809095,0.2921933447183916,0.2439485218918747,0.3989876265466817,NEW_BENCH_P0_EVALUATION
R0,80,M11,530102,10,8,traffic light,5158,1123,2589,1329,0.2576580069794494,1329,0.5133256083429896,0.2576580069794494,0.3431005550535691,0.0687727134492021,0.18389234887402836,0.041966657486841176,0.1154517254749903,NEW_BENCH_P0_EVALUATION
R0,80,M11,530102,15,1,person,2771,631,3196,1642,0.5925658607001083,1641,0.5134543178973717,0.5922049801515699,0.5500251382604323,0.26394396035902756,0.5042907997331263,0.23628672958431268,0.33608805485384335,NEW_BENCH_P0_EVALUATION
R0,80,M11,530102,15,2,bicycle,244,125,201,75,0.3073770491803279,72,0.3582089552238806,0.29508196721311475,0.3235955056179775,0.10187801194825323,0.22222493735438822,0.08015412504706045,0.1581967213114754,NEW_BENCH_P0_EVALUATION
R0,80,M11,530102,15,3,car,20453,1988,17685,12177,0.5953649831320589,12162,0.6877014418999152,0.5946315943871314,0.6377890817557291,0.3431314335828897,0.5491748939185133,0.35456358470186206,0.3903094900503593,NEW_BENCH_P0_EVALUATION
R0,80,M11,530102,15,4,motorcycle,95,66,98,23,0.24210526315789474,23,0.23469387755102042,0.24210526315789474,0.2383419689119171,0.08060671380880116,0.1788539491578888,0.07041005733432204,0.12631578947368421,NEW_BENCH_P0_EVALUATION
R0,80,M11,530102,15,5,bus,350,258,822,194,0.5542857142857143,194,0.2360097323600973,0.5542857142857143,0.3310580204778157,0.2861385912655348,0.35549804704342847,0.3296199064311414,0.45371428571428574,NEW_BENCH_P0_EVALUATION
R0,80,M11,530102,15,6,train,6,5,79,0,0,0,0,0,0,0,0,0,0,NEW_BENCH_P0_EVALUATION
R0,80,M11,530102,15,7,truck,889,540,3060,535,0.6017997750281214,535,0.17483660130718953,0.6017997750281214,0.2709546720688782,0.22397347242642646,0.30334656590620335,0.2502332317248461,0.45545556805399334,NEW_BENCH_P0_EVALUATION
R0,80,M11,530102,15,8,traffic light,5158,1123,4859,1954,0.3788290034897247,1954,0.4021403580983742,0.3788290034897247,0.3901367674952581,0.08371302257347643,0.23818697654066084,0.04453549219331172,0.16215587436991083,NEW_BENCH_P0_EVALUATION
R0,80,M11,530102,20,1,person,2771,631,4295,1750,0.6315409599422591,1749,0.40721769499417926,0.6311800793937207,0.4950467025191056,0.2713773886860598,0.5214144851511263,0.24166112219032362,0.35409599422591126,NEW_BENCH_P0_EVALUATION
R0,80,M11,530102,20,2,bicycle,244,125,270,83,0.3401639344262295,79,0.29259259259259257,0.3237704918032787,0.30739299610894943,0.1051443344985549,0.23170920867206793,0.0813776762560401,0.1725409836065574,NEW_BENCH_P0_EVALUATION
R0,80,M11,530102,20,3,car,20453,1988,22221,13118,0.641372903730504,13099,0.5894874218081995,0.640443944653596,0.6139101091999812,0.3540229338738208,0.579683543517595,0.3626426305378393,0.41025766391238444,NEW_BENCH_P0_EVALUATION
R0,80,M11,530102,20,4,motorcycle,95,66,159,25,0.2631578947368421,25,0.15723270440251572,0.2631578947368421,0.19685039370078738,0.081690879656998,0.1811664974029669,0.07171860804721958,0.14,NEW_BENCH_P0_EVALUATION
R0,80,M11,530102,20,5,bus,350,258,1087,210,0.6,210,0.19319227230910763,0.6,0.29227557411273486,0.2908612205525275,0.36493142058492867,0.33256472615829186,0.4797142857142857,NEW_BENCH_P0_EVALUATION
R0,80,M11,530102,20,6,train,6,5,105,0,0,0,0,0,0,0,0,0,0,NEW_BENCH_P0_EVALUATION
R0,80,M11,530102,20,7,truck,889,540,4647,598,0.672665916760405,598,0.1286851732300409,0.672665916760405,0.2160404624277457,0.22822548727368214,0.310271602555423,0.25500059463557034,0.5,NEW_BENCH_P0_EVALUATION
R0,80,M11,530102,20,8,traffic light,5158,1123,7216,2291,0.4441644048080651,2291,0.3174889135254989,0.4441644048080651,0.3702925488928398,0.0897317642329729,0.2617423235497244,0.04635114104529664,0.18633191159364093,NEW_BENCH_P0_EVALUATION
R0,80,M11,530102,30,1,person,2771,631,6170,1835,0.662215806568026,1834,0.2972447325769854,0.6618549260194876,0.41024493904484954,0.2747461309547655,0.5304219464147645,0.24335374856946437,0.36737639841212555,NEW_BENCH_P0_EVALUATION
R0,80,M11,530102,30,2,bicycle,244,125,404,95,0.38934426229508196,91,0.22524752475247525,0.3729508196721312,0.2808641975308642,0.10982855411928245,0.24559896882028281,0.08406132451988373,0.1975409836065574,NEW_BENCH_P0_EVALUATION
R0,80,M11,530102,30,3,car,20453,1988,31696,14328,0.7005329291546473,14300,0.45116102978293793,0.6991639368307828,0.5484285412951351,0.3630288015812493,0.6040105095834598,0.365621147388905,0.4353248912140028,NEW_BENCH_P0_EVALUATION
R0,80,M11,530102,30,4,motorcycle,95,66,270,30,0.3157894736842105,30,0.1111111111111111,0.3157894736842105,0.1643835616438356,0.085111328382079,0.18877018486432215,0.07375848258758258,0.1736842105263158,NEW_BENCH_P0_EVALUATION
R0,80,M11,530102,30,5,bus,350,258,1589,225,0.6428571428571429,225,0.14159848961611077,0.6428571428571429,0.2320783909231563,0.2953002428853602,0.37088222644144886,0.3383362369060079,0.5117142857142858,NEW_BENCH_P0_EVALUATION
R0,80,M11,530102,30,6,train,6,5,181,0,0,0,0,0,0,0,0,0,0,NEW_BENCH_P0_EVALUATION
R0,80,M11,530102,30,7,truck,889,540,7520,644,0.7244094488188977,644,0.08563829787234042,0.7244094488188977,0.15316922345106432,0.22919655038704376,0.3121423872537108,0.2558598931837487,0.5317210348706413,NEW_BENCH_P0_EVALUATION
R0,80,M11,530102,30,8,traffic light,5158,1123,12170,2679,0.519387359441644,2678,0.2200493015612161,0.5191934858472276,0.3090951061865189,0.09439202429915336,0.2785915416622152,0.04684125191376253,0.21362931368747576,NEW_BENCH_P0_EVALUATION
R0,80,M11,530102,40,1,person,2771,631,8113,1860,0.6712378202814868,1859,0.2291384198200419,0.6708769397329484,0.3416023520764425,0.2751632808651022,0.5321423016812784,0.24321107720608523,0.3714904366654638,NEW_BENCH_P0_EVALUATION
R0,80,M11,530102,40,2,bicycle,244,125,495,97,0.3975409836065574,93,0.18787878787878787,0.38114754098360654,0.25169147496617045,0.11002645594120997,0.24691033156350142,0.0850031063798589,0.2012295081967213,NEW_BENCH_P0_EVALUATION
R0,80,M11,530102,40,3,car,20453,1988,41062,14949,0.7308952231946414,14922,0.36340168525644145,0.7295751234537721,0.4851499634235552,0.36791491343775945,0.6156235931302168,0.3681148507659758,0.44793917762675406,NEW_BENCH_P0_EVALUATION
R0,80,M11,530102,40,4,motorcycle,95,66,396,31,0.3263157894736842,31,0.07828282828282829,0.3263157894736842,0.12627291242362526,0.08528831810410863,0.18938684963476146,0.07365279261357704,0.17789473684210527,NEW_BENCH_P0_EVALUATION
R0,80,M11,530102,40,5,bus,350,258,2098,230,0.6571428571428571,230,0.109628217349857,0.6571428571428571,0.18790849673202614,0.29616133078645407,0.3717443682704558,0.33922436913149134,0.5222857142857144,NEW_BENCH_P0_EVALUATION
R0,80,M11,530102,40,6,train,6,5,387,0,0,0,0,0,0,0,0,0,0,NEW_BENCH_P0_EVALUATION
R0,80,M11,530102,40,7,truck,889,540,10246,671,0.7547806524184477,671,0.06548897130587546,0.7547806524184477,0.12052088010776828,0.2302295595757279,0.3135161667506635,0.2572526958640179,0.5548931383577054,NEW_BENCH_P0_EVALUATION
R0,80,M11,530102,40,8,traffic light,5158,1123,17203,2804,0.5436215587436991,2803,0.16293669708771727,0.5434276851492826,0.2507043513259693,0.0954689653083909,0.28347379349585483,0.04725968020816543,0.22214036448235747,NEW_BENCH_P0_EVALUATION
R0,80,M11,530103,10,1,person,2771,631,2124,1440,0.5196679898953447,1440,0.6779661016949152,0.5196679898953447,0.5883554647599591,0.247830415857991,0.45846973572032446,0.22964457582146067,0.30259833994947677,NEW_BENCH_P0_EVALUATION
R0,80,M11,530103,10,2,bicycle,244,125,105,57,0.2336065573770492,56,0.5333333333333333,0.22950819672131148,0.32091690544412604,0.09061362322124183,0.19183048654326565,0.07461152708677461,0.1221311475409836,NEW_BENCH_P0_EVALUATION
R0,80,M11,530103,10,3,car,20453,1988,13038,10528,0.5147411137730407,10522,0.8070256174259856,0.5144477582750697,0.6283479143650533,0.32064688389599094,0.4902932659670244,0.3390461755820712,0.35432454896592186,NEW_BENCH_P0_EVALUATION
R0,80,M11,530103,10,4,motorcycle,95,66,44,18,0.18947368421052632,18,0.4090909090909091,0.18947368421052632,0.2589928057553957,0.07143348037624711,0.15978600439383106,0.06471185580096471,0.08842105263157896,NEW_BENCH_P0_EVALUATION
R0,80,M11,530103,10,5,bus,350,258,478,166,0.4742857142857143,166,0.3472803347280335,0.4742857142857143,0.4009661835748793,0.273279424581615,0.3359823983956693,0.3139114723163365,0.39428571428571424,NEW_BENCH_P0_EVALUATION
R0,80,M11,530103,10,6,train,6,5,69,0,0,0,0,0,0,0,0,0,0,NEW_BENCH_P0_EVALUATION
R0,80,M11,530103,10,7,truck,889,540,1533,450,0.5061867266591676,450,0.29354207436399216,0.5061867266591676,0.37159372419488024,0.21652854972283478,0.2902049931234729,0.24191155059486497,0.39167604049493815,NEW_BENCH_P0_EVALUATION
R0,80,M11,530103,10,8,traffic light,5158,1123,2609,1336,0.2590151221403645,1336,0.512073591414335,0.2590151221403645,0.3440195699755375,0.06873477776514846,0.18368609151027618,0.04197425299966017,0.11611089569600619,NEW_BENCH_P0_EVALUATION
R0,80,M11,530103,15,1,person,2771,631,3262,1656,0.5976181883796463,1655,0.5073574494175352,0.5972573078311079,0.5486490966351731,0.265895817070171,0.5047985336849117,0.2392239925661307,0.33926380368098163,NEW_BENCH_P0_EVALUATION
R0,80,M11,530103,15,2,bicycle,244,125,200,74,0.30327868852459017,70,0.35,0.28688524590163933,0.3153153153153153,0.09870056105857905,0.2172781922044316,0.07827496283156946,0.14999999999999997,NEW_BENCH_P0_EVALUATION
R0,80,M11,530103,15,3,car,20453,1988,17775,12208,0.5968806532049088,12195,0.6860759493670886,0.5962450496259717,0.6380140211363399,0.3431351978942389,0.5492038852853787,0.35453757067021996,0.3907544125556153,NEW_BENCH_P0_EVALUATION
R0,80,M11,530103,15,4,motorcycle,95,66,87,23,0.24210526315789474,23,0.26436781609195403,0.24210526315789474,0.2527472527472528,0.07988093373560083,0.1784970390983188,0.06890617633191891,0.1231578947368421,NEW_BENCH_P0_EVALUATION
R0,80,M11,530103,15,5,bus,350,258,783,192,0.5485714285714286,192,0.24521072796934865,0.5485714285714286,0.3389232127096205,0.284095852054335,0.35356893251739613,0.3275077997484286,0.44314285714285706,NEW_BENCH_P0_EVALUATION
R0,80,M11,530103,15,6,train,6,5,75,0,0,0,0,0,0,0,0,0,0,NEW_BENCH_P0_EVALUATION
R0,80,M11,530103,15,7,truck,889,540,2970,538,0.6051743532058492,538,0.18114478114478114,0.6051743532058492,0.27882871210158067,0.22491882066035085,0.3041787719609208,0.25244309972528445,0.46029246344206964,NEW_BENCH_P0_EVALUATION
R0,80,M11,530103,15,8,traffic light,5158,1123,4848,1965,0.38096161302830556,1965,0.40532178217821785,0.38096161302830556,0.392764341395163,0.08474055555785442,0.2426268531014343,0.045841388319217934,0.16339666537417602,NEW_BENCH_P0_EVALUATION
R0,80,M11,530103,20,1,person,2771,631,4323,1756,0.6337062432334897,1755,0.4059680777238029,0.6333453626849512,0.4947843247815055,0.27131513818868286,0.5215370396654773,0.2416085698962926,0.3546734031035727,NEW_BENCH_P0_EVALUATION
R0,80,M11,530103,20,2,bicycle,244,125,272,83,0.3401639344262295,79,0.29044117647058826,0.3237704918032787,0.3062015503875969,0.10527756506789132,0.23120274650559786,0.08133690628026484,0.17540983606557378,NEW_BENCH_P0_EVALUATION
R0,80,M11,530103,20,3,car,20453,1988,22345,13168,0.6438175328802621,13145,0.5882747818303871,0.6426930034713734,0.614281041170148,0.354068795966366,0.5798686721508655,0.362650517879431,0.41082481787512826,NEW_BENCH_P0_EVALUATION
R0,80,M11,530103,20,4,motorcycle,95,66,156,25,0.2631578947368421,25,0.16025641025641027,0.2631578947368421,0.199203187250996,0.08167769035744757,0.18114658711077938,0.07168293685939399,0.14,NEW_BENCH_P0_EVALUATION
R0,80,M11,530103,20,5,bus,350,258,1047,209,0.5971428571428572,209,0.19961795606494748,0.5971428571428572,0.2992125984251969,0.2903258257332109,0.36326682839712665,0.332779015312051,0.4785714285714285,NEW_BENCH_P0_EVALUATION
R0,80,M11,530103,20,6,train,6,5,101,0,0,0,0,0,0,0,0,0,0,NEW_BENCH_P0_EVALUATION
R0,80,M11,530103,20,7,truck,889,540,4543,591,0.6647919010123734,591,0.13009024873431654,0.6647919010123734,0.21759941089838,0.2274590113459478,0.3090201345988977,0.25374910424170466,0.4958380202474689,NEW_BENCH_P0_EVALUATION
R0,80,M11,530103,20,8,traffic light,5158,1123,7213,2308,0.44746025591314464,2308,0.31997781782892,0.44746025591314464,0.37313070891601324,0.08987207226876702,0.26230662478697936,0.04636661841841022,0.18704924389298178,NEW_BENCH_P0_EVALUATION
R0,80,M11,530103,30,1,person,2771,631,6274,1838,0.6632984482136413,1837,0.29279566464775264,0.6629375676651028,0.40619126589275845,0.27468221946969407,0.5302638805912145,0.24322862686841532,0.3683507758931794,NEW_BENCH_P0_EVALUATION
R0,80,M11,530103,30,2,bicycle,244,125,415,95,0.38934426229508196,91,0.21927710843373494,0.3729508196721312,0.2761760242792109,0.1097874086082655,0.24548625003114447,0.08404849101063668,0.19795081967213116,NEW_BENCH_P0_EVALUATION
R0,80,M11,530103,30,3,car,20453,1988,31713,14336,0.7009240698186086,14308,0.4511714438873648,0.699555077494744,0.5485565310738796,0.36305484448097736,0.6040848547945235,0.365631678172121,0.43560357893707524,NEW_BENCH_P0_EVALUATION
R0,80,M11,530103,30,4,motorcycle,95,66,269,30,0.3157894736842105,30,0.11152416356877323,0.3157894736842105,0.16483516483516483,0.0851034279019233,0.18873982799540284,0.07376595966737708,0.1736842105263158,NEW_BENCH_P0_EVALUATION
R0,80,M11,530103,30,5,bus,350,258,1543,225,0.6428571428571429,225,0.1458198314970836,0.6428571428571429,0.23771790808240884,0.29557455759810225,0.3710997685866986,0.33849243547144686,0.5125714285714286,NEW_BENCH_P0_EVALUATION
R0,80,M11,530103,30,6,train,6,5,178,0,0,0,0,0,0,0,0,0,0,NEW_BENCH_P0_EVALUATION
R0,80,M11,530103,30,7,truck,889,540,7508,643,0.7232845894263217,643,0.08564198188598827,0.7232845894263217,0.1531499345004168,0.22908459261846673,0.31209036215924013,0.25581242055786113,0.531496062992126,NEW_BENCH_P0_EVALUATION
R0,80,M11,530103,30,8,traffic light,5158,1123,12100,2680,0.5195812330360605,2679,0.22140495867768595,0.519387359441644,0.31046471201761505,0.09441880048372715,0.27875926561641134,0.0468471524789744,0.21339666537417604,NEW_BENCH_P0_EVALUATION
R0,80,M11,530103,40,1,person,2771,631,8298,1863,0.6723204619271022,1862,0.22439141961918535,0.6719595813785637,0.3364350889872617,0.2751641466481331,0.5321248691845879,0.24320828769091915,0.37203175748827144,NEW_BENCH_P0_EVALUATION
R0,80,M11,530103,40,2,bicycle,244,125,494,97,0.3975409836065574,93,0.1882591093117409,0.38114754098360654,0.2520325203252033,0.10999238060673826,0.24683189191528435,0.08497741654212713,0.2012295081967213,NEW_BENCH_P0_EVALUATION
R0,80,M11,530103,40,3,car,20453,1988,41031,14958,0.7313352564415978,14932,0.363919962954839,0.7300640492837237,0.485719862077939,0.36828065593670023,0.6192485780712343,0.3681127108158644,0.4481249694421356,NEW_BENCH_P0_EVALUATION
R0,80,M11,530103,40,4,motorcycle,95,66,403,31,0.3263157894736842,31,0.07692307692307693,0.3263157894736842,0.1244979919678715,0.0852816856768372,0.18937152587581063,0.0736498870737659,0.17789473684210527,NEW_BENCH_P0_EVALUATION
R0,80,M11,530103,40,5,bus,350,258,2057,230,0.6571428571428571,230,0.1118133203694701,0.6571428571428571,0.19110926464478606,0.2961858106785193,0.3717799617573707,0.3392471601751516,0.5222857142857144,NEW_BENCH_P0_EVALUATION
R0,80,M11,530103,40,6,train,6,5,379,0,0,0,0,0,0,0,0,0,0,NEW_BENCH_P0_EVALUATION
R0,80,M11,530103,40,7,truck,889,540,10291,673,0.7570303712035995,673,0.06539694879020504,0.7570303712035995,0.12039355992844365,0.23030370036680575,0.3135142079849467,0.257306970082963,0.5564679415073116,NEW_BENCH_P0_EVALUATION
R0,80,M11,530103,40,8,traffic light,5158,1123,17047,2815,0.54575416828228,2814,0.16507303337830703,0.5455602946878635,0.25345642873226754,0.09549900505125186,0.28359382061266475,0.047274372780804735,0.22328421868941445,NEW_BENCH_P0_EVALUATION
R0,80,S_ADAPT,-1,10,1,person,2771,631,1843,1324,0.4778058462648863,1324,0.7183939229517091,0.4778058462648863,0.5739055049848288,0.23716408396285454,0.42908025465758953,0.22516544641397054,0.2845182244677012,NEW_BENCH_P0_EVALUATION
R0,80,S_ADAPT,-1,10,2,bicycle,244,125,65,45,0.18442622950819673,45,0.6923076923076923,0.18442622950819673,0.2912621359223301,0.08208784480889676,0.16829071488040157,0.06826473856176828,0.10286885245901638,NEW_BENCH_P0_EVALUATION
R0,80,S_ADAPT,-1,10,3,car,20453,1988,13501,10634,0.5199237275705275,10627,0.7871268794904082,0.5195814794895615,0.6259645402603522,0.3191834037106854,0.48900231185308485,0.33831061947107693,0.3547059111132841,NEW_BENCH_P0_EVALUATION
R0,80,S_ADAPT,-1,10,4,motorcycle,95,66,37,17,0.17894736842105263,17,0.4594594594594595,0.17894736842105263,0.25757575757575757,0.06896382083263271,0.1531828295951767,0.06452145214521451,0.08315789473684211,NEW_BENCH_P0_EVALUATION
R0,80,S_ADAPT,-1,10,5,bus,350,258,362,142,0.4057142857142857,142,0.39226519337016574,0.4057142857142857,0.398876404494382,0.25509504954025936,0.3088964879182456,0.29184223763644557,0.34142857142857147,NEW_BENCH_P0_EVALUATION
R0,80,S_ADAPT,-1,10,6,train,6,5,66,0,0,0,0,0,0,0,0,0,0,NEW_BENCH_P0_EVALUATION
R0,80,S_ADAPT,-1,10,7,truck,889,540,1539,406,0.4566929133858268,406,0.26380766731643923,0.4566929133858268,0.3344316309719934,0.20576729484892345,0.27148585210157583,0.23130568936183787,0.3640044994375703,NEW_BENCH_P0_EVALUATION
R0,80,S_ADAPT,-1,10,8,traffic light,5158,1123,2587,1277,0.2475765800697945,1277,0.4936219559335137,0.2475765800697945,0.3297611362169141,0.06569892413448464,0.17621764718413563,0.03969914087134488,0.10868553702985653,NEW_BENCH_P0_EVALUATION
R0,80,S_ADAPT,-1,15,1,person,2771,631,2767,1562,0.5636954168170336,1561,0.5641488977231659,0.5633345362684952,0.5637414228963525,0.25794787972071975,0.48778816001377256,0.23304920186018402,0.3226993865030675,NEW_BENCH_P0_EVALUATION
R0,80,S_ADAPT,-1,15,2,bicycle,244,125,134,64,0.26229508196721313,61,0.4552238805970149,0.25,0.32275132275132273,0.09394110583915666,0.20457781439468523,0.076455720894825,0.1315573770491803,NEW_BENCH_P0_EVALUATION
R0,80,S_ADAPT,-1,15,3,car,20453,1988,18254,12199,0.5964406199579524,12183,0.6674153610167635,0.5956583386300298,0.6294985403157052,0.3426706323646704,0.548041341699814,0.3542781833720323,0.390030802327287,NEW_BENCH_P0_EVALUATION
R0,80,S_ADAPT,-1,15,4,motorcycle,95,66,78,22,0.23157894736842105,22,0.28205128205128205,0.23157894736842105,0.254335260115607,0.0774970877287044,0.17365601662515937,0.06718141963450076,0.11473684210526316,NEW_BENCH_P0_EVALUATION
R0,80,S_ADAPT,-1,15,5,bus,350,258,621,175,0.5,175,0.28180354267310787,0.5,0.3604531410916581,0.27735621089620277,0.3419333292802635,0.3196202178142197,0.4162857142857142,NEW_BENCH_P0_EVALUATION
R0,80,S_ADAPT,-1,15,6,train,6,5,88,0,0,0,0,0,0,0,0,0,0,NEW_BENCH_P0_EVALUATION
R0,80,S_ADAPT,-1,15,7,truck,889,540,3115,496,0.5579302587176603,496,0.1592295345104334,0.5579302587176603,0.24775224775224775,0.21903731208359337,0.2925956005913565,0.2462795177677655,0.43194600674915645,NEW_BENCH_P0_EVALUATION
R0,80,S_ADAPT,-1,15,8,traffic light,5158,1123,4943,1918,0.37184955409073284,1918,0.3880234675298402,0.37184955409073284,0.37976437976437977,0.08240781740499808,0.23662064394017585,0.04430519384602505,0.1575804575416828,NEW_BENCH_P0_EVALUATION
R0,80,S_ADAPT,-1,20,1,person,2771,631,3778,1685,0.6080837242872609,1684,0.44573848597141347,0.6077228437387224,0.5142769888532601,0.26622447612396605,0.5079240237091058,0.23911828950836087,0.3437387224828582,NEW_BENCH_P0_EVALUATION
R0,80,S_ADAPT,-1,20,2,bicycle,244,125,198,75,0.3073770491803279,72,0.36363636363636365,0.29508196721311475,0.3257918552036199,0.09909467479415936,0.22078432600419143,0.07799785546834781,0.1495901639344262,NEW_BENCH_P0_EVALUATION
R0,80,S_ADAPT,-1,20,3,car,20453,1988,22791,13086,0.639808341074659,13065,0.573252599710412,0.6387815968317606,0.6042456757006752,0.35220497852664895,0.5728580085768895,0.35855608037704534,0.4088202219723268,NEW_BENCH_P0_EVALUATION
R0,80,S_ADAPT,-1,20,4,motorcycle,95,66,146,26,0.2736842105263158,26,0.1780821917808219,0.2736842105263158,0.2157676348547718,0.08121148746742922,0.18279796425457281,0.07056914470173158,0.1368421052631579,NEW_BENCH_P0_EVALUATION
R0,80,S_ADAPT,-1,20,5,bus,350,258,886,195,0.5571428571428572,195,0.2200902934537246,0.5571428571428572,0.3155339805825243,0.28586309155879147,0.354101725728269,0.3285290695081238,0.4554285714285715,NEW_BENCH_P0_EVALUATION
R0,80,S_ADAPT,-1,20,6,train,6,5,124,0,0,0,0,0,0,0,0,0,0,NEW_BENCH_P0_EVALUATION
R0,80,S_ADAPT,-1,20,7,truck,889,540,4613,550,0.6186726659167604,550,0.11922826793843486,0.6186726659167604,0.19992729916394036,0.22340479204409272,0.3008902804017118,0.25090947000064806,0.4691788526434196,NEW_BENCH_P0_EVALUATION
R0,80,S_ADAPT,-1,20,8,traffic light,5158,1123,7464,2258,0.4377665761923226,2257,0.30238478027867094,0.43757270259790615,0.3576295357312628,0.0886372227221177,0.2573801092652649,0.04530426481280425,0.18214424195424583,NEW_BENCH_P0_EVALUATION
R0,80,S_ADAPT,-1,30,1,person,2771,631,5978,1817,0.6557199566943341,1816,0.3037805286048846,0.6553590761457957,0.4151331580752086,0.2730959509759164,0.5267491838368978,0.2431958924638755,0.36416456153013355,NEW_BENCH_P0_EVALUATION
R0,80,S_ADAPT,-1,30,2,bicycle,244,125,335,90,0.36885245901639346,86,0.25671641791044775,0.3524590163934426,0.2970639032815198,0.10774951799704294,0.24014358291361287,0.08394884202772697,0.18729508196721312,NEW_BENCH_P0_EVALUATION
R0,80,S_ADAPT,-1,30,3,car,20453,1988,31706,14211,0.6948124969442135,14182,0.447297041569419,0.693394612037354,0.5437987691481815,0.3627925372241627,0.6033755572797047,0.3655132603317634,0.4329193761306409,NEW_BENCH_P0_EVALUATION
R0,80,S_ADAPT,-1,30,4,motorcycle,95,66,257,28,0.29473684210526313,28,0.10894941634241245,0.29473684210526313,0.1590909090909091,0.08384070612784185,0.18608210809718378,0.07297289629776521,0.16105263157894736,NEW_BENCH_P0_EVALUATION
R0,80,S_ADAPT,-1,30,5,bus,350,258,1392,219,0.6257142857142857,219,0.15732758620689655,0.6257142857142857,0.2514351320321469,0.29382292680582295,0.3676848595224285,0.33690691238742854,0.5002857142857142,NEW_BENCH_P0_EVALUATION
R0,80,S_ADAPT,-1,30,6,train,6,5,211,0,0,0,0,0,0,0,0,0,0,NEW_BENCH_P0_EVALUATION
R0,80,S_ADAPT,-1,30,7,truck,889,540,7436,629,0.7075365579302587,629,0.08458848843464228,0.7075365579302587,0.1511111111111111,0.22796250044400712,0.3098759495018525,0.2549243019893897,0.5199100112485939,NEW_BENCH_P0_EVALUATION
R0,80,S_ADAPT,-1,30,8,traffic light,5158,1123,12685,2652,0.5141527723924002,2651,0.20898699251083958,0.5139588987979837,0.29714734069382953,0.09406219781532132,0.27786322112069,0.04676403673771461,0.21072120977122916,NEW_BENCH_P0_EVALUATION
R0,80,S_ADAPT,-1,40,1,person,2771,631,8154,1858,0.6705160591844099,1857,0.2277409860191317,0.6701551786358715,0.33995423340961095,0.27487728667989947,0.5319194775143652,0.24318976309224716,0.37109346806207155,NEW_BENCH_P0_EVALUATION
R0,80,S_ADAPT,-1,40,2,bicycle,244,125,454,96,0.39344262295081966,92,0.2026431718061674,0.3770491803278688,0.2636103151862464,0.10977220917343866,0.24477636035886838,0.08496056215672504,0.20081967213114754,NEW_BENCH_P0_EVALUATION
R0,80,S_ADAPT,-1,40,3,car,20453,1988,40738,14850,0.7260548574781206,14822,0.3638372035936963,0.7246858651542561,0.48445032766256474,0.36716594400619457,0.6153789882211069,0.36809067365693304,0.44617415538062877,NEW_BENCH_P0_EVALUATION
R0,80,S_ADAPT,-1,40,4,motorcycle,95,66,397,31,0.3263157894736842,31,0.07808564231738035,0.3263157894736842,0.12601626016260162,0.08527331997490571,0.1893489748532127,0.0736498870737659,0.17789473684210527,NEW_BENCH_P0_EVALUATION
R0,80,S_ADAPT,-1,40,5,bus,350,258,1922,230,0.6571428571428571,230,0.11966701352757544,0.6571428571428571,0.20246478873239437,0.2959794316956613,0.37180219057843283,0.339173162801419,0.5202857142857142,NEW_BENCH_P0_EVALUATION
R0,80,S_ADAPT,-1,40,6,train,6,5,372,0,0,0,0,0,0,0,0,0,0,NEW_BENCH_P0_EVALUATION
R0,80,S_ADAPT,-1,40,7,truck,889,540,10095,655,0.7367829021372329,655,0.06488360574541853,0.7367829021372329,0.11926438455935909,0.2294697640954584,0.312108107405749,0.2566842960972019,0.541957255343082,NEW_BENCH_P0_EVALUATION
R0,80,S_ADAPT,-1,40,8,traffic light,5158,1123,17868,2809,0.5445909267157814,2807,0.15709648533691514,0.5442031795269484,0.24381134369842783,0.09542275763305431,0.28331455682782125,0.04725099670919987,0.22221791392012405,NEW_BENCH_P0_EVALUATION
R0,80,S_FIXED,-1,10,1,person,2771,631,1466,967,0.3489714904366655,967,0.6596180081855388,0.3489714904366655,0.4564550389426481,0.19069716018739202,0.3212186748962096,0.19288770369721914,0.22010104655359072,NEW_BENCH_P0_EVALUATION
R0,80,S_FIXED,-1,10,2,bicycle,244,125,60,37,0.15163934426229508,37,0.6166666666666667,0.15163934426229508,0.24342105263157898,0.0706879843134182,0.14207039873147675,0.06379075721632166,0.08565573770491804,NEW_BENCH_P0_EVALUATION
R0,80,S_FIXED,-1,10,3,car,20453,1988,13584,9896,0.4838410013200997,9888,0.7279151943462897,0.4834498606561385,0.581014778035667,0.30439215547870385,0.4612049669076562,0.32483867008835005,0.335090206815626,NEW_BENCH_P0_EVALUATION
R0,80,S_FIXED,-1,10,4,motorcycle,95,66,45,16,0.16842105263157894,16,0.35555555555555557,0.16842105263157894,0.22857142857142856,0.0682237482959673,0.14787910594550083,0.06767617938264416,0.08315789473684211,NEW_BENCH_P0_EVALUATION
R0,80,S_FIXED,-1,10,5,bus,350,258,381,127,0.3628571428571429,127,0.3333333333333333,0.3628571428571429,0.347469220246238,0.237319857618881,0.286915548254016,0.27097448293682386,0.3082857142857143,NEW_BENCH_P0_EVALUATION
R0,80,S_FIXED,-1,10,6,train,6,5,121,0,0,0,0,0,0,0,0,0,0,NEW_BENCH_P0_EVALUATION
R0,80,S_FIXED,-1,10,7,truck,889,540,1537,366,0.41169853768278963,366,0.23812621990891347,0.41169853768278963,0.3017312448474856,0.19398697186409336,0.2547527076567919,0.21823801462378759,0.3291338582677165,NEW_BENCH_P0_EVALUATION
R0,80,S_FIXED,-1,10,8,traffic light,5158,1123,2806,1085,0.21035284994183792,1085,0.3866714183891661,0.21035284994183792,0.2724761426418885,0.05685173522894546,0.15080046982182027,0.036218954546605966,0.0925164792555254,NEW_BENCH_P0_EVALUATION
R0,80,S_FIXED,-1,15,1,person,2771,631,2359,1267,0.4572356549981956,1267,0.5370919881305638,0.4572356549981956,0.4939571150097466,0.22985186100714544,0.41016684314631124,0.21975357174188215,0.2765788523998557,NEW_BENCH_P0_EVALUATION
R0,80,S_FIXED,-1,15,2,bicycle,244,125,104,53,0.21721311475409835,53,0.5096153846153846,0.21721311475409835,0.3045977011494253,0.08791168778890233,0.18903141599537238,0.0716498105184413,0.11270491803278689,NEW_BENCH_P0_EVALUATION
R0,80,S_FIXED,-1,15,3,car,20453,1988,18669,11682,0.5711631545494549,11671,0.6251539986073169,0.5706253361365081,0.596646388221461,0.3339477586098609,0.5315458856781675,0.34875229190950957,0.37778321028699946,NEW_BENCH_P0_EVALUATION
R0,80,S_FIXED,-1,15,4,motorcycle,95,66,87,20,0.21052631578947367,20,0.22988505747126436,0.21052631578947367,0.21978021978021975,0.07379992711919033,0.16399705111394697,0.06624336346678146,0.10421052631578946,NEW_BENCH_P0_EVALUATION
R0,80,S_FIXED,-1,15,5,bus,350,258,628,161,0.46,161,0.25636942675159236,0.46,0.3292433537832311,0.26416924862920155,0.32711169839974275,0.3026122687043014,0.3777142857142857,NEW_BENCH_P0_EVALUATION
R0,80,S_FIXED,-1,15,6,train,6,5,197,0,0,0,0,0,0,0,0,0,0,NEW_BENCH_P0_EVALUATION
R0,80,S_FIXED,-1,15,7,truck,889,540,2922,453,0.5095613048368954,453,0.15503080082135523,0.5095613048368954,0.23773287850957756,0.21208501441921707,0.28136855605792993,0.23805470065565465,0.39876265466816646,NEW_BENCH_P0_EVALUATION
R0,80,S_FIXED,-1,15,8,traffic light,5158,1123,5034,1631,0.31620783249321444,1631,0.3239968216130314,0.31620783249321444,0.3200549450549451,0.07343473436339659,0.20671535757888304,0.040551927621563934,0.13367584335013571,NEW_BENCH_P0_EVALUATION
R0,80,S_FIXED,-1,20,1,person,2771,631,3368,1471,0.5308552869000361,1471,0.43675771971496435,0.5308552869000361,0.47923114513764453,0.2504539223621089,0.4663169122214838,0.23197509793531917,0.3095994225911224,NEW_BENCH_P0_EVALUATION
R0,80,S_FIXED,-1,20,2,bicycle,244,125,158,60,0.2459016393442623,59,0.37341772151898733,0.24180327868852458,0.2935323383084577,0.09441843853228614,0.19917417338087784,0.07960663080283842,0.13319672131147542,NEW_BENCH_P0_EVALUATION
R0,80,S_FIXED,-1,20,3,car,20453,1988,23339,12729,0.622353688945387,12713,0.5447105702900724,0.6215714076174644,0.5806083302886371,0.3485224533015897,0.5654180168402181,0.35812660910969535,0.40075294577812554,NEW_BENCH_P0_EVALUATION
R0,80,S_FIXED,-1,20,4,motorcycle,95,66,135,24,0.25263157894736843,24,0.17777777777777778,0.25263157894736843,0.20869565217391303,0.07969018695549858,0.17955825696108077,0.0669872159629756,0.12315789473684209,NEW_BENCH_P0_EVALUATION
R0,80,S_FIXED,-1,20,5,bus,350,258,888,179,0.5114285714285715,179,0.20157657657657657,0.5114285714285715,0.28917609046849757,0.27679508747654663,0.34380524505773863,0.3180617359043967,0.41714285714285715,NEW_BENCH_P0_EVALUATION
R0,80,S_FIXED,-1,20,6,train,6,5,270,0,0,0,0,0,0,0,0,0,0,NEW_BENCH_P0_EVALUATION
R0,80,S_FIXED,-1,20,7,truck,889,540,4415,515,0.5793025871766029,515,0.11664779161947905,0.5793025871766029,0.1941930618401207,0.219436042152672,0.29421542833149894,0.24619433587110237,0.44206974128233967,NEW_BENCH_P0_EVALUATION
R0,80,S_FIXED,-1,20,8,traffic light,5158,1123,7427,1999,0.38755331523846454,1999,0.269153090076747,0.38755331523846454,0.31767977751291215,0.08266249729702392,0.2376418015092604,0.043953247599902975,0.1612640558355952,NEW_BENCH_P0_EVALUATION
R0,80,S_FIXED,-1,30,1,person,2771,631,5672,1682,0.6070010826416457,1681,0.29636812411847674,0.6066402020931072,0.39819969205258793,0.2660993489139649,0.5057174849429661,0.23901819905950789,0.3430530494406352,NEW_BENCH_P0_EVALUATION
R0,80,S_FIXED,-1,30,2,bicycle,244,125,278,75,0.3073770491803279,73,0.26258992805755393,0.29918032786885246,0.2796934865900383,0.10252709905216441,0.22186078621351024,0.08199311029054579,0.1627049180327869,NEW_BENCH_P0_EVALUATION
R0,80,S_FIXED,-1,30,3,car,20453,1988,32355,13942,0.6816603921185156,13916,0.43010353886570857,0.6803891849606415,0.5270413573700955,0.36007607542347136,0.597902288127612,0.36527154939502665,0.42693003471373386,NEW_BENCH_P0_EVALUATION
R0,80,S_FIXED,-1,30,4,motorcycle,95,66,254,27,0.28421052631578947,27,0.1062992125984252,0.28421052631578947,0.15472779369627507,0.08209627210962103,0.18449808619117428,0.07069258470370997,0.14210526315789473,NEW_BENCH_P0_EVALUATION
R0,80,S_FIXED,-1,30,5,bus,350,258,1407,208,0.5942857142857143,208,0.1478322672352523,0.5942857142857143,0.23676721684689808,0.2898732417230977,0.36231202940883545,0.3321045778714628,0.4797142857142857,NEW_BENCH_P0_EVALUATION
R0,80,S_FIXED,-1,30,6,train,6,5,437,0,0,0,0,0,0,0,0,0,0,NEW_BENCH_P0_EVALUATION
R0,80,S_FIXED,-1,30,7,truck,889,540,7309,591,0.6647919010123734,591,0.08085921466684909,0.6647919010123734,0.14418150768480117,0.22593799454997415,0.3060270842964857,0.2523838452715593,0.4961754780652418,NEW_BENCH_P0_EVALUATION
R0,80,S_FIXED,-1,30,8,traffic light,5158,1123,12288,2440,0.4730515703761148,2439,0.198486328125,0.4728576967816983,0.27960564026137796,0.09100543968515598,0.26713791566499656,0.04598503263651852,0.19534703373400542,NEW_BENCH_P0_EVALUATION
R0,80,S_FIXED,-1,40,1,person,2771,631,8175,1791,0.6463370624323349,1790,0.21896024464831804,0.6459761818837965,0.32706011328339124,0.2719031234950216,0.5224004717850897,0.24139360879389785,0.3604114038253338,NEW_BENCH_P0_EVALUATION
R0,80,S_FIXED,-1,40,2,bicycle,244,125,418,90,0.36885245901639346,86,0.20574162679425836,0.3524590163934426,0.2598187311178248,0.1081494882633701,0.240141335844098,0.0841412080720221,0.18770491803278688,NEW_BENCH_P0_EVALUATION
R0,80,S_FIXED,-1,40,3,car,20453,1988,41019,14633,0.715445166968171,14604,0.3560301323776786,0.7140272820613113,0.4751431546069755,0.36573560748655715,0.6111512710131347,0.3679515068427327,0.441524470737789,NEW_BENCH_P0_EVALUATION
R0,80,S_FIXED,-1,40,4,motorcycle,95,66,380,29,0.30526315789473685,29,0.07631578947368421,0.30526315789473685,0.12210526315789473,0.0844111249527763,0.18742696148680585,0.07309024080111133,0.16526315789473683,NEW_BENCH_P0_EVALUATION
R0,80,S_FIXED,-1,40,5,bus,350,258,1967,225,0.6428571428571429,225,0.11438739196746314,0.6428571428571429,0.19421665947345704,0.2951710943470421,0.3707289616716843,0.33838809124091407,0.5117142857142858,NEW_BENCH_P0_EVALUATION
R0,80,S_FIXED,-1,40,6,train,6,5,635,0,0,0,0,0,0,0,0,0,0,NEW_BENCH_P0_EVALUATION
R0,80,S_FIXED,-1,40,7,truck,889,540,10034,640,0.7199100112485939,640,0.06378313733306758,0.7199100112485939,0.11718392383044952,0.22849737464099504,0.3104663131239607,0.2553293087273313,0.53037120359955,NEW_BENCH_P0_EVALUATION
R0,80,S_FIXED,-1,40,8,traffic light,5158,1123,17372,2697,0.52287708414114,2696,0.15519226341238776,0.5226832105467235,0.23932534398579672,0.09418362371882284,0.2792444859087756,0.046764909768135236,0.2140946103140752,NEW_BENCH_P0_EVALUATION
R1,10,M11,530101,10,1,person,2771,631,2069,1395,0.5034283652111151,1394,0.6737554374093765,0.5030674846625767,0.5760330578512397,0.24408708626214845,0.44990331979389675,0.22932370558990792,0.29570552147239265,NEW_BENCH_P0_EVALUATION
R1,10,M11,530101,10,2,bicycle,244,125,92,54,0.22131147540983606,54,0.5869565217391305,0.22131147540983606,0.32142857142857145,0.08900062323540402,0.1937608695026781,0.0757935892369451,0.11516393442622949,NEW_BENCH_P0_EVALUATION
R1,10,M11,530101,10,3,car,20453,1988,13095,10427,0.5098029628905295,10417,0.7954944635357006,0.5093140370605779,0.6210206271610825,0.3163939676906612,0.48138782448264794,0.3385185694916446,0.35023223976922696,NEW_BENCH_P0_EVALUATION
R1,10,M11,530101,10,4,motorcycle,95,66,39,16,0.16842105263157894,16,0.41025641025641024,0.16842105263157894,0.23880597014925373,0.06926869676357555,0.147059904929485,0.06493399339933993,0.08210526315789475,NEW_BENCH_P0_EVALUATION
R1,10,M11,530101,10,5,bus,350,258,456,158,0.4514285714285714,158,0.34649122807017546,0.4514285714285714,0.39205955334987597,0.2662346065838956,0.32837334670046237,0.305938614599447,0.3737142857142857,NEW_BENCH_P0_EVALUATION
R1,10,M11,530101,10,6,train,6,5,66,0,0,0,0,0,0,0,0,0,0,NEW_BENCH_P0_EVALUATION
R1,10,M11,530101,10,7,truck,889,540,1468,430,0.48368953880764903,430,0.29291553133514986,0.48368953880764903,0.3648705982180738,0.21130390036293872,0.28363903690511444,0.23617435773737555,0.37446569178852646,NEW_BENCH_P0_EVALUATION
R1,10,M11,530101,10,8,traffic light,5158,1123,2715,1359,0.2634742148119426,1359,0.5005524861878453,0.2634742148119426,0.34523053473898135,0.06904125041691841,0.18786813637590494,0.041779249055570705,0.11653741760372235,NEW_BENCH_P0_EVALUATION
R1,10,M11,530101,15,1,person,2771,631,3171,1623,0.5857091302778781,1622,0.511510564490697,0.5853482497293396,0.545944126556715,0.2631434890616609,0.499431971553864,0.23643848144335658,0.3329123060267052,NEW_BENCH_P0_EVALUATION
R1,10,M11,530101,15,2,bicycle,244,125,186,72,0.29508196721311475,70,0.3763440860215054,0.28688524590163933,0.32558139534883723,0.10013069006868097,0.2185597423092726,0.07852140962656871,0.15245901639344264,NEW_BENCH_P0_EVALUATION
R1,10,M11,530101,15,3,car,20453,1988,17809,12170,0.5950227350510927,12153,0.6824077713515638,0.594191561140175,0.6352516857456484,0.34258746146202707,0.5491611014555906,0.354480490198857,0.3893658631985528,NEW_BENCH_P0_EVALUATION
R1,10,M11,530101,15,4,motorcycle,95,66,90,24,0.25263157894736843,24,0.26666666666666666,0.25263157894736843,0.2594594594594594,0.08119356591813175,0.18329484482505357,0.06908300669883922,0.12526315789473683,NEW_BENCH_P0_EVALUATION
R1,10,M11,530101,15,5,bus,350,258,755,190,0.5428571428571428,190,0.25165562913907286,0.5428571428571428,0.34389140271493207,0.2840240362302772,0.35408559518310645,0.3254684693016307,0.4394285714285715,NEW_BENCH_P0_EVALUATION
R1,10,M11,530101,15,6,train,6,5,81,0,0,0,0,0,0,0,0,0,0,NEW_BENCH_P0_EVALUATION
R1,10,M11,530101,15,7,truck,889,540,2861,527,0.592800899887514,527,0.18420132820692064,0.592800899887514,0.2810666666666667,0.2236230180992318,0.3028382969668051,0.25109110051885297,0.4500562429696289,NEW_BENCH_P0_EVALUATION
R1,10,M11,530101,15,8,traffic light,5158,1123,5047,1968,0.38154323381155486,1968,0.389934614622548,0.38154323381155486,0.38569328760411564,0.08446223059706175,0.24237117576225187,0.044523625979286344,0.16240791004265218,NEW_BENCH_P0_EVALUATION
R1,10,M11,530101,20,1,person,2771,631,4258,1737,0.6268495128112594,1736,0.40770314701737903,0.626488632262721,0.4939536207141841,0.26976719900667573,0.5174153553469332,0.24145918989504034,0.3513172140021653,NEW_BENCH_P0_EVALUATION
R1,10,M11,530101,20,2,bicycle,244,125,263,84,0.3442622950819672,80,0.3041825095057034,0.32786885245901637,0.3155818540433925,0.10633778398707441,0.23161993766377037,0.08163375054557033,0.17704918032786887,NEW_BENCH_P0_EVALUATION
R1,10,M11,530101,20,3,car,20453,1988,22313,13099,0.640443944653596,13081,0.5862501680634608,0.6395638781596832,0.6117476500023383,0.3530948500524247,0.573984942607218,0.35875787896100625,0.4095829462670513,NEW_BENCH_P0_EVALUATION
R1,10,M11,530101,20,4,motorcycle,95,66,152,27,0.28421052631578947,27,0.17763157894736842,0.28421052631578947,0.21862348178137653,0.08355690088231395,0.1856342859975932,0.0726232717164336,0.15368421052631578,NEW_BENCH_P0_EVALUATION
R1,10,M11,530101,20,5,bus,350,258,1021,204,0.5828571428571429,204,0.19980411361410383,0.5828571428571429,0.2975929978118162,0.28799093741609055,0.36139309396900793,0.33060932992126324,0.46485714285714286,NEW_BENCH_P0_EVALUATION
R1,10,M11,530101,20,6,train,6,5,96,0,0,0,0,0,0,0,0,0,0,NEW_BENCH_P0_EVALUATION
R1,10,M11,530101,20,7,truck,889,540,4375,581,0.6535433070866141,581,0.1328,0.6535433070866141,0.22074468085106383,0.22757563057526534,0.30877452651872656,0.25471968421006413,0.48897637795275595,NEW_BENCH_P0_EVALUATION
R1,10,M11,530101,20,8,traffic light,5158,1123,7522,2317,0.4492051182628926,2317,0.3080297793140122,0.4492051182628926,0.3654574132492114,0.08990934038385184,0.2618427342145627,0.04642435828641574,0.18809616130283055,NEW_BENCH_P0_EVALUATION
R1,10,M11,530101,30,1,person,2771,631,6241,1835,0.662215806568026,1834,0.2938631629546547,0.6618549260194876,0.40701287172658673,0.27447632830861696,0.5302646946118256,0.24328895252185725,0.3672320461927102,NEW_BENCH_P0_EVALUATION
R1,10,M11,530101,30,2,bicycle,244,125,394,93,0.38114754098360654,89,0.22588832487309646,0.36475409836065575,0.27899686520376177,0.10896268843394692,0.24322611680232956,0.08412835605343927,0.1918032786885246,NEW_BENCH_P0_EVALUATION
R1,10,M11,530101,30,3,car,20453,1988,31604,14267,0.6975504815919426,14240,0.45057587647133274,0.6962303818510732,0.547092610023628,0.3630517729663926,0.604065142139044,0.36565041370098356,0.43411724441402233,NEW_BENCH_P0_EVALUATION
R1,10,M11,530101,30,4,motorcycle,95,66,261,30,0.3157894736842105,30,0.11494252873563218,0.3157894736842105,0.16853932584269662,0.08490928542451112,0.18889325904717996,0.07384336448360355,0.17157894736842105,NEW_BENCH_P0_EVALUATION
R1,10,M11,530101,30,5,bus,350,258,1513,218,0.6228571428571429,218,0.1440846001321877,0.6228571428571429,0.23403113258185723,0.2931995059309495,0.3677355540571905,0.33553043819955747,0.49742857142857144,NEW_BENCH_P0_EVALUATION
R1,10,M11,530101,30,6,train,6,5,184,0,0,0,0,0,0,0,0,0,0,NEW_BENCH_P0_EVALUATION
R1,10,M11,530101,30,7,truck,889,540,7381,634,0.7131608548931384,634,0.08589622002438695,0.7131608548931384,0.15332527206771465,0.22900246705811333,0.31132123905555603,0.25590823727315876,0.5264341957255343,NEW_BENCH_P0_EVALUATION
R1,10,M11,530101,30,8,traffic light,5158,1123,12422,2676,0.5188057386583947,2675,0.2153437449686041,0.5186118650639783,0.3043230944254835,0.09436665077411037,0.2785897320379208,0.0468251966633135,0.21337727801473436,NEW_BENCH_P0_EVALUATION
R1,10,M11,530101,40,1,person,2771,631,8295,1860,0.6712378202814868,1859,0.22411091018685955,0.6708769397329484,0.3359840954274354,0.27514008415233704,0.5320213245754682,0.24320452268740034,0.3716347888848791,NEW_BENCH_P0_EVALUATION
R1,10,M11,530101,40,2,bicycle,244,125,477,97,0.3975409836065574,93,0.1949685534591195,0.38114754098360654,0.2579750346740638,0.11014985101471292,0.24722868801975292,0.0850789067409363,0.2012295081967213,NEW_BENCH_P0_EVALUATION
R1,10,M11,530101,40,3,car,20453,1988,40805,14904,0.7286950569598591,14876,0.3645631662786423,0.7273260646359947,0.48568350256293047,0.36758885965150817,0.615664781248823,0.3681406498203053,0.44716178555713093,NEW_BENCH_P0_EVALUATION
R1,10,M11,530101,40,4,motorcycle,95,66,387,31,0.3263157894736842,31,0.08010335917312661,0.3263157894736842,0.12863070539419086,0.08530107857804112,0.1894186238746437,0.0736557232011452,0.17789473684210527,NEW_BENCH_P0_EVALUATION
R1,10,M11,530101,40,5,bus,350,258,2061,231,0.66,231,0.11208151382823872,0.66,0.19162173372044794,0.29643184899157043,0.3730564056098142,0.3392588196283052,0.5237142857142858,NEW_BENCH_P0_EVALUATION
R1,10,M11,530101,40,6,train,6,5,383,0,0,0,0,0,0,0,0,0,0,NEW_BENCH_P0_EVALUATION
R1,10,M11,530101,40,7,truck,889,540,10153,667,0.750281214848144,667,0.06569486851176992,0.750281214848144,0.12081144720159392,0.2301249035989314,0.31355661399130286,0.2573169271667182,0.5511811023622047,NEW_BENCH_P0_EVALUATION
R1,10,M11,530101,40,8,traffic light,5158,1123,17439,2819,0.5465296626599457,2817,0.1615344916566317,0.5461419154711128,0.2493251316546444,0.09547395854584792,0.28349254801275925,0.0472704241586115,0.22338115548662268,NEW_BENCH_P0_EVALUATION
R1,10,M11,530102,10,1,person,2771,631,2048,1395,0.5034283652111151,1394,0.6806640625,0.5030674846625767,0.5785432662378087,0.24450275096898447,0.4507509771080367,0.2296036312915901,0.29603031396607726,NEW_BENCH_P0_EVALUATION
R1,10,M11,530102,10,2,bicycle,244,125,98,55,0.22540983606557377,54,0.5510204081632653,0.22131147540983606,0.3157894736842105,0.08997763990673913,0.1910321931098572,0.0743497220601181,0.11885245901639344,NEW_BENCH_P0_EVALUATION
R1,10,M11,530102,10,3,car,20453,1988,13031,10375,0.5072605485747812,10366,0.7954876832169442,0.5068205153278248,0.6191613905148727,0.31661443861757876,0.48118941215864564,0.3385371158787006,0.34978731726397105,NEW_BENCH_P0_EVALUATION
R1,10,M11,530102,10,4,motorcycle,95,66,45,20,0.21052631578947367,20,0.4444444444444444,0.21052631578947367,0.2857142857142857,0.07716720213135371,0.1710840314800711,0.06679867986798681,0.10210526315789474,NEW_BENCH_P0_EVALUATION
R1,10,M11,530102,10,5,bus,350,258,496,162,0.46285714285714286,162,0.32661290322580644,0.46285714285714286,0.38297872340425526,0.2693058032539627,0.3322788549189058,0.3093177299404697,0.38228571428571423,NEW_BENCH_P0_EVALUATION
R1,10,M11,530102,10,6,train,6,5,65,0,0,0,0,0,0,0,0,0,0,NEW_BENCH_P0_EVALUATION
R1,10,M11,530102,10,7,truck,889,540,1599,442,0.49718785151856015,442,0.2764227642276423,0.49718785151856015,0.3553054662379421,0.21330253205144076,0.2853470133602638,0.23788043586440089,0.38402699662542183,NEW_BENCH_P0_EVALUATION
R1,10,M11,530102,10,8,traffic light,5158,1123,2618,1310,0.25397440868553706,1310,0.5003819709702063,0.25397440868553706,0.33693415637860086,0.06742677534620523,0.1819557660695423,0.04185131905459017,0.11291198138813492,NEW_BENCH_P0_EVALUATION
R1,10,M11,530102,15,1,person,2771,631,3108,1620,0.5846264886322627,1619,0.5209137709137709,0.5842656080837243,0.5507739411464534,0.2631468673170891,0.4996650481721235,0.23646152031988696,0.33273186575243596,NEW_BENCH_P0_EVALUATION
R1,10,M11,530102,15,2,bicycle,244,125,191,76,0.3114754098360656,73,0.38219895287958117,0.29918032786885246,0.335632183908046,0.10162267236019416,0.22329802610710378,0.07834468531757705,0.1557377049180328,NEW_BENCH_P0_EVALUATION
R1,10,M11,530102,15,3,car,20453,1988,17791,12132,0.5931648168972767,12117,0.6810747006913608,0.5924314281523493,0.6336680263570755,0.3412983448531623,0.5490671437355018,0.35445115075643696,0.388818266269007,NEW_BENCH_P0_EVALUATION
R1,10,M11,530102,15,4,motorcycle,95,66,99,23,0.24210526315789474,23,0.23232323232323232,0.24210526315789474,0.23711340206185566,0.07972839099152453,0.1782375576404907,0.06879935579455093,0.1231578947368421,NEW_BENCH_P0_EVALUATION
R1,10,M11,530102,15,5,bus,350,258,806,193,0.5514285714285714,193,0.23945409429280398,0.5514285714285714,0.33391003460207613,0.2850107039417839,0.35583983504927,0.3274470267399511,0.4468571428571428,NEW_BENCH_P0_EVALUATION
R1,10,M11,530102,15,6,train,6,5,84,0,0,0,0,0,0,0,0,0,0,NEW_BENCH_P0_EVALUATION
R1,10,M11,530102,15,7,truck,889,540,3065,533,0.5995500562429696,533,0.1738988580750408,0.5995500562429696,0.2696004046535155,0.22299942484247023,0.30161662237925035,0.250184177280761,0.4529808773903262,NEW_BENCH_P0_EVALUATION
R1,10,M11,530102,15,8,traffic light,5158,1123,4856,1925,0.3732066692516479,1925,0.3964168039538715,0.3732066692516479,0.384461753545037,0.08327910870078481,0.23827126601942994,0.04455279066373259,0.15891818534315624,NEW_BENCH_P0_EVALUATION
R1,10,M11,530102,20,1,person,2771,631,4178,1726,0.6228798267773367,1725,0.4128769746290091,0.6225189462287982,0.4964743128507699,0.26977596757265,0.5172550720536467,0.24153409753358976,0.34962107542403464,NEW_BENCH_P0_EVALUATION
R1,10,M11,530102,20,2,bicycle,244,125,263,85,0.3483606557377049,81,0.30798479087452474,0.3319672131147541,0.31952662721893493,0.10717233876511001,0.235185137711012,0.08161599934136704,0.17991803278688526,NEW_BENCH_P0_EVALUATION
R1,10,M11,530102,20,3,car,20453,1988,22340,13066,0.6388304894147557,13047,0.5840196956132497,0.6379015303378478,0.6097726263641251,0.3529988789493771,0.5738032078356571,0.3587318226867964,0.4089962352711093,NEW_BENCH_P0_EVALUATION
R1,10,M11,530102,20,4,motorcycle,95,66,156,27,0.28421052631578947,27,0.17307692307692307,0.28421052631578947,0.21513944223107567,0.0840358680648504,0.1852014019329209,0.0739004086065687,0.1568421052631579,NEW_BENCH_P0_EVALUATION
R1,10,M11,530102,20,5,bus,350,258,1062,205,0.5857142857142857,205,0.19303201506591336,0.5857142857142857,0.2903682719546742,0.28888757973963486,0.36115133356525425,0.33083026474709004,0.46971428571428575,NEW_BENCH_P0_EVALUATION
R1,10,M11,530102,20,6,train,6,5,109,0,0,0,0,0,0,0,0,0,0,NEW_BENCH_P0_EVALUATION
R1,10,M11,530102,20,7,truck,889,540,4583,589,0.6625421822272216,589,0.12851843770456034,0.6625421822272216,0.21527777777777776,0.2276860768210829,0.30925728329680124,0.2541559246973335,0.4940382452193475,NEW_BENCH_P0_EVALUATION
R1,10,M11,530102,20,8,traffic light,5158,1123,7309,2266,0.4393175649476541,2266,0.31002873170064305,0.4393175649476541,0.3635196919868453,0.08911987893349693,0.25853128455728885,0.046394194268478885,0.18416052733617677,NEW_BENCH_P0_EVALUATION
R1,10,M11,530102,30,1,person,2771,631,6131,1835,0.662215806568026,1834,0.29913554069482956,0.6618549260194876,0.4120422376993934,0.27449979298326144,0.5302971616153691,0.24329723731194144,0.36744857452183327,NEW_BENCH_P0_EVALUATION
R1,10,M11,530102,30,2,bicycle,244,125,409,93,0.38114754098360654,89,0.2176039119804401,0.36475409836065575,0.2725880551301684,0.10884234268074985,0.24294743753419254,0.08405256545339905,0.1918032786885246,NEW_BENCH_P0_EVALUATION
R1,10,M11,530102,30,3,car,20453,1988,31703,14275,0.6979416222559037,14248,0.4494211904236192,0.6966215225150345,0.5463609172482553,0.36301776537399194,0.603975219245213,0.3656290650123313,0.43428836845450547,NEW_BENCH_P0_EVALUATION
R1,10,M11,530102,30,4,motorcycle,95,66,275,30,0.3157894736842105,30,0.10909090909090909,0.3157894736842105,0.16216216216216217,0.0849934703930399,0.18880379137663145,0.07378462829053048,0.1726315789473684,NEW_BENCH_P0_EVALUATION
R1,10,M11,530102,30,5,bus,350,258,1590,222,0.6342857142857142,222,0.13962264150943396,0.6342857142857142,0.2288659793814433,0.29425521502484236,0.36917708342746214,0.3370628586564637,0.5057142857142857,NEW_BENCH_P0_EVALUATION
R1,10,M11,530102,30,6,train,6,5,205,0,0,0,0,0,0,0,0,0,0,NEW_BENCH_P0_EVALUATION
R1,10,M11,530102,30,7,truck,889,540,7565,641,0.7210348706411699,641,0.08473231989424984,0.7210348706411699,0.15164419209841495,0.22925099913919908,0.3120824855280136,0.25656459111212016,0.5316085489313835,NEW_BENCH_P0_EVALUATION
R1,10,M11,530102,30,8,traffic light,5158,1123,12122,2672,0.518030244280729,2671,0.22034317769344994,0.5178363706863125,0.30914351851851857,0.09441697996487824,0.2787634760498577,0.04683130135885549,0.21264055835595191,NEW_BENCH_P0_EVALUATION
R1,10,M11,530102,40,1,person,2771,631,8129,1857,0.6701551786358715,1856,0.2283183663427236,0.669794298087333,0.34055045871559636,0.27470225663330367,0.5297261828984468,0.2432128858177497,0.3712378202814869,NEW_BENCH_P0_EVALUATION
R1,10,M11,530102,40,2,bicycle,244,125,488,98,0.4016393442622951,94,0.19262295081967212,0.38524590163934425,0.2568306010928962,0.11055961502222367,0.24717679208441434,0.08506272270447233,0.20327868852459016,NEW_BENCH_P0_EVALUATION
R1,10,M11,530102,40,3,car,20453,1988,40959,14905,0.7287439495428544,14878,0.3632412900705584,0.727423849801985,0.4845307106103043,0.3679222265805396,0.615611719874977,0.3681416524599981,0.44729379553121784,NEW_BENCH_P0_EVALUATION
R1,10,M11,530102,40,4,motorcycle,95,66,386,31,0.3263157894736842,31,0.08031088082901554,0.3263157894736842,0.12889812889812888,0.08530522352965136,0.18942660864881072,0.0736557232011452,0.17789473684210527,NEW_BENCH_P0_EVALUATION
R1,10,M11,530102,40,5,bus,350,258,2104,230,0.6571428571428571,230,0.10931558935361217,0.6571428571428571,0.18744906275468623,0.29611609599056404,0.3717544540791522,0.33913107139910414,0.5217142857142858,NEW_BENCH_P0_EVALUATION
R1,10,M11,530102,40,6,train,6,5,409,0,0,0,0,0,0,0,0,0,0,NEW_BENCH_P0_EVALUATION
R1,10,M11,530102,40,7,truck,889,540,10284,669,0.7525309336332958,669,0.06505250875145857,0.7525309336332958,0.11975297592410275,0.2301277288455721,0.31352296578859923,0.2572923898905368,0.5525309336332958,NEW_BENCH_P0_EVALUATION
R1,10,M11,530102,40,8,traffic light,5158,1123,17241,2803,0.5434276851492826,2801,0.1624615741546314,0.5430399379604498,0.2501004509129872,0.0954474996779524,0.28342531986802044,0.04724947111707394,0.2221791392012408,NEW_BENCH_P0_EVALUATION
R1,10,M11,530103,10,1,person,2771,631,2039,1389,0.5012630819198846,1388,0.6807258460029426,0.5009022013713461,0.577130977130977,0.24443743479529786,0.45026908080024863,0.22974153216948853,0.2955250811981235,NEW_BENCH_P0_EVALUATION
R1,10,M11,530103,10,2,bicycle,244,125,108,57,0.2336065573770492,55,0.5092592592592593,0.22540983606557377,0.3125,0.08993451900547597,0.19114032250177102,0.07451429968809367,0.12008196721311475,NEW_BENCH_P0_EVALUATION
R1,10,M11,530103,10,3,car,20453,1988,13138,10429,0.5099007480565199,10420,0.7931191962246917,0.5094607148095633,0.6204042749546008,0.31666862655948413,0.48133608163050046,0.3385526811815678,0.3509411822226568,NEW_BENCH_P0_EVALUATION
R1,10,M11,530103,10,4,motorcycle,95,66,42,17,0.17894736842105263,17,0.40476190476190477,0.17894736842105263,0.24817518248175185,0.07091307671881246,0.151007023779301,0.06481848184818483,0.08736842105263158,NEW_BENCH_P0_EVALUATION
R1,10,M11,530103,10,5,bus,350,258,475,162,0.46285714285714286,162,0.3410526315789474,0.46285714285714286,0.39272727272727276,0.2697597010988552,0.33269764168206634,0.31081713315108417,0.3831428571428571,NEW_BENCH_P0_EVALUATION
R1,10,M11,530103,10,6,train,6,5,68,0,0,0,0,0,0,0,0,0,0,NEW_BENCH_P0_EVALUATION
R1,10,M11,530103,10,7,truck,889,540,1531,437,0.4915635545556805,437,0.28543435662965383,0.4915635545556805,0.36115702479338846,0.21334398377720293,0.28661547628349826,0.23885374861994618,0.38166479190101243,NEW_BENCH_P0_EVALUATION
R1,10,M11,530103,10,8,traffic light,5158,1123,2599,1296,0.25126017836370684,1296,0.49865332820315506,0.25126017836370684,0.3341498001804821,0.06689995546271138,0.1813095117335757,0.04186682664416345,0.11273749515316012,NEW_BENCH_P0_EVALUATION
R1,10,M11,530103,15,1,person,2771,631,3129,1621,0.5849873691808012,1620,0.5177372962607862,0.5846264886322627,0.5491525423728815,0.26368056923396344,0.49971416456604867,0.23653637914817685,0.3330205701912667,NEW_BENCH_P0_EVALUATION
R1,10,M11,530103,15,2,bicycle,244,125,205,74,0.30327868852459017,71,0.3463414634146341,0.29098360655737704,0.31625835189309576,0.10107661900958424,0.22186215232263393,0.07805426793487365,0.15327868852459015,NEW_BENCH_P0_EVALUATION
R1,10,M11,530103,15,3,car,20453,1988,17882,12199,0.5964406199579524,12183,0.681299630913768,0.5956583386300298,0.6356071475153254,0.3431375243677133,0.5491879711173732,0.354537664217357,0.3903828289248521,NEW_BENCH_P0_EVALUATION
R1,10,M11,530103,15,4,motorcycle,95,66,104,25,0.2631578947368421,25,0.2403846153846154,0.2631578947368421,0.2512562814070352,0.08232363174213274,0.18350404173570872,0.07112900052372972,0.13894736842105265,NEW_BENCH_P0_EVALUATION
R1,10,M11,530103,15,5,bus,350,258,782,190,0.5428571428571428,190,0.24296675191815856,0.5428571428571428,0.33568904593639576,0.28391756741871066,0.3537133215608234,0.3250514851807322,0.44000000000000006,NEW_BENCH_P0_EVALUATION
R1,10,M11,530103,15,6,train,6,5,83,0,0,0,0,0,0,0,0,0,0,NEW_BENCH_P0_EVALUATION
R1,10,M11,530103,15,7,truck,889,540,2973,530,0.5961754780652418,530,0.1782711066263034,0.5961754780652418,0.27446918694976696,0.22369909616954028,0.3023133966886574,0.250730732130353,0.4534308211473566,NEW_BENCH_P0_EVALUATION
R1,10,M11,530103,15,8,traffic light,5158,1123,4842,1919,0.3720434276851493,1919,0.3963238331268071,0.3720434276851493,0.3838,0.0832881710057381,0.23820163030062785,0.04456707103483378,0.1588987979837146,NEW_BENCH_P0_EVALUATION
R1,10,M11,530103,20,1,person,2771,631,4242,1729,0.623962468422952,1728,0.4073550212164074,0.6236015878744136,0.4927990874090974,0.2696806912797055,0.51711638508404,0.2415125400376503,0.3503067484662577,NEW_BENCH_P0_EVALUATION
R1,10,M11,530103,20,2,bicycle,244,125,268,88,0.36065573770491804,84,0.31343283582089554,0.3442622950819672,0.32812500000000006,0.10889375551465356,0.24007230852927466,0.0833288587249925,0.18442622950819673,NEW_BENCH_P0_EVALUATION
R1,10,M11,530103,20,3,car,20453,1988,22421,13086,0.639808341074659,13066,0.5827572365193345,0.6388304894147557,0.6095069272752717,0.35341146386221217,0.5738332276306576,0.36261938668180965,0.4095927247836503,NEW_BENCH_P0_EVALUATION
R1,10,M11,530103,20,4,motorcycle,95,66,151,27,0.28421052631578947,27,0.17880794701986755,0.28421052631578947,0.21951219512195122,0.08356180245311767,0.18565532472636698,0.07256286104367762,0.15368421052631578,NEW_BENCH_P0_EVALUATION
R1,10,M11,530103,20,5,bus,350,258,1031,202,0.5771428571428572,202,0.1959262851600388,0.5771428571428572,0.2925416364952933,0.2885343902744087,0.35900148256590747,0.3310422140190785,0.4694285714285714,NEW_BENCH_P0_EVALUATION
R1,10,M11,530103,20,6,train,6,5,108,0,0,0,0,0,0,0,0,0,0,NEW_BENCH_P0_EVALUATION
R1,10,M11,530103,20,7,truck,889,540,4504,591,0.6647919010123734,591,0.13121669626998222,0.6647919010123734,0.21917300203968104,0.22781436323585952,0.3096988241070117,0.2544132913657719,0.4937007874015748,NEW_BENCH_P0_EVALUATION
R1,10,M11,530103,20,8,traffic light,5158,1123,7275,2274,0.44086855370298567,2274,0.31257731958762885,0.44086855370298567,0.36580069170755247,0.08954848145854509,0.26196946439219776,0.04641774875996046,0.18454827452500971,NEW_BENCH_P0_EVALUATION
R1,10,M11,530103,30,1,person,2771,631,6268,1835,0.662215806568026,1834,0.29259731971920866,0.6618549260194876,0.40579710144927533,0.27472499884470325,0.5302908731548168,0.24329057950408717,0.3675568386863948,NEW_BENCH_P0_EVALUATION
R1,10,M11,530103,30,2,bicycle,244,125,410,94,0.38524590163934425,90,0.21951219512195122,0.36885245901639346,0.27522935779816515,0.10898814145813418,0.24301275500989625,0.08395793785053046,0.19344262295081968,NEW_BENCH_P0_EVALUATION
R1,10,M11,530103,30,3,car,20453,1988,31694,14300,0.6991639368307828,14272,0.4503060516186029,0.6977949445069183,0.5473756879590389,0.363063092877748,0.6041478002894625,0.3656227597923844,0.43474306947636043,NEW_BENCH_P0_EVALUATION
R1,10,M11,530103,30,4,motorcycle,95,66,272,31,0.3263157894736842,31,0.11397058823529412,0.3263157894736842,0.1689373297002725,0.08559459357102267,0.1900238418726376,0.07381011143869684,0.17789473684210527,NEW_BENCH_P0_EVALUATION
R1,10,M11,530103,30,5,bus,350,258,1569,221,0.6314285714285715,221,0.1408540471637986,0.6314285714285715,0.2303282959874935,0.29375485778248295,0.36892959766749933,0.336624864647233,0.5034285714285714,NEW_BENCH_P0_EVALUATION
R1,10,M11,530103,30,6,train,6,5,196,0,0,0,0,0,0,0,0,0,0,NEW_BENCH_P0_EVALUATION
R1,10,M11,530103,30,7,truck,889,540,7531,637,0.7165354330708661,637,0.08458372062143142,0.7165354330708661,0.15130641330166272,0.2289275736279237,0.3112169434869638,0.2558803592706133,0.5285714285714287,NEW_BENCH_P0_EVALUATION
R1,10,M11,530103,30,8,traffic light,5158,1123,12060,2667,0.5170608763086467,2666,0.22106135986733003,0.5168670027142304,0.3096759205482635,0.0943121513499067,0.2787651317778928,0.04683541468348935,0.2118456766188445,NEW_BENCH_P0_EVALUATION
R1,10,M11,530103,40,1,person,2771,631,8259,1859,0.6708769397329484,1858,0.22496670299067684,0.6705160591844099,0.3368993653671804,0.27493275569434755,0.5320528430056527,0.2432066985594462,0.37156261277517144,NEW_BENCH_P0_EVALUATION
R1,10,M11,530103,40,2,bicycle,244,125,484,96,0.39344262295081966,92,0.19008264462809918,0.3770491803278688,0.25274725274725274,0.10957016926605218,0.24497332623491802,0.08395027770362708,0.19836065573770492,NEW_BENCH_P0_EVALUATION
R1,10,M11,530103,40,3,car,20453,1988,40931,14912,0.7290861976238204,14885,0.3636607949964574,0.7277660978829511,0.4849797992962335,0.3679234474406347,0.6156278316166134,0.3681317386934672,0.44744536253850276,NEW_BENCH_P0_EVALUATION
R1,10,M11,530103,40,4,motorcycle,95,66,388,31,0.3263157894736842,31,0.07989690721649484,0.3263157894736842,0.12836438923395446,0.0853044886225496,0.18942781616853618,0.0736557232011452,0.17789473684210527,NEW_BENCH_P0_EVALUATION
R1,10,M11,530103,40,5,bus,350,258,2073,231,0.66,231,0.11143270622286541,0.66,0.19067271976888156,0.29641774188898506,0.37302617409984834,0.33923845600514135,0.524,NEW_BENCH_P0_EVALUATION
R1,10,M11,530103,40,6,train,6,5,416,0,0,0,0,0,0,0,0,0,0,NEW_BENCH_P0_EVALUATION
R1,10,M11,530103,40,7,truck,889,540,10271,669,0.7525309336332958,669,0.06513484568201733,0.7525309336332958,0.11989247311827955,0.23014050937323685,0.3135217434654384,0.2573270380628023,0.5526434195725535,NEW_BENCH_P0_EVALUATION
R1,10,M11,530103,40,8,traffic light,5158,1123,17178,2818,0.5463357890655293,2816,0.16393060891838399,0.5459480418766964,0.25214899713467054,0.09546604805028715,0.2834857840851076,0.047260056234643945,0.2233036060488561,NEW_BENCH_P0_EVALUATION
R1,10,S_ADAPT,-1,10,1,person,2771,631,1783,1272,0.45904005774088774,1271,0.7128435221536736,0.45867917719234935,0.5581906016688626,0.23147376970804165,0.41345818821420144,0.22084077607266175,0.2758210032479249,NEW_BENCH_P0_EVALUATION
R1,10,S_ADAPT,-1,10,2,bicycle,244,125,68,45,0.18442622950819673,45,0.6617647058823529,0.18442622950819673,0.28846153846153844,0.0811745460200947,0.16646924090905332,0.07232510975568208,0.10286885245901638,NEW_BENCH_P0_EVALUATION
R1,10,S_ADAPT,-1,10,3,car,20453,1988,13546,10586,0.5175768835867599,10577,0.7808209065406763,0.5171368503398035,0.6221947704344245,0.31904111482830466,0.4887268069447867,0.33827397646877044,0.3533907006307143,NEW_BENCH_P0_EVALUATION
R1,10,S_ADAPT,-1,10,4,motorcycle,95,66,38,18,0.18947368421052632,18,0.47368421052631576,0.18947368421052632,0.27067669172932335,0.07050911462281631,0.15863709123755718,0.06461312797946461,0.0863157894736842,NEW_BENCH_P0_EVALUATION
R1,10,S_ADAPT,-1,10,5,bus,350,258,361,141,0.40285714285714286,141,0.39058171745152354,0.40285714285714286,0.3966244725738397,0.2541652166185665,0.308467560914635,0.29143117555190023,0.3411428571428571,NEW_BENCH_P0_EVALUATION
R1,10,S_ADAPT,-1,10,6,train,6,5,67,0,0,0,0,0,0,0,0,0,0,NEW_BENCH_P0_EVALUATION
R1,10,S_ADAPT,-1,10,7,truck,889,540,1553,393,0.4420697412823397,393,0.253058596265293,0.4420697412823397,0.32186732186732187,0.2025572251170576,0.2675783074295339,0.22811785519196162,0.35219347581552307,NEW_BENCH_P0_EVALUATION
R1,10,S_ADAPT,-1,10,8,traffic light,5158,1123,2584,1249,0.24214811942613415,1249,0.48335913312693496,0.24214811942613415,0.3226556445362955,0.06466587113394771,0.17512019409705587,0.039573196173731,0.10678557580457541,NEW_BENCH_P0_EVALUATION
R1,10,S_ADAPT,-1,15,1,person,2771,631,2728,1540,0.555756044749188,1539,0.5641495601173021,0.5553951642006496,0.5597381342062194,0.25713382198142615,0.48199747406591575,0.23624273748904434,0.31999278238902923,NEW_BENCH_P0_EVALUATION
R1,10,S_ADAPT,-1,15,2,bicycle,244,125,124,61,0.25,59,0.47580645161290325,0.24180327868852458,0.32065217391304346,0.0910852252432824,0.2007733986048842,0.07415261306350415,0.12418032786885244,NEW_BENCH_P0_EVALUATION
R1,10,S_ADAPT,-1,15,3,car,20453,1988,18320,12173,0.5951694128000782,12156,0.6635371179039301,0.5943382388891605,0.6270342764294742,0.3421003083352337,0.5479050037859756,0.35423533419947784,0.38943431281474605,NEW_BENCH_P0_EVALUATION
R1,10,S_ADAPT,-1,15,4,motorcycle,95,66,81,23,0.24210526315789474,23,0.2839506172839506,0.24210526315789474,0.2613636363636363,0.07905706901474248,0.17682970675454798,0.06844406662888511,0.1231578947368421,NEW_BENCH_P0_EVALUATION
R1,10,S_ADAPT,-1,15,5,bus,350,258,616,174,0.49714285714285716,174,0.2824675324675325,0.49714285714285716,0.36024844720496896,0.27436231022903634,0.3392916987189246,0.31423604916136927,0.4051428571428571,NEW_BENCH_P0_EVALUATION
R1,10,S_ADAPT,-1,15,6,train,6,5,91,0,0,0,0,0,0,0,0,0,0,NEW_BENCH_P0_EVALUATION
R1,10,S_ADAPT,-1,15,7,truck,889,540,3127,501,0.5635545556805399,501,0.16021746082507196,0.5635545556805399,0.24950199203187254,0.21995594031934082,0.29434156778762643,0.24791406856063064,0.43892013498312704,NEW_BENCH_P0_EVALUATION
R1,10,S_ADAPT,-1,15,8,traffic light,5158,1123,4913,1888,0.36603334625823963,1888,0.38428658660696113,0.36603334625823963,0.37493794062158675,0.0815691298438346,0.2324997289127242,0.04422595606975783,0.15486622721985266,NEW_BENCH_P0_EVALUATION
R1,10,S_ADAPT,-1,20,1,person,2771,631,3747,1668,0.6019487549621075,1667,0.4448892447291166,0.6015878744135691,0.5115065971156796,0.26613658437656396,0.5076876462268696,0.23910090834787173,0.341465175027066,NEW_BENCH_P0_EVALUATION
R1,10,S_ADAPT,-1,20,2,bicycle,244,125,202,76,0.3114754098360656,72,0.3564356435643564,0.29508196721311475,0.32286995515695066,0.1012556726025124,0.22108001584811943,0.07999950411850722,0.15737704918032785,NEW_BENCH_P0_EVALUATION
R1,10,S_ADAPT,-1,20,3,car,20453,1988,22825,13057,0.6383904561677993,13038,0.5712157721796276,0.6374614970908913,0.6025232219603494,0.3522080525214602,0.572874237004313,0.3585764423798251,0.408424192050066,NEW_BENCH_P0_EVALUATION
R1,10,S_ADAPT,-1,20,4,motorcycle,95,66,145,28,0.29473684210526313,28,0.19310344827586207,0.29473684210526313,0.23333333333333334,0.08287980509762514,0.18686590060023647,0.07116571331631039,0.1505263157894737,NEW_BENCH_P0_EVALUATION
R1,10,S_ADAPT,-1,20,5,bus,350,258,881,192,0.5485714285714286,192,0.21793416572077184,0.5485714285714286,0.3119415109666937,0.28402560213149225,0.35179838215357934,0.326115455138641,0.44800000000000006,NEW_BENCH_P0_EVALUATION
R1,10,S_ADAPT,-1,20,6,train,6,5,132,0,0,0,0,0,0,0,0,0,0,NEW_BENCH_P0_EVALUATION
R1,10,S_ADAPT,-1,20,7,truck,889,540,4628,554,0.6231721034870641,554,0.11970613656006915,0.6231721034870641,0.20083378647815842,0.22371700670171646,0.3022402481644725,0.24992734695476448,0.4683914510686164,NEW_BENCH_P0_EVALUATION
R1,10,S_ADAPT,-1,20,8,traffic light,5158,1123,7440,2234,0.433113609926328,2234,0.3002688172043011,0.433113609926328,0.35465946975710433,0.08824942847504827,0.25724196387076337,0.045300184950125715,0.18022489336952305,NEW_BENCH_P0_EVALUATION
R1,10,S_ADAPT,-1,30,1,person,2771,631,5982,1810,0.6531937928545651,1809,0.302407221664995,0.6528329123060267,0.4133439963441106,0.27301063144357607,0.5264945744254087,0.24312722018461969,0.3623962468422952,NEW_BENCH_P0_EVALUATION
R1,10,S_ADAPT,-1,30,2,bicycle,244,125,344,92,0.3770491803278688,88,0.2558139534883721,0.36065573770491804,0.29931972789115646,0.10844541294029326,0.2429053880390367,0.08403248646314784,0.18975409836065574,NEW_BENCH_P0_EVALUATION
R1,10,S_ADAPT,-1,30,3,car,20453,1988,31706,14169,0.6927590084584169,14142,0.4460354507033369,0.6914389087175475,0.5422649974117602,0.3623566606482686,0.6033226448150352,0.36551792949854006,0.4323962254925928,NEW_BENCH_P0_EVALUATION
R1,10,S_ADAPT,-1,30,4,motorcycle,95,66,264,29,0.30526315789473685,29,0.10984848484848485,0.30526315789473685,0.16155988857938716,0.08454466054110481,0.1873484804366129,0.0736750914190841,0.1694736842105263,NEW_BENCH_P0_EVALUATION
R1,10,S_ADAPT,-1,30,5,bus,350,258,1404,220,0.6285714285714286,220,0.15669515669515668,0.6285714285714286,0.2508551881413911,0.2935441589679751,0.36773861753325965,0.33696480561253656,0.5002857142857142,NEW_BENCH_P0_EVALUATION
R1,10,S_ADAPT,-1,30,6,train,6,5,226,0,0,0,0,0,0,0,0,0,0,NEW_BENCH_P0_EVALUATION
R1,10,S_ADAPT,-1,30,7,truck,889,540,7377,616,0.6929133858267716,616,0.08350277890741493,0.6929133858267716,0.14904427776433582,0.22739444554436,0.3089316842372733,0.25422711725519426,0.5119235095613048,NEW_BENCH_P0_EVALUATION
R1,10,S_ADAPT,-1,30,8,traffic light,5158,1123,12697,2628,0.5094998061264056,2627,0.2068992675435142,0.5093059325319892,0.29425931111733405,0.09335710292436837,0.2756360488160892,0.0467317511543966,0.2080845288871656,NEW_BENCH_P0_EVALUATION
R1,10,S_ADAPT,-1,40,1,person,2771,631,8184,1853,0.6687116564417178,1852,0.2262952101661779,0.6683507758931794,0.33811045184847105,0.274643515424622,0.5296323598860704,0.24318976309224716,0.37026344280043305,NEW_BENCH_P0_EVALUATION
R1,10,S_ADAPT,-1,40,2,bicycle,244,125,462,94,0.38524590163934425,90,0.19480519480519481,0.36885245901639346,0.254957507082153,0.10922736392223063,0.2425238851113436,0.08387145324583394,0.19713114754098363,NEW_BENCH_P0_EVALUATION
R1,10,S_ADAPT,-1,40,3,car,20453,1988,40658,14804,0.7238057986603432,14776,0.36342171282404445,0.7224368063364788,0.4835790610528383,0.36715613203031994,0.6153191197525073,0.3680957530398083,0.4452843103701169,NEW_BENCH_P0_EVALUATION
R1,10,S_ADAPT,-1,40,4,motorcycle,95,66,397,31,0.3263157894736842,31,0.07808564231738035,0.3263157894736842,0.12601626016260162,0.08527434370569764,0.18935173447534742,0.0736498870737659,0.17789473684210527,NEW_BENCH_P0_EVALUATION
R1,10,S_ADAPT,-1,40,5,bus,350,258,1940,228,0.6514285714285715,228,0.11752577319587629,0.6514285714285715,0.19912663755458515,0.2958258507735703,0.3717541837354438,0.33908120149776855,0.5174285714285713,NEW_BENCH_P0_EVALUATION
R1,10,S_ADAPT,-1,40,6,train,6,5,400,0,0,0,0,0,0,0,0,0,0,NEW_BENCH_P0_EVALUATION
R1,10,S_ADAPT,-1,40,7,truck,889,540,10126,661,0.7435320584926884,661,0.06527750345644874,0.7435320584926884,0.1200181570585565,0.2295820393623468,0.31276676684248045,0.25666331760606387,0.5439820022497187,NEW_BENCH_P0_EVALUATION
R1,10,S_ADAPT,-1,40,8,traffic light,5158,1123,17833,2807,0.5442031795269484,2805,0.1572926596758818,0.5438154323381156,0.24400852507502938,0.0954213478234981,0.28331291692751764,0.04724150959922361,0.22190771616905774,NEW_BENCH_P0_EVALUATION
R1,10,S_FIXED,-1,10,1,person,2771,631,1466,967,0.3489714904366655,967,0.6596180081855388,0.3489714904366655,0.4564550389426481,0.19069716018739202,0.3212186748962096,0.19288770369721914,0.22010104655359072,NEW_BENCH_P0_EVALUATION
R1,10,S_FIXED,-1,10,2,bicycle,244,125,60,37,0.15163934426229508,37,0.6166666666666667,0.15163934426229508,0.24342105263157898,0.0706879843134182,0.14207039873147675,0.06379075721632166,0.08565573770491804,NEW_BENCH_P0_EVALUATION
R1,10,S_FIXED,-1,10,3,car,20453,1988,13584,9896,0.4838410013200997,9888,0.7279151943462897,0.4834498606561385,0.581014778035667,0.30439215547870385,0.4612049669076562,0.32483867008835005,0.335090206815626,NEW_BENCH_P0_EVALUATION
R1,10,S_FIXED,-1,10,4,motorcycle,95,66,45,16,0.16842105263157894,16,0.35555555555555557,0.16842105263157894,0.22857142857142856,0.0682237482959673,0.14787910594550083,0.06767617938264416,0.08315789473684211,NEW_BENCH_P0_EVALUATION
R1,10,S_FIXED,-1,10,5,bus,350,258,381,127,0.3628571428571429,127,0.3333333333333333,0.3628571428571429,0.347469220246238,0.237319857618881,0.286915548254016,0.27097448293682386,0.3082857142857143,NEW_BENCH_P0_EVALUATION
R1,10,S_FIXED,-1,10,6,train,6,5,121,0,0,0,0,0,0,0,0,0,0,NEW_BENCH_P0_EVALUATION
R1,10,S_FIXED,-1,10,7,truck,889,540,1537,366,0.41169853768278963,366,0.23812621990891347,0.41169853768278963,0.3017312448474856,0.19398697186409336,0.2547527076567919,0.21823801462378759,0.3291338582677165,NEW_BENCH_P0_EVALUATION
R1,10,S_FIXED,-1,10,8,traffic light,5158,1123,2806,1085,0.21035284994183792,1085,0.3866714183891661,0.21035284994183792,0.2724761426418885,0.05685173522894546,0.15080046982182027,0.036218954546605966,0.0925164792555254,NEW_BENCH_P0_EVALUATION
R1,10,S_FIXED,-1,15,1,person,2771,631,2359,1267,0.4572356549981956,1267,0.5370919881305638,0.4572356549981956,0.4939571150097466,0.22985186100714544,0.41016684314631124,0.21975357174188215,0.2765788523998557,NEW_BENCH_P0_EVALUATION
R1,10,S_FIXED,-1,15,2,bicycle,244,125,104,53,0.21721311475409835,53,0.5096153846153846,0.21721311475409835,0.3045977011494253,0.08791168778890233,0.18903141599537238,0.0716498105184413,0.11270491803278689,NEW_BENCH_P0_EVALUATION
R1,10,S_FIXED,-1,15,3,car,20453,1988,18669,11682,0.5711631545494549,11671,0.6251539986073169,0.5706253361365081,0.596646388221461,0.3339477586098609,0.5315458856781675,0.34875229190950957,0.37778321028699946,NEW_BENCH_P0_EVALUATION
R1,10,S_FIXED,-1,15,4,motorcycle,95,66,87,20,0.21052631578947367,20,0.22988505747126436,0.21052631578947367,0.21978021978021975,0.07379992711919033,0.16399705111394697,0.06624336346678146,0.10421052631578946,NEW_BENCH_P0_EVALUATION
R1,10,S_FIXED,-1,15,5,bus,350,258,628,161,0.46,161,0.25636942675159236,0.46,0.3292433537832311,0.26416924862920155,0.32711169839974275,0.3026122687043014,0.3777142857142857,NEW_BENCH_P0_EVALUATION
R1,10,S_FIXED,-1,15,6,train,6,5,197,0,0,0,0,0,0,0,0,0,0,NEW_BENCH_P0_EVALUATION
R1,10,S_FIXED,-1,15,7,truck,889,540,2922,453,0.5095613048368954,453,0.15503080082135523,0.5095613048368954,0.23773287850957756,0.21208501441921707,0.28136855605792993,0.23805470065565465,0.39876265466816646,NEW_BENCH_P0_EVALUATION
R1,10,S_FIXED,-1,15,8,traffic light,5158,1123,5034,1631,0.31620783249321444,1631,0.3239968216130314,0.31620783249321444,0.3200549450549451,0.07343473436339659,0.20671535757888304,0.040551927621563934,0.13367584335013571,NEW_BENCH_P0_EVALUATION
R1,10,S_FIXED,-1,20,1,person,2771,631,3368,1471,0.5308552869000361,1471,0.43675771971496435,0.5308552869000361,0.47923114513764453,0.2504539223621089,0.4663169122214838,0.23197509793531917,0.3095994225911224,NEW_BENCH_P0_EVALUATION
R1,10,S_FIXED,-1,20,2,bicycle,244,125,158,60,0.2459016393442623,59,0.37341772151898733,0.24180327868852458,0.2935323383084577,0.09441843853228614,0.19917417338087784,0.07960663080283842,0.13319672131147542,NEW_BENCH_P0_EVALUATION
R1,10,S_FIXED,-1,20,3,car,20453,1988,23339,12729,0.622353688945387,12713,0.5447105702900724,0.6215714076174644,0.5806083302886371,0.3485224533015897,0.5654180168402181,0.35812660910969535,0.40075294577812554,NEW_BENCH_P0_EVALUATION
R1,10,S_FIXED,-1,20,4,motorcycle,95,66,135,24,0.25263157894736843,24,0.17777777777777778,0.25263157894736843,0.20869565217391303,0.07969018695549858,0.17955825696108077,0.0669872159629756,0.12315789473684209,NEW_BENCH_P0_EVALUATION
R1,10,S_FIXED,-1,20,5,bus,350,258,888,179,0.5114285714285715,179,0.20157657657657657,0.5114285714285715,0.28917609046849757,0.27679508747654663,0.34380524505773863,0.3180617359043967,0.41714285714285715,NEW_BENCH_P0_EVALUATION
R1,10,S_FIXED,-1,20,6,train,6,5,270,0,0,0,0,0,0,0,0,0,0,NEW_BENCH_P0_EVALUATION
R1,10,S_FIXED,-1,20,7,truck,889,540,4415,515,0.5793025871766029,515,0.11664779161947905,0.5793025871766029,0.1941930618401207,0.219436042152672,0.29421542833149894,0.24619433587110237,0.44206974128233967,NEW_BENCH_P0_EVALUATION
R1,10,S_FIXED,-1,20,8,traffic light,5158,1123,7427,1999,0.38755331523846454,1999,0.269153090076747,0.38755331523846454,0.31767977751291215,0.08266249729702392,0.2376418015092604,0.043953247599902975,0.1612640558355952,NEW_BENCH_P0_EVALUATION
R1,10,S_FIXED,-1,30,1,person,2771,631,5672,1682,0.6070010826416457,1681,0.29636812411847674,0.6066402020931072,0.39819969205258793,0.2660993489139649,0.5057174849429661,0.23901819905950789,0.3430530494406352,NEW_BENCH_P0_EVALUATION
R1,10,S_FIXED,-1,30,2,bicycle,244,125,278,75,0.3073770491803279,73,0.26258992805755393,0.29918032786885246,0.2796934865900383,0.10252709905216441,0.22186078621351024,0.08199311029054579,0.1627049180327869,NEW_BENCH_P0_EVALUATION
R1,10,S_FIXED,-1,30,3,car,20453,1988,32355,13942,0.6816603921185156,13916,0.43010353886570857,0.6803891849606415,0.5270413573700955,0.36007607542347136,0.597902288127612,0.36527154939502665,0.42693003471373386,NEW_BENCH_P0_EVALUATION
R1,10,S_FIXED,-1,30,4,motorcycle,95,66,254,27,0.28421052631578947,27,0.1062992125984252,0.28421052631578947,0.15472779369627507,0.08209627210962103,0.18449808619117428,0.07069258470370997,0.14210526315789473,NEW_BENCH_P0_EVALUATION
R1,10,S_FIXED,-1,30,5,bus,350,258,1407,208,0.5942857142857143,208,0.1478322672352523,0.5942857142857143,0.23676721684689808,0.2898732417230977,0.36231202940883545,0.3321045778714628,0.4797142857142857,NEW_BENCH_P0_EVALUATION
R1,10,S_FIXED,-1,30,6,train,6,5,437,0,0,0,0,0,0,0,0,0,0,NEW_BENCH_P0_EVALUATION
R1,10,S_FIXED,-1,30,7,truck,889,540,7309,591,0.6647919010123734,591,0.08085921466684909,0.6647919010123734,0.14418150768480117,0.22593799454997415,0.3060270842964857,0.2523838452715593,0.4961754780652418,NEW_BENCH_P0_EVALUATION
R1,10,S_FIXED,-1,30,8,traffic light,5158,1123,12288,2440,0.4730515703761148,2439,0.198486328125,0.4728576967816983,0.27960564026137796,0.09100543968515598,0.26713791566499656,0.04598503263651852,0.19534703373400542,NEW_BENCH_P0_EVALUATION
R1,10,S_FIXED,-1,40,1,person,2771,631,8175,1791,0.6463370624323349,1790,0.21896024464831804,0.6459761818837965,0.32706011328339124,0.2719031234950216,0.5224004717850897,0.24139360879389785,0.3604114038253338,NEW_BENCH_P0_EVALUATION
R1,10,S_FIXED,-1,40,2,bicycle,244,125,418,90,0.36885245901639346,86,0.20574162679425836,0.3524590163934426,0.2598187311178248,0.1081494882633701,0.240141335844098,0.0841412080720221,0.18770491803278688,NEW_BENCH_P0_EVALUATION
R1,10,S_FIXED,-1,40,3,car,20453,1988,41019,14633,0.715445166968171,14604,0.3560301323776786,0.7140272820613113,0.4751431546069755,0.36573560748655715,0.6111512710131347,0.3679515068427327,0.441524470737789,NEW_BENCH_P0_EVALUATION
R1,10,S_FIXED,-1,40,4,motorcycle,95,66,380,29,0.30526315789473685,29,0.07631578947368421,0.30526315789473685,0.12210526315789473,0.0844111249527763,0.18742696148680585,0.07309024080111133,0.16526315789473683,NEW_BENCH_P0_EVALUATION
R1,10,S_FIXED,-1,40,5,bus,350,258,1967,225,0.6428571428571429,225,0.11438739196746314,0.6428571428571429,0.19421665947345704,0.2951710943470421,0.3707289616716843,0.33838809124091407,0.5117142857142858,NEW_BENCH_P0_EVALUATION
R1,10,S_FIXED,-1,40,6,train,6,5,635,0,0,0,0,0,0,0,0,0,0,NEW_BENCH_P0_EVALUATION
R1,10,S_FIXED,-1,40,7,truck,889,540,10034,640,0.7199100112485939,640,0.06378313733306758,0.7199100112485939,0.11718392383044952,0.22849737464099504,0.3104663131239607,0.2553293087273313,0.53037120359955,NEW_BENCH_P0_EVALUATION
R1,10,S_FIXED,-1,40,8,traffic light,5158,1123,17372,2697,0.52287708414114,2696,0.15519226341238776,0.5226832105467235,0.23932534398579672,0.09418362371882284,0.2792444859087756,0.046764909768135236,0.2140946103140752,NEW_BENCH_P0_EVALUATION
R1,20,M11,530101,10,1,person,2771,631,2116,1427,0.514976542764345,1426,0.6739130434782609,0.5146156622158066,0.5835891139758543,0.2471070357764872,0.45779130663033574,0.2296991183776648,0.3003247924936846,NEW_BENCH_P0_EVALUATION
R1,20,M11,530101,10,2,bicycle,244,125,91,52,0.21311475409836064,52,0.5714285714285714,0.21311475409836064,0.31044776119402984,0.0886675096283473,0.18655817415644965,0.07519214686048185,0.11680327868852458,NEW_BENCH_P0_EVALUATION
R1,20,M11,530101,10,3,car,20453,1988,13059,10471,0.5119542365423165,10465,0.8013630446435408,0.5116608810443456,0.6245523991406063,0.3177175452815458,0.48974509382152315,0.3388372709799014,0.35217327531413484,NEW_BENCH_P0_EVALUATION
R1,20,M11,530101,10,4,motorcycle,95,66,41,18,0.18947368421052632,18,0.43902439024390244,0.18947368421052632,0.2647058823529412,0.07148347826366032,0.15991275960135748,0.06471185580096471,0.08842105263157896,NEW_BENCH_P0_EVALUATION
R1,20,M11,530101,10,5,bus,350,258,460,163,0.4657142857142857,163,0.35434782608695653,0.4657142857142857,0.4024691358024691,0.26883045371879694,0.33193587486866377,0.3090227241964266,0.3828571428571429,NEW_BENCH_P0_EVALUATION
R1,20,M11,530101,10,6,train,6,5,65,0,0,0,0,0,0,0,0,0,0,NEW_BENCH_P0_EVALUATION
R1,20,M11,530101,10,7,truck,889,540,1465,431,0.484814398200225,431,0.29419795221843004,0.484814398200225,0.36618521665250636,0.21247809594756498,0.2846979309727857,0.23950456306556034,0.3757030371203599,NEW_BENCH_P0_EVALUATION
R1,20,M11,530101,10,8,traffic light,5158,1123,2703,1365,0.26463745637844127,1365,0.5049944506104328,0.26463745637844127,0.34728406055209265,0.06971528095596065,0.18841079994188448,0.04174213242056725,0.1183598293912369,NEW_BENCH_P0_EVALUATION
R1,20,M11,530101,15,1,person,2771,631,3216,1635,0.5900396968603392,1634,0.5080845771144279,0.5896788163118007,0.5458493402371807,0.263610171973747,0.4995654253113111,0.23642910865596392,0.3348610609888127,NEW_BENCH_P0_EVALUATION
R1,20,M11,530101,15,2,bicycle,244,125,181,72,0.29508196721311475,69,0.3812154696132597,0.2827868852459016,0.3247058823529411,0.09938287060197999,0.21843162023108909,0.07848399963479645,0.14918032786885244,NEW_BENCH_P0_EVALUATION
R1,20,M11,530101,15,3,car,20453,1988,17744,12162,0.5946315943871314,12149,0.6846821460775473,0.5939959908081944,0.6361232557530696,0.34260077072764816,0.5490748531232533,0.3545904962153062,0.38972277905441743,NEW_BENCH_P0_EVALUATION
R1,20,M11,530101,15,4,motorcycle,95,66,81,20,0.21052631578947367,20,0.24691358024691357,0.21052631578947367,0.22727272727272727,0.07623451524901313,0.16848857785707774,0.06782178217821783,0.10842105263157893,NEW_BENCH_P0_EVALUATION
R1,20,M11,530101,15,5,bus,350,258,759,189,0.54,189,0.2490118577075099,0.54,0.3408476104598738,0.283533798307807,0.3536221806358975,0.3255311856123369,0.4382857142857143,NEW_BENCH_P0_EVALUATION
R1,20,M11,530101,15,6,train,6,5,75,0,0,0,0,0,0,0,0,0,0,NEW_BENCH_P0_EVALUATION
R1,20,M11,530101,15,7,truck,889,540,2850,523,0.5883014623172104,523,0.18350877192982457,0.5883014623172104,0.27975394490505484,0.22259384388054157,0.3006357100497867,0.2492638430016575,0.44578177727784024,NEW_BENCH_P0_EVALUATION
R1,20,M11,530101,15,8,traffic light,5158,1123,5094,2003,0.3883288096161303,2003,0.39320769532783667,0.3883288096161303,0.3907530238002341,0.08525826118051259,0.2428194602905784,0.04581877219454607,0.16558743699108183,NEW_BENCH_P0_EVALUATION
R1,20,M11,530101,20,1,person,2771,631,4291,1764,0.6365932876217972,1763,0.41085993940806337,0.6362324070732588,0.4992919852732936,0.27150837901313407,0.5219512462839522,0.2416516741975343,0.3557199566943342,NEW_BENCH_P0_EVALUATION
R1,20,M11,530101,20,2,bicycle,244,125,257,83,0.3401639344262295,79,0.30739299610894943,0.3237704918032787,0.31536926147704597,0.1056627334262652,0.23193554957281168,0.08155478945550566,0.17459016393442622,NEW_BENCH_P0_EVALUATION
R1,20,M11,530101,20,3,car,20453,1988,22297,13128,0.6418618295604557,13111,0.5880163250661524,0.641030655649538,0.6133801169590644,0.354039081961986,0.5798147110626448,0.36262084939814176,0.4101403217131961,NEW_BENCH_P0_EVALUATION
R1,20,M11,530101,20,4,motorcycle,95,66,132,25,0.2631578947368421,25,0.1893939393939394,0.2631578947368421,0.22026431718061673,0.08297340969017877,0.18339128127774829,0.0725594272833385,0.14105263157894737,NEW_BENCH_P0_EVALUATION
R1,20,M11,530101,20,5,bus,350,258,1015,205,0.5857142857142857,205,0.2019704433497537,0.5857142857142857,0.3003663003663004,0.28872290996408956,0.3614730406289631,0.3306121793593081,0.4685714285714285,NEW_BENCH_P0_EVALUATION
R1,20,M11,530101,20,6,train,6,5,94,0,0,0,0,0,0,0,0,0,0,NEW_BENCH_P0_EVALUATION
R1,20,M11,530101,20,7,truck,889,540,4408,577,0.6490438695163104,577,0.1308983666061706,0.6490438695163104,0.21785916556541438,0.2264632055930817,0.3066836360979738,0.2539748926849262,0.485376827896513,NEW_BENCH_P0_EVALUATION
R1,20,M11,530101,20,8,traffic light,5158,1123,7506,2333,0.45230709577355566,2333,0.3108180122568612,0.45230709577355566,0.36844598862918504,0.09088623028345673,0.2649995849812217,0.0463790828956728,0.18927879022877084,NEW_BENCH_P0_EVALUATION
R1,20,M11,530101,30,1,person,2771,631,6290,1840,0.6640202093107181,1839,0.29236883942766295,0.6636593287621797,0.4059154618695508,0.27474241977530833,0.5304354029070377,0.243279774448483,0.3682425117286178,NEW_BENCH_P0_EVALUATION
R1,20,M11,530101,30,2,bicycle,244,125,384,94,0.38524590163934425,90,0.234375,0.36885245901639346,0.28662420382165604,0.10945031737936432,0.24330642053491727,0.08409007400208698,0.19385245901639345,NEW_BENCH_P0_EVALUATION
R1,20,M11,530101,30,3,car,20453,1988,31631,14307,0.6995061849117489,14281,0.4514874648288072,0.6982349777538748,0.5483833806927272,0.3631946643803415,0.6041373381759509,0.36563107555521995,0.43521732753141346,NEW_BENCH_P0_EVALUATION
R1,20,M11,530101,30,4,motorcycle,95,66,263,29,0.30526315789473685,29,0.11026615969581749,0.30526315789473685,0.16201117318435757,0.08479505386997538,0.1877644800012348,0.07390673920772116,0.1694736842105263,NEW_BENCH_P0_EVALUATION
R1,20,M11,530101,30,5,bus,350,258,1526,223,0.6371428571428571,223,0.14613368283093053,0.6371428571428571,0.23773987206823027,0.29498594762943414,0.3696035562191817,0.33853073619581747,0.5088571428571428,NEW_BENCH_P0_EVALUATION
R1,20,M11,530101,30,6,train,6,5,167,0,0,0,0,0,0,0,0,0,0,NEW_BENCH_P0_EVALUATION
R1,20,M11,530101,30,7,truck,889,540,7391,638,0.7176602924634421,638,0.08632120146123663,0.7176602924634421,0.1541062801932367,0.22902583712743593,0.3114124108670822,0.2558234172561162,0.5283464566929134,NEW_BENCH_P0_EVALUATION
R1,20,M11,530101,30,8,traffic light,5158,1123,12348,2676,0.5188057386583947,2675,0.21663427275672173,0.5186118650639783,0.3056095053124643,0.09437928474193293,0.27868019644146386,0.046843115677858364,0.213125242341993,NEW_BENCH_P0_EVALUATION
R1,20,M11,530101,40,1,person,2771,631,8243,1859,0.6708769397329484,1858,0.22540337255853451,0.6705160591844099,0.3373887779190122,0.27491388126647637,0.53199857812705,0.24320138051756532,0.3713821725009022,NEW_BENCH_P0_EVALUATION
R1,20,M11,530101,40,2,bicycle,244,125,485,97,0.3975409836065574,93,0.19175257731958764,0.38114754098360654,0.2551440329218107,0.11000244369232359,0.24685343652466696,0.0849829447331372,0.2012295081967213,NEW_BENCH_P0_EVALUATION
R1,20,M11,530101,40,3,car,20453,1988,40844,14933,0.7301129418667188,14908,0.3649985309959847,0.7288906272918398,0.48641858492259005,0.3679256276263891,0.615645022398104,0.36811955114826156,0.4476800469368796,NEW_BENCH_P0_EVALUATION
R1,20,M11,530101,40,4,motorcycle,95,66,393,31,0.3263157894736842,31,0.07888040712468193,0.3263157894736842,0.12704918032786885,0.08529050086206698,0.18939273359099695,0.07365279261357704,0.17789473684210527,NEW_BENCH_P0_EVALUATION
R1,20,M11,530101,40,5,bus,350,258,2037,230,0.6571428571428571,230,0.11291114383897889,0.6571428571428571,0.19271051529116043,0.2961269807643295,0.3718652163337389,0.3392336910745108,0.5214285714285715,NEW_BENCH_P0_EVALUATION
R1,20,M11,530101,40,6,train,6,5,338,0,0,0,0,0,0,0,0,0,0,NEW_BENCH_P0_EVALUATION
R1,20,M11,530101,40,7,truck,889,540,10196,668,0.7514060742407199,668,0.06551588858375834,0.7514060742407199,0.12052322958953542,0.23014404599752245,0.3135411914112483,0.2573312131265121,0.5526434195725534,NEW_BENCH_P0_EVALUATION
R1,20,M11,530101,40,8,traffic light,5158,1123,17464,2815,0.54575416828228,2813,0.16107420980302337,0.545366421093447,0.24869595968526215,0.09546379019977107,0.2834545247626092,0.047267570926809235,0.22283830942225671,NEW_BENCH_P0_EVALUATION
R1,20,M11,530102,10,1,person,2771,631,2111,1419,0.5120894983760376,1418,0.6717195641875888,0.5117286178274991,0.580909463334699,0.24697522871508992,0.45734598308946717,0.22965228056800252,0.2996391194514616,NEW_BENCH_P0_EVALUATION
R1,20,M11,530102,10,2,bicycle,244,125,96,54,0.22131147540983606,53,0.5520833333333334,0.21721311475409835,0.31176470588235294,0.08831141434758684,0.18614908884509304,0.07485945306105966,0.1180327868852459,NEW_BENCH_P0_EVALUATION
R1,20,M11,530102,10,3,car,20453,1988,12990,10420,0.5094607148095633,10413,0.8016166281755196,0.5091184667285973,0.6227312143049368,0.3169181777788255,0.481681865107921,0.3388754911351757,0.3517185742922799,NEW_BENCH_P0_EVALUATION
R1,20,M11,530102,10,4,motorcycle,95,66,43,18,0.18947368421052632,18,0.4186046511627907,0.18947368421052632,0.2608695652173913,0.07320215178016475,0.15557671151730557,0.06684945417618686,0.09578947368421054,NEW_BENCH_P0_EVALUATION
R1,20,M11,530102,10,5,bus,350,258,488,165,0.4714285714285714,165,0.33811475409836067,0.4714285714285714,0.3937947494033413,0.27256479104211456,0.33591567127007105,0.3139125433169085,0.3911428571428571,NEW_BENCH_P0_EVALUATION
R1,20,M11,530102,10,6,train,6,5,65,0,0,0,0,0,0,0,0,0,0,NEW_BENCH_P0_EVALUATION
R1,20,M11,530102,10,7,truck,889,540,1583,442,0.49718785151856015,442,0.279216677195199,0.49718785151856015,0.35760517799352753,0.2139429291811688,0.2858126539776669,0.24078312366119795,0.38515185601799773,NEW_BENCH_P0_EVALUATION
R1,20,M11,530102,10,8,traffic light,5158,1123,2624,1327,0.2572702597906165,1327,0.5057164634146342,0.2572702597906165,0.34104343356463634,0.06835626070094258,0.18291987057071485,0.041712697890133196,0.11454051958123301,NEW_BENCH_P0_EVALUATION
R1,20,M11,530102,15,1,person,2771,631,3164,1628,0.5875135330205702,1627,0.5142225031605563,0.5871526524720317,0.5482729570345408,0.2635999833651083,0.4993810031319551,0.23649677451895948,0.33388668350775896,NEW_BENCH_P0_EVALUATION
R1,20,M11,530102,15,2,bicycle,244,125,195,76,0.3114754098360656,72,0.36923076923076925,0.29508196721311475,0.32801822323462415,0.10258100806241892,0.22249214450039922,0.08031976303145533,0.160655737704918,NEW_BENCH_P0_EVALUATION
R1,20,M11,530102,15,3,car,20453,1988,17748,12155,0.5942893463061654,12141,0.684077079107505,0.5936048501442331,0.6356378105285203,0.3425671104138441,0.549018273503604,0.35458952147815204,0.3895516550139344,NEW_BENCH_P0_EVALUATION
R1,20,M11,530102,15,4,motorcycle,95,66,101,23,0.24210526315789474,23,0.22772277227722773,0.24210526315789474,0.23469387755102042,0.07974694046716489,0.17827547351999073,0.06881819329473932,0.1231578947368421,NEW_BENCH_P0_EVALUATION
R1,20,M11,530102,15,5,bus,350,258,801,192,0.5485714285714286,192,0.2397003745318352,0.5485714285714286,0.3336229365768897,0.28483760809366854,0.35294678028102044,0.3274501719724452,0.44742857142857134,NEW_BENCH_P0_EVALUATION
R1,20,M11,530102,15,6,train,6,5,79,0,0,0,0,0,0,0,0,0,0,NEW_BENCH_P0_EVALUATION
R1,20,M11,530102,15,7,truck,889,540,3035,530,0.5961754780652418,530,0.17462932454695224,0.5961754780652418,0.2701325178389399,0.22308556149445133,0.3016297613727473,0.25030612206083847,0.45208098987626555,NEW_BENCH_P0_EVALUATION
R1,20,M11,530102,15,8,traffic light,5158,1123,4877,1954,0.3788290034897247,1954,0.4006561410703301,0.3788290034897247,0.3894369706028899,0.08383140105323933,0.23854534918883633,0.04459250244013813,0.16227219852656066,NEW_BENCH_P0_EVALUATION
R1,20,M11,530102,20,1,person,2771,631,4237,1747,0.6304583182966438,1746,0.4120840217134765,0.6300974377481053,0.4982876712328767,0.27118443186776287,0.5217881130731055,0.2417184996887377,0.35351858534824976,NEW_BENCH_P0_EVALUATION
R1,20,M11,530102,20,2,bicycle,244,125,259,81,0.3319672131147541,77,0.2972972972972973,0.3155737704918033,0.3061630218687873,0.10518597301829334,0.2281621607215169,0.08150226557964042,0.1737704918032787,NEW_BENCH_P0_EVALUATION
R1,20,M11,530102,20,3,car,20453,1988,22301,13128,0.6418618295604557,13109,0.5878211739383884,0.6409328704835476,0.6132291715395051,0.35403322607626975,0.5797497841294514,0.36264072552569526,0.4103407813034762,NEW_BENCH_P0_EVALUATION
R1,20,M11,530102,20,4,motorcycle,95,66,145,25,0.2631578947368421,25,0.1724137931034483,0.2631578947368421,0.20833333333333334,0.08274091190020719,0.18285508298774128,0.07242854720254635,0.14105263157894737,NEW_BENCH_P0_EVALUATION
R1,20,M11,530102,20,5,bus,350,258,1074,209,0.5971428571428572,209,0.1945996275605214,0.5971428571428572,0.2935393258426966,0.2904658178836408,0.3632647321847798,0.33277991810859486,0.4788571428571428,NEW_BENCH_P0_EVALUATION
R1,20,M11,530102,20,6,train,6,5,106,0,0,0,0,0,0,0,0,0,0,NEW_BENCH_P0_EVALUATION
R1,20,M11,530102,20,7,truck,889,540,4592,587,0.6602924634420697,587,0.12783101045296166,0.6602924634420697,0.21419449005655902,0.22688606451533028,0.30908818279518663,0.2539066276605146,0.4888638920134983,NEW_BENCH_P0_EVALUATION
R1,20,M11,530102,20,8,traffic light,5158,1123,7286,2285,0.4430011632415665,2285,0.3136151523469668,0.4430011632415665,0.36724525875924147,0.08988490128321895,0.26158182691460874,0.04634436513624218,0.18602171384257463,NEW_BENCH_P0_EVALUATION
R1,20,M11,530102,30,1,person,2771,631,6149,1839,0.6636593287621797,1838,0.29891039193364777,0.6632984482136413,0.4121076233183857,0.2747894612693562,0.5304787145156984,0.24336488969663136,0.36809815950920244,NEW_BENCH_P0_EVALUATION
R1,20,M11,530102,30,2,bicycle,244,125,404,95,0.38934426229508196,91,0.22524752475247525,0.3729508196721312,0.2808641975308642,0.10980684580225009,0.245558310220543,0.08405256545339905,0.19795081967213116,NEW_BENCH_P0_EVALUATION
R1,20,M11,530102,30,3,car,20453,1988,31758,14314,0.699848432992715,14286,0.4498394105422256,0.6984794406688505,0.5472410028538047,0.36301202958438683,0.6039295959546777,0.3656101231728727,0.43518310272331695,NEW_BENCH_P0_EVALUATION
R1,20,M11,530102,30,4,motorcycle,95,66,269,30,0.3157894736842105,30,0.11152416356877323,0.3157894736842105,0.16483516483516483,0.08510672953882487,0.18874799124067873,0.07376295453046884,0.1736842105263158,NEW_BENCH_P0_EVALUATION
R1,20,M11,530102,30,5,bus,350,258,1590,225,0.6428571428571429,225,0.14150943396226415,0.6428571428571429,0.23195876288659795,0.2955141089939116,0.3710054993467183,0.33842545815010433,0.5125714285714286,NEW_BENCH_P0_EVALUATION
R1,20,M11,530102,30,6,train,6,5,188,0,0,0,0,0,0,0,0,0,0,NEW_BENCH_P0_EVALUATION
R1,20,M11,530102,30,7,truck,889,540,7537,640,0.7199100112485939,640,0.0849144221838928,0.7199100112485939,0.15191075243294563,0.2290233707285677,0.3112285977121718,0.25585234999463935,0.5295838020247469,NEW_BENCH_P0_EVALUATION
R1,20,M11,530102,30,8,traffic light,5158,1123,12105,2664,0.5164792555253974,2663,0.21999173895084675,0.516285381930981,0.3085211145223889,0.0943810318357373,0.27860457349963996,0.04683754368017202,0.2124079100426522,NEW_BENCH_P0_EVALUATION
R1,20,M11,530102,40,1,person,2771,631,8124,1859,0.6708769397329484,1858,0.22870507139340226,0.6705160591844099,0.34107388710417624,0.2749307205284359,0.5320506918857175,0.2432054054805222,0.37130999639119455,NEW_BENCH_P0_EVALUATION
R1,20,M11,530102,40,2,bicycle,244,125,487,97,0.3975409836065574,93,0.19096509240246407,0.38114754098360654,0.2544459644322845,0.11002873731909653,0.2469249581256606,0.08500587743782112,0.2012295081967213,NEW_BENCH_P0_EVALUATION
R1,20,M11,530102,40,3,car,20453,1988,41015,14931,0.7300151567007285,14904,0.3633792514933561,0.7286950569598591,0.4849352508622373,0.3679296985740362,0.6156680168447197,0.36811953020058935,0.4476800469368796,NEW_BENCH_P0_EVALUATION
R1,20,M11,530102,40,4,motorcycle,95,66,399,31,0.3263157894736842,31,0.07769423558897243,0.3263157894736842,0.12550607287449392,0.08530975012318667,0.18942870452022686,0.07366311199972655,0.17789473684210527,NEW_BENCH_P0_EVALUATION
R1,20,M11,530102,40,5,bus,350,258,2085,231,0.66,231,0.11079136690647481,0.66,0.18973305954825462,0.29649901633392184,0.3729953045335355,0.3402500363709285,0.524,NEW_BENCH_P0_EVALUATION
R1,20,M11,530102,40,6,train,6,5,374,0,0,0,0,0,0,0,0,0,0,NEW_BENCH_P0_EVALUATION
R1,20,M11,530102,40,7,truck,889,540,10254,671,0.7547806524184477,671,0.06543787790130681,0.7547806524184477,0.12043435340572557,0.2302887490475615,0.3135043457260351,0.25728248167558626,0.5548931383577053,NEW_BENCH_P0_EVALUATION
R1,20,M11,530102,40,8,traffic light,5158,1123,17262,2809,0.5445909267157814,2808,0.16266944734098018,0.5443970531213649,0.25049063336306865,0.09545531037008868,0.2834489192277225,0.047258788699968336,0.2225668863900737,NEW_BENCH_P0_EVALUATION
R1,20,M11,530103,10,1,person,2771,631,2089,1414,0.5102850956333453,1413,0.6764001914791766,0.5099242150848069,0.5814814814814815,0.2458466316929557,0.4507044470436621,0.22960747510387458,0.29913388668350777,NEW_BENCH_P0_EVALUATION
R1,20,M11,530103,10,2,bicycle,244,125,101,54,0.22131147540983606,53,0.5247524752475248,0.21721311475409835,0.3072463768115942,0.08835090076686052,0.18619704483924018,0.07472458588266799,0.11721311475409835,NEW_BENCH_P0_EVALUATION
R1,20,M11,530103,10,3,car,20453,1988,13104,10487,0.5127365178702391,10480,0.7997557997557998,0.5123942697892729,0.6246088744524243,0.31839436322840275,0.48972892754380176,0.3388476753571505,0.3530142277416516,NEW_BENCH_P0_EVALUATION
R1,20,M11,530103,10,4,motorcycle,95,66,46,18,0.18947368421052632,18,0.391304347826087,0.18947368421052632,0.2553191489361702,0.07143348037624711,0.15978600439383106,0.06471185580096471,0.08842105263157896,NEW_BENCH_P0_EVALUATION
R1,20,M11,530103,10,5,bus,350,258,478,163,0.4657142857142857,163,0.3410041841004184,0.4657142857142857,0.393719806763285,0.2712780571951381,0.3325787946307421,0.3138416922893332,0.38771428571428573,NEW_BENCH_P0_EVALUATION
R1,20,M11,530103,10,6,train,6,5,69,0,0,0,0,0,0,0,0,0,0,NEW_BENCH_P0_EVALUATION
R1,20,M11,530103,10,7,truck,889,540,1530,437,0.4915635545556805,437,0.2856209150326797,0.4915635545556805,0.36130632492765596,0.21336001788370193,0.2870548165663908,0.2391199329531104,0.3808773903262092,NEW_BENCH_P0_EVALUATION
R1,20,M11,530103,10,8,traffic light,5158,1123,2583,1300,0.2520356727413726,1300,0.5032907471931862,0.2520356727413726,0.3358739180984369,0.06840006209445709,0.18270937755772937,0.04156749711443464,0.11312524234199299,NEW_BENCH_P0_EVALUATION
R1,20,M11,530103,15,1,person,2771,631,3190,1634,0.5896788163118007,1633,0.5119122257053291,0.5893179357632624,0.5478946485489012,0.2636148904209518,0.49961649073899306,0.23644809244295656,0.33442800433056663,NEW_BENCH_P0_EVALUATION
R1,20,M11,530103,15,2,bicycle,244,125,196,76,0.3114754098360656,72,0.3673469387755102,0.29508196721311475,0.32727272727272727,0.10156662181501634,0.2229981377976734,0.07836802098447707,0.1557377049180328,NEW_BENCH_P0_EVALUATION
R1,20,M11,530103,15,3,car,20453,1988,17883,12202,0.5965872977069379,12188,0.6815411284460102,0.5959028015450056,0.6358514190317196,0.343134090893531,0.54910714774231,0.35461935232931097,0.3905343959321371,NEW_BENCH_P0_EVALUATION
R1,20,M11,530103,15,4,motorcycle,95,66,98,23,0.24210526315789474,23,0.23469387755102042,0.24210526315789474,0.2383419689119171,0.07982236536017666,0.17837390133392955,0.06888625482266536,0.1231578947368421,NEW_BENCH_P0_EVALUATION
R1,20,M11,530103,15,5,bus,350,258,770,190,0.5428571428571428,190,0.24675324675324675,0.5428571428571428,0.33928571428571425,0.28418246625397653,0.35351613943217153,0.3278288776076443,0.44142857142857145,NEW_BENCH_P0_EVALUATION
R1,20,M11,530103,15,6,train,6,5,78,0,0,0,0,0,0,0,0,0,0,NEW_BENCH_P0_EVALUATION
R1,20,M11,530103,15,7,truck,889,540,2955,530,0.5961754780652418,530,0.1793570219966159,0.5961754780652418,0.2757544224765869,0.22372489271825102,0.3021157519219374,0.25058548861937263,0.452755905511811,NEW_BENCH_P0_EVALUATION
R1,20,M11,530103,15,8,traffic light,5158,1123,4830,1958,0.3796044978673905,1958,0.40538302277432714,0.3796044978673905,0.39207048458149785,0.08436988445721424,0.23878759180516881,0.04587850205174904,0.162582396277627,NEW_BENCH_P0_EVALUATION
R1,20,M11,530103,20,1,person,2771,631,4285,1742,0.6286539155539517,1741,0.40630105017502915,0.6282930350054132,0.49348072562358275,0.27025778118452487,0.5174862372741543,0.24163966890610977,0.35276073619631904,NEW_BENCH_P0_EVALUATION
R1,20,M11,530103,20,2,bicycle,244,125,267,82,0.3360655737704918,78,0.29213483146067415,0.319672131147541,0.30528375733855184,0.10497222241770672,0.22847903811009712,0.08148713375757792,0.17336065573770493,NEW_BENCH_P0_EVALUATION
R1,20,M11,530103,20,3,car,20453,1988,22449,13155,0.643181929301325,13136,0.5851485589558555,0.642252970224417,0.6123723835718614,0.3540164514338194,0.5797193462096518,0.36260952657941475,0.41108394856500274,NEW_BENCH_P0_EVALUATION
R1,20,M11,530103,20,4,motorcycle,95,66,151,25,0.2631578947368421,25,0.16556291390728478,0.2631578947368421,0.2032520325203252,0.08181825912984492,0.18101658461473144,0.0718306475114375,0.14105263157894737,NEW_BENCH_P0_EVALUATION
R1,20,M11,530103,20,5,bus,350,258,1033,207,0.5914285714285714,207,0.20038722168441434,0.5914285714285714,0.2993492407809111,0.29018038724455153,0.3633490770804112,0.33273872543220745,0.4754285714285714,NEW_BENCH_P0_EVALUATION
R1,20,M11,530103,20,6,train,6,5,102,0,0,0,0,0,0,0,0,0,0,NEW_BENCH_P0_EVALUATION
R1,20,M11,530103,20,7,truck,889,540,4503,582,0.6546681664791901,582,0.12924716855429713,0.6546681664791901,0.21587537091988127,0.22673157751185735,0.30773104914920263,0.2537326738568044,0.4886389201349831,NEW_BENCH_P0_EVALUATION
R1,20,M11,530103,20,8,traffic light,5158,1123,7210,2289,0.44377665761923224,2289,0.3174757281553398,0.44377665761923224,0.37014877102199223,0.08973304135938967,0.26171912128399466,0.04638630897377876,0.18615742535866614,NEW_BENCH_P0_EVALUATION
R1,20,M11,530103,30,1,person,2771,631,6288,1839,0.6636593287621797,1838,0.2923027989821883,0.6632984482136413,0.40578430290319023,0.2747433140579033,0.5303913475085252,0.24327719507208653,0.3682425117286178,NEW_BENCH_P0_EVALUATION
R1,20,M11,530103,30,2,bicycle,244,125,414,95,0.38934426229508196,91,0.21980676328502416,0.3729508196721312,0.2765957446808511,0.10976576046941415,0.24545134029607732,0.0840438639386035,0.19795081967213116,NEW_BENCH_P0_EVALUATION
R1,20,M11,530103,30,3,car,20453,1988,31747,14311,0.6997017552437296,14282,0.4498692789869909,0.6982838703368699,0.5472030651340996,0.363060100801309,0.604050634492719,0.3656249409866614,0.43532978047230236,NEW_BENCH_P0_EVALUATION
R1,20,M11,530103,30,4,motorcycle,95,66,282,29,0.30526315789473685,29,0.10283687943262411,0.30526315789473685,0.15384615384615385,0.08456963128970026,0.18738382398982553,0.0736981330940494,0.1694736842105263,NEW_BENCH_P0_EVALUATION
R1,20,M11,530103,30,5,bus,350,258,1544,224,0.64,224,0.14507772020725387,0.64,0.2365364308342133,0.295167588757119,0.37092795014925706,0.33844515842851014,0.5105714285714286,NEW_BENCH_P0_EVALUATION
R1,20,M11,530103,30,6,train,6,5,168,0,0,0,0,0,0,0,0,0,0,NEW_BENCH_P0_EVALUATION
R1,20,M11,530103,30,7,truck,889,540,7537,642,0.7221597300337458,642,0.08517977975321746,0.7221597300337458,0.1523854735342986,0.22911840634077096,0.3121819776254043,0.2558286322881431,0.5302587176602924,NEW_BENCH_P0_EVALUATION
R1,20,M11,530103,30,8,traffic light,5158,1123,12020,2660,0.5157037611477316,2659,0.22121464226289517,0.5155098875533153,0.3095820235184539,0.09431675869077416,0.27872590920060597,0.04684320982503474,0.21180690189996124,NEW_BENCH_P0_EVALUATION
R1,20,M11,530103,40,1,person,2771,631,8246,1860,0.6712378202814868,1859,0.22544263885520252,0.6708769397329484,0.3374784424071889,0.27513950069527165,0.532077660906515,0.24320199852062704,0.3714182605557561,NEW_BENCH_P0_EVALUATION
R1,20,M11,530103,40,2,bicycle,244,125,487,97,0.3975409836065574,93,0.19096509240246407,0.38114754098360654,0.2544459644322845,0.10998168366500691,0.2468071008876005,0.08496660074944522,0.2012295081967213,NEW_BENCH_P0_EVALUATION
R1,20,M11,530103,40,3,car,20453,1988,40985,14942,0.7305529751136752,14916,0.36393802610711234,0.7292817679558011,0.48556268107685785,0.36794049201438705,0.6156817704862512,0.3681211304618285,0.4479587346599521,NEW_BENCH_P0_EVALUATION
R1,20,M11,530103,40,4,motorcycle,95,66,401,31,0.3263157894736842,31,0.0773067331670823,0.3263157894736842,0.125,0.08528384165248931,0.18937733763626413,0.0736498870737659,0.17789473684210527,NEW_BENCH_P0_EVALUATION
R1,20,M11,530103,40,5,bus,350,258,2041,230,0.6571428571428571,230,0.11268985791278785,0.6571428571428571,0.19238812212463402,0.2961781249693517,0.3717697190014904,0.33923642975648566,0.5225714285714286,NEW_BENCH_P0_EVALUATION
R1,20,M11,530103,40,6,train,6,5,369,0,0,0,0,0,0,0,0,0,0,NEW_BENCH_P0_EVALUATION
R1,20,M11,530103,40,7,truck,889,540,10339,670,0.7536557930258717,670,0.06480317245381564,0.7536557930258717,0.1193444959030994,0.23025757454252285,0.31351760239193055,0.25729124647940316,0.553880764904387,NEW_BENCH_P0_EVALUATION
R1,20,M11,530103,40,8,traffic light,5158,1123,17132,2815,0.54575416828228,2813,0.1641956572495914,0.545366421093447,0.25240017945266935,0.09547959666165542,0.28349242764961924,0.04727381315875496,0.22328421868941448,NEW_BENCH_P0_EVALUATION
R1,20,S_ADAPT,-1,10,1,person,2771,631,1819,1301,0.46950559364850236,1301,0.7152281473336999,0.46950559364850236,0.566884531590414,0.23430486673272558,0.4214950264799112,0.22073605522722783,0.2802959220498015,NEW_BENCH_P0_EVALUATION
R1,20,S_ADAPT,-1,10,2,bicycle,244,125,65,45,0.18442622950819673,45,0.6923076923076923,0.18442622950819673,0.2912621359223301,0.08210681809514392,0.1683685811062256,0.06826473856176828,0.10286885245901638,NEW_BENCH_P0_EVALUATION
R1,20,S_ADAPT,-1,10,3,car,20453,1988,13540,10614,0.5189458759106244,10604,0.7831610044313146,0.5184569500806727,0.6238931544729797,0.3191172820427399,0.4888986980495586,0.3383262424257978,0.353908962010463,NEW_BENCH_P0_EVALUATION
R1,20,S_ADAPT,-1,10,4,motorcycle,95,66,36,16,0.16842105263157894,16,0.4444444444444444,0.16842105263157894,0.24427480916030533,0.06694592991143612,0.14813501298555876,0.06461312797946461,0.07789473684210527,NEW_BENCH_P0_EVALUATION
R1,20,S_ADAPT,-1,10,5,bus,350,258,357,141,0.40285714285714286,141,0.3949579831932773,0.40285714285714286,0.3988684582743989,0.2536969233395324,0.3088945275862676,0.29171272949685845,0.33885714285714286,NEW_BENCH_P0_EVALUATION
R1,20,S_ADAPT,-1,10,6,train,6,5,66,0,0,0,0,0,0,0,0,0,0,NEW_BENCH_P0_EVALUATION
R1,20,S_ADAPT,-1,10,7,truck,889,540,1539,405,0.45556805399325084,405,0.2631578947368421,0.45556805399325084,0.3336079077429983,0.2057118986997022,0.27171147550235186,0.23146069815643652,0.3608548931383577,NEW_BENCH_P0_EVALUATION
R1,20,S_ADAPT,-1,10,8,traffic light,5158,1123,2578,1280,0.24815820085304383,1280,0.4965089216446858,0.24815820085304383,0.3309203722854188,0.06590743724154233,0.17601794424482925,0.03965585285276783,0.10934470725087245,NEW_BENCH_P0_EVALUATION
R1,20,S_ADAPT,-1,15,1,person,2771,631,2759,1557,0.5618910140743414,1556,0.5639724537876042,0.5615301335258029,0.5627486437613018,0.25824186038036,0.48775766884757155,0.2362976331302817,0.3218693612414291,NEW_BENCH_P0_EVALUATION
R1,20,S_ADAPT,-1,15,2,bicycle,244,125,128,61,0.25,58,0.453125,0.23770491803278687,0.3118279569892473,0.09123283980901713,0.19557677139922114,0.07417087702582272,0.12581967213114753,NEW_BENCH_P0_EVALUATION
R1,20,S_ADAPT,-1,15,3,car,20453,1988,18304,12200,0.5964895125409475,12184,0.6656468531468531,0.5957072312130249,0.6287380344195888,0.342665847847111,0.5480093704744552,0.35427972425762533,0.3903926074414511,NEW_BENCH_P0_EVALUATION
R1,20,S_ADAPT,-1,15,4,motorcycle,95,66,75,21,0.22105263157894736,21,0.28,0.22105263157894736,0.24705882352941175,0.0760316669615079,0.17060857216943412,0.06584158415841583,0.10736842105263159,NEW_BENCH_P0_EVALUATION
R1,20,S_ADAPT,-1,15,5,bus,350,258,627,176,0.5028571428571429,176,0.2807017543859649,0.5028571428571429,0.3602865916069601,0.2763179627143519,0.3419934814678987,0.31706469048989744,0.4137142857142856,NEW_BENCH_P0_EVALUATION
R1,20,S_ADAPT,-1,15,6,train,6,5,93,0,0,0,0,0,0,0,0,0,0,NEW_BENCH_P0_EVALUATION
R1,20,S_ADAPT,-1,15,7,truck,889,540,3119,495,0.5568053993250843,495,0.15870471304905417,0.5568053993250843,0.24700598802395207,0.21888288969046896,0.29254590064971164,0.24623220403240514,0.4312710911136108,NEW_BENCH_P0_EVALUATION
R1,20,S_ADAPT,-1,15,8,traffic light,5158,1123,4895,1889,0.36622721985265605,1889,0.3859039836567926,0.36622721985265605,0.3758082164528001,0.08161514455967626,0.23262009210542037,0.044263734077532264,0.15509887553315238,NEW_BENCH_P0_EVALUATION
R1,20,S_ADAPT,-1,20,1,person,2771,631,3778,1678,0.6055575604474919,1677,0.44388565378507144,0.6051966798989534,0.5121392579019698,0.2666016202610646,0.5078884487752301,0.23912947937997822,0.3427643450018044,NEW_BENCH_P0_EVALUATION
R1,20,S_ADAPT,-1,20,2,bicycle,244,125,199,74,0.30327868852459017,71,0.35678391959798994,0.29098360655737704,0.32054176072234764,0.09951384106963676,0.2207595485479328,0.07808852387584791,0.15081967213114753,NEW_BENCH_P0_EVALUATION
R1,20,S_ADAPT,-1,20,3,car,20453,1988,22813,13090,0.6400039114066396,13069,0.5728751150659711,0.6389771671637413,0.6041233300975362,0.35221103500611733,0.5728860713441474,0.35855718270053655,0.40873221532293547,NEW_BENCH_P0_EVALUATION
R1,20,S_ADAPT,-1,20,4,motorcycle,95,66,143,27,0.28421052631578947,27,0.1888111888111888,0.28421052631578947,0.226890756302521,0.08242174406269544,0.18493616971588622,0.07156691889775582,0.14526315789473684,NEW_BENCH_P0_EVALUATION
R1,20,S_ADAPT,-1,20,5,bus,350,258,879,194,0.5542857142857143,194,0.22070534698521047,0.5542857142857143,0.31570382424735555,0.2847204335071102,0.3541636222632317,0.32646425627758524,0.45114285714285707,NEW_BENCH_P0_EVALUATION
R1,20,S_ADAPT,-1,20,6,train,6,5,120,0,0,0,0,0,0,0,0,0,0,NEW_BENCH_P0_EVALUATION
R1,20,S_ADAPT,-1,20,7,truck,889,540,4628,549,0.6175478065241845,549,0.11862575626620571,0.6175478065241845,0.19902120717781402,0.22320312678090887,0.3009207840132633,0.2499088654029842,0.46512935883014617,NEW_BENCH_P0_EVALUATION
R1,20,S_ADAPT,-1,20,8,traffic light,5158,1123,7440,2266,0.4393175649476541,2265,0.30443548387096775,0.4391236913532377,0.3595808858548976,0.08865338079892414,0.25745900302547947,0.04529532072697116,0.18237689026754553,NEW_BENCH_P0_EVALUATION
R1,20,S_ADAPT,-1,30,1,person,2771,631,5986,1821,0.6571634788884879,1820,0.3040427664550618,0.6568025983399495,0.41566746602717825,0.27349239376337126,0.5267831787690023,0.24321611950122807,0.3648141465175027,NEW_BENCH_P0_EVALUATION
R1,20,S_ADAPT,-1,30,2,bicycle,244,125,337,90,0.36885245901639346,86,0.2551928783382789,0.3524590163934426,0.29604130808950085,0.1073048027233415,0.24014358291361287,0.0839659095680495,0.18647540983606556,NEW_BENCH_P0_EVALUATION
R1,20,S_ADAPT,-1,30,3,car,20453,1988,31678,14190,0.6937857527013153,14161,0.44702948418460764,0.6923678677944556,0.5432851853983235,0.3623689808078987,0.6033535018257772,0.3655136213114247,0.43267002395736565,NEW_BENCH_P0_EVALUATION
R1,20,S_ADAPT,-1,30,4,motorcycle,95,66,260,29,0.30526315789473685,29,0.11153846153846154,0.30526315789473685,0.16338028169014085,0.0845206024436537,0.1873144201695927,0.07365279261357704,0.1694736842105263,NEW_BENCH_P0_EVALUATION
R1,20,S_ADAPT,-1,30,5,bus,350,258,1401,220,0.6285714285714286,220,0.15703069236259815,0.6285714285714286,0.251284980011422,0.29350566040460285,0.3676834043554711,0.3369166589870707,0.5002857142857142,NEW_BENCH_P0_EVALUATION
R1,20,S_ADAPT,-1,30,6,train,6,5,208,0,0,0,0,0,0,0,0,0,0,NEW_BENCH_P0_EVALUATION
R1,20,S_ADAPT,-1,30,7,truck,889,540,7463,620,0.6974128233970753,620,0.08307651078654696,0.6974128233970753,0.14846743295019155,0.2276043146293188,0.3089828668394493,0.25489786536596554,0.5131608548931382,NEW_BENCH_P0_EVALUATION
R1,20,S_ADAPT,-1,30,8,traffic light,5158,1123,12667,2646,0.5129895308259015,2645,0.2088102944659351,0.5127956572314851,0.2967741935483871,0.09407330847400436,0.2778770322526656,0.046766231063764756,0.2112640558355952,NEW_BENCH_P0_EVALUATION
R1,20,S_ADAPT,-1,40,1,person,2771,631,8165,1854,0.6690725369902563,1853,0.2269442743417024,0.6687116564417178,0.3388807607900512,0.2746491565286958,0.5296323598860704,0.24318976309224716,0.3706604114038254,NEW_BENCH_P0_EVALUATION
R1,20,S_ADAPT,-1,40,2,bicycle,244,125,459,96,0.39344262295081966,92,0.20043572984749455,0.3770491803278688,0.26173541963015645,0.10977220917343866,0.24477636035886838,0.08496056215672504,0.20081967213114754,NEW_BENCH_P0_EVALUATION
R1,20,S_ADAPT,-1,40,3,car,20453,1988,40683,14835,0.7253214687331931,14807,0.36396037657006614,0.7239524764093287,0.4843954462182675,0.36716458303270394,0.6153679175311291,0.36809067365693304,0.4457585684251698,NEW_BENCH_P0_EVALUATION
R1,20,S_ADAPT,-1,40,4,motorcycle,95,66,397,31,0.3263157894736842,31,0.07808564231738035,0.3263157894736842,0.12601626016260162,0.08527331997490571,0.1893489748532127,0.0736498870737659,0.17789473684210527,NEW_BENCH_P0_EVALUATION
R1,20,S_ADAPT,-1,40,5,bus,350,258,1930,229,0.6542857142857142,229,0.11865284974093264,0.6542857142857142,0.20087719298245613,0.29586160936712463,0.37180564159688373,0.3391186008568167,0.5191428571428571,NEW_BENCH_P0_EVALUATION
R1,20,S_ADAPT,-1,40,6,train,6,5,375,0,0,0,0,0,0,0,0,0,0,NEW_BENCH_P0_EVALUATION
R1,20,S_ADAPT,-1,40,7,truck,889,540,10111,657,0.7390326209223848,657,0.06497873603006626,0.7390326209223848,0.11945454545454547,0.22952292646727088,0.31210521985563544,0.25667072477738345,0.543082114735658,NEW_BENCH_P0_EVALUATION
R1,20,S_ADAPT,-1,40,8,traffic light,5158,1123,17880,2809,0.5445909267157814,2807,0.1569910514541387,0.5442031795269484,0.243684347599618,0.09542148699236713,0.2833108645393301,0.0472381052204204,0.22190771616905774,NEW_BENCH_P0_EVALUATION
R1,20,S_FIXED,-1,10,1,person,2771,631,1466,967,0.3489714904366655,967,0.6596180081855388,0.3489714904366655,0.4564550389426481,0.19069716018739202,0.3212186748962096,0.19288770369721914,0.22010104655359072,NEW_BENCH_P0_EVALUATION
R1,20,S_FIXED,-1,10,2,bicycle,244,125,60,37,0.15163934426229508,37,0.6166666666666667,0.15163934426229508,0.24342105263157898,0.0706879843134182,0.14207039873147675,0.06379075721632166,0.08565573770491804,NEW_BENCH_P0_EVALUATION
R1,20,S_FIXED,-1,10,3,car,20453,1988,13584,9896,0.4838410013200997,9888,0.7279151943462897,0.4834498606561385,0.581014778035667,0.30439215547870385,0.4612049669076562,0.32483867008835005,0.335090206815626,NEW_BENCH_P0_EVALUATION
R1,20,S_FIXED,-1,10,4,motorcycle,95,66,45,16,0.16842105263157894,16,0.35555555555555557,0.16842105263157894,0.22857142857142856,0.0682237482959673,0.14787910594550083,0.06767617938264416,0.08315789473684211,NEW_BENCH_P0_EVALUATION
R1,20,S_FIXED,-1,10,5,bus,350,258,381,127,0.3628571428571429,127,0.3333333333333333,0.3628571428571429,0.347469220246238,0.237319857618881,0.286915548254016,0.27097448293682386,0.3082857142857143,NEW_BENCH_P0_EVALUATION
R1,20,S_FIXED,-1,10,6,train,6,5,121,0,0,0,0,0,0,0,0,0,0,NEW_BENCH_P0_EVALUATION
R1,20,S_FIXED,-1,10,7,truck,889,540,1537,366,0.41169853768278963,366,0.23812621990891347,0.41169853768278963,0.3017312448474856,0.19398697186409336,0.2547527076567919,0.21823801462378759,0.3291338582677165,NEW_BENCH_P0_EVALUATION
R1,20,S_FIXED,-1,10,8,traffic light,5158,1123,2806,1085,0.21035284994183792,1085,0.3866714183891661,0.21035284994183792,0.2724761426418885,0.05685173522894546,0.15080046982182027,0.036218954546605966,0.0925164792555254,NEW_BENCH_P0_EVALUATION
R1,20,S_FIXED,-1,15,1,person,2771,631,2359,1267,0.4572356549981956,1267,0.5370919881305638,0.4572356549981956,0.4939571150097466,0.22985186100714544,0.41016684314631124,0.21975357174188215,0.2765788523998557,NEW_BENCH_P0_EVALUATION
R1,20,S_FIXED,-1,15,2,bicycle,244,125,104,53,0.21721311475409835,53,0.5096153846153846,0.21721311475409835,0.3045977011494253,0.08791168778890233,0.18903141599537238,0.0716498105184413,0.11270491803278689,NEW_BENCH_P0_EVALUATION
R1,20,S_FIXED,-1,15,3,car,20453,1988,18669,11682,0.5711631545494549,11671,0.6251539986073169,0.5706253361365081,0.596646388221461,0.3339477586098609,0.5315458856781675,0.34875229190950957,0.37778321028699946,NEW_BENCH_P0_EVALUATION
R1,20,S_FIXED,-1,15,4,motorcycle,95,66,87,20,0.21052631578947367,20,0.22988505747126436,0.21052631578947367,0.21978021978021975,0.07379992711919033,0.16399705111394697,0.06624336346678146,0.10421052631578946,NEW_BENCH_P0_EVALUATION
R1,20,S_FIXED,-1,15,5,bus,350,258,628,161,0.46,161,0.25636942675159236,0.46,0.3292433537832311,0.26416924862920155,0.32711169839974275,0.3026122687043014,0.3777142857142857,NEW_BENCH_P0_EVALUATION
R1,20,S_FIXED,-1,15,6,train,6,5,197,0,0,0,0,0,0,0,0,0,0,NEW_BENCH_P0_EVALUATION
R1,20,S_FIXED,-1,15,7,truck,889,540,2922,453,0.5095613048368954,453,0.15503080082135523,0.5095613048368954,0.23773287850957756,0.21208501441921707,0.28136855605792993,0.23805470065565465,0.39876265466816646,NEW_BENCH_P0_EVALUATION
R1,20,S_FIXED,-1,15,8,traffic light,5158,1123,5034,1631,0.31620783249321444,1631,0.3239968216130314,0.31620783249321444,0.3200549450549451,0.07343473436339659,0.20671535757888304,0.040551927621563934,0.13367584335013571,NEW_BENCH_P0_EVALUATION
R1,20,S_FIXED,-1,20,1,person,2771,631,3368,1471,0.5308552869000361,1471,0.43675771971496435,0.5308552869000361,0.47923114513764453,0.2504539223621089,0.4663169122214838,0.23197509793531917,0.3095994225911224,NEW_BENCH_P0_EVALUATION
R1,20,S_FIXED,-1,20,2,bicycle,244,125,158,60,0.2459016393442623,59,0.37341772151898733,0.24180327868852458,0.2935323383084577,0.09441843853228614,0.19917417338087784,0.07960663080283842,0.13319672131147542,NEW_BENCH_P0_EVALUATION
R1,20,S_FIXED,-1,20,3,car,20453,1988,23339,12729,0.622353688945387,12713,0.5447105702900724,0.6215714076174644,0.5806083302886371,0.3485224533015897,0.5654180168402181,0.35812660910969535,0.40075294577812554,NEW_BENCH_P0_EVALUATION
R1,20,S_FIXED,-1,20,4,motorcycle,95,66,135,24,0.25263157894736843,24,0.17777777777777778,0.25263157894736843,0.20869565217391303,0.07969018695549858,0.17955825696108077,0.0669872159629756,0.12315789473684209,NEW_BENCH_P0_EVALUATION
R1,20,S_FIXED,-1,20,5,bus,350,258,888,179,0.5114285714285715,179,0.20157657657657657,0.5114285714285715,0.28917609046849757,0.27679508747654663,0.34380524505773863,0.3180617359043967,0.41714285714285715,NEW_BENCH_P0_EVALUATION
R1,20,S_FIXED,-1,20,6,train,6,5,270,0,0,0,0,0,0,0,0,0,0,NEW_BENCH_P0_EVALUATION
R1,20,S_FIXED,-1,20,7,truck,889,540,4415,515,0.5793025871766029,515,0.11664779161947905,0.5793025871766029,0.1941930618401207,0.219436042152672,0.29421542833149894,0.24619433587110237,0.44206974128233967,NEW_BENCH_P0_EVALUATION
R1,20,S_FIXED,-1,20,8,traffic light,5158,1123,7427,1999,0.38755331523846454,1999,0.269153090076747,0.38755331523846454,0.31767977751291215,0.08266249729702392,0.2376418015092604,0.043953247599902975,0.1612640558355952,NEW_BENCH_P0_EVALUATION
R1,20,S_FIXED,-1,30,1,person,2771,631,5672,1682,0.6070010826416457,1681,0.29636812411847674,0.6066402020931072,0.39819969205258793,0.2660993489139649,0.5057174849429661,0.23901819905950789,0.3430530494406352,NEW_BENCH_P0_EVALUATION
R1,20,S_FIXED,-1,30,2,bicycle,244,125,278,75,0.3073770491803279,73,0.26258992805755393,0.29918032786885246,0.2796934865900383,0.10252709905216441,0.22186078621351024,0.08199311029054579,0.1627049180327869,NEW_BENCH_P0_EVALUATION
R1,20,S_FIXED,-1,30,3,car,20453,1988,32355,13942,0.6816603921185156,13916,0.43010353886570857,0.6803891849606415,0.5270413573700955,0.36007607542347136,0.597902288127612,0.36527154939502665,0.42693003471373386,NEW_BENCH_P0_EVALUATION
R1,20,S_FIXED,-1,30,4,motorcycle,95,66,254,27,0.28421052631578947,27,0.1062992125984252,0.28421052631578947,0.15472779369627507,0.08209627210962103,0.18449808619117428,0.07069258470370997,0.14210526315789473,NEW_BENCH_P0_EVALUATION
R1,20,S_FIXED,-1,30,5,bus,350,258,1407,208,0.5942857142857143,208,0.1478322672352523,0.5942857142857143,0.23676721684689808,0.2898732417230977,0.36231202940883545,0.3321045778714628,0.4797142857142857,NEW_BENCH_P0_EVALUATION
R1,20,S_FIXED,-1,30,6,train,6,5,437,0,0,0,0,0,0,0,0,0,0,NEW_BENCH_P0_EVALUATION
R1,20,S_FIXED,-1,30,7,truck,889,540,7309,591,0.6647919010123734,591,0.08085921466684909,0.6647919010123734,0.14418150768480117,0.22593799454997415,0.3060270842964857,0.2523838452715593,0.4961754780652418,NEW_BENCH_P0_EVALUATION
R1,20,S_FIXED,-1,30,8,traffic light,5158,1123,12288,2440,0.4730515703761148,2439,0.198486328125,0.4728576967816983,0.27960564026137796,0.09100543968515598,0.26713791566499656,0.04598503263651852,0.19534703373400542,NEW_BENCH_P0_EVALUATION
R1,20,S_FIXED,-1,40,1,person,2771,631,8175,1791,0.6463370624323349,1790,0.21896024464831804,0.6459761818837965,0.32706011328339124,0.2719031234950216,0.5224004717850897,0.24139360879389785,0.3604114038253338,NEW_BENCH_P0_EVALUATION
R1,20,S_FIXED,-1,40,2,bicycle,244,125,418,90,0.36885245901639346,86,0.20574162679425836,0.3524590163934426,0.2598187311178248,0.1081494882633701,0.240141335844098,0.0841412080720221,0.18770491803278688,NEW_BENCH_P0_EVALUATION
R1,20,S_FIXED,-1,40,3,car,20453,1988,41019,14633,0.715445166968171,14604,0.3560301323776786,0.7140272820613113,0.4751431546069755,0.36573560748655715,0.6111512710131347,0.3679515068427327,0.441524470737789,NEW_BENCH_P0_EVALUATION
R1,20,S_FIXED,-1,40,4,motorcycle,95,66,380,29,0.30526315789473685,29,0.07631578947368421,0.30526315789473685,0.12210526315789473,0.0844111249527763,0.18742696148680585,0.07309024080111133,0.16526315789473683,NEW_BENCH_P0_EVALUATION
R1,20,S_FIXED,-1,40,5,bus,350,258,1967,225,0.6428571428571429,225,0.11438739196746314,0.6428571428571429,0.19421665947345704,0.2951710943470421,0.3707289616716843,0.33838809124091407,0.5117142857142858,NEW_BENCH_P0_EVALUATION
R1,20,S_FIXED,-1,40,6,train,6,5,635,0,0,0,0,0,0,0,0,0,0,NEW_BENCH_P0_EVALUATION
R1,20,S_FIXED,-1,40,7,truck,889,540,10034,640,0.7199100112485939,640,0.06378313733306758,0.7199100112485939,0.11718392383044952,0.22849737464099504,0.3104663131239607,0.2553293087273313,0.53037120359955,NEW_BENCH_P0_EVALUATION
R1,20,S_FIXED,-1,40,8,traffic light,5158,1123,17372,2697,0.52287708414114,2696,0.15519226341238776,0.5226832105467235,0.23932534398579672,0.09418362371882284,0.2792444859087756,0.046764909768135236,0.2140946103140752,NEW_BENCH_P0_EVALUATION
R1,40,M11,530101,10,1,person,2771,631,2145,1441,0.5200288704438831,1440,0.6713286713286714,0.5196679898953447,0.5858421480878763,0.24770029980884695,0.45809600028002506,0.2296046990115755,0.30285095633345366,NEW_BENCH_P0_EVALUATION
R1,40,M11,530101,10,2,bicycle,244,125,94,52,0.21311475409836064,52,0.5531914893617021,0.21311475409836064,0.30769230769230765,0.08750376947037061,0.1864151540524294,0.07511355643588305,0.11598360655737705,NEW_BENCH_P0_EVALUATION
R1,40,M11,530101,10,3,car,20453,1988,13041,10490,0.5128831956192246,10485,0.8040027605244997,0.5126387327042488,0.6260822833940407,0.318447716471568,0.48997354850317665,0.33885502743748225,0.35303378477484965,NEW_BENCH_P0_EVALUATION
R1,40,M11,530101,10,4,motorcycle,95,66,42,18,0.18947368421052632,18,0.42857142857142855,0.18947368421052632,0.26277372262773724,0.07143348037624711,0.15978600439383106,0.06471185580096471,0.08842105263157896,NEW_BENCH_P0_EVALUATION
R1,40,M11,530101,10,5,bus,350,258,455,161,0.46,161,0.35384615384615387,0.46,0.4,0.2692200969986839,0.33297065733359527,0.30650100615850345,0.38,NEW_BENCH_P0_EVALUATION
R1,40,M11,530101,10,6,train,6,5,67,0,0,0,0,0,0,0,0,0,0,NEW_BENCH_P0_EVALUATION
R1,40,M11,530101,10,7,truck,889,540,1449,434,0.4881889763779528,434,0.2995169082125604,0.4881889763779528,0.3712574850299401,0.21330029380754198,0.2852496293461734,0.23983341714620346,0.3776152980877391,NEW_BENCH_P0_EVALUATION
R1,40,M11,530101,10,8,traffic light,5158,1123,2707,1371,0.2658006979449399,1371,0.5064647210934614,0.2658006979449399,0.3486331849968214,0.06979821982335291,0.1884826959111558,0.04178215040035943,0.11886390073671967,NEW_BENCH_P0_EVALUATION
R1,40,M11,530101,15,1,person,2771,631,3302,1660,0.5990617105738001,1659,0.5024227740763174,0.5987008300252616,0.5463527087106868,0.26598669590350105,0.5049804322586054,0.23921753774232493,0.339408155900397,NEW_BENCH_P0_EVALUATION
R1,40,M11,530101,15,2,bicycle,244,125,183,73,0.29918032786885246,70,0.3825136612021858,0.28688524590163933,0.32786885245901637,0.09944499208464745,0.21809303730839485,0.07847630756887702,0.14999999999999997,NEW_BENCH_P0_EVALUATION
R1,40,M11,530101,15,3,car,20453,1988,17695,12178,0.595413875715054,12164,0.6874258265046623,0.5947293795531218,0.6377267484533921,0.34314066358715717,0.5491379941798731,0.3545675963579485,0.3901677015596734,NEW_BENCH_P0_EVALUATION
R1,40,M11,530101,15,4,motorcycle,95,66,77,23,0.24210526315789474,23,0.2987012987012987,0.24210526315789474,0.26744186046511625,0.08061045608439318,0.1809779620495986,0.06776177617761776,0.12,NEW_BENCH_P0_EVALUATION
R1,40,M11,530101,15,5,bus,350,258,769,188,0.5371428571428571,188,0.2444733420026008,0.5371428571428571,0.3360142984807864,0.28221016756704914,0.35101451715884224,0.32521666477021316,0.4345714285714285,NEW_BENCH_P0_EVALUATION
R1,40,M11,530101,15,6,train,6,5,76,0,0,0,0,0,0,0,0,0,0,NEW_BENCH_P0_EVALUATION
R1,40,M11,530101,15,7,truck,889,540,2851,533,0.5995500562429696,533,0.18695194668537354,0.5995500562429696,0.28502673796791445,0.2249759922147162,0.3033115517220397,0.25304753060739094,0.45556805399325084,NEW_BENCH_P0_EVALUATION
R1,40,M11,530101,15,8,traffic light,5158,1123,5047,2013,0.3902675455602947,2013,0.3988508024569051,0.3902675455602947,0.39451249387555126,0.08566113193144924,0.24678358578203496,0.04580126630185443,0.16682822799534705,NEW_BENCH_P0_EVALUATION
R1,40,M11,530101,20,1,person,2771,631,4353,1764,0.6365932876217972,1763,0.40500804043188604,0.6362324070732588,0.4949466591802358,0.27153490850640105,0.5220533089433754,0.24160431740793792,0.3559725730783111,NEW_BENCH_P0_EVALUATION
R1,40,M11,530101,20,2,bicycle,244,125,258,83,0.3401639344262295,79,0.3062015503875969,0.3237704918032787,0.3147410358565737,0.10566178107711073,0.2319344051089104,0.08156544605040744,0.17459016393442622,NEW_BENCH_P0_EVALUATION
R1,40,M11,530101,20,3,car,20453,1988,22244,13127,0.6418129369774606,13105,0.589147635317389,0.640737300151567,0.6138604585802281,0.354043971269215,0.5798325415260852,0.3626190399438793,0.4099447513812155,NEW_BENCH_P0_EVALUATION
R1,40,M11,530101,20,4,motorcycle,95,66,138,25,0.2631578947368421,25,0.18115942028985507,0.2631578947368421,0.2145922746781116,0.08236109585692712,0.18203598763128093,0.07224713703542437,0.14105263157894737,NEW_BENCH_P0_EVALUATION
R1,40,M11,530101,20,5,bus,350,258,1014,204,0.5828571428571429,204,0.20118343195266272,0.5828571428571429,0.2991202346041056,0.2884288647638934,0.36132355827075324,0.3304763387245745,0.4665714285714285,NEW_BENCH_P0_EVALUATION
R1,40,M11,530101,20,6,train,6,5,98,0,0,0,0,0,0,0,0,0,0,NEW_BENCH_P0_EVALUATION
R1,40,M11,530101,20,7,truck,889,540,4420,579,0.6512935883014623,579,0.13099547511312218,0.6512935883014623,0.21812017329063854,0.22707020459272467,0.30824513057982467,0.25433600123910866,0.48728908886389205,NEW_BENCH_P0_EVALUATION
R1,40,M11,530101,20,8,traffic light,5158,1123,7475,2336,0.45288871655680496,2336,0.3125083612040134,0.45288871655680496,0.36982506134726506,0.09089082068917398,0.2649810466396985,0.04634924977429379,0.18974408685537028,NEW_BENCH_P0_EVALUATION
R1,40,M11,530101,30,1,person,2771,631,6239,1840,0.6640202093107181,1839,0.2947587754447828,0.6636593287621797,0.40821309655937843,0.2747335216101006,0.5303868483554774,0.24326584098977264,0.36817033561891016,NEW_BENCH_P0_EVALUATION
R1,40,M11,530101,30,2,bicycle,244,125,377,95,0.38934426229508196,91,0.2413793103448276,0.3729508196721312,0.29307568438003223,0.10989015877160149,0.24578965534877628,0.08410270605387092,0.1971311475409836,NEW_BENCH_P0_EVALUATION
R1,40,M11,530101,30,3,car,20453,1988,31591,14329,0.7005818217376424,14302,0.45272387705359124,0.6992617219967731,0.5496118668818692,0.3631090649511247,0.6041231183029264,0.3656307601053571,0.4354520119297902,NEW_BENCH_P0_EVALUATION
R1,40,M11,530101,30,4,motorcycle,95,66,255,29,0.30526315789473685,29,0.11372549019607843,0.30526315789473685,0.1657142857142857,0.08474738099779157,0.1876533808353355,0.07386550717028009,0.1694736842105263,NEW_BENCH_P0_EVALUATION
R1,40,M11,530101,30,5,bus,350,258,1523,224,0.64,224,0.14707813525935653,0.64,0.23918846769887883,0.2952910818441476,0.3710614896117826,0.33854045610974237,0.5111428571428571,NEW_BENCH_P0_EVALUATION
R1,40,M11,530101,30,6,train,6,5,154,0,0,0,0,0,0,0,0,0,0,NEW_BENCH_P0_EVALUATION
R1,40,M11,530101,30,7,truck,889,540,7426,641,0.7210348706411699,641,0.08631834096417991,0.7210348706411699,0.15417919422730006,0.22914436624375759,0.3121947117398558,0.255770235687238,0.5289088863892013,NEW_BENCH_P0_EVALUATION
R1,40,M11,530101,30,8,traffic light,5158,1123,12435,2680,0.5195812330360605,2679,0.21544028950542823,0.519387359441644,0.30455294719490705,0.09437642367782746,0.2786084259267694,0.04684518338961784,0.21368747576580066,NEW_BENCH_P0_EVALUATION
R1,40,M11,530101,40,1,person,2771,631,8279,1862,0.6719595813785637,1861,0.2247856021258606,0.6715987008300253,0.33683257918552034,0.27513833269408317,0.5320667725120571,0.2432001662143801,0.37188740526885605,NEW_BENCH_P0_EVALUATION
R1,40,M11,530101,40,2,bicycle,244,125,485,97,0.3975409836065574,93,0.19175257731958764,0.38114754098360654,0.2551440329218107,0.11000332934608963,0.24686229306232738,0.0849829447331372,0.2012295081967213,NEW_BENCH_P0_EVALUATION
R1,40,M11,530101,40,3,car,20453,1988,40837,14940,0.730455189947685,14912,0.3651590469427235,0.7290861976238204,0.4866046663403492,0.3679304301321425,0.6156698161878905,0.36811803705699114,0.4478609494939617,NEW_BENCH_P0_EVALUATION
R1,40,M11,530101,40,4,motorcycle,95,66,386,31,0.3263157894736842,31,0.08031088082901554,0.3263157894736842,0.12889812889812888,0.08529318529875524,0.1893999810585767,0.07365279261357704,0.17789473684210527,NEW_BENCH_P0_EVALUATION
R1,40,M11,530101,40,5,bus,350,258,2021,231,0.66,231,0.11429985155863434,0.66,0.1948544917756221,0.2965190251825836,0.37303150291904646,0.340281029629317,0.524,NEW_BENCH_P0_EVALUATION
R1,40,M11,530101,40,6,train,6,5,353,0,0,0,0,0,0,0,0,0,0,NEW_BENCH_P0_EVALUATION
R1,40,M11,530101,40,7,truck,889,540,10185,669,0.7525309336332958,669,0.06568483063328424,0.7525309336332958,0.12082355065920175,0.23026473731680744,0.31356175454386614,0.25731598262829747,0.5536557930258718,NEW_BENCH_P0_EVALUATION
R1,40,M11,530101,40,8,traffic light,5158,1123,17454,2816,0.5459480418766964,2814,0.1612237882433826,0.5455602946878635,0.24889439235803998,0.09545424510224804,0.28341487714059416,0.04726396177972291,0.22326483132997285,NEW_BENCH_P0_EVALUATION
R1,40,M11,530102,10,1,person,2771,631,2114,1429,0.5156983038614219,1428,0.6754966887417219,0.5153374233128835,0.5846468781985671,0.24779719027615524,0.45820451957617314,0.2296752566582193,0.30137134608444605,NEW_BENCH_P0_EVALUATION
R1,40,M11,530102,10,2,bicycle,244,125,98,53,0.21721311475409835,52,0.5306122448979592,0.21311475409836064,0.30409356725146197,0.08718455786292513,0.18552947258340138,0.07467287937584968,0.11434426229508196,NEW_BENCH_P0_EVALUATION
R1,40,M11,530102,10,3,car,20453,1988,12958,10451,0.5109763848824134,10444,0.805988578484334,0.5106341368014472,0.6251833228577415,0.318511353400464,0.4899652117242778,0.33892098706625534,0.35264264411088836,NEW_BENCH_P0_EVALUATION
R1,40,M11,530102,10,4,motorcycle,95,66,44,17,0.17894736842105263,17,0.38636363636363635,0.17894736842105263,0.24460431654676262,0.07086104448856242,0.15088065979155088,0.06481848184818483,0.08736842105263158,NEW_BENCH_P0_EVALUATION
R1,40,M11,530102,10,5,bus,350,258,501,168,0.48,168,0.33532934131736525,0.48,0.39482961222091656,0.2732582226251949,0.3391331997558963,0.31339894709247207,0.3954285714285714,NEW_BENCH_P0_EVALUATION
R1,40,M11,530102,10,6,train,6,5,69,0,0,0,0,0,0,0,0,0,0,NEW_BENCH_P0_EVALUATION
R1,40,M11,530102,10,7,truck,889,540,1586,450,0.5061867266591676,450,0.2837326607818411,0.5061867266591676,0.36363636363636365,0.215470812086574,0.2890458713877003,0.24103410787335083,0.3919010123734534,NEW_BENCH_P0_EVALUATION
R1,40,M11,530102,10,8,traffic light,5158,1123,2630,1327,0.2572702597906165,1327,0.5045627376425855,0.2572702597906165,0.3407806882383153,0.06848861881157582,0.18313020056005247,0.04178906100845814,0.11523846452113222,NEW_BENCH_P0_EVALUATION
R1,40,M11,530102,15,1,person,2771,631,3196,1640,0.5918440996030314,1639,0.512828535669587,0.591483219054493,0.5493547846489023,0.2640806922370713,0.5046224304383365,0.23634892274739952,0.33533020570191263,NEW_BENCH_P0_EVALUATION
R1,40,M11,530102,15,2,bicycle,244,125,194,76,0.3114754098360656,72,0.3711340206185567,0.29508196721311475,0.3287671232876712,0.10169179170317699,0.22260663597354508,0.08018204767909365,0.15655737704918032,NEW_BENCH_P0_EVALUATION
R1,40,M11,530102,15,3,car,20453,1988,17696,12163,0.5946804869701267,12148,0.6864828209764918,0.5939470982251992,0.6368712154971297,0.3431238815973439,0.5490876530348596,0.3545807486938527,0.39005035936048504,NEW_BENCH_P0_EVALUATION
R1,40,M11,530102,15,4,motorcycle,95,66,95,23,0.24210526315789474,23,0.24210526315789474,0.24210526315789474,0.24210526315789474,0.07957220223569884,0.17845488382762698,0.06749174917491749,0.12,NEW_BENCH_P0_EVALUATION
R1,40,M11,530102,15,5,bus,350,258,813,194,0.5542857142857143,194,0.23862238622386223,0.5542857142857143,0.3336199484092863,0.28542455301879727,0.35548345791650704,0.3273546394589089,0.44942857142857146,NEW_BENCH_P0_EVALUATION
R1,40,M11,530102,15,6,train,6,5,78,0,0,0,0,0,0,0,0,0,0,NEW_BENCH_P0_EVALUATION
R1,40,M11,530102,15,7,truck,889,540,3037,536,0.6029246344206974,536,0.17648995719459992,0.6029246344206974,0.27305145185939883,0.22413599184961616,0.30345601603282163,0.2503657749463353,0.4564679415073115,NEW_BENCH_P0_EVALUATION
R1,40,M11,530102,15,8,traffic light,5158,1123,4891,1965,0.38096161302830556,1965,0.4017583316295236,0.38096161302830556,0.39108368991939496,0.08471216054040419,0.242688918497652,0.045813672634403835,0.16281504459092672,NEW_BENCH_P0_EVALUATION
R1,40,M11,530102,20,1,person,2771,631,4315,1752,0.632262721039336,1751,0.40579374275782154,0.6319018404907976,0.49421394298616994,0.2711301855469688,0.5217313597949822,0.24167022762005277,0.35402381811620354,NEW_BENCH_P0_EVALUATION
R1,40,M11,530102,20,2,bicycle,244,125,266,82,0.3360655737704918,78,0.2932330827067669,0.319672131147541,0.3058823529411765,0.10519416002841266,0.2282266378645338,0.08150320065661007,0.17500000000000002,NEW_BENCH_P0_EVALUATION
R1,40,M11,530102,20,3,car,20453,1988,22201,13127,0.6418129369774606,13106,0.5903337687491554,0.6407861927345622,0.6145261874619028,0.35401207325402345,0.5797362320126441,0.3626165735734109,0.41003275803060674,NEW_BENCH_P0_EVALUATION
R1,40,M11,530102,20,4,motorcycle,95,66,155,26,0.2736842105263158,26,0.16774193548387098,0.2736842105263158,0.208,0.08305015644328916,0.18370120540949303,0.07293573989626008,0.14842105263157895,NEW_BENCH_P0_EVALUATION
R1,40,M11,530102,20,5,bus,350,258,1079,209,0.5971428571428572,209,0.1936978683966636,0.5971428571428572,0.2925122463261022,0.2899684017867308,0.3631220932838786,0.33068859271205964,0.4762857142857143,NEW_BENCH_P0_EVALUATION
R1,40,M11,530102,20,6,train,6,5,101,0,0,0,0,0,0,0,0,0,0,NEW_BENCH_P0_EVALUATION
R1,40,M11,530102,20,7,truck,889,540,4619,589,0.6625421822272216,589,0.12751677852348994,0.6625421822272216,0.2138707334785766,0.22741984828076225,0.3090374647469215,0.25400042567562714,0.49257592800899896,NEW_BENCH_P0_EVALUATION
R1,40,M11,530102,20,8,traffic light,5158,1123,7264,2296,0.4451337727801473,2296,0.31607929515418504,0.4451337727801473,0.3696667203348898,0.0899622114377231,0.2619026660458325,0.04636211488245527,0.1869329197363319,NEW_BENCH_P0_EVALUATION
R1,40,M11,530102,30,1,person,2771,631,6168,1840,0.6640202093107181,1839,0.29815175097276264,0.6636593287621797,0.411455420069359,0.27477478512668096,0.5304702960286496,0.2433526261884555,0.36831468783832555,NEW_BENCH_P0_EVALUATION
R1,40,M11,530102,30,2,bicycle,244,125,402,95,0.38934426229508196,91,0.2263681592039801,0.3729508196721312,0.28173374613003094,0.10982524008455921,0.2455914085015542,0.08406132451988373,0.19795081967213116,NEW_BENCH_P0_EVALUATION
R1,40,M11,530102,30,3,car,20453,1988,31703,14323,0.7002884662396714,14295,0.450903699965303,0.698919473915807,0.5481632026995935,0.3630329832954578,0.6040093975418568,0.36560095863883596,0.43552046154598345,NEW_BENCH_P0_EVALUATION
R1,40,M11,530102,30,4,motorcycle,95,66,271,31,0.3263157894736842,31,0.11439114391143912,0.3263157894736842,0.16939890710382516,0.08553561173361586,0.18990760103891252,0.07376295453046884,0.17789473684210527,NEW_BENCH_P0_EVALUATION
R1,40,M11,530102,30,5,bus,350,258,1600,225,0.6428571428571429,225,0.140625,0.6428571428571429,0.23076923076923078,0.2953429244051847,0.3709661469733009,0.33837599155708054,0.5117142857142858,NEW_BENCH_P0_EVALUATION
R1,40,M11,530102,30,6,train,6,5,175,0,0,0,0,0,0,0,0,0,0,NEW_BENCH_P0_EVALUATION
R1,40,M11,530102,30,7,truck,889,540,7532,640,0.7199100112485939,640,0.0849707912904939,0.7199100112485939,0.15200095000593755,0.22898562654539034,0.31116291334246615,0.2557906412193446,0.5301462317210348,NEW_BENCH_P0_EVALUATION
R1,40,M11,530102,30,8,traffic light,5158,1123,12149,2672,0.518030244280729,2671,0.2198534858836118,0.5178363706863125,0.30866123533830236,0.09430682011290539,0.2786874370266643,0.046833296800300656,0.2126017836370686,NEW_BENCH_P0_EVALUATION
R1,40,M11,530102,40,1,person,2771,631,8137,1860,0.6712378202814868,1859,0.2284625783458277,0.6708769397329484,0.3408507517418408,0.2751520772448434,0.5321000813336556,0.24320416502821687,0.3715265247203176,NEW_BENCH_P0_EVALUATION
R1,40,M11,530102,40,2,bicycle,244,125,499,97,0.3975409836065574,93,0.18637274549098196,0.38114754098360654,0.2503364737550471,0.10999238060673826,0.24683189191528435,0.08497741654212713,0.2012295081967213,NEW_BENCH_P0_EVALUATION
R1,40,M11,530102,40,3,car,20453,1988,41013,14940,0.730455189947685,14913,0.36361641430765856,0.7291350902068157,0.48524387466241503,0.3679241317669076,0.6156292760161842,0.3681243913020575,0.447948956143353,NEW_BENCH_P0_EVALUATION
R1,40,M11,530102,40,4,motorcycle,95,66,395,31,0.3263157894736842,31,0.07848101265822785,0.3263157894736842,0.12653061224489798,0.08529208371997252,0.18939701158533637,0.07365279261357704,0.17789473684210527,NEW_BENCH_P0_EVALUATION
R1,40,M11,530102,40,5,bus,350,258,2091,230,0.6571428571428571,230,0.10999521759923482,0.6571428571428571,0.18844735764031134,0.2963677927703817,0.3717374508771112,0.34024064073854177,0.5237142857142858,NEW_BENCH_P0_EVALUATION
R1,40,M11,530102,40,6,train,6,5,361,0,0,0,0,0,0,0,0,0,0,NEW_BENCH_P0_EVALUATION
R1,40,M11,530102,40,7,truck,889,540,10207,669,0.7525309336332958,669,0.06554325462917605,0.7525309336332958,0.12058399423215571,0.23021988105357058,0.313473188327646,0.25728366864610824,0.5536557930258716,NEW_BENCH_P0_EVALUATION
R1,40,M11,530102,40,8,traffic light,5158,1123,17297,2810,0.5447848003101977,2808,0.16234029022373822,0.5443970531213649,0.2501002004008016,0.09545699580440109,0.28343191679332375,0.047257936119714794,0.222818922062815,NEW_BENCH_P0_EVALUATION
R1,40,M11,530103,10,1,person,2771,631,2117,1435,0.5178635871526525,1434,0.6773736419461502,0.517502706604114,0.5867430441898527,0.24783060390617118,0.45833325617094517,0.2296553103573688,0.3023457235654999,NEW_BENCH_P0_EVALUATION
R1,40,M11,530103,10,2,bicycle,244,125,103,53,0.21721311475409835,52,0.5048543689320388,0.21311475409836064,0.29971181556195964,0.08765154123650044,0.18522381866266086,0.07465612614127466,0.11639344262295082,NEW_BENCH_P0_EVALUATION
R1,40,M11,530103,10,3,car,20453,1988,13041,10494,0.5130787659512052,10488,0.8042328042328042,0.5127854104532342,0.6262614199558131,0.318537948199427,0.49010999483499335,0.338959685401638,0.35322446584853073,NEW_BENCH_P0_EVALUATION
R1,40,M11,530103,10,4,motorcycle,95,66,44,18,0.18947368421052632,18,0.4090909090909091,0.18947368421052632,0.2589928057553957,0.0710478242548037,0.1585103360300307,0.06461312797946461,0.08842105263157896,NEW_BENCH_P0_EVALUATION
R1,40,M11,530103,10,5,bus,350,258,477,164,0.4685714285714286,164,0.3438155136268344,0.4685714285714286,0.3966142684401451,0.27177660486630023,0.3323334314398968,0.3137529888294805,0.38942857142857146,NEW_BENCH_P0_EVALUATION
R1,40,M11,530103,10,6,train,6,5,69,0,0,0,0,0,0,0,0,0,0,NEW_BENCH_P0_EVALUATION
R1,40,M11,530103,10,7,truck,889,540,1517,439,0.4938132733408324,439,0.2893869479235333,0.4938132733408324,0.3649210307564422,0.21371300585145397,0.2874189985279384,0.23943366465504734,0.3822272215973004,NEW_BENCH_P0_EVALUATION
R1,40,M11,530103,10,8,traffic light,5158,1123,2632,1324,0.2566886390073672,1324,0.5030395136778115,0.2566886390073672,0.3399229781771502,0.068553677686846,0.1831516565419868,0.04170909730864666,0.11521907716169058,NEW_BENCH_P0_EVALUATION
R1,40,M11,530103,15,1,person,2771,631,3209,1649,0.5950920245398773,1648,0.5135556248052353,0.5947311439913389,0.5511705685618731,0.26499312291066096,0.5049951340753568,0.23928930105520377,0.3379646337062433,NEW_BENCH_P0_EVALUATION
R1,40,M11,530103,15,2,bicycle,244,125,199,76,0.3114754098360656,72,0.36180904522613067,0.29508196721311475,0.32505643340857787,0.10124237158943541,0.22211670729309205,0.07823705715242991,0.1557377049180328,NEW_BENCH_P0_EVALUATION
R1,40,M11,530103,15,3,car,20453,1988,17807,12216,0.5972717938688701,12203,0.6852923007805919,0.596636190289933,0.6378985886042865,0.3431342041920868,0.5491782399330128,0.3545579678644893,0.390817972913509,NEW_BENCH_P0_EVALUATION
R1,40,M11,530103,15,4,motorcycle,95,66,93,23,0.24210526315789474,23,0.24731182795698925,0.24210526315789474,0.2446808510638298,0.07988093373560083,0.1784970390983188,0.06890617633191891,0.1231578947368421,NEW_BENCH_P0_EVALUATION
R1,40,M11,530103,15,5,bus,350,258,781,194,0.5542857142857143,194,0.24839948783610755,0.5542857142857143,0.34305923961096374,0.28537695132293545,0.3560303379155541,0.3275471170887646,0.4482857142857144,NEW_BENCH_P0_EVALUATION
R1,40,M11,530103,15,6,train,6,5,78,0,0,0,0,0,0,0,0,0,0,NEW_BENCH_P0_EVALUATION
R1,40,M11,530103,15,7,truck,889,540,2995,534,0.6006749156355455,534,0.17829716193656092,0.6006749156355455,0.2749742533470649,0.22422863864522585,0.30381233991396933,0.2506150866483921,0.45601799775028107,NEW_BENCH_P0_EVALUATION
R1,40,M11,530103,15,8,traffic light,5158,1123,4838,1959,0.3797983714618069,1959,0.4049193881769326,0.3797983714618069,0.3919567827130852,0.08431741822098292,0.2385580609291269,0.045851133088837856,0.16250484683986038,NEW_BENCH_P0_EVALUATION
R1,40,M11,530103,20,1,person,2771,631,4314,1756,0.6337062432334897,1755,0.40681502086230875,0.6333453626849512,0.4954128440366972,0.2714161688400548,0.5217977868105614,0.24163699404467853,0.3548538433778419,NEW_BENCH_P0_EVALUATION
R1,40,M11,530103,20,2,bicycle,244,125,277,82,0.3360655737704918,78,0.2815884476534296,0.319672131147541,0.29942418426103645,0.10467066730332625,0.2279342938836905,0.08135476308028884,0.17213114754098363,NEW_BENCH_P0_EVALUATION
R1,40,M11,530103,20,3,car,20453,1988,22371,13154,0.6431330367183298,13132,0.5870099682624826,0.6420573998924363,0.613300952736783,0.35406612566830253,0.5798199797636368,0.36263443388063277,0.4107954823253313,NEW_BENCH_P0_EVALUATION
R1,40,M11,530103,20,4,motorcycle,95,66,161,27,0.28421052631578947,27,0.16770186335403728,0.28421052631578947,0.21093750000000003,0.08387965977121166,0.18497296415792638,0.07373281458446111,0.1568421052631579,NEW_BENCH_P0_EVALUATION
R1,40,M11,530103,20,5,bus,350,258,1046,206,0.5885714285714285,206,0.19694072657743786,0.5885714285714285,0.2951289398280802,0.28973394641153394,0.36117330756997085,0.33276354687481874,0.47428571428571437,NEW_BENCH_P0_EVALUATION
R1,40,M11,530103,20,6,train,6,5,99,0,0,0,0,0,0,0,0,0,0,NEW_BENCH_P0_EVALUATION
R1,40,M11,530103,20,7,truck,889,540,4485,585,0.6580427446569179,585,0.13043478260869565,0.6580427446569179,0.21771492370673612,0.2269010644864343,0.30784139824476264,0.2538988427959039,0.4908886389201349,NEW_BENCH_P0_EVALUATION
R1,40,M11,530103,20,8,traffic light,5158,1123,7247,2302,0.446297014346646,2302,0.31764868221332965,0.446297014346646,0.3711406690850464,0.08972239512067255,0.2617810170053915,0.046356045358078204,0.1866614967041489,NEW_BENCH_P0_EVALUATION
R1,40,M11,530103,30,1,person,2771,631,6269,1840,0.6640202093107181,1839,0.29334822140692296,0.6636593287621797,0.40685840707964605,0.27474423278526844,0.5304382120251978,0.24326586086578408,0.36817033561891016,NEW_BENCH_P0_EVALUATION
R1,40,M11,530103,30,2,bicycle,244,125,414,95,0.38934426229508196,91,0.21980676328502416,0.3729508196721312,0.2765957446808511,0.10978669747230323,0.24549063004020796,0.08405765204581139,0.19795081967213116,NEW_BENCH_P0_EVALUATION
R1,40,M11,530103,30,3,car,20453,1988,31718,14331,0.7006796069036327,14303,0.45094268238854907,0.6993106145797683,0.5483122807690097,0.36306063135286415,0.604107568204056,0.3656190983568332,0.4356524715200704,NEW_BENCH_P0_EVALUATION
R1,40,M11,530103,30,4,motorcycle,95,66,271,30,0.3157894736842105,30,0.11070110701107011,0.3157894736842105,0.1639344262295082,0.08508266596844576,0.18868408280492913,0.07378317534762713,0.1736842105263158,NEW_BENCH_P0_EVALUATION
R1,40,M11,530103,30,5,bus,350,258,1533,225,0.6428571428571429,225,0.14677103718199608,0.6428571428571429,0.2389803505045141,0.29558955261518877,0.3711048652706239,0.3385052996194778,0.5134285714285713,NEW_BENCH_P0_EVALUATION
R1,40,M11,530103,30,6,train,6,5,168,0,0,0,0,0,0,0,0,0,0,NEW_BENCH_P0_EVALUATION
R1,40,M11,530103,30,7,truck,889,540,7515,644,0.7244094488188977,644,0.0856952761144378,0.7244094488188977,0.15326035221323178,0.22925322659841127,0.3121368884658956,0.25579720072365153,0.5325084364454443,NEW_BENCH_P0_EVALUATION
R1,40,M11,530103,30,8,traffic light,5158,1123,12112,2678,0.5191934858472276,2677,0.22102047556142668,0.5189996122528112,0.310017371163868,0.0943142423916554,0.2787022605807582,0.04683159895906638,0.21310585498255138,NEW_BENCH_P0_EVALUATION
R1,40,M11,530103,40,1,person,2771,631,8248,1861,0.6715987008300253,1860,0.22550921435499516,0.6712378202814868,0.33759869316634905,0.2751473860478411,0.5320941815019554,0.24320290473363457,0.3715987008300253,NEW_BENCH_P0_EVALUATION
R1,40,M11,530103,40,2,bicycle,244,125,490,97,0.3975409836065574,93,0.18979591836734694,0.38114754098360654,0.2534059945504087,0.10999282246250972,0.2468363104729987,0.08497741654212713,0.2012295081967213,NEW_BENCH_P0_EVALUATION
R1,40,M11,530103,40,3,car,20453,1988,40960,14946,0.7307485454456559,14919,0.3642333984375,0.7294284457047866,0.48585804308534025,0.36793432844538176,0.6156646994365818,0.3681185157626359,0.4479734024348506,NEW_BENCH_P0_EVALUATION
R1,40,M11,530103,40,4,motorcycle,95,66,401,31,0.3263157894736842,31,0.0773067331670823,0.3263157894736842,0.125,0.0852843312595858,0.18937866852245705,0.0736498870737659,0.17789473684210527,NEW_BENCH_P0_EVALUATION
R1,40,M11,530103,40,5,bus,350,258,2040,230,0.6571428571428571,230,0.11274509803921569,0.6571428571428571,0.19246861924686193,0.29617626791340584,0.37176531562677423,0.3392347445431159,0.5225714285714286,NEW_BENCH_P0_EVALUATION
R1,40,M11,530103,40,6,train,6,5,367,0,0,0,0,0,0,0,0,0,0,NEW_BENCH_P0_EVALUATION
R1,40,M11,530103,40,7,truck,889,540,10304,670,0.7536557930258717,670,0.06502329192546584,0.7536557930258717,0.11971768069329045,0.23031924975653367,0.3135473617590668,0.25730894519805136,0.5547806524184478,NEW_BENCH_P0_EVALUATION
R1,40,M11,530103,40,8,traffic light,5158,1123,17190,2817,0.5461419154711128,2815,0.16375799883653286,0.54575416828228,0.25192410954000355,0.09547913442444503,0.2835085666083708,0.04727136913514286,0.22347809228383095,NEW_BENCH_P0_EVALUATION
R1,40,S_ADAPT,-1,10,1,person,2771,631,1825,1307,0.471670876939733,1307,0.7161643835616438,0.471670876939733,0.5687554395126198,0.23636073766254206,0.42886767635472756,0.22514704417332293,0.28195597257307836,NEW_BENCH_P0_EVALUATION
R1,40,S_ADAPT,-1,10,2,bicycle,244,125,66,45,0.18442622950819673,45,0.6818181818181818,0.18442622950819673,0.29032258064516125,0.08208784480889676,0.16829071488040157,0.06826473856176828,0.10286885245901638,NEW_BENCH_P0_EVALUATION
R1,40,S_ADAPT,-1,10,3,car,20453,1988,13536,10640,0.5202170830684985,10630,0.7853132387706856,0.5197281572385469,0.6254964841566388,0.31917363195011134,0.4889998534957883,0.33831907560836766,0.3545690118808977,NEW_BENCH_P0_EVALUATION
R1,40,S_ADAPT,-1,10,4,motorcycle,95,66,36,16,0.16842105263157894,16,0.4444444444444444,0.16842105263157894,0.24427480916030533,0.06677387401537033,0.14763227453967118,0.06452145214521451,0.07789473684210527,NEW_BENCH_P0_EVALUATION
R1,40,S_ADAPT,-1,10,5,bus,350,258,361,142,0.4057142857142857,142,0.39335180055401664,0.4057142857142857,0.39943741209563993,0.2548731891914066,0.3089230606238253,0.29188269163781266,0.3414285714285714,NEW_BENCH_P0_EVALUATION
R1,40,S_ADAPT,-1,10,6,train,6,5,66,0,0,0,0,0,0,0,0,0,0,NEW_BENCH_P0_EVALUATION
R1,40,S_ADAPT,-1,10,7,truck,889,540,1540,406,0.4566929133858268,406,0.2636363636363636,0.4566929133858268,0.33429394812680113,0.2058624815986675,0.2716816031852327,0.23144517052862915,0.3634420697412823,NEW_BENCH_P0_EVALUATION
R1,40,S_ADAPT,-1,10,8,traffic light,5158,1123,2570,1271,0.24641333850329586,1271,0.4945525291828794,0.24641333850329586,0.3289337474120083,0.06569086337317953,0.17605799237337258,0.039737087134320156,0.10882124854594803,NEW_BENCH_P0_EVALUATION
R1,40,S_ADAPT,-1,15,1,person,2771,631,2750,1554,0.560808372428726,1553,0.5647272727272727,0.5604474918801876,0.5625792428907807,0.2582918032397622,0.4877913387420076,0.23629945286603962,0.32176109707686756,NEW_BENCH_P0_EVALUATION
R1,40,S_ADAPT,-1,15,2,bicycle,244,125,126,61,0.25,58,0.4603174603174603,0.23770491803278687,0.3135135135135135,0.09186837817611085,0.19541731489413006,0.07417087702582272,0.12704918032786885,NEW_BENCH_P0_EVALUATION
R1,40,S_ADAPT,-1,15,3,car,20453,1988,18298,12212,0.5970762235368895,12195,0.6664662804678106,0.5962450496259717,0.6294031121777501,0.3426800489756434,0.5480601779649303,0.354279363561463,0.3905735099985332,NEW_BENCH_P0_EVALUATION
R1,40,S_ADAPT,-1,15,4,motorcycle,95,66,78,22,0.23157894736842105,22,0.28205128205128205,0.23157894736842105,0.254335260115607,0.0774970877287044,0.17365601662515937,0.06718141963450076,0.11473684210526316,NEW_BENCH_P0_EVALUATION
R1,40,S_ADAPT,-1,15,5,bus,350,258,620,174,0.49714285714285716,174,0.2806451612903226,0.49714285714285716,0.35876288659793815,0.2752170789503827,0.3390883153763454,0.3169681321134805,0.40828571428571425,NEW_BENCH_P0_EVALUATION
R1,40,S_ADAPT,-1,15,6,train,6,5,87,0,0,0,0,0,0,0,0,0,0,NEW_BENCH_P0_EVALUATION
R1,40,S_ADAPT,-1,15,7,truck,889,540,3129,495,0.5568053993250843,495,0.15819750719079578,0.5568053993250843,0.2463912394225983,0.21882708973380885,0.2925613866741141,0.24618205785226333,0.43082114735658045,NEW_BENCH_P0_EVALUATION
R1,40,S_ADAPT,-1,15,8,traffic light,5158,1123,4912,1901,0.3685537029856534,1901,0.3870114006514658,0.3685537029856534,0.3775571002979146,0.08198446160414521,0.23263375194948233,0.04430010028974903,0.15637844125630088,NEW_BENCH_P0_EVALUATION
R1,40,S_ADAPT,-1,20,1,person,2771,631,3788,1676,0.604835799350415,1675,0.4421858500527983,0.6044749188018765,0.5107485897240434,0.26620724602114687,0.5078334009370877,0.23911828950836087,0.3421869361241429,NEW_BENCH_P0_EVALUATION
R1,40,S_ADAPT,-1,20,2,bicycle,244,125,196,74,0.30327868852459017,71,0.3622448979591837,0.29098360655737704,0.32272727272727275,0.09957924334916814,0.22077320032189715,0.07806029414464788,0.15,NEW_BENCH_P0_EVALUATION
R1,40,S_ADAPT,-1,20,3,car,20453,1988,22760,13075,0.6392705226617122,13052,0.5734622144112478,0.6381459932528235,0.6040774766852567,0.3522078299443725,0.572867730293824,0.35855608037704534,0.4086686549650418,NEW_BENCH_P0_EVALUATION
R1,40,S_ADAPT,-1,20,4,motorcycle,95,66,145,26,0.2736842105263158,26,0.1793103448275862,0.2736842105263158,0.21666666666666667,0.0819328922305068,0.18259741115022185,0.07152968851730716,0.1431578947368421,NEW_BENCH_P0_EVALUATION
R1,40,S_ADAPT,-1,20,5,bus,350,258,882,192,0.5485714285714286,192,0.21768707482993196,0.5485714285714286,0.3116883116883117,0.28407245911010515,0.3518585596325591,0.3264458905753868,0.44714285714285706,NEW_BENCH_P0_EVALUATION
R1,40,S_ADAPT,-1,20,6,train,6,5,118,0,0,0,0,0,0,0,0,0,0,NEW_BENCH_P0_EVALUATION
R1,40,S_ADAPT,-1,20,7,truck,889,540,4631,548,0.6164229471316085,548,0.11833297343986181,0.6164229471316085,0.19855072463768117,0.22328084594370873,0.30089310541340963,0.2508924202282687,0.46625421822272217,NEW_BENCH_P0_EVALUATION
R1,40,S_ADAPT,-1,20,8,traffic light,5158,1123,7480,2267,0.4395114385420706,2266,0.3029411764705882,0.4393175649476541,0.3586010444690616,0.08864657159888817,0.2574271697020484,0.04530510104379821,0.18264831329972858,NEW_BENCH_P0_EVALUATION
R1,40,S_ADAPT,-1,30,1,person,2771,631,5973,1819,0.656441717791411,1818,0.30436966348568556,0.6560808372428726,0.4158279963403476,0.2730960561096336,0.5267526157669971,0.24319773984023296,0.36441717791411044,NEW_BENCH_P0_EVALUATION
R1,40,S_ADAPT,-1,30,2,bicycle,244,125,337,90,0.36885245901639346,86,0.2551928783382789,0.3524590163934426,0.29604130808950085,0.10729375211047867,0.24010364308714122,0.08394884202772697,0.18647540983606556,NEW_BENCH_P0_EVALUATION
R1,40,S_ADAPT,-1,30,3,car,20453,1988,31695,14195,0.694030215616291,14167,0.4469790187726771,0.6926612232924265,0.5433381913016798,0.3627930887479292,0.603377413921404,0.3655132603317634,0.43282159096465067,NEW_BENCH_P0_EVALUATION
R1,40,S_ADAPT,-1,30,4,motorcycle,95,66,254,29,0.30526315789473685,29,0.1141732283464567,0.30526315789473685,0.166189111747851,0.0845206024436537,0.1873144201695927,0.07365279261357704,0.1694736842105263,NEW_BENCH_P0_EVALUATION
R1,40,S_ADAPT,-1,30,5,bus,350,258,1401,219,0.6257142857142857,219,0.15631691648822268,0.6257142857142857,0.2501427755568247,0.2938203013081381,0.3676848595224285,0.3369027155918918,0.5005714285714286,NEW_BENCH_P0_EVALUATION
R1,40,S_ADAPT,-1,30,6,train,6,5,211,0,0,0,0,0,0,0,0,0,0,NEW_BENCH_P0_EVALUATION
R1,40,S_ADAPT,-1,30,7,truck,889,540,7436,626,0.7041619797525309,626,0.08418504572350727,0.7041619797525309,0.1503903903903904,0.22773318755626598,0.30987565589370364,0.2548953803461762,0.5159730033745783,NEW_BENCH_P0_EVALUATION
R1,40,S_ADAPT,-1,30,8,traffic light,5158,1123,12693,2648,0.5133772780147344,2647,0.20854014023477507,0.513183404420318,0.29656601871043636,0.09406134447216509,0.2778502573013277,0.04675123130930739,0.21074059713067078,NEW_BENCH_P0_EVALUATION
R1,40,S_ADAPT,-1,40,1,person,2771,631,8162,1857,0.6701551786358715,1856,0.22739524626317079,0.669794298087333,0.3395225464190982,0.2746486039236846,0.5296323598860704,0.24318976309224716,0.37098520389751,NEW_BENCH_P0_EVALUATION
R1,40,S_ADAPT,-1,40,2,bicycle,244,125,458,96,0.39344262295081966,92,0.20087336244541484,0.3770491803278688,0.2621082621082621,0.10977220917343866,0.24477636035886838,0.08496056215672504,0.20081967213114754,NEW_BENCH_P0_EVALUATION
R1,40,S_ADAPT,-1,40,3,car,20453,1988,40709,14845,0.7258103945631448,14819,0.36402269768355894,0.7245391874052706,0.48458192995650895,0.36716529991917257,0.6153709810841006,0.36809067365693304,0.4461203735393341,NEW_BENCH_P0_EVALUATION
R1,40,S_ADAPT,-1,40,4,motorcycle,95,66,394,31,0.3263157894736842,31,0.07868020304568528,0.3263157894736842,0.12678936605316973,0.08527331997490571,0.1893489748532127,0.0736498870737659,0.17789473684210527,NEW_BENCH_P0_EVALUATION
R1,40,S_ADAPT,-1,40,5,bus,350,258,1926,229,0.6542857142857142,229,0.11889927310488058,0.6542857142857142,0.20123022847100175,0.2958565384713133,0.37179944345366256,0.3391045271753146,0.5188571428571429,NEW_BENCH_P0_EVALUATION
R1,40,S_ADAPT,-1,40,6,train,6,5,372,0,0,0,0,0,0,0,0,0,0,NEW_BENCH_P0_EVALUATION
R1,40,S_ADAPT,-1,40,7,truck,889,540,10095,657,0.7390326209223848,657,0.06508172362555721,0.7390326209223848,0.11962855061908231,0.22952510132418774,0.3121019511595222,0.2566832810811748,0.543644544431946,NEW_BENCH_P0_EVALUATION
R1,40,S_ADAPT,-1,40,8,traffic light,5158,1123,17884,2807,0.5442031795269484,2805,0.15684410646387834,0.5438154323381156,0.24346844891936464,0.09542283378511063,0.283311834580343,0.04725093469527069,0.22219852656068242,NEW_BENCH_P0_EVALUATION
R1,40,S_FIXED,-1,10,1,person,2771,631,1466,967,0.3489714904366655,967,0.6596180081855388,0.3489714904366655,0.4564550389426481,0.19069716018739202,0.3212186748962096,0.19288770369721914,0.22010104655359072,NEW_BENCH_P0_EVALUATION
R1,40,S_FIXED,-1,10,2,bicycle,244,125,60,37,0.15163934426229508,37,0.6166666666666667,0.15163934426229508,0.24342105263157898,0.0706879843134182,0.14207039873147675,0.06379075721632166,0.08565573770491804,NEW_BENCH_P0_EVALUATION
R1,40,S_FIXED,-1,10,3,car,20453,1988,13584,9896,0.4838410013200997,9888,0.7279151943462897,0.4834498606561385,0.581014778035667,0.30439215547870385,0.4612049669076562,0.32483867008835005,0.335090206815626,NEW_BENCH_P0_EVALUATION
R1,40,S_FIXED,-1,10,4,motorcycle,95,66,45,16,0.16842105263157894,16,0.35555555555555557,0.16842105263157894,0.22857142857142856,0.0682237482959673,0.14787910594550083,0.06767617938264416,0.08315789473684211,NEW_BENCH_P0_EVALUATION
R1,40,S_FIXED,-1,10,5,bus,350,258,381,127,0.3628571428571429,127,0.3333333333333333,0.3628571428571429,0.347469220246238,0.237319857618881,0.286915548254016,0.27097448293682386,0.3082857142857143,NEW_BENCH_P0_EVALUATION
R1,40,S_FIXED,-1,10,6,train,6,5,121,0,0,0,0,0,0,0,0,0,0,NEW_BENCH_P0_EVALUATION
R1,40,S_FIXED,-1,10,7,truck,889,540,1537,366,0.41169853768278963,366,0.23812621990891347,0.41169853768278963,0.3017312448474856,0.19398697186409336,0.2547527076567919,0.21823801462378759,0.3291338582677165,NEW_BENCH_P0_EVALUATION
R1,40,S_FIXED,-1,10,8,traffic light,5158,1123,2806,1085,0.21035284994183792,1085,0.3866714183891661,0.21035284994183792,0.2724761426418885,0.05685173522894546,0.15080046982182027,0.036218954546605966,0.0925164792555254,NEW_BENCH_P0_EVALUATION
R1,40,S_FIXED,-1,15,1,person,2771,631,2359,1267,0.4572356549981956,1267,0.5370919881305638,0.4572356549981956,0.4939571150097466,0.22985186100714544,0.41016684314631124,0.21975357174188215,0.2765788523998557,NEW_BENCH_P0_EVALUATION
R1,40,S_FIXED,-1,15,2,bicycle,244,125,104,53,0.21721311475409835,53,0.5096153846153846,0.21721311475409835,0.3045977011494253,0.08791168778890233,0.18903141599537238,0.0716498105184413,0.11270491803278689,NEW_BENCH_P0_EVALUATION
R1,40,S_FIXED,-1,15,3,car,20453,1988,18669,11682,0.5711631545494549,11671,0.6251539986073169,0.5706253361365081,0.596646388221461,0.3339477586098609,0.5315458856781675,0.34875229190950957,0.37778321028699946,NEW_BENCH_P0_EVALUATION
R1,40,S_FIXED,-1,15,4,motorcycle,95,66,87,20,0.21052631578947367,20,0.22988505747126436,0.21052631578947367,0.21978021978021975,0.07379992711919033,0.16399705111394697,0.06624336346678146,0.10421052631578946,NEW_BENCH_P0_EVALUATION
R1,40,S_FIXED,-1,15,5,bus,350,258,628,161,0.46,161,0.25636942675159236,0.46,0.3292433537832311,0.26416924862920155,0.32711169839974275,0.3026122687043014,0.3777142857142857,NEW_BENCH_P0_EVALUATION
R1,40,S_FIXED,-1,15,6,train,6,5,197,0,0,0,0,0,0,0,0,0,0,NEW_BENCH_P0_EVALUATION
R1,40,S_FIXED,-1,15,7,truck,889,540,2922,453,0.5095613048368954,453,0.15503080082135523,0.5095613048368954,0.23773287850957756,0.21208501441921707,0.28136855605792993,0.23805470065565465,0.39876265466816646,NEW_BENCH_P0_EVALUATION
R1,40,S_FIXED,-1,15,8,traffic light,5158,1123,5034,1631,0.31620783249321444,1631,0.3239968216130314,0.31620783249321444,0.3200549450549451,0.07343473436339659,0.20671535757888304,0.040551927621563934,0.13367584335013571,NEW_BENCH_P0_EVALUATION
R1,40,S_FIXED,-1,20,1,person,2771,631,3368,1471,0.5308552869000361,1471,0.43675771971496435,0.5308552869000361,0.47923114513764453,0.2504539223621089,0.4663169122214838,0.23197509793531917,0.3095994225911224,NEW_BENCH_P0_EVALUATION
R1,40,S_FIXED,-1,20,2,bicycle,244,125,158,60,0.2459016393442623,59,0.37341772151898733,0.24180327868852458,0.2935323383084577,0.09441843853228614,0.19917417338087784,0.07960663080283842,0.13319672131147542,NEW_BENCH_P0_EVALUATION
R1,40,S_FIXED,-1,20,3,car,20453,1988,23339,12729,0.622353688945387,12713,0.5447105702900724,0.6215714076174644,0.5806083302886371,0.3485224533015897,0.5654180168402181,0.35812660910969535,0.40075294577812554,NEW_BENCH_P0_EVALUATION
R1,40,S_FIXED,-1,20,4,motorcycle,95,66,135,24,0.25263157894736843,24,0.17777777777777778,0.25263157894736843,0.20869565217391303,0.07969018695549858,0.17955825696108077,0.0669872159629756,0.12315789473684209,NEW_BENCH_P0_EVALUATION
R1,40,S_FIXED,-1,20,5,bus,350,258,888,179,0.5114285714285715,179,0.20157657657657657,0.5114285714285715,0.28917609046849757,0.27679508747654663,0.34380524505773863,0.3180617359043967,0.41714285714285715,NEW_BENCH_P0_EVALUATION
R1,40,S_FIXED,-1,20,6,train,6,5,270,0,0,0,0,0,0,0,0,0,0,NEW_BENCH_P0_EVALUATION
R1,40,S_FIXED,-1,20,7,truck,889,540,4415,515,0.5793025871766029,515,0.11664779161947905,0.5793025871766029,0.1941930618401207,0.219436042152672,0.29421542833149894,0.24619433587110237,0.44206974128233967,NEW_BENCH_P0_EVALUATION
R1,40,S_FIXED,-1,20,8,traffic light,5158,1123,7427,1999,0.38755331523846454,1999,0.269153090076747,0.38755331523846454,0.31767977751291215,0.08266249729702392,0.2376418015092604,0.043953247599902975,0.1612640558355952,NEW_BENCH_P0_EVALUATION
R1,40,S_FIXED,-1,30,1,person,2771,631,5672,1682,0.6070010826416457,1681,0.29636812411847674,0.6066402020931072,0.39819969205258793,0.2660993489139649,0.5057174849429661,0.23901819905950789,0.3430530494406352,NEW_BENCH_P0_EVALUATION
R1,40,S_FIXED,-1,30,2,bicycle,244,125,278,75,0.3073770491803279,73,0.26258992805755393,0.29918032786885246,0.2796934865900383,0.10252709905216441,0.22186078621351024,0.08199311029054579,0.1627049180327869,NEW_BENCH_P0_EVALUATION
R1,40,S_FIXED,-1,30,3,car,20453,1988,32355,13942,0.6816603921185156,13916,0.43010353886570857,0.6803891849606415,0.5270413573700955,0.36007607542347136,0.597902288127612,0.36527154939502665,0.42693003471373386,NEW_BENCH_P0_EVALUATION
R1,40,S_FIXED,-1,30,4,motorcycle,95,66,254,27,0.28421052631578947,27,0.1062992125984252,0.28421052631578947,0.15472779369627507,0.08209627210962103,0.18449808619117428,0.07069258470370997,0.14210526315789473,NEW_BENCH_P0_EVALUATION
R1,40,S_FIXED,-1,30,5,bus,350,258,1407,208,0.5942857142857143,208,0.1478322672352523,0.5942857142857143,0.23676721684689808,0.2898732417230977,0.36231202940883545,0.3321045778714628,0.4797142857142857,NEW_BENCH_P0_EVALUATION
R1,40,S_FIXED,-1,30,6,train,6,5,437,0,0,0,0,0,0,0,0,0,0,NEW_BENCH_P0_EVALUATION
R1,40,S_FIXED,-1,30,7,truck,889,540,7309,591,0.6647919010123734,591,0.08085921466684909,0.6647919010123734,0.14418150768480117,0.22593799454997415,0.3060270842964857,0.2523838452715593,0.4961754780652418,NEW_BENCH_P0_EVALUATION
R1,40,S_FIXED,-1,30,8,traffic light,5158,1123,12288,2440,0.4730515703761148,2439,0.198486328125,0.4728576967816983,0.27960564026137796,0.09100543968515598,0.26713791566499656,0.04598503263651852,0.19534703373400542,NEW_BENCH_P0_EVALUATION
R1,40,S_FIXED,-1,40,1,person,2771,631,8175,1791,0.6463370624323349,1790,0.21896024464831804,0.6459761818837965,0.32706011328339124,0.2719031234950216,0.5224004717850897,0.24139360879389785,0.3604114038253338,NEW_BENCH_P0_EVALUATION
R1,40,S_FIXED,-1,40,2,bicycle,244,125,418,90,0.36885245901639346,86,0.20574162679425836,0.3524590163934426,0.2598187311178248,0.1081494882633701,0.240141335844098,0.0841412080720221,0.18770491803278688,NEW_BENCH_P0_EVALUATION
R1,40,S_FIXED,-1,40,3,car,20453,1988,41019,14633,0.715445166968171,14604,0.3560301323776786,0.7140272820613113,0.4751431546069755,0.36573560748655715,0.6111512710131347,0.3679515068427327,0.441524470737789,NEW_BENCH_P0_EVALUATION
R1,40,S_FIXED,-1,40,4,motorcycle,95,66,380,29,0.30526315789473685,29,0.07631578947368421,0.30526315789473685,0.12210526315789473,0.0844111249527763,0.18742696148680585,0.07309024080111133,0.16526315789473683,NEW_BENCH_P0_EVALUATION
R1,40,S_FIXED,-1,40,5,bus,350,258,1967,225,0.6428571428571429,225,0.11438739196746314,0.6428571428571429,0.19421665947345704,0.2951710943470421,0.3707289616716843,0.33838809124091407,0.5117142857142858,NEW_BENCH_P0_EVALUATION
R1,40,S_FIXED,-1,40,6,train,6,5,635,0,0,0,0,0,0,0,0,0,0,NEW_BENCH_P0_EVALUATION
R1,40,S_FIXED,-1,40,7,truck,889,540,10034,640,0.7199100112485939,640,0.06378313733306758,0.7199100112485939,0.11718392383044952,0.22849737464099504,0.3104663131239607,0.2553293087273313,0.53037120359955,NEW_BENCH_P0_EVALUATION
R1,40,S_FIXED,-1,40,8,traffic light,5158,1123,17372,2697,0.52287708414114,2696,0.15519226341238776,0.5226832105467235,0.23932534398579672,0.09418362371882284,0.2792444859087756,0.046764909768135236,0.2140946103140752,NEW_BENCH_P0_EVALUATION
R1,80,M11,530101,10,1,person,2771,631,2159,1453,0.5243594370263442,1452,0.6725335803612784,0.5239985564778058,0.5890466531440162,0.2498552576825608,0.46534293364520113,0.22986364530432857,0.3048718874052689,NEW_BENCH_P0_EVALUATION
R1,80,M11,530101,10,2,bicycle,244,125,91,51,0.20901639344262296,51,0.5604395604395604,0.20901639344262296,0.3044776119402985,0.08690158692795139,0.18007760785541335,0.07515238384803602,0.11557377049180328,NEW_BENCH_P0_EVALUATION
R1,80,M11,530101,10,3,car,20453,1988,13024,10519,0.5143010805260841,10514,0.8072788697788698,0.5140566176111084,0.6281327478567376,0.32010285742819,0.49025932399404815,0.33895533549113716,0.3538258446193713,NEW_BENCH_P0_EVALUATION
R1,80,M11,530101,10,4,motorcycle,95,66,40,18,0.18947368421052632,18,0.45,0.18947368421052632,0.26666666666666666,0.07148347826366032,0.15991275960135748,0.06471185580096471,0.08842105263157896,NEW_BENCH_P0_EVALUATION
R1,80,M11,530101,10,5,bus,350,258,457,160,0.45714285714285713,160,0.350109409190372,0.45714285714285713,0.39653035935563813,0.26754657828399786,0.3289990605103551,0.3063277460125493,0.378,NEW_BENCH_P0_EVALUATION
R1,80,M11,530101,10,6,train,6,5,64,0,0,0,0,0,0,0,0,0,0,NEW_BENCH_P0_EVALUATION
R1,80,M11,530101,10,7,truck,889,540,1451,437,0.4915635545556805,437,0.30117160578911095,0.4915635545556805,0.3735042735042735,0.21396013926320187,0.28809307311921933,0.23982023423476953,0.38110236220472443,NEW_BENCH_P0_EVALUATION
R1,80,M11,530101,10,8,traffic light,5158,1123,2714,1369,0.265412950756107,1369,0.5044215180545321,0.265412950756107,0.3478150406504064,0.06973990027751667,0.18829000269861992,0.04177934187932818,0.11894145017448624,NEW_BENCH_P0_EVALUATION
R1,80,M11,530101,15,1,person,2771,631,3316,1660,0.5990617105738001,1659,0.5003015681544029,0.5987008300252616,0.5450961064563825,0.26594914561396094,0.504851898638661,0.2392284940458215,0.3391555395164201,NEW_BENCH_P0_EVALUATION
R1,80,M11,530101,15,2,bicycle,244,125,178,73,0.29918032786885246,70,0.39325842696629215,0.28688524590163933,0.33175355450236965,0.10038262046283714,0.21804664325839818,0.0784831215257928,0.15204918032786885,NEW_BENCH_P0_EVALUATION
R1,80,M11,530101,15,3,car,20453,1988,17659,12179,0.5954627682980492,12166,0.6889404836060932,0.5948271647191121,0.6384340890008398,0.34315357260914015,0.5491973697492455,0.35457222897025037,0.39021170488436907,NEW_BENCH_P0_EVALUATION
R1,80,M11,530101,15,4,motorcycle,95,66,80,23,0.24210526315789474,23,0.2875,0.24210526315789474,0.26285714285714284,0.08058896139761107,0.18092646436251647,0.06776177617761776,0.12,NEW_BENCH_P0_EVALUATION
R1,80,M11,530101,15,5,bus,350,258,765,190,0.5428571428571428,190,0.24836601307189543,0.5428571428571428,0.34080717488789236,0.2838708141498507,0.3538796253948636,0.3254801358864531,0.43914285714285717,NEW_BENCH_P0_EVALUATION
R1,80,M11,530101,15,6,train,6,5,76,0,0,0,0,0,0,0,0,0,0,NEW_BENCH_P0_EVALUATION
R1,80,M11,530101,15,7,truck,889,540,2858,530,0.5961754780652418,530,0.185444366689993,0.5961754780652418,0.2828929810515079,0.22424826804654938,0.30310317161238814,0.25131117630423067,0.45354330708661417,NEW_BENCH_P0_EVALUATION
R1,80,M11,530101,15,8,traffic light,5158,1123,5068,2008,0.3892981775882125,2008,0.39621152328334647,0.3892981775882125,0.39272442792880885,0.08518384113077526,0.24249679300270602,0.045769234491525215,0.16678945327646372,NEW_BENCH_P0_EVALUATION
R1,80,M11,530101,20,1,person,2771,631,4363,1763,0.6362324070732588,1762,0.40385056154022464,0.6358715265247203,0.4939725259321559,0.2710284936467739,0.5216727549586371,0.24154803228561908,0.35478166726813426,NEW_BENCH_P0_EVALUATION
R1,80,M11,530101,20,2,bicycle,244,125,260,82,0.3360655737704918,78,0.3,0.319672131147541,0.3095238095238095,0.10490234982973978,0.2282942085453333,0.08151348438686276,0.1737704918032787,NEW_BENCH_P0_EVALUATION
R1,80,M11,530101,20,3,car,20453,1988,22211,13136,0.642252970224417,13116,0.590518211696907,0.6412751185645138,0.6148509281830115,0.35406182914112905,0.579860782446599,0.36261788994891636,0.41023321762088694,NEW_BENCH_P0_EVALUATION
R1,80,M11,530101,20,4,motorcycle,95,66,143,26,0.2736842105263158,26,0.18181818181818182,0.2736842105263158,0.21848739495798322,0.08340720139670599,0.18439900569965986,0.07320987988911834,0.14842105263157895,NEW_BENCH_P0_EVALUATION
R1,80,M11,530101,20,5,bus,350,258,1044,205,0.5857142857142857,205,0.19636015325670497,0.5857142857142857,0.29411764705882354,0.28843775829096435,0.36122836282917536,0.330451658729414,0.4674285714285714,NEW_BENCH_P0_EVALUATION
R1,80,M11,530101,20,6,train,6,5,95,0,0,0,0,0,0,0,0,0,0,NEW_BENCH_P0_EVALUATION
R1,80,M11,530101,20,7,truck,889,540,4377,580,0.6524184476940382,580,0.13251085218185973,0.6524184476940382,0.22028104823395367,0.22692593789432408,0.30813126042018735,0.2539821344730153,0.4881889763779528,NEW_BENCH_P0_EVALUATION
R1,80,M11,530101,20,8,traffic light,5158,1123,7507,2334,0.4525009693679721,2334,0.31090981750366325,0.4525009693679721,0.3685748124753257,0.0908198577620492,0.26477412072400436,0.04634137747889976,0.1897634742148119,NEW_BENCH_P0_EVALUATION
R1,80,M11,530101,30,1,person,2771,631,6260,1841,0.6643810898592566,1840,0.2939297124600639,0.6640202093107181,0.40748532831358647,0.2747207090715764,0.5303600381283258,0.2432557644280398,0.3685312161674486,NEW_BENCH_P0_EVALUATION
R1,80,M11,530101,30,2,bicycle,244,125,386,95,0.38934426229508196,91,0.23575129533678757,0.3729508196721312,0.288888888888889,0.10985770597724116,0.24570034156870169,0.08409007400208698,0.1975409836065574,NEW_BENCH_P0_EVALUATION
R1,80,M11,530101,30,3,car,20453,1988,31570,14316,0.6999462181587053,14288,0.4525815647766867,0.6985772258348408,0.5492955039117313,0.3631015254628224,0.6041064958229134,0.3656322056889237,0.4351977704982154,NEW_BENCH_P0_EVALUATION
R1,80,M11,530101,30,4,motorcycle,95,66,263,29,0.30526315789473685,29,0.11026615969581749,0.30526315789473685,0.16201117318435757,0.08465303469542691,0.18749170791600012,0.07377769563589677,0.1694736842105263,NEW_BENCH_P0_EVALUATION
R1,80,M11,530101,30,5,bus,350,258,1533,224,0.64,224,0.1461187214611872,0.64,0.23791821561338292,0.2948793524270923,0.37092919775326216,0.3383681066638753,0.5088571428571429,NEW_BENCH_P0_EVALUATION
R1,80,M11,530101,30,6,train,6,5,154,0,0,0,0,0,0,0,0,0,0,NEW_BENCH_P0_EVALUATION
R1,80,M11,530101,30,7,truck,889,540,7428,643,0.7232845894263217,643,0.08656435110393107,0.7232845894263217,0.15462306119995192,0.22924128598744245,0.31221678414877135,0.2557981067327259,0.5313835770528683,NEW_BENCH_P0_EVALUATION
R1,80,M11,530101,30,8,traffic light,5158,1123,12406,2683,0.5201628538193098,2682,0.21618571658874738,0.5199689802248934,0.30539740378046,0.09438952333728727,0.27865575468780346,0.04684312859241613,0.21370686312524234,NEW_BENCH_P0_EVALUATION
R1,80,M11,530101,40,1,person,2771,631,8288,1862,0.6719595813785637,1861,0.22454150579150578,0.6715987008300253,0.3365584591735238,0.27513621713963793,0.5320615175869602,0.24319954909718547,0.3720678455431252,NEW_BENCH_P0_EVALUATION
R1,80,M11,530101,40,2,bicycle,244,125,492,97,0.3975409836065574,93,0.18902439024390244,0.38114754098360654,0.2527173913043478,0.11002068141185439,0.2468968392786755,0.08499775344046688,0.2012295081967213,NEW_BENCH_P0_EVALUATION
R1,80,M11,530101,40,3,car,20453,1988,40864,14948,0.7308463306116462,14921,0.36513801879404856,0.729526230870777,0.4866839538790221,0.3679230788841496,0.6156481695915492,0.36811616792554797,0.44790006356035794,NEW_BENCH_P0_EVALUATION
R1,80,M11,530101,40,4,motorcycle,95,66,380,31,0.3263157894736842,31,0.08157894736842106,0.3263157894736842,0.13052631578947368,0.08529204320639731,0.1893994572486446,0.0736498870737659,0.17789473684210527,NEW_BENCH_P0_EVALUATION
R1,80,M11,530101,40,5,bus,350,258,2018,231,0.66,231,0.11446977205153618,0.66,0.19510135135135137,0.29639207591482936,0.3729829657925886,0.3402763695461849,0.5234285714285715,NEW_BENCH_P0_EVALUATION
R1,80,M11,530101,40,6,train,6,5,359,0,0,0,0,0,0,0,0,0,0,NEW_BENCH_P0_EVALUATION
R1,80,M11,530101,40,7,truck,889,540,10210,668,0.7514060742407199,668,0.0654260528893242,0.7514060742407199,0.12037120461302821,0.2301370093479136,0.31353024184325,0.257299763416551,0.5525309336332958,NEW_BENCH_P0_EVALUATION
R1,80,M11,530101,40,8,traffic light,5158,1123,17389,2821,0.5469174098487786,2819,0.16211398010236355,0.5465296626599457,0.2500554397480818,0.09559661203453376,0.28342348655269084,0.047265727646169715,0.22371074059713064,NEW_BENCH_P0_EVALUATION
R1,80,M11,530102,10,1,person,2771,631,2144,1444,0.5211115120894984,1443,0.6730410447761194,0.5207506315409599,0.5871820956256358,0.24858964093929112,0.4653118810393513,0.2297939858602238,0.30324792493684594,NEW_BENCH_P0_EVALUATION
R1,80,M11,530102,10,2,bicycle,244,125,100,55,0.22540983606557377,54,0.54,0.22131147540983606,0.313953488372093,0.09006682231872333,0.1915070091125645,0.0747828903769498,0.12131147540983604,NEW_BENCH_P0_EVALUATION
R1,80,M11,530102,10,3,car,20453,1988,12937,10448,0.5108297071334279,10441,0.807065007343279,0.5104874590524617,0.6253968253968254,0.31853827024257186,0.4900445727216317,0.33898088287057376,0.3526328655942893,NEW_BENCH_P0_EVALUATION
R1,80,M11,530102,10,4,motorcycle,95,66,44,19,0.2,19,0.4318181818181818,0.2,0.2733812949640288,0.07442983264305274,0.16994754686386754,0.06679627476917732,0.09684210526315791,NEW_BENCH_P0_EVALUATION
R1,80,M11,530102,10,5,bus,350,258,502,167,0.47714285714285715,167,0.33266932270916333,0.47714285714285715,0.392018779342723,0.27328634144107455,0.33506511297849884,0.316377822001705,0.3965714285714286,NEW_BENCH_P0_EVALUATION
R1,80,M11,530102,10,6,train,6,5,65,0,0,0,0,0,0,0,0,0,0,NEW_BENCH_P0_EVALUATION
R1,80,M11,530102,10,7,truck,889,540,1581,450,0.5061867266591676,450,0.2846299810246679,0.5061867266591676,0.3643724696356276,0.21553620799384732,0.2887418708310602,0.24071428928732297,0.39167604049493815,NEW_BENCH_P0_EVALUATION
R1,80,M11,530102,10,8,traffic light,5158,1123,2627,1339,0.2595967429236138,1339,0.5097068899885802,0.2595967429236138,0.343994861913937,0.06854302106886567,0.18343358446995064,0.04169503605077567,0.1157619232260566,NEW_BENCH_P0_EVALUATION
R1,80,M11,530102,15,1,person,2771,631,3246,1650,0.5954529050884158,1649,0.5080098582871226,0.5950920245398773,0.5481136779125809,0.2654632553461263,0.5048751629895761,0.23926992503976266,0.3380368098159509,NEW_BENCH_P0_EVALUATION
R1,80,M11,530102,15,2,bicycle,244,125,196,77,0.3155737704918033,73,0.37244897959183676,0.29918032786885246,0.33181818181818185,0.10224409489915184,0.22255302113234604,0.08021917392386328,0.1594262295081967,NEW_BENCH_P0_EVALUATION
R1,80,M11,530102,15,3,car,20453,1988,17650,12165,0.594778272136117,12151,0.6884419263456091,0.5940937759741847,0.6377975487494424,0.3431415579751515,0.5491338475840079,0.3545884530401254,0.3901041412017797,NEW_BENCH_P0_EVALUATION
R1,80,M11,530102,15,4,motorcycle,95,66,94,23,0.24210526315789474,23,0.24468085106382978,0.24210526315789474,0.24338624338624337,0.08000652825107434,0.1788129180277488,0.0689565203493715,0.1231578947368421,NEW_BENCH_P0_EVALUATION
R1,80,M11,530102,15,5,bus,350,258,821,196,0.56,196,0.2387332521315469,0.56,0.33475661827497866,0.28729832430120017,0.3579513163533839,0.3296533929498137,0.45600000000000007,NEW_BENCH_P0_EVALUATION
R1,80,M11,530102,15,6,train,6,5,82,0,0,0,0,0,0,0,0,0,0,NEW_BENCH_P0_EVALUATION
R1,80,M11,530102,15,7,truck,889,540,3033,537,0.6040494938132733,537,0.17705242334322452,0.6040494938132733,0.2738398776134625,0.22468737493431537,0.30370340471916596,0.25210343751614256,0.4587176602924634,NEW_BENCH_P0_EVALUATION
R1,80,M11,530102,15,8,traffic light,5158,1123,4878,1973,0.38251260178363705,1973,0.4044690446904469,0.38251260178363705,0.3931845356715823,0.08466112175685397,0.24287276622870319,0.044539921760661086,0.16333850329585112,NEW_BENCH_P0_EVALUATION
R1,80,M11,530102,20,1,person,2771,631,4282,1748,0.6308191988451822,1747,0.40798692199906583,0.6304583182966438,0.4953920317595349,0.2710468980565636,0.5214682380440739,0.24165725171599972,0.3534824972933959,NEW_BENCH_P0_EVALUATION
R1,80,M11,530102,20,2,bicycle,244,125,260,82,0.3360655737704918,78,0.3,0.319672131147541,0.3095238095238095,0.1051922595646846,0.2282266378645338,0.08150320065661007,0.17418032786885246,NEW_BENCH_P0_EVALUATION
R1,80,M11,530102,20,3,car,20453,1988,22206,13127,0.6418129369774606,13109,0.5903359452400252,0.6409328704835476,0.6145948100049228,0.35400191331658243,0.5796917282937103,0.3626006070267656,0.4101843250378918,NEW_BENCH_P0_EVALUATION
R1,80,M11,530102,20,4,motorcycle,95,66,157,26,0.2736842105263158,26,0.16560509554140126,0.2736842105263158,0.20634920634920634,0.082859999076885,0.18331171192441906,0.07283103243818263,0.14842105263157895,NEW_BENCH_P0_EVALUATION
R1,80,M11,530102,20,5,bus,350,258,1098,212,0.6057142857142858,212,0.1930783242258652,0.6057142857142858,0.292817679558011,0.2913862429681451,0.36511395998161855,0.33258451468266775,0.48285714285714276,NEW_BENCH_P0_EVALUATION
R1,80,M11,530102,20,6,train,6,5,104,0,0,0,0,0,0,0,0,0,0,NEW_BENCH_P0_EVALUATION
R1,80,M11,530102,20,7,truck,889,540,4637,589,0.6625421822272216,589,0.12702178132413197,0.6625421822272216,0.2131740861382555,0.2273339423957752,0.3088617579342714,0.2538658020450955,0.4924634420697413,NEW_BENCH_P0_EVALUATION
R1,80,M11,530102,20,8,traffic light,5158,1123,7256,2294,0.4447460255913145,2294,0.31615214994487323,0.4447460255913145,0.36958272917673596,0.0899120255845751,0.2617732829954103,0.046335998132916514,0.18650639782861572,NEW_BENCH_P0_EVALUATION
R1,80,M11,530102,30,1,person,2771,631,6170,1838,0.6632984482136413,1837,0.29773095623987034,0.6629375676651028,0.41091600492114977,0.2747329316367505,0.5303660553619808,0.243330017228718,0.3679538072897871,NEW_BENCH_P0_EVALUATION
R1,80,M11,530102,30,2,bicycle,244,125,403,95,0.38934426229508196,91,0.22580645161290322,0.3729508196721312,0.28129829984544047,0.10983250473144579,0.24561883412588845,0.08406733216988536,0.19795081967213116,NEW_BENCH_P0_EVALUATION
R1,80,M11,530102,30,3,car,20453,1988,31700,14326,0.7004351439886569,14298,0.4510410094637224,0.6990661516647925,0.5483097808371523,0.3630356492002373,0.6040234243468389,0.36561682189487626,0.4355644648706791,NEW_BENCH_P0_EVALUATION
R1,80,M11,530102,30,4,motorcycle,95,66,276,31,0.3263157894736842,31,0.11231884057971014,0.3263157894736842,0.1671159029649596,0.08548995860084459,0.18981464190432154,0.07373066625691159,0.17789473684210527,NEW_BENCH_P0_EVALUATION
R1,80,M11,530102,30,5,bus,350,258,1590,225,0.6428571428571429,225,0.14150943396226415,0.6428571428571429,0.23195876288659795,0.2953082675407012,0.3709007395853898,0.338342477985587,0.5117142857142858,NEW_BENCH_P0_EVALUATION
R1,80,M11,530102,30,6,train,6,5,175,0,0,0,0,0,0,0,0,0,0,NEW_BENCH_P0_EVALUATION
R1,80,M11,530102,30,7,truck,889,540,7530,644,0.7244094488188977,644,0.08552456839309429,0.7244094488188977,0.15298729065209643,0.22917361798440075,0.3121206962846718,0.25581020410060984,0.5311586051743532,NEW_BENCH_P0_EVALUATION
R1,80,M11,530102,30,8,traffic light,5158,1123,12156,2678,0.5191934858472276,2677,0.22022046725896677,0.5189996122528112,0.3092295252396904,0.09441073187895538,0.2787023299220272,0.04684705002522141,0.21339666537417604,NEW_BENCH_P0_EVALUATION
R1,80,M11,530102,40,1,person,2771,631,8170,1860,0.6712378202814868,1859,0.22753977968176253,0.6708769397329484,0.33982268531212867,0.27514856593153214,0.5320897426563155,0.2432032358581754,0.37170696499458683,NEW_BENCH_P0_EVALUATION
R1,80,M11,530102,40,2,bicycle,244,125,501,97,0.3975409836065574,93,0.18562874251497005,0.38114754098360654,0.24966442953020132,0.11001525784392938,0.24688100671183855,0.08499222524945682,0.2012295081967213,NEW_BENCH_P0_EVALUATION
R1,80,M11,530102,40,3,car,20453,1988,41044,14946,0.7307485454456559,14919,0.3634879641360491,0.7294284457047866,0.48519439972681594,0.36791115380135075,0.6156075557804227,0.36811430165502573,0.44785117097736277,NEW_BENCH_P0_EVALUATION
R1,80,M11,530102,40,4,motorcycle,95,66,392,31,0.3263157894736842,31,0.07908163265306123,0.3263157894736842,0.1273100616016427,0.08528541256429747,0.18938158334385377,0.0736498870737659,0.17789473684210527,NEW_BENCH_P0_EVALUATION
R1,80,M11,530102,40,5,bus,350,258,2080,231,0.66,231,0.1110576923076923,0.66,0.19012345679012344,0.2966087833390371,0.3728972278833456,0.34025398490805897,0.5245714285714287,NEW_BENCH_P0_EVALUATION
R1,80,M11,530102,40,6,train,6,5,362,0,0,0,0,0,0,0,0,0,0,NEW_BENCH_P0_EVALUATION
R1,80,M11,530102,40,7,truck,889,540,10236,670,0.7536557930258717,670,0.06545525595935912,0.7536557930258717,0.1204494382022472,0.23026361710428575,0.3134495159341886,0.25723232862255396,0.5544431946006748,NEW_BENCH_P0_EVALUATION
R1,80,M11,530102,40,8,traffic light,5158,1123,17215,2814,0.5455602946878635,2812,0.16334591925646239,0.5451725474990307,0.25137442452956693,0.09546833983649054,0.28345749638467793,0.04726919337846835,0.2232454439705312,NEW_BENCH_P0_EVALUATION
R1,80,M11,530103,10,1,person,2771,631,2144,1445,0.5214723926380368,1444,0.6735074626865671,0.5211115120894984,0.587589013224822,0.24981868289088946,0.46516441725356705,0.22982288807430243,0.3042223024178997,NEW_BENCH_P0_EVALUATION
R1,80,M11,530103,10,2,bicycle,244,125,103,54,0.22131147540983606,53,0.5145631067961165,0.21721311475409835,0.30547550432276654,0.08824758223445422,0.18594276579977922,0.07465612614127466,0.11721311475409835,NEW_BENCH_P0_EVALUATION
R1,80,M11,530103,10,3,car,20453,1988,13010,10503,0.5135187991981617,10496,0.8067640276710223,0.5131765511171955,0.6273197262648298,0.31859208494835134,0.4902472581196191,0.3389902922244779,0.35366938835378675,NEW_BENCH_P0_EVALUATION
R1,80,M11,530103,10,4,motorcycle,95,66,47,20,0.21052631578947367,20,0.425531914893617,0.21052631578947367,0.28169014084507044,0.0758382299148029,0.1732884826944233,0.06664410030746665,0.10210526315789474,NEW_BENCH_P0_EVALUATION
R1,80,M11,530103,10,5,bus,350,258,483,165,0.4714285714285714,165,0.3416149068322981,0.4714285714285714,0.3961584633853541,0.27225885518827,0.33566511752258377,0.3137050683758934,0.3905714285714285,NEW_BENCH_P0_EVALUATION
R1,80,M11,530103,10,6,train,6,5,69,0,0,0,0,0,0,0,0,0,0,NEW_BENCH_P0_EVALUATION
R1,80,M11,530103,10,7,truck,889,540,1518,448,0.5039370078740157,448,0.2951251646903821,0.5039370078740157,0.37224761113419197,0.2161307778771493,0.2904592414153398,0.24204287219772586,0.39111361079865026,NEW_BENCH_P0_EVALUATION
R1,80,M11,530103,10,8,traffic light,5158,1123,2626,1336,0.2590151221403645,1336,0.5087585681645087,0.2590151221403645,0.34326824254881805,0.06849566561226166,0.18334350946275815,0.041636421338298354,0.11552927491275689,NEW_BENCH_P0_EVALUATION
R1,80,M11,530103,15,1,person,2771,631,3247,1658,0.5983399494767232,1657,0.5103172158915923,0.5979790689281848,0.5506812894649386,0.2660757312791455,0.5051264399099907,0.23930559200849633,0.33966077228437386,NEW_BENCH_P0_EVALUATION
R1,80,M11,530103,15,2,bicycle,244,125,198,76,0.3114754098360656,72,0.36363636363636365,0.29508196721311475,0.3257918552036199,0.10061145109704667,0.22214117545518847,0.07824782934348011,0.15450819672131147,NEW_BENCH_P0_EVALUATION
R1,80,M11,530103,15,3,car,20453,1988,17777,12211,0.5970273309538943,12198,0.6861675198289925,0.5963917273749573,0.6381375882814544,0.3431349767594064,0.5491484966854305,0.3545527973348511,0.3909206473377989,NEW_BENCH_P0_EVALUATION
R1,80,M11,530103,15,4,motorcycle,95,66,88,23,0.24210526315789474,23,0.26136363636363635,0.24210526315789474,0.25136612021857924,0.08023277981248872,0.17935311903791407,0.06902909931173028,0.1231578947368421,NEW_BENCH_P0_EVALUATION
R1,80,M11,530103,15,5,bus,350,258,780,194,0.5542857142857143,194,0.24871794871794872,0.5542857142857143,0.34336283185840705,0.2854643012448729,0.35614710064341676,0.327669716354628,0.4477142857142857,NEW_BENCH_P0_EVALUATION
R1,80,M11,530103,15,6,train,6,5,76,0,0,0,0,0,0,0,0,0,0,NEW_BENCH_P0_EVALUATION
R1,80,M11,530103,15,7,truck,889,540,2986,537,0.6040494938132733,537,0.1798392498325519,0.6040494938132733,0.27716129032258063,0.22521584104864484,0.3041596593118411,0.2524702015144348,0.46017997750281214,NEW_BENCH_P0_EVALUATION
R1,80,M11,530103,15,8,traffic light,5158,1123,4848,1965,0.38096161302830556,1965,0.40532178217821785,0.38096161302830556,0.392764341395163,0.08468600213006983,0.24262346995085987,0.04575379684879303,0.16314462970143467,NEW_BENCH_P0_EVALUATION
R1,80,M11,530103,20,1,person,2771,631,4330,1756,0.6337062432334897,1755,0.4053117782909931,0.6333453626849512,0.494296577946768,0.2713263751905221,0.5215237112278229,0.24159878794279258,0.35514254781667265,NEW_BENCH_P0_EVALUATION
R1,80,M11,530103,20,2,bicycle,244,125,273,82,0.3360655737704918,78,0.2857142857142857,0.319672131147541,0.30174081237911027,0.10473151890861639,0.2279342938836905,0.08135476308028884,0.17213114754098363,NEW_BENCH_P0_EVALUATION
R1,80,M11,530103,20,3,car,20453,1988,22339,13158,0.6433286070503105,13136,0.5880299028604682,0.642252970224417,0.6139465320620676,0.3540680815620801,0.5798420170941443,0.3626232935676093,0.41090793526622005,NEW_BENCH_P0_EVALUATION
R1,80,M11,530103,20,4,motorcycle,95,66,161,28,0.29473684210526313,28,0.17391304347826086,0.29473684210526313,0.21874999999999997,0.08434438653253594,0.18741473979964254,0.07371179351666872,0.15894736842105264,NEW_BENCH_P0_EVALUATION
R1,80,M11,530103,20,5,bus,350,258,1050,206,0.5885714285714285,206,0.1961904761904762,0.5885714285714285,0.29428571428571426,0.28955252413458243,0.3611883891929709,0.33083549600110096,0.4734285714285714,NEW_BENCH_P0_EVALUATION
R1,80,M11,530103,20,6,train,6,5,102,0,0,0,0,0,0,0,0,0,0,NEW_BENCH_P0_EVALUATION
R1,80,M11,530103,20,7,truck,889,540,4501,586,0.6591676040494938,586,0.13019329037991556,0.6591676040494938,0.21743970315398886,0.22735227419399687,0.30770638353799706,0.2538047046708475,0.4940382452193475,NEW_BENCH_P0_EVALUATION
R1,80,M11,530103,20,8,traffic light,5158,1123,7244,2308,0.44746025591314464,2308,0.31860850358917725,0.44746025591314464,0.3721980325753911,0.08995802839697595,0.26200483278599185,0.04635916098330406,0.18714618069018998,NEW_BENCH_P0_EVALUATION
R1,80,M11,530103,30,1,person,2771,631,6255,1838,0.6632984482136413,1837,0.29368505195843325,0.6629375676651028,0.4070463106580988,0.2746691044504389,0.5302051698049173,0.24321728017296598,0.3683507758931793,NEW_BENCH_P0_EVALUATION
R1,80,M11,530103,30,2,bicycle,244,125,415,95,0.38934426229508196,91,0.21927710843373494,0.3729508196721312,0.2761760242792109,0.10977924526457997,0.24547816059877742,0.08404481853656434,0.19795081967213116,NEW_BENCH_P0_EVALUATION
R1,80,M11,530103,30,3,car,20453,1988,31752,14349,0.7015596733975455,14320,0.4509952128999748,0.700141788490686,0.5486064553203717,0.3635157269972304,0.608609761000341,0.3656182653040794,0.43585293111035056,NEW_BENCH_P0_EVALUATION
R1,80,M11,530103,30,4,motorcycle,95,66,277,31,0.3263157894736842,31,0.11191335740072202,0.3263157894736842,0.16666666666666666,0.08547370289378342,0.1897877127195333,0.07372297357839273,0.17789473684210527,NEW_BENCH_P0_EVALUATION
R1,80,M11,530103,30,5,bus,350,258,1536,226,0.6457142857142857,226,0.14713541666666666,0.6457142857142857,0.23966065747613996,0.2958291366411944,0.3710600764539455,0.3397776547169111,0.5142857142857143,NEW_BENCH_P0_EVALUATION
R1,80,M11,530103,30,6,train,6,5,168,0,0,0,0,0,0,0,0,0,0,NEW_BENCH_P0_EVALUATION
R1,80,M11,530103,30,7,truck,889,540,7483,645,0.7255343082114736,645,0.08619537618602165,0.7255343082114736,0.15408504538939322,0.22917979200297747,0.3121484437060255,0.2558013990294911,0.5321709786276716,NEW_BENCH_P0_EVALUATION
R1,80,M11,530103,30,8,traffic light,5158,1123,12114,2672,0.518030244280729,2671,0.22048869077100874,0.5178363706863125,0.30928670680870773,0.09430372386414344,0.27868313140868617,0.046841106759328066,0.21265994571539357,NEW_BENCH_P0_EVALUATION
R1,80,M11,530103,40,1,person,2771,631,8283,1862,0.6719595813785637,1861,0.2246770493782446,0.6715987008300253,0.33671069296182377,0.2751437124039099,0.5320828731846683,0.24320290473363457,0.37181522915914833,NEW_BENCH_P0_EVALUATION
R1,80,M11,530103,40,2,bicycle,244,125,494,97,0.3975409836065574,93,0.1882591093117409,0.38114754098360654,0.2520325203252033,0.10998124565562672,0.24680272079379864,0.08496660074944522,0.2012295081967213,NEW_BENCH_P0_EVALUATION
R1,80,M11,530103,40,3,car,20453,1988,41007,14960,0.7314330416075882,14932,0.3641329529104787,0.7300640492837237,0.4859095346566873,0.36829944610696175,0.6192971918871422,0.368119098701277,0.4481396372170341,NEW_BENCH_P0_EVALUATION
R1,80,M11,530103,40,4,motorcycle,95,66,392,31,0.3263157894736842,31,0.07908163265306123,0.3263157894736842,0.1273100616016427,0.08529588870319568,0.1894072797418095,0.07365279261357704,0.17789473684210527,NEW_BENCH_P0_EVALUATION
R1,80,M11,530103,40,5,bus,350,258,2053,231,0.66,231,0.11251826595226498,0.66,0.19225967540574282,0.29662361963130157,0.3729212239129387,0.3402744559520693,0.5245714285714287,NEW_BENCH_P0_EVALUATION
R1,80,M11,530103,40,6,train,6,5,374,0,0,0,0,0,0,0,0,0,0,NEW_BENCH_P0_EVALUATION
R1,80,M11,530103,40,7,truck,889,540,10312,668,0.7514060742407199,668,0.0647788983708301,0.7514060742407199,0.11927506472636373,0.23022611980452445,0.3134486195599523,0.2572716276653969,0.5535433070866141,NEW_BENCH_P0_EVALUATION
R1,80,M11,530103,40,8,traffic light,5158,1123,17085,2819,0.5465296626599457,2817,0.16488147497805092,0.5461419154711128,0.2532931708852223,0.09548320165577923,0.28352424481874844,0.04727263423755936,0.22359441644048078,NEW_BENCH_P0_EVALUATION
R1,80,S_ADAPT,-1,10,1,person,2771,631,1835,1318,0.4756405629736557,1318,0.7182561307901907,0.4756405629736557,0.5722970039079461,0.2364428629035164,0.4290550673374575,0.22511055942438213,0.28347167087693975,NEW_BENCH_P0_EVALUATION
R1,80,S_ADAPT,-1,10,2,bicycle,244,125,69,45,0.18442622950819673,45,0.6521739130434783,0.18442622950819673,0.28753993610223644,0.08208784480889676,0.16829071488040157,0.06826473856176828,0.10286885245901638,NEW_BENCH_P0_EVALUATION
R1,80,S_ADAPT,-1,10,3,car,20453,1988,13524,10651,0.5207549014814452,10643,0.7869713102632357,0.520363760817484,0.6264826205962858,0.31996433941759755,0.4968266228083316,0.33832686528568834,0.3547645822128783,NEW_BENCH_P0_EVALUATION
R1,80,S_ADAPT,-1,10,4,motorcycle,95,66,35,16,0.16842105263157894,16,0.45714285714285713,0.16842105263157894,0.24615384615384614,0.06677387401537033,0.14763227453967118,0.06452145214521451,0.07789473684210527,NEW_BENCH_P0_EVALUATION
R1,80,S_ADAPT,-1,10,5,bus,350,258,362,140,0.4,140,0.3867403314917127,0.4,0.39325842696629215,0.2531270068121841,0.3086396833240851,0.29146309326119296,0.33657142857142863,NEW_BENCH_P0_EVALUATION
R1,80,S_ADAPT,-1,10,6,train,6,5,66,0,0,0,0,0,0,0,0,0,0,NEW_BENCH_P0_EVALUATION
R1,80,S_ADAPT,-1,10,7,truck,889,540,1534,399,0.44881889763779526,399,0.26010430247718386,0.44881889763779526,0.3293437886917045,0.204439828187253,0.2686749252432918,0.23115438769458574,0.35748031496062993,NEW_BENCH_P0_EVALUATION
R1,80,S_ADAPT,-1,10,8,traffic light,5158,1123,2575,1277,0.2475765800697945,1277,0.49592233009708736,0.2475765800697945,0.3302728565886461,0.0657418601425389,0.1763212991225679,0.039734043173437074,0.10878247382706474,NEW_BENCH_P0_EVALUATION
R1,80,S_ADAPT,-1,15,1,person,2771,631,2776,1561,0.5633345362684952,1560,0.5619596541786743,0.5629736557199567,0.562466197944835,0.25825297458053176,0.48775398562322697,0.2362590623199142,0.3226993865030675,NEW_BENCH_P0_EVALUATION
R1,80,S_ADAPT,-1,15,2,bicycle,244,125,128,61,0.25,59,0.4609375,0.24180327868852458,0.3172043010752688,0.0916856240440274,0.20017207168171725,0.07417087702582272,0.1266393442622951,NEW_BENCH_P0_EVALUATION
R1,80,S_ADAPT,-1,15,3,car,20453,1988,18271,12194,0.5961961570429766,12180,0.6666301789721416,0.5955116608810443,0.6290672451193059,0.3426755857424827,0.5480533010969811,0.3542781833720323,0.39018725859287146,NEW_BENCH_P0_EVALUATION
R1,80,S_ADAPT,-1,15,4,motorcycle,95,66,78,21,0.22105263157894736,21,0.2692307692307692,0.22105263157894736,0.24277456647398846,0.07593237384869583,0.17040494524936506,0.06581994265000271,0.10736842105263159,NEW_BENCH_P0_EVALUATION
R1,80,S_ADAPT,-1,15,5,bus,350,258,621,174,0.49714285714285716,174,0.28019323671497587,0.49714285714285716,0.3583934088568486,0.2751644697216852,0.3390151176677471,0.3169008812059483,0.40828571428571425,NEW_BENCH_P0_EVALUATION
R1,80,S_ADAPT,-1,15,6,train,6,5,88,0,0,0,0,0,0,0,0,0,0,NEW_BENCH_P0_EVALUATION
R1,80,S_ADAPT,-1,15,7,truck,889,540,3137,497,0.5590551181102362,497,0.15843162256933377,0.5590551181102362,0.24689518132141086,0.21905190790949342,0.2926239576369636,0.24630290158633864,0.4335208098987627,NEW_BENCH_P0_EVALUATION
R1,80,S_ADAPT,-1,15,8,traffic light,5158,1123,4901,1902,0.3687475765800698,1902,0.3880840644766374,0.3687475765800698,0.3781688040560692,0.08198453640563716,0.23264218100506825,0.04427767822655113,0.1562427297402094,NEW_BENCH_P0_EVALUATION
R1,80,S_ADAPT,-1,20,1,person,2771,631,3776,1678,0.6055575604474919,1677,0.4441207627118644,0.6051966798989534,0.5122957079578433,0.26622139642971404,0.5079380651875487,0.23911828950836087,0.3427643450018044,NEW_BENCH_P0_EVALUATION
R1,80,S_ADAPT,-1,20,2,bicycle,244,125,191,73,0.29918032786885246,70,0.36649214659685864,0.28688524590163933,0.32183908045977005,0.09820255433211315,0.2170714547170627,0.07634769045184617,0.14631147540983605,NEW_BENCH_P0_EVALUATION
R1,80,S_ADAPT,-1,20,3,car,20453,1988,22797,13091,0.6400528039896348,13069,0.5732771855945957,0.6389771671637413,0.6043468208092486,0.3526342395286108,0.5728546020841272,0.35855608037704534,0.40905490637070363,NEW_BENCH_P0_EVALUATION
R1,80,S_ADAPT,-1,20,4,motorcycle,95,66,146,27,0.28421052631578947,27,0.18493150684931506,0.28421052631578947,0.22406639004149378,0.08232441873414613,0.1847029402952883,0.07150184666758033,0.14526315789473684,NEW_BENCH_P0_EVALUATION
R1,80,S_ADAPT,-1,20,5,bus,350,258,886,194,0.5542857142857143,194,0.21896162528216703,0.5542857142857143,0.313915857605178,0.28522801637865586,0.35408444140262246,0.3285040534073268,0.4534285714285714,NEW_BENCH_P0_EVALUATION
R1,80,S_ADAPT,-1,20,6,train,6,5,121,0,0,0,0,0,0,0,0,0,0,NEW_BENCH_P0_EVALUATION
R1,80,S_ADAPT,-1,20,7,truck,889,540,4629,548,0.6164229471316085,548,0.11838410023763232,0.6164229471316085,0.19862268938021024,0.22317947086746098,0.3008775702009826,0.24989027120673185,0.46569178852643417,NEW_BENCH_P0_EVALUATION
R1,80,S_ADAPT,-1,20,8,traffic light,5158,1123,7454,2273,0.4406746801085692,2272,0.30480279044808156,0.4404808065141528,0.36029178560101494,0.08895052155506988,0.2604435439034842,0.04530426481280425,0.18334625823962775,NEW_BENCH_P0_EVALUATION
R1,80,S_ADAPT,-1,30,1,person,2771,631,5991,1817,0.6557199566943341,1816,0.3031213486897012,0.6553590761457957,0.4145172335083314,0.2730919659302177,0.5267417732126172,0.2431919033930918,0.36416456153013355,NEW_BENCH_P0_EVALUATION
R1,80,S_ADAPT,-1,30,2,bicycle,244,125,336,89,0.36475409836065575,85,0.25297619047619047,0.3483606557377049,0.29310344827586204,0.10691409983489211,0.2375155423317769,0.08270006850172572,0.18278688524590164,NEW_BENCH_P0_EVALUATION
R1,80,S_ADAPT,-1,30,3,car,20453,1988,31673,14197,0.6941280007822813,14168,0.4473210621033688,0.6927101158754218,0.5436058780646894,0.3627906398021163,0.6033609346953248,0.3655132603317634,0.432758030606757,NEW_BENCH_P0_EVALUATION
R1,80,S_ADAPT,-1,30,4,motorcycle,95,66,259,29,0.30526315789473685,29,0.11196911196911197,0.30526315789473685,0.16384180790960454,0.08451769690384253,0.18730915387868502,0.0736498870737659,0.1694736842105263,NEW_BENCH_P0_EVALUATION
R1,80,S_ADAPT,-1,30,5,bus,350,258,1392,221,0.6314285714285715,221,0.15876436781609196,0.6314285714285715,0.2537313432835821,0.2939754416698178,0.3692601790414214,0.3368985433749526,0.5025714285714286,NEW_BENCH_P0_EVALUATION
R1,80,S_ADAPT,-1,30,6,train,6,5,214,0,0,0,0,0,0,0,0,0,0,NEW_BENCH_P0_EVALUATION
R1,80,S_ADAPT,-1,30,7,truck,889,540,7426,628,0.7064116985376828,628,0.08456773498518717,0.7064116985376828,0.15105231509320505,0.22796110456588659,0.3098713779947119,0.2549187442542227,0.519347581552306,NEW_BENCH_P0_EVALUATION
R1,80,S_ADAPT,-1,30,8,traffic light,5158,1123,12709,2655,0.5147343931756495,2654,0.20882838933039577,0.514540519581233,0.297084009626686,0.09406438563476544,0.27786736677046486,0.04676350521195854,0.21136099263280342,NEW_BENCH_P0_EVALUATION
R1,80,S_ADAPT,-1,40,1,person,2771,631,8151,1857,0.6701551786358715,1856,0.22770212243896454,0.669794298087333,0.3398644936824757,0.2746482852774347,0.5296323598860704,0.24318976309224716,0.3707686755683869,NEW_BENCH_P0_EVALUATION
R1,80,S_ADAPT,-1,40,2,bicycle,244,125,450,96,0.39344262295081966,92,0.20444444444444446,0.3770491803278688,0.26512968299711814,0.10977220917343866,0.24477636035886838,0.08496056215672504,0.20081967213114754,NEW_BENCH_P0_EVALUATION
R1,80,S_ADAPT,-1,40,3,car,20453,1988,40688,14847,0.7259081797291351,14820,0.3642351553283523,0.7245880799882658,0.4847810797991528,0.3671642555974326,0.6153666103932881,0.36809067365693304,0.44606170243973997,NEW_BENCH_P0_EVALUATION
R1,80,S_ADAPT,-1,40,4,motorcycle,95,66,396,31,0.3263157894736842,31,0.07828282828282829,0.3263157894736842,0.12627291242362526,0.08527331997490571,0.1893489748532127,0.0736498870737659,0.17789473684210527,NEW_BENCH_P0_EVALUATION
R1,80,S_ADAPT,-1,40,5,bus,350,258,1927,230,0.6571428571428571,230,0.1193565127140633,0.6571428571428571,0.20202020202020202,0.29597434005554635,0.3717933064763285,0.33917124358592016,0.5202857142857142,NEW_BENCH_P0_EVALUATION
R1,80,S_ADAPT,-1,40,6,train,6,5,362,0,0,0,0,0,0,0,0,0,0,NEW_BENCH_P0_EVALUATION
R1,80,S_ADAPT,-1,40,7,truck,889,540,10148,658,0.7401574803149606,658,0.06484036263303114,0.7401574803149606,0.11923529944731358,0.22959314555896826,0.3127487848746009,0.25668177680136395,0.5444319460067492,NEW_BENCH_P0_EVALUATION
R1,80,S_ADAPT,-1,40,8,traffic light,5158,1123,17878,2809,0.5445909267157814,2807,0.15700861393891935,0.5442031795269484,0.2437055044278521,0.09542519692666977,0.2833270187450443,0.04725093469527069,0.2224505622334238,NEW_BENCH_P0_EVALUATION
R1,80,S_FIXED,-1,10,1,person,2771,631,1466,967,0.3489714904366655,967,0.6596180081855388,0.3489714904366655,0.4564550389426481,0.19069716018739202,0.3212186748962096,0.19288770369721914,0.22010104655359072,NEW_BENCH_P0_EVALUATION
R1,80,S_FIXED,-1,10,2,bicycle,244,125,60,37,0.15163934426229508,37,0.6166666666666667,0.15163934426229508,0.24342105263157898,0.0706879843134182,0.14207039873147675,0.06379075721632166,0.08565573770491804,NEW_BENCH_P0_EVALUATION
R1,80,S_FIXED,-1,10,3,car,20453,1988,13584,9896,0.4838410013200997,9888,0.7279151943462897,0.4834498606561385,0.581014778035667,0.30439215547870385,0.4612049669076562,0.32483867008835005,0.335090206815626,NEW_BENCH_P0_EVALUATION
R1,80,S_FIXED,-1,10,4,motorcycle,95,66,45,16,0.16842105263157894,16,0.35555555555555557,0.16842105263157894,0.22857142857142856,0.0682237482959673,0.14787910594550083,0.06767617938264416,0.08315789473684211,NEW_BENCH_P0_EVALUATION
R1,80,S_FIXED,-1,10,5,bus,350,258,381,127,0.3628571428571429,127,0.3333333333333333,0.3628571428571429,0.347469220246238,0.237319857618881,0.286915548254016,0.27097448293682386,0.3082857142857143,NEW_BENCH_P0_EVALUATION
R1,80,S_FIXED,-1,10,6,train,6,5,121,0,0,0,0,0,0,0,0,0,0,NEW_BENCH_P0_EVALUATION
R1,80,S_FIXED,-1,10,7,truck,889,540,1537,366,0.41169853768278963,366,0.23812621990891347,0.41169853768278963,0.3017312448474856,0.19398697186409336,0.2547527076567919,0.21823801462378759,0.3291338582677165,NEW_BENCH_P0_EVALUATION
R1,80,S_FIXED,-1,10,8,traffic light,5158,1123,2806,1085,0.21035284994183792,1085,0.3866714183891661,0.21035284994183792,0.2724761426418885,0.05685173522894546,0.15080046982182027,0.036218954546605966,0.0925164792555254,NEW_BENCH_P0_EVALUATION
R1,80,S_FIXED,-1,15,1,person,2771,631,2359,1267,0.4572356549981956,1267,0.5370919881305638,0.4572356549981956,0.4939571150097466,0.22985186100714544,0.41016684314631124,0.21975357174188215,0.2765788523998557,NEW_BENCH_P0_EVALUATION
R1,80,S_FIXED,-1,15,2,bicycle,244,125,104,53,0.21721311475409835,53,0.5096153846153846,0.21721311475409835,0.3045977011494253,0.08791168778890233,0.18903141599537238,0.0716498105184413,0.11270491803278689,NEW_BENCH_P0_EVALUATION
R1,80,S_FIXED,-1,15,3,car,20453,1988,18669,11682,0.5711631545494549,11671,0.6251539986073169,0.5706253361365081,0.596646388221461,0.3339477586098609,0.5315458856781675,0.34875229190950957,0.37778321028699946,NEW_BENCH_P0_EVALUATION
R1,80,S_FIXED,-1,15,4,motorcycle,95,66,87,20,0.21052631578947367,20,0.22988505747126436,0.21052631578947367,0.21978021978021975,0.07379992711919033,0.16399705111394697,0.06624336346678146,0.10421052631578946,NEW_BENCH_P0_EVALUATION
R1,80,S_FIXED,-1,15,5,bus,350,258,628,161,0.46,161,0.25636942675159236,0.46,0.3292433537832311,0.26416924862920155,0.32711169839974275,0.3026122687043014,0.3777142857142857,NEW_BENCH_P0_EVALUATION
R1,80,S_FIXED,-1,15,6,train,6,5,197,0,0,0,0,0,0,0,0,0,0,NEW_BENCH_P0_EVALUATION
R1,80,S_FIXED,-1,15,7,truck,889,540,2922,453,0.5095613048368954,453,0.15503080082135523,0.5095613048368954,0.23773287850957756,0.21208501441921707,0.28136855605792993,0.23805470065565465,0.39876265466816646,NEW_BENCH_P0_EVALUATION
R1,80,S_FIXED,-1,15,8,traffic light,5158,1123,5034,1631,0.31620783249321444,1631,0.3239968216130314,0.31620783249321444,0.3200549450549451,0.07343473436339659,0.20671535757888304,0.040551927621563934,0.13367584335013571,NEW_BENCH_P0_EVALUATION
R1,80,S_FIXED,-1,20,1,person,2771,631,3368,1471,0.5308552869000361,1471,0.43675771971496435,0.5308552869000361,0.47923114513764453,0.2504539223621089,0.4663169122214838,0.23197509793531917,0.3095994225911224,NEW_BENCH_P0_EVALUATION
R1,80,S_FIXED,-1,20,2,bicycle,244,125,158,60,0.2459016393442623,59,0.37341772151898733,0.24180327868852458,0.2935323383084577,0.09441843853228614,0.19917417338087784,0.07960663080283842,0.13319672131147542,NEW_BENCH_P0_EVALUATION
R1,80,S_FIXED,-1,20,3,car,20453,1988,23339,12729,0.622353688945387,12713,0.5447105702900724,0.6215714076174644,0.5806083302886371,0.3485224533015897,0.5654180168402181,0.35812660910969535,0.40075294577812554,NEW_BENCH_P0_EVALUATION
R1,80,S_FIXED,-1,20,4,motorcycle,95,66,135,24,0.25263157894736843,24,0.17777777777777778,0.25263157894736843,0.20869565217391303,0.07969018695549858,0.17955825696108077,0.0669872159629756,0.12315789473684209,NEW_BENCH_P0_EVALUATION
R1,80,S_FIXED,-1,20,5,bus,350,258,888,179,0.5114285714285715,179,0.20157657657657657,0.5114285714285715,0.28917609046849757,0.27679508747654663,0.34380524505773863,0.3180617359043967,0.41714285714285715,NEW_BENCH_P0_EVALUATION
R1,80,S_FIXED,-1,20,6,train,6,5,270,0,0,0,0,0,0,0,0,0,0,NEW_BENCH_P0_EVALUATION
R1,80,S_FIXED,-1,20,7,truck,889,540,4415,515,0.5793025871766029,515,0.11664779161947905,0.5793025871766029,0.1941930618401207,0.219436042152672,0.29421542833149894,0.24619433587110237,0.44206974128233967,NEW_BENCH_P0_EVALUATION
R1,80,S_FIXED,-1,20,8,traffic light,5158,1123,7427,1999,0.38755331523846454,1999,0.269153090076747,0.38755331523846454,0.31767977751291215,0.08266249729702392,0.2376418015092604,0.043953247599902975,0.1612640558355952,NEW_BENCH_P0_EVALUATION
R1,80,S_FIXED,-1,30,1,person,2771,631,5672,1682,0.6070010826416457,1681,0.29636812411847674,0.6066402020931072,0.39819969205258793,0.2660993489139649,0.5057174849429661,0.23901819905950789,0.3430530494406352,NEW_BENCH_P0_EVALUATION
R1,80,S_FIXED,-1,30,2,bicycle,244,125,278,75,0.3073770491803279,73,0.26258992805755393,0.29918032786885246,0.2796934865900383,0.10252709905216441,0.22186078621351024,0.08199311029054579,0.1627049180327869,NEW_BENCH_P0_EVALUATION
R1,80,S_FIXED,-1,30,3,car,20453,1988,32355,13942,0.6816603921185156,13916,0.43010353886570857,0.6803891849606415,0.5270413573700955,0.36007607542347136,0.597902288127612,0.36527154939502665,0.42693003471373386,NEW_BENCH_P0_EVALUATION
R1,80,S_FIXED,-1,30,4,motorcycle,95,66,254,27,0.28421052631578947,27,0.1062992125984252,0.28421052631578947,0.15472779369627507,0.08209627210962103,0.18449808619117428,0.07069258470370997,0.14210526315789473,NEW_BENCH_P0_EVALUATION
R1,80,S_FIXED,-1,30,5,bus,350,258,1407,208,0.5942857142857143,208,0.1478322672352523,0.5942857142857143,0.23676721684689808,0.2898732417230977,0.36231202940883545,0.3321045778714628,0.4797142857142857,NEW_BENCH_P0_EVALUATION
R1,80,S_FIXED,-1,30,6,train,6,5,437,0,0,0,0,0,0,0,0,0,0,NEW_BENCH_P0_EVALUATION
R1,80,S_FIXED,-1,30,7,truck,889,540,7309,591,0.6647919010123734,591,0.08085921466684909,0.6647919010123734,0.14418150768480117,0.22593799454997415,0.3060270842964857,0.2523838452715593,0.4961754780652418,NEW_BENCH_P0_EVALUATION
R1,80,S_FIXED,-1,30,8,traffic light,5158,1123,12288,2440,0.4730515703761148,2439,0.198486328125,0.4728576967816983,0.27960564026137796,0.09100543968515598,0.26713791566499656,0.04598503263651852,0.19534703373400542,NEW_BENCH_P0_EVALUATION
R1,80,S_FIXED,-1,40,1,person,2771,631,8175,1791,0.6463370624323349,1790,0.21896024464831804,0.6459761818837965,0.32706011328339124,0.2719031234950216,0.5224004717850897,0.24139360879389785,0.3604114038253338,NEW_BENCH_P0_EVALUATION
R1,80,S_FIXED,-1,40,2,bicycle,244,125,418,90,0.36885245901639346,86,0.20574162679425836,0.3524590163934426,0.2598187311178248,0.1081494882633701,0.240141335844098,0.0841412080720221,0.18770491803278688,NEW_BENCH_P0_EVALUATION
R1,80,S_FIXED,-1,40,3,car,20453,1988,41019,14633,0.715445166968171,14604,0.3560301323776786,0.7140272820613113,0.4751431546069755,0.36573560748655715,0.6111512710131347,0.3679515068427327,0.441524470737789,NEW_BENCH_P0_EVALUATION
R1,80,S_FIXED,-1,40,4,motorcycle,95,66,380,29,0.30526315789473685,29,0.07631578947368421,0.30526315789473685,0.12210526315789473,0.0844111249527763,0.18742696148680585,0.07309024080111133,0.16526315789473683,NEW_BENCH_P0_EVALUATION
R1,80,S_FIXED,-1,40,5,bus,350,258,1967,225,0.6428571428571429,225,0.11438739196746314,0.6428571428571429,0.19421665947345704,0.2951710943470421,0.3707289616716843,0.33838809124091407,0.5117142857142858,NEW_BENCH_P0_EVALUATION
R1,80,S_FIXED,-1,40,6,train,6,5,635,0,0,0,0,0,0,0,0,0,0,NEW_BENCH_P0_EVALUATION
R1,80,S_FIXED,-1,40,7,truck,889,540,10034,640,0.7199100112485939,640,0.06378313733306758,0.7199100112485939,0.11718392383044952,0.22849737464099504,0.3104663131239607,0.2553293087273313,0.53037120359955,NEW_BENCH_P0_EVALUATION
R1,80,S_FIXED,-1,40,8,traffic light,5158,1123,17372,2697,0.52287708414114,2696,0.15519226341238776,0.5226832105467235,0.23932534398579672,0.09418362371882284,0.2792444859087756,0.046764909768135236,0.2140946103140752,NEW_BENCH_P0_EVALUATION
R2,10,M11,530101,10,1,person,2771,631,2077,1412,0.5095633345362685,1412,0.6798266730861819,0.5095633345362685,0.5825082508250825,0.24602349302444923,0.45153657172754164,0.22956122331824647,0.2985925658607001,NEW_BENCH_P0_EVALUATION
R2,10,M11,530101,10,2,bicycle,244,125,88,51,0.20901639344262296,51,0.5795454545454546,0.20901639344262296,0.3072289156626506,0.086771786259423,0.1809286323290275,0.07502161046238345,0.11352459016393442,NEW_BENCH_P0_EVALUATION
R2,10,M11,530101,10,3,car,20453,1988,13062,10436,0.5102429961374859,10430,0.7984994640943194,0.509949640639515,0.6224078770699686,0.31684451013478887,0.48163124802334883,0.338789352019718,0.35112208477973894,NEW_BENCH_P0_EVALUATION
R2,10,M11,530101,10,4,motorcycle,95,66,42,17,0.17894736842105263,17,0.40476190476190477,0.17894736842105263,0.24817518248175185,0.07091307671881246,0.151007023779301,0.06481848184818483,0.08736842105263158,NEW_BENCH_P0_EVALUATION
R2,10,M11,530101,10,5,bus,350,258,454,161,0.46,161,0.35462555066079293,0.46,0.40049751243781095,0.267845562723251,0.33201625261826856,0.3057413037737889,0.378,NEW_BENCH_P0_EVALUATION
R2,10,M11,530101,10,6,train,6,5,66,0,0,0,0,0,0,0,0,0,0,NEW_BENCH_P0_EVALUATION
R2,10,M11,530101,10,7,truck,889,540,1469,430,0.48368953880764903,430,0.292716133424098,0.48368953880764903,0.364715860899067,0.21257372403185476,0.2841422695274622,0.2391737251298163,0.3778402699662542,NEW_BENCH_P0_EVALUATION
R2,10,M11,530101,10,8,traffic light,5158,1123,2742,1356,0.2628925940286933,1356,0.49452954048140046,0.2628925940286933,0.34329113924050636,0.06972327799165133,0.18805739418330658,0.04185792626279567,0.11688639007367194,NEW_BENCH_P0_EVALUATION
R2,10,M11,530101,15,1,person,2771,631,3150,1643,0.5929267412486467,1642,0.5212698412698412,0.5925658607001083,0.5546360412092551,0.2645162430882566,0.505202290911818,0.23941626733912597,0.33587152652472035,NEW_BENCH_P0_EVALUATION
R2,10,M11,530101,15,2,bicycle,244,125,177,70,0.28688524590163933,67,0.3785310734463277,0.27459016393442626,0.3182897862232779,0.0986531720443559,0.21265937674131655,0.08045048214842193,0.15,NEW_BENCH_P0_EVALUATION
R2,10,M11,530101,15,3,car,20453,1988,17817,12146,0.593849313059209,12133,0.680978840433294,0.5932137094802719,0.634073686961066,0.3425606820188968,0.5489515322391535,0.3544992202072052,0.38955165501393435,NEW_BENCH_P0_EVALUATION
R2,10,M11,530101,15,4,motorcycle,95,66,73,23,0.24210526315789474,23,0.3150684931506849,0.24210526315789474,0.2738095238095238,0.08131481314893864,0.182761292832336,0.06797572839044912,0.12,NEW_BENCH_P0_EVALUATION
R2,10,M11,530101,15,5,bus,350,258,747,190,0.5428571428571428,190,0.2543507362784471,0.5428571428571428,0.34639927073837745,0.2843607278778861,0.35413109964793404,0.3257337368629158,0.4411428571428571,NEW_BENCH_P0_EVALUATION
R2,10,M11,530101,15,6,train,6,5,78,0,0,0,0,0,0,0,0,0,0,NEW_BENCH_P0_EVALUATION
R2,10,M11,530101,15,7,truck,889,540,2859,524,0.5894263217097863,524,0.18328086743616648,0.5894263217097863,0.27961579509071505,0.22217795832478127,0.3002354556938606,0.24897226691438337,0.44600674915635546,NEW_BENCH_P0_EVALUATION
R2,10,M11,530101,15,8,traffic light,5158,1123,5099,1976,0.3830942225668864,1976,0.3875269660717788,0.3830942225668864,0.38529784537389106,0.08443608785736416,0.24215333913865708,0.044348046479026786,0.16322217913920123,NEW_BENCH_P0_EVALUATION
R2,10,M11,530101,20,1,person,2771,631,4224,1742,0.6286539155539517,1741,0.4121685606060606,0.6282930350054132,0.4977841315225161,0.2698692866056329,0.5176227490105507,0.24148349290951082,0.35225550342836526,NEW_BENCH_P0_EVALUATION
R2,10,M11,530101,20,2,bicycle,244,125,253,80,0.32786885245901637,76,0.30039525691699603,0.3114754098360656,0.3058350100603622,0.10402367284396244,0.22675565114068136,0.08161000434700291,0.16926229508196722,NEW_BENCH_P0_EVALUATION
R2,10,M11,530101,20,3,car,20453,1988,22359,13093,0.6401505891556251,13074,0.5847309808130954,0.639221630078717,0.6107633373820424,0.35335577421814685,0.5736791374672475,0.36258597890677235,0.4092358089277856,NEW_BENCH_P0_EVALUATION
R2,10,M11,530101,20,4,motorcycle,95,66,148,25,0.2631578947368421,25,0.16891891891891891,0.2631578947368421,0.205761316872428,0.08227928690176627,0.1808994126850966,0.07184810915095281,0.14526315789473684,NEW_BENCH_P0_EVALUATION
R2,10,M11,530101,20,5,bus,350,258,1024,205,0.5857142857142857,205,0.2001953125,0.5857142857142857,0.29839883551673946,0.2892213853248632,0.3613989010721218,0.3306454989151811,0.4711428571428572,NEW_BENCH_P0_EVALUATION
R2,10,M11,530101,20,6,train,6,5,104,0,0,0,0,0,0,0,0,0,0,NEW_BENCH_P0_EVALUATION
R2,10,M11,530101,20,7,truck,889,540,4424,577,0.6490438695163104,577,0.1304249547920434,0.6490438695163104,0.21720308676830416,0.22640535798840447,0.3065390968352072,0.2527644616559562,0.4856017997750281,NEW_BENCH_P0_EVALUATION
R2,10,M11,530101,20,8,traffic light,5158,1123,7464,2296,0.4451337727801473,2296,0.30760986066452306,0.4451337727801473,0.3638092219933449,0.08969993515532576,0.2616318701134983,0.04637485795863612,0.18613803799922451,NEW_BENCH_P0_EVALUATION
R2,10,M11,530101,30,1,person,2771,631,6226,1830,0.6604114038253338,1829,0.29376806938644395,0.6600505232767954,0.40657997110147825,0.2744296987074432,0.5301049828741919,0.24326194820450012,0.3665102850956334,NEW_BENCH_P0_EVALUATION
R2,10,M11,530101,30,2,bicycle,244,125,386,93,0.38114754098360654,89,0.23056994818652848,0.36475409836065575,0.28253968253968254,0.10947656467712355,0.2429802710239491,0.08423470905486183,0.19549180327868854,NEW_BENCH_P0_EVALUATION
R2,10,M11,530101,30,3,car,20453,1988,31691,14294,0.6988705813328118,14266,0.4501593512353665,0.6975015890089473,0.5471770481742866,0.3630810916849313,0.6041410205377635,0.36563582021106883,0.43496797535813825,NEW_BENCH_P0_EVALUATION
R2,10,M11,530101,30,4,motorcycle,95,66,258,29,0.30526315789473685,29,0.1124031007751938,0.30526315789473685,0.1643059490084986,0.08473930927429187,0.18765133302885134,0.07385077312409263,0.1694736842105263,NEW_BENCH_P0_EVALUATION
R2,10,M11,530101,30,5,bus,350,258,1511,224,0.64,224,0.14824619457313037,0.64,0.24073078989790436,0.2948950097270156,0.37099962631606526,0.3370162611122088,0.508,NEW_BENCH_P0_EVALUATION
R2,10,M11,530101,30,6,train,6,5,189,0,0,0,0,0,0,0,0,0,0,NEW_BENCH_P0_EVALUATION
R2,10,M11,530101,30,7,truck,889,540,7392,634,0.7131608548931384,634,0.08576839826839827,0.7131608548931384,0.15312160367105423,0.2289108681662991,0.31126705710285496,0.25586517158420125,0.5251968503937008,NEW_BENCH_P0_EVALUATION
R2,10,M11,530101,30,8,traffic light,5158,1123,12347,2647,0.513183404420318,2646,0.21430306957155584,0.5129895308259015,0.30231362467866324,0.0942213472280951,0.27847683920394467,0.04684887886192987,0.21107018224117874,NEW_BENCH_P0_EVALUATION
R2,10,M11,530101,40,1,person,2771,631,8321,1859,0.6708769397329484,1858,0.22329046989544526,0.6705160591844099,0.3350162279120087,0.2748965044734191,0.5319420518761153,0.2432048087372269,0.3713460844460484,NEW_BENCH_P0_EVALUATION
R2,10,M11,530101,40,2,bicycle,244,125,479,97,0.3975409836065574,93,0.1941544885177453,0.38114754098360654,0.2572614107883818,0.11003479925830692,0.24695259327152444,0.08500513663344542,0.2012295081967213,NEW_BENCH_P0_EVALUATION
R2,10,M11,530101,40,3,car,20453,1988,40935,14922,0.7295751234537721,14894,0.36384512031269084,0.7282061311299076,0.48524141526031145,0.36793110931336903,0.6156614618116043,0.36812345604538715,0.44739646995550775,NEW_BENCH_P0_EVALUATION
R2,10,M11,530101,40,4,motorcycle,95,66,385,31,0.3263157894736842,31,0.08051948051948052,0.3263157894736842,0.12916666666666665,0.08530975012318667,0.18942870452022686,0.07366311199972655,0.17789473684210527,NEW_BENCH_P0_EVALUATION
R2,10,M11,530101,40,5,bus,350,258,2016,228,0.6514285714285715,228,0.1130952380952381,0.6514285714285715,0.19273034657650043,0.2959182013421621,0.3717995062467297,0.33926875665421896,0.5191428571428572,NEW_BENCH_P0_EVALUATION
R2,10,M11,530101,40,6,train,6,5,362,0,0,0,0,0,0,0,0,0,0,NEW_BENCH_P0_EVALUATION
R2,10,M11,530101,40,7,truck,889,540,10223,665,0.7480314960629921,665,0.06504939841533797,0.7480314960629921,0.11969042476601874,0.22989371565661212,0.3128398098274318,0.25729693740350285,0.5500562429696287,NEW_BENCH_P0_EVALUATION
R2,10,M11,530101,40,8,traffic light,5158,1123,17279,2804,0.5436215587436991,2802,0.16216216216216217,0.5432338115548663,0.24976601149886352,0.09546646316238357,0.28343911355726714,0.04726969306185666,0.22272198526560683,NEW_BENCH_P0_EVALUATION
R2,10,M11,530102,10,1,person,2771,631,2083,1409,0.5084806928906532,1409,0.6764282285165627,0.5084806928906532,0.580552121961269,0.244837660597741,0.4517540435281406,0.2295000806778526,0.2975099242150848,NEW_BENCH_P0_EVALUATION
R2,10,M11,530102,10,2,bicycle,244,125,98,53,0.21721311475409835,53,0.5408163265306123,0.21721311475409835,0.3099415204678363,0.08813736814785501,0.18611394457179176,0.07489602306552934,0.11598360655737705,NEW_BENCH_P0_EVALUATION
R2,10,M11,530102,10,3,car,20453,1988,13025,10431,0.5099985332225101,10424,0.8003071017274472,0.509656285141544,0.6227373200310652,0.31694441730648437,0.481825914105455,0.3389035791405194,0.3514643328607051,NEW_BENCH_P0_EVALUATION
R2,10,M11,530102,10,4,motorcycle,95,66,50,20,0.21052631578947367,20,0.4,0.21052631578947367,0.27586206896551724,0.07679017021966834,0.1699053421825699,0.0667043847241867,0.10210526315789474,NEW_BENCH_P0_EVALUATION
R2,10,M11,530102,10,5,bus,350,258,490,161,0.46,161,0.32857142857142857,0.46,0.38333333333333336,0.26753008043292265,0.33109463983015974,0.30524314604651986,0.3808571428571429,NEW_BENCH_P0_EVALUATION
R2,10,M11,530102,10,6,train,6,5,67,0,0,0,0,0,0,0,0,0,0,NEW_BENCH_P0_EVALUATION
R2,10,M11,530102,10,7,truck,889,540,1586,440,0.4949381327334083,440,0.27742749054224464,0.4949381327334083,0.35555555555555557,0.2132884305172141,0.2853231543846352,0.24036868873831227,0.38481439820022495,NEW_BENCH_P0_EVALUATION
R2,10,M11,530102,10,8,traffic light,5158,1123,2601,1297,0.2514540519581233,1297,0.4986543637062668,0.2514540519581233,0.3343214331743782,0.06761588072606124,0.18263934200013945,0.040099141859764625,0.11231097324544397,NEW_BENCH_P0_EVALUATION
R2,10,M11,530102,15,1,person,2771,631,3075,1622,0.5853482497293396,1621,0.5271544715447154,0.5849873691808012,0.5545672254533014,0.2636600800326084,0.4997573621007857,0.2364706246070163,0.3329483940815591,NEW_BENCH_P0_EVALUATION
R2,10,M11,530102,15,2,bicycle,244,125,177,70,0.28688524590163933,67,0.3785310734463277,0.27459016393442626,0.3182897862232779,0.0981750243924273,0.21302120475414169,0.07839073305388186,0.14590163934426228,NEW_BENCH_P0_EVALUATION
R2,10,M11,530102,15,3,car,20453,1988,17799,12152,0.5941426685571799,12139,0.6820046070003932,0.5935070649782428,0.6346857680644149,0.34255752933370875,0.549016692486663,0.35446934668731833,0.38943431281474594,NEW_BENCH_P0_EVALUATION
R2,10,M11,530102,15,4,motorcycle,95,66,86,23,0.24210526315789474,23,0.26744186046511625,0.24210526315789474,0.25414364640883974,0.08045068312552232,0.18065584453810632,0.06773975643178354,0.12,NEW_BENCH_P0_EVALUATION
R2,10,M11,530102,15,5,bus,350,258,798,193,0.5514285714285714,193,0.24185463659147868,0.5514285714285714,0.33623693379790937,0.28632177201512904,0.35580493677496483,0.33028989407009396,0.4522857142857143,NEW_BENCH_P0_EVALUATION
R2,10,M11,530102,15,6,train,6,5,89,0,0,0,0,0,0,0,0,0,0,NEW_BENCH_P0_EVALUATION
R2,10,M11,530102,15,7,truck,889,540,3035,530,0.5961754780652418,530,0.17462932454695224,0.5961754780652418,0.2701325178389399,0.2227314721106386,0.3012818476601188,0.25012925117438994,0.4507311586051744,NEW_BENCH_P0_EVALUATION
R2,10,M11,530102,15,8,traffic light,5158,1123,4941,1939,0.3759208995734781,1939,0.3924306820481684,0.3759208995734781,0.38399841568472126,0.08366562617448256,0.23818583123273068,0.04441864820007932,0.16019775106630474,NEW_BENCH_P0_EVALUATION
R2,10,M11,530102,20,1,person,2771,631,4133,1738,0.6272103933597979,1737,0.42027582869586255,0.6268495128112594,0.5031865585168018,0.26998977270036667,0.5177865936595899,0.24171403412264952,0.35175027066041137,NEW_BENCH_P0_EVALUATION
R2,10,M11,530102,20,2,bicycle,244,125,255,81,0.3319672131147541,77,0.30196078431372547,0.3155737704918033,0.30861723446893785,0.10469369053319863,0.22845733855477118,0.08152581866965126,0.17049180327868854,NEW_BENCH_P0_EVALUATION
R2,10,M11,530102,20,3,car,20453,1988,22413,13091,0.6400528039896348,13073,0.5832775621291215,0.6391727374957219,0.6099472775626371,0.35292588310001316,0.5736425016086253,0.35870706568334276,0.40925536596098366,NEW_BENCH_P0_EVALUATION
R2,10,M11,530102,20,4,motorcycle,95,66,155,25,0.2631578947368421,25,0.16129032258064516,0.2631578947368421,0.19999999999999998,0.08227217885487419,0.18141181303658865,0.0717562645852686,0.14421052631578948,NEW_BENCH_P0_EVALUATION
R2,10,M11,530102,20,5,bus,350,258,1069,208,0.5942857142857143,208,0.19457436856875585,0.5942857142857143,0.29316420014094435,0.29008140034196794,0.36290062218539376,0.33242458415537957,0.476,NEW_BENCH_P0_EVALUATION
R2,10,M11,530102,20,6,train,6,5,104,0,0,0,0,0,0,0,0,0,0,NEW_BENCH_P0_EVALUATION
R2,10,M11,530102,20,7,truck,889,540,4593,578,0.6501687289088864,578,0.1258436751578489,0.6501687289088864,0.2108719445457862,0.22667890507248215,0.3075252280994662,0.25382021954081874,0.4871766029246344,NEW_BENCH_P0_EVALUATION
R2,10,M11,530102,20,8,traffic light,5158,1123,7278,2260,0.4381543233811555,2260,0.31052486946963453,0.4381543233811555,0.3634609199099389,0.08909165027726912,0.25827867630467877,0.04639539680282214,0.18383094222566884,NEW_BENCH_P0_EVALUATION
R2,10,M11,530102,30,1,person,2771,631,6120,1829,0.6600505232767954,1828,0.29869281045751633,0.6596896427282569,0.41120233944438195,0.27420891317587665,0.5272786159486972,0.24336490639938643,0.3665463731504872,NEW_BENCH_P0_EVALUATION
R2,10,M11,530102,30,2,bicycle,244,125,394,94,0.38524590163934425,90,0.22842639593908629,0.36885245901639346,0.2821316614420063,0.10970288245725196,0.24339948759038094,0.08415195115494736,0.19631147540983607,NEW_BENCH_P0_EVALUATION
R2,10,M11,530102,30,3,car,20453,1988,31817,14293,0.6988216887498166,14266,0.44837665399000537,0.6975015890089473,0.5458580447675532,0.36300084064401,0.60397740742548,0.3655988525170023,0.4346550628269691,NEW_BENCH_P0_EVALUATION
R2,10,M11,530102,30,4,motorcycle,95,66,266,30,0.3157894736842105,30,0.11278195488721804,0.3157894736842105,0.16620498614958445,0.08529925798772671,0.18912894730933608,0.0739316577225968,0.1736842105263158,NEW_BENCH_P0_EVALUATION
R2,10,M11,530102,30,5,bus,350,258,1579,224,0.64,224,0.14186193793540217,0.64,0.23224468636599274,0.2947407510337237,0.37065709038237843,0.3368289696425207,0.5085714285714286,NEW_BENCH_P0_EVALUATION
R2,10,M11,530102,30,6,train,6,5,214,0,0,0,0,0,0,0,0,0,0,NEW_BENCH_P0_EVALUATION
R2,10,M11,530102,30,7,truck,889,540,7502,634,0.7131608548931384,634,0.0845107971207678,0.7131608548931384,0.15111428911929448,0.2288806768192784,0.3111200180022372,0.25577009129565587,0.5263217097862768,NEW_BENCH_P0_EVALUATION
R2,10,M11,530102,30,8,traffic light,5158,1123,12108,2647,0.513183404420318,2646,0.21853320118929634,0.5129895308259015,0.306498320398471,0.09426354893880763,0.27859525982409006,0.04682368411044197,0.21103140752229543,NEW_BENCH_P0_EVALUATION
R2,10,M11,530102,40,1,person,2771,631,8138,1860,0.6712378202814868,1859,0.22843450479233227,0.6708769397329484,0.3408195068292236,0.2749300978373118,0.532113756882669,0.2432115531887979,0.3715265247203176,NEW_BENCH_P0_EVALUATION
R2,10,M11,530102,40,2,bicycle,244,125,490,97,0.3975409836065574,93,0.18979591836734694,0.38114754098360654,0.2534059945504087,0.11000289501906114,0.24687006073212686,0.08497961698882965,0.2012295081967213,NEW_BENCH_P0_EVALUATION
R2,10,M11,530102,40,3,car,20453,1988,41070,14918,0.7293795531217915,14891,0.3625760896031166,0.7280594533809222,0.48407912488012605,0.36791283058226965,0.6156423615512174,0.36811590048405635,0.447445362538503,NEW_BENCH_P0_EVALUATION
R2,10,M11,530102,40,4,motorcycle,95,66,383,31,0.3263157894736842,31,0.08093994778067885,0.3263157894736842,0.1297071129707113,0.08529522100509324,0.1894080458937687,0.0736498870737659,0.17789473684210527,NEW_BENCH_P0_EVALUATION
R2,10,M11,530102,40,5,bus,350,258,2064,230,0.6571428571428571,230,0.11143410852713179,0.6571428571428571,0.19055509527754766,0.2961917106560833,0.37178662059296436,0.33925790358702207,0.5225714285714286,NEW_BENCH_P0_EVALUATION
R2,10,M11,530102,40,6,train,6,5,390,0,0,0,0,0,0,0,0,0,0,NEW_BENCH_P0_EVALUATION
R2,10,M11,530102,40,7,truck,889,540,10228,669,0.7525309336332958,669,0.0654086820492765,0.7525309336332958,0.12035621120805973,0.23011398850333334,0.31349789368613185,0.2572565735624325,0.5519685039370078,NEW_BENCH_P0_EVALUATION
R2,10,M11,530102,40,8,traffic light,5158,1123,17237,2803,0.5434276851492826,2801,0.1624992748158032,0.5430399379604498,0.2501451216789462,0.09547314735229565,0.2834479416331331,0.04726032358082146,0.22272198526560683,NEW_BENCH_P0_EVALUATION
R2,10,M11,530103,10,1,person,2771,631,2063,1414,0.5102850956333453,1414,0.6854095976732913,0.5102850956333453,0.5850227554820026,0.2455693759602412,0.4586714354869665,0.22964460558355146,0.29769036448935404,NEW_BENCH_P0_EVALUATION
R2,10,M11,530103,10,2,bicycle,244,125,112,56,0.22950819672131148,55,0.49107142857142855,0.22540983606557377,0.3089887640449438,0.08981678918042331,0.19056332272715842,0.0745906109048875,0.12049180327868851,NEW_BENCH_P0_EVALUATION
R2,10,M11,530103,10,3,car,20453,1988,13105,10470,0.5119053439593214,10463,0.7983975581838992,0.5115630958783552,0.6235770904106324,0.3177523043207936,0.48974139761289615,0.3389177132750929,0.3521683860558353,NEW_BENCH_P0_EVALUATION
R2,10,M11,530103,10,4,motorcycle,95,66,54,23,0.24210526315789474,23,0.42592592592592593,0.24210526315789474,0.3087248322147651,0.08232061250160015,0.18998303111030024,0.06885645630752699,0.11578947368421053,NEW_BENCH_P0_EVALUATION
R2,10,M11,530103,10,5,bus,350,258,470,162,0.46285714285714286,162,0.3446808510638298,0.46285714285714286,0.3951219512195122,0.2691448196482583,0.3318598547135908,0.310029686647779,0.3842857142857143,NEW_BENCH_P0_EVALUATION
R2,10,M11,530103,10,6,train,6,5,67,0,0,0,0,0,0,0,0,0,0,NEW_BENCH_P0_EVALUATION
R2,10,M11,530103,10,7,truck,889,540,1513,436,0.4904386951631046,436,0.2881692002643754,0.4904386951631046,0.3630308076602831,0.21312503358657575,0.2863325009628458,0.23863029780200562,0.3813273340832396,NEW_BENCH_P0_EVALUATION
R2,10,M11,530103,10,8,traffic light,5158,1123,2616,1296,0.25126017836370684,1296,0.4954128440366973,0.25126017836370684,0.3334190892719321,0.06788462044906081,0.1825557768933778,0.041981853017120804,0.11287320666925163,NEW_BENCH_P0_EVALUATION
R2,10,M11,530103,15,1,person,2771,631,3103,1630,0.5882352941176471,1629,0.5249758298420883,0.5878744135691086,0.5546475995914198,0.263696303878097,0.49987600420396633,0.23645552992158234,0.33457235654998196,NEW_BENCH_P0_EVALUATION
R2,10,M11,530103,15,2,bicycle,244,125,187,71,0.29098360655737704,67,0.3582887700534759,0.27459016393442626,0.3109048723897912,0.09791434547994377,0.21218267904068316,0.07828471230782263,0.14672131147540984,NEW_BENCH_P0_EVALUATION
R2,10,M11,530103,15,3,car,20453,1988,17889,12180,0.5955116608810443,12169,0.6802504332271229,0.5949738424680976,0.6347608366804026,0.34311401880182846,0.5490658619472379,0.3544890993235175,0.39022148340096807,NEW_BENCH_P0_EVALUATION
R2,10,M11,530103,15,4,motorcycle,95,66,88,24,0.25263157894736843,24,0.2727272727272727,0.25263157894736843,0.26229508196721313,0.08256483674999271,0.184690656571211,0.07062853058073269,0.13052631578947368,NEW_BENCH_P0_EVALUATION
R2,10,M11,530103,15,5,bus,350,258,771,193,0.5514285714285714,193,0.2503242542153048,0.5514285714285714,0.34433541480820695,0.2863528374420096,0.3564354543286401,0.33065918923553594,0.4505714285714285,NEW_BENCH_P0_EVALUATION
R2,10,M11,530103,15,6,train,6,5,82,0,0,0,0,0,0,0,0,0,0,NEW_BENCH_P0_EVALUATION
R2,10,M11,530103,15,7,truck,889,540,2960,525,0.5905511811023622,525,0.17736486486486486,0.5905511811023622,0.2727981293842556,0.22257018033299836,0.301074140128007,0.2484332911774948,0.44769403824521936,NEW_BENCH_P0_EVALUATION
R2,10,M11,530103,15,8,traffic light,5158,1123,4920,1940,0.37611477316789454,1940,0.3943089430894309,0.37611477316789454,0.3849970232188926,0.08376770690273351,0.2383274464100522,0.0444701369418313,0.16122528111671192,NEW_BENCH_P0_EVALUATION
R2,10,M11,530103,20,1,person,2771,631,4200,1734,0.6257668711656442,1733,0.4126190476190476,0.6254059906171058,0.4972026968871037,0.26978680533262606,0.5174059714832812,0.241522326781309,0.3515698303861422,NEW_BENCH_P0_EVALUATION
R2,10,M11,530103,20,2,bicycle,244,125,268,83,0.3401639344262295,79,0.2947761194029851,0.3237704918032787,0.30859375,0.10619901184246035,0.2315982332429019,0.08304595512733788,0.17704918032786884,NEW_BENCH_P0_EVALUATION
R2,10,M11,530103,20,3,car,20453,1988,22447,13115,0.6412262259815186,13095,0.5833741702677417,0.6402483743216154,0.6104895104895105,0.35398061199420233,0.5795590996553325,0.36254820734553717,0.40991541583141844,NEW_BENCH_P0_EVALUATION
R2,10,M11,530103,20,4,motorcycle,95,66,160,26,0.2736842105263158,26,0.1625,0.2736842105263158,0.20392156862745098,0.08317063231839741,0.18294938794233004,0.07265742804275264,0.15263157894736842,NEW_BENCH_P0_EVALUATION
R2,10,M11,530103,20,5,bus,350,258,1030,205,0.5857142857142857,205,0.19902912621359223,0.5857142857142857,0.2971014492753623,0.28883184396050565,0.3609993156570076,0.33054522258810065,0.4691428571428572,NEW_BENCH_P0_EVALUATION
R2,10,M11,530103,20,6,train,6,5,103,0,0,0,0,0,0,0,0,0,0,NEW_BENCH_P0_EVALUATION
R2,10,M11,530103,20,7,truck,889,540,4527,588,0.6614173228346457,588,0.12988734261100066,0.6614173228346457,0.21713441654357457,0.22753412139962123,0.3093985510832261,0.2542535934476005,0.49325084364454436,NEW_BENCH_P0_EVALUATION
R2,10,M11,530103,20,8,traffic light,5158,1123,7265,2273,0.4406746801085692,2273,0.31286992429456295,0.4406746801085692,0.36593415439104876,0.0894716415033026,0.261615764342631,0.04639367797871275,0.18441256300891817,NEW_BENCH_P0_EVALUATION
R2,10,M11,530103,30,1,person,2771,631,6205,1831,0.6607722843738723,1830,0.29492344883158744,0.6604114038253338,0.4077540106951872,0.2745148395358569,0.5303388195990836,0.24336548479488782,0.36694334175387955,NEW_BENCH_P0_EVALUATION
R2,10,M11,530103,30,2,bicycle,244,125,411,95,0.38934426229508196,91,0.22141119221411193,0.3729508196721312,0.2778625954198473,0.10978274964068702,0.24537829910393594,0.08407886834916534,0.1971311475409836,NEW_BENCH_P0_EVALUATION
R2,10,M11,530103,30,3,car,20453,1988,31733,14300,0.6991639368307828,14273,0.44978413638798725,0.6978438370899135,0.5470049438546737,0.36307336271981905,0.6041632127272887,0.3656149019355662,0.43485552241724934,NEW_BENCH_P0_EVALUATION
R2,10,M11,530103,30,4,motorcycle,95,66,270,31,0.3263157894736842,31,0.11481481481481481,0.3263157894736842,0.16986301369863016,0.08572704984917502,0.19030839519254464,0.07392666830733598,0.17789473684210527,NEW_BENCH_P0_EVALUATION
R2,10,M11,530103,30,5,bus,350,258,1527,222,0.6342857142857142,222,0.14538310412573674,0.6342857142857142,0.23654768247202984,0.2937530524324522,0.36891905558560284,0.33640362812951174,0.5042857142857142,NEW_BENCH_P0_EVALUATION
R2,10,M11,530103,30,6,train,6,5,202,0,0,0,0,0,0,0,0,0,0,NEW_BENCH_P0_EVALUATION
R2,10,M11,530103,30,7,truck,889,540,7458,635,0.7142857142857143,635,0.08514347009922231,0.7142857142857143,0.15215047322391279,0.22883046089202144,0.3112422417980554,0.25581200331964665,0.5268841394825647,NEW_BENCH_P0_EVALUATION
R2,10,M11,530103,30,8,traffic light,5158,1123,12194,2647,0.513183404420318,2646,0.21699196326061998,0.5129895308259015,0.3049792531120332,0.09427861846066134,0.27861418774016866,0.046828954122100246,0.21108956960062036,NEW_BENCH_P0_EVALUATION
R2,10,M11,530103,40,1,person,2771,631,8292,1860,0.6712378202814868,1859,0.22419199228171732,0.6708769397329484,0.33607520564042304,0.274929728871229,0.5320936717349463,0.2432050495859667,0.37120173222663305,NEW_BENCH_P0_EVALUATION
R2,10,M11,530103,40,2,bicycle,244,125,496,97,0.3975409836065574,93,0.1875,0.38114754098360654,0.2513513513513514,0.1099889852041675,0.24682161145555115,0.08497134548498753,0.2012295081967213,NEW_BENCH_P0_EVALUATION
R2,10,M11,530103,40,3,car,20453,1988,41040,14934,0.7301618344497139,14906,0.36320662768031187,0.7287928421258495,0.48480314832582566,0.3679341180653999,0.6156896477401207,0.3681085316121351,0.4476507113870826,NEW_BENCH_P0_EVALUATION
R2,10,M11,530103,40,4,motorcycle,95,66,394,31,0.3263157894736842,31,0.07868020304568528,0.3263157894736842,0.12678936605316973,0.08529588870319568,0.1894072797418095,0.07365279261357704,0.17789473684210527,NEW_BENCH_P0_EVALUATION
R2,10,M11,530103,40,5,bus,350,258,2024,229,0.6542857142857142,229,0.11314229249011858,0.6542857142857142,0.19292333614153329,0.2960361790109733,0.3717995527059725,0.3392654958716776,0.5199999999999999,NEW_BENCH_P0_EVALUATION
R2,10,M11,530103,40,6,train,6,5,389,0,0,0,0,0,0,0,0,0,0,NEW_BENCH_P0_EVALUATION
R2,10,M11,530103,40,7,truck,889,540,10285,666,0.749156355455568,666,0.06475449684005834,0.749156355455568,0.11920529801324503,0.2299307350517934,0.3128171939370051,0.2572506783360185,0.5507311586051744,NEW_BENCH_P0_EVALUATION
R2,10,M11,530103,40,8,traffic light,5158,1123,17080,2805,0.5438154323381156,2803,0.16411007025761123,0.5434276851492826,0.25209101537908085,0.09548601726826578,0.2835334359170815,0.047275462006847326,0.2226638231872819,NEW_BENCH_P0_EVALUATION
R2,10,S_ADAPT,-1,10,1,person,2771,631,1804,1305,0.4709491158426561,1305,0.7233924611973392,0.4709491158426561,0.5704918032786885,0.2364564378902413,0.42889966663093193,0.22528794724053078,0.2822807650667629,NEW_BENCH_P0_EVALUATION
R2,10,S_ADAPT,-1,10,2,bicycle,244,125,66,45,0.18442622950819673,45,0.6818181818181818,0.18442622950819673,0.29032258064516125,0.08210681809514392,0.1683685811062256,0.06826473856176828,0.10286885245901638,NEW_BENCH_P0_EVALUATION
R2,10,S_ADAPT,-1,10,3,car,20453,1988,13497,10547,0.5156700728499487,10539,0.7808401867081574,0.5152789321859874,0.6208541973490428,0.3190612058836661,0.48878074925934384,0.33828060686619,0.352535080428299,NEW_BENCH_P0_EVALUATION
R2,10,S_ADAPT,-1,10,4,motorcycle,95,66,37,16,0.16842105263157894,16,0.43243243243243246,0.16842105263157894,0.24242424242424246,0.06713120781574178,0.1486731478577722,0.06471185580096471,0.07789473684210527,NEW_BENCH_P0_EVALUATION
R2,10,S_ADAPT,-1,10,5,bus,350,258,359,140,0.4,140,0.38997214484679665,0.4,0.39492242595204513,0.2531834394139104,0.30848289917241933,0.291658510634858,0.33742857142857147,NEW_BENCH_P0_EVALUATION
R2,10,S_ADAPT,-1,10,6,train,6,5,66,0,0,0,0,0,0,0,0,0,0,NEW_BENCH_P0_EVALUATION
R2,10,S_ADAPT,-1,10,7,truck,889,540,1553,401,0.45106861642294716,401,0.25820991629104956,0.45106861642294716,0.3284193284193284,0.20479325130498588,0.27096533028544745,0.23110678449332933,0.3581552305961755,NEW_BENCH_P0_EVALUATION
R2,10,S_ADAPT,-1,10,8,traffic light,5158,1123,2618,1264,0.24505622334238078,1264,0.4828113063407181,0.24505622334238078,0.32510288065843623,0.06548578833594845,0.17566781130465492,0.03954701633588647,0.10767739433889105,NEW_BENCH_P0_EVALUATION
R2,10,S_ADAPT,-1,15,1,person,2771,631,2705,1533,0.5532298809094189,1532,0.566358595194085,0.5528690003608806,0.5595325054784515,0.25531266631702854,0.48186736766729105,0.23298608130033122,0.3177914110429448,NEW_BENCH_P0_EVALUATION
R2,10,S_ADAPT,-1,15,2,bicycle,244,125,124,60,0.2459016393442623,59,0.47580645161290325,0.24180327868852458,0.32065217391304346,0.09165636643803865,0.20032957959302913,0.07417087702582272,0.12745901639344262,NEW_BENCH_P0_EVALUATION
R2,10,S_ADAPT,-1,15,3,car,20453,1988,18318,12161,0.5945827018041363,12145,0.6630090621246861,0.5938004204762137,0.6264991875370768,0.34210832910535743,0.5479049322900041,0.35428213023633237,0.38921918544956735,NEW_BENCH_P0_EVALUATION
R2,10,S_ADAPT,-1,15,4,motorcycle,95,66,84,23,0.24210526315789474,23,0.27380952380952384,0.24210526315789474,0.2569832402234637,0.07894570890239208,0.17700614645067178,0.06730610561056105,0.12,NEW_BENCH_P0_EVALUATION
R2,10,S_ADAPT,-1,15,5,bus,350,258,621,175,0.5,175,0.28180354267310787,0.5,0.3604531410916581,0.27618837842713656,0.34207590979957164,0.3172967400726553,0.41257142857142853,NEW_BENCH_P0_EVALUATION
R2,10,S_ADAPT,-1,15,6,train,6,5,99,0,0,0,0,0,0,0,0,0,0,NEW_BENCH_P0_EVALUATION
R2,10,S_ADAPT,-1,15,7,truck,889,540,3069,486,0.5466816647919011,486,0.15835777126099707,0.5466816647919011,0.24557857503789793,0.217759309472224,0.2905837401229297,0.24609100321668928,0.42508436445444325,NEW_BENCH_P0_EVALUATION
R2,10,S_ADAPT,-1,15,8,traffic light,5158,1123,4980,1891,0.36661496704148894,1891,0.37971887550200806,0.36661496704148894,0.3730518840007891,0.08167407968436416,0.23271103493020506,0.044296971790503806,0.15506010081426908,NEW_BENCH_P0_EVALUATION
R2,10,S_ADAPT,-1,20,1,person,2771,631,3718,1672,0.6033922771562613,1671,0.449435180204411,0.6030313966077229,0.5150254276467868,0.266212258163259,0.5079006082866537,0.23914628180724865,0.3428004330566582,NEW_BENCH_P0_EVALUATION
R2,10,S_ADAPT,-1,20,2,bicycle,244,125,186,73,0.29918032786885246,70,0.3763440860215054,0.28688524590163933,0.32558139534883723,0.09868860334053717,0.21710122458673403,0.0782005073124796,0.14959016393442623,NEW_BENCH_P0_EVALUATION
R2,10,S_ADAPT,-1,20,3,car,20453,1988,22832,13052,0.6381459932528235,13030,0.5706902592852138,0.63707035642693,0.6020561395402564,0.35165719501545606,0.5728800158914262,0.358569192257956,0.4081503935852931,NEW_BENCH_P0_EVALUATION
R2,10,S_ADAPT,-1,20,4,motorcycle,95,66,149,25,0.2631578947368421,25,0.16778523489932887,0.2631578947368421,0.20491803278688522,0.08062199873056386,0.18010601249897845,0.07042089025338928,0.1368421052631579,NEW_BENCH_P0_EVALUATION
R2,10,S_ADAPT,-1,20,5,bus,350,258,866,193,0.5514285714285714,193,0.2228637413394919,0.5514285714285714,0.31743421052631576,0.2857119694609632,0.3541484743493084,0.3286411734634779,0.45371428571428574,NEW_BENCH_P0_EVALUATION
R2,10,S_ADAPT,-1,20,6,train,6,5,132,0,0,0,0,0,0,0,0,0,0,NEW_BENCH_P0_EVALUATION
R2,10,S_ADAPT,-1,20,7,truck,889,540,4652,545,0.6130483689538808,545,0.11715391229578676,0.6130483689538808,0.19671539433315285,0.22304081785583776,0.30083370978873936,0.24981812259918054,0.46524184476940383,NEW_BENCH_P0_EVALUATION
R2,10,S_ADAPT,-1,20,8,traffic light,5158,1123,7465,2243,0.434858472276076,2242,0.3003348961821835,0.4346645986816596,0.35522459003406476,0.08826311256501222,0.2573167505240096,0.04529053562552705,0.18008918185343153,NEW_BENCH_P0_EVALUATION
R2,10,S_ADAPT,-1,30,1,person,2771,631,5935,1804,0.6510285095633346,1803,0.3037910699241786,0.6506676290147961,0.41419710544452104,0.2726135377508486,0.5266568126165148,0.24147721665928717,0.3619631901840491,NEW_BENCH_P0_EVALUATION
R2,10,S_ADAPT,-1,30,2,bicycle,244,125,324,89,0.36475409836065575,85,0.2623456790123457,0.3483606557377049,0.29929577464788737,0.10701577536216395,0.23753194828057395,0.08404993281011555,0.1844262295081967,NEW_BENCH_P0_EVALUATION
R2,10,S_ADAPT,-1,30,3,car,20453,1988,31746,14191,0.6938346452843104,14165,0.44619794619794617,0.6925634381264362,0.5427307036533268,0.3623732664298824,0.6033765100100631,0.3655155478969184,0.4325086784334816,NEW_BENCH_P0_EVALUATION
R2,10,S_ADAPT,-1,30,4,motorcycle,95,66,256,29,0.30526315789473685,29,0.11328125,0.30526315789473685,0.16524216524216526,0.0845384265156172,0.18734144455714555,0.07366770262050275,0.1694736842105263,NEW_BENCH_P0_EVALUATION
R2,10,S_ADAPT,-1,30,5,bus,350,258,1395,220,0.6285714285714286,220,0.15770609318996415,0.6285714285714286,0.2521489971346705,0.2937146256076739,0.36740897007517764,0.33692588716433763,0.5022857142857143,NEW_BENCH_P0_EVALUATION
R2,10,S_ADAPT,-1,30,6,train,6,5,219,0,0,0,0,0,0,0,0,0,0,NEW_BENCH_P0_EVALUATION
R2,10,S_ADAPT,-1,30,7,truck,889,540,7447,624,0.7019122609673791,624,0.08379213105948705,0.7019122609673791,0.14971209213051825,0.22779786495776186,0.309860478266498,0.25491074072404596,0.5161979752530934,NEW_BENCH_P0_EVALUATION
R2,10,S_ADAPT,-1,30,8,traffic light,5158,1123,12678,2615,0.5069794493989919,2614,0.20618394068465057,0.5067855758045754,0.293115048217089,0.09337482721863105,0.27564670023190957,0.04673398818555817,0.20814269096549048,NEW_BENCH_P0_EVALUATION
R2,10,S_ADAPT,-1,40,1,person,2771,631,8186,1853,0.6687116564417178,1852,0.2262399218177376,0.6683507758931794,0.33804873596787444,0.274636009533784,0.5296332843978209,0.24318976309224716,0.37040779501984844,NEW_BENCH_P0_EVALUATION
R2,10,S_ADAPT,-1,40,2,bicycle,244,125,443,96,0.39344262295081966,92,0.2076749435665914,0.3770491803278688,0.2678311499272198,0.10977714251818069,0.24478767932996148,0.084966035065825,0.19999999999999998,NEW_BENCH_P0_EVALUATION
R2,10,S_ADAPT,-1,40,3,car,20453,1988,40702,14835,0.7253214687331931,14808,0.3638150459436883,0.7240013689923238,0.4842776551385823,0.36716585803618357,0.615381333709269,0.36808027876552285,0.445626558451083,NEW_BENCH_P0_EVALUATION
R2,10,S_ADAPT,-1,40,4,motorcycle,95,66,381,31,0.3263157894736842,31,0.08136482939632546,0.3263157894736842,0.13025210084033614,0.08528061757880773,0.1893686466550355,0.0736498870737659,0.17789473684210527,NEW_BENCH_P0_EVALUATION
R2,10,S_ADAPT,-1,40,5,bus,350,258,1929,227,0.6485714285714286,227,0.11767755313634007,0.6485714285714286,0.19921017990346643,0.2953287778179816,0.37056333090273147,0.33805221605736746,0.5154285714285713,NEW_BENCH_P0_EVALUATION
R2,10,S_ADAPT,-1,40,6,train,6,5,397,0,0,0,0,0,0,0,0,0,0,NEW_BENCH_P0_EVALUATION
R2,10,S_ADAPT,-1,40,7,truck,889,540,10114,657,0.7390326209223848,657,0.06495946213169863,0.7390326209223848,0.11942197582477505,0.2294777919764596,0.31211827048476226,0.2566970125699068,0.5431946006749155,NEW_BENCH_P0_EVALUATION
R2,10,S_ADAPT,-1,40,8,traffic light,5158,1123,17848,2796,0.5420705699883676,2794,0.15654415060510982,0.5416828227995347,0.24289315830652872,0.09541195970664994,0.28323693632425556,0.04724061680059219,0.22146180690189993,NEW_BENCH_P0_EVALUATION
R2,10,S_FIXED,-1,10,1,person,2771,631,1466,967,0.3489714904366655,967,0.6596180081855388,0.3489714904366655,0.4564550389426481,0.19069716018739202,0.3212186748962096,0.19288770369721914,0.22010104655359072,NEW_BENCH_P0_EVALUATION
R2,10,S_FIXED,-1,10,2,bicycle,244,125,60,37,0.15163934426229508,37,0.6166666666666667,0.15163934426229508,0.24342105263157898,0.0706879843134182,0.14207039873147675,0.06379075721632166,0.08565573770491804,NEW_BENCH_P0_EVALUATION
R2,10,S_FIXED,-1,10,3,car,20453,1988,13584,9896,0.4838410013200997,9888,0.7279151943462897,0.4834498606561385,0.581014778035667,0.30439215547870385,0.4612049669076562,0.32483867008835005,0.335090206815626,NEW_BENCH_P0_EVALUATION
R2,10,S_FIXED,-1,10,4,motorcycle,95,66,45,16,0.16842105263157894,16,0.35555555555555557,0.16842105263157894,0.22857142857142856,0.0682237482959673,0.14787910594550083,0.06767617938264416,0.08315789473684211,NEW_BENCH_P0_EVALUATION
R2,10,S_FIXED,-1,10,5,bus,350,258,381,127,0.3628571428571429,127,0.3333333333333333,0.3628571428571429,0.347469220246238,0.237319857618881,0.286915548254016,0.27097448293682386,0.3082857142857143,NEW_BENCH_P0_EVALUATION
R2,10,S_FIXED,-1,10,6,train,6,5,121,0,0,0,0,0,0,0,0,0,0,NEW_BENCH_P0_EVALUATION
R2,10,S_FIXED,-1,10,7,truck,889,540,1537,366,0.41169853768278963,366,0.23812621990891347,0.41169853768278963,0.3017312448474856,0.19398697186409336,0.2547527076567919,0.21823801462378759,0.3291338582677165,NEW_BENCH_P0_EVALUATION
R2,10,S_FIXED,-1,10,8,traffic light,5158,1123,2806,1085,0.21035284994183792,1085,0.3866714183891661,0.21035284994183792,0.2724761426418885,0.05685173522894546,0.15080046982182027,0.036218954546605966,0.0925164792555254,NEW_BENCH_P0_EVALUATION
R2,10,S_FIXED,-1,15,1,person,2771,631,2359,1267,0.4572356549981956,1267,0.5370919881305638,0.4572356549981956,0.4939571150097466,0.22985186100714544,0.41016684314631124,0.21975357174188215,0.2765788523998557,NEW_BENCH_P0_EVALUATION
R2,10,S_FIXED,-1,15,2,bicycle,244,125,104,53,0.21721311475409835,53,0.5096153846153846,0.21721311475409835,0.3045977011494253,0.08791168778890233,0.18903141599537238,0.0716498105184413,0.11270491803278689,NEW_BENCH_P0_EVALUATION
R2,10,S_FIXED,-1,15,3,car,20453,1988,18669,11682,0.5711631545494549,11671,0.6251539986073169,0.5706253361365081,0.596646388221461,0.3339477586098609,0.5315458856781675,0.34875229190950957,0.37778321028699946,NEW_BENCH_P0_EVALUATION
R2,10,S_FIXED,-1,15,4,motorcycle,95,66,87,20,0.21052631578947367,20,0.22988505747126436,0.21052631578947367,0.21978021978021975,0.07379992711919033,0.16399705111394697,0.06624336346678146,0.10421052631578946,NEW_BENCH_P0_EVALUATION
R2,10,S_FIXED,-1,15,5,bus,350,258,628,161,0.46,161,0.25636942675159236,0.46,0.3292433537832311,0.26416924862920155,0.32711169839974275,0.3026122687043014,0.3777142857142857,NEW_BENCH_P0_EVALUATION
R2,10,S_FIXED,-1,15,6,train,6,5,197,0,0,0,0,0,0,0,0,0,0,NEW_BENCH_P0_EVALUATION
R2,10,S_FIXED,-1,15,7,truck,889,540,2922,453,0.5095613048368954,453,0.15503080082135523,0.5095613048368954,0.23773287850957756,0.21208501441921707,0.28136855605792993,0.23805470065565465,0.39876265466816646,NEW_BENCH_P0_EVALUATION
R2,10,S_FIXED,-1,15,8,traffic light,5158,1123,5034,1631,0.31620783249321444,1631,0.3239968216130314,0.31620783249321444,0.3200549450549451,0.07343473436339659,0.20671535757888304,0.040551927621563934,0.13367584335013571,NEW_BENCH_P0_EVALUATION
R2,10,S_FIXED,-1,20,1,person,2771,631,3368,1471,0.5308552869000361,1471,0.43675771971496435,0.5308552869000361,0.47923114513764453,0.2504539223621089,0.4663169122214838,0.23197509793531917,0.3095994225911224,NEW_BENCH_P0_EVALUATION
R2,10,S_FIXED,-1,20,2,bicycle,244,125,158,60,0.2459016393442623,59,0.37341772151898733,0.24180327868852458,0.2935323383084577,0.09441843853228614,0.19917417338087784,0.07960663080283842,0.13319672131147542,NEW_BENCH_P0_EVALUATION
R2,10,S_FIXED,-1,20,3,car,20453,1988,23339,12729,0.622353688945387,12713,0.5447105702900724,0.6215714076174644,0.5806083302886371,0.3485224533015897,0.5654180168402181,0.35812660910969535,0.40075294577812554,NEW_BENCH_P0_EVALUATION
R2,10,S_FIXED,-1,20,4,motorcycle,95,66,135,24,0.25263157894736843,24,0.17777777777777778,0.25263157894736843,0.20869565217391303,0.07969018695549858,0.17955825696108077,0.0669872159629756,0.12315789473684209,NEW_BENCH_P0_EVALUATION
R2,10,S_FIXED,-1,20,5,bus,350,258,888,179,0.5114285714285715,179,0.20157657657657657,0.5114285714285715,0.28917609046849757,0.27679508747654663,0.34380524505773863,0.3180617359043967,0.41714285714285715,NEW_BENCH_P0_EVALUATION
R2,10,S_FIXED,-1,20,6,train,6,5,270,0,0,0,0,0,0,0,0,0,0,NEW_BENCH_P0_EVALUATION
R2,10,S_FIXED,-1,20,7,truck,889,540,4415,515,0.5793025871766029,515,0.11664779161947905,0.5793025871766029,0.1941930618401207,0.219436042152672,0.29421542833149894,0.24619433587110237,0.44206974128233967,NEW_BENCH_P0_EVALUATION
R2,10,S_FIXED,-1,20,8,traffic light,5158,1123,7427,1999,0.38755331523846454,1999,0.269153090076747,0.38755331523846454,0.31767977751291215,0.08266249729702392,0.2376418015092604,0.043953247599902975,0.1612640558355952,NEW_BENCH_P0_EVALUATION
R2,10,S_FIXED,-1,30,1,person,2771,631,5672,1682,0.6070010826416457,1681,0.29636812411847674,0.6066402020931072,0.39819969205258793,0.2660993489139649,0.5057174849429661,0.23901819905950789,0.3430530494406352,NEW_BENCH_P0_EVALUATION
R2,10,S_FIXED,-1,30,2,bicycle,244,125,278,75,0.3073770491803279,73,0.26258992805755393,0.29918032786885246,0.2796934865900383,0.10252709905216441,0.22186078621351024,0.08199311029054579,0.1627049180327869,NEW_BENCH_P0_EVALUATION
R2,10,S_FIXED,-1,30,3,car,20453,1988,32355,13942,0.6816603921185156,13916,0.43010353886570857,0.6803891849606415,0.5270413573700955,0.36007607542347136,0.597902288127612,0.36527154939502665,0.42693003471373386,NEW_BENCH_P0_EVALUATION
R2,10,S_FIXED,-1,30,4,motorcycle,95,66,254,27,0.28421052631578947,27,0.1062992125984252,0.28421052631578947,0.15472779369627507,0.08209627210962103,0.18449808619117428,0.07069258470370997,0.14210526315789473,NEW_BENCH_P0_EVALUATION
R2,10,S_FIXED,-1,30,5,bus,350,258,1407,208,0.5942857142857143,208,0.1478322672352523,0.5942857142857143,0.23676721684689808,0.2898732417230977,0.36231202940883545,0.3321045778714628,0.4797142857142857,NEW_BENCH_P0_EVALUATION
R2,10,S_FIXED,-1,30,6,train,6,5,437,0,0,0,0,0,0,0,0,0,0,NEW_BENCH_P0_EVALUATION
R2,10,S_FIXED,-1,30,7,truck,889,540,7309,591,0.6647919010123734,591,0.08085921466684909,0.6647919010123734,0.14418150768480117,0.22593799454997415,0.3060270842964857,0.2523838452715593,0.4961754780652418,NEW_BENCH_P0_EVALUATION
R2,10,S_FIXED,-1,30,8,traffic light,5158,1123,12288,2440,0.4730515703761148,2439,0.198486328125,0.4728576967816983,0.27960564026137796,0.09100543968515598,0.26713791566499656,0.04598503263651852,0.19534703373400542,NEW_BENCH_P0_EVALUATION
R2,10,S_FIXED,-1,40,1,person,2771,631,8175,1791,0.6463370624323349,1790,0.21896024464831804,0.6459761818837965,0.32706011328339124,0.2719031234950216,0.5224004717850897,0.24139360879389785,0.3604114038253338,NEW_BENCH_P0_EVALUATION
R2,10,S_FIXED,-1,40,2,bicycle,244,125,418,90,0.36885245901639346,86,0.20574162679425836,0.3524590163934426,0.2598187311178248,0.1081494882633701,0.240141335844098,0.0841412080720221,0.18770491803278688,NEW_BENCH_P0_EVALUATION
R2,10,S_FIXED,-1,40,3,car,20453,1988,41019,14633,0.715445166968171,14604,0.3560301323776786,0.7140272820613113,0.4751431546069755,0.36573560748655715,0.6111512710131347,0.3679515068427327,0.441524470737789,NEW_BENCH_P0_EVALUATION
R2,10,S_FIXED,-1,40,4,motorcycle,95,66,380,29,0.30526315789473685,29,0.07631578947368421,0.30526315789473685,0.12210526315789473,0.0844111249527763,0.18742696148680585,0.07309024080111133,0.16526315789473683,NEW_BENCH_P0_EVALUATION
R2,10,S_FIXED,-1,40,5,bus,350,258,1967,225,0.6428571428571429,225,0.11438739196746314,0.6428571428571429,0.19421665947345704,0.2951710943470421,0.3707289616716843,0.33838809124091407,0.5117142857142858,NEW_BENCH_P0_EVALUATION
R2,10,S_FIXED,-1,40,6,train,6,5,635,0,0,0,0,0,0,0,0,0,0,NEW_BENCH_P0_EVALUATION
R2,10,S_FIXED,-1,40,7,truck,889,540,10034,640,0.7199100112485939,640,0.06378313733306758,0.7199100112485939,0.11718392383044952,0.22849737464099504,0.3104663131239607,0.2553293087273313,0.53037120359955,NEW_BENCH_P0_EVALUATION
R2,10,S_FIXED,-1,40,8,traffic light,5158,1123,17372,2697,0.52287708414114,2696,0.15519226341238776,0.5226832105467235,0.23932534398579672,0.09418362371882284,0.2792444859087756,0.046764909768135236,0.2140946103140752,NEW_BENCH_P0_EVALUATION
R2,20,M11,530101,10,1,person,2771,631,2147,1438,0.5189462287982678,1438,0.6697717745691663,0.5189462287982678,0.5847905652704352,0.24773013712993947,0.45810825083223405,0.22947541138291103,0.30230963551064594,NEW_BENCH_P0_EVALUATION
R2,20,M11,530101,10,2,bicycle,244,125,95,52,0.21311475409836064,52,0.5473684210526316,0.21311475409836064,0.30678466076696165,0.08830592319057853,0.18562891286593358,0.07480580362717891,0.11762295081967214,NEW_BENCH_P0_EVALUATION
R2,20,M11,530101,10,3,car,20453,1988,13002,10502,0.5134699066151664,10495,0.8071835102291955,0.5131276585342004,0.6274099536691078,0.318478639997211,0.49010543048698224,0.33890904517790116,0.35280398963477244,NEW_BENCH_P0_EVALUATION
R2,20,M11,530101,10,4,motorcycle,95,66,42,17,0.17894736842105263,17,0.40476190476190477,0.17894736842105263,0.24817518248175185,0.07086104448856242,0.15088065979155088,0.06481848184818483,0.08736842105263158,NEW_BENCH_P0_EVALUATION
R2,20,M11,530101,10,5,bus,350,258,462,161,0.46,161,0.3484848484848485,0.46,0.396551724137931,0.2681912510940213,0.33209529515423564,0.3061536617737311,0.37971428571428567,NEW_BENCH_P0_EVALUATION
R2,20,M11,530101,10,6,train,6,5,67,0,0,0,0,0,0,0,0,0,0,NEW_BENCH_P0_EVALUATION
R2,20,M11,530101,10,7,truck,889,540,1449,437,0.4915635545556805,437,0.30158730158730157,0.4915635545556805,0.3738237810094097,0.21437082178482478,0.28807362042864204,0.2398771394558423,0.3815523059617548,NEW_BENCH_P0_EVALUATION
R2,20,M11,530101,10,8,traffic light,5158,1123,2736,1392,0.26987204342768517,1392,0.5087719298245614,0.26987204342768517,0.35267291613883966,0.07073954968402286,0.18925150760956894,0.04187245684686501,0.12041488949205119,NEW_BENCH_P0_EVALUATION
R2,20,M11,530101,15,1,person,2771,631,3227,1656,0.5976181883796463,1655,0.5128602417105671,0.5972573078311079,0.5518506168722908,0.2659224608440503,0.5054204467053685,0.2394368645093579,0.33828942619992786,NEW_BENCH_P0_EVALUATION
R2,20,M11,530101,15,2,bicycle,244,125,164,70,0.28688524590163933,67,0.40853658536585363,0.27459016393442626,0.32843137254901955,0.09695209993133615,0.213358545125488,0.07862050011451394,0.1426229508196721,NEW_BENCH_P0_EVALUATION
R2,20,M11,530101,15,3,car,20453,1988,17750,12192,0.5960983718769862,12179,0.6861408450704225,0.5954627682980492,0.6375939062377302,0.34263938599546934,0.5492303491019492,0.35451399124562255,0.38998190974429175,NEW_BENCH_P0_EVALUATION
R2,20,M11,530101,15,4,motorcycle,95,66,73,23,0.24210526315789474,23,0.3150684931506849,0.24210526315789474,0.2738095238095238,0.08148272309993336,0.18151207277590506,0.06932193219321932,0.1231578947368421,NEW_BENCH_P0_EVALUATION
R2,20,M11,530101,15,5,bus,350,258,779,188,0.5371428571428571,188,0.24133504492939667,0.5371428571428571,0.33303808680248004,0.2822828160151394,0.3504383547677332,0.3249121710924662,0.4354285714285714,NEW_BENCH_P0_EVALUATION
R2,20,M11,530101,15,6,train,6,5,78,0,0,0,0,0,0,0,0,0,0,NEW_BENCH_P0_EVALUATION
R2,20,M11,530101,15,7,truck,889,540,2886,533,0.5995500562429696,533,0.18468468468468469,0.5995500562429696,0.2823841059602649,0.22434214830647045,0.30323289355528826,0.25294683503146037,0.4542182227221597,NEW_BENCH_P0_EVALUATION
R2,20,M11,530101,15,8,traffic light,5158,1123,5043,1995,0.38677782086079876,1995,0.3955978584176086,0.38677782086079876,0.3911381237133615,0.0849938633715627,0.24267383632945366,0.045830062029377436,0.1649670414889492,NEW_BENCH_P0_EVALUATION
R2,20,M11,530101,20,1,person,2771,631,4308,1752,0.632262721039336,1751,0.4064531104921077,0.6319018404907976,0.4947026416160474,0.2713556398325226,0.5215697390377241,0.24158320279968587,0.3542764345001804,NEW_BENCH_P0_EVALUATION
R2,20,M11,530101,20,2,bicycle,244,125,264,82,0.3360655737704918,78,0.29545454545454547,0.319672131147541,0.3070866141732284,0.10468390868208234,0.22846309377896312,0.08149287105891814,0.17131147540983607,NEW_BENCH_P0_EVALUATION
R2,20,M11,530101,20,3,car,20453,1988,22304,13125,0.6417151518114702,13108,0.5876972740315638,0.6408839779005525,0.6131393689922119,0.3540371625844596,0.5796974673603719,0.36266333008975815,0.4101158754216985,NEW_BENCH_P0_EVALUATION
R2,20,M11,530101,20,4,motorcycle,95,66,128,24,0.25263157894736843,24,0.1875,0.25263157894736843,0.21524663677130046,0.08106943595431422,0.17992048905094807,0.07114889362550054,0.13263157894736843,NEW_BENCH_P0_EVALUATION
R2,20,M11,530101,20,5,bus,350,258,1024,201,0.5742857142857143,201,0.1962890625,0.5742857142857143,0.2925764192139738,0.2876564115345306,0.3589583659534228,0.3304141464097315,0.46342857142857136,NEW_BENCH_P0_EVALUATION
R2,20,M11,530101,20,6,train,6,5,93,0,0,0,0,0,0,0,0,0,0,NEW_BENCH_P0_EVALUATION
R2,20,M11,530101,20,7,truck,889,540,4435,582,0.6546681664791901,582,0.13122886133032693,0.6546681664791901,0.2186326070623591,0.22728642338688254,0.30823424462383375,0.25429275008311775,0.49010123734533195,NEW_BENCH_P0_EVALUATION
R2,20,M11,530101,20,8,traffic light,5158,1123,7444,2312,0.44823575029081036,2312,0.3105857066093498,0.44823575029081036,0.3669258847801936,0.08993020760706291,0.2618014603051498,0.046393976285851624,0.18712679333074833,NEW_BENCH_P0_EVALUATION
R2,20,M11,530101,30,1,person,2771,631,6247,1837,0.6629375676651028,1836,0.2939010725148071,0.6625766871165644,0.40718562874251496,0.27446003646630845,0.5302847860884482,0.24325040388124466,0.3675568386863948,NEW_BENCH_P0_EVALUATION
R2,20,M11,530101,30,2,bicycle,244,125,381,94,0.38524590163934425,90,0.23622047244094488,0.36885245901639346,0.28800000000000003,0.10964663000650317,0.24329277294453583,0.08411546604726747,0.19631147540983607,NEW_BENCH_P0_EVALUATION
R2,20,M11,530101,30,3,car,20453,1988,31636,14310,0.6996528626607343,14281,0.4514161082311291,0.6982349777538748,0.5483307416153123,0.3631820238731889,0.6041180213050535,0.3656355523958334,0.4353493375055004,NEW_BENCH_P0_EVALUATION
R2,20,M11,530101,30,4,motorcycle,95,66,267,29,0.30526315789473685,29,0.10861423220973783,0.30526315789473685,0.16022099447513813,0.08466240715690435,0.1874993471478208,0.07378571133383963,0.1694736842105263,NEW_BENCH_P0_EVALUATION
R2,20,M11,530101,30,5,bus,350,258,1515,223,0.6371428571428571,223,0.1471947194719472,0.6371428571428571,0.23914209115281504,0.29406418093486175,0.3691293010755811,0.3366533947753648,0.506,NEW_BENCH_P0_EVALUATION
R2,20,M11,530101,30,6,train,6,5,166,0,0,0,0,0,0,0,0,0,0,NEW_BENCH_P0_EVALUATION
R2,20,M11,530101,30,7,truck,889,540,7423,637,0.7165354330708661,637,0.08581436077057793,0.7165354330708661,0.15327237728585177,0.22897860994599073,0.311318785889697,0.2558493011881495,0.5285714285714287,NEW_BENCH_P0_EVALUATION
R2,20,M11,530101,30,8,traffic light,5158,1123,12365,2671,0.5178363706863125,2670,0.21593206631621512,0.5176424970918961,0.30474233864064376,0.09425373761174975,0.278533184058251,0.04684141087120235,0.21279565723148508,NEW_BENCH_P0_EVALUATION
R2,20,M11,530101,40,1,person,2771,631,8294,1861,0.6715987008300253,1860,0.22425850012056908,0.6712378202814868,0.3361952101220063,0.27514722912195755,0.5321046729834821,0.24320654169956119,0.371670876939733,NEW_BENCH_P0_EVALUATION
R2,20,M11,530101,40,2,bicycle,244,125,481,97,0.3975409836065574,93,0.19334719334719336,0.38114754098360654,0.25655172413793104,0.11001102818909929,0.24687829997113392,0.08498852904791385,0.2012295081967213,NEW_BENCH_P0_EVALUATION
R2,20,M11,530101,40,3,car,20453,1988,40956,14941,0.7305040825306801,14914,0.36414688934466255,0.7291839827898108,0.4857268478561773,0.36793406582497573,0.6156711518704625,0.3681200018652174,0.44782672468586515,NEW_BENCH_P0_EVALUATION
R2,20,M11,530101,40,4,motorcycle,95,66,383,31,0.3263157894736842,31,0.08093994778067885,0.3263157894736842,0.1297071129707113,0.0853068195356185,0.18942339283025955,0.07366018141215841,0.17789473684210527,NEW_BENCH_P0_EVALUATION
R2,20,M11,530101,40,5,bus,350,258,2037,229,0.6542857142857142,229,0.11242022582228768,0.6542857142857142,0.1918726434855467,0.29612046552100624,0.3717625520749311,0.33924113139711326,0.5208571428571428,NEW_BENCH_P0_EVALUATION
R2,20,M11,530101,40,6,train,6,5,362,0,0,0,0,0,0,0,0,0,0,NEW_BENCH_P0_EVALUATION
R2,20,M11,530101,40,7,truck,889,540,10213,664,0.7469066366704162,664,0.06501517673553314,0.7469066366704162,0.11961808683120158,0.2297486543031247,0.31276215978062566,0.2566533327877066,0.5490438695163105,NEW_BENCH_P0_EVALUATION
R2,20,M11,530101,40,8,traffic light,5158,1123,17274,2809,0.5445909267157814,2807,0.16249855273821928,0.5442031795269484,0.2502674750356634,0.09544078040406079,0.2833777408337602,0.04726843127486972,0.22305157037611476,NEW_BENCH_P0_EVALUATION
R2,20,M11,530102,10,1,person,2771,631,2115,1433,0.5171418260555756,1433,0.6775413711583924,0.5171418260555756,0.5865738845681538,0.24796860012019878,0.4586961589826891,0.229839111275975,0.3017683146878383,NEW_BENCH_P0_EVALUATION
R2,20,M11,530102,10,2,bicycle,244,125,96,54,0.22131147540983606,53,0.5520833333333334,0.21721311475409835,0.31176470588235294,0.08834192763027246,0.18639172209547503,0.07477040682907214,0.11721311475409835,NEW_BENCH_P0_EVALUATION
R2,20,M11,530102,10,3,car,20453,1988,12970,10475,0.5121498068742971,10468,0.8070932922127988,0.5118075587933311,0.6263949974568412,0.31852617137902345,0.49010004611666785,0.33893174289215344,0.35269153669388353,NEW_BENCH_P0_EVALUATION
R2,20,M11,530102,10,4,motorcycle,95,66,47,18,0.18947368421052632,18,0.3829787234042553,0.18947368421052632,0.2535211267605634,0.07299149380313966,0.15510772268102685,0.06675038235530871,0.09578947368421054,NEW_BENCH_P0_EVALUATION
R2,20,M11,530102,10,5,bus,350,258,497,165,0.4714285714285714,165,0.3319919517102616,0.4714285714285714,0.38961038961038963,0.2718878472668588,0.33539278813564327,0.3127073484132367,0.3908571428571429,NEW_BENCH_P0_EVALUATION
R2,20,M11,530102,10,6,train,6,5,65,0,0,0,0,0,0,0,0,0,0,NEW_BENCH_P0_EVALUATION
R2,20,M11,530102,10,7,truck,889,540,1590,450,0.5061867266591676,450,0.2830188679245283,0.5061867266591676,0.36304961678096004,0.21573054911315637,0.28904509472723455,0.2410295017555193,0.3910011248593926,NEW_BENCH_P0_EVALUATION
R2,20,M11,530102,10,8,traffic light,5158,1123,2620,1336,0.2590151221403645,1336,0.5099236641221374,0.2590151221403645,0.34353304191308814,0.06885251902196975,0.18401304412217948,0.04203018864049505,0.11613028305544784,NEW_BENCH_P0_EVALUATION
R2,20,M11,530102,15,1,person,2771,631,3165,1641,0.5922049801515699,1640,0.5181674565560821,0.5918440996030314,0.5525606469002695,0.26419854931821185,0.5050804422775174,0.23647336554626736,0.3350054132082281,NEW_BENCH_P0_EVALUATION
R2,20,M11,530102,15,2,bicycle,244,125,184,71,0.29098360655737704,68,0.3695652173913043,0.2786885245901639,0.3177570093457944,0.09851835075288762,0.2124309408761985,0.07842537936570088,0.14918032786885244,NEW_BENCH_P0_EVALUATION
R2,20,M11,530102,15,3,car,20453,1988,17714,12160,0.5945338092211412,12146,0.6856723495540251,0.593849313059209,0.6364660570650039,0.34313719912582896,0.5491046559549888,0.354547471515071,0.3898498997702048,NEW_BENCH_P0_EVALUATION
R2,20,M11,530102,15,4,motorcycle,95,66,87,23,0.24210526315789474,23,0.26436781609195403,0.24210526315789474,0.2527472527472528,0.0806446103949649,0.17953916705448048,0.06902909931173028,0.1231578947368421,NEW_BENCH_P0_EVALUATION
R2,20,M11,530102,15,5,bus,350,258,807,194,0.5542857142857143,194,0.24039653035935563,0.5542857142857143,0.3353500432152118,0.2852416368641593,0.35596713559204857,0.3274254760984915,0.4465714285714285,NEW_BENCH_P0_EVALUATION
R2,20,M11,530102,15,6,train,6,5,78,0,0,0,0,0,0,0,0,0,0,NEW_BENCH_P0_EVALUATION
R2,20,M11,530102,15,7,truck,889,540,3069,538,0.6051743532058492,538,0.17530140110785272,0.6051743532058492,0.2718544719555331,0.22407259387185144,0.3035317779704353,0.25197692821866435,0.4572553430821148,NEW_BENCH_P0_EVALUATION
R2,20,M11,530102,15,8,traffic light,5158,1123,4896,1957,0.379410624272974,1957,0.3997140522875817,0.379410624272974,0.38929779192361247,0.08385636091254643,0.2386323801964131,0.04463354993907258,0.1616711903838697,NEW_BENCH_P0_EVALUATION
R2,20,M11,530102,20,1,person,2771,631,4239,1742,0.6286539155539517,1741,0.4107100731304553,0.6282930350054132,0.4967189728958631,0.2698362799078374,0.5173579079608613,0.24165626824938127,0.3524720317574883,NEW_BENCH_P0_EVALUATION
R2,20,M11,530102,20,2,bicycle,244,125,267,85,0.3483606557377049,81,0.30337078651685395,0.3319672131147541,0.3170254403131116,0.10676978037587921,0.23483634944656834,0.08296777189584661,0.18114754098360658,NEW_BENCH_P0_EVALUATION
R2,20,M11,530102,20,3,car,20453,1988,22266,13103,0.6406395149855767,13085,0.5876672954280068,0.6397594484916638,0.6126079730330766,0.3534035862590496,0.5737582697701933,0.3626641085225865,0.4097100669828387,NEW_BENCH_P0_EVALUATION
R2,20,M11,530102,20,4,motorcycle,95,66,152,25,0.2631578947368421,25,0.16447368421052633,0.2631578947368421,0.20242914979757087,0.08200634718744813,0.18143965527774494,0.07175539189293556,0.14105263157894737,NEW_BENCH_P0_EVALUATION
R2,20,M11,530102,20,5,bus,350,258,1090,208,0.5942857142857143,208,0.1908256880733945,0.5942857142857143,0.2888888888888889,0.2903508800760403,0.3626946797908801,0.33255673752846027,0.4785714285714285,NEW_BENCH_P0_EVALUATION
R2,20,M11,530102,20,6,train,6,5,105,0,0,0,0,0,0,0,0,0,0,NEW_BENCH_P0_EVALUATION
R2,20,M11,530102,20,7,truck,889,540,4623,580,0.6524184476940382,580,0.1254596582305862,0.6524184476940382,0.21044992743105947,0.22677009955277236,0.3073947182117101,0.2537917941458304,0.4890888638920135,NEW_BENCH_P0_EVALUATION
R2,20,M11,530102,20,8,traffic light,5158,1123,7258,2282,0.44241954245831716,2282,0.3144116836594103,0.44241954245831716,0.367590206185567,0.08970722983500164,0.26166461339924835,0.04639112351653078,0.18511050794881734,NEW_BENCH_P0_EVALUATION
R2,20,M11,530102,30,1,person,2771,631,6139,1835,0.662215806568026,1834,0.29874572405929306,0.6618549260194876,0.411672278338945,0.2744966686896833,0.530397347709835,0.24334535711603295,0.3671959581378564,NEW_BENCH_P0_EVALUATION
R2,20,M11,530102,30,2,bicycle,244,125,394,95,0.38934426229508196,91,0.23096446700507614,0.3729508196721312,0.2852664576802508,0.10984946707763935,0.24565220861124645,0.0840849969225491,0.1975409836065574,NEW_BENCH_P0_EVALUATION
R2,20,M11,530102,30,3,car,20453,1988,31728,14306,0.6994572923287538,14279,0.4500441250630358,0.6981371925878844,0.5472873268047757,0.3630375509340888,0.6040348493941047,0.3656266750392499,0.4351244316237228,NEW_BENCH_P0_EVALUATION
R2,20,M11,530102,30,4,motorcycle,95,66,267,30,0.3157894736842105,30,0.11235955056179775,0.3157894736842105,0.16574585635359115,0.08508054502071782,0.18870447473540342,0.07373727242211527,0.1736842105263158,NEW_BENCH_P0_EVALUATION
R2,20,M11,530102,30,5,bus,350,258,1577,224,0.64,224,0.14204185161699429,0.64,0.23248572911261028,0.2946311514176838,0.37074278445803727,0.3368974557927637,0.508,NEW_BENCH_P0_EVALUATION
R2,20,M11,530102,30,6,train,6,5,186,0,0,0,0,0,0,0,0,0,0,NEW_BENCH_P0_EVALUATION
R2,20,M11,530102,30,7,truck,889,540,7566,637,0.7165354330708661,637,0.08419243986254296,0.7165354330708661,0.1506800709639267,0.22888432860286478,0.3111210716544276,0.2557903783613026,0.5283464566929134,NEW_BENCH_P0_EVALUATION
R2,20,M11,530102,30,8,traffic light,5158,1123,12143,2666,0.5168670027142304,2665,0.2194680062587499,0.5166731291198139,0.3080746777642911,0.09430772342381115,0.27868349100198636,0.0468178088043622,0.2123885226832105,NEW_BENCH_P0_EVALUATION
R2,20,M11,530102,40,1,person,2771,631,8126,1859,0.6708769397329484,1858,0.22864878168840758,0.6705160591844099,0.34101128751032395,0.2749171320370178,0.5320154069232137,0.24320597942381525,0.37127390833634066,NEW_BENCH_P0_EVALUATION
R2,20,M11,530102,40,2,bicycle,244,125,486,97,0.3975409836065574,93,0.19135802469135801,0.38114754098360654,0.25479452054794516,0.1100501126184531,0.24696158150323422,0.0850196377664036,0.2012295081967213,NEW_BENCH_P0_EVALUATION
R2,20,M11,530102,40,3,car,20453,1988,41052,14936,0.7302596196157043,14909,0.36317353600311797,0.728939519874835,0.48480611332412,0.36791164647023433,0.6156407881631921,0.36811643951629214,0.44772405026157525,NEW_BENCH_P0_EVALUATION
R2,20,M11,530102,40,4,motorcycle,95,66,394,31,0.3263157894736842,31,0.07868020304568528,0.3263157894736842,0.12678936605316973,0.08528541256429747,0.18938158334385377,0.0736498870737659,0.17789473684210527,NEW_BENCH_P0_EVALUATION
R2,20,M11,530102,40,5,bus,350,258,2103,230,0.6571428571428571,230,0.10936757013789825,0.6571428571428571,0.18752547900529964,0.29626447114699916,0.37173639442847844,0.33921991728137635,0.5234285714285715,NEW_BENCH_P0_EVALUATION
R2,20,M11,530102,40,6,train,6,5,384,0,0,0,0,0,0,0,0,0,0,NEW_BENCH_P0_EVALUATION
R2,20,M11,530102,40,7,truck,889,540,10247,668,0.7514060742407199,668,0.06518981165219088,0.7514060742407199,0.11997126436781609,0.23016546293587822,0.313471016546911,0.25722911469525717,0.5523059617547806,NEW_BENCH_P0_EVALUATION
R2,20,M11,530102,40,8,traffic light,5158,1123,17208,2803,0.5434276851492826,2802,0.16283124128312412,0.5432338115548663,0.2505588840203881,0.09546248904518387,0.28344560662901136,0.047257116987064196,0.2225668863900737,NEW_BENCH_P0_EVALUATION
R2,20,M11,530103,10,1,person,2771,631,2105,1431,0.5164200649584988,1431,0.6798099762470309,0.5164200649584988,0.5869565217391305,0.24738234218082986,0.45838999988655926,0.22979576554083075,0.30115481775532305,NEW_BENCH_P0_EVALUATION
R2,20,M11,530103,10,2,bicycle,244,125,97,55,0.22540983606557377,54,0.5567010309278351,0.22131147540983606,0.31671554252199413,0.08999865572334037,0.1922338711431193,0.07472458588266799,0.11926229508196722,NEW_BENCH_P0_EVALUATION
R2,20,M11,530103,10,3,car,20453,1988,13052,10533,0.5149855766880165,10528,0.8066196751455715,0.5147411137730407,0.6284435158931504,0.3200535252496499,0.4902205965836327,0.33890779945653887,0.35386495868576734,NEW_BENCH_P0_EVALUATION
R2,20,M11,530103,10,4,motorcycle,95,66,50,21,0.22105263157894736,21,0.42,0.22105263157894736,0.2896551724137931,0.07853319072418133,0.17793302258402216,0.06885645630752699,0.1094736842105263,NEW_BENCH_P0_EVALUATION
R2,20,M11,530103,10,5,bus,350,258,483,164,0.4685714285714286,164,0.33954451345755693,0.4685714285714286,0.3937575030012005,0.2719818801709882,0.3321805943489767,0.3136633986031182,0.39057142857142857,NEW_BENCH_P0_EVALUATION
R2,20,M11,530103,10,6,train,6,5,68,0,0,0,0,0,0,0,0,0,0,NEW_BENCH_P0_EVALUATION
R2,20,M11,530103,10,7,truck,889,540,1544,453,0.5095613048368954,453,0.2933937823834197,0.5095613048368954,0.37237977805178796,0.21740475244348023,0.29063377106978733,0.24493990544012514,0.39415073115860516,NEW_BENCH_P0_EVALUATION
R2,20,M11,530103,10,8,traffic light,5158,1123,2601,1312,0.2543621558743699,1312,0.5044213763936948,0.2543621558743699,0.33818791081324906,0.06851410454680606,0.18248822508980475,0.041800094997889975,0.11452113222179136,NEW_BENCH_P0_EVALUATION
R2,20,M11,530103,15,1,person,2771,631,3194,1647,0.5943702634428004,1646,0.5153412648716343,0.594009382894262,0.551886001676446,0.26504219902905707,0.5053221641760091,0.23941668887132675,0.33717069649945863,NEW_BENCH_P0_EVALUATION
R2,20,M11,530103,15,2,bicycle,244,125,199,75,0.3073770491803279,72,0.36180904522613067,0.29508196721311475,0.32505643340857787,0.09992573423690637,0.22127314189566133,0.07814413792012803,0.15286885245901638,NEW_BENCH_P0_EVALUATION
R2,20,M11,530103,15,3,car,20453,1988,17809,12206,0.5967828680389184,12190,0.6844853725644338,0.596000586710996,0.6371857195128325,0.3431765196666078,0.5492101487468809,0.35458315406856067,0.3908228621718085,NEW_BENCH_P0_EVALUATION
R2,20,M11,530103,15,4,motorcycle,95,66,86,23,0.24210526315789474,23,0.26744186046511625,0.24210526315789474,0.25414364640883974,0.08115628208801824,0.17996829773250395,0.07083512699095997,0.12631578947368421,NEW_BENCH_P0_EVALUATION
R2,20,M11,530103,15,5,bus,350,258,777,194,0.5542857142857143,194,0.24967824967824967,0.5542857142857143,0.34427684117125107,0.28612729731125786,0.35611171415623616,0.33036325338190303,0.4517142857142858,NEW_BENCH_P0_EVALUATION
R2,20,M11,530103,15,6,train,6,5,80,0,0,0,0,0,0,0,0,0,0,NEW_BENCH_P0_EVALUATION
R2,20,M11,530103,15,7,truck,889,540,2997,536,0.6029246344206974,536,0.1788455121788455,0.6029246344206974,0.27586206896551724,0.22425548041712054,0.30399145064085864,0.25084622642995097,0.4562429696287964,NEW_BENCH_P0_EVALUATION
R2,20,M11,530103,15,8,traffic light,5158,1123,4858,1953,0.3786351298953083,1953,0.4020172910662824,0.3786351298953083,0.3899760383386582,0.08391187555317572,0.23875756399065415,0.044583850366373,0.16138037999224503,NEW_BENCH_P0_EVALUATION
R2,20,M11,530103,20,1,person,2771,631,4259,1750,0.6315409599422591,1749,0.41065977929091335,0.6311800793937207,0.49758179231863436,0.27105113892436056,0.5215565317103732,0.24160603060927283,0.3544207867195958,NEW_BENCH_P0_EVALUATION
R2,20,M11,530103,20,2,bicycle,244,125,272,85,0.3483606557377049,81,0.2977941176470588,0.3319672131147541,0.313953488372093,0.10691227180430592,0.23482308890572964,0.08325270487925857,0.18073770491803282,NEW_BENCH_P0_EVALUATION
R2,20,M11,530103,20,3,car,20453,1988,22438,13148,0.6428396812203588,13129,0.5851234512879936,0.6419107221434508,0.6122030262759086,0.35402864889655256,0.5796853209033836,0.36263721069451565,0.41071236493423957,NEW_BENCH_P0_EVALUATION
R2,20,M11,530103,20,4,motorcycle,95,66,148,26,0.2736842105263158,26,0.17567567567567569,0.2736842105263158,0.2139917695473251,0.08288258184141564,0.18334534580622294,0.07282046171520226,0.14842105263157895,NEW_BENCH_P0_EVALUATION
R2,20,M11,530103,20,5,bus,350,258,1040,201,0.5742857142857143,201,0.19326923076923078,0.5742857142857143,0.2892086330935252,0.28798223967887704,0.3588657684861119,0.3307217301495159,0.466,NEW_BENCH_P0_EVALUATION
R2,20,M11,530103,20,6,train,6,5,105,0,0,0,0,0,0,0,0,0,0,NEW_BENCH_P0_EVALUATION
R2,20,M11,530103,20,7,truck,889,540,4532,581,0.6535433070866141,581,0.12819947043248014,0.6535433070866141,0.21435159564655967,0.2267568044653204,0.3074927027129944,0.2537655079686753,0.49032620922384706,NEW_BENCH_P0_EVALUATION
R2,20,M11,530103,20,8,traffic light,5158,1123,7206,2277,0.44145017448623497,2277,0.31598667776852624,0.44145017448623497,0.36832740213523135,0.0898059007992874,0.262038989500772,0.046439063652491494,0.18528499418379213,NEW_BENCH_P0_EVALUATION
R2,20,M11,530103,30,1,person,2771,631,6187,1833,0.6614940454709491,1832,0.2961047357362211,0.6611331649224107,0.40901987050680955,0.2744840964895762,0.5302734962486263,0.24333389178270085,0.36705160591844105,NEW_BENCH_P0_EVALUATION
R2,20,M11,530103,30,2,bicycle,244,125,412,94,0.38524590163934425,90,0.21844660194174756,0.36885245901639346,0.274390243902439,0.10956735836951953,0.24313907203448334,0.08408641746697335,0.19672131147540983,NEW_BENCH_P0_EVALUATION
R2,20,M11,530103,30,3,car,20453,1988,31737,14343,0.7012663178995746,14314,0.4510193149951161,0.699848432992715,0.5485342019543974,0.36349068280316554,0.6041761173198952,0.3656471603452427,0.43592626998484346,NEW_BENCH_P0_EVALUATION
R2,20,M11,530103,30,4,motorcycle,95,66,272,30,0.3157894736842105,30,0.11029411764705882,0.3157894736842105,0.16348773841961853,0.08504786637653962,0.18865214489513826,0.07371864660373018,0.1736842105263158,NEW_BENCH_P0_EVALUATION
R2,20,M11,530103,30,5,bus,350,258,1520,223,0.6371428571428571,223,0.14671052631578949,0.6371428571428571,0.23850267379679144,0.2942624135332933,0.3691050215314472,0.3366439724396681,0.5068571428571429,NEW_BENCH_P0_EVALUATION
R2,20,M11,530103,30,6,train,6,5,178,0,0,0,0,0,0,0,0,0,0,NEW_BENCH_P0_EVALUATION
R2,20,M11,530103,30,7,truck,889,540,7520,640,0.7199100112485939,640,0.0851063829787234,0.7199100112485939,0.15221786181472233,0.22889213087597582,0.31121807282300523,0.25574457507805154,0.5296962879640045,NEW_BENCH_P0_EVALUATION
R2,20,M11,530103,30,8,traffic light,5158,1123,12174,2665,0.5166731291198139,2664,0.21882700837851157,0.5164792555253974,0.3074082621740134,0.09432203543623424,0.27875559700222896,0.046825203899828555,0.21244668476153547,NEW_BENCH_P0_EVALUATION
R2,20,M11,530103,40,1,person,2771,631,8264,1862,0.6719595813785637,1861,0.22519361084220715,0.6715987008300253,0.3372904395106479,0.2751536415157859,0.5321095850852979,0.24320652031616008,0.37188740526885605,NEW_BENCH_P0_EVALUATION
R2,20,M11,530103,40,2,bicycle,244,125,488,97,0.3975409836065574,93,0.19057377049180327,0.38114754098360654,0.25409836065573765,0.109984791414003,0.24682035668796337,0.08497134548498753,0.2012295081967213,NEW_BENCH_P0_EVALUATION
R2,20,M11,530103,40,3,car,20453,1988,41063,14959,0.7313841490245929,14931,0.3636120108126537,0.7300151567007285,0.48543468365953574,0.36830116288586445,0.6193044461935088,0.3681235161681539,0.44803207353444485,NEW_BENCH_P0_EVALUATION
R2,20,M11,530103,40,4,motorcycle,95,66,394,31,0.3263157894736842,31,0.07868020304568528,0.3263157894736842,0.12678936605316973,0.0852954091756708,0.18940597585721866,0.07365279261357704,0.17789473684210527,NEW_BENCH_P0_EVALUATION
R2,20,M11,530103,40,5,bus,350,258,2050,230,0.6571428571428571,230,0.11219512195121951,0.6571428571428571,0.19166666666666668,0.2961332468694849,0.37176956634874053,0.33924597597721495,0.522,NEW_BENCH_P0_EVALUATION
R2,20,M11,530103,40,6,train,6,5,383,0,0,0,0,0,0,0,0,0,0,NEW_BENCH_P0_EVALUATION
R2,20,M11,530103,40,7,truck,889,540,10300,669,0.7525309336332958,669,0.06495145631067961,0.7525309336332958,0.11958173205827152,0.2301774298354194,0.31348721609434044,0.25725727560196604,0.5528683914510685,NEW_BENCH_P0_EVALUATION
R2,20,M11,530103,40,8,traffic light,5158,1123,17058,2811,0.5449786739046142,2809,0.16467346699495838,0.5445909267157814,0.25288080662585527,0.09546096977211749,0.2834650981384064,0.04727557073051923,0.22312911981388134,NEW_BENCH_P0_EVALUATION
R2,20,S_ADAPT,-1,10,1,person,2771,631,1825,1322,0.4770840851678095,1322,0.7243835616438357,0.4770840851678095,0.5752828546562228,0.2364707554775227,0.42912203249732533,0.22525829991124227,0.2846264886322628,NEW_BENCH_P0_EVALUATION
R2,20,S_ADAPT,-1,10,2,bicycle,244,125,66,45,0.18442622950819673,45,0.6818181818181818,0.18442622950819673,0.29032258064516125,0.08208784480889676,0.16829071488040157,0.06826473856176828,0.10286885245901638,NEW_BENCH_P0_EVALUATION
R2,20,S_ADAPT,-1,10,3,car,20453,1988,13516,10601,0.5183102723316872,10592,0.7836638058597218,0.5178702390847308,0.6236274250051517,0.31912568529362,0.48894159988281555,0.33831744801374825,0.3535080428299027,NEW_BENCH_P0_EVALUATION
R2,20,S_ADAPT,-1,10,4,motorcycle,95,66,38,16,0.16842105263157894,16,0.42105263157894735,0.16842105263157894,0.24060150375939848,0.06677387401537033,0.14763227453967118,0.06452145214521451,0.07789473684210527,NEW_BENCH_P0_EVALUATION
R2,20,S_ADAPT,-1,10,5,bus,350,258,364,139,0.39714285714285713,139,0.38186813186813184,0.39714285714285713,0.3893557422969187,0.2518060793396493,0.3044376354519758,0.2914108304880271,0.33428571428571424,NEW_BENCH_P0_EVALUATION
R2,20,S_ADAPT,-1,10,6,train,6,5,66,0,0,0,0,0,0,0,0,0,0,NEW_BENCH_P0_EVALUATION
R2,20,S_ADAPT,-1,10,7,truck,889,540,1541,409,0.46006749156355453,409,0.2654120700843608,0.46006749156355453,0.3366255144032922,0.20680717258223663,0.2740650406606361,0.23376854404887218,0.3656917885264342,NEW_BENCH_P0_EVALUATION
R2,20,S_ADAPT,-1,10,8,traffic light,5158,1123,2584,1265,0.2452500969367972,1265,0.48955108359133126,0.2452500969367972,0.32678894342547143,0.0655878848786666,0.17582473253974,0.03971097845167854,0.10847227607599844,NEW_BENCH_P0_EVALUATION
R2,20,S_ADAPT,-1,15,1,person,2771,631,2756,1553,0.5604474918801876,1552,0.5631349782293179,0.5600866113316493,0.5616066582232677,0.25819207149970186,0.487703416489437,0.23625745759474348,0.3213641284734753,NEW_BENCH_P0_EVALUATION
R2,20,S_ADAPT,-1,15,2,bicycle,244,125,132,63,0.2581967213114754,61,0.4621212121212121,0.25,0.324468085106383,0.09367028410221188,0.2051820786709935,0.07417087702582272,0.130327868852459,NEW_BENCH_P0_EVALUATION
R2,20,S_ADAPT,-1,15,3,car,20453,1988,18281,12188,0.5959028015450056,12176,0.6660467151687545,0.5953160905490638,0.6286983012340579,0.34266251346112114,0.5480313803943568,0.3542752597692941,0.38975700386251405,NEW_BENCH_P0_EVALUATION
R2,20,S_ADAPT,-1,15,4,motorcycle,95,66,78,22,0.23157894736842105,22,0.28205128205128205,0.23157894736842105,0.254335260115607,0.07806050998330348,0.1737052752823684,0.06854185418541854,0.11789473684210525,NEW_BENCH_P0_EVALUATION
R2,20,S_ADAPT,-1,15,5,bus,350,258,623,174,0.49714285714285716,174,0.27929373996789725,0.49714285714285716,0.35765673175745116,0.275134550510488,0.338984105243905,0.3168548532862611,0.40914285714285714,NEW_BENCH_P0_EVALUATION
R2,20,S_ADAPT,-1,15,6,train,6,5,92,0,0,0,0,0,0,0,0,0,0,NEW_BENCH_P0_EVALUATION
R2,20,S_ADAPT,-1,15,7,truck,889,540,3112,498,0.5601799775028121,498,0.16002570694087404,0.5601799775028121,0.24893776555861033,0.21920930747638248,0.29425243567691056,0.2463060233932637,0.43284589426321707,NEW_BENCH_P0_EVALUATION
R2,20,S_ADAPT,-1,15,8,traffic light,5158,1123,4926,1883,0.36506397828615744,1883,0.3822574096630126,0.36506397828615744,0.3734629115430385,0.08162568407656878,0.23255061247011996,0.0443074192877196,0.15476929042264445,NEW_BENCH_P0_EVALUATION
R2,20,S_ADAPT,-1,20,1,person,2771,631,3797,1683,0.6073619631901841,1682,0.4429813010271267,0.6070010826416457,0.5121802679658952,0.2670391484509199,0.5078763250196205,0.23912456258549844,0.3440274269216889,NEW_BENCH_P0_EVALUATION
R2,20,S_ADAPT,-1,20,2,bicycle,244,125,191,74,0.30327868852459017,71,0.3717277486910995,0.29098360655737704,0.3264367816091954,0.09993467984939909,0.2210310713780143,0.07812764372807267,0.15204918032786882,NEW_BENCH_P0_EVALUATION
R2,20,S_ADAPT,-1,20,3,car,20453,1988,22797,13078,0.6394172004106977,13054,0.5726192042812651,0.6382437784188139,0.6036531791907515,0.3522118072110082,0.5728766627500551,0.3585569621903934,0.4087077690314379,NEW_BENCH_P0_EVALUATION
R2,20,S_ADAPT,-1,20,4,motorcycle,95,66,142,27,0.28421052631578947,27,0.19014084507042253,0.28421052631578947,0.22784810126582278,0.08214500729324249,0.18497259757860562,0.0703759956158306,0.1431578947368421,NEW_BENCH_P0_EVALUATION
R2,20,S_ADAPT,-1,20,5,bus,350,258,876,193,0.5514285714285714,193,0.22031963470319635,0.5514285714285714,0.31484502446982054,0.28449332377417147,0.35406346989246656,0.3264738852933955,0.44885714285714273,NEW_BENCH_P0_EVALUATION
R2,20,S_ADAPT,-1,20,6,train,6,5,124,0,0,0,0,0,0,0,0,0,0,NEW_BENCH_P0_EVALUATION
R2,20,S_ADAPT,-1,20,7,truck,889,540,4644,549,0.6175478065241845,549,0.1182170542635659,0.6175478065241845,0.19844568949936742,0.2233968693649693,0.300890154846519,0.2509086930783014,0.4679415073115861,NEW_BENCH_P0_EVALUATION
R2,20,S_ADAPT,-1,20,8,traffic light,5158,1123,7429,2243,0.434858472276076,2242,0.30179028132992325,0.4346645986816596,0.35624056566298556,0.08839659463396794,0.25727914837267474,0.0453089655740798,0.180825901512214,NEW_BENCH_P0_EVALUATION
R2,20,S_ADAPT,-1,30,1,person,2771,631,5987,1814,0.6546373150487189,1813,0.302822782695841,0.6542764345001805,0.414021466088148,0.2730972111606407,0.5267638884816612,0.24320268564887387,0.36358715265247205,NEW_BENCH_P0_EVALUATION
R2,20,S_ADAPT,-1,30,2,bicycle,244,125,332,88,0.36065573770491804,84,0.25301204819277107,0.3442622950819672,0.29166666666666663,0.10605355348137152,0.23750133718098923,0.08271440087529497,0.17991803278688526,NEW_BENCH_P0_EVALUATION
R2,20,S_ADAPT,-1,30,3,car,20453,1988,31682,14194,0.6939813230332958,14166,0.4471308629505713,0.6926123307094314,0.5434353121703271,0.3623656875505765,0.6033586845523772,0.3655132603317634,0.4325429032415783,NEW_BENCH_P0_EVALUATION
R2,20,S_ADAPT,-1,30,4,motorcycle,95,66,258,29,0.30526315789473685,29,0.1124031007751938,0.30526315789473685,0.1643059490084986,0.08452663976068828,0.18732508953818502,0.0736586791617659,0.1694736842105263,NEW_BENCH_P0_EVALUATION
R2,20,S_ADAPT,-1,30,5,bus,350,258,1398,221,0.6314285714285715,221,0.15808297567954221,0.6314285714285715,0.2528604118993135,0.2939847286965442,0.3692819297865539,0.33689296195799845,0.5025714285714286,NEW_BENCH_P0_EVALUATION
R2,20,S_ADAPT,-1,30,6,train,6,5,213,0,0,0,0,0,0,0,0,0,0,NEW_BENCH_P0_EVALUATION
R2,20,S_ADAPT,-1,30,7,truck,889,540,7455,619,0.6962879640044994,619,0.08303152246814219,0.6962879640044994,0.14837008628954937,0.22757122243860958,0.3089981132158211,0.25421567830337666,0.5124859392575928,NEW_BENCH_P0_EVALUATION
R2,20,S_ADAPT,-1,30,8,traffic light,5158,1123,12675,2647,0.513183404420318,2646,0.20875739644970415,0.5129895308259015,0.29675321034038016,0.09405521752088349,0.27783441482400445,0.04674532232352329,0.21075998449011246,NEW_BENCH_P0_EVALUATION
R2,20,S_ADAPT,-1,40,1,person,2771,631,8165,1856,0.669794298087333,1855,0.2271892222902633,0.6694334175387947,0.3392465252377469,0.2746490108332675,0.5296323598860704,0.24318976309224716,0.37051605918441,NEW_BENCH_P0_EVALUATION
R2,20,S_ADAPT,-1,40,2,bicycle,244,125,451,95,0.38934426229508196,91,0.2017738359201774,0.3729508196721312,0.26187050359712233,0.10977220917343866,0.24477636035886838,0.08496056215672504,0.2,NEW_BENCH_P0_EVALUATION
R2,20,S_ADAPT,-1,40,3,car,20453,1988,40735,14839,0.7255170390651738,14813,0.3636430587946483,0.7242458319072996,0.484179904556449,0.36716184190464496,0.6153647490915346,0.36809067365693304,0.4457439006502713,NEW_BENCH_P0_EVALUATION
R2,20,S_ADAPT,-1,40,4,motorcycle,95,66,388,31,0.3263157894736842,31,0.07989690721649484,0.3263157894736842,0.12836438923395446,0.08527331997490571,0.1893489748532127,0.0736498870737659,0.17789473684210527,NEW_BENCH_P0_EVALUATION
R2,20,S_ADAPT,-1,40,5,bus,350,258,1945,228,0.6514285714285715,228,0.11722365038560412,0.6514285714285715,0.19869281045751636,0.29568244021825896,0.3718031949046742,0.3391771599102677,0.5171428571428571,NEW_BENCH_P0_EVALUATION
R2,20,S_ADAPT,-1,40,6,train,6,5,377,0,0,0,0,0,0,0,0,0,0,NEW_BENCH_P0_EVALUATION
R2,20,S_ADAPT,-1,40,7,truck,889,540,10098,656,0.7379077615298087,656,0.06496335908100614,0.7379077615298087,0.11941385273505052,0.22947266033619573,0.31211061516357386,0.25668797106384533,0.5429696287964004,NEW_BENCH_P0_EVALUATION
R2,20,S_ADAPT,-1,40,8,traffic light,5158,1123,17841,2805,0.5438154323381156,2803,0.15711002746482822,0.5434276851492826,0.24374972824905433,0.09542093639070257,0.28330844446128045,0.04725205336551162,0.2220628150445909,NEW_BENCH_P0_EVALUATION
R2,20,S_FIXED,-1,10,1,person,2771,631,1466,967,0.3489714904366655,967,0.6596180081855388,0.3489714904366655,0.4564550389426481,0.19069716018739202,0.3212186748962096,0.19288770369721914,0.22010104655359072,NEW_BENCH_P0_EVALUATION
R2,20,S_FIXED,-1,10,2,bicycle,244,125,60,37,0.15163934426229508,37,0.6166666666666667,0.15163934426229508,0.24342105263157898,0.0706879843134182,0.14207039873147675,0.06379075721632166,0.08565573770491804,NEW_BENCH_P0_EVALUATION
R2,20,S_FIXED,-1,10,3,car,20453,1988,13584,9896,0.4838410013200997,9888,0.7279151943462897,0.4834498606561385,0.581014778035667,0.30439215547870385,0.4612049669076562,0.32483867008835005,0.335090206815626,NEW_BENCH_P0_EVALUATION
R2,20,S_FIXED,-1,10,4,motorcycle,95,66,45,16,0.16842105263157894,16,0.35555555555555557,0.16842105263157894,0.22857142857142856,0.0682237482959673,0.14787910594550083,0.06767617938264416,0.08315789473684211,NEW_BENCH_P0_EVALUATION
R2,20,S_FIXED,-1,10,5,bus,350,258,381,127,0.3628571428571429,127,0.3333333333333333,0.3628571428571429,0.347469220246238,0.237319857618881,0.286915548254016,0.27097448293682386,0.3082857142857143,NEW_BENCH_P0_EVALUATION
R2,20,S_FIXED,-1,10,6,train,6,5,121,0,0,0,0,0,0,0,0,0,0,NEW_BENCH_P0_EVALUATION
R2,20,S_FIXED,-1,10,7,truck,889,540,1537,366,0.41169853768278963,366,0.23812621990891347,0.41169853768278963,0.3017312448474856,0.19398697186409336,0.2547527076567919,0.21823801462378759,0.3291338582677165,NEW_BENCH_P0_EVALUATION
R2,20,S_FIXED,-1,10,8,traffic light,5158,1123,2806,1085,0.21035284994183792,1085,0.3866714183891661,0.21035284994183792,0.2724761426418885,0.05685173522894546,0.15080046982182027,0.036218954546605966,0.0925164792555254,NEW_BENCH_P0_EVALUATION
R2,20,S_FIXED,-1,15,1,person,2771,631,2359,1267,0.4572356549981956,1267,0.5370919881305638,0.4572356549981956,0.4939571150097466,0.22985186100714544,0.41016684314631124,0.21975357174188215,0.2765788523998557,NEW_BENCH_P0_EVALUATION
R2,20,S_FIXED,-1,15,2,bicycle,244,125,104,53,0.21721311475409835,53,0.5096153846153846,0.21721311475409835,0.3045977011494253,0.08791168778890233,0.18903141599537238,0.0716498105184413,0.11270491803278689,NEW_BENCH_P0_EVALUATION
R2,20,S_FIXED,-1,15,3,car,20453,1988,18669,11682,0.5711631545494549,11671,0.6251539986073169,0.5706253361365081,0.596646388221461,0.3339477586098609,0.5315458856781675,0.34875229190950957,0.37778321028699946,NEW_BENCH_P0_EVALUATION
R2,20,S_FIXED,-1,15,4,motorcycle,95,66,87,20,0.21052631578947367,20,0.22988505747126436,0.21052631578947367,0.21978021978021975,0.07379992711919033,0.16399705111394697,0.06624336346678146,0.10421052631578946,NEW_BENCH_P0_EVALUATION
R2,20,S_FIXED,-1,15,5,bus,350,258,628,161,0.46,161,0.25636942675159236,0.46,0.3292433537832311,0.26416924862920155,0.32711169839974275,0.3026122687043014,0.3777142857142857,NEW_BENCH_P0_EVALUATION
R2,20,S_FIXED,-1,15,6,train,6,5,197,0,0,0,0,0,0,0,0,0,0,NEW_BENCH_P0_EVALUATION
R2,20,S_FIXED,-1,15,7,truck,889,540,2922,453,0.5095613048368954,453,0.15503080082135523,0.5095613048368954,0.23773287850957756,0.21208501441921707,0.28136855605792993,0.23805470065565465,0.39876265466816646,NEW_BENCH_P0_EVALUATION
R2,20,S_FIXED,-1,15,8,traffic light,5158,1123,5034,1631,0.31620783249321444,1631,0.3239968216130314,0.31620783249321444,0.3200549450549451,0.07343473436339659,0.20671535757888304,0.040551927621563934,0.13367584335013571,NEW_BENCH_P0_EVALUATION
R2,20,S_FIXED,-1,20,1,person,2771,631,3368,1471,0.5308552869000361,1471,0.43675771971496435,0.5308552869000361,0.47923114513764453,0.2504539223621089,0.4663169122214838,0.23197509793531917,0.3095994225911224,NEW_BENCH_P0_EVALUATION
R2,20,S_FIXED,-1,20,2,bicycle,244,125,158,60,0.2459016393442623,59,0.37341772151898733,0.24180327868852458,0.2935323383084577,0.09441843853228614,0.19917417338087784,0.07960663080283842,0.13319672131147542,NEW_BENCH_P0_EVALUATION
R2,20,S_FIXED,-1,20,3,car,20453,1988,23339,12729,0.622353688945387,12713,0.5447105702900724,0.6215714076174644,0.5806083302886371,0.3485224533015897,0.5654180168402181,0.35812660910969535,0.40075294577812554,NEW_BENCH_P0_EVALUATION
R2,20,S_FIXED,-1,20,4,motorcycle,95,66,135,24,0.25263157894736843,24,0.17777777777777778,0.25263157894736843,0.20869565217391303,0.07969018695549858,0.17955825696108077,0.0669872159629756,0.12315789473684209,NEW_BENCH_P0_EVALUATION
R2,20,S_FIXED,-1,20,5,bus,350,258,888,179,0.5114285714285715,179,0.20157657657657657,0.5114285714285715,0.28917609046849757,0.27679508747654663,0.34380524505773863,0.3180617359043967,0.41714285714285715,NEW_BENCH_P0_EVALUATION
R2,20,S_FIXED,-1,20,6,train,6,5,270,0,0,0,0,0,0,0,0,0,0,NEW_BENCH_P0_EVALUATION
R2,20,S_FIXED,-1,20,7,truck,889,540,4415,515,0.5793025871766029,515,0.11664779161947905,0.5793025871766029,0.1941930618401207,0.219436042152672,0.29421542833149894,0.24619433587110237,0.44206974128233967,NEW_BENCH_P0_EVALUATION
R2,20,S_FIXED,-1,20,8,traffic light,5158,1123,7427,1999,0.38755331523846454,1999,0.269153090076747,0.38755331523846454,0.31767977751291215,0.08266249729702392,0.2376418015092604,0.043953247599902975,0.1612640558355952,NEW_BENCH_P0_EVALUATION
R2,20,S_FIXED,-1,30,1,person,2771,631,5672,1682,0.6070010826416457,1681,0.29636812411847674,0.6066402020931072,0.39819969205258793,0.2660993489139649,0.5057174849429661,0.23901819905950789,0.3430530494406352,NEW_BENCH_P0_EVALUATION
R2,20,S_FIXED,-1,30,2,bicycle,244,125,278,75,0.3073770491803279,73,0.26258992805755393,0.29918032786885246,0.2796934865900383,0.10252709905216441,0.22186078621351024,0.08199311029054579,0.1627049180327869,NEW_BENCH_P0_EVALUATION
R2,20,S_FIXED,-1,30,3,car,20453,1988,32355,13942,0.6816603921185156,13916,0.43010353886570857,0.6803891849606415,0.5270413573700955,0.36007607542347136,0.597902288127612,0.36527154939502665,0.42693003471373386,NEW_BENCH_P0_EVALUATION
R2,20,S_FIXED,-1,30,4,motorcycle,95,66,254,27,0.28421052631578947,27,0.1062992125984252,0.28421052631578947,0.15472779369627507,0.08209627210962103,0.18449808619117428,0.07069258470370997,0.14210526315789473,NEW_BENCH_P0_EVALUATION
R2,20,S_FIXED,-1,30,5,bus,350,258,1407,208,0.5942857142857143,208,0.1478322672352523,0.5942857142857143,0.23676721684689808,0.2898732417230977,0.36231202940883545,0.3321045778714628,0.4797142857142857,NEW_BENCH_P0_EVALUATION
R2,20,S_FIXED,-1,30,6,train,6,5,437,0,0,0,0,0,0,0,0,0,0,NEW_BENCH_P0_EVALUATION
R2,20,S_FIXED,-1,30,7,truck,889,540,7309,591,0.6647919010123734,591,0.08085921466684909,0.6647919010123734,0.14418150768480117,0.22593799454997415,0.3060270842964857,0.2523838452715593,0.4961754780652418,NEW_BENCH_P0_EVALUATION
R2,20,S_FIXED,-1,30,8,traffic light,5158,1123,12288,2440,0.4730515703761148,2439,0.198486328125,0.4728576967816983,0.27960564026137796,0.09100543968515598,0.26713791566499656,0.04598503263651852,0.19534703373400542,NEW_BENCH_P0_EVALUATION
R2,20,S_FIXED,-1,40,1,person,2771,631,8175,1791,0.6463370624323349,1790,0.21896024464831804,0.6459761818837965,0.32706011328339124,0.2719031234950216,0.5224004717850897,0.24139360879389785,0.3604114038253338,NEW_BENCH_P0_EVALUATION
R2,20,S_FIXED,-1,40,2,bicycle,244,125,418,90,0.36885245901639346,86,0.20574162679425836,0.3524590163934426,0.2598187311178248,0.1081494882633701,0.240141335844098,0.0841412080720221,0.18770491803278688,NEW_BENCH_P0_EVALUATION
R2,20,S_FIXED,-1,40,3,car,20453,1988,41019,14633,0.715445166968171,14604,0.3560301323776786,0.7140272820613113,0.4751431546069755,0.36573560748655715,0.6111512710131347,0.3679515068427327,0.441524470737789,NEW_BENCH_P0_EVALUATION
R2,20,S_FIXED,-1,40,4,motorcycle,95,66,380,29,0.30526315789473685,29,0.07631578947368421,0.30526315789473685,0.12210526315789473,0.0844111249527763,0.18742696148680585,0.07309024080111133,0.16526315789473683,NEW_BENCH_P0_EVALUATION
R2,20,S_FIXED,-1,40,5,bus,350,258,1967,225,0.6428571428571429,225,0.11438739196746314,0.6428571428571429,0.19421665947345704,0.2951710943470421,0.3707289616716843,0.33838809124091407,0.5117142857142858,NEW_BENCH_P0_EVALUATION
R2,20,S_FIXED,-1,40,6,train,6,5,635,0,0,0,0,0,0,0,0,0,0,NEW_BENCH_P0_EVALUATION
R2,20,S_FIXED,-1,40,7,truck,889,540,10034,640,0.7199100112485939,640,0.06378313733306758,0.7199100112485939,0.11718392383044952,0.22849737464099504,0.3104663131239607,0.2553293087273313,0.53037120359955,NEW_BENCH_P0_EVALUATION
R2,20,S_FIXED,-1,40,8,traffic light,5158,1123,17372,2697,0.52287708414114,2696,0.15519226341238776,0.5226832105467235,0.23932534398579672,0.09418362371882284,0.2792444859087756,0.046764909768135236,0.2140946103140752,NEW_BENCH_P0_EVALUATION
R2,40,M11,530101,10,1,person,2771,631,2162,1441,0.5200288704438831,1441,0.6665124884366328,0.5200288704438831,0.5842286640989256,0.24793606534606835,0.4648219261005141,0.22958569252735336,0.3028148682785997,NEW_BENCH_P0_EVALUATION
R2,40,M11,530101,10,2,bicycle,244,125,96,53,0.21721311475409835,53,0.5520833333333334,0.21721311475409835,0.31176470588235294,0.08847153891839184,0.18623502123961994,0.07477040682907214,0.1180327868852459,NEW_BENCH_P0_EVALUATION
R2,40,M11,530101,10,3,car,20453,1988,13011,10499,0.513323228866181,10492,0.8063945891937592,0.5129809807852149,0.6270619172842458,0.31853079736600154,0.49018409524622003,0.3389721793139473,0.3530582310663472,NEW_BENCH_P0_EVALUATION
R2,40,M11,530101,10,4,motorcycle,95,66,43,18,0.18947368421052632,18,0.4186046511627907,0.18947368421052632,0.2608695652173913,0.07143348037624711,0.15978600439383106,0.06471185580096471,0.08842105263157896,NEW_BENCH_P0_EVALUATION
R2,40,M11,530101,10,5,bus,350,258,465,160,0.45714285714285713,160,0.34408602150537637,0.45714285714285713,0.3926380368098159,0.2677553237437846,0.32862234954876035,0.30627198656716714,0.3797142857142857,NEW_BENCH_P0_EVALUATION
R2,40,M11,530101,10,6,train,6,5,65,0,0,0,0,0,0,0,0,0,0,NEW_BENCH_P0_EVALUATION
R2,40,M11,530101,10,7,truck,889,540,1436,439,0.4938132733408324,439,0.30571030640668523,0.4938132733408324,0.37763440860215053,0.21431244576074052,0.2881553459275223,0.23969509420956073,0.3816647919010124,NEW_BENCH_P0_EVALUATION
R2,40,M11,530101,10,8,traffic light,5158,1123,2722,1395,0.2704536642109345,1395,0.5124908155767818,0.2704536642109345,0.35406091370558374,0.07132517190656133,0.1946204045026754,0.04190077090531122,0.12051182628925941,NEW_BENCH_P0_EVALUATION
R2,40,M11,530101,15,1,person,2771,631,3280,1665,0.6008661133164922,1664,0.5073170731707317,0.6005052327679538,0.5499917369029911,0.26625809110186327,0.5099828448453633,0.23926876294770646,0.3395164200649585,NEW_BENCH_P0_EVALUATION
R2,40,M11,530101,15,2,bicycle,244,125,189,75,0.3073770491803279,71,0.37566137566137564,0.29098360655737704,0.3279445727482679,0.10107692720246607,0.22166692770131974,0.08021772011567356,0.15614754098360656,NEW_BENCH_P0_EVALUATION
R2,40,M11,530101,15,3,car,20453,1988,17696,12184,0.5957072312130249,12170,0.6877260397830018,0.5950227350510927,0.6380245878004667,0.34316328166549376,0.5491985513318444,0.3545560971827805,0.3903192685669584,NEW_BENCH_P0_EVALUATION
R2,40,M11,530101,15,4,motorcycle,95,66,75,23,0.24210526315789474,23,0.30666666666666664,0.24210526315789474,0.27058823529411763,0.081130438054579,0.18145899054460501,0.0693933679082194,0.1231578947368421,NEW_BENCH_P0_EVALUATION
R2,40,M11,530101,15,5,bus,350,258,771,192,0.5485714285714286,192,0.2490272373540856,0.5485714285714286,0.34255129348795715,0.2844451516974227,0.35415535780271395,0.3279274027092232,0.4437142857142856,NEW_BENCH_P0_EVALUATION
R2,40,M11,530101,15,6,train,6,5,77,0,0,0,0,0,0,0,0,0,0,NEW_BENCH_P0_EVALUATION
R2,40,M11,530101,15,7,truck,889,540,2851,535,0.6017997750281214,535,0.1876534549280954,0.6017997750281214,0.286096256684492,0.22492605162443363,0.3051640321530001,0.25309432810791604,0.45635545556805407,NEW_BENCH_P0_EVALUATION
R2,40,M11,530101,15,8,traffic light,5158,1123,5061,2002,0.38813493602171384,2002,0.39557399723374825,0.38813493602171384,0.39181916038751347,0.08529202668580736,0.2428892691819033,0.045783040497785706,0.16582008530438153,NEW_BENCH_P0_EVALUATION
R2,40,M11,530101,20,1,person,2771,631,4365,1759,0.634788884879105,1758,0.4027491408934708,0.6344280043305666,0.4927130044843049,0.27136245969728395,0.5215219193572075,0.24162374764770844,0.3552147239263804,NEW_BENCH_P0_EVALUATION
R2,40,M11,530101,20,2,bicycle,244,125,265,83,0.3401639344262295,79,0.2981132075471698,0.3237704918032787,0.3104125736738704,0.1055677744359356,0.23174354587286672,0.08152563170444924,0.17459016393442622,NEW_BENCH_P0_EVALUATION
R2,40,M11,530101,20,3,car,20453,1988,22218,13125,0.6417151518114702,13106,0.589882077594743,0.6407861927345622,0.6142813620491667,0.35405525645017133,0.579762048904501,0.36265234802750473,0.4100229795140078,NEW_BENCH_P0_EVALUATION
R2,40,M11,530101,20,4,motorcycle,95,66,150,25,0.2631578947368421,25,0.16666666666666666,0.2631578947368421,0.2040816326530612,0.0817123304335448,0.1809306375806583,0.0715971992768897,0.14210526315789473,NEW_BENCH_P0_EVALUATION
R2,40,M11,530101,20,5,bus,350,258,1044,203,0.58,203,0.19444444444444445,0.58,0.29124820659971307,0.28758662626836096,0.36114822317919437,0.3285080347658974,0.46342857142857136,NEW_BENCH_P0_EVALUATION
R2,40,M11,530101,20,6,train,6,5,94,0,0,0,0,0,0,0,0,0,0,NEW_BENCH_P0_EVALUATION
R2,40,M11,530101,20,7,truck,889,540,4359,583,0.655793025871766,583,0.13374627208075246,0.655793025871766,0.2221798780487805,0.22740311318799197,0.308629127662728,0.2545198918508088,0.48976377952755906,NEW_BENCH_P0_EVALUATION
R2,40,M11,530101,20,8,traffic light,5158,1123,7505,2323,0.4503683598293912,2323,0.309526982011992,0.4503683598293912,0.3668956803285162,0.090396945624354,0.2647081099213741,0.04634462395819029,0.18813493602171383,NEW_BENCH_P0_EVALUATION
R2,40,M11,530101,30,1,person,2771,631,6247,1838,0.6632984482136413,1837,0.2940611493516888,0.6629375676651028,0.4074074074074074,0.27470621118461547,0.5303843476045519,0.24324927057740528,0.3678094550703717,NEW_BENCH_P0_EVALUATION
R2,40,M11,530101,30,2,bicycle,244,125,391,95,0.38934426229508196,91,0.23273657289002558,0.3729508196721312,0.2866141732283465,0.1098298534146976,0.24562132285794538,0.08406733216988536,0.1975409836065574,NEW_BENCH_P0_EVALUATION
R2,40,M11,530101,30,3,car,20453,1988,31581,14311,0.6997017552437296,14283,0.45226560273582217,0.698332762919865,0.5489872006764808,0.36305761243377344,0.6040916940832772,0.365616734677115,0.43504131423263087,NEW_BENCH_P0_EVALUATION
R2,40,M11,530101,30,4,motorcycle,95,66,259,29,0.30526315789473685,29,0.11196911196911197,0.30526315789473685,0.16384180790960454,0.08474301423176193,0.18766063203395575,0.07385880166030681,0.1694736842105263,NEW_BENCH_P0_EVALUATION
R2,40,M11,530101,30,5,bus,350,258,1532,223,0.6371428571428571,223,0.14556135770234988,0.6371428571428571,0.23698193411264612,0.29454341048400884,0.3694800261001415,0.3370759892166433,0.5074285714285713,NEW_BENCH_P0_EVALUATION
R2,40,M11,530101,30,6,train,6,5,159,0,0,0,0,0,0,0,0,0,0,NEW_BENCH_P0_EVALUATION
R2,40,M11,530101,30,7,truck,889,540,7438,640,0.7199100112485939,640,0.0860446356547459,0.7199100112485939,0.153716824786838,0.22910759289273464,0.3112709101709384,0.2557914508851091,0.5302587176602925,NEW_BENCH_P0_EVALUATION
R2,40,M11,530101,30,8,traffic light,5158,1123,12393,2676,0.5188057386583947,2675,0.2158476559348019,0.5186118650639783,0.30482593584411144,0.09438653672189899,0.27862022004314135,0.046847457794055115,0.21362931368747576,NEW_BENCH_P0_EVALUATION
R2,40,M11,530101,40,1,person,2771,631,8285,1864,0.6726813424756406,1863,0.22486421243210622,0.6723204619271022,0.33701157742402316,0.27515445921906395,0.5321053031276641,0.24320289298471026,0.37224828581739444,NEW_BENCH_P0_EVALUATION
R2,40,M11,530101,40,2,bicycle,244,125,481,97,0.3975409836065574,93,0.19334719334719336,0.38114754098360654,0.25655172413793104,0.11001058243604746,0.24687384244061542,0.08498852904791385,0.2012295081967213,NEW_BENCH_P0_EVALUATION
R2,40,M11,530101,40,3,car,20453,1988,40894,14948,0.7308463306116462,14920,0.36484569863549665,0.7294773382877817,0.4864133535462207,0.3679397826281492,0.6156759317781632,0.3681168032574357,0.4480369627927443,NEW_BENCH_P0_EVALUATION
R2,40,M11,530101,40,4,motorcycle,95,66,389,31,0.3263157894736842,31,0.07969151670951156,0.3263157894736842,0.128099173553719,0.08528869690103853,0.18939043677332962,0.0736498870737659,0.17789473684210527,NEW_BENCH_P0_EVALUATION
R2,40,M11,530101,40,5,bus,350,258,2036,229,0.6542857142857142,229,0.112475442043222,0.6542857142857142,0.19195305951383068,0.29611800420546774,0.3717604503859758,0.33923740464630187,0.5208571428571428,NEW_BENCH_P0_EVALUATION
R2,40,M11,530101,40,6,train,6,5,362,0,0,0,0,0,0,0,0,0,0,NEW_BENCH_P0_EVALUATION
R2,40,M11,530101,40,7,truck,889,540,10214,667,0.750281214848144,667,0.06530252594478167,0.750281214848144,0.1201477078267135,0.2301262094450948,0.31350791899616554,0.25727475356228646,0.5518560179977503,NEW_BENCH_P0_EVALUATION
R2,40,M11,530101,40,8,traffic light,5158,1123,17339,2815,0.54575416828228,2813,0.1622354230347771,0.545366421093447,0.250077788149531,0.09543125407763738,0.2833523341086497,0.04726416480831352,0.22293524621946487,NEW_BENCH_P0_EVALUATION
R2,40,M11,530102,10,1,person,2771,631,2162,1442,0.5203897509924215,1442,0.6669750231267345,0.5203897509924215,0.584634096898439,0.2484550355829811,0.4650642784037105,0.22965037218333897,0.3031396607722844,NEW_BENCH_P0_EVALUATION
R2,40,M11,530102,10,2,bicycle,244,125,98,54,0.22131147540983606,53,0.5408163265306123,0.21721311475409835,0.3099415204678363,0.08831764320676297,0.18614887786038015,0.07477040682907214,0.11721311475409835,NEW_BENCH_P0_EVALUATION
R2,40,M11,530102,10,3,car,20453,1988,12926,10470,0.5119053439593214,10463,0.8094538140182578,0.5115630958783552,0.6269211180682466,0.3186116155760797,0.49029931496830936,0.33902382073253196,0.35293599960885935,NEW_BENCH_P0_EVALUATION
R2,40,M11,530102,10,4,motorcycle,95,66,48,20,0.21052631578947367,20,0.4166666666666667,0.21052631578947367,0.2797202797202797,0.07503599066803232,0.174022594567149,0.06669205382076669,0.09894736842105263,NEW_BENCH_P0_EVALUATION
R2,40,M11,530102,10,5,bus,350,258,497,166,0.4742857142857143,166,0.33400402414486924,0.4742857142857143,0.3919716646989374,0.272997941031685,0.3353906835903722,0.3133473340102324,0.39485714285714285,NEW_BENCH_P0_EVALUATION
R2,40,M11,530102,10,6,train,6,5,65,0,0,0,0,0,0,0,0,0,0,NEW_BENCH_P0_EVALUATION
R2,40,M11,530102,10,7,truck,889,540,1575,456,0.5129358830146231,456,0.2895238095238095,0.5129358830146231,0.37012987012987014,0.21679701603480597,0.2922551041169624,0.24388203168269493,0.3956130483689539,NEW_BENCH_P0_EVALUATION
R2,40,M11,530102,10,8,traffic light,5158,1123,2629,1346,0.26095385808452887,1346,0.5119817421072651,0.26095385808452887,0.3457043790933607,0.06935233061825603,0.1893715613113859,0.041970300613088506,0.11647925552539744,NEW_BENCH_P0_EVALUATION
R2,40,M11,530102,15,1,person,2771,631,3221,1654,0.5968964272825694,1653,0.5131946600434648,0.5965355467340311,0.5517356475300401,0.2649402058941852,0.5050400111836673,0.23930057213161923,0.3378924575965356,NEW_BENCH_P0_EVALUATION
R2,40,M11,530102,15,2,bicycle,244,125,199,75,0.3073770491803279,72,0.36180904522613067,0.29508196721311475,0.32505643340857787,0.1004188243015103,0.22145697684842394,0.07994382464802627,0.155327868852459,NEW_BENCH_P0_EVALUATION
R2,40,M11,530102,15,3,car,20453,1988,17657,12159,0.594484916638146,12146,0.6878858243189669,0.593849313059209,0.6374180005247967,0.3431486981981896,0.5491622830045889,0.3545572319425635,0.3899867990025913,NEW_BENCH_P0_EVALUATION
R2,40,M11,530102,15,4,motorcycle,95,66,92,23,0.24210526315789474,23,0.25,0.24210526315789474,0.24598930481283424,0.08084865044204895,0.17935311903791407,0.07057803324026309,0.12631578947368421,NEW_BENCH_P0_EVALUATION
R2,40,M11,530102,15,5,bus,350,258,818,197,0.5628571428571428,197,0.24083129584352078,0.5628571428571428,0.3373287671232877,0.287463000543141,0.3584659744711437,0.32981618496001963,0.45600000000000007,NEW_BENCH_P0_EVALUATION
R2,40,M11,530102,15,6,train,6,5,79,0,0,0,0,0,0,0,0,0,0,NEW_BENCH_P0_EVALUATION
R2,40,M11,530102,15,7,truck,889,540,3037,538,0.6051743532058492,538,0.1771485018109977,0.6051743532058492,0.27407030056036674,0.2245791537030274,0.3034521585072808,0.2519905595977561,0.45984251968503936,NEW_BENCH_P0_EVALUATION
R2,40,M11,530102,15,8,traffic light,5158,1123,4897,1958,0.3796044978673905,1958,0.39983663467429037,0.3796044978673905,0.38945798110392843,0.08372247140402464,0.23865763205736412,0.04452020183796143,0.16103140752229544,NEW_BENCH_P0_EVALUATION
R2,40,M11,530102,20,1,person,2771,631,4291,1746,0.6300974377481053,1745,0.4066651130272664,0.6297365571995669,0.49419427924100817,0.27061800336624153,0.5173675769222555,0.24164347563858904,0.3536268495128113,NEW_BENCH_P0_EVALUATION
R2,40,M11,530102,20,2,bicycle,244,125,265,83,0.3401639344262295,79,0.2981132075471698,0.3237704918032787,0.3104125736738704,0.10540309145090246,0.2314859613291939,0.081406630129866,0.17459016393442622,NEW_BENCH_P0_EVALUATION
R2,40,M11,530102,20,3,car,20453,1988,22225,13118,0.641372903730504,13099,0.5893813273340832,0.640443944653596,0.6138525704109846,0.35400078415628117,0.5796435500039818,0.36263991308559157,0.4098958587982203,NEW_BENCH_P0_EVALUATION
R2,40,M11,530102,20,4,motorcycle,95,66,161,24,0.25263157894736843,24,0.14906832298136646,0.25263157894736843,0.1875,0.08029675573133879,0.17853324901210746,0.07046655310278785,0.1336842105263158,NEW_BENCH_P0_EVALUATION
R2,40,M11,530102,20,5,bus,350,258,1109,210,0.6,210,0.18935978358881875,0.6,0.2878684030157642,0.29077882594530496,0.3647810937989849,0.3324949487797977,0.47999999999999987,NEW_BENCH_P0_EVALUATION
R2,40,M11,530102,20,6,train,6,5,105,0,0,0,0,0,0,0,0,0,0,NEW_BENCH_P0_EVALUATION
R2,40,M11,530102,20,7,truck,889,540,4623,593,0.6670416197975253,593,0.12827168505299588,0.6670416197975253,0.21516690856313495,0.2276108558911734,0.3089553805585433,0.25395606022630823,0.49640044994375704,NEW_BENCH_P0_EVALUATION
R2,40,M11,530102,20,8,traffic light,5158,1123,7221,2268,0.439705312136487,2268,0.3140839218944744,0.439705312136487,0.36642701349058887,0.08909527979388002,0.25838602251631854,0.04635970232215558,0.18456766188445134,NEW_BENCH_P0_EVALUATION
R2,40,M11,530102,30,1,person,2771,631,6137,1838,0.6632984482136413,1837,0.2993319211341046,0.6629375676651028,0.41243825774584647,0.2747361577869038,0.5303995264923875,0.24334563580464483,0.3676290147961025,NEW_BENCH_P0_EVALUATION
R2,40,M11,530102,30,2,bicycle,244,125,402,95,0.38934426229508196,91,0.2263681592039801,0.3729508196721312,0.28173374613003094,0.10990197001344781,0.24576390173903156,0.08410670516863736,0.1975409836065574,NEW_BENCH_P0_EVALUATION
R2,40,M11,530102,30,3,car,20453,1988,31680,14325,0.7003862514056618,14297,0.4512941919191919,0.6990172590817972,0.548481767786239,0.3630474764100232,0.6040528976576421,0.365623038218737,0.435364005280399,NEW_BENCH_P0_EVALUATION
R2,40,M11,530102,30,4,motorcycle,95,66,271,30,0.3157894736842105,30,0.11070110701107011,0.3157894736842105,0.1639344262295082,0.08508661781709573,0.18870719126235708,0.07374839274723927,0.1736842105263158,NEW_BENCH_P0_EVALUATION
R2,40,M11,530102,30,5,bus,350,258,1575,225,0.6428571428571429,225,0.14285714285714285,0.6428571428571429,0.23376623376623376,0.29532624118251105,0.37098561500526,0.33830544417741987,0.5105714285714286,NEW_BENCH_P0_EVALUATION
R2,40,M11,530102,30,6,train,6,5,182,0,0,0,0,0,0,0,0,0,0,NEW_BENCH_P0_EVALUATION
R2,40,M11,530102,30,7,truck,889,540,7563,642,0.7221597300337458,642,0.08488694962316541,0.7221597300337458,0.1519167061050639,0.22942402093654,0.31198402506810946,0.25650491696156835,0.5332958380202475,NEW_BENCH_P0_EVALUATION
R2,40,M11,530102,30,8,traffic light,5158,1123,12190,2668,0.5172547499030632,2667,0.218785890073831,0.5170608763086467,0.30747060179847824,0.09429895675249042,0.2786714465381324,0.046836446052828155,0.21264055835595191,NEW_BENCH_P0_EVALUATION
R2,40,M11,530102,40,1,person,2771,631,8119,1860,0.6712378202814868,1859,0.22896908486266782,0.6708769397329484,0.3414141414141414,0.2751673822669829,0.5321429245607185,0.24321026707582263,0.37170696499458683,NEW_BENCH_P0_EVALUATION
R2,40,M11,530102,40,2,bicycle,244,125,486,97,0.3975409836065574,93,0.19135802469135801,0.38114754098360654,0.25479452054794516,0.11005609661268916,0.24698222296411726,0.08502527906398409,0.2012295081967213,NEW_BENCH_P0_EVALUATION
R2,40,M11,530102,40,3,car,20453,1988,41060,14943,0.7306018676966705,14915,0.3632489040428641,0.7292328753728059,0.48493814315673106,0.36791540046728943,0.615629347216291,0.36811607485882425,0.4479342883684545,NEW_BENCH_P0_EVALUATION
R2,40,M11,530102,40,4,motorcycle,95,66,391,31,0.3263157894736842,31,0.0792838874680307,0.3263157894736842,0.12757201646090535,0.08528869690103853,0.18939043677332962,0.0736498870737659,0.17789473684210527,NEW_BENCH_P0_EVALUATION
R2,40,M11,530102,40,5,bus,350,258,2097,231,0.66,231,0.11015736766809728,0.66,0.18880261544748672,0.29660041241420954,0.3728817817502669,0.34024043914220414,0.5245714285714287,NEW_BENCH_P0_EVALUATION
R2,40,M11,530102,40,6,train,6,5,384,0,0,0,0,0,0,0,0,0,0,NEW_BENCH_P0_EVALUATION
R2,40,M11,530102,40,7,truck,889,540,10244,671,0.7547806524184477,671,0.0655017571261226,0.7547806524184477,0.12054253121350939,0.2302751074921538,0.3134751665384166,0.2572338636260887,0.555230596175478,NEW_BENCH_P0_EVALUATION
R2,40,M11,530102,40,8,traffic light,5158,1123,17219,2806,0.5440093059325319,2804,0.16284337069516233,0.5436215587436991,0.25061447021495287,0.09545110617369995,0.2834138947426605,0.047255049756448966,0.22245056223342377,NEW_BENCH_P0_EVALUATION
R2,40,M11,530103,10,1,person,2771,631,2139,1440,0.5196679898953447,1440,0.6732117812061711,0.5196679898953447,0.5865580448065174,0.24780355257127964,0.4583954070990749,0.2296751526160272,0.302778780223746,NEW_BENCH_P0_EVALUATION
R2,40,M11,530103,10,2,bicycle,244,125,101,56,0.22950819672131148,55,0.5445544554455446,0.22540983606557377,0.31884057971014496,0.08984539333702891,0.19182038349214417,0.07461152708677461,0.11967213114754098,NEW_BENCH_P0_EVALUATION
R2,40,M11,530103,10,3,car,20453,1988,13022,10528,0.5147411137730407,10521,0.8079404085393949,0.5143988656920745,0.628588498879761,0.3201823942740378,0.4903643759782926,0.3390535884209511,0.35416320344203783,NEW_BENCH_P0_EVALUATION
R2,40,M11,530103,10,4,motorcycle,95,66,47,21,0.22105263157894736,21,0.44680851063829785,0.22105263157894736,0.2957746478873239,0.07743299213396626,0.17984853696287745,0.0665977586769666,0.10210526315789474,NEW_BENCH_P0_EVALUATION
R2,40,M11,530103,10,5,bus,350,258,483,164,0.4685714285714286,164,0.33954451345755693,0.4685714285714286,0.3937575030012005,0.27203020985407805,0.33216016387463015,0.31357978143556337,0.39171428571428574,NEW_BENCH_P0_EVALUATION
R2,40,M11,530103,10,6,train,6,5,69,0,0,0,0,0,0,0,0,0,0,NEW_BENCH_P0_EVALUATION
R2,40,M11,530103,10,7,truck,889,540,1527,450,0.5061867266591676,450,0.29469548133595286,0.5061867266591676,0.3725165562913907,0.21676665891816352,0.29014286732425565,0.24433972753000158,0.39212598425196854,NEW_BENCH_P0_EVALUATION
R2,40,M11,530103,10,8,traffic light,5158,1123,2612,1333,0.2584335013571152,1333,0.5103369065849923,0.2584335013571152,0.3431145431145431,0.06880332511805048,0.18396454763703957,0.04187667580183584,0.11591702210158976,NEW_BENCH_P0_EVALUATION
R2,40,M11,530103,15,1,person,2771,631,3243,1657,0.5979790689281848,1656,0.5106382978723404,0.5976181883796463,0.5507149983372132,0.2660748349550484,0.5053062230691161,0.23935743296665465,0.33868639480332013,NEW_BENCH_P0_EVALUATION
R2,40,M11,530103,15,2,bicycle,244,125,200,75,0.3073770491803279,71,0.355,0.29098360655737704,0.31981981981981983,0.10032238081898585,0.22120832184593736,0.07813373293874319,0.15409836065573768,NEW_BENCH_P0_EVALUATION
R2,40,M11,530103,15,3,car,20453,1988,17796,12206,0.5967828680389184,12191,0.6850415823780625,0.5960494792939911,0.6374545739757901,0.3431690873386459,0.5492078680182192,0.354577281664627,0.3908326406884076,NEW_BENCH_P0_EVALUATION
R2,40,M11,530103,15,4,motorcycle,95,66,97,24,0.25263157894736843,24,0.24742268041237114,0.25263157894736843,0.25,0.08067620995309431,0.18014135273550705,0.06984109492162524,0.13052631578947368,NEW_BENCH_P0_EVALUATION
R2,40,M11,530103,15,5,bus,350,258,791,194,0.5542857142857143,194,0.24525916561314792,0.5542857142857143,0.34005258545135847,0.2854999712390288,0.35617453128592663,0.3277034185253266,0.4477142857142857,NEW_BENCH_P0_EVALUATION
R2,40,M11,530103,15,6,train,6,5,78,0,0,0,0,0,0,0,0,0,0,NEW_BENCH_P0_EVALUATION
R2,40,M11,530103,15,7,truck,889,540,2959,538,0.6051743532058492,538,0.18181818181818182,0.6051743532058492,0.27962577962577967,0.22476969168515643,0.3039014790138854,0.2523072167670661,0.4596175478065242,NEW_BENCH_P0_EVALUATION
R2,40,M11,530103,15,8,traffic light,5158,1123,4836,1955,0.3790228770841411,1955,0.4042597187758478,0.3790228770841411,0.39123474084450666,0.0838843577881707,0.23867942457014998,0.04455215160216527,0.16217526172935243,NEW_BENCH_P0_EVALUATION
R2,40,M11,530103,20,1,person,2771,631,4305,1757,0.6340671237820281,1756,0.40789779326364695,0.6337062432334897,0.49632560768795936,0.27137300268314934,0.5216731134945929,0.2416590495474533,0.3549260194875496,NEW_BENCH_P0_EVALUATION
R2,40,M11,530103,20,2,bicycle,244,125,272,84,0.3442622950819672,80,0.29411764705882354,0.32786885245901637,0.31007751937984496,0.10544465221706645,0.2318133890203763,0.08144233805985486,0.1762295081967213,NEW_BENCH_P0_EVALUATION
R2,40,M11,530103,20,3,car,20453,1988,22389,13167,0.6437686402972669,13143,0.5870293447675198,0.642595218305383,0.6135567900658232,0.3540609081940779,0.5798033052410331,0.3626667718062285,0.41092749229941816,NEW_BENCH_P0_EVALUATION
R2,40,M11,530103,20,4,motorcycle,95,66,155,25,0.2631578947368421,25,0.16129032258064516,0.2631578947368421,0.19999999999999998,0.0813372514473676,0.1801944889616058,0.07138187718846456,0.14210526315789473,NEW_BENCH_P0_EVALUATION
R2,40,M11,530103,20,5,bus,350,258,1056,205,0.5857142857142857,205,0.19412878787878787,0.5857142857142857,0.29160739687055476,0.28863362613294,0.36113654768462083,0.33038236712547575,0.46885714285714286,NEW_BENCH_P0_EVALUATION
R2,40,M11,530103,20,6,train,6,5,103,0,0,0,0,0,0,0,0,0,0,NEW_BENCH_P0_EVALUATION
R2,40,M11,530103,20,7,truck,889,540,4508,587,0.6602924634420697,587,0.13021295474711625,0.6602924634420697,0.21752825643876228,0.22745031100610016,0.30946261228070077,0.2542841628629015,0.49235095613048363,NEW_BENCH_P0_EVALUATION
R2,40,M11,530103,20,8,traffic light,5158,1123,7212,2295,0.4449398991857309,2295,0.3182196339434276,0.4449398991857309,0.37105901374292644,0.09003402654995622,0.26211476950830415,0.04641495887919487,0.1867002714230322,NEW_BENCH_P0_EVALUATION
R2,40,M11,530103,30,1,person,2771,631,6190,1836,0.6625766871165644,1835,0.2964458804523425,0.662215806568026,0.40955250530074766,0.2747496946503257,0.5303976148118883,0.24334608933113644,0.36791771923493327,NEW_BENCH_P0_EVALUATION
R2,40,M11,530103,30,2,bicycle,244,125,416,95,0.38934426229508196,91,0.21875,0.3729508196721312,0.27575757575757576,0.10982661500725473,0.2455824847698308,0.08408125807965688,0.19795081967213116,NEW_BENCH_P0_EVALUATION
R2,40,M11,530103,30,3,car,20453,1988,31772,14336,0.7009240698186086,14307,0.45030215283897773,0.6995061849117489,0.5478985160363811,0.3634649543431252,0.6041337580654979,0.36562429647404515,0.4358089277856549,NEW_BENCH_P0_EVALUATION
R2,40,M11,530103,30,4,motorcycle,95,66,268,30,0.3157894736842105,30,0.11194029850746269,0.3157894736842105,0.16528925619834714,0.08507396451989366,0.18868921059701285,0.07374062116945354,0.1736842105263158,NEW_BENCH_P0_EVALUATION
R2,40,M11,530103,30,5,bus,350,258,1526,223,0.6371428571428571,223,0.14613368283093053,0.6371428571428571,0.23773987206823027,0.2946485637816394,0.36913762016751667,0.3369449739051686,0.5082857142857143,NEW_BENCH_P0_EVALUATION
R2,40,M11,530103,30,6,train,6,5,182,0,0,0,0,0,0,0,0,0,0,NEW_BENCH_P0_EVALUATION
R2,40,M11,530103,30,7,truck,889,540,7512,642,0.7221597300337458,642,0.08546325878594249,0.7221597300337458,0.15283894774431614,0.22913065255611242,0.3120934652586593,0.25581885186971964,0.5316085489313835,NEW_BENCH_P0_EVALUATION
R2,40,M11,530103,30,8,traffic light,5158,1123,12134,2669,0.5174486234974797,2668,0.21987802867974288,0.5172547499030632,0.3085820032384918,0.09428450718759172,0.2786694723418397,0.04683196497405905,0.2124079100426522,NEW_BENCH_P0_EVALUATION
R2,40,M11,530103,40,1,person,2771,631,8294,1863,0.6723204619271022,1862,0.22449963829274175,0.6719595813785637,0.336556710347944,0.2751548221245105,0.5321004305137506,0.2432028838560181,0.37214002165283294,NEW_BENCH_P0_EVALUATION
R2,40,M11,530103,40,2,bicycle,244,125,492,97,0.3975409836065574,93,0.18902439024390244,0.38114754098360654,0.2527173913043478,0.10997907060572629,0.2468069602054174,0.084966035065825,0.2012295081967213,NEW_BENCH_P0_EVALUATION
R2,40,M11,530103,40,3,car,20453,1988,41019,14970,0.7319219674375397,14943,0.364294595187596,0.7306018676966705,0.48617256637168144,0.36830340033851194,0.6193130619635014,0.368115290554458,0.44844766048990364,NEW_BENCH_P0_EVALUATION
R2,40,M11,530103,40,4,motorcycle,95,66,393,31,0.3263157894736842,31,0.07888040712468193,0.3263157894736842,0.12704918032786885,0.08529588870319568,0.1894072797418095,0.07365279261357704,0.17789473684210527,NEW_BENCH_P0_EVALUATION
R2,40,M11,530103,40,5,bus,350,258,2057,230,0.6571428571428571,230,0.1118133203694701,0.6571428571428571,0.19110926464478606,0.2961795360480277,0.37176221762321093,0.3392370635471672,0.5228571428571429,NEW_BENCH_P0_EVALUATION
R2,40,M11,530103,40,6,train,6,5,375,0,0,0,0,0,0,0,0,0,0,NEW_BENCH_P0_EVALUATION
R2,40,M11,530103,40,7,truck,889,540,10321,671,0.7547806524184477,671,0.06501308012789458,0.7547806524184477,0.11971454058876005,0.23030422063085965,0.31352025331642225,0.25730478766677206,0.5559055118110237,NEW_BENCH_P0_EVALUATION
R2,40,M11,530103,40,8,traffic light,5158,1123,17049,2816,0.5459480418766964,2814,0.16505366883688194,0.5455602946878635,0.2534336020173819,0.09548205504643546,0.28351490814503205,0.047271886777409296,0.22338115548662268,NEW_BENCH_P0_EVALUATION
R2,40,S_ADAPT,-1,10,1,person,2771,631,1834,1323,0.47744496571634787,1323,0.7213740458015268,0.47744496571634787,0.5745928338762216,0.23696670582373106,0.4291162536147442,0.2251949539323618,0.2839769036448936,NEW_BENCH_P0_EVALUATION
R2,40,S_ADAPT,-1,10,2,bicycle,244,125,65,46,0.1885245901639344,46,0.7076923076923077,0.1885245901639344,0.2977346278317152,0.0827276010922174,0.16829071488040157,0.06826473856176828,0.1040983606557377,NEW_BENCH_P0_EVALUATION
R2,40,S_ADAPT,-1,10,3,car,20453,1988,13541,10646,0.5205104385664695,10639,0.7856879107894542,0.5201681904855033,0.6259339883508853,0.3199728481649011,0.4968071570843986,0.3383336981622731,0.35501882364445314,NEW_BENCH_P0_EVALUATION
R2,40,S_ADAPT,-1,10,4,motorcycle,95,66,37,17,0.17894736842105263,17,0.4594594594594595,0.17894736842105263,0.25757575757575757,0.06896382083263271,0.1531828295951767,0.06452145214521451,0.08315789473684211,NEW_BENCH_P0_EVALUATION
R2,40,S_ADAPT,-1,10,5,bus,350,258,363,142,0.4057142857142857,142,0.39118457300275483,0.4057142857142857,0.3983169705469846,0.2545479285696361,0.3089230606238253,0.29188269163781266,0.3414285714285714,NEW_BENCH_P0_EVALUATION
R2,40,S_ADAPT,-1,10,6,train,6,5,66,0,0,0,0,0,0,0,0,0,0,NEW_BENCH_P0_EVALUATION
R2,40,S_ADAPT,-1,10,7,truck,889,540,1521,406,0.4566929133858268,406,0.2669296515450362,0.4566929133858268,0.3369294605809129,0.20608610494881846,0.2716332011505168,0.23139640672201073,0.3642294713160855,NEW_BENCH_P0_EVALUATION
R2,40,S_ADAPT,-1,10,8,traffic light,5158,1123,2573,1275,0.2471888328809616,1275,0.49553050913330743,0.2471888328809616,0.32984090027163365,0.06570521383903877,0.1762679682597758,0.03968553264712715,0.10878247382706474,NEW_BENCH_P0_EVALUATION
R2,40,S_ADAPT,-1,15,1,person,2771,631,2766,1560,0.5629736557199567,1559,0.5636297903109183,0.5626127751714183,0.5631208235506592,0.2582731222225048,0.4877995291254133,0.23628388996987898,0.3227715626127752,NEW_BENCH_P0_EVALUATION
R2,40,S_ADAPT,-1,15,2,bicycle,244,125,130,62,0.2540983606557377,59,0.45384615384615384,0.24180327868852458,0.3155080213903743,0.09169509757147043,0.20025217210024793,0.07417087702582272,0.12622950819672132,NEW_BENCH_P0_EVALUATION
R2,40,S_ADAPT,-1,15,3,car,20453,1988,18270,12195,0.5962450496259717,12181,0.6667214012041598,0.5955605534640395,0.629135139322883,0.3426744645160761,0.5480443376431533,0.35428286845201495,0.38998679900259126,NEW_BENCH_P0_EVALUATION
R2,40,S_ADAPT,-1,15,4,motorcycle,95,66,78,22,0.23157894736842105,22,0.28205128205128205,0.23157894736842105,0.254335260115607,0.07753245717802294,0.1737052752823684,0.06722172217221722,0.11473684210526316,NEW_BENCH_P0_EVALUATION
R2,40,S_ADAPT,-1,15,5,bus,350,258,622,168,0.48,168,0.27009646302250806,0.48,0.34567901234567905,0.27287218176535843,0.33585765422469704,0.31387543456397593,0.40028571428571424,NEW_BENCH_P0_EVALUATION
R2,40,S_ADAPT,-1,15,6,train,6,5,89,0,0,0,0,0,0,0,0,0,0,NEW_BENCH_P0_EVALUATION
R2,40,S_ADAPT,-1,15,7,truck,889,540,3114,500,0.562429696287964,500,0.16056518946692358,0.562429696287964,0.2498126405196103,0.21922124635551687,0.2942778426666851,0.24631238708424152,0.43487064116985374,NEW_BENCH_P0_EVALUATION
R2,40,S_ADAPT,-1,15,8,traffic light,5158,1123,4931,1916,0.37146180690189995,1916,0.3885621577773271,0.37146180690189995,0.3798196055109525,0.08263782118533637,0.23661903753149838,0.04430118844917514,0.1575222954633579,NEW_BENCH_P0_EVALUATION
R2,40,S_ADAPT,-1,20,1,person,2771,631,3751,1677,0.6051966798989534,1676,0.4468141828845641,0.604835799350415,0.5139527752223244,0.2662035852434958,0.5078761706596009,0.23911828950836087,0.34298087333092747,NEW_BENCH_P0_EVALUATION
R2,40,S_ADAPT,-1,20,2,bicycle,244,125,196,78,0.319672131147541,75,0.3826530612244898,0.3073770491803279,0.3409090909090909,0.10135156746585453,0.22476469894819956,0.0780764347548479,0.15655737704918032,NEW_BENCH_P0_EVALUATION
R2,40,S_ADAPT,-1,20,3,car,20453,1988,22787,13085,0.6397594484916638,13062,0.573221573704305,0.6386349190827751,0.6041628122109158,0.352209724206792,0.5728653602928672,0.35855608037704534,0.40890333936341855,NEW_BENCH_P0_EVALUATION
R2,40,S_ADAPT,-1,20,4,motorcycle,95,66,148,25,0.2631578947368421,25,0.16891891891891891,0.2631578947368421,0.205761316872428,0.0807950172489788,0.18067632351907068,0.07056914470173158,0.13473684210526318,NEW_BENCH_P0_EVALUATION
R2,40,S_ADAPT,-1,20,5,bus,350,258,888,192,0.5485714285714286,192,0.21621621621621623,0.5485714285714286,0.31017770597738287,0.28424578635638836,0.3518557752219319,0.32645227390130166,0.44828571428571423,NEW_BENCH_P0_EVALUATION
R2,40,S_ADAPT,-1,20,6,train,6,5,127,0,0,0,0,0,0,0,0,0,0,NEW_BENCH_P0_EVALUATION
R2,40,S_ADAPT,-1,20,7,truck,889,540,4635,551,0.6197975253093363,551,0.11887810140237325,0.6197975253093363,0.1994931209268646,0.223634156871876,0.3008960618228978,0.25090906152313874,0.4689538807649044,NEW_BENCH_P0_EVALUATION
R2,40,S_ADAPT,-1,20,8,traffic light,5158,1123,7468,2261,0.4383481969755719,2260,0.30262453133369044,0.4381543233811555,0.35799144622208146,0.08864494152477431,0.25740844214449754,0.04530426481280425,0.18255137650252032,NEW_BENCH_P0_EVALUATION
R2,40,S_ADAPT,-1,30,1,person,2771,631,5984,1819,0.656441717791411,1818,0.3038101604278075,0.6560808372428726,0.4153055396916048,0.27309070057464246,0.5267400679511907,0.24318780364404324,0.3640923854204258,NEW_BENCH_P0_EVALUATION
R2,40,S_ADAPT,-1,30,2,bicycle,244,125,338,89,0.36475409836065575,85,0.2514792899408284,0.3483606557377049,0.2920962199312715,0.10670193576134189,0.2375155423317769,0.08270006850172572,0.1819672131147541,NEW_BENCH_P0_EVALUATION
R2,40,S_ADAPT,-1,30,3,car,20453,1988,31664,14188,0.6936879675353249,14159,0.44716397170288025,0.6922700826284652,0.5433543757315271,0.3623655168719447,0.603352380391141,0.3655132603317634,0.4325624602747763,NEW_BENCH_P0_EVALUATION
R2,40,S_ADAPT,-1,30,4,motorcycle,95,66,259,30,0.3157894736842105,30,0.11583011583011583,0.3157894736842105,0.1694915254237288,0.084948232755323,0.18847017776869895,0.07365279261357704,0.1736842105263158,NEW_BENCH_P0_EVALUATION
R2,40,S_ADAPT,-1,30,5,bus,350,258,1397,218,0.6228571428571429,218,0.15604867573371511,0.6228571428571429,0.24957069261591303,0.29300594811865177,0.3676848595224285,0.3354779035071591,0.4968571428571429,NEW_BENCH_P0_EVALUATION
R2,40,S_ADAPT,-1,30,6,train,6,5,219,0,0,0,0,0,0,0,0,0,0,NEW_BENCH_P0_EVALUATION
R2,40,S_ADAPT,-1,30,7,truck,889,540,7440,623,0.7007874015748031,623,0.08373655913978495,0.7007874015748031,0.14959779085124264,0.22778489339696542,0.3098353047753596,0.25490146437915995,0.515748031496063,NEW_BENCH_P0_EVALUATION
R2,40,S_ADAPT,-1,30,8,traffic light,5158,1123,12699,2650,0.5137650252035673,2649,0.208599102291519,0.5135711516091508,0.29669037352298816,0.0940610118428916,0.2778469832471155,0.046764214106213585,0.21116711903838695,NEW_BENCH_P0_EVALUATION
R2,40,S_ADAPT,-1,40,1,person,2771,631,8132,1858,0.6705160591844099,1857,0.22835710772257747,0.6701551786358715,0.3406401907731817,0.27487677250677767,0.5319157849498883,0.24318976309224716,0.3709491158426561,NEW_BENCH_P0_EVALUATION
R2,40,S_ADAPT,-1,40,2,bicycle,244,125,459,97,0.3975409836065574,93,0.20261437908496732,0.38114754098360654,0.26458036984352773,0.10997369540521283,0.24679122267660997,0.08496056215672504,0.2012295081967213,NEW_BENCH_P0_EVALUATION
R2,40,S_ADAPT,-1,40,3,car,20453,1988,40717,14841,0.7256148242311641,14813,0.3638038165876661,0.7242458319072996,0.4843223802517574,0.3671647098651454,0.6153663235098632,0.36809067365693304,0.4460372561482423,NEW_BENCH_P0_EVALUATION
R2,40,S_ADAPT,-1,40,4,motorcycle,95,66,390,31,0.3263157894736842,31,0.07948717948717948,0.3263157894736842,0.12783505154639174,0.08527331997490571,0.1893489748532127,0.0736498870737659,0.17789473684210527,NEW_BENCH_P0_EVALUATION
R2,40,S_ADAPT,-1,40,5,bus,350,258,1928,229,0.6542857142857142,229,0.1187759336099585,0.6542857142857142,0.20105355575065845,0.29567881572417487,0.3717946650095474,0.33917188260277453,0.5179999999999999,NEW_BENCH_P0_EVALUATION
R2,40,S_ADAPT,-1,40,6,train,6,5,378,0,0,0,0,0,0,0,0,0,0,NEW_BENCH_P0_EVALUATION
R2,40,S_ADAPT,-1,40,7,truck,889,540,10122,658,0.7401574803149606,658,0.06500691562932227,0.7401574803149606,0.11951684678957407,0.22959217721375627,0.31275378874938964,0.2566825503556289,0.5445444319460068,NEW_BENCH_P0_EVALUATION
R2,40,S_ADAPT,-1,40,8,traffic light,5158,1123,17874,2803,0.5434276851492826,2801,0.15670806758420053,0.5430399379604498,0.24322681486627304,0.09542206729767946,0.28330854112686543,0.04725093469527069,0.2217526172935246,NEW_BENCH_P0_EVALUATION
R2,40,S_FIXED,-1,10,1,person,2771,631,1466,967,0.3489714904366655,967,0.6596180081855388,0.3489714904366655,0.4564550389426481,0.19069716018739202,0.3212186748962096,0.19288770369721914,0.22010104655359072,NEW_BENCH_P0_EVALUATION
R2,40,S_FIXED,-1,10,2,bicycle,244,125,60,37,0.15163934426229508,37,0.6166666666666667,0.15163934426229508,0.24342105263157898,0.0706879843134182,0.14207039873147675,0.06379075721632166,0.08565573770491804,NEW_BENCH_P0_EVALUATION
R2,40,S_FIXED,-1,10,3,car,20453,1988,13584,9896,0.4838410013200997,9888,0.7279151943462897,0.4834498606561385,0.581014778035667,0.30439215547870385,0.4612049669076562,0.32483867008835005,0.335090206815626,NEW_BENCH_P0_EVALUATION
R2,40,S_FIXED,-1,10,4,motorcycle,95,66,45,16,0.16842105263157894,16,0.35555555555555557,0.16842105263157894,0.22857142857142856,0.0682237482959673,0.14787910594550083,0.06767617938264416,0.08315789473684211,NEW_BENCH_P0_EVALUATION
R2,40,S_FIXED,-1,10,5,bus,350,258,381,127,0.3628571428571429,127,0.3333333333333333,0.3628571428571429,0.347469220246238,0.237319857618881,0.286915548254016,0.27097448293682386,0.3082857142857143,NEW_BENCH_P0_EVALUATION
R2,40,S_FIXED,-1,10,6,train,6,5,121,0,0,0,0,0,0,0,0,0,0,NEW_BENCH_P0_EVALUATION
R2,40,S_FIXED,-1,10,7,truck,889,540,1537,366,0.41169853768278963,366,0.23812621990891347,0.41169853768278963,0.3017312448474856,0.19398697186409336,0.2547527076567919,0.21823801462378759,0.3291338582677165,NEW_BENCH_P0_EVALUATION
R2,40,S_FIXED,-1,10,8,traffic light,5158,1123,2806,1085,0.21035284994183792,1085,0.3866714183891661,0.21035284994183792,0.2724761426418885,0.05685173522894546,0.15080046982182027,0.036218954546605966,0.0925164792555254,NEW_BENCH_P0_EVALUATION
R2,40,S_FIXED,-1,15,1,person,2771,631,2359,1267,0.4572356549981956,1267,0.5370919881305638,0.4572356549981956,0.4939571150097466,0.22985186100714544,0.41016684314631124,0.21975357174188215,0.2765788523998557,NEW_BENCH_P0_EVALUATION
R2,40,S_FIXED,-1,15,2,bicycle,244,125,104,53,0.21721311475409835,53,0.5096153846153846,0.21721311475409835,0.3045977011494253,0.08791168778890233,0.18903141599537238,0.0716498105184413,0.11270491803278689,NEW_BENCH_P0_EVALUATION
R2,40,S_FIXED,-1,15,3,car,20453,1988,18669,11682,0.5711631545494549,11671,0.6251539986073169,0.5706253361365081,0.596646388221461,0.3339477586098609,0.5315458856781675,0.34875229190950957,0.37778321028699946,NEW_BENCH_P0_EVALUATION
R2,40,S_FIXED,-1,15,4,motorcycle,95,66,87,20,0.21052631578947367,20,0.22988505747126436,0.21052631578947367,0.21978021978021975,0.07379992711919033,0.16399705111394697,0.06624336346678146,0.10421052631578946,NEW_BENCH_P0_EVALUATION
R2,40,S_FIXED,-1,15,5,bus,350,258,628,161,0.46,161,0.25636942675159236,0.46,0.3292433537832311,0.26416924862920155,0.32711169839974275,0.3026122687043014,0.3777142857142857,NEW_BENCH_P0_EVALUATION
R2,40,S_FIXED,-1,15,6,train,6,5,197,0,0,0,0,0,0,0,0,0,0,NEW_BENCH_P0_EVALUATION
R2,40,S_FIXED,-1,15,7,truck,889,540,2922,453,0.5095613048368954,453,0.15503080082135523,0.5095613048368954,0.23773287850957756,0.21208501441921707,0.28136855605792993,0.23805470065565465,0.39876265466816646,NEW_BENCH_P0_EVALUATION
R2,40,S_FIXED,-1,15,8,traffic light,5158,1123,5034,1631,0.31620783249321444,1631,0.3239968216130314,0.31620783249321444,0.3200549450549451,0.07343473436339659,0.20671535757888304,0.040551927621563934,0.13367584335013571,NEW_BENCH_P0_EVALUATION
R2,40,S_FIXED,-1,20,1,person,2771,631,3368,1471,0.5308552869000361,1471,0.43675771971496435,0.5308552869000361,0.47923114513764453,0.2504539223621089,0.4663169122214838,0.23197509793531917,0.3095994225911224,NEW_BENCH_P0_EVALUATION
R2,40,S_FIXED,-1,20,2,bicycle,244,125,158,60,0.2459016393442623,59,0.37341772151898733,0.24180327868852458,0.2935323383084577,0.09441843853228614,0.19917417338087784,0.07960663080283842,0.13319672131147542,NEW_BENCH_P0_EVALUATION
R2,40,S_FIXED,-1,20,3,car,20453,1988,23339,12729,0.622353688945387,12713,0.5447105702900724,0.6215714076174644,0.5806083302886371,0.3485224533015897,0.5654180168402181,0.35812660910969535,0.40075294577812554,NEW_BENCH_P0_EVALUATION
R2,40,S_FIXED,-1,20,4,motorcycle,95,66,135,24,0.25263157894736843,24,0.17777777777777778,0.25263157894736843,0.20869565217391303,0.07969018695549858,0.17955825696108077,0.0669872159629756,0.12315789473684209,NEW_BENCH_P0_EVALUATION
R2,40,S_FIXED,-1,20,5,bus,350,258,888,179,0.5114285714285715,179,0.20157657657657657,0.5114285714285715,0.28917609046849757,0.27679508747654663,0.34380524505773863,0.3180617359043967,0.41714285714285715,NEW_BENCH_P0_EVALUATION
R2,40,S_FIXED,-1,20,6,train,6,5,270,0,0,0,0,0,0,0,0,0,0,NEW_BENCH_P0_EVALUATION
R2,40,S_FIXED,-1,20,7,truck,889,540,4415,515,0.5793025871766029,515,0.11664779161947905,0.5793025871766029,0.1941930618401207,0.219436042152672,0.29421542833149894,0.24619433587110237,0.44206974128233967,NEW_BENCH_P0_EVALUATION
R2,40,S_FIXED,-1,20,8,traffic light,5158,1123,7427,1999,0.38755331523846454,1999,0.269153090076747,0.38755331523846454,0.31767977751291215,0.08266249729702392,0.2376418015092604,0.043953247599902975,0.1612640558355952,NEW_BENCH_P0_EVALUATION
R2,40,S_FIXED,-1,30,1,person,2771,631,5672,1682,0.6070010826416457,1681,0.29636812411847674,0.6066402020931072,0.39819969205258793,0.2660993489139649,0.5057174849429661,0.23901819905950789,0.3430530494406352,NEW_BENCH_P0_EVALUATION
R2,40,S_FIXED,-1,30,2,bicycle,244,125,278,75,0.3073770491803279,73,0.26258992805755393,0.29918032786885246,0.2796934865900383,0.10252709905216441,0.22186078621351024,0.08199311029054579,0.1627049180327869,NEW_BENCH_P0_EVALUATION
R2,40,S_FIXED,-1,30,3,car,20453,1988,32355,13942,0.6816603921185156,13916,0.43010353886570857,0.6803891849606415,0.5270413573700955,0.36007607542347136,0.597902288127612,0.36527154939502665,0.42693003471373386,NEW_BENCH_P0_EVALUATION
R2,40,S_FIXED,-1,30,4,motorcycle,95,66,254,27,0.28421052631578947,27,0.1062992125984252,0.28421052631578947,0.15472779369627507,0.08209627210962103,0.18449808619117428,0.07069258470370997,0.14210526315789473,NEW_BENCH_P0_EVALUATION
R2,40,S_FIXED,-1,30,5,bus,350,258,1407,208,0.5942857142857143,208,0.1478322672352523,0.5942857142857143,0.23676721684689808,0.2898732417230977,0.36231202940883545,0.3321045778714628,0.4797142857142857,NEW_BENCH_P0_EVALUATION
R2,40,S_FIXED,-1,30,6,train,6,5,437,0,0,0,0,0,0,0,0,0,0,NEW_BENCH_P0_EVALUATION
R2,40,S_FIXED,-1,30,7,truck,889,540,7309,591,0.6647919010123734,591,0.08085921466684909,0.6647919010123734,0.14418150768480117,0.22593799454997415,0.3060270842964857,0.2523838452715593,0.4961754780652418,NEW_BENCH_P0_EVALUATION
R2,40,S_FIXED,-1,30,8,traffic light,5158,1123,12288,2440,0.4730515703761148,2439,0.198486328125,0.4728576967816983,0.27960564026137796,0.09100543968515598,0.26713791566499656,0.04598503263651852,0.19534703373400542,NEW_BENCH_P0_EVALUATION
R2,40,S_FIXED,-1,40,1,person,2771,631,8175,1791,0.6463370624323349,1790,0.21896024464831804,0.6459761818837965,0.32706011328339124,0.2719031234950216,0.5224004717850897,0.24139360879389785,0.3604114038253338,NEW_BENCH_P0_EVALUATION
R2,40,S_FIXED,-1,40,2,bicycle,244,125,418,90,0.36885245901639346,86,0.20574162679425836,0.3524590163934426,0.2598187311178248,0.1081494882633701,0.240141335844098,0.0841412080720221,0.18770491803278688,NEW_BENCH_P0_EVALUATION
R2,40,S_FIXED,-1,40,3,car,20453,1988,41019,14633,0.715445166968171,14604,0.3560301323776786,0.7140272820613113,0.4751431546069755,0.36573560748655715,0.6111512710131347,0.3679515068427327,0.441524470737789,NEW_BENCH_P0_EVALUATION
R2,40,S_FIXED,-1,40,4,motorcycle,95,66,380,29,0.30526315789473685,29,0.07631578947368421,0.30526315789473685,0.12210526315789473,0.0844111249527763,0.18742696148680585,0.07309024080111133,0.16526315789473683,NEW_BENCH_P0_EVALUATION
R2,40,S_FIXED,-1,40,5,bus,350,258,1967,225,0.6428571428571429,225,0.11438739196746314,0.6428571428571429,0.19421665947345704,0.2951710943470421,0.3707289616716843,0.33838809124091407,0.5117142857142858,NEW_BENCH_P0_EVALUATION
R2,40,S_FIXED,-1,40,6,train,6,5,635,0,0,0,0,0,0,0,0,0,0,NEW_BENCH_P0_EVALUATION
R2,40,S_FIXED,-1,40,7,truck,889,540,10034,640,0.7199100112485939,640,0.06378313733306758,0.7199100112485939,0.11718392383044952,0.22849737464099504,0.3104663131239607,0.2553293087273313,0.53037120359955,NEW_BENCH_P0_EVALUATION
R2,40,S_FIXED,-1,40,8,traffic light,5158,1123,17372,2697,0.52287708414114,2696,0.15519226341238776,0.5226832105467235,0.23932534398579672,0.09418362371882284,0.2792444859087756,0.046764909768135236,0.2140946103140752,NEW_BENCH_P0_EVALUATION
R2,80,M11,530101,10,1,person,2771,631,2168,1458,0.5261638397690365,1458,0.672509225092251,0.5261638397690365,0.5904029155699535,0.25040163925040554,0.4653502257416451,0.2297526355292182,0.3060627932154457,NEW_BENCH_P0_EVALUATION
R2,80,M11,530101,10,2,bicycle,244,125,92,51,0.20901639344262296,51,0.5543478260869565,0.20901639344262296,0.30357142857142855,0.08684241362507329,0.17993893852629558,0.07506230907512212,0.11557377049180328,NEW_BENCH_P0_EVALUATION
R2,80,M11,530101,10,3,car,20453,1988,12996,10506,0.5136654769471471,10499,0.8078639581409665,0.513323228866181,0.6277616670154563,0.31858348967122196,0.4902452136629486,0.3390267772618227,0.3535031535716032,NEW_BENCH_P0_EVALUATION
R2,80,M11,530101,10,4,motorcycle,95,66,42,18,0.18947368421052632,18,0.42857142857142855,0.18947368421052632,0.26277372262773724,0.07148347826366032,0.15991275960135748,0.06471185580096471,0.08842105263157896,NEW_BENCH_P0_EVALUATION
R2,80,M11,530101,10,5,bus,350,258,460,159,0.4542857142857143,159,0.3456521739130435,0.4542857142857143,0.3925925925925926,0.2667790253331237,0.32840233809876723,0.3058749481354039,0.376,NEW_BENCH_P0_EVALUATION
R2,80,M11,530101,10,6,train,6,5,65,0,0,0,0,0,0,0,0,0,0,NEW_BENCH_P0_EVALUATION
R2,80,M11,530101,10,7,truck,889,540,1463,441,0.49606299212598426,441,0.3014354066985646,0.49606299212598426,0.375,0.21477383129961683,0.2879817631642633,0.23961773183787258,0.3831271091113611,NEW_BENCH_P0_EVALUATION
R2,80,M11,530101,10,8,traffic light,5158,1123,2714,1387,0.2689026754556029,1387,0.5110537951363301,0.2689026754556029,0.35238821138211374,0.07092777779064216,0.1893441716978485,0.04199971855541625,0.12053121364870105,NEW_BENCH_P0_EVALUATION
R2,80,M11,530101,15,1,person,2771,631,3322,1665,0.6008661133164922,1664,0.5009030704394943,0.6005052327679538,0.546200558017397,0.2660817733951224,0.5095679795970394,0.23911174031693422,0.33944424395525086,NEW_BENCH_P0_EVALUATION
R2,80,M11,530101,15,2,bicycle,244,125,189,75,0.3073770491803279,72,0.38095238095238093,0.29508196721311475,0.3325635103926097,0.10159939207638467,0.2227548228002834,0.07838927505610194,0.1557377049180328,NEW_BENCH_P0_EVALUATION
R2,80,M11,530101,15,3,car,20453,1988,17665,12191,0.5960494792939911,12176,0.6892725728842344,0.5953160905490638,0.6388582821763996,0.34316478758233565,0.5491966905466305,0.3545950698851454,0.3904366107661468,NEW_BENCH_P0_EVALUATION
R2,80,M11,530101,15,4,motorcycle,95,66,84,23,0.24210526315789474,23,0.27380952380952384,0.24210526315789474,0.2569832402234637,0.08058773398510338,0.18024983068510644,0.06914823061253493,0.1231578947368421,NEW_BENCH_P0_EVALUATION
R2,80,M11,530101,15,5,bus,350,258,773,190,0.5428571428571428,190,0.24579560155239327,0.5428571428571428,0.3383793410507569,0.2836593786359739,0.35353458347156175,0.325166910891024,0.44000000000000006,NEW_BENCH_P0_EVALUATION
R2,80,M11,530101,15,6,train,6,5,75,0,0,0,0,0,0,0,0,0,0,NEW_BENCH_P0_EVALUATION
R2,80,M11,530101,15,7,truck,889,540,2849,531,0.5973003374578177,531,0.1863811863811864,0.5973003374578177,0.2841091492776886,0.22421584519801477,0.3029616911369201,0.25288946259680495,0.4543307086614174,NEW_BENCH_P0_EVALUATION
R2,80,M11,530101,15,8,traffic light,5158,1123,5043,2000,0.38774718883288095,2000,0.396589331746976,0.38774718883288095,0.3921184197627684,0.08528788946255468,0.24280815550098162,0.045793387620535045,0.16587824738270646,NEW_BENCH_P0_EVALUATION
R2,80,M11,530101,20,1,person,2771,631,4379,1768,0.6380368098159509,1767,0.4035167846540306,0.6376759292674125,0.4942657342657344,0.2713951900119261,0.5216582825264728,0.2416059928091896,0.35633345362684954,NEW_BENCH_P0_EVALUATION
R2,80,M11,530101,20,2,bicycle,244,125,258,83,0.3401639344262295,79,0.3062015503875969,0.3237704918032787,0.3147410358565737,0.10558882150043655,0.2317647829435564,0.08152334972483007,0.17459016393442622,NEW_BENCH_P0_EVALUATION
R2,80,M11,530101,20,3,car,20453,1988,22217,13114,0.6411773333985235,13094,0.5893685015978755,0.6401994817386203,0.6137333020857746,0.35402690948665105,0.5797379196296332,0.3626396955599541,0.409788295115631,NEW_BENCH_P0_EVALUATION
R2,80,M11,530101,20,4,motorcycle,95,66,144,25,0.2631578947368421,25,0.1736111111111111,0.2631578947368421,0.20920502092050208,0.08182786540291705,0.18138950114096306,0.07185637521643275,0.14,NEW_BENCH_P0_EVALUATION
R2,80,M11,530101,20,5,bus,350,258,1039,201,0.5742857142857143,201,0.19345524542829645,0.5742857142857143,0.2894168466522678,0.2865953522920817,0.3589162360692074,0.3284249781661061,0.45914285714285724,NEW_BENCH_P0_EVALUATION
R2,80,M11,530101,20,6,train,6,5,92,0,0,0,0,0,0,0,0,0,0,NEW_BENCH_P0_EVALUATION
R2,80,M11,530101,20,7,truck,889,540,4409,583,0.655793025871766,583,0.13222953050578362,0.655793025871766,0.22008305020762553,0.2271791819460129,0.3083055794717713,0.2542464047750447,0.48886389201349834,NEW_BENCH_P0_EVALUATION
R2,80,M11,530101,20,8,traffic light,5158,1123,7462,2327,0.451143854207057,2327,0.3118466898954704,0.451143854207057,0.3687797147385103,0.09054891817674306,0.26480172923657624,0.04635666280827509,0.18854207056998834,NEW_BENCH_P0_EVALUATION
R2,80,M11,530101,30,1,person,2771,631,6236,1837,0.6629375676651028,1836,0.2944194996792816,0.6625766871165644,0.4076829132896636,0.27473440409416827,0.530373123371632,0.24333533777540886,0.3680259833994948,NEW_BENCH_P0_EVALUATION
R2,80,M11,530101,30,2,bicycle,244,125,388,95,0.38934426229508196,91,0.2345360824742268,0.3729508196721312,0.2879746835443038,0.1098393738579051,0.24564392387869521,0.08407104869132749,0.1975409836065574,NEW_BENCH_P0_EVALUATION
R2,80,M11,530101,30,3,car,20453,1988,31588,14321,0.7001906810736811,14293,0.45248195517285045,0.6988216887498166,0.5492976691454814,0.3632164079032465,0.6041077295968251,0.36562622462655747,0.43537378379699804,NEW_BENCH_P0_EVALUATION
R2,80,M11,530101,30,4,motorcycle,95,66,259,30,0.3157894736842105,30,0.11583011583011583,0.3157894736842105,0.1694915254237288,0.08515262349290803,0.1888100383519448,0.07379942075956249,0.1736842105263158,NEW_BENCH_P0_EVALUATION
R2,80,M11,530101,30,5,bus,350,258,1533,225,0.6428571428571429,225,0.14677103718199608,0.6428571428571429,0.2389803505045141,0.29507937824290825,0.37110446701436384,0.3384026704927045,0.5097142857142858,NEW_BENCH_P0_EVALUATION
R2,80,M11,530101,30,6,train,6,5,160,0,0,0,0,0,0,0,0,0,0,NEW_BENCH_P0_EVALUATION
R2,80,M11,530101,30,7,truck,889,540,7445,639,0.718785151856018,639,0.08582941571524513,0.718785151856018,0.15334773218142547,0.2289488129979648,0.31129518503320325,0.2557456247461188,0.5283464566929135,NEW_BENCH_P0_EVALUATION
R2,80,M11,530101,30,8,traffic light,5158,1123,12391,2681,0.5197751066304769,2680,0.21628601404245015,0.5195812330360605,0.3054305088609037,0.09438733647150678,0.27861856994029494,0.046839423393586134,0.21382318728189217,NEW_BENCH_P0_EVALUATION
R2,80,M11,530101,40,1,person,2771,631,8297,1862,0.6719595813785637,1861,0.22429793901410147,0.6715987008300253,0.33628478496566677,0.2751383024286695,0.5320670976746833,0.24320138051756532,0.3720678455431252,NEW_BENCH_P0_EVALUATION
R2,80,M11,530101,40,2,bicycle,244,125,487,97,0.3975409836065574,93,0.19096509240246407,0.38114754098360654,0.2544459644322845,0.11011142963200861,0.24712326033762536,0.0850483625106453,0.2012295081967213,NEW_BENCH_P0_EVALUATION
R2,80,M11,530101,40,3,car,20453,1988,40908,14957,0.7312863638586027,14930,0.3649652879632346,0.7299662641177334,0.48662831440165577,0.36793334803759487,0.6156709770788428,0.3681163571772906,0.44816408350853176,NEW_BENCH_P0_EVALUATION
R2,80,M11,530101,40,4,motorcycle,95,66,384,31,0.3263157894736842,31,0.08072916666666667,0.3263157894736842,0.12943632567849686,0.08529092077795408,0.18939643157197156,0.0736498870737659,0.17789473684210527,NEW_BENCH_P0_EVALUATION
R2,80,M11,530101,40,5,bus,350,258,2023,229,0.6542857142857142,229,0.11319822046465645,0.6542857142857142,0.1930046354825116,0.29626425517479427,0.37170986117647087,0.34027958276412645,0.5222857142857142,NEW_BENCH_P0_EVALUATION
R2,80,M11,530101,40,6,train,6,5,351,0,0,0,0,0,0,0,0,0,0,NEW_BENCH_P0_EVALUATION
R2,80,M11,530101,40,7,truck,889,540,10239,669,0.7525309336332958,669,0.06533841195429241,0.7525309336332958,0.12023723939611788,0.2302486439306227,0.3135344895958589,0.257305805441886,0.5535433070866141,NEW_BENCH_P0_EVALUATION
R2,80,M11,530101,40,8,traffic light,5158,1123,17311,2814,0.5455602946878635,2812,0.162440067009416,0.5451725474990307,0.2503004139036005,0.09545550977474543,0.28341206683029885,0.04726380655948164,0.22299340829778985,NEW_BENCH_P0_EVALUATION
R2,80,M11,530102,10,1,person,2771,631,2137,1447,0.5221941537351137,1447,0.6771174543752925,0.5221941537351137,0.5896495517522412,0.24984567790539752,0.4653247638810399,0.2297267141887335,0.3040057740887766,NEW_BENCH_P0_EVALUATION
R2,80,M11,530102,10,2,bicycle,244,125,108,54,0.22131147540983606,53,0.49074074074074076,0.21721311475409835,0.3011363636363636,0.08892847707519702,0.18577532048381906,0.07473579662647885,0.12008196721311475,NEW_BENCH_P0_EVALUATION
R2,80,M11,530102,10,3,car,20453,1988,12901,10453,0.5110741700484036,10446,0.8097046740562747,0.5107319219674376,0.6263716495772621,0.31860236200022013,0.4902389714115044,0.3390599021165706,0.35270620446878204,NEW_BENCH_P0_EVALUATION
R2,80,M11,530102,10,4,motorcycle,95,66,45,19,0.2,19,0.4222222222222222,0.2,0.2714285714285714,0.07430556920456315,0.16956673955236715,0.06674282812896674,0.09684210526315791,NEW_BENCH_P0_EVALUATION
R2,80,M11,530102,10,5,bus,350,258,506,164,0.4685714285714286,164,0.3241106719367589,0.4685714285714286,0.383177570093458,0.27104889782907415,0.33150484186937446,0.3129501133760544,0.3894285714285714,NEW_BENCH_P0_EVALUATION
R2,80,M11,530102,10,6,train,6,5,69,0,0,0,0,0,0,0,0,0,0,NEW_BENCH_P0_EVALUATION
R2,80,M11,530102,10,7,truck,889,540,1599,453,0.5095613048368954,453,0.28330206378986866,0.5095613048368954,0.36414790996784563,0.2152798661948938,0.28848999112909457,0.24045599331514905,0.3924634420697413,NEW_BENCH_P0_EVALUATION
R2,80,M11,530102,10,8,traffic light,5158,1123,2635,1351,0.2619232260566111,1351,0.5127134724857685,0.2619232260566111,0.34672141665597334,0.07014104977352807,0.18932585982147132,0.04200046152631236,0.11764249709189609,NEW_BENCH_P0_EVALUATION
R2,80,M11,530102,15,1,person,2771,631,3234,1652,0.5961746661854926,1651,0.5105132962275819,0.5958137856369542,0.5498751040799333,0.2644801982630392,0.5045666593391975,0.2363452620960487,0.3374954889931433,NEW_BENCH_P0_EVALUATION
R2,80,M11,530102,15,2,bicycle,244,125,201,76,0.3114754098360656,72,0.3582089552238806,0.29508196721311475,0.3235955056179775,0.10040714887220342,0.2223487355180196,0.07826120039282532,0.1540983606557377,NEW_BENCH_P0_EVALUATION
R2,80,M11,530102,15,3,car,20453,1988,17684,12185,0.5957561237960202,12171,0.6882492648722008,0.5950716276340879,0.6382777879749325,0.34314442911351983,0.5491496352177013,0.35457421560941055,0.39056862074023374,NEW_BENCH_P0_EVALUATION
R2,80,M11,530102,15,4,motorcycle,95,66,96,23,0.24210526315789474,23,0.23958333333333334,0.24210526315789474,0.24083769633507854,0.08077278046973793,0.17926763751678904,0.07046213735237646,0.12631578947368421,NEW_BENCH_P0_EVALUATION
R2,80,M11,530102,15,5,bus,350,258,809,193,0.5514285714285714,193,0.23856613102595797,0.5514285714285714,0.33304572907679036,0.28482109294914176,0.3556509827830233,0.32731003298931416,0.4462857142857143,NEW_BENCH_P0_EVALUATION
R2,80,M11,530102,15,6,train,6,5,80,0,0,0,0,0,0,0,0,0,0,NEW_BENCH_P0_EVALUATION
R2,80,M11,530102,15,7,truck,889,540,3023,533,0.5995500562429696,533,0.1763149189546808,0.5995500562429696,0.2724948875255624,0.2239586321099641,0.30178736200809575,0.2520278023669818,0.4555680539932509,NEW_BENCH_P0_EVALUATION
R2,80,M11,530102,15,8,traffic light,5158,1123,4873,1953,0.3786351298953083,1953,0.4007798071003489,0.3786351298953083,0.3893928820655967,0.08374999657832971,0.2383291957627085,0.044483001384307705,0.16161302830554478,NEW_BENCH_P0_EVALUATION
R2,80,M11,530102,20,1,person,2771,631,4287,1751,0.6319018404907976,1750,0.40821087007231166,0.6315409599422591,0.49589118730518567,0.2710908769007309,0.5215664232686126,0.24167422812428457,0.3539877300613497,NEW_BENCH_P0_EVALUATION
R2,80,M11,530102,20,2,bicycle,244,125,264,84,0.3442622950819672,80,0.30303030303030304,0.32786885245901637,0.31496062992125984,0.1057449591511511,0.23173871909468763,0.081406630129866,0.17540983606557375,NEW_BENCH_P0_EVALUATION
R2,80,M11,530102,20,3,car,20453,1988,22231,13127,0.6418129369774606,13106,0.5895371328325312,0.6407861927345622,0.6140942742011058,0.35401076095990947,0.5797253919706586,0.3626179212581196,0.41014521097149564,NEW_BENCH_P0_EVALUATION
R2,80,M11,530102,20,4,motorcycle,95,66,164,25,0.2631578947368421,25,0.1524390243902439,0.2631578947368421,0.19305019305019305,0.08163109070961015,0.18112702921314383,0.07161505983898347,0.14,NEW_BENCH_P0_EVALUATION
R2,80,M11,530102,20,5,bus,350,258,1097,210,0.6,210,0.19143117593436645,0.6,0.2902557014512785,0.29061879436926435,0.36484170956341594,0.332508320759893,0.47942857142857137,NEW_BENCH_P0_EVALUATION
R2,80,M11,530102,20,6,train,6,5,103,0,0,0,0,0,0,0,0,0,0,NEW_BENCH_P0_EVALUATION
R2,80,M11,530102,20,7,truck,889,540,4651,592,0.6659167604049494,592,0.12728445495592347,0.6659167604049494,0.21371841155234658,0.22736967585311285,0.3087634967770525,0.2537443171586797,0.49392575928009,NEW_BENCH_P0_EVALUATION
R2,80,M11,530102,20,8,traffic light,5158,1123,7203,2281,0.44222566886390074,2281,0.3166736082187977,0.44222566886390074,0.3690639915864412,0.08969544101397449,0.2615945091009211,0.046356248217018226,0.18561457929430009,NEW_BENCH_P0_EVALUATION
R2,80,M11,530102,30,1,person,2771,631,6139,1834,0.6618549260194876,1833,0.29858283107998046,0.6614940454709491,0.4114478114478115,0.27447414899953626,0.5302905241757865,0.24333533059498333,0.3671237820281487,NEW_BENCH_P0_EVALUATION
R2,80,M11,530102,30,2,bicycle,244,125,403,95,0.38934426229508196,91,0.22580645161290322,0.3729508196721312,0.28129829984544047,0.10986723958578876,0.2456794187353215,0.0840849969225491,0.19795081967213116,NEW_BENCH_P0_EVALUATION
R2,80,M11,530102,30,3,car,20453,1988,31708,14324,0.7003373588226666,14297,0.4508956730162735,0.6990172590817972,0.5481873430340676,0.3631497737931408,0.6040600231933971,0.3656119756753032,0.4354128978633941,NEW_BENCH_P0_EVALUATION
R2,80,M11,530102,30,4,motorcycle,95,66,274,30,0.3157894736842105,30,0.10948905109489052,0.3157894736842105,0.1626016260162602,0.08504613815043459,0.18864168093512865,0.07371648644319273,0.1736842105263158,NEW_BENCH_P0_EVALUATION
R2,80,M11,530102,30,5,bus,350,258,1592,226,0.6457142857142857,226,0.14195979899497488,0.6457142857142857,0.23274974253347064,0.29546096716819137,0.37092691687798107,0.3383464374637844,0.5134285714285715,NEW_BENCH_P0_EVALUATION
R2,80,M11,530102,30,6,train,6,5,177,0,0,0,0,0,0,0,0,0,0,NEW_BENCH_P0_EVALUATION
R2,80,M11,530102,30,7,truck,889,540,7519,643,0.7232845894263217,643,0.08551669104934166,0.7232845894263217,0.15294957183634633,0.22938078895154243,0.31214083990682917,0.2566127283197064,0.5331833520809899,NEW_BENCH_P0_EVALUATION
R2,80,M11,530102,30,8,traffic light,5158,1123,12188,2671,0.5178363706863125,2670,0.21906793567443386,0.5176424970918961,0.3078519543410585,0.09438798616744429,0.27863478998833807,0.04682671245902307,0.21283443195036839,NEW_BENCH_P0_EVALUATION
R2,80,M11,530102,40,1,person,2771,631,8132,1861,0.6715987008300253,1860,0.22872602065912445,0.6712378202814868,0.3411904980280657,0.2751644089956294,0.532143414293061,0.24320718405667036,0.37177914110429455,NEW_BENCH_P0_EVALUATION
R2,80,M11,530102,40,2,bicycle,244,125,494,97,0.3975409836065574,93,0.1882591093117409,0.38114754098360654,0.2520325203252033,0.1100409495480846,0.24695139973592858,0.08501482747378528,0.2012295081967213,NEW_BENCH_P0_EVALUATION
R2,80,M11,530102,40,3,car,20453,1988,41008,14948,0.7308463306116462,14921,0.3638558330081935,0.729526230870777,0.4855436781048144,0.3679191847924225,0.615639100990067,0.3681174597809453,0.4479685131765511,NEW_BENCH_P0_EVALUATION
R2,80,M11,530102,40,4,motorcycle,95,66,392,31,0.3263157894736842,31,0.07908163265306123,0.3263157894736842,0.1273100616016427,0.08528650056439434,0.18938451621368008,0.0736498870737659,0.17789473684210527,NEW_BENCH_P0_EVALUATION
R2,80,M11,530102,40,5,bus,350,258,2089,231,0.66,231,0.1105792245093346,0.66,0.1894218942189422,0.29659935360849227,0.3728806489715956,0.340239935249177,0.5245714285714287,NEW_BENCH_P0_EVALUATION
R2,80,M11,530102,40,6,train,6,5,381,0,0,0,0,0,0,0,0,0,0,NEW_BENCH_P0_EVALUATION
R2,80,M11,530102,40,7,truck,889,540,10238,672,0.7559055118110236,672,0.06563781988669662,0.7559055118110236,0.120787274197897,0.23028466029587347,0.31349301149539616,0.2572385454728051,0.5560179977502812,NEW_BENCH_P0_EVALUATION
R2,80,M11,530102,40,8,traffic light,5158,1123,17266,2806,0.5440093059325319,2805,0.1624580099617746,0.5438154323381156,0.2501783803068141,0.09545723055419032,0.28342621813446767,0.04725553662152986,0.2226056611089569,NEW_BENCH_P0_EVALUATION
R2,80,M11,530103,10,1,person,2771,631,2138,1446,0.5218332731865752,1445,0.6758652946679139,0.5214723926380368,0.5887146058260339,0.2492131691126282,0.46547343484759635,0.22968948650313148,0.303464453265969,NEW_BENCH_P0_EVALUATION
R2,80,M11,530103,10,2,bicycle,244,125,98,53,0.21721311475409835,52,0.5306122448979592,0.21311475409836064,0.30409356725146197,0.08822011203690572,0.1854136436681257,0.07464537662557465,0.11680327868852458,NEW_BENCH_P0_EVALUATION
R2,80,M11,530103,10,3,car,20453,1988,13032,10539,0.5152789321859874,10532,0.8081645181092695,0.5149366841050212,0.6290577870688367,0.32070921660337115,0.49039592836638096,0.33908539958415174,0.3544663374566078,NEW_BENCH_P0_EVALUATION
R2,80,M11,530103,10,4,motorcycle,95,66,49,21,0.22105263157894736,21,0.42857142857142855,0.22105263157894736,0.2916666666666667,0.07878964281650697,0.178705343382355,0.06895513727196896,0.1094736842105263,NEW_BENCH_P0_EVALUATION
R2,80,M11,530103,10,5,bus,350,258,481,163,0.4657142857142857,163,0.3388773388773389,0.4657142857142857,0.39229843561973526,0.27025072471934103,0.3316799400421437,0.3130579027974512,0.3865714285714285,NEW_BENCH_P0_EVALUATION
R2,80,M11,530103,10,6,train,6,5,67,0,0,0,0,0,0,0,0,0,0,NEW_BENCH_P0_EVALUATION
R2,80,M11,530103,10,7,truck,889,540,1521,446,0.5016872890888638,446,0.29322813938198555,0.5016872890888638,0.37012448132780085,0.2149394227445243,0.28987232390000234,0.24141321671552227,0.3870641169853768,NEW_BENCH_P0_EVALUATION
R2,80,M11,530103,10,8,traffic light,5158,1123,2614,1342,0.26017836370686315,1342,0.513389441469013,0.26017836370686315,0.3453422542460114,0.06936277575422244,0.1892512586010696,0.041810411423193035,0.11675067855758045,NEW_BENCH_P0_EVALUATION
R2,80,M11,530103,15,1,person,2771,631,3274,1662,0.599783471670877,1661,0.5073304825901038,0.5994225911223385,0.5495450785773367,0.26599262061803,0.5050392914068726,0.23926480333894745,0.3396968603392277,NEW_BENCH_P0_EVALUATION
R2,80,M11,530103,15,2,bicycle,244,125,206,76,0.3114754098360656,72,0.34951456310679613,0.29508196721311475,0.32,0.10040472290311331,0.2214425841109781,0.07816902101776124,0.15450819672131147,NEW_BENCH_P0_EVALUATION
R2,80,M11,530103,15,3,car,20453,1988,17749,12225,0.5977118271158265,12212,0.688038762747197,0.5970762235368895,0.639338254541647,0.3431717206585143,0.5492325902689752,0.35458392688068974,0.39119933506087134,NEW_BENCH_P0_EVALUATION
R2,80,M11,530103,15,4,motorcycle,95,66,90,23,0.24210526315789474,23,0.25555555555555554,0.24210526315789474,0.24864864864864866,0.07988093373560083,0.1784970390983188,0.06890617633191891,0.1231578947368421,NEW_BENCH_P0_EVALUATION
R2,80,M11,530103,15,5,bus,350,258,789,193,0.5514285714285714,193,0.24461343472750316,0.5514285714285714,0.3388937664618086,0.28469203603355037,0.3562039648232581,0.3277345822677912,0.4451428571428572,NEW_BENCH_P0_EVALUATION
R2,80,M11,530103,15,6,train,6,5,79,0,0,0,0,0,0,0,0,0,0,NEW_BENCH_P0_EVALUATION
R2,80,M11,530103,15,7,truck,889,540,2975,536,0.6029246344206974,536,0.18016806722689074,0.6029246344206974,0.2774327122153209,0.22447331772453202,0.30374469288463024,0.2521107331136071,0.45793025871766024,NEW_BENCH_P0_EVALUATION
R2,80,M11,530103,15,8,traffic light,5158,1123,4838,1952,0.3784412563008918,1952,0.4034725093013642,0.3784412563008918,0.3905562224889956,0.08387072066367487,0.2385048224697775,0.044561878175826526,0.16229158588600234,NEW_BENCH_P0_EVALUATION
R2,80,M11,530103,20,1,person,2771,631,4343,1759,0.634788884879105,1758,0.4047893161409164,0.6344280043305666,0.49423671633398925,0.2712801791055661,0.5214508282464694,0.24157427087351302,0.35521472392638037,NEW_BENCH_P0_EVALUATION
R2,80,M11,530103,20,2,bicycle,244,125,277,86,0.3524590163934426,82,0.296028880866426,0.3360655737704918,0.3147792706333973,0.10612526318828432,0.23450427644366761,0.08138768826737076,0.17868852459016396,NEW_BENCH_P0_EVALUATION
R2,80,M11,530103,20,3,car,20453,1988,22310,13136,0.642252970224417,13113,0.5877633348274316,0.6411284408155283,0.6132871875219231,0.3540434916650385,0.5797668818433591,0.3626254648489786,0.41037011685327335,NEW_BENCH_P0_EVALUATION
R2,80,M11,530103,20,4,motorcycle,95,66,169,26,0.2736842105263158,26,0.15384615384615385,0.2736842105263158,0.196969696969697,0.08250439569878916,0.18274550476652013,0.07251100879702253,0.14842105263157895,NEW_BENCH_P0_EVALUATION
R2,80,M11,530103,20,5,bus,350,258,1060,206,0.5885714285714285,206,0.19433962264150945,0.5885714285714285,0.29219858156028367,0.28937372447958204,0.36105401143864746,0.3306903459844963,0.47314285714285714,NEW_BENCH_P0_EVALUATION
R2,80,M11,530103,20,6,train,6,5,98,0,0,0,0,0,0,0,0,0,0,NEW_BENCH_P0_EVALUATION
R2,80,M11,530103,20,7,truck,889,540,4516,586,0.6591676040494938,586,0.12976085031000886,0.6591676040494938,0.216836262719704,0.22707447560585114,0.3079913123215314,0.25410216713126743,0.4912260967379078,NEW_BENCH_P0_EVALUATION
R2,80,M11,530103,20,8,traffic light,5158,1123,7227,2305,0.4468786351298953,2305,0.31894285318942855,0.4468786351298953,0.3722244650787243,0.0900204847679864,0.26219030313577074,0.04640832338503035,0.18718495540907326,NEW_BENCH_P0_EVALUATION
R2,80,M11,530103,30,1,person,2771,631,6248,1839,0.6636593287621797,1838,0.2941741357234315,0.6632984482136413,0.40758398935580437,0.2746565083730058,0.5301891987972769,0.24321287552655022,0.3680259833994948,NEW_BENCH_P0_EVALUATION
R2,80,M11,530103,30,2,bicycle,244,125,416,95,0.38934426229508196,91,0.21875,0.3729508196721312,0.27575757575757576,0.10979954511101155,0.24551075383728216,0.08405727200233969,0.19795081967213116,NEW_BENCH_P0_EVALUATION
R2,80,M11,530103,30,3,car,20453,1988,31743,14347,0.7014618882315553,14318,0.45106007623728067,0.7000440033246956,0.5486244156640356,0.3640295173691389,0.60862134031728,0.3656286224448572,0.43601916589253414,NEW_BENCH_P0_EVALUATION
R2,80,M11,530103,30,4,motorcycle,95,66,273,30,0.3157894736842105,30,0.10989010989010989,0.3157894736842105,0.16304347826086954,0.08510014351741409,0.18873009926811687,0.07376930841471535,0.1736842105263158,NEW_BENCH_P0_EVALUATION
R2,80,M11,530103,30,5,bus,350,258,1529,225,0.6428571428571429,225,0.1471550032701112,0.6428571428571429,0.23948908994145823,0.29503289655474313,0.37104904044194786,0.33839099839152603,0.5097142857142858,NEW_BENCH_P0_EVALUATION
R2,80,M11,530103,30,6,train,6,5,171,0,0,0,0,0,0,0,0,0,0,NEW_BENCH_P0_EVALUATION
R2,80,M11,530103,30,7,truck,889,540,7504,642,0.7221597300337458,642,0.0855543710021322,0.7221597300337458,0.15298463004885027,0.2291281114911738,0.3120709793095724,0.2558306577690631,0.5318335208098988,NEW_BENCH_P0_EVALUATION
R2,80,M11,530103,30,8,traffic light,5158,1123,12116,2672,0.518030244280729,2671,0.22045229448662926,0.5178363706863125,0.30925089730230404,0.09428984613052822,0.27868752209769126,0.04681557523585859,0.21254362155874368,NEW_BENCH_P0_EVALUATION
R2,80,M11,530103,40,1,person,2771,631,8332,1862,0.6719595813785637,1861,0.22335573691790686,0.6715987008300253,0.3352247140412501,0.27513875723365877,0.5320803168028518,0.24320346937399673,0.3719595813785638,NEW_BENCH_P0_EVALUATION
R2,80,M11,530103,40,2,bicycle,244,125,492,97,0.3975409836065574,93,0.18902439024390244,0.38114754098360654,0.2527173913043478,0.11001035656221922,0.24686628861657803,0.08498889750514928,0.2012295081967213,NEW_BENCH_P0_EVALUATION
R2,80,M11,530103,40,3,car,20453,1988,41021,14962,0.7315308267735785,14935,0.3640818117549548,0.7302107270327092,0.48589647655919577,0.36829674533251094,0.6192891662596763,0.3681152283657217,0.4483400968073144,NEW_BENCH_P0_EVALUATION
R2,80,M11,530103,40,4,motorcycle,95,66,395,31,0.3263157894736842,31,0.07848101265822785,0.3263157894736842,0.12653061224489798,0.08529318529875524,0.1893999810585767,0.07365279261357704,0.17789473684210527,NEW_BENCH_P0_EVALUATION
R2,80,M11,530103,40,5,bus,350,258,2046,230,0.6571428571428571,230,0.11241446725317693,0.6571428571428571,0.19198664440734556,0.29617650186428074,0.3717655570345646,0.3392370635471672,0.5225714285714286,NEW_BENCH_P0_EVALUATION
R2,80,M11,530103,40,6,train,6,5,373,0,0,0,0,0,0,0,0,0,0,NEW_BENCH_P0_EVALUATION
R2,80,M11,530103,40,7,truck,889,540,10312,669,0.7525309336332958,669,0.06487587276958882,0.7525309336332958,0.11945362021248102,0.23025012779841747,0.3134982989688698,0.2573010110544763,0.5541057367829022,NEW_BENCH_P0_EVALUATION
R2,80,M11,530103,40,8,traffic light,5158,1123,17029,2817,0.5461419154711128,2815,0.16530624229255975,0.54575416828228,0.25375219723261366,0.09549304337432879,0.2835666762899677,0.04727372020981353,0.22359441644048078,NEW_BENCH_P0_EVALUATION
R2,80,S_ADAPT,-1,10,1,person,2771,631,1838,1325,0.47816672681342476,1325,0.720892274211099,0.47816672681342476,0.5749620308092862,0.23715706364099284,0.4290781354402499,0.22510324162840034,0.2844099603031397,NEW_BENCH_P0_EVALUATION
R2,80,S_ADAPT,-1,10,2,bicycle,244,125,67,46,0.1885245901639344,46,0.6865671641791045,0.1885245901639344,0.2958199356913183,0.08270850388973021,0.16829071488040157,0.06826473856176828,0.1040983606557377,NEW_BENCH_P0_EVALUATION
R2,80,S_ADAPT,-1,10,3,car,20453,1988,13520,10652,0.5208037940644404,10645,0.7873520710059172,0.5204615459834743,0.6266741235687163,0.3199800133589345,0.4968538171792427,0.3383220657268843,0.3550139343861536,NEW_BENCH_P0_EVALUATION
R2,80,S_ADAPT,-1,10,4,motorcycle,95,66,39,17,0.17894736842105263,17,0.4358974358974359,0.17894736842105263,0.2537313432835821,0.06896382083263271,0.1531828295951767,0.06452145214521451,0.08315789473684211,NEW_BENCH_P0_EVALUATION
R2,80,S_ADAPT,-1,10,5,bus,350,258,358,142,0.4057142857142857,142,0.39664804469273746,0.4057142857142857,0.4011299435028249,0.2544865990226286,0.3088427992499625,0.2916986419595238,0.34114285714285714,NEW_BENCH_P0_EVALUATION
R2,80,S_ADAPT,-1,10,6,train,6,5,66,0,0,0,0,0,0,0,0,0,0,NEW_BENCH_P0_EVALUATION
R2,80,S_ADAPT,-1,10,7,truck,889,540,1538,408,0.45894263217097864,408,0.26527958387516254,0.45894263217097864,0.3362175525339926,0.20629161173876912,0.2715068151753878,0.231282674301427,0.3650168728908886,NEW_BENCH_P0_EVALUATION
R2,80,S_ADAPT,-1,10,8,traffic light,5158,1123,2574,1269,0.24602559131446297,1269,0.493006993006993,0.24602559131446297,0.3282462493533368,0.0656523088654113,0.17617481711633318,0.039676930004460494,0.10808452888716555,NEW_BENCH_P0_EVALUATION
R2,80,S_ADAPT,-1,15,1,person,2771,631,2777,1565,0.5647780584626488,1564,0.5631976953546993,0.5644171779141104,0.5638067772170152,0.2582709478824545,0.48783063204765037,0.2362591614103559,0.3233489714904367,NEW_BENCH_P0_EVALUATION
R2,80,S_ADAPT,-1,15,2,bicycle,244,125,131,61,0.25,59,0.45038167938931295,0.24180327868852458,0.31466666666666665,0.09231870431021887,0.2001748685715757,0.07417087702582272,0.12786885245901639,NEW_BENCH_P0_EVALUATION
R2,80,S_ADAPT,-1,15,3,car,20453,1988,18265,12207,0.5968317606219137,12193,0.6675609088420477,0.5961472644599815,0.6298362518725141,0.3426761886332716,0.5480533010969811,0.3542781833720323,0.3902263726592676,NEW_BENCH_P0_EVALUATION
R2,80,S_ADAPT,-1,15,4,motorcycle,95,66,82,23,0.24210526315789474,23,0.2804878048780488,0.24210526315789474,0.25988700564971756,0.07867053840710556,0.17646740887549553,0.06718141963450076,0.12,NEW_BENCH_P0_EVALUATION
R2,80,S_ADAPT,-1,15,5,bus,350,258,626,173,0.4942857142857143,173,0.2763578274760383,0.4942857142857143,0.35450819672131145,0.2751375181159316,0.3389883479940126,0.316857300241175,0.40742857142857136,NEW_BENCH_P0_EVALUATION
R2,80,S_ADAPT,-1,15,6,train,6,5,87,0,0,0,0,0,0,0,0,0,0,NEW_BENCH_P0_EVALUATION
R2,80,S_ADAPT,-1,15,7,truck,889,540,3121,497,0.5590551181102362,497,0.15924383210509452,0.5590551181102362,0.24788029925187033,0.21903427276108592,0.29260607981047054,0.24627248757733014,0.43295838020247474,NEW_BENCH_P0_EVALUATION
R2,80,S_ADAPT,-1,15,8,traffic light,5158,1123,4911,1909,0.37010469174098487,1909,0.38871920179189573,0.37010469174098487,0.3791836329327639,0.08239433904653848,0.23657377187274622,0.04428506297596535,0.1571733229934083,NEW_BENCH_P0_EVALUATION
R2,80,S_ADAPT,-1,20,1,person,2771,631,3774,1676,0.604835799350415,1675,0.44382617912029676,0.6044749188018765,0.5118411000763942,0.2662124686825105,0.5078526173729193,0.23911828950836087,0.34305304944063514,NEW_BENCH_P0_EVALUATION
R2,80,S_ADAPT,-1,20,2,bicycle,244,125,199,76,0.3114754098360656,73,0.36683417085427134,0.29918032786885246,0.3295711060948081,0.09972313414418299,0.22079708501205098,0.07805833272026148,0.15204918032786885,NEW_BENCH_P0_EVALUATION
R2,80,S_ADAPT,-1,20,3,car,20453,1988,22780,13081,0.6395638781596832,13059,0.5732660228270413,0.6384882413337897,0.6041218513635418,0.3522049318513368,0.5728510988448251,0.35855608037704534,0.40871265828973746,NEW_BENCH_P0_EVALUATION
R2,80,S_ADAPT,-1,20,4,motorcycle,95,66,148,26,0.2736842105263158,26,0.17567567567567569,0.2736842105263158,0.2139917695473251,0.08120517637512764,0.18276579005852547,0.07056914470173158,0.1368421052631579,NEW_BENCH_P0_EVALUATION
R2,80,S_ADAPT,-1,20,5,bus,350,258,890,193,0.5514285714285714,193,0.21685393258426966,0.5514285714285714,0.31129032258064515,0.2847932427961287,0.35407063280356166,0.3264406477398265,0.4508571428571429,NEW_BENCH_P0_EVALUATION
R2,80,S_ADAPT,-1,20,6,train,6,5,122,0,0,0,0,0,0,0,0,0,0,NEW_BENCH_P0_EVALUATION
R2,80,S_ADAPT,-1,20,7,truck,889,540,4632,548,0.6164229471316085,548,0.11830742659758203,0.6164229471316085,0.1985147618185111,0.2233942631617267,0.3008807284200785,0.25088959927763294,0.4678290213723285,NEW_BENCH_P0_EVALUATION
R2,80,S_ADAPT,-1,20,8,traffic light,5158,1123,7455,2268,0.439705312136487,2267,0.30409121395036887,0.4395114385420706,0.35947038769523504,0.08864367124384709,0.25740368741197633,0.04530426481280425,0.182842186894145,NEW_BENCH_P0_EVALUATION
R2,80,S_ADAPT,-1,30,1,person,2771,631,5993,1823,0.6578852399855648,1822,0.3040213582512932,0.6575243594370264,0.41579187585577365,0.27335968586747744,0.5267401303412119,0.24319006852232258,0.3649224106820642,NEW_BENCH_P0_EVALUATION
R2,80,S_ADAPT,-1,30,2,bicycle,244,125,338,89,0.36475409836065575,85,0.2514792899408284,0.3483606557377049,0.2920962199312715,0.10702902204139846,0.2375155423317769,0.08393769226410196,0.18483606557377047,NEW_BENCH_P0_EVALUATION
R2,80,S_ADAPT,-1,30,3,car,20453,1988,31675,14198,0.6941768933652764,14168,0.44729281767955803,0.6927101158754218,0.543585021485574,0.36279179669262146,0.6033675649528822,0.3655132603317634,0.43279714467315306,NEW_BENCH_P0_EVALUATION
R2,80,S_ADAPT,-1,30,4,motorcycle,95,66,258,30,0.3157894736842105,30,0.11627906976744186,0.3157894736842105,0.16997167138810199,0.08494699764641679,0.18846942615591272,0.0736498870737659,0.1736842105263158,NEW_BENCH_P0_EVALUATION
R2,80,S_ADAPT,-1,30,5,bus,350,258,1400,219,0.6257142857142857,219,0.15642857142857142,0.6257142857142857,0.2502857142857143,0.2935822638147375,0.3676848595224285,0.3354779035071591,0.4991428571428571,NEW_BENCH_P0_EVALUATION
R2,80,S_ADAPT,-1,30,6,train,6,5,207,0,0,0,0,0,0,0,0,0,0,NEW_BENCH_P0_EVALUATION
R2,80,S_ADAPT,-1,30,7,truck,889,540,7423,627,0.7052868391451068,627,0.0844671965512596,0.7052868391451068,0.15086621751684315,0.22787798269197862,0.30986831595697867,0.2549117254172979,0.5186726659167604,NEW_BENCH_P0_EVALUATION
R2,80,S_ADAPT,-1,30,8,traffic light,5158,1123,12706,2651,0.5139588987979837,2650,0.20856288367700299,0.5137650252035673,0.2966860725481415,0.0940628211720057,0.277854385629973,0.04676350521195854,0.21110895696006202,NEW_BENCH_P0_EVALUATION
R2,80,S_ADAPT,-1,40,1,person,2771,631,8141,1855,0.6694334175387947,1854,0.22773615035007985,0.6690725369902563,0.3398093841642229,0.2746482852774347,0.5296323598860704,0.24318976309224716,0.37069649945867916,NEW_BENCH_P0_EVALUATION
R2,80,S_ADAPT,-1,40,2,bicycle,244,125,454,96,0.39344262295081966,92,0.2026431718061674,0.3770491803278688,0.2636103151862464,0.10977220917343866,0.24477636035886838,0.08496056215672504,0.20081967213114754,NEW_BENCH_P0_EVALUATION
R2,80,S_ADAPT,-1,40,3,car,20453,1988,40684,14846,0.7258592871461399,14818,0.3642218070986137,0.7244902948222754,0.4847473706593388,0.3671640692373961,0.6153646031345542,0.36809067365693304,0.44611548428103454,NEW_BENCH_P0_EVALUATION
R2,80,S_ADAPT,-1,40,4,motorcycle,95,66,394,31,0.3263157894736842,31,0.07868020304568528,0.3263157894736842,0.12678936605316973,0.08527331997490571,0.1893489748532127,0.0736498870737659,0.17789473684210527,NEW_BENCH_P0_EVALUATION
R2,80,S_ADAPT,-1,40,5,bus,350,258,1930,229,0.6542857142857142,229,0.11865284974093264,0.6542857142857142,0.20087719298245613,0.2956786164287181,0.3717946650095474,0.33917124358592016,0.5179999999999999,NEW_BENCH_P0_EVALUATION
R2,80,S_ADAPT,-1,40,6,train,6,5,367,0,0,0,0,0,0,0,0,0,0,NEW_BENCH_P0_EVALUATION
R2,80,S_ADAPT,-1,40,7,truck,889,540,10147,658,0.7401574803149606,658,0.06484675273479847,0.7401574803149606,0.11924610366074664,0.22963875088421581,0.31275037221172064,0.25668194446433246,0.5448818897637795,NEW_BENCH_P0_EVALUATION
R2,80,S_ADAPT,-1,40,8,traffic light,5158,1123,17883,2808,0.5443970531213649,2806,0.15690879606330035,0.5440093059325319,0.2435658174558396,0.09542541610135548,0.28332830507467216,0.04725093469527069,0.222276075998449,NEW_BENCH_P0_EVALUATION
R2,80,S_FIXED,-1,10,1,person,2771,631,1466,967,0.3489714904366655,967,0.6596180081855388,0.3489714904366655,0.4564550389426481,0.19069716018739202,0.3212186748962096,0.19288770369721914,0.22010104655359072,NEW_BENCH_P0_EVALUATION
R2,80,S_FIXED,-1,10,2,bicycle,244,125,60,37,0.15163934426229508,37,0.6166666666666667,0.15163934426229508,0.24342105263157898,0.0706879843134182,0.14207039873147675,0.06379075721632166,0.08565573770491804,NEW_BENCH_P0_EVALUATION
R2,80,S_FIXED,-1,10,3,car,20453,1988,13584,9896,0.4838410013200997,9888,0.7279151943462897,0.4834498606561385,0.581014778035667,0.30439215547870385,0.4612049669076562,0.32483867008835005,0.335090206815626,NEW_BENCH_P0_EVALUATION
R2,80,S_FIXED,-1,10,4,motorcycle,95,66,45,16,0.16842105263157894,16,0.35555555555555557,0.16842105263157894,0.22857142857142856,0.0682237482959673,0.14787910594550083,0.06767617938264416,0.08315789473684211,NEW_BENCH_P0_EVALUATION
R2,80,S_FIXED,-1,10,5,bus,350,258,381,127,0.3628571428571429,127,0.3333333333333333,0.3628571428571429,0.347469220246238,0.237319857618881,0.286915548254016,0.27097448293682386,0.3082857142857143,NEW_BENCH_P0_EVALUATION
R2,80,S_FIXED,-1,10,6,train,6,5,121,0,0,0,0,0,0,0,0,0,0,NEW_BENCH_P0_EVALUATION
R2,80,S_FIXED,-1,10,7,truck,889,540,1537,366,0.41169853768278963,366,0.23812621990891347,0.41169853768278963,0.3017312448474856,0.19398697186409336,0.2547527076567919,0.21823801462378759,0.3291338582677165,NEW_BENCH_P0_EVALUATION
R2,80,S_FIXED,-1,10,8,traffic light,5158,1123,2806,1085,0.21035284994183792,1085,0.3866714183891661,0.21035284994183792,0.2724761426418885,0.05685173522894546,0.15080046982182027,0.036218954546605966,0.0925164792555254,NEW_BENCH_P0_EVALUATION
R2,80,S_FIXED,-1,15,1,person,2771,631,2359,1267,0.4572356549981956,1267,0.5370919881305638,0.4572356549981956,0.4939571150097466,0.22985186100714544,0.41016684314631124,0.21975357174188215,0.2765788523998557,NEW_BENCH_P0_EVALUATION
R2,80,S_FIXED,-1,15,2,bicycle,244,125,104,53,0.21721311475409835,53,0.5096153846153846,0.21721311475409835,0.3045977011494253,0.08791168778890233,0.18903141599537238,0.0716498105184413,0.11270491803278689,NEW_BENCH_P0_EVALUATION
R2,80,S_FIXED,-1,15,3,car,20453,1988,18669,11682,0.5711631545494549,11671,0.6251539986073169,0.5706253361365081,0.596646388221461,0.3339477586098609,0.5315458856781675,0.34875229190950957,0.37778321028699946,NEW_BENCH_P0_EVALUATION
R2,80,S_FIXED,-1,15,4,motorcycle,95,66,87,20,0.21052631578947367,20,0.22988505747126436,0.21052631578947367,0.21978021978021975,0.07379992711919033,0.16399705111394697,0.06624336346678146,0.10421052631578946,NEW_BENCH_P0_EVALUATION
R2,80,S_FIXED,-1,15,5,bus,350,258,628,161,0.46,161,0.25636942675159236,0.46,0.3292433537832311,0.26416924862920155,0.32711169839974275,0.3026122687043014,0.3777142857142857,NEW_BENCH_P0_EVALUATION
R2,80,S_FIXED,-1,15,6,train,6,5,197,0,0,0,0,0,0,0,0,0,0,NEW_BENCH_P0_EVALUATION
R2,80,S_FIXED,-1,15,7,truck,889,540,2922,453,0.5095613048368954,453,0.15503080082135523,0.5095613048368954,0.23773287850957756,0.21208501441921707,0.28136855605792993,0.23805470065565465,0.39876265466816646,NEW_BENCH_P0_EVALUATION
R2,80,S_FIXED,-1,15,8,traffic light,5158,1123,5034,1631,0.31620783249321444,1631,0.3239968216130314,0.31620783249321444,0.3200549450549451,0.07343473436339659,0.20671535757888304,0.040551927621563934,0.13367584335013571,NEW_BENCH_P0_EVALUATION
R2,80,S_FIXED,-1,20,1,person,2771,631,3368,1471,0.5308552869000361,1471,0.43675771971496435,0.5308552869000361,0.47923114513764453,0.2504539223621089,0.4663169122214838,0.23197509793531917,0.3095994225911224,NEW_BENCH_P0_EVALUATION
R2,80,S_FIXED,-1,20,2,bicycle,244,125,158,60,0.2459016393442623,59,0.37341772151898733,0.24180327868852458,0.2935323383084577,0.09441843853228614,0.19917417338087784,0.07960663080283842,0.13319672131147542,NEW_BENCH_P0_EVALUATION
R2,80,S_FIXED,-1,20,3,car,20453,1988,23339,12729,0.622353688945387,12713,0.5447105702900724,0.6215714076174644,0.5806083302886371,0.3485224533015897,0.5654180168402181,0.35812660910969535,0.40075294577812554,NEW_BENCH_P0_EVALUATION
R2,80,S_FIXED,-1,20,4,motorcycle,95,66,135,24,0.25263157894736843,24,0.17777777777777778,0.25263157894736843,0.20869565217391303,0.07969018695549858,0.17955825696108077,0.0669872159629756,0.12315789473684209,NEW_BENCH_P0_EVALUATION
R2,80,S_FIXED,-1,20,5,bus,350,258,888,179,0.5114285714285715,179,0.20157657657657657,0.5114285714285715,0.28917609046849757,0.27679508747654663,0.34380524505773863,0.3180617359043967,0.41714285714285715,NEW_BENCH_P0_EVALUATION
R2,80,S_FIXED,-1,20,6,train,6,5,270,0,0,0,0,0,0,0,0,0,0,NEW_BENCH_P0_EVALUATION
R2,80,S_FIXED,-1,20,7,truck,889,540,4415,515,0.5793025871766029,515,0.11664779161947905,0.5793025871766029,0.1941930618401207,0.219436042152672,0.29421542833149894,0.24619433587110237,0.44206974128233967,NEW_BENCH_P0_EVALUATION
R2,80,S_FIXED,-1,20,8,traffic light,5158,1123,7427,1999,0.38755331523846454,1999,0.269153090076747,0.38755331523846454,0.31767977751291215,0.08266249729702392,0.2376418015092604,0.043953247599902975,0.1612640558355952,NEW_BENCH_P0_EVALUATION
R2,80,S_FIXED,-1,30,1,person,2771,631,5672,1682,0.6070010826416457,1681,0.29636812411847674,0.6066402020931072,0.39819969205258793,0.2660993489139649,0.5057174849429661,0.23901819905950789,0.3430530494406352,NEW_BENCH_P0_EVALUATION
R2,80,S_FIXED,-1,30,2,bicycle,244,125,278,75,0.3073770491803279,73,0.26258992805755393,0.29918032786885246,0.2796934865900383,0.10252709905216441,0.22186078621351024,0.08199311029054579,0.1627049180327869,NEW_BENCH_P0_EVALUATION
R2,80,S_FIXED,-1,30,3,car,20453,1988,32355,13942,0.6816603921185156,13916,0.43010353886570857,0.6803891849606415,0.5270413573700955,0.36007607542347136,0.597902288127612,0.36527154939502665,0.42693003471373386,NEW_BENCH_P0_EVALUATION
R2,80,S_FIXED,-1,30,4,motorcycle,95,66,254,27,0.28421052631578947,27,0.1062992125984252,0.28421052631578947,0.15472779369627507,0.08209627210962103,0.18449808619117428,0.07069258470370997,0.14210526315789473,NEW_BENCH_P0_EVALUATION
R2,80,S_FIXED,-1,30,5,bus,350,258,1407,208,0.5942857142857143,208,0.1478322672352523,0.5942857142857143,0.23676721684689808,0.2898732417230977,0.36231202940883545,0.3321045778714628,0.4797142857142857,NEW_BENCH_P0_EVALUATION
R2,80,S_FIXED,-1,30,6,train,6,5,437,0,0,0,0,0,0,0,0,0,0,NEW_BENCH_P0_EVALUATION
R2,80,S_FIXED,-1,30,7,truck,889,540,7309,591,0.6647919010123734,591,0.08085921466684909,0.6647919010123734,0.14418150768480117,0.22593799454997415,0.3060270842964857,0.2523838452715593,0.4961754780652418,NEW_BENCH_P0_EVALUATION
R2,80,S_FIXED,-1,30,8,traffic light,5158,1123,12288,2440,0.4730515703761148,2439,0.198486328125,0.4728576967816983,0.27960564026137796,0.09100543968515598,0.26713791566499656,0.04598503263651852,0.19534703373400542,NEW_BENCH_P0_EVALUATION
R2,80,S_FIXED,-1,40,1,person,2771,631,8175,1791,0.6463370624323349,1790,0.21896024464831804,0.6459761818837965,0.32706011328339124,0.2719031234950216,0.5224004717850897,0.24139360879389785,0.3604114038253338,NEW_BENCH_P0_EVALUATION
R2,80,S_FIXED,-1,40,2,bicycle,244,125,418,90,0.36885245901639346,86,0.20574162679425836,0.3524590163934426,0.2598187311178248,0.1081494882633701,0.240141335844098,0.0841412080720221,0.18770491803278688,NEW_BENCH_P0_EVALUATION
R2,80,S_FIXED,-1,40,3,car,20453,1988,41019,14633,0.715445166968171,14604,0.3560301323776786,0.7140272820613113,0.4751431546069755,0.36573560748655715,0.6111512710131347,0.3679515068427327,0.441524470737789,NEW_BENCH_P0_EVALUATION
R2,80,S_FIXED,-1,40,4,motorcycle,95,66,380,29,0.30526315789473685,29,0.07631578947368421,0.30526315789473685,0.12210526315789473,0.0844111249527763,0.18742696148680585,0.07309024080111133,0.16526315789473683,NEW_BENCH_P0_EVALUATION
R2,80,S_FIXED,-1,40,5,bus,350,258,1967,225,0.6428571428571429,225,0.11438739196746314,0.6428571428571429,0.19421665947345704,0.2951710943470421,0.3707289616716843,0.33838809124091407,0.5117142857142858,NEW_BENCH_P0_EVALUATION
R2,80,S_FIXED,-1,40,6,train,6,5,635,0,0,0,0,0,0,0,0,0,0,NEW_BENCH_P0_EVALUATION
R2,80,S_FIXED,-1,40,7,truck,889,540,10034,640,0.7199100112485939,640,0.06378313733306758,0.7199100112485939,0.11718392383044952,0.22849737464099504,0.3104663131239607,0.2553293087273313,0.53037120359955,NEW_BENCH_P0_EVALUATION
R2,80,S_FIXED,-1,40,8,traffic light,5158,1123,17372,2697,0.52287708414114,2696,0.15519226341238776,0.5226832105467235,0.23932534398579672,0.09418362371882284,0.2792444859087756,0.046764909768135236,0.2140946103140752,NEW_BENCH_P0_EVALUATION
