phase,sample_order,repeat_index,policy,group_size,profile_group_id,budget,elapsed_ms,amortized_ms_per_image,output_records,predicted_objective,selection_digest,boundary
MEASURED,0,2,S_ADAPT,40,4,15,7.9555,0.1988875,600,357.4904659241438,839a557cee47cb10ab8dc39dcd232a22009debf37251f70b8b4e213ffdf9185d,host-resident policy-required candidate/native tensors through K and record IDs
MEASURED,1,4,PS_PREFIX,40,8,15,36.4332,0.91083,600,129.68647219222416,a6a66af3ea97b2c8385b6847341925a67a22ad2aab7be69be6e1dfb9742c1d65,host-resident policy-required candidate/native tensors through K and record IDs
MEASURED,2,8,M11,10,12,15,35.7479,3.57479,150,16.37465772788938,14ea96c11e13c0bc275dcbc5b2486c2804e5e4a6598171a2e14a0132265ed1f9,host-resident policy-required candidate/native tensors through K and record IDs
MEASURED,3,1,M11,20,11,15,67.1603,3.3580150000000004,300,48.030932008467296,30b4e5de0fbb7e2aa340e0bdb3135519b2790229e464db84e7a9c18a7a66fee0,host-resident policy-required candidate/native tensors through K and record IDs
MEASURED,4,4,S_ADAPT,80,1,15,16.4319,0.20539875,1200,720.7490096539259,460b06f0cca8c27896a7bb2998727be28b6542ab13644610e46e969f99404e83,host-resident policy-required candidate/native tensors through K and record IDs
MEASURED,5,2,S_ADAPT,10,10,15,1.7551,0.17551,150,88.72464840114117,49438080232f14f8b2735d564a569fa52fd94f8e0227e6c57f483a5348c833b9,host-resident policy-required candidate/native tensors through K and record IDs
MEASURED,6,0,S_ADAPT,80,4,15,15.0353,0.18794125,1200,742.0682516694069,2847bf2d7a6745bab266a97e79a762c4bd59c38e6081441e6c45fc2666662e95,host-resident policy-required candidate/native tensors through K and record IDs
MEASURED,7,7,S_ADAPT,20,3,15,3.4436,0.17218,300,175.83587780594826,b7add291b958040013d1c54ecf1e1b5d35142f07e98e1133aab357ab95fc6afb,host-resident policy-required candidate/native tensors through K and record IDs
MEASURED,8,7,S_ADAPT,10,35,15,1.7178,0.17178,150,93.84776049852371,259456af28301e8722bffceba754a1eb49470e7c8d46e6da1e28b8ed1019e283,host-resident policy-required candidate/native tensors through K and record IDs
MEASURED,9,8,S_ADAPT,10,12,15,2.4431,0.24430999999999997,150,79.4385441839695,4cb9ade8a1ecd791cdfc3edd448f61f4357c2f8a09b37a3e695eb7276780f692,host-resident policy-required candidate/native tensors through K and record IDs
MEASURED,10,2,M11,20,15,15,75.7702,3.78851,300,53.62015403258539,f5464293150367869b010c8dc25054fcae519165125d05f918ad8aad9757d84f,host-resident policy-required candidate/native tensors through K and record IDs
MEASURED,11,6,M11,10,39,15,42.0603,4.20603,150,16.951124010819047,f8292fffa491defebfd973faf280ba5daba1457ada22919c9c7a9382a7fec958,host-resident policy-required candidate/native tensors through K and record IDs
MEASURED,12,0,M11,20,2,15,65.7196,3.28598,300,52.29641322977469,6e75345642d65635f8d90c2a6eb8d9e4d2c9b182d9c6640cbf69e4fe4ad3b470,host-resident policy-required candidate/native tensors through K and record IDs
MEASURED,13,3,M11,20,9,15,72.7434,3.63717,300,48.0363328234864,af0a76b7b3663d866a8246e193b43c1ea09ea44b2a85e26b91b7b5a669e67ff1,host-resident policy-required candidate/native tensors through K and record IDs
MEASURED,14,0,M11,40,2,15,156.2183,3.9054575,600,76.72862014182475,f493a602c5b529cbea5a89d5e1da092260904e75d3203719949276294972d8ba,host-resident policy-required candidate/native tensors through K and record IDs
MEASURED,15,5,S_ADAPT,20,4,15,4.8595,0.242975,300,184.21708604693413,430008d6ef03aa66aa7e0de7f35a73f2a09d2f61f249888e63b53386e5716eab,host-resident policy-required candidate/native tensors through K and record IDs
MEASURED,16,0,S_ADAPT,10,13,15,1.8283,0.18283,150,91.94036191701889,0022c38aa69ab2d483f75f5b6a7bb6fbbb92b2b7f8fc0a0f8d0d9cd2dff5e52c,host-resident policy-required candidate/native tensors through K and record IDs
MEASURED,17,0,PS_PREFIX,40,5,15,33.0465,0.8261625,600,127.49238484490243,8c40ab417b040e0e46fb044a1c2e0ee40d077b6ae813c94261510087b287ca73,host-resident policy-required candidate/native tensors through K and record IDs
MEASURED,18,6,M11,20,6,15,79.8772,3.99386,300,35.36299226184275,e01c56ec0c33cc9ea8008198bcdd7ea144c37125ac1f4ebf501d8af3e65fc8f6,host-resident policy-required candidate/native tensors through K and record IDs
MEASURED,19,7,PS_PREFIX,40,7,15,33.4313,0.8357825,600,139.56909272451816,c8668acd4a25aadaae404efbacb2081b163be4bdbdd68068b8c8385e35f09fba,host-resident policy-required candidate/native tensors through K and record IDs
MEASURED,20,1,S_ADAPT,20,18,15,4.3375,0.216875,300,190.75923946499825,9943bb03a04288346d696a368477d8765dfa5fdc07e97dccb195952aa4a2224b,host-resident policy-required candidate/native tensors through K and record IDs
MEASURED,21,5,M11,10,7,15,35.2846,3.52846,150,29.290368652591624,a0bf5ff2544802077833319a55ebfc0228ffc6295c0a36ccf4330521d4d52b50,host-resident policy-required candidate/native tensors through K and record IDs
MEASURED,22,5,S_ADAPT,10,9,15,2.1356,0.21356000000000003,150,93.62151077389717,31213095d47234f2a3235a4f7d173b37a550bee384e2a64fc6ff5c0e074af163,host-resident policy-required candidate/native tensors through K and record IDs
MEASURED,23,2,S_ADAPT,10,2,15,2.4006,0.24006,150,77.38685169816017,fffaa726d1f44bf95b34a7da4ee27d525fc95ad265f37fc9aaf76ff88708dbdf,host-resident policy-required candidate/native tensors through K and record IDs
MEASURED,24,5,S_ADAPT,10,20,15,1.5716,0.15716000000000002,150,93.08136415481567,108a6c663b0c87bbd5255eaa83503463deca0bfa81262151a6ea8c0c7a10f4b4,host-resident policy-required candidate/native tensors through K and record IDs
MEASURED,25,0,M11,10,31,15,43.4618,4.3461799999999995,150,28.14959604739981,1ef01f7403c93b775001f6bc6a3ecf53c99eb6a4b371221e89d0a6537bc7e1aa,host-resident policy-required candidate/native tensors through K and record IDs
MEASURED,26,3,M11,20,11,15,68.2066,3.4103299999999996,300,48.030932008467296,30b4e5de0fbb7e2aa340e0bdb3135519b2790229e464db84e7a9c18a7a66fee0,host-resident policy-required candidate/native tensors through K and record IDs
MEASURED,27,0,S_ADAPT,40,7,15,8.0883,0.2022075,600,372.0247602760792,d09af782d2c3797de2b3c0224992ac9da4f52783d9647b673f18904f78369f7c,host-resident policy-required candidate/native tensors through K and record IDs
MEASURED,28,9,S_ADAPT,10,24,15,2.323,0.2323,150,97.39093405008316,337a47697cc51c376e7d9faa5a9c174a2594f4732406a21a68c1b42c17f6031c,host-resident policy-required candidate/native tensors through K and record IDs
MEASURED,29,1,S_ADAPT,40,0,15,7.918,0.19795000000000001,600,346.133333414793,f63dfa3cc8990b2fec61a052139f406e450a18d572a83e1a17cc17a5196fadc3,host-resident policy-required candidate/native tensors through K and record IDs
MEASURED,30,5,S_ADAPT,80,3,15,15.2918,0.1911475,1200,756.5127590298653,6dfbebed79a0f8a694da26a367e4a0e19cdb2d3c3bfd7d290d3f9a0d31ab41ef,host-resident policy-required candidate/native tensors through K and record IDs
MEASURED,31,4,M11,20,16,15,67.282,3.3640999999999996,300,32.323463015008876,754a89b0a8d3a3f45e18f888d5a1c7d8226e6a9369c36a36ab485e66b5801ff9,host-resident policy-required candidate/native tensors through K and record IDs
MEASURED,32,4,M11,10,25,15,37.8064,3.7806399999999996,150,26.231556898880736,f2931a8953e8a6f26c721229173d5a7069ddd249b1124bc7d93388b1370ea65b,host-resident policy-required candidate/native tensors through K and record IDs
MEASURED,33,3,M11,20,1,15,74.4342,3.7217100000000003,300,44.61456836462459,4210b4d344004bb7a46c27c388968bfec906e410bf9be241a2e8a86435098478,host-resident policy-required candidate/native tensors through K and record IDs
MEASURED,34,8,M11,20,5,15,72.4797,3.623985,300,32.8827528544208,51aedba733815a8799c98f440436494e502769069fc6e4ace84f1e22e49b4c9d,host-resident policy-required candidate/native tensors through K and record IDs
MEASURED,35,3,S_ADAPT,20,19,15,4.1867,0.209335,300,181.42042163014412,d2a8d0341052e85c558a6e02225f565af9f743b75c5a8bbcf983bddc55dadf3f,host-resident policy-required candidate/native tensors through K and record IDs
MEASURED,36,2,S_ADAPT,10,6,15,1.5797,0.15797,150,83.11101797223091,14b6ffadf087eadf9248842fafc1e2b3639e9d941f92d44e2f0f8f4a6667ceed,host-resident policy-required candidate/native tensors through K and record IDs
MEASURED,37,7,M11,20,13,15,76.4849,3.824245,300,53.178126871200746,ff4dcc38c41e8d7539b6784f13e3afcf4a171936483bb2b9321ced527e20584c,host-resident policy-required candidate/native tensors through K and record IDs
MEASURED,38,5,S_ADAPT,10,8,15,4.4544,0.44543999999999995,150,90.46123763918877,fb4c6c44caeed443a70ed505a1fe6c3bee24c6999793d9971a050e8b90be88a7,host-resident policy-required candidate/native tensors through K and record IDs
MEASURED,39,8,M11,20,0,15,76.8251,3.8412550000000003,300,42.6693555309175,97acb517dee862285451aae0cdca71cafe34956ebbe3ed12d6745c63a612b4c4,host-resident policy-required candidate/native tensors through K and record IDs
MEASURED,40,3,PS_PREFIX,40,6,15,32.6728,0.8168200000000001,600,152.41315462537847,f1f9906a1162f6a90372952c110937bee2051c00c06c1aebf594b65869538213,host-resident policy-required candidate/native tensors through K and record IDs
MEASURED,41,4,M11,10,23,15,39.9335,3.9933500000000004,150,25.159577238042274,7f95fa52bca5e4d832e97038174784b0046e55c31098cc28f7853b05f41882fd,host-resident policy-required candidate/native tensors through K and record IDs
MEASURED,42,6,PS_CLASS_PREFIX,40,0,15,32.52,0.8130000000000001,600,130.16938011948838,fb34c668d01a0e0b5ea00b52268a4ecf9c97d79e0b5564c1d3625af190a46e89,host-resident policy-required candidate/native tensors through K and record IDs
MEASURED,43,5,S_ADAPT,40,7,15,7.4284,0.18571,600,372.0247602760792,d09af782d2c3797de2b3c0224992ac9da4f52783d9647b673f18904f78369f7c,host-resident policy-required candidate/native tensors through K and record IDs
MEASURED,44,9,M11,40,0,15,174.3743,4.3593575,600,87.34628145002588,d2b033b2651ab4e2a1356c23a5a229528d2b0501a5eaa2fd13ccf7923f400bee,host-resident policy-required candidate/native tensors through K and record IDs
MEASURED,45,3,M11,40,8,15,138.512,3.4628,600,101.83546079121663,3005e2d00690dc3edfa0db32d791d2480bfe9884a0c07b6149436beb0f521812,host-resident policy-required candidate/native tensors through K and record IDs
MEASURED,46,1,S_ADAPT,10,6,15,2.9516,0.29516,150,83.11101797223091,14b6ffadf087eadf9248842fafc1e2b3639e9d941f92d44e2f0f8f4a6667ceed,host-resident policy-required candidate/native tensors through K and record IDs
MEASURED,47,3,M11,10,5,15,53.8633,5.38633,150,31.88735032834503,f2b3d70fd6e63900033ac2a37fd9bc3665884f98bfc906e82fcf64a07e53ffd3,host-resident policy-required candidate/native tensors through K and record IDs
MEASURED,48,3,S_ADAPT,10,26,15,2.142,0.2142,150,93.75479540228844,a49c3f69d70ac2b2e1a5fb7d023b189413162e232a0ced484a975b458e15bd17,host-resident policy-required candidate/native tensors through K and record IDs
MEASURED,49,6,S_ADAPT,20,10,15,4.073,0.20365000000000003,300,174.93708074092865,7651aabe9f9fb19830624503217844347642eeb994744ea1c00f5699b0e31a42,host-resident policy-required candidate/native tensors through K and record IDs
MEASURED,50,6,S_ADAPT,20,11,15,3.7299,0.18649500000000002,300,188.01957547664642,95f172e3cece9be582c121d785782dab7d0f6adcda6e0cc9761a6e7f061a184a,host-resident policy-required candidate/native tensors through K and record IDs
MEASURED,51,2,PS_CLASS_PREFIX,40,0,15,37.2749,0.9318725000000001,600,130.16938011948838,fb34c668d01a0e0b5ea00b52268a4ecf9c97d79e0b5564c1d3625af190a46e89,host-resident policy-required candidate/native tensors through K and record IDs
MEASURED,52,8,PS_PREFIX,40,9,15,31.362,0.7840499999999999,600,133.1650085915075,35f7be185c894adaa6e579294f29804eaf169d3b0333feed6f9a56fb10c778ae,host-resident policy-required candidate/native tensors through K and record IDs
MEASURED,53,9,S_ADAPT,10,20,15,2.2243,0.22243,150,93.08136415481567,108a6c663b0c87bbd5255eaa83503463deca0bfa81262151a6ea8c0c7a10f4b4,host-resident policy-required candidate/native tensors through K and record IDs
MEASURED,54,8,PS_PREFIX,40,7,15,32.0638,0.8015950000000001,600,139.56909272451816,c8668acd4a25aadaae404efbacb2081b163be4bdbdd68068b8c8385e35f09fba,host-resident policy-required candidate/native tensors through K and record IDs
MEASURED,55,6,PS_CLASS_PREFIX,40,7,15,31.9165,0.7979125,600,176.6437419761645,c15b3de8b71d84c5d067b10c7a6c8bae032edfb4dc2d9017dead16aa8252896d,host-resident policy-required candidate/native tensors through K and record IDs
MEASURED,56,9,M11,20,4,15,68.0894,3.40447,300,43.35089701642879,353a00406c0aff04f58d483f9a350e5df74e43b0c43b000ebea4f8295db24f5c,host-resident policy-required candidate/native tensors through K and record IDs
MEASURED,57,1,S_ADAPT,10,26,15,3.2325,0.32325,150,93.75479540228844,a49c3f69d70ac2b2e1a5fb7d023b189413162e232a0ced484a975b458e15bd17,host-resident policy-required candidate/native tensors through K and record IDs
MEASURED,58,4,M11,10,27,15,50.3784,5.03784,150,25.2038274745462,0caeb4e5021bf8249c421927df9b24f0b78c1a940bda79a80a69d6fef3c0e326,host-resident policy-required candidate/native tensors through K and record IDs
MEASURED,59,8,M11,40,6,15,298.0596,7.45149,600,106.38732863045063,084ec29426edbb4bc589984319a3d3c39e0b4c8656ec0a75c002b686a2ae678b,host-resident policy-required candidate/native tensors through K and record IDs
MEASURED,60,9,M11,10,21,15,36.3362,3.6336199999999996,150,19.391039300255603,24be28c85e8c6e37273698233a1de1159223266e88ba59c844a4c09f91888603,host-resident policy-required candidate/native tensors through K and record IDs
MEASURED,61,8,S_ADAPT,40,0,15,7.762,0.19405,600,346.133333414793,f63dfa3cc8990b2fec61a052139f406e450a18d572a83e1a17cc17a5196fadc3,host-resident policy-required candidate/native tensors through K and record IDs
MEASURED,62,8,M11,20,6,15,69.7451,3.4872549999999998,300,35.36299226184275,e01c56ec0c33cc9ea8008198bcdd7ea144c37125ac1f4ebf501d8af3e65fc8f6,host-resident policy-required candidate/native tensors through K and record IDs
MEASURED,63,5,S_ADAPT,10,19,15,2.3643,0.23643,150,88.98211605846882,a6186614914bb49974ebde1b2f58ca612df1a4b866994eb81ad086ea942550cd,host-resident policy-required candidate/native tensors through K and record IDs
MEASURED,64,8,S_ADAPT,80,1,15,16.593,0.2074125,1200,720.7490096539259,460b06f0cca8c27896a7bb2998727be28b6542ab13644610e46e969f99404e83,host-resident policy-required candidate/native tensors through K and record IDs
MEASURED,65,9,S_ADAPT,10,1,15,2.0465,0.20465,150,83.80123445391655,8bc628d7a36ab8f0c4806099c4301fc777a09774d3acbfe40efc3bb881f9c9a4,host-resident policy-required candidate/native tensors through K and record IDs
MEASURED,66,5,M11,10,35,15,34.491,3.4491,150,28.652045915812113,2a04a68c47a5e28608456e69f8c9870a90b4685af49dc55310e088d1062c5b09,host-resident policy-required candidate/native tensors through K and record IDs
MEASURED,67,3,M11,10,12,15,35.5955,3.55955,150,16.37465772788938,14ea96c11e13c0bc275dcbc5b2486c2804e5e4a6598171a2e14a0132265ed1f9,host-resident policy-required candidate/native tensors through K and record IDs
MEASURED,68,1,S_ADAPT,10,22,15,2.0053,0.20053,150,88.1693175137043,67e5d17d0da4c747afa8006e9b015272608f2b38ff4544ecabbb55ba6ec9706b,host-resident policy-required candidate/native tensors through K and record IDs
MEASURED,69,0,S_ADAPT,20,16,15,4.4162,0.22081,300,171.95357298851013,0413a525608264d6682373cc476d4abe88a2de0eace100120713b830d5fedda3,host-resident policy-required candidate/native tensors through K and record IDs
MEASURED,70,0,M11,40,1,15,145.1842,3.629605,600,100.49787166982753,6e4e6a2228e9ac61dc332c40a82be24c97b7b6c6e7333ea0fc55297c077ec059,host-resident policy-required candidate/native tensors through K and record IDs
MEASURED,71,5,S_ADAPT,40,3,15,7.7958,0.19489499999999998,600,361.8156100809574,0542c6bf14ccb68f678573ad0458bd5e3bb5998b0478644ed2a56fb2585c5696,host-resident policy-required candidate/native tensors through K and record IDs
MEASURED,72,1,M11,20,9,15,90.3291,4.516455,300,48.0363328234864,af0a76b7b3663d866a8246e193b43c1ea09ea44b2a85e26b91b7b5a669e67ff1,host-resident policy-required candidate/native tensors through K and record IDs
MEASURED,73,5,PS_PREFIX,40,7,15,32.2715,0.8067875000000001,600,139.56909272451816,c8668acd4a25aadaae404efbacb2081b163be4bdbdd68068b8c8385e35f09fba,host-resident policy-required candidate/native tensors through K and record IDs
MEASURED,74,1,M11,10,1,15,35.3422,3.53422,150,15.639920970241969,a6167b0584cd1caf9bbbc3793064ca384bfab11be6cf182c31291d62eb27f0e3,host-resident policy-required candidate/native tensors through K and record IDs
MEASURED,75,5,S_ADAPT,20,10,15,3.8967,0.194835,300,174.93708074092865,7651aabe9f9fb19830624503217844347642eeb994744ea1c00f5699b0e31a42,host-resident policy-required candidate/native tensors through K and record IDs
MEASURED,76,7,S_ADAPT,10,30,15,2.5339,0.25339,150,86.29994821548462,6a2bcc07a6916c90ab195a5e9f9e672307c4dc738c4a297b23a4c71d77a07b13,host-resident policy-required candidate/native tensors through K and record IDs
MEASURED,77,4,S_ADAPT,40,6,15,8.0502,0.20125500000000002,600,384.2117875814438,0313f50eb82a82acc8ad078ac418b19e4bfe509846ee3194d96f2ddea779d7f3,host-resident policy-required candidate/native tensors through K and record IDs
MEASURED,78,8,M11,20,8,15,67.5715,3.378575,300,31.143478747168153,151120f08c6b964450162291b3ddfd65d33a97667c936302f839e2b5b47be5d3,host-resident policy-required candidate/native tensors through K and record IDs
MEASURED,79,1,M11,20,15,15,77.194,3.8597,300,53.62015403258539,f5464293150367869b010c8dc25054fcae519165125d05f918ad8aad9757d84f,host-resident policy-required candidate/native tensors through K and record IDs
MEASURED,80,2,PS_PREFIX,40,9,15,38.6153,0.9653824999999999,600,133.1650085915075,35f7be185c894adaa6e579294f29804eaf169d3b0333feed6f9a56fb10c778ae,host-resident policy-required candidate/native tensors through K and record IDs
MEASURED,81,7,S_ADAPT,20,5,15,4.1101,0.205505,300,173.78133611381054,85772d383eb58f6a1364ceb4129e413a1814f5b3a73c05e0a9e8b0ef52c9d03a,host-resident policy-required candidate/native tensors through K and record IDs
MEASURED,82,0,S_ADAPT,20,1,15,3.3135,0.165675,300,169.44759967923164,328992b110282c5d5fbb1025e516d36544d129a0e4d3365e777e272e61aa0ee2,host-resident policy-required candidate/native tensors through K and record IDs
MEASURED,83,6,S_ADAPT,10,2,15,2.4596,0.24596,150,77.38685169816017,fffaa726d1f44bf95b34a7da4ee27d525fc95ad265f37fc9aaf76ff88708dbdf,host-resident policy-required candidate/native tensors through K and record IDs
MEASURED,84,2,PS_PREFIX,40,2,15,33.7303,0.8432575,600,121.97137202956543,439b1b51601a6b056353aac980b410cbc77e6ca140f546e33f0f6cfde9983171,host-resident policy-required candidate/native tensors through K and record IDs
MEASURED,85,5,PS_CLASS_PREFIX,40,2,15,32.5227,0.8130675,600,128.98713551520905,b2ca958d49cd3684194ceb29401cda4f922ccbc792bcfc13c46f0ae8d7a68bc1,host-resident policy-required candidate/native tensors through K and record IDs
MEASURED,86,2,S_ADAPT,10,8,15,2.6851,0.26850999999999997,150,90.46123763918877,fb4c6c44caeed443a70ed505a1fe6c3bee24c6999793d9971a050e8b90be88a7,host-resident policy-required candidate/native tensors through K and record IDs
MEASURED,87,6,S_ADAPT,10,32,15,1.6743,0.16743,150,84.3570699095726,bc2705adeadcf53617255a515770baf78df23bbdf3f7a1926b475e5a3b9a315e,host-resident policy-required candidate/native tensors through K and record IDs
MEASURED,88,0,PS_CLASS_PREFIX,40,9,15,32.774,0.81935,600,158.93148233881382,9c1b4b32ae3e9a3dd1ced8b0edf0ea16ead468391bb51074beedb146b5a2a19b,host-resident policy-required candidate/native tensors through K and record IDs
MEASURED,89,7,S_ADAPT,10,33,15,2.5883,0.25883,150,87.52090319991112,f2796b356f074f2c333c7c58546a275ba31e8861209d146c6cbb7890e215e668,host-resident policy-required candidate/native tensors through K and record IDs
MEASURED,90,2,M11,40,1,15,162.4033,4.0600825,600,100.49787166982753,6e4e6a2228e9ac61dc332c40a82be24c97b7b6c6e7333ea0fc55297c077ec059,host-resident policy-required candidate/native tensors through K and record IDs
MEASURED,91,6,S_ADAPT,20,8,15,4.2526,0.21263,300,172.9979220032692,2fab67c83ab727498aedc2ef30f4b85db6eebf39cbeca91683e5a78d43b9788a,host-resident policy-required candidate/native tensors through K and record IDs
MEASURED,92,6,M11,10,25,15,36.0751,3.60751,150,26.231556898880736,f2931a8953e8a6f26c721229173d5a7069ddd249b1124bc7d93388b1370ea65b,host-resident policy-required candidate/native tensors through K and record IDs
MEASURED,93,6,S_ADAPT,10,6,15,2.2137,0.22136999999999998,150,83.11101797223091,14b6ffadf087eadf9248842fafc1e2b3639e9d941f92d44e2f0f8f4a6667ceed,host-resident policy-required candidate/native tensors through K and record IDs
MEASURED,94,8,M11,10,9,15,39.2331,3.92331,150,21.002915189186872,5b84dd7c8d19b04fce83a753963756380a4082ef59f9f58d68999cb8457ea874,host-resident policy-required candidate/native tensors through K and record IDs
MEASURED,95,8,S_ADAPT,40,7,15,8.3758,0.209395,600,372.0247602760792,d09af782d2c3797de2b3c0224992ac9da4f52783d9647b673f18904f78369f7c,host-resident policy-required candidate/native tensors through K and record IDs
MEASURED,96,1,PS_PREFIX,40,3,15,31.7843,0.7946075,600,131.29255908504786,87a0ababb25e82e466c40f023339543ad7e7ebac30275b36935e564c1448d58c,host-resident policy-required candidate/native tensors through K and record IDs
MEASURED,97,0,M11,40,4,15,135.2254,3.3806350000000003,600,80.25632750905966,e4ac157065f3c4fc5922b7d6cf89648e75dde751385fff9e54a17c3b85ace92f,host-resident policy-required candidate/native tensors through K and record IDs
MEASURED,98,3,S_ADAPT,40,5,15,8.4887,0.2122175,600,363.2874115407467,90b5c4759fec413080b0de4942d35e72fdbb168f834d447bfe187be6a6f54823,host-resident policy-required candidate/native tensors through K and record IDs
MEASURED,99,0,PS_CLASS_PREFIX,40,7,15,30.9623,0.7740575,600,176.6437419761645,c15b3de8b71d84c5d067b10c7a6c8bae032edfb4dc2d9017dead16aa8252896d,host-resident policy-required candidate/native tensors through K and record IDs
MEASURED,100,6,M11,10,33,15,35.6114,3.5611400000000004,150,14.856807958208437,4e9ea27c72edd34a27c147cd71491488a3951f2ad899e4c4ecbf6dd8614f9921,host-resident policy-required candidate/native tensors through K and record IDs
MEASURED,101,0,S_ADAPT,10,31,15,2.0254,0.20254,150,95.79967814683914,655fb7d71f962b6f3d3f0279e5b0bd759a8785e22dfab91cec663110035b2db3,host-resident policy-required candidate/native tensors through K and record IDs
MEASURED,102,9,S_ADAPT,10,12,15,1.6947,0.16947,150,79.4385441839695,4cb9ade8a1ecd791cdfc3edd448f61f4357c2f8a09b37a3e695eb7276780f692,host-resident policy-required candidate/native tensors through K and record IDs
MEASURED,103,0,M11,10,36,15,38.14,3.814,150,37.17367167113842,af07fd8f72ab16254e7848ddcde7a13460d26ff43825688cacb2fe88b7e99742,host-resident policy-required candidate/native tensors through K and record IDs
MEASURED,104,1,M11,20,16,15,70.7362,3.53681,300,32.323463015008876,754a89b0a8d3a3f45e18f888d5a1c7d8226e6a9369c36a36ab485e66b5801ff9,host-resident policy-required candidate/native tensors through K and record IDs
MEASURED,105,9,S_ADAPT,10,16,15,3.0141,0.30141,150,85.57529371976852,ec6e6a2e64d42902a7fd24471a752df9a30fdc1be95dce1e7b1b47964581c884,host-resident policy-required candidate/native tensors through K and record IDs
MEASURED,106,6,M11,40,8,15,133.44,3.336,600,101.83546079121663,3005e2d00690dc3edfa0db32d791d2480bfe9884a0c07b6149436beb0f521812,host-resident policy-required candidate/native tensors through K and record IDs
MEASURED,107,8,M11,20,1,15,70.8448,3.5422400000000005,300,44.61456836462459,4210b4d344004bb7a46c27c388968bfec906e410bf9be241a2e8a86435098478,host-resident policy-required candidate/native tensors through K and record IDs
MEASURED,108,4,M11,10,5,15,35.91,3.5909999999999997,150,31.88735032834503,f2b3d70fd6e63900033ac2a37fd9bc3665884f98bfc906e82fcf64a07e53ffd3,host-resident policy-required candidate/native tensors through K and record IDs
MEASURED,109,9,S_ADAPT,10,21,15,2.7011,0.27010999999999996,150,81.6864028275013,875bc59820bf3ec61007014dfe4dafb1ebfb2b83de7164d930a0d7fdb558ec74,host-resident policy-required candidate/native tensors through K and record IDs
MEASURED,110,3,PS_PREFIX,40,5,15,32.269,0.8067249999999999,600,127.49238484490243,8c40ab417b040e0e46fb044a1c2e0ee40d077b6ae813c94261510087b287ca73,host-resident policy-required candidate/native tensors through K and record IDs
MEASURED,111,3,M11,10,15,15,34.8361,3.48361,150,21.217235383089072,9c158fa53ac9903841c2bd7c092da38409b969d8fc7b9f3ab2126a73ee94eaab,host-resident policy-required candidate/native tensors through K and record IDs
MEASURED,112,0,S_ADAPT,80,3,15,15.4704,0.19338,1200,756.5127590298653,6dfbebed79a0f8a694da26a367e4a0e19cdb2d3c3bfd7d290d3f9a0d31ab41ef,host-resident policy-required candidate/native tensors through K and record IDs
MEASURED,113,7,S_ADAPT,10,37,15,2.1572,0.21572,150,89.95280921459198,61f50d47496545d626d09b1cee5cf90bcfa80d32f018a81163d1362d5c153ccb,host-resident policy-required candidate/native tensors through K and record IDs
MEASURED,114,6,M11,10,19,15,36.1607,3.6160699999999997,150,19.03600186740192,813fcaac85152beb003ece4060805f5d357a58de21b20317370050fa5aee3d32,host-resident policy-required candidate/native tensors through K and record IDs
MEASURED,115,5,PS_CLASS_PREFIX,40,8,15,32.3504,0.80876,600,156.68734884716974,0f53082e7511278a02bb1d039a5a2b9d8028d858f5124122f4aec20f084176d2,host-resident policy-required candidate/native tensors through K and record IDs
MEASURED,116,1,M11,10,11,15,44.7046,4.47046,150,14.111305804048172,c555e624ad62a39791fb76a5dae738f0c691be039982b2f3936f7d63ebbf145c,host-resident policy-required candidate/native tensors through K and record IDs
MEASURED,117,8,S_ADAPT,20,3,15,4.5205,0.226025,300,175.83587780594826,b7add291b958040013d1c54ecf1e1b5d35142f07e98e1133aab357ab95fc6afb,host-resident policy-required candidate/native tensors through K and record IDs
MEASURED,118,9,S_ADAPT,10,17,15,1.7947,0.17947,150,87.33095359802246,d04cb5a522045cf7f3fdc6943edd2c7e9601b850ce308760415590c048ab3f8a,host-resident policy-required candidate/native tensors through K and record IDs
MEASURED,119,0,M11,20,17,15,69.4941,3.474705,300,66.64971844791594,acdacd51340f2fb4953ed00ec1990916249d11b97e105be63ff9749f6f4b3505,host-resident policy-required candidate/native tensors through K and record IDs
MEASURED,120,7,M11,80,2,15,295.3745,3.69218125,1200,171.91242156372655,ad35d60f61bce5e6fa58f2019a8594e4a9302c14183036c8feb6e7ec3ed3cc37,host-resident policy-required candidate/native tensors through K and record IDs
MEASURED,121,3,M11,20,3,15,69.1943,3.459715,300,48.19475735069779,904ce76aa951a7d08d5390631854e4f69a2e4bf5fbc7c925bbd8139d0e26ea27,host-resident policy-required candidate/native tensors through K and record IDs
MEASURED,122,8,S_ADAPT,20,16,15,3.873,0.19365000000000002,300,171.95357298851013,0413a525608264d6682373cc476d4abe88a2de0eace100120713b830d5fedda3,host-resident policy-required candidate/native tensors through K and record IDs
MEASURED,123,6,PS_CLASS_PREFIX,40,5,15,32.1067,0.8026674999999999,600,138.6275444463038,fb8bb5bb515a229c7594a7e9d62736d457014c2c8f1e5e9d28b58c8284dc82c5,host-resident policy-required candidate/native tensors through K and record IDs
MEASURED,124,5,S_ADAPT,10,25,15,3.279,0.32789999999999997,150,95.17271280288696,0a55948be63cad5aa065bd07c7aaf05bd2b2a1b3b6142d4f6f72d042d2f37161,host-resident policy-required candidate/native tensors through K and record IDs
MEASURED,125,2,M11,20,7,15,73.5727,3.678635,300,52.487763568033394,35592b264e37d6c83f19e03b8edf2d92bf9bfdc9a912a72212c624b6de8aae9b,host-resident policy-required candidate/native tensors through K and record IDs
MEASURED,126,0,S_ADAPT,10,2,15,2.4705,0.24705,150,77.38685169816017,fffaa726d1f44bf95b34a7da4ee27d525fc95ad265f37fc9aaf76ff88708dbdf,host-resident policy-required candidate/native tensors through K and record IDs
MEASURED,127,4,S_ADAPT,10,10,15,1.6856,0.16856,150,88.72464840114117,49438080232f14f8b2735d564a569fa52fd94f8e0227e6c57f483a5348c833b9,host-resident policy-required candidate/native tensors through K and record IDs
MEASURED,128,9,S_ADAPT,20,16,15,3.5825,0.179125,300,171.95357298851013,0413a525608264d6682373cc476d4abe88a2de0eace100120713b830d5fedda3,host-resident policy-required candidate/native tensors through K and record IDs
MEASURED,129,1,S_ADAPT,10,10,15,1.8493,0.18492999999999998,150,88.72464840114117,49438080232f14f8b2735d564a569fa52fd94f8e0227e6c57f483a5348c833b9,host-resident policy-required candidate/native tensors through K and record IDs
MEASURED,130,3,S_ADAPT,20,4,15,3.2077,0.160385,300,184.21708604693413,430008d6ef03aa66aa7e0de7f35a73f2a09d2f61f249888e63b53386e5716eab,host-resident policy-required candidate/native tensors through K and record IDs
MEASURED,131,0,M11,20,1,15,67.7175,3.385875,300,44.61456836462459,4210b4d344004bb7a46c27c388968bfec906e410bf9be241a2e8a86435098478,host-resident policy-required candidate/native tensors through K and record IDs
MEASURED,132,0,M11,80,2,15,283.2097,3.54012125,1200,171.91242156372655,ad35d60f61bce5e6fa58f2019a8594e4a9302c14183036c8feb6e7ec3ed3cc37,host-resident policy-required candidate/native tensors through K and record IDs
MEASURED,133,8,M11,10,28,15,35.5307,3.5530700000000004,150,25.697506673429988,b1cd5d6d9f58312eb06276086b11a582b1d85fb019eb51a2481927db081d6151,host-resident policy-required candidate/native tensors through K and record IDs
MEASURED,134,2,M11,40,5,15,135.9017,3.3975425,600,91.57735939191721,ee75096d5e0dcb12073b4cc3f52f113a9985e4bc1c6088eebd419d39697f3ef3,host-resident policy-required candidate/native tensors through K and record IDs
MEASURED,135,2,S_ADAPT,20,11,15,4.3756,0.21878000000000003,300,188.01957547664642,95f172e3cece9be582c121d785782dab7d0f6adcda6e0cc9761a6e7f061a184a,host-resident policy-required candidate/native tensors through K and record IDs
MEASURED,136,4,M11,20,0,15,73.2017,3.660085,300,42.6693555309175,97acb517dee862285451aae0cdca71cafe34956ebbe3ed12d6745c63a612b4c4,host-resident policy-required candidate/native tensors through K and record IDs
MEASURED,137,0,S_ADAPT,40,5,15,9.349,0.23372500000000002,600,363.2874115407467,90b5c4759fec413080b0de4942d35e72fdbb168f834d447bfe187be6a6f54823,host-resident policy-required candidate/native tensors through K and record IDs
MEASURED,138,2,PS_CLASS_PREFIX,40,5,15,33.4516,0.83629,600,138.6275444463038,fb8bb5bb515a229c7594a7e9d62736d457014c2c8f1e5e9d28b58c8284dc82c5,host-resident policy-required candidate/native tensors through K and record IDs
MEASURED,139,3,S_ADAPT,20,15,15,4.9114,0.24557,300,182.23617509007454,d344c6a46bef99197b349ab1040136022cdf9cb3e6e992c2c89395647e42953a,host-resident policy-required candidate/native tensors through K and record IDs
MEASURED,140,9,S_ADAPT,10,7,15,2.0328,0.20328,150,92.19294717907906,9db0c19f8478631d98a798e33ddc6a186e2906f32bf9649324d03a77a9ff56ad,host-resident policy-required candidate/native tensors through K and record IDs
MEASURED,141,6,PS_CLASS_PREFIX,40,3,15,34.8591,0.8714774999999999,600,134.09956403258127,cd8b1fc30473b536e0a51170e86da6ea1bf952271ba4f251822a17d8e610bffa,host-resident policy-required candidate/native tensors through K and record IDs
MEASURED,142,6,S_ADAPT,80,1,15,15.8132,0.197665,1200,720.7490096539259,460b06f0cca8c27896a7bb2998727be28b6542ab13644610e46e969f99404e83,host-resident policy-required candidate/native tensors through K and record IDs
MEASURED,143,8,PS_CLASS_PREFIX,40,0,15,33.0512,0.82628,600,130.16938011948838,fb34c668d01a0e0b5ea00b52268a4ecf9c97d79e0b5564c1d3625af190a46e89,host-resident policy-required candidate/native tensors through K and record IDs
MEASURED,144,4,M11,20,10,15,69.3684,3.4684199999999996,300,43.12068280381245,e29a101e9ef7200cf9362006b96a03eedb0f7f73034602e3c8ef07bf9e8646fb,host-resident policy-required candidate/native tensors through K and record IDs
MEASURED,145,1,M11,40,7,15,137.9156,3.44789,600,122.55891236166077,8852e1ab47e649c5cde968f8336074564feee1c3c32a859e528486249f98ce75,host-resident policy-required candidate/native tensors through K and record IDs
MEASURED,146,2,M11,10,28,15,36.0046,3.6004600000000004,150,25.697506673429988,b1cd5d6d9f58312eb06276086b11a582b1d85fb019eb51a2481927db081d6151,host-resident policy-required candidate/native tensors through K and record IDs
MEASURED,147,8,M11,10,33,15,38.5187,3.8518700000000003,150,14.856807958208437,4e9ea27c72edd34a27c147cd71491488a3951f2ad899e4c4ecbf6dd8614f9921,host-resident policy-required candidate/native tensors through K and record IDs
MEASURED,148,0,M11,10,21,15,35.7674,3.57674,150,19.391039300255603,24be28c85e8c6e37273698233a1de1159223266e88ba59c844a4c09f91888603,host-resident policy-required candidate/native tensors through K and record IDs
MEASURED,149,2,S_ADAPT,20,18,15,3.9611,0.198055,300,190.75923946499825,9943bb03a04288346d696a368477d8765dfa5fdc07e97dccb195952aa4a2224b,host-resident policy-required candidate/native tensors through K and record IDs
MEASURED,150,6,M11,20,11,15,71.5333,3.5766649999999998,300,48.030932008467296,30b4e5de0fbb7e2aa340e0bdb3135519b2790229e464db84e7a9c18a7a66fee0,host-resident policy-required candidate/native tensors through K and record IDs
MEASURED,151,7,S_ADAPT,20,1,15,3.6817,0.184085,300,169.44759967923164,328992b110282c5d5fbb1025e516d36544d129a0e4d3365e777e272e61aa0ee2,host-resident policy-required candidate/native tensors through K and record IDs
MEASURED,152,1,S_ADAPT,20,13,15,3.7951,0.189755,300,191.62258660793304,ca5311c84dbe2d201ef36df5a6a9e2937f094a68355fd12a664c6cae594d02de,host-resident policy-required candidate/native tensors through K and record IDs
MEASURED,153,4,S_ADAPT,10,24,15,1.5876,0.15875999999999998,150,97.39093405008316,337a47697cc51c376e7d9faa5a9c174a2594f4732406a21a68c1b42c17f6031c,host-resident policy-required candidate/native tensors through K and record IDs
MEASURED,154,1,S_ADAPT,10,37,15,1.544,0.1544,150,89.95280921459198,61f50d47496545d626d09b1cee5cf90bcfa80d32f018a81163d1362d5c153ccb,host-resident policy-required candidate/native tensors through K and record IDs
MEASURED,155,2,S_ADAPT,20,12,15,3.5597,0.177985,300,192.58604577183723,48bab893476e3db929878747484bcaff543c71f85eaf2cc23839660e08a18c65,host-resident policy-required candidate/native tensors through K and record IDs
MEASURED,156,1,M11,40,6,15,157.0884,3.92721,600,106.38732863045063,084ec29426edbb4bc589984319a3d3c39e0b4c8656ec0a75c002b686a2ae678b,host-resident policy-required candidate/native tensors through K and record IDs
MEASURED,157,3,M11,10,38,15,35.3925,3.53925,150,28.265318614095065,9673cc63050c1b0ae539c7b50e56ba3ba36818223218860fade220efb620d3c1,host-resident policy-required candidate/native tensors through K and record IDs
MEASURED,158,2,PS_CLASS_PREFIX,40,3,15,31.4143,0.7853575,600,134.09956403258127,cd8b1fc30473b536e0a51170e86da6ea1bf952271ba4f251822a17d8e610bffa,host-resident policy-required candidate/native tensors through K and record IDs
MEASURED,159,3,PS_PREFIX,40,4,15,31.7307,0.7932675,600,121.89298869800506,8a9d6c5f76391e5232fb3022e83d2ed562562b06350087da08cad75771128dfa,host-resident policy-required candidate/native tensors through K and record IDs
MEASURED,160,2,M11,80,3,15,275.5975,3.44496875,1200,228.94783105296457,339497a7ed63cf23eeb2eecefc387321b05b0cbcdfd8af43db69e6cf43fc2acc,host-resident policy-required candidate/native tensors through K and record IDs
MEASURED,161,7,M11,10,4,15,32.9259,3.2925899999999997,150,19.905806943695485,ddf9a32023a62c11817476a1754416f40705f42ee210c9c1047a01f08b76d452,host-resident policy-required candidate/native tensors through K and record IDs
MEASURED,162,1,S_ADAPT,10,19,15,1.9503,0.19502999999999998,150,88.98211605846882,a6186614914bb49974ebde1b2f58ca612df1a4b866994eb81ad086ea942550cd,host-resident policy-required candidate/native tensors through K and record IDs
MEASURED,163,3,M11,80,1,15,280.9437,3.5117962499999997,1200,165.54806241090245,cdf3874635e25030f79900c3af192298261eb99ea545dd29943346d76f0e9fb0,host-resident policy-required candidate/native tensors through K and record IDs
MEASURED,164,1,S_ADAPT,10,14,15,2.3369,0.23369,150,95.96669745445251,4df7ae3c5880b8b938af66ea71a55e9fcfb1e5fb009b71e57cc2cecef5a9507b,host-resident policy-required candidate/native tensors through K and record IDs
MEASURED,165,2,S_ADAPT,10,4,15,2.6649,0.26649,150,85.6570528447628,cf9a5c21d22486096e3b3383b942942bdb7bb2e01393549e670f3bace962d2ac,host-resident policy-required candidate/native tensors through K and record IDs
MEASURED,166,0,S_ADAPT,10,32,15,1.6968,0.16968,150,84.3570699095726,bc2705adeadcf53617255a515770baf78df23bbdf3f7a1926b475e5a3b9a315e,host-resident policy-required candidate/native tensors through K and record IDs
MEASURED,167,3,M11,40,2,15,135.3831,3.3845775000000002,600,76.72862014182475,f493a602c5b529cbea5a89d5e1da092260904e75d3203719949276294972d8ba,host-resident policy-required candidate/native tensors through K and record IDs
MEASURED,168,7,M11,10,0,15,56.4072,5.64072,150,26.568549553934723,f18086c6e46f391d4ac1957764deeae035db13225b77a1c26eb1a9e259e9bc61,host-resident policy-required candidate/native tensors through K and record IDs
MEASURED,169,4,M11,40,9,15,146.3647,3.6591175,600,109.87011401524518,56e8c7cb8833accc60f092b98c038b8a15197fe9d44b536baff62431b12964dd,host-resident policy-required candidate/native tensors through K and record IDs
MEASURED,170,6,PS_PREFIX,40,1,15,35.2707,0.8817674999999999,600,127.26903411831033,d283dab96a20f1aa11d8b1b2087f6ccb545114ca40ca1c3b3e848dc90f7ecbf1,host-resident policy-required candidate/native tensors through K and record IDs
MEASURED,171,4,PS_PREFIX,40,0,15,32.3108,0.80777,600,115.69744959412655,db5a6cd9d2c6bf511a20f75200f68b37ecf9114b1471e6fd76c46c4d3c9ffe1d,host-resident policy-required candidate/native tensors through K and record IDs
MEASURED,172,0,S_ADAPT,10,1,15,3.2911,0.32911,150,83.80123445391655,8bc628d7a36ab8f0c4806099c4301fc777a09774d3acbfe40efc3bb881f9c9a4,host-resident policy-required candidate/native tensors through K and record IDs
MEASURED,173,1,S_ADAPT,10,12,15,2.7066,0.27066,150,79.4385441839695,4cb9ade8a1ecd791cdfc3edd448f61f4357c2f8a09b37a3e695eb7276780f692,host-resident policy-required candidate/native tensors through K and record IDs
MEASURED,174,8,PS_CLASS_PREFIX,40,3,15,32.6982,0.817455,600,134.09956403258127,cd8b1fc30473b536e0a51170e86da6ea1bf952271ba4f251822a17d8e610bffa,host-resident policy-required candidate/native tensors through K and record IDs
MEASURED,175,0,S_ADAPT,20,8,15,4.0898,0.20449,300,172.9979220032692,2fab67c83ab727498aedc2ef30f4b85db6eebf39cbeca91683e5a78d43b9788a,host-resident policy-required candidate/native tensors through K and record IDs
MEASURED,176,4,S_ADAPT,20,8,15,3.8236,0.19118,300,172.9979220032692,2fab67c83ab727498aedc2ef30f4b85db6eebf39cbeca91683e5a78d43b9788a,host-resident policy-required candidate/native tensors through K and record IDs
MEASURED,177,4,M11,80,4,15,327.5812,4.094765000000001,1200,211.7179591258768,5dff99880db7d9ae9e42e5c2adbbcf9c3a386f1b632546541898311bc611a587,host-resident policy-required candidate/native tensors through K and record IDs
MEASURED,178,2,PS_PREFIX,40,3,15,47.325,1.183125,600,131.29255908504786,87a0ababb25e82e466c40f023339543ad7e7ebac30275b36935e564c1448d58c,host-resident policy-required candidate/native tensors through K and record IDs
MEASURED,179,5,M11,40,4,15,136.0776,3.4019399999999997,600,80.25632750905966,e4ac157065f3c4fc5922b7d6cf89648e75dde751385fff9e54a17c3b85ace92f,host-resident policy-required candidate/native tensors through K and record IDs
MEASURED,180,7,S_ADAPT,10,24,15,2.2924,0.22924000000000003,150,97.39093405008316,337a47697cc51c376e7d9faa5a9c174a2594f4732406a21a68c1b42c17f6031c,host-resident policy-required candidate/native tensors through K and record IDs
MEASURED,181,7,S_ADAPT,80,3,15,16.3788,0.20473499999999997,1200,756.5127590298653,6dfbebed79a0f8a694da26a367e4a0e19cdb2d3c3bfd7d290d3f9a0d31ab41ef,host-resident policy-required candidate/native tensors through K and record IDs
MEASURED,182,4,S_ADAPT,40,5,15,7.8152,0.19538,600,363.2874115407467,90b5c4759fec413080b0de4942d35e72fdbb168f834d447bfe187be6a6f54823,host-resident policy-required candidate/native tensors through K and record IDs
MEASURED,183,4,S_ADAPT,40,9,15,8.2894,0.207235,600,372.1882814466953,87e13397e7745cd8f91fd45ba560910bf9f6a685e50c45ab9e513195986b0251,host-resident policy-required candidate/native tensors through K and record IDs
MEASURED,184,0,S_ADAPT,40,6,15,6.9637,0.1740925,600,384.2117875814438,0313f50eb82a82acc8ad078ac418b19e4bfe509846ee3194d96f2ddea779d7f3,host-resident policy-required candidate/native tensors through K and record IDs
MEASURED,185,7,M11,40,6,15,136.1783,3.4044575000000004,600,106.38732863045063,084ec29426edbb4bc589984319a3d3c39e0b4c8656ec0a75c002b686a2ae678b,host-resident policy-required candidate/native tensors through K and record IDs
MEASURED,186,8,S_ADAPT,10,5,15,2.6745,0.26745,150,92.62096610665321,d245526c08e8aa5cfced919e1b2b4676365c3ab1ad70344336368af9a3448d94,host-resident policy-required candidate/native tensors through K and record IDs
MEASURED,187,4,M11,10,33,15,33.3915,3.33915,150,14.856807958208437,4e9ea27c72edd34a27c147cd71491488a3951f2ad899e4c4ecbf6dd8614f9921,host-resident policy-required candidate/native tensors through K and record IDs
MEASURED,188,8,S_ADAPT,80,0,15,15.2311,0.19038875,1200,701.0401302278042,4ab76f46832281826ed7dfc164653efab3397c9a3e0c6fd90fe815b4357b40d6,host-resident policy-required candidate/native tensors through K and record IDs
MEASURED,189,9,S_ADAPT,80,2,15,17.0638,0.2132975,1200,720.778280749917,b987d499ad0fb1807a37a30eed7d082aa7a06a805ebbdc1c5b25ca627e771b8a,host-resident policy-required candidate/native tensors through K and record IDs
MEASURED,190,7,M11,20,5,15,65.9287,3.2964350000000002,300,32.8827528544208,51aedba733815a8799c98f440436494e502769069fc6e4ace84f1e22e49b4c9d,host-resident policy-required candidate/native tensors through K and record IDs
MEASURED,191,1,S_ADAPT,20,1,15,4.0486,0.20243000000000003,300,169.44759967923164,328992b110282c5d5fbb1025e516d36544d129a0e4d3365e777e272e61aa0ee2,host-resident policy-required candidate/native tensors through K and record IDs
MEASURED,192,1,S_ADAPT,20,10,15,3.3955,0.169775,300,174.93708074092865,7651aabe9f9fb19830624503217844347642eeb994744ea1c00f5699b0e31a42,host-resident policy-required candidate/native tensors through K and record IDs
MEASURED,193,4,S_ADAPT,10,8,15,2.2322,0.22322000000000003,150,90.46123763918877,fb4c6c44caeed443a70ed505a1fe6c3bee24c6999793d9971a050e8b90be88a7,host-resident policy-required candidate/native tensors through K and record IDs
MEASURED,194,9,S_ADAPT,10,38,15,1.5697,0.15697,150,97.42280113697052,2b1c6e7d1e7df106ede63ec54a94a31e4b59e2fce88d1d629b8ab51f4238e3c2,host-resident policy-required candidate/native tensors through K and record IDs
MEASURED,195,9,S_ADAPT,40,5,15,7.3063,0.1826575,600,363.2874115407467,90b5c4759fec413080b0de4942d35e72fdbb168f834d447bfe187be6a6f54823,host-resident policy-required candidate/native tensors through K and record IDs
MEASURED,196,3,PS_PREFIX,40,0,15,33.068,0.8267,600,115.69744959412655,db5a6cd9d2c6bf511a20f75200f68b37ecf9114b1471e6fd76c46c4d3c9ffe1d,host-resident policy-required candidate/native tensors through K and record IDs
MEASURED,197,6,M11,10,8,15,48.9086,4.89086,150,22.127255696726607,cc9e1988bfe79fffb3f1974d2c855c5b13cf326cce4ea196f23ab96f0a89ebe7,host-resident policy-required candidate/native tensors through K and record IDs
MEASURED,198,4,S_ADAPT,40,7,15,10.8166,0.27041499999999996,600,372.0247602760792,d09af782d2c3797de2b3c0224992ac9da4f52783d9647b673f18904f78369f7c,host-resident policy-required candidate/native tensors through K and record IDs
MEASURED,199,0,S_ADAPT,10,24,15,2.8572,0.28572000000000003,150,97.39093405008316,337a47697cc51c376e7d9faa5a9c174a2594f4732406a21a68c1b42c17f6031c,host-resident policy-required candidate/native tensors through K and record IDs
MEASURED,200,8,S_ADAPT,10,9,15,2.6817,0.26817,150,93.62151077389717,31213095d47234f2a3235a4f7d173b37a550bee384e2a64fc6ff5c0e074af163,host-resident policy-required candidate/native tensors through K and record IDs
MEASURED,201,9,PS_CLASS_PREFIX,40,4,15,46.4019,1.1600475,600,122.11701954577285,8bb0c34a63ad212803dbca08c9848b85dc29db68f9c5ff0b0154beedf553ec5b,host-resident policy-required candidate/native tensors through K and record IDs
MEASURED,202,5,PS_CLASS_PREFIX,40,6,15,45.2417,1.1310425,600,159.7580929617269,5f6fd6586f9b0860f37bd82438c3c19c2fd75e0050c89d753a155b3895be9b35,host-resident policy-required candidate/native tensors through K and record IDs
MEASURED,203,8,S_ADAPT,20,0,15,4.2431,0.212155,300,176.4440060555935,1bfc659bac89b1a185f3a4d2201b1cb0eecb07e2a9cadf7c950d3bf5cbf05a73,host-resident policy-required candidate/native tensors through K and record IDs
MEASURED,204,5,M11,10,11,15,34.5443,3.45443,150,14.111305804048172,c555e624ad62a39791fb76a5dae738f0c691be039982b2f3936f7d63ebbf145c,host-resident policy-required candidate/native tensors through K and record IDs
MEASURED,205,9,S_ADAPT,10,2,15,2.3312,0.23312,150,77.38685169816017,fffaa726d1f44bf95b34a7da4ee27d525fc95ad265f37fc9aaf76ff88708dbdf,host-resident policy-required candidate/native tensors through K and record IDs
MEASURED,206,3,S_ADAPT,20,3,15,3.7276,0.18638,300,175.83587780594826,b7add291b958040013d1c54ecf1e1b5d35142f07e98e1133aab357ab95fc6afb,host-resident policy-required candidate/native tensors through K and record IDs
MEASURED,207,7,S_ADAPT,10,38,15,1.5864,0.15864,150,97.42280113697052,2b1c6e7d1e7df106ede63ec54a94a31e4b59e2fce88d1d629b8ab51f4238e3c2,host-resident policy-required candidate/native tensors through K and record IDs
MEASURED,208,7,S_ADAPT,10,26,15,1.5313,0.15313000000000002,150,93.75479540228844,a49c3f69d70ac2b2e1a5fb7d023b189413162e232a0ced484a975b458e15bd17,host-resident policy-required candidate/native tensors through K and record IDs
MEASURED,209,3,M11,20,12,15,69.628,3.4814,300,53.20920175924987,fc2b11494f5d308c555d74b8c042864556e5f08f6c021d668b458f9b2a540852,host-resident policy-required candidate/native tensors through K and record IDs
MEASURED,210,6,M11,10,38,15,35.9971,3.5997100000000004,150,28.265318614095065,9673cc63050c1b0ae539c7b50e56ba3ba36818223218860fade220efb620d3c1,host-resident policy-required candidate/native tensors through K and record IDs
MEASURED,211,4,M11,10,35,15,34.2262,3.4226199999999998,150,28.652045915812113,2a04a68c47a5e28608456e69f8c9870a90b4685af49dc55310e088d1062c5b09,host-resident policy-required candidate/native tensors through K and record IDs
MEASURED,212,1,S_ADAPT,20,12,15,4.6415,0.23207499999999998,300,192.58604577183723,48bab893476e3db929878747484bcaff543c71f85eaf2cc23839660e08a18c65,host-resident policy-required candidate/native tensors through K and record IDs
MEASURED,213,8,M11,40,8,15,135.2926,3.3823149999999997,600,101.83546079121663,3005e2d00690dc3edfa0db32d791d2480bfe9884a0c07b6149436beb0f521812,host-resident policy-required candidate/native tensors through K and record IDs
MEASURED,214,8,S_ADAPT,10,36,15,2.164,0.2164,150,100.10815408825874,74559fa0f9d5675b4259236c8eb8f6060b66cdf85342f53456923405c952e00c,host-resident policy-required candidate/native tensors through K and record IDs
MEASURED,215,5,M11,20,18,15,73.6888,3.68444,300,63.8480957782682,177460e68782664a9113a40f86bc409a8c72183e819d65d9c29317a4a93b088f,host-resident policy-required candidate/native tensors through K and record IDs
MEASURED,216,1,S_ADAPT,10,31,15,2.1293,0.21293,150,95.79967814683914,655fb7d71f962b6f3d3f0279e5b0bd759a8785e22dfab91cec663110035b2db3,host-resident policy-required candidate/native tensors through K and record IDs
MEASURED,217,4,M11,20,11,15,220.2772,11.01386,300,48.030932008467296,30b4e5de0fbb7e2aa340e0bdb3135519b2790229e464db84e7a9c18a7a66fee0,host-resident policy-required candidate/native tensors through K and record IDs
MEASURED,218,2,PS_CLASS_PREFIX,40,8,15,31.9833,0.7995825,600,156.68734884716974,0f53082e7511278a02bb1d039a5a2b9d8028d858f5124122f4aec20f084176d2,host-resident policy-required candidate/native tensors through K and record IDs
MEASURED,219,7,M11,10,1,15,38.2283,3.8228299999999997,150,15.639920970241969,a6167b0584cd1caf9bbbc3793064ca384bfab11be6cf182c31291d62eb27f0e3,host-resident policy-required candidate/native tensors through K and record IDs
MEASURED,220,1,M11,10,12,15,35.3337,3.53337,150,16.37465772788938,14ea96c11e13c0bc275dcbc5b2486c2804e5e4a6598171a2e14a0132265ed1f9,host-resident policy-required candidate/native tensors through K and record IDs
MEASURED,221,3,M11,10,37,15,38.862,3.8862,150,25.200298822274767,deaea83359c58caa4e472e646be849000c0f21e7ba8b974893ba3685a64dc97e,host-resident policy-required candidate/native tensors through K and record IDs
MEASURED,222,2,S_ADAPT,10,17,15,2.0324,0.20324,150,87.33095359802246,d04cb5a522045cf7f3fdc6943edd2c7e9601b850ce308760415590c048ab3f8a,host-resident policy-required candidate/native tensors through K and record IDs
MEASURED,223,2,PS_PREFIX,40,7,15,31.5788,0.78947,600,139.56909272451816,c8668acd4a25aadaae404efbacb2081b163be4bdbdd68068b8c8385e35f09fba,host-resident policy-required candidate/native tensors through K and record IDs
MEASURED,224,2,S_ADAPT,10,22,15,2.4554,0.24554,150,88.1693175137043,67e5d17d0da4c747afa8006e9b015272608f2b38ff4544ecabbb55ba6ec9706b,host-resident policy-required candidate/native tensors through K and record IDs
MEASURED,225,0,S_ADAPT,20,3,15,4.0024,0.20012,300,175.83587780594826,b7add291b958040013d1c54ecf1e1b5d35142f07e98e1133aab357ab95fc6afb,host-resident policy-required candidate/native tensors through K and record IDs
MEASURED,226,7,M11,20,14,15,75.1232,3.75616,300,68.82805772204135,3bcfe8fa19dfa6b4e1122bd07fcc32801a07e327cfcfea69d85ac563eeccaa49,host-resident policy-required candidate/native tensors through K and record IDs
MEASURED,227,0,M11,20,16,15,69.6064,3.48032,300,32.323463015008876,754a89b0a8d3a3f45e18f888d5a1c7d8226e6a9369c36a36ab485e66b5801ff9,host-resident policy-required candidate/native tensors through K and record IDs
MEASURED,228,8,PS_CLASS_PREFIX,40,8,15,32.8059,0.8201475,600,156.68734884716974,0f53082e7511278a02bb1d039a5a2b9d8028d858f5124122f4aec20f084176d2,host-resident policy-required candidate/native tensors through K and record IDs
MEASURED,229,7,M11,10,27,15,34.6116,3.4611600000000005,150,25.2038274745462,0caeb4e5021bf8249c421927df9b24f0b78c1a940bda79a80a69d6fef3c0e326,host-resident policy-required candidate/native tensors through K and record IDs
MEASURED,230,0,M11,10,13,15,36.3177,3.6317700000000004,150,18.77830546905996,3cffb82fbb7a71e4bcff38362191ff0e467038e201f4bdcfde9bd20fe304c492,host-resident policy-required candidate/native tensors through K and record IDs
MEASURED,231,9,PS_PREFIX,40,6,15,32.4821,0.8120525000000001,600,152.41315462537847,f1f9906a1162f6a90372952c110937bee2051c00c06c1aebf594b65869538213,host-resident policy-required candidate/native tensors through K and record IDs
MEASURED,232,9,S_ADAPT,10,15,15,2.0459,0.20459,150,92.52730506658554,eada6c593e7b2e1fee5a54484ede13c4fcdde041c72543e99653f15d857ba527,host-resident policy-required candidate/native tensors through K and record IDs
MEASURED,233,1,M11,10,32,15,39.4766,3.94766,150,17.391825941115158,336871054235ec2f0bd1cf474a3131a9fb3a782e788ce63fa08344b55d14c389,host-resident policy-required candidate/native tensors through K and record IDs
MEASURED,234,3,M11,10,4,15,38.5238,3.85238,150,19.905806943695485,ddf9a32023a62c11817476a1754416f40705f42ee210c9c1047a01f08b76d452,host-resident policy-required candidate/native tensors through K and record IDs
MEASURED,235,1,S_ADAPT,80,1,15,17.5664,0.21958000000000003,1200,720.7490096539259,460b06f0cca8c27896a7bb2998727be28b6542ab13644610e46e969f99404e83,host-resident policy-required candidate/native tensors through K and record IDs
MEASURED,236,4,M11,10,26,15,48.196,4.819599999999999,150,27.82774520154011,bb4d494f2f873377cb569d3a2c86aac6ed77739f96b9c02195fdabab7f78f2ed,host-resident policy-required candidate/native tensors through K and record IDs
MEASURED,237,8,S_ADAPT,10,37,15,3.1235,0.31235,150,89.95280921459198,61f50d47496545d626d09b1cee5cf90bcfa80d32f018a81163d1362d5c153ccb,host-resident policy-required candidate/native tensors through K and record IDs
MEASURED,238,1,S_ADAPT,10,30,15,1.643,0.1643,150,86.29994821548462,6a2bcc07a6916c90ab195a5e9f9e672307c4dc738c4a297b23a4c71d77a07b13,host-resident policy-required candidate/native tensors through K and record IDs
MEASURED,239,5,M11,40,3,15,134.1309,3.3532725,600,88.36887740387849,de99531c6de724e825e84d3b4ae99eaffd24c1e2ddbe27745a0ed41e164afe39,host-resident policy-required candidate/native tensors through K and record IDs
MEASURED,240,7,S_ADAPT,10,0,15,3.0336,0.30335999999999996,150,92.10543185472488,2aa0f1eeb0f2d36847ce9525f8c79ab3b92338ac0994c9f6a39d54cf6bb74a2f,host-resident policy-required candidate/native tensors through K and record IDs
MEASURED,241,4,S_ADAPT,10,21,15,1.7097,0.17097,150,81.6864028275013,875bc59820bf3ec61007014dfe4dafb1ebfb2b83de7164d930a0d7fdb558ec74,host-resident policy-required candidate/native tensors through K and record IDs
MEASURED,242,3,S_ADAPT,10,19,15,1.6041,0.16041,150,88.98211605846882,a6186614914bb49974ebde1b2f58ca612df1a4b866994eb81ad086ea942550cd,host-resident policy-required candidate/native tensors through K and record IDs
MEASURED,243,0,S_ADAPT,10,0,15,1.526,0.1526,150,92.10543185472488,2aa0f1eeb0f2d36847ce9525f8c79ab3b92338ac0994c9f6a39d54cf6bb74a2f,host-resident policy-required candidate/native tensors through K and record IDs
MEASURED,244,9,S_ADAPT,10,34,15,1.6236,0.16236,150,101.2994676232338,a2decff81d1f05fe6ccbf288846acff87effb7ff9c928e2eb7051f8c9a8d381b,host-resident policy-required candidate/native tensors through K and record IDs
MEASURED,245,8,M11,10,2,15,36.4167,3.64167,150,20.42665469066434,de05f81fd6ce148b190614d2bf524bc01f4a6d986a260511e5ab76410dc8f19e,host-resident policy-required candidate/native tensors through K and record IDs
MEASURED,246,8,M11,80,4,15,352.7839,4.40979875,1200,211.7179591258768,5dff99880db7d9ae9e42e5c2adbbcf9c3a386f1b632546541898311bc611a587,host-resident policy-required candidate/native tensors through K and record IDs
MEASURED,247,0,S_ADAPT,10,3,15,2.2357,0.22357,150,91.17850151658058,1af0b49a99ea345494d984b82ce36d1a525a93add9e10f92b488192ed29656d0,host-resident policy-required candidate/native tensors through K and record IDs
MEASURED,248,3,M11,40,9,15,160.0621,4.0015525,600,109.87011401524518,56e8c7cb8833accc60f092b98c038b8a15197fe9d44b536baff62431b12964dd,host-resident policy-required candidate/native tensors through K and record IDs
MEASURED,249,2,S_ADAPT,10,15,15,2.9509,0.29508999999999996,150,92.52730506658554,eada6c593e7b2e1fee5a54484ede13c4fcdde041c72543e99653f15d857ba527,host-resident policy-required candidate/native tensors through K and record IDs
MEASURED,250,5,M11,10,23,15,35.8722,3.58722,150,25.159577238042274,7f95fa52bca5e4d832e97038174784b0046e55c31098cc28f7853b05f41882fd,host-resident policy-required candidate/native tensors through K and record IDs
MEASURED,251,2,S_ADAPT,40,5,15,9.1276,0.22818999999999998,600,363.2874115407467,90b5c4759fec413080b0de4942d35e72fdbb168f834d447bfe187be6a6f54823,host-resident policy-required candidate/native tensors through K and record IDs
MEASURED,252,6,S_ADAPT,20,6,15,4.4166,0.22083,300,172.49611538648605,505f6ee76ae3dc289646a331bc9575ae60d9f3d6ffffa405890761769758d375,host-resident policy-required candidate/native tensors through K and record IDs
MEASURED,253,8,S_ADAPT,10,28,15,1.8706,0.18706,150,94.63978198170662,1af3b041ce66e6ac6e9d5ef06117b0551171649ed7cd1188d31640427be0418c,host-resident policy-required candidate/native tensors through K and record IDs
MEASURED,254,1,M11,20,0,15,73.0786,3.65393,300,42.6693555309175,97acb517dee862285451aae0cdca71cafe34956ebbe3ed12d6745c63a612b4c4,host-resident policy-required candidate/native tensors through K and record IDs
MEASURED,255,5,S_ADAPT,10,33,15,2.4198,0.24198,150,87.52090319991112,f2796b356f074f2c333c7c58546a275ba31e8861209d146c6cbb7890e215e668,host-resident policy-required candidate/native tensors through K and record IDs
MEASURED,256,4,M11,20,17,15,64.1165,3.205825,300,66.64971844791594,acdacd51340f2fb4953ed00ec1990916249d11b97e105be63ff9749f6f4b3505,host-resident policy-required candidate/native tensors through K and record IDs
MEASURED,257,2,M11,20,3,15,86.2707,4.313535,300,48.19475735069779,904ce76aa951a7d08d5390631854e4f69a2e4bf5fbc7c925bbd8139d0e26ea27,host-resident policy-required candidate/native tensors through K and record IDs
MEASURED,258,3,PS_PREFIX,40,7,15,41.7477,1.0436925000000001,600,139.56909272451816,c8668acd4a25aadaae404efbacb2081b163be4bdbdd68068b8c8385e35f09fba,host-resident policy-required candidate/native tensors through K and record IDs
MEASURED,259,5,S_ADAPT,10,36,15,2.3519,0.23519,150,100.10815408825874,74559fa0f9d5675b4259236c8eb8f6060b66cdf85342f53456923405c952e00c,host-resident policy-required candidate/native tensors through K and record IDs
MEASURED,260,6,M11,10,28,15,38.3859,3.83859,150,25.697506673429988,b1cd5d6d9f58312eb06276086b11a582b1d85fb019eb51a2481927db081d6151,host-resident policy-required candidate/native tensors through K and record IDs
MEASURED,261,9,M11,20,17,15,67.0631,3.353155,300,66.64971844791594,acdacd51340f2fb4953ed00ec1990916249d11b97e105be63ff9749f6f4b3505,host-resident policy-required candidate/native tensors through K and record IDs
MEASURED,262,3,S_ADAPT,10,5,15,2.1556,0.21556000000000003,150,92.62096610665321,d245526c08e8aa5cfced919e1b2b4676365c3ab1ad70344336368af9a3448d94,host-resident policy-required candidate/native tensors through K and record IDs
MEASURED,263,3,S_ADAPT,20,14,15,3.7293,0.186465,300,189.7540007531643,c0c17c77770c250341d765918dc25fd9f2f39d508f7f29ec190f561e0c1ad927,host-resident policy-required candidate/native tensors through K and record IDs
MEASURED,264,5,S_ADAPT,10,4,15,1.9451,0.19451000000000002,150,85.6570528447628,cf9a5c21d22486096e3b3383b942942bdb7bb2e01393549e670f3bace962d2ac,host-resident policy-required candidate/native tensors through K and record IDs
MEASURED,265,6,S_ADAPT,40,3,15,7.0126,0.175315,600,361.8156100809574,0542c6bf14ccb68f678573ad0458bd5e3bb5998b0478644ed2a56fb2585c5696,host-resident policy-required candidate/native tensors through K and record IDs
MEASURED,266,3,PS_CLASS_PREFIX,40,3,15,30.3406,0.7585149999999999,600,134.09956403258127,cd8b1fc30473b536e0a51170e86da6ea1bf952271ba4f251822a17d8e610bffa,host-resident policy-required candidate/native tensors through K and record IDs
MEASURED,267,0,S_ADAPT,20,6,15,4.3888,0.21944,300,172.49611538648605,505f6ee76ae3dc289646a331bc9575ae60d9f3d6ffffa405890761769758d375,host-resident policy-required candidate/native tensors through K and record IDs
MEASURED,268,2,M11,80,4,15,271.7513,3.3968912500000004,1200,211.7179591258768,5dff99880db7d9ae9e42e5c2adbbcf9c3a386f1b632546541898311bc611a587,host-resident policy-required candidate/native tensors through K and record IDs
MEASURED,269,7,M11,10,36,15,34.7983,3.4798299999999998,150,37.17367167113842,af07fd8f72ab16254e7848ddcde7a13460d26ff43825688cacb2fe88b7e99742,host-resident policy-required candidate/native tensors through K and record IDs
MEASURED,270,9,S_ADAPT,10,9,15,3.314,0.33140000000000003,150,93.62151077389717,31213095d47234f2a3235a4f7d173b37a550bee384e2a64fc6ff5c0e074af163,host-resident policy-required candidate/native tensors through K and record IDs
MEASURED,271,9,PS_CLASS_PREFIX,40,9,15,32.1921,0.8048025000000001,600,158.93148233881382,9c1b4b32ae3e9a3dd1ced8b0edf0ea16ead468391bb51074beedb146b5a2a19b,host-resident policy-required candidate/native tensors through K and record IDs
MEASURED,272,5,S_ADAPT,10,13,15,2.1212,0.21212,150,91.94036191701889,0022c38aa69ab2d483f75f5b6a7bb6fbbb92b2b7f8fc0a0f8d0d9cd2dff5e52c,host-resident policy-required candidate/native tensors through K and record IDs
MEASURED,273,2,S_ADAPT,20,3,15,3.7955,0.189775,300,175.83587780594826,b7add291b958040013d1c54ecf1e1b5d35142f07e98e1133aab357ab95fc6afb,host-resident policy-required candidate/native tensors through K and record IDs
MEASURED,274,3,S_ADAPT,10,29,15,2.0083,0.20083,150,94.83080992102623,711ffec6ecc0b071f2ca9a4d9bb3f38fa4c376cd5fd09667a497ba58464dd507,host-resident policy-required candidate/native tensors through K and record IDs
MEASURED,275,7,M11,20,19,15,75.7087,3.7854349999999997,300,45.50804985058315,af83fba9a5dfaeb4f7f97625e7c9081e54f26d09bb75b8de1a1a566ddda26e4e,host-resident policy-required candidate/native tensors through K and record IDs
MEASURED,276,4,S_ADAPT,80,2,15,17.7195,0.22149375,1200,720.778280749917,b987d499ad0fb1807a37a30eed7d082aa7a06a805ebbdc1c5b25ca627e771b8a,host-resident policy-required candidate/native tensors through K and record IDs
MEASURED,277,2,S_ADAPT,10,3,15,1.8329,0.18329,150,91.17850151658058,1af0b49a99ea345494d984b82ce36d1a525a93add9e10f92b488192ed29656d0,host-resident policy-required candidate/native tensors through K and record IDs
MEASURED,278,3,M11,10,11,15,35.0848,3.50848,150,14.111305804048172,c555e624ad62a39791fb76a5dae738f0c691be039982b2f3936f7d63ebbf145c,host-resident policy-required candidate/native tensors through K and record IDs
MEASURED,279,3,S_ADAPT,20,2,15,4.3708,0.21854,300,178.80011892318726,6d9920a2c5ea2c44ab4f431f69437653c4c9fa5d2301d366d1bd9b3806718a2e,host-resident policy-required candidate/native tensors through K and record IDs
MEASURED,280,4,M11,10,30,15,34.7872,3.47872,150,25.307754789311193,6dcb2ed1539cf15a07ee64b1cb5bd8eeb90bba2ea6395c92e2ff2f07aebd250c,host-resident policy-required candidate/native tensors through K and record IDs
MEASURED,281,6,S_ADAPT,10,13,15,1.9306,0.19306,150,91.94036191701889,0022c38aa69ab2d483f75f5b6a7bb6fbbb92b2b7f8fc0a0f8d0d9cd2dff5e52c,host-resident policy-required candidate/native tensors through K and record IDs
MEASURED,282,4,M11,20,5,15,67.2502,3.3625100000000003,300,32.8827528544208,51aedba733815a8799c98f440436494e502769069fc6e4ace84f1e22e49b4c9d,host-resident policy-required candidate/native tensors through K and record IDs
MEASURED,283,5,M11,20,2,15,67.4702,3.3735100000000005,300,52.29641322977469,6e75345642d65635f8d90c2a6eb8d9e4d2c9b182d9c6640cbf69e4fe4ad3b470,host-resident policy-required candidate/native tensors through K and record IDs
MEASURED,284,6,M11,10,11,15,43.8074,4.38074,150,14.111305804048172,c555e624ad62a39791fb76a5dae738f0c691be039982b2f3936f7d63ebbf145c,host-resident policy-required candidate/native tensors through K and record IDs
MEASURED,285,0,PS_CLASS_PREFIX,40,8,15,34.0417,0.8510424999999999,600,156.68734884716974,0f53082e7511278a02bb1d039a5a2b9d8028d858f5124122f4aec20f084176d2,host-resident policy-required candidate/native tensors through K and record IDs
MEASURED,286,9,PS_CLASS_PREFIX,40,8,15,33.4207,0.8355174999999999,600,156.68734884716974,0f53082e7511278a02bb1d039a5a2b9d8028d858f5124122f4aec20f084176d2,host-resident policy-required candidate/native tensors through K and record IDs
MEASURED,287,2,S_ADAPT,20,15,15,3.9498,0.19749,300,182.23617509007454,d344c6a46bef99197b349ab1040136022cdf9cb3e6e992c2c89395647e42953a,host-resident policy-required candidate/native tensors through K and record IDs
MEASURED,288,6,S_ADAPT,10,15,15,1.7192,0.17192000000000002,150,92.52730506658554,eada6c593e7b2e1fee5a54484ede13c4fcdde041c72543e99653f15d857ba527,host-resident policy-required candidate/native tensors through K and record IDs
MEASURED,289,1,S_ADAPT,20,0,15,5.3833,0.269165,300,176.4440060555935,1bfc659bac89b1a185f3a4d2201b1cb0eecb07e2a9cadf7c950d3bf5cbf05a73,host-resident policy-required candidate/native tensors through K and record IDs
MEASURED,290,5,S_ADAPT,20,2,15,3.5857,0.179285,300,178.80011892318726,6d9920a2c5ea2c44ab4f431f69437653c4c9fa5d2301d366d1bd9b3806718a2e,host-resident policy-required candidate/native tensors through K and record IDs
MEASURED,291,5,S_ADAPT,10,37,15,1.9582,0.19582,150,89.95280921459198,61f50d47496545d626d09b1cee5cf90bcfa80d32f018a81163d1362d5c153ccb,host-resident policy-required candidate/native tensors through K and record IDs
MEASURED,292,0,S_ADAPT,10,26,15,1.6814,0.16814,150,93.75479540228844,a49c3f69d70ac2b2e1a5fb7d023b189413162e232a0ced484a975b458e15bd17,host-resident policy-required candidate/native tensors through K and record IDs
MEASURED,293,4,M11,20,9,15,68.9846,3.44923,300,48.0363328234864,af0a76b7b3663d866a8246e193b43c1ea09ea44b2a85e26b91b7b5a669e67ff1,host-resident policy-required candidate/native tensors through K and record IDs
MEASURED,294,5,S_ADAPT,10,12,15,2.4669,0.24669,150,79.4385441839695,4cb9ade8a1ecd791cdfc3edd448f61f4357c2f8a09b37a3e695eb7276780f692,host-resident policy-required candidate/native tensors through K and record IDs
MEASURED,295,3,S_ADAPT,20,0,15,4.0525,0.202625,300,176.4440060555935,1bfc659bac89b1a185f3a4d2201b1cb0eecb07e2a9cadf7c950d3bf5cbf05a73,host-resident policy-required candidate/native tensors through K and record IDs
MEASURED,296,4,M11,10,16,15,36.5083,3.65083,150,15.143859907201344,85c31ff8562865c9d3fe0fabfb782617e7804c90b76297159ed109e82d2e509c,host-resident policy-required candidate/native tensors through K and record IDs
MEASURED,297,0,M11,20,6,15,69.0639,3.453195,300,35.36299226184275,e01c56ec0c33cc9ea8008198bcdd7ea144c37125ac1f4ebf501d8af3e65fc8f6,host-resident policy-required candidate/native tensors through K and record IDs
MEASURED,298,7,M11,20,9,15,64.7782,3.2389099999999997,300,48.0363328234864,af0a76b7b3663d866a8246e193b43c1ea09ea44b2a85e26b91b7b5a669e67ff1,host-resident policy-required candidate/native tensors through K and record IDs
MEASURED,299,5,S_ADAPT,20,14,15,4.489,0.22444999999999998,300,189.7540007531643,c0c17c77770c250341d765918dc25fd9f2f39d508f7f29ec190f561e0c1ad927,host-resident policy-required candidate/native tensors through K and record IDs
MEASURED,300,3,S_ADAPT,20,16,15,3.1623,0.158115,300,171.95357298851013,0413a525608264d6682373cc476d4abe88a2de0eace100120713b830d5fedda3,host-resident policy-required candidate/native tensors through K and record IDs
MEASURED,301,4,S_ADAPT,20,12,15,3.8814,0.19407000000000002,300,192.58604577183723,48bab893476e3db929878747484bcaff543c71f85eaf2cc23839660e08a18c65,host-resident policy-required candidate/native tensors through K and record IDs
MEASURED,302,1,M11,20,10,15,75.7889,3.7894449999999997,300,43.12068280381245,e29a101e9ef7200cf9362006b96a03eedb0f7f73034602e3c8ef07bf9e8646fb,host-resident policy-required candidate/native tensors through K and record IDs
MEASURED,303,1,M11,10,5,15,42.3867,4.23867,150,31.88735032834503,f2b3d70fd6e63900033ac2a37fd9bc3665884f98bfc906e82fcf64a07e53ffd3,host-resident policy-required candidate/native tensors through K and record IDs
MEASURED,304,0,S_ADAPT,20,10,15,3.8874,0.19437,300,174.93708074092865,7651aabe9f9fb19830624503217844347642eeb994744ea1c00f5699b0e31a42,host-resident policy-required candidate/native tensors through K and record IDs
MEASURED,305,5,M11,10,19,15,39.0202,3.9020200000000003,150,19.03600186740192,813fcaac85152beb003ece4060805f5d357a58de21b20317370050fa5aee3d32,host-resident policy-required candidate/native tensors through K and record IDs
MEASURED,306,3,M11,10,21,15,42.0968,4.2096800000000005,150,19.391039300255603,24be28c85e8c6e37273698233a1de1159223266e88ba59c844a4c09f91888603,host-resident policy-required candidate/native tensors through K and record IDs
MEASURED,307,1,S_ADAPT,10,9,15,1.9381,0.19380999999999998,150,93.62151077389717,31213095d47234f2a3235a4f7d173b37a550bee384e2a64fc6ff5c0e074af163,host-resident policy-required candidate/native tensors through K and record IDs
MEASURED,308,0,M11,80,3,15,292.6194,3.6577425,1200,228.94783105296457,339497a7ed63cf23eeb2eecefc387321b05b0cbcdfd8af43db69e6cf43fc2acc,host-resident policy-required candidate/native tensors through K and record IDs
MEASURED,309,4,PS_PREFIX,40,7,15,33.9238,0.848095,600,139.56909272451816,c8668acd4a25aadaae404efbacb2081b163be4bdbdd68068b8c8385e35f09fba,host-resident policy-required candidate/native tensors through K and record IDs
MEASURED,310,1,S_ADAPT,20,6,15,5.5776,0.27888,300,172.49611538648605,505f6ee76ae3dc289646a331bc9575ae60d9f3d6ffffa405890761769758d375,host-resident policy-required candidate/native tensors through K and record IDs
MEASURED,311,2,PS_CLASS_PREFIX,40,4,15,31.9867,0.7996675,600,122.11701954577285,8bb0c34a63ad212803dbca08c9848b85dc29db68f9c5ff0b0154beedf553ec5b,host-resident policy-required candidate/native tensors through K and record IDs
MEASURED,312,3,M11,10,35,15,35.9155,3.5915500000000002,150,28.652045915812113,2a04a68c47a5e28608456e69f8c9870a90b4685af49dc55310e088d1062c5b09,host-resident policy-required candidate/native tensors through K and record IDs
MEASURED,313,6,S_ADAPT,10,7,15,1.9629,0.19629000000000002,150,92.19294717907906,9db0c19f8478631d98a798e33ddc6a186e2906f32bf9649324d03a77a9ff56ad,host-resident policy-required candidate/native tensors through K and record IDs
MEASURED,314,1,M11,20,12,15,65.7587,3.287935,300,53.20920175924987,fc2b11494f5d308c555d74b8c042864556e5f08f6c021d668b458f9b2a540852,host-resident policy-required candidate/native tensors through K and record IDs
MEASURED,315,2,S_ADAPT,20,5,15,5.1339,0.256695,300,173.78133611381054,85772d383eb58f6a1364ceb4129e413a1814f5b3a73c05e0a9e8b0ef52c9d03a,host-resident policy-required candidate/native tensors through K and record IDs
MEASURED,316,2,S_ADAPT,20,7,15,3.2134,0.16067,300,188.94826006889343,edbb25396bc039faaf278fded7ef054d990048570b72814500bee8d601e05414,host-resident policy-required candidate/native tensors through K and record IDs
MEASURED,317,6,S_ADAPT,40,4,15,7.3693,0.1842325,600,357.4904659241438,839a557cee47cb10ab8dc39dcd232a22009debf37251f70b8b4e213ffdf9185d,host-resident policy-required candidate/native tensors through K and record IDs
MEASURED,318,8,S_ADAPT,10,19,15,1.5868,0.15868,150,88.98211605846882,a6186614914bb49974ebde1b2f58ca612df1a4b866994eb81ad086ea942550cd,host-resident policy-required candidate/native tensors through K and record IDs
MEASURED,319,9,PS_PREFIX,40,8,15,32.1268,0.80317,600,129.68647219222416,a6a66af3ea97b2c8385b6847341925a67a22ad2aab7be69be6e1dfb9742c1d65,host-resident policy-required candidate/native tensors through K and record IDs
MEASURED,320,1,PS_CLASS_PREFIX,40,2,15,33.7346,0.843365,600,128.98713551520905,b2ca958d49cd3684194ceb29401cda4f922ccbc792bcfc13c46f0ae8d7a68bc1,host-resident policy-required candidate/native tensors through K and record IDs
MEASURED,321,5,PS_PREFIX,40,0,15,31.5216,0.78804,600,115.69744959412655,db5a6cd9d2c6bf511a20f75200f68b37ecf9114b1471e6fd76c46c4d3c9ffe1d,host-resident policy-required candidate/native tensors through K and record IDs
MEASURED,322,9,S_ADAPT,10,25,15,2.2201,0.22200999999999999,150,95.17271280288696,0a55948be63cad5aa065bd07c7aaf05bd2b2a1b3b6142d4f6f72d042d2f37161,host-resident policy-required candidate/native tensors through K and record IDs
MEASURED,323,8,S_ADAPT,80,3,15,16.1078,0.2013475,1200,756.5127590298653,6dfbebed79a0f8a694da26a367e4a0e19cdb2d3c3bfd7d290d3f9a0d31ab41ef,host-resident policy-required candidate/native tensors through K and record IDs
MEASURED,324,6,M11,10,7,15,38.6841,3.86841,150,29.290368652591624,a0bf5ff2544802077833319a55ebfc0228ffc6295c0a36ccf4330521d4d52b50,host-resident policy-required candidate/native tensors through K and record IDs
MEASURED,325,9,S_ADAPT,20,18,15,3.6446,0.18223,300,190.75923946499825,9943bb03a04288346d696a368477d8765dfa5fdc07e97dccb195952aa4a2224b,host-resident policy-required candidate/native tensors through K and record IDs
MEASURED,326,9,M11,20,12,15,67.9252,3.3962600000000003,300,53.20920175924987,fc2b11494f5d308c555d74b8c042864556e5f08f6c021d668b458f9b2a540852,host-resident policy-required candidate/native tensors through K and record IDs
MEASURED,327,8,M11,10,21,15,39.1253,3.9125300000000003,150,19.391039300255603,24be28c85e8c6e37273698233a1de1159223266e88ba59c844a4c09f91888603,host-resident policy-required candidate/native tensors through K and record IDs
MEASURED,328,3,PS_CLASS_PREFIX,40,1,15,32.0248,0.80062,600,147.718336962864,6978bd8f1d2a598c17d613d1481c7368deef06abdb1cb641e79c7953c299c455,host-resident policy-required candidate/native tensors through K and record IDs
MEASURED,329,0,PS_PREFIX,40,6,15,33.1353,0.8283825,600,152.41315462537847,f1f9906a1162f6a90372952c110937bee2051c00c06c1aebf594b65869538213,host-resident policy-required candidate/native tensors through K and record IDs
MEASURED,330,1,M11,10,0,15,36.9707,3.69707,150,26.568549553934723,f18086c6e46f391d4ac1957764deeae035db13225b77a1c26eb1a9e259e9bc61,host-resident policy-required candidate/native tensors through K and record IDs
MEASURED,331,6,S_ADAPT,20,16,15,3.9744,0.19872,300,171.95357298851013,0413a525608264d6682373cc476d4abe88a2de0eace100120713b830d5fedda3,host-resident policy-required candidate/native tensors through K and record IDs
MEASURED,332,8,M11,10,38,15,32.6572,3.2657200000000004,150,28.265318614095065,9673cc63050c1b0ae539c7b50e56ba3ba36818223218860fade220efb620d3c1,host-resident policy-required candidate/native tensors through K and record IDs
MEASURED,333,6,S_ADAPT,10,9,15,2.0869,0.20869,150,93.62151077389717,31213095d47234f2a3235a4f7d173b37a550bee384e2a64fc6ff5c0e074af163,host-resident policy-required candidate/native tensors through K and record IDs
MEASURED,334,7,M11,40,3,15,140.8476,3.52119,600,88.36887740387849,de99531c6de724e825e84d3b4ae99eaffd24c1e2ddbe27745a0ed41e164afe39,host-resident policy-required candidate/native tensors through K and record IDs
MEASURED,335,7,S_ADAPT,20,7,15,4.2413,0.212065,300,188.94826006889343,edbb25396bc039faaf278fded7ef054d990048570b72814500bee8d601e05414,host-resident policy-required candidate/native tensors through K and record IDs
MEASURED,336,4,S_ADAPT,20,5,15,4.154,0.2077,300,173.78133611381054,85772d383eb58f6a1364ceb4129e413a1814f5b3a73c05e0a9e8b0ef52c9d03a,host-resident policy-required candidate/native tensors through K and record IDs
MEASURED,337,7,M11,10,17,15,43.6392,4.36392,150,15.97911248749644,b5d08ae7215ad282017a53870c0a0ecf27776ba497ca05ad0af3d13eb1e6d630,host-resident policy-required candidate/native tensors through K and record IDs
MEASURED,338,7,S_ADAPT,20,16,15,4.1758,0.20878999999999998,300,171.95357298851013,0413a525608264d6682373cc476d4abe88a2de0eace100120713b830d5fedda3,host-resident policy-required candidate/native tensors through K and record IDs
MEASURED,339,7,S_ADAPT,10,7,15,1.765,0.1765,150,92.19294717907906,9db0c19f8478631d98a798e33ddc6a186e2906f32bf9649324d03a77a9ff56ad,host-resident policy-required candidate/native tensors through K and record IDs
MEASURED,340,2,S_ADAPT,10,30,15,1.6244,0.16244,150,86.29994821548462,6a2bcc07a6916c90ab195a5e9f9e672307c4dc738c4a297b23a4c71d77a07b13,host-resident policy-required candidate/native tensors through K and record IDs
MEASURED,341,9,S_ADAPT,10,8,15,1.5461,0.15461,150,90.46123763918877,fb4c6c44caeed443a70ed505a1fe6c3bee24c6999793d9971a050e8b90be88a7,host-resident policy-required candidate/native tensors through K and record IDs
MEASURED,342,3,M11,20,16,15,72.7316,3.63658,300,32.323463015008876,754a89b0a8d3a3f45e18f888d5a1c7d8226e6a9369c36a36ab485e66b5801ff9,host-resident policy-required candidate/native tensors through K and record IDs
MEASURED,343,8,M11,10,26,15,42.1452,4.21452,150,27.82774520154011,bb4d494f2f873377cb569d3a2c86aac6ed77739f96b9c02195fdabab7f78f2ed,host-resident policy-required candidate/native tensors through K and record IDs
MEASURED,344,9,S_ADAPT,10,39,15,2.1278,0.21278000000000002,150,83.38847097754478,1fdfbc3f7c03a51916c4e0be4f545737b48709e6cd1d426598dd0b6a4e30fbee,host-resident policy-required candidate/native tensors through K and record IDs
MEASURED,345,8,S_ADAPT,20,5,15,4.6983,0.23491499999999998,300,173.78133611381054,85772d383eb58f6a1364ceb4129e413a1814f5b3a73c05e0a9e8b0ef52c9d03a,host-resident policy-required candidate/native tensors through K and record IDs
MEASURED,346,2,M11,10,2,15,35.6446,3.5644599999999995,150,20.42665469066434,de05f81fd6ce148b190614d2bf524bc01f4a6d986a260511e5ab76410dc8f19e,host-resident policy-required candidate/native tensors through K and record IDs
MEASURED,347,6,M11,20,19,15,69.216,3.4608,300,45.50804985058315,af83fba9a5dfaeb4f7f97625e7c9081e54f26d09bb75b8de1a1a566ddda26e4e,host-resident policy-required candidate/native tensors through K and record IDs
MEASURED,348,1,M11,40,2,15,143.2422,3.581055,600,76.72862014182475,f493a602c5b529cbea5a89d5e1da092260904e75d3203719949276294972d8ba,host-resident policy-required candidate/native tensors through K and record IDs
MEASURED,349,9,S_ADAPT,20,10,15,4.5988,0.22993999999999998,300,174.93708074092865,7651aabe9f9fb19830624503217844347642eeb994744ea1c00f5699b0e31a42,host-resident policy-required candidate/native tensors through K and record IDs
MEASURED,350,2,S_ADAPT,20,2,15,3.1639,0.158195,300,178.80011892318726,6d9920a2c5ea2c44ab4f431f69437653c4c9fa5d2301d366d1bd9b3806718a2e,host-resident policy-required candidate/native tensors through K and record IDs
MEASURED,351,9,M11,10,16,15,45.4946,4.54946,150,15.143859907201344,85c31ff8562865c9d3fe0fabfb782617e7804c90b76297159ed109e82d2e509c,host-resident policy-required candidate/native tensors through K and record IDs
MEASURED,352,6,S_ADAPT,40,2,15,9.552,0.23879999999999998,600,358.3735456317663,142f28f71921191fd1b7bb187d689ee29367192e6f5e44659cc34cb25b5391c7,host-resident policy-required candidate/native tensors through K and record IDs
MEASURED,353,5,M11,10,37,15,34.7678,3.47678,150,25.200298822274767,deaea83359c58caa4e472e646be849000c0f21e7ba8b974893ba3685a64dc97e,host-resident policy-required candidate/native tensors through K and record IDs
MEASURED,354,1,PS_PREFIX,40,2,15,31.4576,0.78644,600,121.97137202956543,439b1b51601a6b056353aac980b410cbc77e6ca140f546e33f0f6cfde9983171,host-resident policy-required candidate/native tensors through K and record IDs
MEASURED,355,5,S_ADAPT,10,6,15,2.1524,0.21524000000000001,150,83.11101797223091,14b6ffadf087eadf9248842fafc1e2b3639e9d941f92d44e2f0f8f4a6667ceed,host-resident policy-required candidate/native tensors through K and record IDs
MEASURED,356,0,S_ADAPT,10,17,15,1.8166,0.18166,150,87.33095359802246,d04cb5a522045cf7f3fdc6943edd2c7e9601b850ce308760415590c048ab3f8a,host-resident policy-required candidate/native tensors through K and record IDs
MEASURED,357,3,S_ADAPT,10,14,15,2.4966,0.24966,150,95.96669745445251,4df7ae3c5880b8b938af66ea71a55e9fcfb1e5fb009b71e57cc2cecef5a9507b,host-resident policy-required candidate/native tensors through K and record IDs
MEASURED,358,4,M11,40,3,15,146.3038,3.6575949999999997,600,88.36887740387849,de99531c6de724e825e84d3b4ae99eaffd24c1e2ddbe27745a0ed41e164afe39,host-resident policy-required candidate/native tensors through K and record IDs
MEASURED,359,5,PS_CLASS_PREFIX,40,7,15,32.7277,0.8181925,600,176.6437419761645,c15b3de8b71d84c5d067b10c7a6c8bae032edfb4dc2d9017dead16aa8252896d,host-resident policy-required candidate/native tensors through K and record IDs
MEASURED,360,7,S_ADAPT,40,3,15,8.7359,0.21839750000000002,600,361.8156100809574,0542c6bf14ccb68f678573ad0458bd5e3bb5998b0478644ed2a56fb2585c5696,host-resident policy-required candidate/native tensors through K and record IDs
MEASURED,361,3,M11,40,3,15,155.6221,3.8905524999999996,600,88.36887740387849,de99531c6de724e825e84d3b4ae99eaffd24c1e2ddbe27745a0ed41e164afe39,host-resident policy-required candidate/native tensors through K and record IDs
MEASURED,362,9,M11,10,35,15,48.7083,4.87083,150,28.652045915812113,2a04a68c47a5e28608456e69f8c9870a90b4685af49dc55310e088d1062c5b09,host-resident policy-required candidate/native tensors through K and record IDs
MEASURED,363,8,M11,80,1,15,279.9459,3.49932375,1200,165.54806241090245,cdf3874635e25030f79900c3af192298261eb99ea545dd29943346d76f0e9fb0,host-resident policy-required candidate/native tensors through K and record IDs
MEASURED,364,6,M11,10,3,15,40.1809,4.01809,150,23.600619834352372,197d4a54b11eda8b4c0a236088593301f61232903228c72a19a7a99a834756ae,host-resident policy-required candidate/native tensors through K and record IDs
MEASURED,365,2,S_ADAPT,10,35,15,2.215,0.22149999999999997,150,93.84776049852371,259456af28301e8722bffceba754a1eb49470e7c8d46e6da1e28b8ed1019e283,host-resident policy-required candidate/native tensors through K and record IDs
MEASURED,366,9,PS_PREFIX,40,7,15,31.8454,0.796135,600,139.56909272451816,c8668acd4a25aadaae404efbacb2081b163be4bdbdd68068b8c8385e35f09fba,host-resident policy-required candidate/native tensors through K and record IDs
MEASURED,367,5,S_ADAPT,10,22,15,2.1331,0.21331000000000003,150,88.1693175137043,67e5d17d0da4c747afa8006e9b015272608f2b38ff4544ecabbb55ba6ec9706b,host-resident policy-required candidate/native tensors through K and record IDs
MEASURED,368,4,PS_PREFIX,40,6,15,32.4527,0.8113175,600,152.41315462537847,f1f9906a1162f6a90372952c110937bee2051c00c06c1aebf594b65869538213,host-resident policy-required candidate/native tensors through K and record IDs
MEASURED,369,1,S_ADAPT,10,24,15,2.1505,0.21505000000000002,150,97.39093405008316,337a47697cc51c376e7d9faa5a9c174a2594f4732406a21a68c1b42c17f6031c,host-resident policy-required candidate/native tensors through K and record IDs
MEASURED,370,2,PS_CLASS_PREFIX,40,6,15,33.2042,0.830105,600,159.7580929617269,5f6fd6586f9b0860f37bd82438c3c19c2fd75e0050c89d753a155b3895be9b35,host-resident policy-required candidate/native tensors through K and record IDs
MEASURED,371,2,M11,20,11,15,68.5828,3.4291400000000003,300,48.030932008467296,30b4e5de0fbb7e2aa340e0bdb3135519b2790229e464db84e7a9c18a7a66fee0,host-resident policy-required candidate/native tensors through K and record IDs
MEASURED,372,1,S_ADAPT,10,34,15,2.2351,0.22351000000000001,150,101.2994676232338,a2decff81d1f05fe6ccbf288846acff87effb7ff9c928e2eb7051f8c9a8d381b,host-resident policy-required candidate/native tensors through K and record IDs
MEASURED,373,2,S_ADAPT,10,0,15,1.9655,0.19655,150,92.10543185472488,2aa0f1eeb0f2d36847ce9525f8c79ab3b92338ac0994c9f6a39d54cf6bb74a2f,host-resident policy-required candidate/native tensors through K and record IDs
MEASURED,374,4,M11,20,3,15,67.2946,3.36473,300,48.19475735069779,904ce76aa951a7d08d5390631854e4f69a2e4bf5fbc7c925bbd8139d0e26ea27,host-resident policy-required candidate/native tensors through K and record IDs
MEASURED,375,8,M11,20,16,15,69.9233,3.496165,300,32.323463015008876,754a89b0a8d3a3f45e18f888d5a1c7d8226e6a9369c36a36ab485e66b5801ff9,host-resident policy-required candidate/native tensors through K and record IDs
MEASURED,376,8,M11,10,24,15,40.2489,4.02489,150,26.90031331005837,840b6ecb1f98ef107299ec3e02788e95c51d6c5a68a1e9b9952b1f724a335d2d,host-resident policy-required candidate/native tensors through K and record IDs
MEASURED,377,7,S_ADAPT,20,13,15,5.0676,0.25338,300,191.62258660793304,ca5311c84dbe2d201ef36df5a6a9e2937f094a68355fd12a664c6cae594d02de,host-resident policy-required candidate/native tensors through K and record IDs
MEASURED,378,0,PS_PREFIX,40,1,15,32.1482,0.8037050000000001,600,127.26903411831033,d283dab96a20f1aa11d8b1b2087f6ccb545114ca40ca1c3b3e848dc90f7ecbf1,host-resident policy-required candidate/native tensors through K and record IDs
MEASURED,379,1,S_ADAPT,10,13,15,2.3237,0.23237000000000002,150,91.94036191701889,0022c38aa69ab2d483f75f5b6a7bb6fbbb92b2b7f8fc0a0f8d0d9cd2dff5e52c,host-resident policy-required candidate/native tensors through K and record IDs
MEASURED,380,9,S_ADAPT,40,3,15,7.6859,0.1921475,600,361.8156100809574,0542c6bf14ccb68f678573ad0458bd5e3bb5998b0478644ed2a56fb2585c5696,host-resident policy-required candidate/native tensors through K and record IDs
MEASURED,381,3,M11,10,23,15,42.1629,4.21629,150,25.159577238042274,7f95fa52bca5e4d832e97038174784b0046e55c31098cc28f7853b05f41882fd,host-resident policy-required candidate/native tensors through K and record IDs
MEASURED,382,6,M11,80,2,15,281.0083,3.5126037500000002,1200,171.91242156372655,ad35d60f61bce5e6fa58f2019a8594e4a9302c14183036c8feb6e7ec3ed3cc37,host-resident policy-required candidate/native tensors through K and record IDs
MEASURED,383,1,M11,10,23,15,36.8806,3.68806,150,25.159577238042274,7f95fa52bca5e4d832e97038174784b0046e55c31098cc28f7853b05f41882fd,host-resident policy-required candidate/native tensors through K and record IDs
MEASURED,384,9,S_ADAPT,20,13,15,4.7937,0.239685,300,191.62258660793304,ca5311c84dbe2d201ef36df5a6a9e2937f094a68355fd12a664c6cae594d02de,host-resident policy-required candidate/native tensors through K and record IDs
MEASURED,385,5,S_ADAPT,10,29,15,1.6917,0.16917,150,94.83080992102623,711ffec6ecc0b071f2ca9a4d9bb3f38fa4c376cd5fd09667a497ba58464dd507,host-resident policy-required candidate/native tensors through K and record IDs
MEASURED,386,3,M11,20,2,15,74.5324,3.7266199999999996,300,52.29641322977469,6e75345642d65635f8d90c2a6eb8d9e4d2c9b182d9c6640cbf69e4fe4ad3b470,host-resident policy-required candidate/native tensors through K and record IDs
MEASURED,387,8,S_ADAPT,20,1,15,4.1107,0.20553499999999997,300,169.44759967923164,328992b110282c5d5fbb1025e516d36544d129a0e4d3365e777e272e61aa0ee2,host-resident policy-required candidate/native tensors through K and record IDs
MEASURED,388,4,M11,20,2,15,67.0987,3.354935,300,52.29641322977469,6e75345642d65635f8d90c2a6eb8d9e4d2c9b182d9c6640cbf69e4fe4ad3b470,host-resident policy-required candidate/native tensors through K and record IDs
MEASURED,389,0,M11,10,23,15,35.0769,3.50769,150,25.159577238042274,7f95fa52bca5e4d832e97038174784b0046e55c31098cc28f7853b05f41882fd,host-resident policy-required candidate/native tensors through K and record IDs
MEASURED,390,8,PS_PREFIX,40,2,15,33.7827,0.8445674999999999,600,121.97137202956543,439b1b51601a6b056353aac980b410cbc77e6ca140f546e33f0f6cfde9983171,host-resident policy-required candidate/native tensors through K and record IDs
MEASURED,391,6,M11,10,2,15,35.2617,3.5261699999999996,150,20.42665469066434,de05f81fd6ce148b190614d2bf524bc01f4a6d986a260511e5ab76410dc8f19e,host-resident policy-required candidate/native tensors through K and record IDs
MEASURED,392,1,M11,10,28,15,35.6575,3.56575,150,25.697506673429988,b1cd5d6d9f58312eb06276086b11a582b1d85fb019eb51a2481927db081d6151,host-resident policy-required candidate/native tensors through K and record IDs
MEASURED,393,7,S_ADAPT,10,3,15,2.059,0.20590000000000003,150,91.17850151658058,1af0b49a99ea345494d984b82ce36d1a525a93add9e10f92b488192ed29656d0,host-resident policy-required candidate/native tensors through K and record IDs
MEASURED,394,8,M11,10,15,15,37.8197,3.78197,150,21.217235383089072,9c158fa53ac9903841c2bd7c092da38409b969d8fc7b9f3ab2126a73ee94eaab,host-resident policy-required candidate/native tensors through K and record IDs
MEASURED,395,6,M11,10,9,15,201.8648,20.18648,150,21.002915189186872,5b84dd7c8d19b04fce83a753963756380a4082ef59f9f58d68999cb8457ea874,host-resident policy-required candidate/native tensors through K and record IDs
MEASURED,396,7,M11,10,23,15,37.3191,3.73191,150,25.159577238042274,7f95fa52bca5e4d832e97038174784b0046e55c31098cc28f7853b05f41882fd,host-resident policy-required candidate/native tensors through K and record IDs
MEASURED,397,2,M11,20,5,15,67.2951,3.364755,300,32.8827528544208,51aedba733815a8799c98f440436494e502769069fc6e4ace84f1e22e49b4c9d,host-resident policy-required candidate/native tensors through K and record IDs
MEASURED,398,6,S_ADAPT,10,37,15,2.677,0.2677,150,89.95280921459198,61f50d47496545d626d09b1cee5cf90bcfa80d32f018a81163d1362d5c153ccb,host-resident policy-required candidate/native tensors through K and record IDs
MEASURED,399,0,S_ADAPT,40,3,15,9.2908,0.23227000000000003,600,361.8156100809574,0542c6bf14ccb68f678573ad0458bd5e3bb5998b0478644ed2a56fb2585c5696,host-resident policy-required candidate/native tensors through K and record IDs
MEASURED,400,0,M11,40,8,15,140.7875,3.5196875,600,101.83546079121663,3005e2d00690dc3edfa0db32d791d2480bfe9884a0c07b6149436beb0f521812,host-resident policy-required candidate/native tensors through K and record IDs
MEASURED,401,5,M11,40,1,15,139.1007,3.4775175,600,100.49787166982753,6e4e6a2228e9ac61dc332c40a82be24c97b7b6c6e7333ea0fc55297c077ec059,host-resident policy-required candidate/native tensors through K and record IDs
MEASURED,402,9,M11,20,14,15,70.4988,3.52494,300,68.82805772204135,3bcfe8fa19dfa6b4e1122bd07fcc32801a07e327cfcfea69d85ac563eeccaa49,host-resident policy-required candidate/native tensors through K and record IDs
MEASURED,403,5,M11,10,3,15,39.1496,3.9149599999999998,150,23.600619834352372,197d4a54b11eda8b4c0a236088593301f61232903228c72a19a7a99a834756ae,host-resident policy-required candidate/native tensors through K and record IDs
MEASURED,404,4,M11,10,2,15,36.2903,3.62903,150,20.42665469066434,de05f81fd6ce148b190614d2bf524bc01f4a6d986a260511e5ab76410dc8f19e,host-resident policy-required candidate/native tensors through K and record IDs
MEASURED,405,0,S_ADAPT,10,22,15,2.1871,0.21871000000000002,150,88.1693175137043,67e5d17d0da4c747afa8006e9b015272608f2b38ff4544ecabbb55ba6ec9706b,host-resident policy-required candidate/native tensors through K and record IDs
MEASURED,406,8,PS_CLASS_PREFIX,40,1,15,35.5925,0.8898125,600,147.718336962864,6978bd8f1d2a598c17d613d1481c7368deef06abdb1cb641e79c7953c299c455,host-resident policy-required candidate/native tensors through K and record IDs
MEASURED,407,9,S_ADAPT,40,6,15,8.6534,0.216335,600,384.2117875814438,0313f50eb82a82acc8ad078ac418b19e4bfe509846ee3194d96f2ddea779d7f3,host-resident policy-required candidate/native tensors through K and record IDs
MEASURED,408,6,S_ADAPT,10,22,15,3.2172,0.32172,150,88.1693175137043,67e5d17d0da4c747afa8006e9b015272608f2b38ff4544ecabbb55ba6ec9706b,host-resident policy-required candidate/native tensors through K and record IDs
MEASURED,409,0,S_ADAPT,10,33,15,1.7748,0.17748,150,87.52090319991112,f2796b356f074f2c333c7c58546a275ba31e8861209d146c6cbb7890e215e668,host-resident policy-required candidate/native tensors through K and record IDs
MEASURED,410,6,M11,20,3,15,80.5508,4.02754,300,48.19475735069779,904ce76aa951a7d08d5390631854e4f69a2e4bf5fbc7c925bbd8139d0e26ea27,host-resident policy-required candidate/native tensors through K and record IDs
MEASURED,411,5,M11,10,17,15,37.5811,3.75811,150,15.97911248749644,b5d08ae7215ad282017a53870c0a0ecf27776ba497ca05ad0af3d13eb1e6d630,host-resident policy-required candidate/native tensors through K and record IDs
MEASURED,412,9,M11,20,11,15,67.9129,3.3956449999999996,300,48.030932008467296,30b4e5de0fbb7e2aa340e0bdb3135519b2790229e464db84e7a9c18a7a66fee0,host-resident policy-required candidate/native tensors through K and record IDs
MEASURED,413,5,M11,10,21,15,36.3577,3.63577,150,19.391039300255603,24be28c85e8c6e37273698233a1de1159223266e88ba59c844a4c09f91888603,host-resident policy-required candidate/native tensors through K and record IDs
MEASURED,414,3,M11,40,6,15,140.7358,3.5183950000000004,600,106.38732863045063,084ec29426edbb4bc589984319a3d3c39e0b4c8656ec0a75c002b686a2ae678b,host-resident policy-required candidate/native tensors through K and record IDs
MEASURED,415,9,PS_CLASS_PREFIX,40,3,15,31.9382,0.7984549999999999,600,134.09956403258127,cd8b1fc30473b536e0a51170e86da6ea1bf952271ba4f251822a17d8e610bffa,host-resident policy-required candidate/native tensors through K and record IDs
MEASURED,416,6,S_ADAPT,10,30,15,3.6427,0.36427,150,86.29994821548462,6a2bcc07a6916c90ab195a5e9f9e672307c4dc738c4a297b23a4c71d77a07b13,host-resident policy-required candidate/native tensors through K and record IDs
MEASURED,417,5,S_ADAPT,20,15,15,3.3982,0.16991,300,182.23617509007454,d344c6a46bef99197b349ab1040136022cdf9cb3e6e992c2c89395647e42953a,host-resident policy-required candidate/native tensors through K and record IDs
MEASURED,418,8,PS_CLASS_PREFIX,40,6,15,32.5487,0.8137174999999999,600,159.7580929617269,5f6fd6586f9b0860f37bd82438c3c19c2fd75e0050c89d753a155b3895be9b35,host-resident policy-required candidate/native tensors through K and record IDs
MEASURED,419,4,S_ADAPT,10,7,15,2.4438,0.24438,150,92.19294717907906,9db0c19f8478631d98a798e33ddc6a186e2906f32bf9649324d03a77a9ff56ad,host-resident policy-required candidate/native tensors through K and record IDs
MEASURED,420,1,S_ADAPT,10,21,15,2.7204,0.27204,150,81.6864028275013,875bc59820bf3ec61007014dfe4dafb1ebfb2b83de7164d930a0d7fdb558ec74,host-resident policy-required candidate/native tensors through K and record IDs
MEASURED,421,6,M11,40,6,15,141.8447,3.5461175,600,106.38732863045063,084ec29426edbb4bc589984319a3d3c39e0b4c8656ec0a75c002b686a2ae678b,host-resident policy-required candidate/native tensors through K and record IDs
MEASURED,422,4,S_ADAPT,10,30,15,2.9448,0.29447999999999996,150,86.29994821548462,6a2bcc07a6916c90ab195a5e9f9e672307c4dc738c4a297b23a4c71d77a07b13,host-resident policy-required candidate/native tensors through K and record IDs
MEASURED,423,8,M11,20,2,15,70.4568,3.52284,300,52.29641322977469,6e75345642d65635f8d90c2a6eb8d9e4d2c9b182d9c6640cbf69e4fe4ad3b470,host-resident policy-required candidate/native tensors through K and record IDs
MEASURED,424,5,S_ADAPT,20,19,15,4.699,0.23495,300,181.42042163014412,d2a8d0341052e85c558a6e02225f565af9f743b75c5a8bbcf983bddc55dadf3f,host-resident policy-required candidate/native tensors through K and record IDs
MEASURED,425,0,S_ADAPT,10,29,15,1.7852,0.17851999999999998,150,94.83080992102623,711ffec6ecc0b071f2ca9a4d9bb3f38fa4c376cd5fd09667a497ba58464dd507,host-resident policy-required candidate/native tensors through K and record IDs
MEASURED,426,8,S_ADAPT,40,9,15,7.8634,0.196585,600,372.1882814466953,87e13397e7745cd8f91fd45ba560910bf9f6a685e50c45ab9e513195986b0251,host-resident policy-required candidate/native tensors through K and record IDs
MEASURED,427,4,S_ADAPT,10,19,15,2.6931,0.26931,150,88.98211605846882,a6186614914bb49974ebde1b2f58ca612df1a4b866994eb81ad086ea942550cd,host-resident policy-required candidate/native tensors through K and record IDs
MEASURED,428,7,S_ADAPT,10,34,15,2.3845,0.23845,150,101.2994676232338,a2decff81d1f05fe6ccbf288846acff87effb7ff9c928e2eb7051f8c9a8d381b,host-resident policy-required candidate/native tensors through K and record IDs
MEASURED,429,1,PS_PREFIX,40,4,15,33.7158,0.8428950000000001,600,121.89298869800506,8a9d6c5f76391e5232fb3022e83d2ed562562b06350087da08cad75771128dfa,host-resident policy-required candidate/native tensors through K and record IDs
MEASURED,430,5,M11,20,0,15,69.8501,3.492505,300,42.6693555309175,97acb517dee862285451aae0cdca71cafe34956ebbe3ed12d6745c63a612b4c4,host-resident policy-required candidate/native tensors through K and record IDs
MEASURED,431,4,S_ADAPT,10,9,15,2.6339,0.26339,150,93.62151077389717,31213095d47234f2a3235a4f7d173b37a550bee384e2a64fc6ff5c0e074af163,host-resident policy-required candidate/native tensors through K and record IDs
MEASURED,432,4,S_ADAPT,10,37,15,1.9052,0.19052,150,89.95280921459198,61f50d47496545d626d09b1cee5cf90bcfa80d32f018a81163d1362d5c153ccb,host-resident policy-required candidate/native tensors through K and record IDs
MEASURED,433,3,S_ADAPT,40,0,15,9.3708,0.23426999999999998,600,346.133333414793,f63dfa3cc8990b2fec61a052139f406e450a18d572a83e1a17cc17a5196fadc3,host-resident policy-required candidate/native tensors through K and record IDs
MEASURED,434,2,S_ADAPT,10,32,15,2.8141,0.28141,150,84.3570699095726,bc2705adeadcf53617255a515770baf78df23bbdf3f7a1926b475e5a3b9a315e,host-resident policy-required candidate/native tensors through K and record IDs
MEASURED,435,0,S_ADAPT,10,11,15,1.6677,0.16677,150,85.04481673240662,72a3b1a577107d160c4359460949d9f88c060ed80855b85a585ee356a258d509,host-resident policy-required candidate/native tensors through K and record IDs
MEASURED,436,1,S_ADAPT,20,14,15,4.0463,0.20231499999999997,300,189.7540007531643,c0c17c77770c250341d765918dc25fd9f2f39d508f7f29ec190f561e0c1ad927,host-resident policy-required candidate/native tensors through K and record IDs
MEASURED,437,5,S_ADAPT,80,1,15,15.3784,0.19222999999999998,1200,720.7490096539259,460b06f0cca8c27896a7bb2998727be28b6542ab13644610e46e969f99404e83,host-resident policy-required candidate/native tensors through K and record IDs
MEASURED,438,3,M11,20,14,15,75.1129,3.755645,300,68.82805772204135,3bcfe8fa19dfa6b4e1122bd07fcc32801a07e327cfcfea69d85ac563eeccaa49,host-resident policy-required candidate/native tensors through K and record IDs
MEASURED,439,5,M11,10,28,15,35.3272,3.53272,150,25.697506673429988,b1cd5d6d9f58312eb06276086b11a582b1d85fb019eb51a2481927db081d6151,host-resident policy-required candidate/native tensors through K and record IDs
MEASURED,440,5,S_ADAPT,10,2,15,1.9765,0.19765,150,77.38685169816017,fffaa726d1f44bf95b34a7da4ee27d525fc95ad265f37fc9aaf76ff88708dbdf,host-resident policy-required candidate/native tensors through K and record IDs
MEASURED,441,0,M11,10,35,15,49.0846,4.90846,150,28.652045915812113,2a04a68c47a5e28608456e69f8c9870a90b4685af49dc55310e088d1062c5b09,host-resident policy-required candidate/native tensors through K and record IDs
MEASURED,442,9,PS_CLASS_PREFIX,40,2,15,31.6034,0.790085,600,128.98713551520905,b2ca958d49cd3684194ceb29401cda4f922ccbc792bcfc13c46f0ae8d7a68bc1,host-resident policy-required candidate/native tensors through K and record IDs
MEASURED,443,0,M11,10,3,15,39.8531,3.9853099999999997,150,23.600619834352372,197d4a54b11eda8b4c0a236088593301f61232903228c72a19a7a99a834756ae,host-resident policy-required candidate/native tensors through K and record IDs
MEASURED,444,7,S_ADAPT,10,36,15,1.932,0.19319999999999998,150,100.10815408825874,74559fa0f9d5675b4259236c8eb8f6060b66cdf85342f53456923405c952e00c,host-resident policy-required candidate/native tensors through K and record IDs
MEASURED,445,6,M11,10,21,15,34.4645,3.44645,150,19.391039300255603,24be28c85e8c6e37273698233a1de1159223266e88ba59c844a4c09f91888603,host-resident policy-required candidate/native tensors through K and record IDs
MEASURED,446,8,M11,20,12,15,64.4351,3.2217550000000004,300,53.20920175924987,fc2b11494f5d308c555d74b8c042864556e5f08f6c021d668b458f9b2a540852,host-resident policy-required candidate/native tensors through K and record IDs
MEASURED,447,0,PS_PREFIX,40,3,15,33.162,0.82905,600,131.29255908504786,87a0ababb25e82e466c40f023339543ad7e7ebac30275b36935e564c1448d58c,host-resident policy-required candidate/native tensors through K and record IDs
MEASURED,448,9,PS_PREFIX,40,0,15,31.7074,0.792685,600,115.69744959412655,db5a6cd9d2c6bf511a20f75200f68b37ecf9114b1471e6fd76c46c4d3c9ffe1d,host-resident policy-required candidate/native tensors through K and record IDs
MEASURED,449,5,PS_PREFIX,40,6,15,31.9841,0.7996025,600,152.41315462537847,f1f9906a1162f6a90372952c110937bee2051c00c06c1aebf594b65869538213,host-resident policy-required candidate/native tensors through K and record IDs
MEASURED,450,9,M11,10,28,15,42.4518,4.2451799999999995,150,25.697506673429988,b1cd5d6d9f58312eb06276086b11a582b1d85fb019eb51a2481927db081d6151,host-resident policy-required candidate/native tensors through K and record IDs
MEASURED,451,6,S_ADAPT,80,4,15,16.453,0.2056625,1200,742.0682516694069,2847bf2d7a6745bab266a97e79a762c4bd59c38e6081441e6c45fc2666662e95,host-resident policy-required candidate/native tensors through K and record IDs
MEASURED,452,9,M11,20,16,15,74.7993,3.739965,300,32.323463015008876,754a89b0a8d3a3f45e18f888d5a1c7d8226e6a9369c36a36ab485e66b5801ff9,host-resident policy-required candidate/native tensors through K and record IDs
MEASURED,453,6,PS_PREFIX,40,5,15,32.3448,0.80862,600,127.49238484490243,8c40ab417b040e0e46fb044a1c2e0ee40d077b6ae813c94261510087b287ca73,host-resident policy-required candidate/native tensors through K and record IDs
MEASURED,454,4,S_ADAPT,20,7,15,4.6026,0.23013,300,188.94826006889343,edbb25396bc039faaf278fded7ef054d990048570b72814500bee8d601e05414,host-resident policy-required candidate/native tensors through K and record IDs
MEASURED,455,1,S_ADAPT,40,6,15,7.4342,0.185855,600,384.2117875814438,0313f50eb82a82acc8ad078ac418b19e4bfe509846ee3194d96f2ddea779d7f3,host-resident policy-required candidate/native tensors through K and record IDs
MEASURED,456,4,M11,80,1,15,288.1283,3.60160375,1200,165.54806241090245,cdf3874635e25030f79900c3af192298261eb99ea545dd29943346d76f0e9fb0,host-resident policy-required candidate/native tensors through K and record IDs
MEASURED,457,1,S_ADAPT,10,15,15,2.3563,0.23563,150,92.52730506658554,eada6c593e7b2e1fee5a54484ede13c4fcdde041c72543e99653f15d857ba527,host-resident policy-required candidate/native tensors through K and record IDs
MEASURED,458,2,S_ADAPT,10,7,15,2.3606,0.23606,150,92.19294717907906,9db0c19f8478631d98a798e33ddc6a186e2906f32bf9649324d03a77a9ff56ad,host-resident policy-required candidate/native tensors through K and record IDs
MEASURED,459,4,PS_PREFIX,40,1,15,30.9769,0.7744225,600,127.26903411831033,d283dab96a20f1aa11d8b1b2087f6ccb545114ca40ca1c3b3e848dc90f7ecbf1,host-resident policy-required candidate/native tensors through K and record IDs
MEASURED,460,7,M11,10,26,15,36.8821,3.68821,150,27.82774520154011,bb4d494f2f873377cb569d3a2c86aac6ed77739f96b9c02195fdabab7f78f2ed,host-resident policy-required candidate/native tensors through K and record IDs
MEASURED,461,1,S_ADAPT,10,28,15,2.2066,0.22066,150,94.63978198170662,1af3b041ce66e6ac6e9d5ef06117b0551171649ed7cd1188d31640427be0418c,host-resident policy-required candidate/native tensors through K and record IDs
MEASURED,462,0,PS_PREFIX,40,7,15,33.0831,0.8270775,600,139.56909272451816,c8668acd4a25aadaae404efbacb2081b163be4bdbdd68068b8c8385e35f09fba,host-resident policy-required candidate/native tensors through K and record IDs
MEASURED,463,3,S_ADAPT,40,1,15,7.63,0.19075,600,354.89996725320816,3a46410a671f6e4d4ea84344a22b8e841726860290f274599424313d93b46266,host-resident policy-required candidate/native tensors through K and record IDs
MEASURED,464,9,PS_PREFIX,40,5,15,32.3634,0.8090849999999999,600,127.49238484490243,8c40ab417b040e0e46fb044a1c2e0ee40d077b6ae813c94261510087b287ca73,host-resident policy-required candidate/native tensors through K and record IDs
MEASURED,465,3,S_ADAPT,10,30,15,2.1847,0.21847,150,86.29994821548462,6a2bcc07a6916c90ab195a5e9f9e672307c4dc738c4a297b23a4c71d77a07b13,host-resident policy-required candidate/native tensors through K and record IDs
MEASURED,466,6,S_ADAPT,40,1,15,7.1362,0.17840499999999998,600,354.89996725320816,3a46410a671f6e4d4ea84344a22b8e841726860290f274599424313d93b46266,host-resident policy-required candidate/native tensors through K and record IDs
MEASURED,467,6,M11,20,2,15,71.8554,3.5927700000000002,300,52.29641322977469,6e75345642d65635f8d90c2a6eb8d9e4d2c9b182d9c6640cbf69e4fe4ad3b470,host-resident policy-required candidate/native tensors through K and record IDs
MEASURED,468,2,S_ADAPT,10,24,15,2.3031,0.23031000000000001,150,97.39093405008316,337a47697cc51c376e7d9faa5a9c174a2594f4732406a21a68c1b42c17f6031c,host-resident policy-required candidate/native tensors through K and record IDs
MEASURED,469,3,S_ADAPT,10,32,15,1.8421,0.18421,150,84.3570699095726,bc2705adeadcf53617255a515770baf78df23bbdf3f7a1926b475e5a3b9a315e,host-resident policy-required candidate/native tensors through K and record IDs
MEASURED,470,3,M11,10,2,15,36.7116,3.6711599999999995,150,20.42665469066434,de05f81fd6ce148b190614d2bf524bc01f4a6d986a260511e5ab76410dc8f19e,host-resident policy-required candidate/native tensors through K and record IDs
MEASURED,471,4,M11,10,12,15,37.1504,3.7150399999999997,150,16.37465772788938,14ea96c11e13c0bc275dcbc5b2486c2804e5e4a6598171a2e14a0132265ed1f9,host-resident policy-required candidate/native tensors through K and record IDs
MEASURED,472,2,S_ADAPT,10,21,15,1.9806,0.19805999999999999,150,81.6864028275013,875bc59820bf3ec61007014dfe4dafb1ebfb2b83de7164d930a0d7fdb558ec74,host-resident policy-required candidate/native tensors through K and record IDs
MEASURED,473,2,M11,20,9,15,70.4271,3.521355,300,48.0363328234864,af0a76b7b3663d866a8246e193b43c1ea09ea44b2a85e26b91b7b5a669e67ff1,host-resident policy-required candidate/native tensors through K and record IDs
MEASURED,474,1,M11,10,14,15,36.3848,3.63848,150,30.60993039404241,6c5f6a75152bfb9f0170e1acc8b8db31f2fe6d52fb619fed02d9ec2c066758d4,host-resident policy-required candidate/native tensors through K and record IDs
MEASURED,475,8,S_ADAPT,80,4,15,15.9873,0.19984125,1200,742.0682516694069,2847bf2d7a6745bab266a97e79a762c4bd59c38e6081441e6c45fc2666662e95,host-resident policy-required candidate/native tensors through K and record IDs
MEASURED,476,4,S_ADAPT,40,1,15,7.3369,0.1834225,600,354.89996725320816,3a46410a671f6e4d4ea84344a22b8e841726860290f274599424313d93b46266,host-resident policy-required candidate/native tensors through K and record IDs
MEASURED,477,0,S_ADAPT,10,19,15,1.854,0.1854,150,88.98211605846882,a6186614914bb49974ebde1b2f58ca612df1a4b866994eb81ad086ea942550cd,host-resident policy-required candidate/native tensors through K and record IDs
MEASURED,478,9,M11,10,9,15,42.1091,4.21091,150,21.002915189186872,5b84dd7c8d19b04fce83a753963756380a4082ef59f9f58d68999cb8457ea874,host-resident policy-required candidate/native tensors through K and record IDs
MEASURED,479,5,PS_CLASS_PREFIX,40,5,15,44.8569,1.1214225,600,138.6275444463038,fb8bb5bb515a229c7594a7e9d62736d457014c2c8f1e5e9d28b58c8284dc82c5,host-resident policy-required candidate/native tensors through K and record IDs
MEASURED,480,4,M11,20,18,15,70.0621,3.503105,300,63.8480957782682,177460e68782664a9113a40f86bc409a8c72183e819d65d9c29317a4a93b088f,host-resident policy-required candidate/native tensors through K and record IDs
MEASURED,481,7,S_ADAPT,10,32,15,2.1612,0.21612,150,84.3570699095726,bc2705adeadcf53617255a515770baf78df23bbdf3f7a1926b475e5a3b9a315e,host-resident policy-required candidate/native tensors through K and record IDs
MEASURED,482,0,S_ADAPT,10,12,15,1.872,0.1872,150,79.4385441839695,4cb9ade8a1ecd791cdfc3edd448f61f4357c2f8a09b37a3e695eb7276780f692,host-resident policy-required candidate/native tensors through K and record IDs
MEASURED,483,1,M11,40,3,15,142.5671,3.5641775000000004,600,88.36887740387849,de99531c6de724e825e84d3b4ae99eaffd24c1e2ddbe27745a0ed41e164afe39,host-resident policy-required candidate/native tensors through K and record IDs
MEASURED,484,5,PS_PREFIX,40,5,15,32.6943,0.8173575,600,127.49238484490243,8c40ab417b040e0e46fb044a1c2e0ee40d077b6ae813c94261510087b287ca73,host-resident policy-required candidate/native tensors through K and record IDs
MEASURED,485,7,M11,20,7,15,72.5782,3.62891,300,52.487763568033394,35592b264e37d6c83f19e03b8edf2d92bf9bfdc9a912a72212c624b6de8aae9b,host-resident policy-required candidate/native tensors through K and record IDs
MEASURED,486,7,S_ADAPT,20,9,15,4.3047,0.215235,300,184.12518568336964,6a56a490b378b3af837b1902ab36aca64d6fe43b2555ebb6de5e52ce7799b1e9,host-resident policy-required candidate/native tensors through K and record IDs
MEASURED,487,5,M11,20,5,15,69.1642,3.45821,300,32.8827528544208,51aedba733815a8799c98f440436494e502769069fc6e4ace84f1e22e49b4c9d,host-resident policy-required candidate/native tensors through K and record IDs
MEASURED,488,0,M11,10,34,15,35.2607,3.52607,150,37.68158938848324,1432c6a8ae05a6c57bd4c6c2c5c2c676dea5f122f3f2adff4028e7bcd4ceb0fe,host-resident policy-required candidate/native tensors through K and record IDs
MEASURED,489,0,S_ADAPT,20,0,15,3.7213,0.18606499999999998,300,176.4440060555935,1bfc659bac89b1a185f3a4d2201b1cb0eecb07e2a9cadf7c950d3bf5cbf05a73,host-resident policy-required candidate/native tensors through K and record IDs
MEASURED,490,2,M11,10,33,15,36.3005,3.6300499999999998,150,14.856807958208437,4e9ea27c72edd34a27c147cd71491488a3951f2ad899e4c4ecbf6dd8614f9921,host-resident policy-required candidate/native tensors through K and record IDs
MEASURED,491,3,S_ADAPT,10,28,15,2.101,0.2101,150,94.63978198170662,1af3b041ce66e6ac6e9d5ef06117b0551171649ed7cd1188d31640427be0418c,host-resident policy-required candidate/native tensors through K and record IDs
MEASURED,492,4,M11,40,7,15,138.7093,3.4677325000000003,600,122.55891236166077,8852e1ab47e649c5cde968f8336074564feee1c3c32a859e528486249f98ce75,host-resident policy-required candidate/native tensors through K and record IDs
MEASURED,493,7,M11,10,14,15,44.4533,4.44533,150,30.60993039404241,6c5f6a75152bfb9f0170e1acc8b8db31f2fe6d52fb619fed02d9ec2c066758d4,host-resident policy-required candidate/native tensors through K and record IDs
MEASURED,494,3,M11,20,17,15,65.981,3.29905,300,66.64971844791594,acdacd51340f2fb4953ed00ec1990916249d11b97e105be63ff9749f6f4b3505,host-resident policy-required candidate/native tensors through K and record IDs
MEASURED,495,4,S_ADAPT,20,15,15,4.1347,0.20673499999999997,300,182.23617509007454,d344c6a46bef99197b349ab1040136022cdf9cb3e6e992c2c89395647e42953a,host-resident policy-required candidate/native tensors through K and record IDs
MEASURED,496,2,M11,20,17,15,68.0835,3.404175,300,66.64971844791594,acdacd51340f2fb4953ed00ec1990916249d11b97e105be63ff9749f6f4b3505,host-resident policy-required candidate/native tensors through K and record IDs
MEASURED,497,8,S_ADAPT,10,0,15,2.4102,0.24102,150,92.10543185472488,2aa0f1eeb0f2d36847ce9525f8c79ab3b92338ac0994c9f6a39d54cf6bb74a2f,host-resident policy-required candidate/native tensors through K and record IDs
MEASURED,498,9,M11,10,22,15,35.4917,3.54917,150,22.510549877284102,684fe63a8dc55a378348673b549861303072bd32e45dfe9eb5e5551b7e56d6fa,host-resident policy-required candidate/native tensors through K and record IDs
MEASURED,499,4,S_ADAPT,40,8,15,8.3672,0.20918,600,369.87653109431267,a2ecc8c23245d80af28aa6d62c6d46a9074a0b5173b1f84cc1a938bdf354241f,host-resident policy-required candidate/native tensors through K and record IDs
MEASURED,500,5,M11,10,1,15,37.2641,3.72641,150,15.639920970241969,a6167b0584cd1caf9bbbc3793064ca384bfab11be6cf182c31291d62eb27f0e3,host-resident policy-required candidate/native tensors through K and record IDs
MEASURED,501,0,S_ADAPT,20,11,15,4.3498,0.21749000000000002,300,188.01957547664642,95f172e3cece9be582c121d785782dab7d0f6adcda6e0cc9761a6e7f061a184a,host-resident policy-required candidate/native tensors through K and record IDs
MEASURED,502,8,M11,10,0,15,36.3256,3.6325600000000002,150,26.568549553934723,f18086c6e46f391d4ac1957764deeae035db13225b77a1c26eb1a9e259e9bc61,host-resident policy-required candidate/native tensors through K and record IDs
MEASURED,503,6,M11,10,17,15,35.8343,3.58343,150,15.97911248749644,b5d08ae7215ad282017a53870c0a0ecf27776ba497ca05ad0af3d13eb1e6d630,host-resident policy-required candidate/native tensors through K and record IDs
MEASURED,504,3,S_ADAPT,10,23,15,1.9818,0.19818,150,98.58994302153587,e70b1b5d90c407258c7b5793a51e4c03652618951f22c17ef94b5a5b59aafed4,host-resident policy-required candidate/native tensors through K and record IDs
MEASURED,505,4,S_ADAPT,20,6,15,3.7511,0.187555,300,172.49611538648605,505f6ee76ae3dc289646a331bc9575ae60d9f3d6ffffa405890761769758d375,host-resident policy-required candidate/native tensors through K and record IDs
MEASURED,506,5,M11,80,4,15,299.2028,3.740035,1200,211.7179591258768,5dff99880db7d9ae9e42e5c2adbbcf9c3a386f1b632546541898311bc611a587,host-resident policy-required candidate/native tensors through K and record IDs
MEASURED,507,4,S_ADAPT,20,3,15,4.6266,0.23132999999999998,300,175.83587780594826,b7add291b958040013d1c54ecf1e1b5d35142f07e98e1133aab357ab95fc6afb,host-resident policy-required candidate/native tensors through K and record IDs
MEASURED,508,9,M11,20,19,15,65.9483,3.297415,300,45.50804985058315,af83fba9a5dfaeb4f7f97625e7c9081e54f26d09bb75b8de1a1a566ddda26e4e,host-resident policy-required candidate/native tensors through K and record IDs
MEASURED,509,3,M11,10,6,15,42.3107,4.23107,150,18.37964861064765,e782d632d21bac33415573fb9b874ac3f515247f31859f54b82fd7251180a03b,host-resident policy-required candidate/native tensors through K and record IDs
MEASURED,510,2,PS_CLASS_PREFIX,40,1,15,31.5364,0.78841,600,147.718336962864,6978bd8f1d2a598c17d613d1481c7368deef06abdb1cb641e79c7953c299c455,host-resident policy-required candidate/native tensors through K and record IDs
MEASURED,511,3,S_ADAPT,40,3,15,9.5625,0.2390625,600,361.8156100809574,0542c6bf14ccb68f678573ad0458bd5e3bb5998b0478644ed2a56fb2585c5696,host-resident policy-required candidate/native tensors through K and record IDs
MEASURED,512,6,PS_PREFIX,40,0,15,33.4203,0.8355075,600,115.69744959412655,db5a6cd9d2c6bf511a20f75200f68b37ecf9114b1471e6fd76c46c4d3c9ffe1d,host-resident policy-required candidate/native tensors through K and record IDs
MEASURED,513,0,M11,40,6,15,140.5258,3.513145,600,106.38732863045063,084ec29426edbb4bc589984319a3d3c39e0b4c8656ec0a75c002b686a2ae678b,host-resident policy-required candidate/native tensors through K and record IDs
MEASURED,514,2,M11,10,39,15,33.5201,3.35201,150,16.951124010819047,f8292fffa491defebfd973faf280ba5daba1457ada22919c9c7a9382a7fec958,host-resident policy-required candidate/native tensors through K and record IDs
MEASURED,515,2,M11,20,4,15,66.1536,3.30768,300,43.35089701642879,353a00406c0aff04f58d483f9a350e5df74e43b0c43b000ebea4f8295db24f5c,host-resident policy-required candidate/native tensors through K and record IDs
MEASURED,516,1,M11,10,9,15,37.1346,3.71346,150,21.002915189186872,5b84dd7c8d19b04fce83a753963756380a4082ef59f9f58d68999cb8457ea874,host-resident policy-required candidate/native tensors through K and record IDs
MEASURED,517,7,M11,20,8,15,74.3725,3.7186250000000003,300,31.143478747168153,151120f08c6b964450162291b3ddfd65d33a97667c936302f839e2b5b47be5d3,host-resident policy-required candidate/native tensors through K and record IDs
MEASURED,518,7,S_ADAPT,10,23,15,2.1976,0.21976,150,98.58994302153587,e70b1b5d90c407258c7b5793a51e4c03652618951f22c17ef94b5a5b59aafed4,host-resident policy-required candidate/native tensors through K and record IDs
MEASURED,519,9,M11,10,4,15,42.7847,4.27847,150,19.905806943695485,ddf9a32023a62c11817476a1754416f40705f42ee210c9c1047a01f08b76d452,host-resident policy-required candidate/native tensors through K and record IDs
MEASURED,520,7,S_ADAPT,10,12,15,2.1207,0.21206999999999998,150,79.4385441839695,4cb9ade8a1ecd791cdfc3edd448f61f4357c2f8a09b37a3e695eb7276780f692,host-resident policy-required candidate/native tensors through K and record IDs
MEASURED,521,7,S_ADAPT,10,28,15,2.7132,0.27132,150,94.63978198170662,1af3b041ce66e6ac6e9d5ef06117b0551171649ed7cd1188d31640427be0418c,host-resident policy-required candidate/native tensors through K and record IDs
MEASURED,522,0,PS_CLASS_PREFIX,40,2,15,37.6786,0.941965,600,128.98713551520905,b2ca958d49cd3684194ceb29401cda4f922ccbc792bcfc13c46f0ae8d7a68bc1,host-resident policy-required candidate/native tensors through K and record IDs
MEASURED,523,2,S_ADAPT,20,19,15,5.9801,0.299005,300,181.42042163014412,d2a8d0341052e85c558a6e02225f565af9f743b75c5a8bbcf983bddc55dadf3f,host-resident policy-required candidate/native tensors through K and record IDs
MEASURED,524,7,M11,10,24,15,34.3759,3.43759,150,26.90031331005837,840b6ecb1f98ef107299ec3e02788e95c51d6c5a68a1e9b9952b1f724a335d2d,host-resident policy-required candidate/native tensors through K and record IDs
MEASURED,525,2,PS_PREFIX,40,4,15,32.2824,0.8070600000000001,600,121.89298869800506,8a9d6c5f76391e5232fb3022e83d2ed562562b06350087da08cad75771128dfa,host-resident policy-required candidate/native tensors through K and record IDs
MEASURED,526,2,M11,20,12,15,70.8841,3.5442050000000003,300,53.20920175924987,fc2b11494f5d308c555d74b8c042864556e5f08f6c021d668b458f9b2a540852,host-resident policy-required candidate/native tensors through K and record IDs
MEASURED,527,5,S_ADAPT,40,6,15,8.5441,0.2136025,600,384.2117875814438,0313f50eb82a82acc8ad078ac418b19e4bfe509846ee3194d96f2ddea779d7f3,host-resident policy-required candidate/native tensors through K and record IDs
MEASURED,528,8,S_ADAPT,10,33,15,2.6224,0.26224,150,87.52090319991112,f2796b356f074f2c333c7c58546a275ba31e8861209d146c6cbb7890e215e668,host-resident policy-required candidate/native tensors through K and record IDs
MEASURED,529,0,M11,10,18,15,35.0612,3.50612,150,28.884422180036182,6b09045c74ff643a0867ccfa222cb2189eb4fc2a83b5af5eefafce2eb8fb5e2d,host-resident policy-required candidate/native tensors through K and record IDs
MEASURED,530,8,M11,20,9,15,78.227,3.91135,300,48.0363328234864,af0a76b7b3663d866a8246e193b43c1ea09ea44b2a85e26b91b7b5a669e67ff1,host-resident policy-required candidate/native tensors through K and record IDs
MEASURED,531,2,M11,10,32,15,38.5359,3.8535899999999996,150,17.391825941115158,336871054235ec2f0bd1cf474a3131a9fb3a782e788ce63fa08344b55d14c389,host-resident policy-required candidate/native tensors through K and record IDs
MEASURED,532,3,PS_CLASS_PREFIX,40,6,15,32.3681,0.8092024999999999,600,159.7580929617269,5f6fd6586f9b0860f37bd82438c3c19c2fd75e0050c89d753a155b3895be9b35,host-resident policy-required candidate/native tensors through K and record IDs
MEASURED,533,0,S_ADAPT,20,19,15,4.4813,0.22406500000000001,300,181.42042163014412,d2a8d0341052e85c558a6e02225f565af9f743b75c5a8bbcf983bddc55dadf3f,host-resident policy-required candidate/native tensors through K and record IDs
MEASURED,534,4,M11,40,1,15,138.5348,3.46337,600,100.49787166982753,6e4e6a2228e9ac61dc332c40a82be24c97b7b6c6e7333ea0fc55297c077ec059,host-resident policy-required candidate/native tensors through K and record IDs
MEASURED,535,7,PS_CLASS_PREFIX,40,3,15,32.0359,0.8008974999999999,600,134.09956403258127,cd8b1fc30473b536e0a51170e86da6ea1bf952271ba4f251822a17d8e610bffa,host-resident policy-required candidate/native tensors through K and record IDs
MEASURED,536,4,M11,10,24,15,35.4338,3.54338,150,26.90031331005837,840b6ecb1f98ef107299ec3e02788e95c51d6c5a68a1e9b9952b1f724a335d2d,host-resident policy-required candidate/native tensors through K and record IDs
MEASURED,537,1,PS_CLASS_PREFIX,40,9,15,33.3266,0.8331649999999999,600,158.93148233881382,9c1b4b32ae3e9a3dd1ced8b0edf0ea16ead468391bb51074beedb146b5a2a19b,host-resident policy-required candidate/native tensors through K and record IDs
MEASURED,538,5,M11,10,27,15,37.8365,3.78365,150,25.2038274745462,0caeb4e5021bf8249c421927df9b24f0b78c1a940bda79a80a69d6fef3c0e326,host-resident policy-required candidate/native tensors through K and record IDs
MEASURED,539,1,M11,10,38,15,34.0242,3.40242,150,28.265318614095065,9673cc63050c1b0ae539c7b50e56ba3ba36818223218860fade220efb620d3c1,host-resident policy-required candidate/native tensors through K and record IDs
MEASURED,540,8,M11,10,39,15,37.1684,3.71684,150,16.951124010819047,f8292fffa491defebfd973faf280ba5daba1457ada22919c9c7a9382a7fec958,host-resident policy-required candidate/native tensors through K and record IDs
MEASURED,541,7,S_ADAPT,10,9,15,1.9917,0.19917,150,93.62151077389717,31213095d47234f2a3235a4f7d173b37a550bee384e2a64fc6ff5c0e074af163,host-resident policy-required candidate/native tensors through K and record IDs
MEASURED,542,9,M11,20,3,15,69.89,3.4945,300,48.19475735069779,904ce76aa951a7d08d5390631854e4f69a2e4bf5fbc7c925bbd8139d0e26ea27,host-resident policy-required candidate/native tensors through K and record IDs
MEASURED,543,7,PS_PREFIX,40,9,15,36.0816,0.9020400000000001,600,133.1650085915075,35f7be185c894adaa6e579294f29804eaf169d3b0333feed6f9a56fb10c778ae,host-resident policy-required candidate/native tensors through K and record IDs
MEASURED,544,2,S_ADAPT,10,38,15,2.1542,0.21542,150,97.42280113697052,2b1c6e7d1e7df106ede63ec54a94a31e4b59e2fce88d1d629b8ab51f4238e3c2,host-resident policy-required candidate/native tensors through K and record IDs
MEASURED,545,9,M11,10,33,15,40.7481,4.07481,150,14.856807958208437,4e9ea27c72edd34a27c147cd71491488a3951f2ad899e4c4ecbf6dd8614f9921,host-resident policy-required candidate/native tensors through K and record IDs
MEASURED,546,8,S_ADAPT,20,11,15,4.0023,0.200115,300,188.01957547664642,95f172e3cece9be582c121d785782dab7d0f6adcda6e0cc9761a6e7f061a184a,host-resident policy-required candidate/native tensors through K and record IDs
MEASURED,547,1,S_ADAPT,10,2,15,2.2727,0.22727,150,77.38685169816017,fffaa726d1f44bf95b34a7da4ee27d525fc95ad265f37fc9aaf76ff88708dbdf,host-resident policy-required candidate/native tensors through K and record IDs
MEASURED,548,2,S_ADAPT,40,2,15,7.0963,0.1774075,600,358.3735456317663,142f28f71921191fd1b7bb187d689ee29367192e6f5e44659cc34cb25b5391c7,host-resident policy-required candidate/native tensors through K and record IDs
MEASURED,549,9,S_ADAPT,10,4,15,1.8578,0.18578,150,85.6570528447628,cf9a5c21d22486096e3b3383b942942bdb7bb2e01393549e670f3bace962d2ac,host-resident policy-required candidate/native tensors through K and record IDs
MEASURED,550,5,PS_CLASS_PREFIX,40,4,15,32.2578,0.8064450000000001,600,122.11701954577285,8bb0c34a63ad212803dbca08c9848b85dc29db68f9c5ff0b0154beedf553ec5b,host-resident policy-required candidate/native tensors through K and record IDs
MEASURED,551,7,S_ADAPT,40,4,15,7.5955,0.18988750000000001,600,357.4904659241438,839a557cee47cb10ab8dc39dcd232a22009debf37251f70b8b4e213ffdf9185d,host-resident policy-required candidate/native tensors through K and record IDs
MEASURED,552,0,PS_CLASS_PREFIX,40,4,15,32.8247,0.8206175,600,122.11701954577285,8bb0c34a63ad212803dbca08c9848b85dc29db68f9c5ff0b0154beedf553ec5b,host-resident policy-required candidate/native tensors through K and record IDs
MEASURED,553,2,M11,10,27,15,34.2395,3.42395,150,25.2038274745462,0caeb4e5021bf8249c421927df9b24f0b78c1a940bda79a80a69d6fef3c0e326,host-resident policy-required candidate/native tensors through K and record IDs
MEASURED,554,0,M11,20,9,15,67.7005,3.385025,300,48.0363328234864,af0a76b7b3663d866a8246e193b43c1ea09ea44b2a85e26b91b7b5a669e67ff1,host-resident policy-required candidate/native tensors through K and record IDs
MEASURED,555,3,S_ADAPT,10,22,15,2.2796,0.22796,150,88.1693175137043,67e5d17d0da4c747afa8006e9b015272608f2b38ff4544ecabbb55ba6ec9706b,host-resident policy-required candidate/native tensors through K and record IDs
MEASURED,556,6,M11,20,5,15,73.2207,3.6610349999999996,300,32.8827528544208,51aedba733815a8799c98f440436494e502769069fc6e4ace84f1e22e49b4c9d,host-resident policy-required candidate/native tensors through K and record IDs
MEASURED,557,1,S_ADAPT,10,1,15,2.0928,0.20928,150,83.80123445391655,8bc628d7a36ab8f0c4806099c4301fc777a09774d3acbfe40efc3bb881f9c9a4,host-resident policy-required candidate/native tensors through K and record IDs
MEASURED,558,1,S_ADAPT,20,11,15,3.6325,0.18162499999999998,300,188.01957547664642,95f172e3cece9be582c121d785782dab7d0f6adcda6e0cc9761a6e7f061a184a,host-resident policy-required candidate/native tensors through K and record IDs
MEASURED,559,5,M11,20,6,15,73.5358,3.6767899999999996,300,35.36299226184275,e01c56ec0c33cc9ea8008198bcdd7ea144c37125ac1f4ebf501d8af3e65fc8f6,host-resident policy-required candidate/native tensors through K and record IDs
MEASURED,560,5,M11,10,38,15,37.2141,3.72141,150,28.265318614095065,9673cc63050c1b0ae539c7b50e56ba3ba36818223218860fade220efb620d3c1,host-resident policy-required candidate/native tensors through K and record IDs
MEASURED,561,4,S_ADAPT,10,34,15,2.177,0.2177,150,101.2994676232338,a2decff81d1f05fe6ccbf288846acff87effb7ff9c928e2eb7051f8c9a8d381b,host-resident policy-required candidate/native tensors through K and record IDs
MEASURED,562,1,M11,10,36,15,40.8814,4.08814,150,37.17367167113842,af07fd8f72ab16254e7848ddcde7a13460d26ff43825688cacb2fe88b7e99742,host-resident policy-required candidate/native tensors through K and record IDs
MEASURED,563,4,PS_PREFIX,40,4,15,32.2478,0.806195,600,121.89298869800506,8a9d6c5f76391e5232fb3022e83d2ed562562b06350087da08cad75771128dfa,host-resident policy-required candidate/native tensors through K and record IDs
MEASURED,564,6,M11,80,4,15,284.1714,3.5521425,1200,211.7179591258768,5dff99880db7d9ae9e42e5c2adbbcf9c3a386f1b632546541898311bc611a587,host-resident policy-required candidate/native tensors through K and record IDs
MEASURED,565,6,PS_CLASS_PREFIX,40,2,15,39.5559,0.9888975,600,128.98713551520905,b2ca958d49cd3684194ceb29401cda4f922ccbc792bcfc13c46f0ae8d7a68bc1,host-resident policy-required candidate/native tensors through K and record IDs
MEASURED,566,8,M11,20,18,15,65.2931,3.264655,300,63.8480957782682,177460e68782664a9113a40f86bc409a8c72183e819d65d9c29317a4a93b088f,host-resident policy-required candidate/native tensors through K and record IDs
MEASURED,567,4,PS_CLASS_PREFIX,40,4,15,32.1747,0.8043675,600,122.11701954577285,8bb0c34a63ad212803dbca08c9848b85dc29db68f9c5ff0b0154beedf553ec5b,host-resident policy-required candidate/native tensors through K and record IDs
MEASURED,568,8,S_ADAPT,20,7,15,4.404,0.2202,300,188.94826006889343,edbb25396bc039faaf278fded7ef054d990048570b72814500bee8d601e05414,host-resident policy-required candidate/native tensors through K and record IDs
MEASURED,569,0,M11,10,19,15,35.0218,3.50218,150,19.03600186740192,813fcaac85152beb003ece4060805f5d357a58de21b20317370050fa5aee3d32,host-resident policy-required candidate/native tensors through K and record IDs
MEASURED,570,4,S_ADAPT,40,4,15,8.7963,0.2199075,600,357.4904659241438,839a557cee47cb10ab8dc39dcd232a22009debf37251f70b8b4e213ffdf9185d,host-resident policy-required candidate/native tensors through K and record IDs
MEASURED,571,1,M11,10,37,15,34.903,3.4903,150,25.200298822274767,deaea83359c58caa4e472e646be849000c0f21e7ba8b974893ba3685a64dc97e,host-resident policy-required candidate/native tensors through K and record IDs
MEASURED,572,0,M11,10,29,15,32.3207,3.23207,150,42.83630087325895,d50043c0b6789280419e9a882b3f06cc1a5b03bac66ffa827173d190d6efe7c9,host-resident policy-required candidate/native tensors through K and record IDs
MEASURED,573,3,M11,20,19,15,76.0906,3.8045299999999997,300,45.50804985058315,af83fba9a5dfaeb4f7f97625e7c9081e54f26d09bb75b8de1a1a566ddda26e4e,host-resident policy-required candidate/native tensors through K and record IDs
MEASURED,574,2,M11,20,1,15,242.7691,12.138455,300,44.61456836462459,4210b4d344004bb7a46c27c388968bfec906e410bf9be241a2e8a86435098478,host-resident policy-required candidate/native tensors through K and record IDs
MEASURED,575,4,S_ADAPT,10,39,15,3.1497,0.31497,150,83.38847097754478,1fdfbc3f7c03a51916c4e0be4f545737b48709e6cd1d426598dd0b6a4e30fbee,host-resident policy-required candidate/native tensors through K and record IDs
MEASURED,576,6,S_ADAPT,20,19,15,3.9325,0.196625,300,181.42042163014412,d2a8d0341052e85c558a6e02225f565af9f743b75c5a8bbcf983bddc55dadf3f,host-resident policy-required candidate/native tensors through K and record IDs
MEASURED,577,1,S_ADAPT,10,29,15,1.7249,0.17249,150,94.83080992102623,711ffec6ecc0b071f2ca9a4d9bb3f38fa4c376cd5fd09667a497ba58464dd507,host-resident policy-required candidate/native tensors through K and record IDs
MEASURED,578,7,M11,20,2,15,65.3373,3.266865,300,52.29641322977469,6e75345642d65635f8d90c2a6eb8d9e4d2c9b182d9c6640cbf69e4fe4ad3b470,host-resident policy-required candidate/native tensors through K and record IDs
MEASURED,579,2,M11,10,16,15,37.5818,3.7581800000000003,150,15.143859907201344,85c31ff8562865c9d3fe0fabfb782617e7804c90b76297159ed109e82d2e509c,host-resident policy-required candidate/native tensors through K and record IDs
MEASURED,580,0,S_ADAPT,40,9,15,8.0364,0.20091,600,372.1882814466953,87e13397e7745cd8f91fd45ba560910bf9f6a685e50c45ab9e513195986b0251,host-resident policy-required candidate/native tensors through K and record IDs
MEASURED,581,0,M11,20,11,15,69.043,3.4521500000000005,300,48.030932008467296,30b4e5de0fbb7e2aa340e0bdb3135519b2790229e464db84e7a9c18a7a66fee0,host-resident policy-required candidate/native tensors through K and record IDs
MEASURED,582,0,S_ADAPT,10,9,15,2.1115,0.21115,150,93.62151077389717,31213095d47234f2a3235a4f7d173b37a550bee384e2a64fc6ff5c0e074af163,host-resident policy-required candidate/native tensors through K and record IDs
MEASURED,583,7,M11,10,3,15,34.9544,3.49544,150,23.600619834352372,197d4a54b11eda8b4c0a236088593301f61232903228c72a19a7a99a834756ae,host-resident policy-required candidate/native tensors through K and record IDs
MEASURED,584,2,PS_PREFIX,40,8,15,32.6823,0.8170575,600,129.68647219222416,a6a66af3ea97b2c8385b6847341925a67a22ad2aab7be69be6e1dfb9742c1d65,host-resident policy-required candidate/native tensors through K and record IDs
MEASURED,585,4,S_ADAPT,80,4,15,18.6766,0.2334575,1200,742.0682516694069,2847bf2d7a6745bab266a97e79a762c4bd59c38e6081441e6c45fc2666662e95,host-resident policy-required candidate/native tensors through K and record IDs
MEASURED,586,8,M11,20,14,15,78.2655,3.913275,300,68.82805772204135,3bcfe8fa19dfa6b4e1122bd07fcc32801a07e327cfcfea69d85ac563eeccaa49,host-resident policy-required candidate/native tensors through K and record IDs
MEASURED,587,6,S_ADAPT,40,8,15,8.447,0.21117499999999997,600,369.87653109431267,a2ecc8c23245d80af28aa6d62c6d46a9074a0b5173b1f84cc1a938bdf354241f,host-resident policy-required candidate/native tensors through K and record IDs
MEASURED,588,7,PS_CLASS_PREFIX,40,8,15,30.2404,0.7560100000000001,600,156.68734884716974,0f53082e7511278a02bb1d039a5a2b9d8028d858f5124122f4aec20f084176d2,host-resident policy-required candidate/native tensors through K and record IDs
MEASURED,589,4,M11,10,10,15,34.8519,3.4851900000000002,150,18.677026160888396,2af321c74952d8d9a818e142361b7076f7a8f0e2e81ceeb05414f8ed7e3ff119,host-resident policy-required candidate/native tensors through K and record IDs
MEASURED,590,7,S_ADAPT,10,39,15,2.1755,0.21755,150,83.38847097754478,1fdfbc3f7c03a51916c4e0be4f545737b48709e6cd1d426598dd0b6a4e30fbee,host-resident policy-required candidate/native tensors through K and record IDs
MEASURED,591,0,S_ADAPT,20,2,15,3.7275,0.186375,300,178.80011892318726,6d9920a2c5ea2c44ab4f431f69437653c4c9fa5d2301d366d1bd9b3806718a2e,host-resident policy-required candidate/native tensors through K and record IDs
MEASURED,592,7,M11,20,1,15,67.8172,3.39086,300,44.61456836462459,4210b4d344004bb7a46c27c388968bfec906e410bf9be241a2e8a86435098478,host-resident policy-required candidate/native tensors through K and record IDs
MEASURED,593,1,M11,10,31,15,42.5211,4.25211,150,28.14959604739981,1ef01f7403c93b775001f6bc6a3ecf53c99eb6a4b371221e89d0a6537bc7e1aa,host-resident policy-required candidate/native tensors through K and record IDs
MEASURED,594,0,S_ADAPT,10,30,15,2.6954,0.26954,150,86.29994821548462,6a2bcc07a6916c90ab195a5e9f9e672307c4dc738c4a297b23a4c71d77a07b13,host-resident policy-required candidate/native tensors through K and record IDs
MEASURED,595,2,M11,10,25,15,41.2767,4.12767,150,26.231556898880736,f2931a8953e8a6f26c721229173d5a7069ddd249b1124bc7d93388b1370ea65b,host-resident policy-required candidate/native tensors through K and record IDs
MEASURED,596,0,M11,10,28,15,34.39,3.439,150,25.697506673429988,b1cd5d6d9f58312eb06276086b11a582b1d85fb019eb51a2481927db081d6151,host-resident policy-required candidate/native tensors through K and record IDs
MEASURED,597,3,S_ADAPT,20,6,15,4.0728,0.20364,300,172.49611538648605,505f6ee76ae3dc289646a331bc9575ae60d9f3d6ffffa405890761769758d375,host-resident policy-required candidate/native tensors through K and record IDs
MEASURED,598,4,M11,10,28,15,43.2498,4.32498,150,25.697506673429988,b1cd5d6d9f58312eb06276086b11a582b1d85fb019eb51a2481927db081d6151,host-resident policy-required candidate/native tensors through K and record IDs
MEASURED,599,0,M11,20,14,15,67.3771,3.368855,300,68.82805772204135,3bcfe8fa19dfa6b4e1122bd07fcc32801a07e327cfcfea69d85ac563eeccaa49,host-resident policy-required candidate/native tensors through K and record IDs
MEASURED,600,6,M11,40,3,15,145.1497,3.6287425,600,88.36887740387849,de99531c6de724e825e84d3b4ae99eaffd24c1e2ddbe27745a0ed41e164afe39,host-resident policy-required candidate/native tensors through K and record IDs
MEASURED,601,4,M11,20,6,15,72.9468,3.64734,300,35.36299226184275,e01c56ec0c33cc9ea8008198bcdd7ea144c37125ac1f4ebf501d8af3e65fc8f6,host-resident policy-required candidate/native tensors through K and record IDs
MEASURED,602,5,S_ADAPT,10,21,15,2.1464,0.21464,150,81.6864028275013,875bc59820bf3ec61007014dfe4dafb1ebfb2b83de7164d930a0d7fdb558ec74,host-resident policy-required candidate/native tensors through K and record IDs
MEASURED,603,5,PS_CLASS_PREFIX,40,0,15,33.556,0.8389,600,130.16938011948838,fb34c668d01a0e0b5ea00b52268a4ecf9c97d79e0b5564c1d3625af190a46e89,host-resident policy-required candidate/native tensors through K and record IDs
MEASURED,604,4,PS_CLASS_PREFIX,40,5,15,36.868,0.9217000000000001,600,138.6275444463038,fb8bb5bb515a229c7594a7e9d62736d457014c2c8f1e5e9d28b58c8284dc82c5,host-resident policy-required candidate/native tensors through K and record IDs
MEASURED,605,7,S_ADAPT,10,10,15,2.9099,0.29098999999999997,150,88.72464840114117,49438080232f14f8b2735d564a569fa52fd94f8e0227e6c57f483a5348c833b9,host-resident policy-required candidate/native tensors through K and record IDs
MEASURED,606,8,S_ADAPT,20,4,15,3.2425,0.16212500000000002,300,184.21708604693413,430008d6ef03aa66aa7e0de7f35a73f2a09d2f61f249888e63b53386e5716eab,host-resident policy-required candidate/native tensors through K and record IDs
MEASURED,607,6,M11,80,3,15,273.5536,3.41942,1200,228.94783105296457,339497a7ed63cf23eeb2eecefc387321b05b0cbcdfd8af43db69e6cf43fc2acc,host-resident policy-required candidate/native tensors through K and record IDs
MEASURED,608,8,S_ADAPT,10,18,15,2.2161,0.22161,150,95.13061892986298,09cf0d6f6ed31bc3ba5be231bed1bbd7a3122922452b8e2ef4ec7d96b7da9ae8,host-resident policy-required candidate/native tensors through K and record IDs
MEASURED,609,9,M11,10,18,15,37.9395,3.79395,150,28.884422180036182,6b09045c74ff643a0867ccfa222cb2189eb4fc2a83b5af5eefafce2eb8fb5e2d,host-resident policy-required candidate/native tensors through K and record IDs
MEASURED,610,4,M11,10,37,15,50.9513,5.09513,150,25.200298822274767,deaea83359c58caa4e472e646be849000c0f21e7ba8b974893ba3685a64dc97e,host-resident policy-required candidate/native tensors through K and record IDs
MEASURED,611,2,S_ADAPT,40,7,15,19.4516,0.48629,600,372.0247602760792,d09af782d2c3797de2b3c0224992ac9da4f52783d9647b673f18904f78369f7c,host-resident policy-required candidate/native tensors through K and record IDs
MEASURED,612,8,M11,10,19,15,39.8197,3.9819699999999996,150,19.03600186740192,813fcaac85152beb003ece4060805f5d357a58de21b20317370050fa5aee3d32,host-resident policy-required candidate/native tensors through K and record IDs
MEASURED,613,7,S_ADAPT,20,6,15,4.0975,0.204875,300,172.49611538648605,505f6ee76ae3dc289646a331bc9575ae60d9f3d6ffffa405890761769758d375,host-resident policy-required candidate/native tensors through K and record IDs
MEASURED,614,6,S_ADAPT,10,19,15,2.1,0.21000000000000002,150,88.98211605846882,a6186614914bb49974ebde1b2f58ca612df1a4b866994eb81ad086ea942550cd,host-resident policy-required candidate/native tensors through K and record IDs
MEASURED,615,3,S_ADAPT,10,27,15,1.9621,0.19621,150,97.85155525803566,1a1e6282f3ef4e3a6fd0bce80503e0d4f04c69922dfd931ca78b06810a4e63d3,host-resident policy-required candidate/native tensors through K and record IDs
MEASURED,616,6,S_ADAPT,10,26,15,2.0329,0.20329000000000003,150,93.75479540228844,a49c3f69d70ac2b2e1a5fb7d023b189413162e232a0ced484a975b458e15bd17,host-resident policy-required candidate/native tensors through K and record IDs
MEASURED,617,5,S_ADAPT,20,16,15,4.3085,0.21542500000000003,300,171.95357298851013,0413a525608264d6682373cc476d4abe88a2de0eace100120713b830d5fedda3,host-resident policy-required candidate/native tensors through K and record IDs
MEASURED,618,9,M11,10,7,15,34.4796,3.4479599999999997,150,29.290368652591624,a0bf5ff2544802077833319a55ebfc0228ffc6295c0a36ccf4330521d4d52b50,host-resident policy-required candidate/native tensors through K and record IDs
MEASURED,619,2,S_ADAPT,20,10,15,3.596,0.17980000000000002,300,174.93708074092865,7651aabe9f9fb19830624503217844347642eeb994744ea1c00f5699b0e31a42,host-resident policy-required candidate/native tensors through K and record IDs
MEASURED,620,5,M11,80,0,15,292.9709,3.6621362499999996,1200,187.87149430956404,5902a78f16de7b059296d80accff62a2f3e6a7a57f0be117f6c5cda44bc7e73d,host-resident policy-required candidate/native tensors through K and record IDs
MEASURED,621,7,M11,10,22,15,41.2594,4.12594,150,22.510549877284102,684fe63a8dc55a378348673b549861303072bd32e45dfe9eb5e5551b7e56d6fa,host-resident policy-required candidate/native tensors through K and record IDs
MEASURED,622,5,M11,10,15,15,39.7159,3.97159,150,21.217235383089072,9c158fa53ac9903841c2bd7c092da38409b969d8fc7b9f3ab2126a73ee94eaab,host-resident policy-required candidate/native tensors through K and record IDs
MEASURED,623,4,PS_CLASS_PREFIX,40,7,15,32.7289,0.8182225000000001,600,176.6437419761645,c15b3de8b71d84c5d067b10c7a6c8bae032edfb4dc2d9017dead16aa8252896d,host-resident policy-required candidate/native tensors through K and record IDs
MEASURED,624,7,M11,10,34,15,35.791,3.5790999999999995,150,37.68158938848324,1432c6a8ae05a6c57bd4c6c2c5c2c676dea5f122f3f2adff4028e7bcd4ceb0fe,host-resident policy-required candidate/native tensors through K and record IDs
MEASURED,625,8,S_ADAPT,10,16,15,2.2169,0.22169,150,85.57529371976852,ec6e6a2e64d42902a7fd24471a752df9a30fdc1be95dce1e7b1b47964581c884,host-resident policy-required candidate/native tensors through K and record IDs
MEASURED,626,8,S_ADAPT,10,31,15,2.1098,0.21098,150,95.79967814683914,655fb7d71f962b6f3d3f0279e5b0bd759a8785e22dfab91cec663110035b2db3,host-resident policy-required candidate/native tensors through K and record IDs
MEASURED,627,6,M11,20,0,15,66.6825,3.3341250000000002,300,42.6693555309175,97acb517dee862285451aae0cdca71cafe34956ebbe3ed12d6745c63a612b4c4,host-resident policy-required candidate/native tensors through K and record IDs
MEASURED,628,3,PS_CLASS_PREFIX,40,4,15,31.3443,0.7836075,600,122.11701954577285,8bb0c34a63ad212803dbca08c9848b85dc29db68f9c5ff0b0154beedf553ec5b,host-resident policy-required candidate/native tensors through K and record IDs
MEASURED,629,4,M11,80,0,15,279.2586,3.4907325,1200,187.87149430956404,5902a78f16de7b059296d80accff62a2f3e6a7a57f0be117f6c5cda44bc7e73d,host-resident policy-required candidate/native tensors through K and record IDs
MEASURED,630,5,PS_CLASS_PREFIX,40,1,15,32.7386,0.818465,600,147.718336962864,6978bd8f1d2a598c17d613d1481c7368deef06abdb1cb641e79c7953c299c455,host-resident policy-required candidate/native tensors through K and record IDs
MEASURED,631,7,PS_CLASS_PREFIX,40,7,15,31.412,0.7853,600,176.6437419761645,c15b3de8b71d84c5d067b10c7a6c8bae032edfb4dc2d9017dead16aa8252896d,host-resident policy-required candidate/native tensors through K and record IDs
MEASURED,632,8,M11,40,5,15,143.9585,3.5989625,600,91.57735939191721,ee75096d5e0dcb12073b4cc3f52f113a9985e4bc1c6088eebd419d39697f3ef3,host-resident policy-required candidate/native tensors through K and record IDs
MEASURED,633,6,M11,20,9,15,87.2481,4.362405,300,48.0363328234864,af0a76b7b3663d866a8246e193b43c1ea09ea44b2a85e26b91b7b5a669e67ff1,host-resident policy-required candidate/native tensors through K and record IDs
MEASURED,634,4,M11,80,3,15,278.063,3.4757875,1200,228.94783105296457,339497a7ed63cf23eeb2eecefc387321b05b0cbcdfd8af43db69e6cf43fc2acc,host-resident policy-required candidate/native tensors through K and record IDs
MEASURED,635,7,M11,80,3,15,273.0961,3.41370125,1200,228.94783105296457,339497a7ed63cf23eeb2eecefc387321b05b0cbcdfd8af43db69e6cf43fc2acc,host-resident policy-required candidate/native tensors through K and record IDs
MEASURED,636,3,M11,10,1,15,32.8227,3.2822699999999996,150,15.639920970241969,a6167b0584cd1caf9bbbc3793064ca384bfab11be6cf182c31291d62eb27f0e3,host-resident policy-required candidate/native tensors through K and record IDs
MEASURED,637,0,M11,80,1,15,276.0743,3.45092875,1200,165.54806241090245,cdf3874635e25030f79900c3af192298261eb99ea545dd29943346d76f0e9fb0,host-resident policy-required candidate/native tensors through K and record IDs
MEASURED,638,8,M11,10,7,15,36.1553,3.6155299999999997,150,29.290368652591624,a0bf5ff2544802077833319a55ebfc0228ffc6295c0a36ccf4330521d4d52b50,host-resident policy-required candidate/native tensors through K and record IDs
MEASURED,639,0,S_ADAPT,20,14,15,5.2727,0.263635,300,189.7540007531643,c0c17c77770c250341d765918dc25fd9f2f39d508f7f29ec190f561e0c1ad927,host-resident policy-required candidate/native tensors through K and record IDs
MEASURED,640,1,M11,10,25,15,44.6424,4.46424,150,26.231556898880736,f2931a8953e8a6f26c721229173d5a7069ddd249b1124bc7d93388b1370ea65b,host-resident policy-required candidate/native tensors through K and record IDs
MEASURED,641,1,S_ADAPT,20,8,15,10.4148,0.52074,300,172.9979220032692,2fab67c83ab727498aedc2ef30f4b85db6eebf39cbeca91683e5a78d43b9788a,host-resident policy-required candidate/native tensors through K and record IDs
MEASURED,642,1,M11,10,29,15,42.1735,4.21735,150,42.83630087325895,d50043c0b6789280419e9a882b3f06cc1a5b03bac66ffa827173d190d6efe7c9,host-resident policy-required candidate/native tensors through K and record IDs
MEASURED,643,6,S_ADAPT,10,36,15,2.3431,0.23431000000000002,150,100.10815408825874,74559fa0f9d5675b4259236c8eb8f6060b66cdf85342f53456923405c952e00c,host-resident policy-required candidate/native tensors through K and record IDs
MEASURED,644,4,S_ADAPT,20,9,15,3.6895,0.184475,300,184.12518568336964,6a56a490b378b3af837b1902ab36aca64d6fe43b2555ebb6de5e52ce7799b1e9,host-resident policy-required candidate/native tensors through K and record IDs
MEASURED,645,8,M11,10,11,15,32.9801,3.29801,150,14.111305804048172,c555e624ad62a39791fb76a5dae738f0c691be039982b2f3936f7d63ebbf145c,host-resident policy-required candidate/native tensors through K and record IDs
MEASURED,646,2,M11,20,13,15,74.9303,3.746515,300,53.178126871200746,ff4dcc38c41e8d7539b6784f13e3afcf4a171936483bb2b9321ced527e20584c,host-resident policy-required candidate/native tensors through K and record IDs
MEASURED,647,0,S_ADAPT,10,25,15,2.7898,0.27898,150,95.17271280288696,0a55948be63cad5aa065bd07c7aaf05bd2b2a1b3b6142d4f6f72d042d2f37161,host-resident policy-required candidate/native tensors through K and record IDs
MEASURED,648,1,M11,10,17,15,37.1302,3.71302,150,15.97911248749644,b5d08ae7215ad282017a53870c0a0ecf27776ba497ca05ad0af3d13eb1e6d630,host-resident policy-required candidate/native tensors through K and record IDs
MEASURED,649,7,S_ADAPT,10,16,15,2.122,0.2122,150,85.57529371976852,ec6e6a2e64d42902a7fd24471a752df9a30fdc1be95dce1e7b1b47964581c884,host-resident policy-required candidate/native tensors through K and record IDs
MEASURED,650,2,M11,20,2,15,70.6317,3.5315849999999998,300,52.29641322977469,6e75345642d65635f8d90c2a6eb8d9e4d2c9b182d9c6640cbf69e4fe4ad3b470,host-resident policy-required candidate/native tensors through K and record IDs
MEASURED,651,1,S_ADAPT,10,11,15,2.251,0.2251,150,85.04481673240662,72a3b1a577107d160c4359460949d9f88c060ed80855b85a585ee356a258d509,host-resident policy-required candidate/native tensors through K and record IDs
MEASURED,652,7,S_ADAPT,10,31,15,1.8266,0.18266,150,95.79967814683914,655fb7d71f962b6f3d3f0279e5b0bd759a8785e22dfab91cec663110035b2db3,host-resident policy-required candidate/native tensors through K and record IDs
MEASURED,653,9,M11,10,11,15,38.1515,3.81515,150,14.111305804048172,c555e624ad62a39791fb76a5dae738f0c691be039982b2f3936f7d63ebbf145c,host-resident policy-required candidate/native tensors through K and record IDs
MEASURED,654,1,S_ADAPT,40,1,15,8.1302,0.20325500000000002,600,354.89996725320816,3a46410a671f6e4d4ea84344a22b8e841726860290f274599424313d93b46266,host-resident policy-required candidate/native tensors through K and record IDs
MEASURED,655,5,M11,20,16,15,71.6264,3.5813200000000003,300,32.323463015008876,754a89b0a8d3a3f45e18f888d5a1c7d8226e6a9369c36a36ab485e66b5801ff9,host-resident policy-required candidate/native tensors through K and record IDs
MEASURED,656,4,S_ADAPT,10,13,15,2.8558,0.28558,150,91.94036191701889,0022c38aa69ab2d483f75f5b6a7bb6fbbb92b2b7f8fc0a0f8d0d9cd2dff5e52c,host-resident policy-required candidate/native tensors through K and record IDs
MEASURED,657,7,S_ADAPT,10,18,15,1.6315,0.16315,150,95.13061892986298,09cf0d6f6ed31bc3ba5be231bed1bbd7a3122922452b8e2ef4ec7d96b7da9ae8,host-resident policy-required candidate/native tensors through K and record IDs
MEASURED,658,5,S_ADAPT,10,34,15,1.7306,0.17306,150,101.2994676232338,a2decff81d1f05fe6ccbf288846acff87effb7ff9c928e2eb7051f8c9a8d381b,host-resident policy-required candidate/native tensors through K and record IDs
MEASURED,659,8,S_ADAPT,10,4,15,1.5158,0.15158,150,85.6570528447628,cf9a5c21d22486096e3b3383b942942bdb7bb2e01393549e670f3bace962d2ac,host-resident policy-required candidate/native tensors through K and record IDs
MEASURED,660,6,PS_CLASS_PREFIX,40,4,15,32.1027,0.8025675,600,122.11701954577285,8bb0c34a63ad212803dbca08c9848b85dc29db68f9c5ff0b0154beedf553ec5b,host-resident policy-required candidate/native tensors through K and record IDs
MEASURED,661,5,M11,20,3,15,66.693,3.33465,300,48.19475735069779,904ce76aa951a7d08d5390631854e4f69a2e4bf5fbc7c925bbd8139d0e26ea27,host-resident policy-required candidate/native tensors through K and record IDs
MEASURED,662,0,M11,10,5,15,41.4926,4.14926,150,31.88735032834503,f2b3d70fd6e63900033ac2a37fd9bc3665884f98bfc906e82fcf64a07e53ffd3,host-resident policy-required candidate/native tensors through K and record IDs
MEASURED,663,9,M11,10,14,15,32.9851,3.2985100000000003,150,30.60993039404241,6c5f6a75152bfb9f0170e1acc8b8db31f2fe6d52fb619fed02d9ec2c066758d4,host-resident policy-required candidate/native tensors through K and record IDs
MEASURED,664,6,M11,10,22,15,34.404,3.4404000000000003,150,22.510549877284102,684fe63a8dc55a378348673b549861303072bd32e45dfe9eb5e5551b7e56d6fa,host-resident policy-required candidate/native tensors through K and record IDs
MEASURED,665,3,M11,10,26,15,39.7905,3.97905,150,27.82774520154011,bb4d494f2f873377cb569d3a2c86aac6ed77739f96b9c02195fdabab7f78f2ed,host-resident policy-required candidate/native tensors through K and record IDs
MEASURED,666,1,PS_CLASS_PREFIX,40,1,15,32.631,0.815775,600,147.718336962864,6978bd8f1d2a598c17d613d1481c7368deef06abdb1cb641e79c7953c299c455,host-resident policy-required candidate/native tensors through K and record IDs
MEASURED,667,3,S_ADAPT,10,7,15,2.0249,0.20249,150,92.19294717907906,9db0c19f8478631d98a798e33ddc6a186e2906f32bf9649324d03a77a9ff56ad,host-resident policy-required candidate/native tensors through K and record IDs
MEASURED,668,6,M11,10,30,15,38.9581,3.89581,150,25.307754789311193,6dcb2ed1539cf15a07ee64b1cb5bd8eeb90bba2ea6395c92e2ff2f07aebd250c,host-resident policy-required candidate/native tensors through K and record IDs
MEASURED,669,6,PS_PREFIX,40,9,15,32.8921,0.8223024999999999,600,133.1650085915075,35f7be185c894adaa6e579294f29804eaf169d3b0333feed6f9a56fb10c778ae,host-resident policy-required candidate/native tensors through K and record IDs
MEASURED,670,4,S_ADAPT,40,0,15,8.2065,0.2051625,600,346.133333414793,f63dfa3cc8990b2fec61a052139f406e450a18d572a83e1a17cc17a5196fadc3,host-resident policy-required candidate/native tensors through K and record IDs
MEASURED,671,0,M11,20,15,15,67.6663,3.3833150000000005,300,53.62015403258539,f5464293150367869b010c8dc25054fcae519165125d05f918ad8aad9757d84f,host-resident policy-required candidate/native tensors through K and record IDs
MEASURED,672,7,PS_CLASS_PREFIX,40,4,15,33.9768,0.84942,600,122.11701954577285,8bb0c34a63ad212803dbca08c9848b85dc29db68f9c5ff0b0154beedf553ec5b,host-resident policy-required candidate/native tensors through K and record IDs
MEASURED,673,7,M11,10,35,15,37.4378,3.74378,150,28.652045915812113,2a04a68c47a5e28608456e69f8c9870a90b4685af49dc55310e088d1062c5b09,host-resident policy-required candidate/native tensors through K and record IDs
MEASURED,674,2,M11,10,18,15,36.622,3.6622,150,28.884422180036182,6b09045c74ff643a0867ccfa222cb2189eb4fc2a83b5af5eefafce2eb8fb5e2d,host-resident policy-required candidate/native tensors through K and record IDs
MEASURED,675,6,M11,20,10,15,71.8777,3.593885,300,43.12068280381245,e29a101e9ef7200cf9362006b96a03eedb0f7f73034602e3c8ef07bf9e8646fb,host-resident policy-required candidate/native tensors through K and record IDs
MEASURED,676,8,S_ADAPT,10,11,15,2.9318,0.29318,150,85.04481673240662,72a3b1a577107d160c4359460949d9f88c060ed80855b85a585ee356a258d509,host-resident policy-required candidate/native tensors through K and record IDs
MEASURED,677,8,S_ADAPT,10,3,15,1.6358,0.16358,150,91.17850151658058,1af0b49a99ea345494d984b82ce36d1a525a93add9e10f92b488192ed29656d0,host-resident policy-required candidate/native tensors through K and record IDs
MEASURED,678,2,M11,10,31,15,36.8979,3.68979,150,28.14959604739981,1ef01f7403c93b775001f6bc6a3ecf53c99eb6a4b371221e89d0a6537bc7e1aa,host-resident policy-required candidate/native tensors through K and record IDs
MEASURED,679,1,M11,20,8,15,77.1472,3.85736,300,31.143478747168153,151120f08c6b964450162291b3ddfd65d33a97667c936302f839e2b5b47be5d3,host-resident policy-required candidate/native tensors through K and record IDs
MEASURED,680,1,S_ADAPT,40,5,15,13.9801,0.3495025,600,363.2874115407467,90b5c4759fec413080b0de4942d35e72fdbb168f834d447bfe187be6a6f54823,host-resident policy-required candidate/native tensors through K and record IDs
MEASURED,681,9,S_ADAPT,10,29,15,2.4712,0.24712,150,94.83080992102623,711ffec6ecc0b071f2ca9a4d9bb3f38fa4c376cd5fd09667a497ba58464dd507,host-resident policy-required candidate/native tensors through K and record IDs
MEASURED,682,7,S_ADAPT,10,4,15,2.5097,0.25097,150,85.6570528447628,cf9a5c21d22486096e3b3383b942942bdb7bb2e01393549e670f3bace962d2ac,host-resident policy-required candidate/native tensors through K and record IDs
MEASURED,683,1,PS_PREFIX,40,8,15,33.7921,0.8448024999999999,600,129.68647219222416,a6a66af3ea97b2c8385b6847341925a67a22ad2aab7be69be6e1dfb9742c1d65,host-resident policy-required candidate/native tensors through K and record IDs
MEASURED,684,5,S_ADAPT,20,11,15,3.7223,0.186115,300,188.01957547664642,95f172e3cece9be582c121d785782dab7d0f6adcda6e0cc9761a6e7f061a184a,host-resident policy-required candidate/native tensors through K and record IDs
MEASURED,685,5,S_ADAPT,10,7,15,2.4392,0.24392,150,92.19294717907906,9db0c19f8478631d98a798e33ddc6a186e2906f32bf9649324d03a77a9ff56ad,host-resident policy-required candidate/native tensors through K and record IDs
MEASURED,686,2,M11,20,8,15,68.3466,3.4173299999999998,300,31.143478747168153,151120f08c6b964450162291b3ddfd65d33a97667c936302f839e2b5b47be5d3,host-resident policy-required candidate/native tensors through K and record IDs
MEASURED,687,0,M11,10,20,15,35.0663,3.50663,150,23.59353941180495,b5af0b17131b0a8c4a65d5344a842ee250a7def2f70cb5ee8100878c44c02a78,host-resident policy-required candidate/native tensors through K and record IDs
MEASURED,688,6,S_ADAPT,10,11,15,2.0688,0.20688,150,85.04481673240662,72a3b1a577107d160c4359460949d9f88c060ed80855b85a585ee356a258d509,host-resident policy-required candidate/native tensors through K and record IDs
MEASURED,689,3,M11,10,3,15,40.8747,4.08747,150,23.600619834352372,197d4a54b11eda8b4c0a236088593301f61232903228c72a19a7a99a834756ae,host-resident policy-required candidate/native tensors through K and record IDs
MEASURED,690,2,M11,10,3,15,38.2651,3.82651,150,23.600619834352372,197d4a54b11eda8b4c0a236088593301f61232903228c72a19a7a99a834756ae,host-resident policy-required candidate/native tensors through K and record IDs
MEASURED,691,8,S_ADAPT,40,5,15,8.3542,0.208855,600,363.2874115407467,90b5c4759fec413080b0de4942d35e72fdbb168f834d447bfe187be6a6f54823,host-resident policy-required candidate/native tensors through K and record IDs
MEASURED,692,9,M11,80,0,15,276.9749,3.46218625,1200,187.87149430956404,5902a78f16de7b059296d80accff62a2f3e6a7a57f0be117f6c5cda44bc7e73d,host-resident policy-required candidate/native tensors through K and record IDs
MEASURED,693,7,S_ADAPT,20,14,15,3.8236,0.19118,300,189.7540007531643,c0c17c77770c250341d765918dc25fd9f2f39d508f7f29ec190f561e0c1ad927,host-resident policy-required candidate/native tensors through K and record IDs
MEASURED,694,2,M11,10,24,15,33.3976,3.3397599999999996,150,26.90031331005837,840b6ecb1f98ef107299ec3e02788e95c51d6c5a68a1e9b9952b1f724a335d2d,host-resident policy-required candidate/native tensors through K and record IDs
MEASURED,695,3,S_ADAPT,20,1,15,5.2149,0.260745,300,169.44759967923164,328992b110282c5d5fbb1025e516d36544d129a0e4d3365e777e272e61aa0ee2,host-resident policy-required candidate/native tensors through K and record IDs
MEASURED,696,9,S_ADAPT,20,6,15,3.3958,0.16979,300,172.49611538648605,505f6ee76ae3dc289646a331bc9575ae60d9f3d6ffffa405890761769758d375,host-resident policy-required candidate/native tensors through K and record IDs
MEASURED,697,8,M11,20,7,15,75.2123,3.760615,300,52.487763568033394,35592b264e37d6c83f19e03b8edf2d92bf9bfdc9a912a72212c624b6de8aae9b,host-resident policy-required candidate/native tensors through K and record IDs
MEASURED,698,1,M11,20,6,15,77.8249,3.891245,300,35.36299226184275,e01c56ec0c33cc9ea8008198bcdd7ea144c37125ac1f4ebf501d8af3e65fc8f6,host-resident policy-required candidate/native tensors through K and record IDs
MEASURED,699,7,M11,10,12,15,41.9997,4.1999699999999995,150,16.37465772788938,14ea96c11e13c0bc275dcbc5b2486c2804e5e4a6598171a2e14a0132265ed1f9,host-resident policy-required candidate/native tensors through K and record IDs
MEASURED,700,2,PS_PREFIX,40,6,15,33.2415,0.8310375000000001,600,152.41315462537847,f1f9906a1162f6a90372952c110937bee2051c00c06c1aebf594b65869538213,host-resident policy-required candidate/native tensors through K and record IDs
MEASURED,701,9,M11,10,36,15,35.1848,3.5184800000000003,150,37.17367167113842,af07fd8f72ab16254e7848ddcde7a13460d26ff43825688cacb2fe88b7e99742,host-resident policy-required candidate/native tensors through K and record IDs
MEASURED,702,8,PS_PREFIX,40,1,15,32.9615,0.8240375,600,127.26903411831033,d283dab96a20f1aa11d8b1b2087f6ccb545114ca40ca1c3b3e848dc90f7ecbf1,host-resident policy-required candidate/native tensors through K and record IDs
MEASURED,703,7,M11,40,7,15,157.2281,3.9307025,600,122.55891236166077,8852e1ab47e649c5cde968f8336074564feee1c3c32a859e528486249f98ce75,host-resident policy-required candidate/native tensors through K and record IDs
MEASURED,704,9,S_ADAPT,10,28,15,2.4357,0.24357,150,94.63978198170662,1af3b041ce66e6ac6e9d5ef06117b0551171649ed7cd1188d31640427be0418c,host-resident policy-required candidate/native tensors through K and record IDs
MEASURED,705,2,S_ADAPT,20,0,15,3.8437,0.192185,300,176.4440060555935,1bfc659bac89b1a185f3a4d2201b1cb0eecb07e2a9cadf7c950d3bf5cbf05a73,host-resident policy-required candidate/native tensors through K and record IDs
MEASURED,706,3,M11,10,9,15,37.0682,3.7068199999999996,150,21.002915189186872,5b84dd7c8d19b04fce83a753963756380a4082ef59f9f58d68999cb8457ea874,host-resident policy-required candidate/native tensors through K and record IDs
MEASURED,707,6,S_ADAPT,10,34,15,2.0735,0.20735,150,101.2994676232338,a2decff81d1f05fe6ccbf288846acff87effb7ff9c928e2eb7051f8c9a8d381b,host-resident policy-required candidate/native tensors through K and record IDs
MEASURED,708,5,S_ADAPT,10,38,15,1.6237,0.16237,150,97.42280113697052,2b1c6e7d1e7df106ede63ec54a94a31e4b59e2fce88d1d629b8ab51f4238e3c2,host-resident policy-required candidate/native tensors through K and record IDs
MEASURED,709,7,M11,10,19,15,55.4021,5.54021,150,19.03600186740192,813fcaac85152beb003ece4060805f5d357a58de21b20317370050fa5aee3d32,host-resident policy-required candidate/native tensors through K and record IDs
MEASURED,710,7,M11,40,8,15,138.9669,3.4741725000000003,600,101.83546079121663,3005e2d00690dc3edfa0db32d791d2480bfe9884a0c07b6149436beb0f521812,host-resident policy-required candidate/native tensors through K and record IDs
MEASURED,711,4,M11,20,19,15,73.4094,3.6704700000000003,300,45.50804985058315,af83fba9a5dfaeb4f7f97625e7c9081e54f26d09bb75b8de1a1a566ddda26e4e,host-resident policy-required candidate/native tensors through K and record IDs
MEASURED,712,1,S_ADAPT,10,3,15,2.607,0.26070000000000004,150,91.17850151658058,1af0b49a99ea345494d984b82ce36d1a525a93add9e10f92b488192ed29656d0,host-resident policy-required candidate/native tensors through K and record IDs
MEASURED,713,1,S_ADAPT,10,4,15,1.7506,0.17506,150,85.6570528447628,cf9a5c21d22486096e3b3383b942942bdb7bb2e01393549e670f3bace962d2ac,host-resident policy-required candidate/native tensors through K and record IDs
MEASURED,714,1,PS_PREFIX,40,5,15,31.2256,0.78064,600,127.49238484490243,8c40ab417b040e0e46fb044a1c2e0ee40d077b6ae813c94261510087b287ca73,host-resident policy-required candidate/native tensors through K and record IDs
MEASURED,715,0,S_ADAPT,20,18,15,3.9071,0.195355,300,190.75923946499825,9943bb03a04288346d696a368477d8765dfa5fdc07e97dccb195952aa4a2224b,host-resident policy-required candidate/native tensors through K and record IDs
MEASURED,716,7,M11,10,38,15,37.657,3.7657,150,28.265318614095065,9673cc63050c1b0ae539c7b50e56ba3ba36818223218860fade220efb620d3c1,host-resident policy-required candidate/native tensors through K and record IDs
MEASURED,717,6,M11,10,26,15,41.0941,4.10941,150,27.82774520154011,bb4d494f2f873377cb569d3a2c86aac6ed77739f96b9c02195fdabab7f78f2ed,host-resident policy-required candidate/native tensors through K and record IDs
MEASURED,718,5,PS_PREFIX,40,9,15,31.1534,0.778835,600,133.1650085915075,35f7be185c894adaa6e579294f29804eaf169d3b0333feed6f9a56fb10c778ae,host-resident policy-required candidate/native tensors through K and record IDs
MEASURED,719,4,M11,20,4,15,70.6888,3.53444,300,43.35089701642879,353a00406c0aff04f58d483f9a350e5df74e43b0c43b000ebea4f8295db24f5c,host-resident policy-required candidate/native tensors through K and record IDs
MEASURED,720,2,M11,10,29,15,35.4674,3.54674,150,42.83630087325895,d50043c0b6789280419e9a882b3f06cc1a5b03bac66ffa827173d190d6efe7c9,host-resident policy-required candidate/native tensors through K and record IDs
MEASURED,721,7,M11,10,33,15,33.7773,3.3777299999999997,150,14.856807958208437,4e9ea27c72edd34a27c147cd71491488a3951f2ad899e4c4ecbf6dd8614f9921,host-resident policy-required candidate/native tensors through K and record IDs
MEASURED,722,5,S_ADAPT,10,27,15,1.9478,0.19478,150,97.85155525803566,1a1e6282f3ef4e3a6fd0bce80503e0d4f04c69922dfd931ca78b06810a4e63d3,host-resident policy-required candidate/native tensors through K and record IDs
MEASURED,723,5,S_ADAPT,40,1,15,7.5831,0.1895775,600,354.89996725320816,3a46410a671f6e4d4ea84344a22b8e841726860290f274599424313d93b46266,host-resident policy-required candidate/native tensors through K and record IDs
MEASURED,724,0,S_ADAPT,10,35,15,1.7903,0.17903,150,93.84776049852371,259456af28301e8722bffceba754a1eb49470e7c8d46e6da1e28b8ed1019e283,host-resident policy-required candidate/native tensors through K and record IDs
MEASURED,725,4,M11,10,1,15,33.8977,3.38977,150,15.639920970241969,a6167b0584cd1caf9bbbc3793064ca384bfab11be6cf182c31291d62eb27f0e3,host-resident policy-required candidate/native tensors through K and record IDs
MEASURED,726,8,PS_PREFIX,40,6,15,32.48,0.8119999999999999,600,152.41315462537847,f1f9906a1162f6a90372952c110937bee2051c00c06c1aebf594b65869538213,host-resident policy-required candidate/native tensors through K and record IDs
MEASURED,727,3,S_ADAPT,10,13,15,3.962,0.3962,150,91.94036191701889,0022c38aa69ab2d483f75f5b6a7bb6fbbb92b2b7f8fc0a0f8d0d9cd2dff5e52c,host-resident policy-required candidate/native tensors through K and record IDs
MEASURED,728,5,M11,20,7,15,68.2424,3.4121200000000003,300,52.487763568033394,35592b264e37d6c83f19e03b8edf2d92bf9bfdc9a912a72212c624b6de8aae9b,host-resident policy-required candidate/native tensors through K and record IDs
MEASURED,729,7,S_ADAPT,10,2,15,2.1599,0.21599,150,77.38685169816017,fffaa726d1f44bf95b34a7da4ee27d525fc95ad265f37fc9aaf76ff88708dbdf,host-resident policy-required candidate/native tensors through K and record IDs
MEASURED,730,7,S_ADAPT,10,17,15,2.3287,0.23287,150,87.33095359802246,d04cb5a522045cf7f3fdc6943edd2c7e9601b850ce308760415590c048ab3f8a,host-resident policy-required candidate/native tensors through K and record IDs
MEASURED,731,0,M11,10,16,15,37.9289,3.79289,150,15.143859907201344,85c31ff8562865c9d3fe0fabfb782617e7804c90b76297159ed109e82d2e509c,host-resident policy-required candidate/native tensors through K and record IDs
MEASURED,732,4,M11,20,8,15,73.6422,3.68211,300,31.143478747168153,151120f08c6b964450162291b3ddfd65d33a97667c936302f839e2b5b47be5d3,host-resident policy-required candidate/native tensors through K and record IDs
MEASURED,733,4,S_ADAPT,10,33,15,2.3594,0.23593999999999998,150,87.52090319991112,f2796b356f074f2c333c7c58546a275ba31e8861209d146c6cbb7890e215e668,host-resident policy-required candidate/native tensors through K and record IDs
MEASURED,734,3,S_ADAPT,10,4,15,1.6979,0.16979,150,85.6570528447628,cf9a5c21d22486096e3b3383b942942bdb7bb2e01393549e670f3bace962d2ac,host-resident policy-required candidate/native tensors through K and record IDs
MEASURED,735,5,M11,10,2,15,39.6802,3.96802,150,20.42665469066434,de05f81fd6ce148b190614d2bf524bc01f4a6d986a260511e5ab76410dc8f19e,host-resident policy-required candidate/native tensors through K and record IDs
MEASURED,736,7,M11,10,18,15,33.5458,3.35458,150,28.884422180036182,6b09045c74ff643a0867ccfa222cb2189eb4fc2a83b5af5eefafce2eb8fb5e2d,host-resident policy-required candidate/native tensors through K and record IDs
MEASURED,737,4,M11,10,32,15,34.2827,3.42827,150,17.391825941115158,336871054235ec2f0bd1cf474a3131a9fb3a782e788ce63fa08344b55d14c389,host-resident policy-required candidate/native tensors through K and record IDs
MEASURED,738,6,S_ADAPT,10,33,15,1.9927,0.19927,150,87.52090319991112,f2796b356f074f2c333c7c58546a275ba31e8861209d146c6cbb7890e215e668,host-resident policy-required candidate/native tensors through K and record IDs
MEASURED,739,0,M11,20,7,15,65.5267,3.2763350000000004,300,52.487763568033394,35592b264e37d6c83f19e03b8edf2d92bf9bfdc9a912a72212c624b6de8aae9b,host-resident policy-required candidate/native tensors through K and record IDs
MEASURED,740,7,M11,10,13,15,34.4832,3.44832,150,18.77830546905996,3cffb82fbb7a71e4bcff38362191ff0e467038e201f4bdcfde9bd20fe304c492,host-resident policy-required candidate/native tensors through K and record IDs
MEASURED,741,0,M11,10,7,15,36.1981,3.6198099999999998,150,29.290368652591624,a0bf5ff2544802077833319a55ebfc0228ffc6295c0a36ccf4330521d4d52b50,host-resident policy-required candidate/native tensors through K and record IDs
MEASURED,742,6,M11,20,17,15,74.3431,3.7171550000000004,300,66.64971844791594,acdacd51340f2fb4953ed00ec1990916249d11b97e105be63ff9749f6f4b3505,host-resident policy-required candidate/native tensors through K and record IDs
MEASURED,743,1,M11,10,18,15,35.2556,3.52556,150,28.884422180036182,6b09045c74ff643a0867ccfa222cb2189eb4fc2a83b5af5eefafce2eb8fb5e2d,host-resident policy-required candidate/native tensors through K and record IDs
MEASURED,744,8,M11,10,36,15,40.9001,4.09001,150,37.17367167113842,af07fd8f72ab16254e7848ddcde7a13460d26ff43825688cacb2fe88b7e99742,host-resident policy-required candidate/native tensors through K and record IDs
MEASURED,745,8,S_ADAPT,20,10,15,3.8656,0.19328,300,174.93708074092865,7651aabe9f9fb19830624503217844347642eeb994744ea1c00f5699b0e31a42,host-resident policy-required candidate/native tensors through K and record IDs
MEASURED,746,8,M11,10,17,15,33.5318,3.3531799999999996,150,15.97911248749644,b5d08ae7215ad282017a53870c0a0ecf27776ba497ca05ad0af3d13eb1e6d630,host-resident policy-required candidate/native tensors through K and record IDs
MEASURED,747,7,M11,10,21,15,34.0535,3.40535,150,19.391039300255603,24be28c85e8c6e37273698233a1de1159223266e88ba59c844a4c09f91888603,host-resident policy-required candidate/native tensors through K and record IDs
MEASURED,748,6,S_ADAPT,10,14,15,3.0798,0.30798000000000003,150,95.96669745445251,4df7ae3c5880b8b938af66ea71a55e9fcfb1e5fb009b71e57cc2cecef5a9507b,host-resident policy-required candidate/native tensors through K and record IDs
MEASURED,749,9,M11,20,13,15,66.8914,3.34457,300,53.178126871200746,ff4dcc38c41e8d7539b6784f13e3afcf4a171936483bb2b9321ced527e20584c,host-resident policy-required candidate/native tensors through K and record IDs
MEASURED,750,4,S_ADAPT,10,15,15,2.5139,0.25139,150,92.52730506658554,eada6c593e7b2e1fee5a54484ede13c4fcdde041c72543e99653f15d857ba527,host-resident policy-required candidate/native tensors through K and record IDs
MEASURED,751,4,S_ADAPT,10,28,15,1.6618,0.16618,150,94.63978198170662,1af3b041ce66e6ac6e9d5ef06117b0551171649ed7cd1188d31640427be0418c,host-resident policy-required candidate/native tensors through K and record IDs
MEASURED,752,7,M11,40,1,15,137.8952,3.44738,600,100.49787166982753,6e4e6a2228e9ac61dc332c40a82be24c97b7b6c6e7333ea0fc55297c077ec059,host-resident policy-required candidate/native tensors through K and record IDs
MEASURED,753,2,M11,10,23,15,217.9374,21.79374,150,25.159577238042274,7f95fa52bca5e4d832e97038174784b0046e55c31098cc28f7853b05f41882fd,host-resident policy-required candidate/native tensors through K and record IDs
MEASURED,754,4,M11,10,22,15,33.7854,3.37854,150,22.510549877284102,684fe63a8dc55a378348673b549861303072bd32e45dfe9eb5e5551b7e56d6fa,host-resident policy-required candidate/native tensors through K and record IDs
MEASURED,755,5,M11,10,25,15,35.3402,3.5340200000000004,150,26.231556898880736,f2931a8953e8a6f26c721229173d5a7069ddd249b1124bc7d93388b1370ea65b,host-resident policy-required candidate/native tensors through K and record IDs
MEASURED,756,7,S_ADAPT,10,22,15,2.129,0.2129,150,88.1693175137043,67e5d17d0da4c747afa8006e9b015272608f2b38ff4544ecabbb55ba6ec9706b,host-resident policy-required candidate/native tensors through K and record IDs
MEASURED,757,8,S_ADAPT,20,6,15,4.4086,0.22043,300,172.49611538648605,505f6ee76ae3dc289646a331bc9575ae60d9f3d6ffffa405890761769758d375,host-resident policy-required candidate/native tensors through K and record IDs
MEASURED,758,3,M11,10,10,15,33.583,3.3583,150,18.677026160888396,2af321c74952d8d9a818e142361b7076f7a8f0e2e81ceeb05414f8ed7e3ff119,host-resident policy-required candidate/native tensors through K and record IDs
MEASURED,759,6,M11,20,7,15,74.3249,3.716245,300,52.487763568033394,35592b264e37d6c83f19e03b8edf2d92bf9bfdc9a912a72212c624b6de8aae9b,host-resident policy-required candidate/native tensors through K and record IDs
MEASURED,760,9,M11,10,27,15,44.6759,4.4675899999999995,150,25.2038274745462,0caeb4e5021bf8249c421927df9b24f0b78c1a940bda79a80a69d6fef3c0e326,host-resident policy-required candidate/native tensors through K and record IDs
MEASURED,761,9,S_ADAPT,10,22,15,2.1572,0.21572,150,88.1693175137043,67e5d17d0da4c747afa8006e9b015272608f2b38ff4544ecabbb55ba6ec9706b,host-resident policy-required candidate/native tensors through K and record IDs
MEASURED,762,5,M11,10,33,15,38.64,3.864,150,14.856807958208437,4e9ea27c72edd34a27c147cd71491488a3951f2ad899e4c4ecbf6dd8614f9921,host-resident policy-required candidate/native tensors through K and record IDs
MEASURED,763,6,S_ADAPT,10,27,15,2.2609,0.22608999999999999,150,97.85155525803566,1a1e6282f3ef4e3a6fd0bce80503e0d4f04c69922dfd931ca78b06810a4e63d3,host-resident policy-required candidate/native tensors through K and record IDs
MEASURED,764,8,S_ADAPT,20,17,15,4.4668,0.22334,300,195.57238599658012,7cd2892d08457192509e1696c92ee1692349435e769761b391070a4bca3b2876,host-resident policy-required candidate/native tensors through K and record IDs
MEASURED,765,8,S_ADAPT,10,17,15,1.8118,0.18118,150,87.33095359802246,d04cb5a522045cf7f3fdc6943edd2c7e9601b850ce308760415590c048ab3f8a,host-resident policy-required candidate/native tensors through K and record IDs
MEASURED,766,1,M11,10,27,15,42.1506,4.215059999999999,150,25.2038274745462,0caeb4e5021bf8249c421927df9b24f0b78c1a940bda79a80a69d6fef3c0e326,host-resident policy-required candidate/native tensors through K and record IDs
MEASURED,767,3,S_ADAPT,40,9,15,8.0632,0.20158,600,372.1882814466953,87e13397e7745cd8f91fd45ba560910bf9f6a685e50c45ab9e513195986b0251,host-resident policy-required candidate/native tensors through K and record IDs
MEASURED,768,7,S_ADAPT,40,5,15,7.6968,0.19241999999999998,600,363.2874115407467,90b5c4759fec413080b0de4942d35e72fdbb168f834d447bfe187be6a6f54823,host-resident policy-required candidate/native tensors through K and record IDs
MEASURED,769,0,M11,40,5,15,141.4172,3.5354300000000003,600,91.57735939191721,ee75096d5e0dcb12073b4cc3f52f113a9985e4bc1c6088eebd419d39697f3ef3,host-resident policy-required candidate/native tensors through K and record IDs
MEASURED,770,1,M11,40,0,15,168.6726,4.2168149999999995,600,87.34628145002588,d2b033b2651ab4e2a1356c23a5a229528d2b0501a5eaa2fd13ccf7923f400bee,host-resident policy-required candidate/native tensors through K and record IDs
MEASURED,771,0,S_ADAPT,20,12,15,4.5253,0.226265,300,192.58604577183723,48bab893476e3db929878747484bcaff543c71f85eaf2cc23839660e08a18c65,host-resident policy-required candidate/native tensors through K and record IDs
MEASURED,772,6,S_ADAPT,20,3,15,3.798,0.1899,300,175.83587780594826,b7add291b958040013d1c54ecf1e1b5d35142f07e98e1133aab357ab95fc6afb,host-resident policy-required candidate/native tensors through K and record IDs
MEASURED,773,8,M11,10,16,15,39.3576,3.9357599999999997,150,15.143859907201344,85c31ff8562865c9d3fe0fabfb782617e7804c90b76297159ed109e82d2e509c,host-resident policy-required candidate/native tensors through K and record IDs
MEASURED,774,0,M11,20,10,15,67.7426,3.38713,300,43.12068280381245,e29a101e9ef7200cf9362006b96a03eedb0f7f73034602e3c8ef07bf9e8646fb,host-resident policy-required candidate/native tensors through K and record IDs
MEASURED,775,6,S_ADAPT,10,29,15,2.3905,0.23904999999999998,150,94.83080992102623,711ffec6ecc0b071f2ca9a4d9bb3f38fa4c376cd5fd09667a497ba58464dd507,host-resident policy-required candidate/native tensors through K and record IDs
MEASURED,776,1,M11,10,33,15,37.0539,3.70539,150,14.856807958208437,4e9ea27c72edd34a27c147cd71491488a3951f2ad899e4c4ecbf6dd8614f9921,host-resident policy-required candidate/native tensors through K and record IDs
MEASURED,777,9,S_ADAPT,10,35,15,2.1793,0.21793,150,93.84776049852371,259456af28301e8722bffceba754a1eb49470e7c8d46e6da1e28b8ed1019e283,host-resident policy-required candidate/native tensors through K and record IDs
MEASURED,778,6,S_ADAPT,10,0,15,1.844,0.1844,150,92.10543185472488,2aa0f1eeb0f2d36847ce9525f8c79ab3b92338ac0994c9f6a39d54cf6bb74a2f,host-resident policy-required candidate/native tensors through K and record IDs
MEASURED,779,3,M11,20,0,15,66.3258,3.31629,300,42.6693555309175,97acb517dee862285451aae0cdca71cafe34956ebbe3ed12d6745c63a612b4c4,host-resident policy-required candidate/native tensors through K and record IDs
MEASURED,780,2,PS_PREFIX,40,1,15,32.7262,0.818155,600,127.26903411831033,d283dab96a20f1aa11d8b1b2087f6ccb545114ca40ca1c3b3e848dc90f7ecbf1,host-resident policy-required candidate/native tensors through K and record IDs
MEASURED,781,5,M11,20,14,15,69.6635,3.483175,300,68.82805772204135,3bcfe8fa19dfa6b4e1122bd07fcc32801a07e327cfcfea69d85ac563eeccaa49,host-resident policy-required candidate/native tensors through K and record IDs
MEASURED,782,1,M11,10,10,15,45.9237,4.59237,150,18.677026160888396,2af321c74952d8d9a818e142361b7076f7a8f0e2e81ceeb05414f8ed7e3ff119,host-resident policy-required candidate/native tensors through K and record IDs
MEASURED,783,7,S_ADAPT,20,19,15,3.6659,0.183295,300,181.42042163014412,d2a8d0341052e85c558a6e02225f565af9f743b75c5a8bbcf983bddc55dadf3f,host-resident policy-required candidate/native tensors through K and record IDs
MEASURED,784,0,S_ADAPT,10,4,15,1.5839,0.15839,150,85.6570528447628,cf9a5c21d22486096e3b3383b942942bdb7bb2e01393549e670f3bace962d2ac,host-resident policy-required candidate/native tensors through K and record IDs
MEASURED,785,8,S_ADAPT,10,24,15,1.9726,0.19726,150,97.39093405008316,337a47697cc51c376e7d9faa5a9c174a2594f4732406a21a68c1b42c17f6031c,host-resident policy-required candidate/native tensors through K and record IDs
MEASURED,786,6,M11,10,18,15,39.1207,3.91207,150,28.884422180036182,6b09045c74ff643a0867ccfa222cb2189eb4fc2a83b5af5eefafce2eb8fb5e2d,host-resident policy-required candidate/native tensors through K and record IDs
MEASURED,787,9,S_ADAPT,20,14,15,4.8824,0.24411999999999998,300,189.7540007531643,c0c17c77770c250341d765918dc25fd9f2f39d508f7f29ec190f561e0c1ad927,host-resident policy-required candidate/native tensors through K and record IDs
MEASURED,788,6,M11,20,18,15,76.4099,3.8204949999999998,300,63.8480957782682,177460e68782664a9113a40f86bc409a8c72183e819d65d9c29317a4a93b088f,host-resident policy-required candidate/native tensors through K and record IDs
MEASURED,789,2,S_ADAPT,40,6,15,8.5632,0.21408,600,384.2117875814438,0313f50eb82a82acc8ad078ac418b19e4bfe509846ee3194d96f2ddea779d7f3,host-resident policy-required candidate/native tensors through K and record IDs
MEASURED,790,8,S_ADAPT,40,8,15,9.1131,0.2278275,600,369.87653109431267,a2ecc8c23245d80af28aa6d62c6d46a9074a0b5173b1f84cc1a938bdf354241f,host-resident policy-required candidate/native tensors through K and record IDs
MEASURED,791,0,S_ADAPT,20,5,15,3.9372,0.19685999999999998,300,173.78133611381054,85772d383eb58f6a1364ceb4129e413a1814f5b3a73c05e0a9e8b0ef52c9d03a,host-resident policy-required candidate/native tensors through K and record IDs
MEASURED,792,8,M11,20,3,15,70.622,3.5311,300,48.19475735069779,904ce76aa951a7d08d5390631854e4f69a2e4bf5fbc7c925bbd8139d0e26ea27,host-resident policy-required candidate/native tensors through K and record IDs
MEASURED,793,4,S_ADAPT,10,26,15,2.1154,0.21154,150,93.75479540228844,a49c3f69d70ac2b2e1a5fb7d023b189413162e232a0ced484a975b458e15bd17,host-resident policy-required candidate/native tensors through K and record IDs
MEASURED,794,4,S_ADAPT,10,38,15,2.457,0.24569999999999997,150,97.42280113697052,2b1c6e7d1e7df106ede63ec54a94a31e4b59e2fce88d1d629b8ab51f4238e3c2,host-resident policy-required candidate/native tensors through K and record IDs
MEASURED,795,7,M11,10,39,15,34.9806,3.49806,150,16.951124010819047,f8292fffa491defebfd973faf280ba5daba1457ada22919c9c7a9382a7fec958,host-resident policy-required candidate/native tensors through K and record IDs
MEASURED,796,2,S_ADAPT,10,12,15,1.9816,0.19816,150,79.4385441839695,4cb9ade8a1ecd791cdfc3edd448f61f4357c2f8a09b37a3e695eb7276780f692,host-resident policy-required candidate/native tensors through K and record IDs
MEASURED,797,7,M11,10,25,15,34.2959,3.42959,150,26.231556898880736,f2931a8953e8a6f26c721229173d5a7069ddd249b1124bc7d93388b1370ea65b,host-resident policy-required candidate/native tensors through K and record IDs
MEASURED,798,4,M11,40,6,15,141.9672,3.54918,600,106.38732863045063,084ec29426edbb4bc589984319a3d3c39e0b4c8656ec0a75c002b686a2ae678b,host-resident policy-required candidate/native tensors through K and record IDs
MEASURED,799,8,S_ADAPT,10,25,15,2.5596,0.25596,150,95.17271280288696,0a55948be63cad5aa065bd07c7aaf05bd2b2a1b3b6142d4f6f72d042d2f37161,host-resident policy-required candidate/native tensors through K and record IDs
MEASURED,800,1,S_ADAPT,40,4,15,7.6333,0.19083250000000002,600,357.4904659241438,839a557cee47cb10ab8dc39dcd232a22009debf37251f70b8b4e213ffdf9185d,host-resident policy-required candidate/native tensors through K and record IDs
MEASURED,801,0,S_ADAPT,10,21,15,2.602,0.2602,150,81.6864028275013,875bc59820bf3ec61007014dfe4dafb1ebfb2b83de7164d930a0d7fdb558ec74,host-resident policy-required candidate/native tensors through K and record IDs
MEASURED,802,3,PS_CLASS_PREFIX,40,5,15,31.3816,0.78454,600,138.6275444463038,fb8bb5bb515a229c7594a7e9d62736d457014c2c8f1e5e9d28b58c8284dc82c5,host-resident policy-required candidate/native tensors through K and record IDs
MEASURED,803,4,S_ADAPT,20,17,15,4.3063,0.215315,300,195.57238599658012,7cd2892d08457192509e1696c92ee1692349435e769761b391070a4bca3b2876,host-resident policy-required candidate/native tensors through K and record IDs
MEASURED,804,7,PS_PREFIX,40,4,15,31.6211,0.7905274999999999,600,121.89298869800506,8a9d6c5f76391e5232fb3022e83d2ed562562b06350087da08cad75771128dfa,host-resident policy-required candidate/native tensors through K and record IDs
MEASURED,805,1,S_ADAPT,80,3,15,16.1803,0.20225374999999998,1200,756.5127590298653,6dfbebed79a0f8a694da26a367e4a0e19cdb2d3c3bfd7d290d3f9a0d31ab41ef,host-resident policy-required candidate/native tensors through K and record IDs
MEASURED,806,3,S_ADAPT,10,36,15,1.9041,0.19041,150,100.10815408825874,74559fa0f9d5675b4259236c8eb8f6060b66cdf85342f53456923405c952e00c,host-resident policy-required candidate/native tensors through K and record IDs
MEASURED,807,0,M11,10,39,15,34.0762,3.40762,150,16.951124010819047,f8292fffa491defebfd973faf280ba5daba1457ada22919c9c7a9382a7fec958,host-resident policy-required candidate/native tensors through K and record IDs
MEASURED,808,5,M11,10,0,15,34.7223,3.4722299999999997,150,26.568549553934723,f18086c6e46f391d4ac1957764deeae035db13225b77a1c26eb1a9e259e9bc61,host-resident policy-required candidate/native tensors through K and record IDs
MEASURED,809,4,S_ADAPT,10,36,15,2.4017,0.24017,150,100.10815408825874,74559fa0f9d5675b4259236c8eb8f6060b66cdf85342f53456923405c952e00c,host-resident policy-required candidate/native tensors through K and record IDs
MEASURED,810,9,S_ADAPT,10,5,15,2.0484,0.20484,150,92.62096610665321,d245526c08e8aa5cfced919e1b2b4676365c3ab1ad70344336368af9a3448d94,host-resident policy-required candidate/native tensors through K and record IDs
MEASURED,811,4,S_ADAPT,40,3,15,6.9151,0.1728775,600,361.8156100809574,0542c6bf14ccb68f678573ad0458bd5e3bb5998b0478644ed2a56fb2585c5696,host-resident policy-required candidate/native tensors through K and record IDs
MEASURED,812,3,M11,40,7,15,140.0781,3.5019525000000002,600,122.55891236166077,8852e1ab47e649c5cde968f8336074564feee1c3c32a859e528486249f98ce75,host-resident policy-required candidate/native tensors through K and record IDs
MEASURED,813,3,S_ADAPT,20,18,15,4.9551,0.247755,300,190.75923946499825,9943bb03a04288346d696a368477d8765dfa5fdc07e97dccb195952aa4a2224b,host-resident policy-required candidate/native tensors through K and record IDs
MEASURED,814,7,S_ADAPT,10,14,15,1.7436,0.17436000000000001,150,95.96669745445251,4df7ae3c5880b8b938af66ea71a55e9fcfb1e5fb009b71e57cc2cecef5a9507b,host-resident policy-required candidate/native tensors through K and record IDs
MEASURED,815,1,S_ADAPT,10,27,15,1.6203,0.16203,150,97.85155525803566,1a1e6282f3ef4e3a6fd0bce80503e0d4f04c69922dfd931ca78b06810a4e63d3,host-resident policy-required candidate/native tensors through K and record IDs
MEASURED,816,8,M11,20,13,15,69.8913,3.494565,300,53.178126871200746,ff4dcc38c41e8d7539b6784f13e3afcf4a171936483bb2b9321ced527e20584c,host-resident policy-required candidate/native tensors through K and record IDs
MEASURED,817,1,M11,10,2,15,35.6876,3.56876,150,20.42665469066434,de05f81fd6ce148b190614d2bf524bc01f4a6d986a260511e5ab76410dc8f19e,host-resident policy-required candidate/native tensors through K and record IDs
MEASURED,818,1,PS_CLASS_PREFIX,40,7,15,34.0406,0.851015,600,176.6437419761645,c15b3de8b71d84c5d067b10c7a6c8bae032edfb4dc2d9017dead16aa8252896d,host-resident policy-required candidate/native tensors through K and record IDs
MEASURED,819,9,M11,10,39,15,42.3186,4.23186,150,16.951124010819047,f8292fffa491defebfd973faf280ba5daba1457ada22919c9c7a9382a7fec958,host-resident policy-required candidate/native tensors through K and record IDs
MEASURED,820,0,S_ADAPT,10,28,15,2.0593,0.20593,150,94.63978198170662,1af3b041ce66e6ac6e9d5ef06117b0551171649ed7cd1188d31640427be0418c,host-resident policy-required candidate/native tensors through K and record IDs
MEASURED,821,2,PS_CLASS_PREFIX,40,9,15,32.5042,0.8126049999999999,600,158.93148233881382,9c1b4b32ae3e9a3dd1ced8b0edf0ea16ead468391bb51074beedb146b5a2a19b,host-resident policy-required candidate/native tensors through K and record IDs
MEASURED,822,6,PS_PREFIX,40,8,15,31.8195,0.7954875,600,129.68647219222416,a6a66af3ea97b2c8385b6847341925a67a22ad2aab7be69be6e1dfb9742c1d65,host-resident policy-required candidate/native tensors through K and record IDs
MEASURED,823,6,M11,10,12,15,36.714,3.6713999999999998,150,16.37465772788938,14ea96c11e13c0bc275dcbc5b2486c2804e5e4a6598171a2e14a0132265ed1f9,host-resident policy-required candidate/native tensors through K and record IDs
MEASURED,824,2,M11,40,4,15,149.8081,3.7452025,600,80.25632750905966,e4ac157065f3c4fc5922b7d6cf89648e75dde751385fff9e54a17c3b85ace92f,host-resident policy-required candidate/native tensors through K and record IDs
MEASURED,825,6,M11,40,5,15,148.6798,3.716995,600,91.57735939191721,ee75096d5e0dcb12073b4cc3f52f113a9985e4bc1c6088eebd419d39697f3ef3,host-resident policy-required candidate/native tensors through K and record IDs
MEASURED,826,0,M11,40,7,15,135.1795,3.3794874999999998,600,122.55891236166077,8852e1ab47e649c5cde968f8336074564feee1c3c32a859e528486249f98ce75,host-resident policy-required candidate/native tensors through K and record IDs
MEASURED,827,0,S_ADAPT,20,4,15,4.8491,0.242455,300,184.21708604693413,430008d6ef03aa66aa7e0de7f35a73f2a09d2f61f249888e63b53386e5716eab,host-resident policy-required candidate/native tensors through K and record IDs
MEASURED,828,5,S_ADAPT,10,14,15,1.6472,0.16472,150,95.96669745445251,4df7ae3c5880b8b938af66ea71a55e9fcfb1e5fb009b71e57cc2cecef5a9507b,host-resident policy-required candidate/native tensors through K and record IDs
MEASURED,829,9,S_ADAPT,40,7,15,8.2433,0.2060825,600,372.0247602760792,d09af782d2c3797de2b3c0224992ac9da4f52783d9647b673f18904f78369f7c,host-resident policy-required candidate/native tensors through K and record IDs
MEASURED,830,6,S_ADAPT,20,0,15,3.9927,0.199635,300,176.4440060555935,1bfc659bac89b1a185f3a4d2201b1cb0eecb07e2a9cadf7c950d3bf5cbf05a73,host-resident policy-required candidate/native tensors through K and record IDs
MEASURED,831,9,M11,10,34,15,36.1146,3.61146,150,37.68158938848324,1432c6a8ae05a6c57bd4c6c2c5c2c676dea5f122f3f2adff4028e7bcd4ceb0fe,host-resident policy-required candidate/native tensors through K and record IDs
MEASURED,832,5,S_ADAPT,10,0,15,1.9624,0.19624,150,92.10543185472488,2aa0f1eeb0f2d36847ce9525f8c79ab3b92338ac0994c9f6a39d54cf6bb74a2f,host-resident policy-required candidate/native tensors through K and record IDs
MEASURED,833,6,S_ADAPT,10,21,15,1.8112,0.18112,150,81.6864028275013,875bc59820bf3ec61007014dfe4dafb1ebfb2b83de7164d930a0d7fdb558ec74,host-resident policy-required candidate/native tensors through K and record IDs
MEASURED,834,9,S_ADAPT,20,11,15,5.0292,0.25146,300,188.01957547664642,95f172e3cece9be582c121d785782dab7d0f6adcda6e0cc9761a6e7f061a184a,host-resident policy-required candidate/native tensors through K and record IDs
MEASURED,835,2,S_ADAPT,80,3,15,14.8256,0.18531999999999998,1200,756.5127590298653,6dfbebed79a0f8a694da26a367e4a0e19cdb2d3c3bfd7d290d3f9a0d31ab41ef,host-resident policy-required candidate/native tensors through K and record IDs
MEASURED,836,2,M11,80,1,15,272.4165,3.40520625,1200,165.54806241090245,cdf3874635e25030f79900c3af192298261eb99ea545dd29943346d76f0e9fb0,host-resident policy-required candidate/native tensors through K and record IDs
MEASURED,837,9,S_ADAPT,20,9,15,4.9821,0.249105,300,184.12518568336964,6a56a490b378b3af837b1902ab36aca64d6fe43b2555ebb6de5e52ce7799b1e9,host-resident policy-required candidate/native tensors through K and record IDs
MEASURED,838,5,S_ADAPT,20,13,15,3.2196,0.16097999999999998,300,191.62258660793304,ca5311c84dbe2d201ef36df5a6a9e2937f094a68355fd12a664c6cae594d02de,host-resident policy-required candidate/native tensors through K and record IDs
MEASURED,839,2,M11,10,13,15,35.282,3.5281999999999996,150,18.77830546905996,3cffb82fbb7a71e4bcff38362191ff0e467038e201f4bdcfde9bd20fe304c492,host-resident policy-required candidate/native tensors through K and record IDs
MEASURED,840,3,PS_PREFIX,40,9,15,32.4899,0.8122475,600,133.1650085915075,35f7be185c894adaa6e579294f29804eaf169d3b0333feed6f9a56fb10c778ae,host-resident policy-required candidate/native tensors through K and record IDs
MEASURED,841,7,PS_PREFIX,40,5,15,32.6957,0.8173925000000001,600,127.49238484490243,8c40ab417b040e0e46fb044a1c2e0ee40d077b6ae813c94261510087b287ca73,host-resident policy-required candidate/native tensors through K and record IDs
MEASURED,842,1,S_ADAPT,10,16,15,2.7302,0.27302,150,85.57529371976852,ec6e6a2e64d42902a7fd24471a752df9a30fdc1be95dce1e7b1b47964581c884,host-resident policy-required candidate/native tensors through K and record IDs
MEASURED,843,3,M11,10,18,15,42.8864,4.28864,150,28.884422180036182,6b09045c74ff643a0867ccfa222cb2189eb4fc2a83b5af5eefafce2eb8fb5e2d,host-resident policy-required candidate/native tensors through K and record IDs
MEASURED,844,2,M11,10,34,15,41.1325,4.11325,150,37.68158938848324,1432c6a8ae05a6c57bd4c6c2c5c2c676dea5f122f3f2adff4028e7bcd4ceb0fe,host-resident policy-required candidate/native tensors through K and record IDs
MEASURED,845,1,S_ADAPT,20,19,15,3.7349,0.186745,300,181.42042163014412,d2a8d0341052e85c558a6e02225f565af9f743b75c5a8bbcf983bddc55dadf3f,host-resident policy-required candidate/native tensors through K and record IDs
MEASURED,846,6,M11,10,15,15,38.419,3.8419,150,21.217235383089072,9c158fa53ac9903841c2bd7c092da38409b969d8fc7b9f3ab2126a73ee94eaab,host-resident policy-required candidate/native tensors through K and record IDs
MEASURED,847,5,M11,40,2,15,137.4953,3.4373824999999996,600,76.72862014182475,f493a602c5b529cbea5a89d5e1da092260904e75d3203719949276294972d8ba,host-resident policy-required candidate/native tensors through K and record IDs
MEASURED,848,4,M11,40,4,15,133.8368,3.3459200000000004,600,80.25632750905966,e4ac157065f3c4fc5922b7d6cf89648e75dde751385fff9e54a17c3b85ace92f,host-resident policy-required candidate/native tensors through K and record IDs
MEASURED,849,3,S_ADAPT,40,8,15,7.9254,0.198135,600,369.87653109431267,a2ecc8c23245d80af28aa6d62c6d46a9074a0b5173b1f84cc1a938bdf354241f,host-resident policy-required candidate/native tensors through K and record IDs
MEASURED,850,4,M11,40,2,15,146.2698,3.656745,600,76.72862014182475,f493a602c5b529cbea5a89d5e1da092260904e75d3203719949276294972d8ba,host-resident policy-required candidate/native tensors through K and record IDs
MEASURED,851,2,PS_CLASS_PREFIX,40,2,15,32.7033,0.8175825,600,128.98713551520905,b2ca958d49cd3684194ceb29401cda4f922ccbc792bcfc13c46f0ae8d7a68bc1,host-resident policy-required candidate/native tensors through K and record IDs
MEASURED,852,0,S_ADAPT,10,37,15,2.0433,0.20432999999999998,150,89.95280921459198,61f50d47496545d626d09b1cee5cf90bcfa80d32f018a81163d1362d5c153ccb,host-resident policy-required candidate/native tensors through K and record IDs
MEASURED,853,1,PS_PREFIX,40,7,15,33.0129,0.8253225000000001,600,139.56909272451816,c8668acd4a25aadaae404efbacb2081b163be4bdbdd68068b8c8385e35f09fba,host-resident policy-required candidate/native tensors through K and record IDs
MEASURED,854,4,M11,10,29,15,34.9709,3.49709,150,42.83630087325895,d50043c0b6789280419e9a882b3f06cc1a5b03bac66ffa827173d190d6efe7c9,host-resident policy-required candidate/native tensors through K and record IDs
MEASURED,855,1,M11,40,9,15,139.1862,3.479655,600,109.87011401524518,56e8c7cb8833accc60f092b98c038b8a15197fe9d44b536baff62431b12964dd,host-resident policy-required candidate/native tensors through K and record IDs
MEASURED,856,7,M11,40,4,15,202.5673,5.064182499999999,600,80.25632750905966,e4ac157065f3c4fc5922b7d6cf89648e75dde751385fff9e54a17c3b85ace92f,host-resident policy-required candidate/native tensors through K and record IDs
MEASURED,857,0,PS_CLASS_PREFIX,40,0,15,32.1816,0.80454,600,130.16938011948838,fb34c668d01a0e0b5ea00b52268a4ecf9c97d79e0b5564c1d3625af190a46e89,host-resident policy-required candidate/native tensors through K and record IDs
MEASURED,858,4,S_ADAPT,10,29,15,3.0437,0.30437,150,94.83080992102623,711ffec6ecc0b071f2ca9a4d9bb3f38fa4c376cd5fd09667a497ba58464dd507,host-resident policy-required candidate/native tensors through K and record IDs
MEASURED,859,0,S_ADAPT,10,8,15,1.5792,0.15792,150,90.46123763918877,fb4c6c44caeed443a70ed505a1fe6c3bee24c6999793d9971a050e8b90be88a7,host-resident policy-required candidate/native tensors through K and record IDs
MEASURED,860,9,S_ADAPT,40,0,15,7.1405,0.17851250000000002,600,346.133333414793,f63dfa3cc8990b2fec61a052139f406e450a18d572a83e1a17cc17a5196fadc3,host-resident policy-required candidate/native tensors through K and record IDs
MEASURED,861,9,M11,10,17,15,32.9431,3.2943100000000003,150,15.97911248749644,b5d08ae7215ad282017a53870c0a0ecf27776ba497ca05ad0af3d13eb1e6d630,host-resident policy-required candidate/native tensors through K and record IDs
MEASURED,862,0,S_ADAPT,10,36,15,2.1623,0.21623,150,100.10815408825874,74559fa0f9d5675b4259236c8eb8f6060b66cdf85342f53456923405c952e00c,host-resident policy-required candidate/native tensors through K and record IDs
MEASURED,863,7,M11,10,16,15,34.6552,3.46552,150,15.143859907201344,85c31ff8562865c9d3fe0fabfb782617e7804c90b76297159ed109e82d2e509c,host-resident policy-required candidate/native tensors through K and record IDs
MEASURED,864,9,M11,10,25,15,34.6106,3.46106,150,26.231556898880736,f2931a8953e8a6f26c721229173d5a7069ddd249b1124bc7d93388b1370ea65b,host-resident policy-required candidate/native tensors through K and record IDs
MEASURED,865,0,S_ADAPT,40,2,15,7.6802,0.192005,600,358.3735456317663,142f28f71921191fd1b7bb187d689ee29367192e6f5e44659cc34cb25b5391c7,host-resident policy-required candidate/native tensors through K and record IDs
MEASURED,866,5,M11,20,11,15,67.5878,3.37939,300,48.030932008467296,30b4e5de0fbb7e2aa340e0bdb3135519b2790229e464db84e7a9c18a7a66fee0,host-resident policy-required candidate/native tensors through K and record IDs
MEASURED,867,5,S_ADAPT,10,30,15,3.7846,0.37846,150,86.29994821548462,6a2bcc07a6916c90ab195a5e9f9e672307c4dc738c4a297b23a4c71d77a07b13,host-resident policy-required candidate/native tensors through K and record IDs
MEASURED,868,2,PS_PREFIX,40,0,15,33.5157,0.8378925,600,115.69744959412655,db5a6cd9d2c6bf511a20f75200f68b37ecf9114b1471e6fd76c46c4d3c9ffe1d,host-resident policy-required candidate/native tensors through K and record IDs
MEASURED,869,3,M11,10,29,15,42.9293,4.29293,150,42.83630087325895,d50043c0b6789280419e9a882b3f06cc1a5b03bac66ffa827173d190d6efe7c9,host-resident policy-required candidate/native tensors through K and record IDs
MEASURED,870,9,M11,40,3,15,148.7213,3.7180325000000005,600,88.36887740387849,de99531c6de724e825e84d3b4ae99eaffd24c1e2ddbe27745a0ed41e164afe39,host-resident policy-required candidate/native tensors through K and record IDs
MEASURED,871,7,M11,20,0,15,72.1916,3.60958,300,42.6693555309175,97acb517dee862285451aae0cdca71cafe34956ebbe3ed12d6745c63a612b4c4,host-resident policy-required candidate/native tensors through K and record IDs
MEASURED,872,2,S_ADAPT,10,18,15,2.2616,0.22616,150,95.13061892986298,09cf0d6f6ed31bc3ba5be231bed1bbd7a3122922452b8e2ef4ec7d96b7da9ae8,host-resident policy-required candidate/native tensors through K and record IDs
MEASURED,873,9,M11,40,1,15,137.8693,3.4467325000000004,600,100.49787166982753,6e4e6a2228e9ac61dc332c40a82be24c97b7b6c6e7333ea0fc55297c077ec059,host-resident policy-required candidate/native tensors through K and record IDs
MEASURED,874,9,M11,20,7,15,69.9681,3.4984050000000004,300,52.487763568033394,35592b264e37d6c83f19e03b8edf2d92bf9bfdc9a912a72212c624b6de8aae9b,host-resident policy-required candidate/native tensors through K and record IDs
MEASURED,875,1,S_ADAPT,20,5,15,3.8479,0.192395,300,173.78133611381054,85772d383eb58f6a1364ceb4129e413a1814f5b3a73c05e0a9e8b0ef52c9d03a,host-resident policy-required candidate/native tensors through K and record IDs
MEASURED,876,1,PS_PREFIX,40,0,15,31.454,0.78635,600,115.69744959412655,db5a6cd9d2c6bf511a20f75200f68b37ecf9114b1471e6fd76c46c4d3c9ffe1d,host-resident policy-required candidate/native tensors through K and record IDs
MEASURED,877,0,M11,10,1,15,37.6844,3.7684399999999996,150,15.639920970241969,a6167b0584cd1caf9bbbc3793064ca384bfab11be6cf182c31291d62eb27f0e3,host-resident policy-required candidate/native tensors through K and record IDs
MEASURED,878,7,M11,40,9,15,135.717,3.3929250000000004,600,109.87011401524518,56e8c7cb8833accc60f092b98c038b8a15197fe9d44b536baff62431b12964dd,host-resident policy-required candidate/native tensors through K and record IDs
MEASURED,879,5,S_ADAPT,40,9,15,8.3986,0.209965,600,372.1882814466953,87e13397e7745cd8f91fd45ba560910bf9f6a685e50c45ab9e513195986b0251,host-resident policy-required candidate/native tensors through K and record IDs
MEASURED,880,1,PS_PREFIX,40,9,15,30.1304,0.75326,600,133.1650085915075,35f7be185c894adaa6e579294f29804eaf169d3b0333feed6f9a56fb10c778ae,host-resident policy-required candidate/native tensors through K and record IDs
MEASURED,881,3,M11,10,31,15,37.6323,3.76323,150,28.14959604739981,1ef01f7403c93b775001f6bc6a3ecf53c99eb6a4b371221e89d0a6537bc7e1aa,host-resident policy-required candidate/native tensors through K and record IDs
MEASURED,882,5,M11,20,15,15,64.7855,3.239275,300,53.62015403258539,f5464293150367869b010c8dc25054fcae519165125d05f918ad8aad9757d84f,host-resident policy-required candidate/native tensors through K and record IDs
MEASURED,883,2,S_ADAPT,20,13,15,3.7665,0.18832500000000002,300,191.62258660793304,ca5311c84dbe2d201ef36df5a6a9e2937f094a68355fd12a664c6cae594d02de,host-resident policy-required candidate/native tensors through K and record IDs
MEASURED,884,7,S_ADAPT,20,15,15,4.2155,0.210775,300,182.23617509007454,d344c6a46bef99197b349ab1040136022cdf9cb3e6e992c2c89395647e42953a,host-resident policy-required candidate/native tensors through K and record IDs
MEASURED,885,3,M11,20,18,15,67.9073,3.3953650000000004,300,63.8480957782682,177460e68782664a9113a40f86bc409a8c72183e819d65d9c29317a4a93b088f,host-resident policy-required candidate/native tensors through K and record IDs
MEASURED,886,7,M11,10,20,15,39.515,3.9515000000000002,150,23.59353941180495,b5af0b17131b0a8c4a65d5344a842ee250a7def2f70cb5ee8100878c44c02a78,host-resident policy-required candidate/native tensors through K and record IDs
MEASURED,887,7,S_ADAPT,20,4,15,3.9145,0.19572499999999998,300,184.21708604693413,430008d6ef03aa66aa7e0de7f35a73f2a09d2f61f249888e63b53386e5716eab,host-resident policy-required candidate/native tensors through K and record IDs
MEASURED,888,0,M11,10,37,15,36.1915,3.61915,150,25.200298822274767,deaea83359c58caa4e472e646be849000c0f21e7ba8b974893ba3685a64dc97e,host-resident policy-required candidate/native tensors through K and record IDs
MEASURED,889,6,S_ADAPT,20,1,15,4.2028,0.21014,300,169.44759967923164,328992b110282c5d5fbb1025e516d36544d129a0e4d3365e777e272e61aa0ee2,host-resident policy-required candidate/native tensors through K and record IDs
MEASURED,890,1,S_ADAPT,40,9,15,8.3918,0.209795,600,372.1882814466953,87e13397e7745cd8f91fd45ba560910bf9f6a685e50c45ab9e513195986b0251,host-resident policy-required candidate/native tensors through K and record IDs
MEASURED,891,7,S_ADAPT,10,19,15,1.7594,0.17594,150,88.98211605846882,a6186614914bb49974ebde1b2f58ca612df1a4b866994eb81ad086ea942550cd,host-resident policy-required candidate/native tensors through K and record IDs
MEASURED,892,5,M11,20,19,15,70.3589,3.517945,300,45.50804985058315,af83fba9a5dfaeb4f7f97625e7c9081e54f26d09bb75b8de1a1a566ddda26e4e,host-resident policy-required candidate/native tensors through K and record IDs
MEASURED,893,7,M11,10,6,15,32.7516,3.2751600000000005,150,18.37964861064765,e782d632d21bac33415573fb9b874ac3f515247f31859f54b82fd7251180a03b,host-resident policy-required candidate/native tensors through K and record IDs
MEASURED,894,0,PS_PREFIX,40,2,15,32.0382,0.8009550000000001,600,121.97137202956543,439b1b51601a6b056353aac980b410cbc77e6ca140f546e33f0f6cfde9983171,host-resident policy-required candidate/native tensors through K and record IDs
MEASURED,895,7,M11,80,0,15,292.2511,3.65313875,1200,187.87149430956404,5902a78f16de7b059296d80accff62a2f3e6a7a57f0be117f6c5cda44bc7e73d,host-resident policy-required candidate/native tensors through K and record IDs
MEASURED,896,8,S_ADAPT,10,32,15,2.3474,0.23474,150,84.3570699095726,bc2705adeadcf53617255a515770baf78df23bbdf3f7a1926b475e5a3b9a315e,host-resident policy-required candidate/native tensors through K and record IDs
MEASURED,897,1,M11,80,2,15,275.8229,3.44778625,1200,171.91242156372655,ad35d60f61bce5e6fa58f2019a8594e4a9302c14183036c8feb6e7ec3ed3cc37,host-resident policy-required candidate/native tensors through K and record IDs
MEASURED,898,8,PS_PREFIX,40,0,15,33.0054,0.8251350000000001,600,115.69744959412655,db5a6cd9d2c6bf511a20f75200f68b37ecf9114b1471e6fd76c46c4d3c9ffe1d,host-resident policy-required candidate/native tensors through K and record IDs
MEASURED,899,5,M11,40,6,15,149.2299,3.7307474999999997,600,106.38732863045063,084ec29426edbb4bc589984319a3d3c39e0b4c8656ec0a75c002b686a2ae678b,host-resident policy-required candidate/native tensors through K and record IDs
MEASURED,900,2,M11,10,12,15,35.4052,3.54052,150,16.37465772788938,14ea96c11e13c0bc275dcbc5b2486c2804e5e4a6598171a2e14a0132265ed1f9,host-resident policy-required candidate/native tensors through K and record IDs
MEASURED,901,5,S_ADAPT,10,15,15,3.2453,0.32453,150,92.52730506658554,eada6c593e7b2e1fee5a54484ede13c4fcdde041c72543e99653f15d857ba527,host-resident policy-required candidate/native tensors through K and record IDs
MEASURED,902,3,M11,40,0,15,145.0019,3.6250475,600,87.34628145002588,d2b033b2651ab4e2a1356c23a5a229528d2b0501a5eaa2fd13ccf7923f400bee,host-resident policy-required candidate/native tensors through K and record IDs
MEASURED,903,4,S_ADAPT,10,11,15,2.7622,0.27622,150,85.04481673240662,72a3b1a577107d160c4359460949d9f88c060ed80855b85a585ee356a258d509,host-resident policy-required candidate/native tensors through K and record IDs
MEASURED,904,7,S_ADAPT,40,7,15,6.7365,0.16841250000000002,600,372.0247602760792,d09af782d2c3797de2b3c0224992ac9da4f52783d9647b673f18904f78369f7c,host-resident policy-required candidate/native tensors through K and record IDs
MEASURED,905,9,M11,20,0,15,71.5466,3.57733,300,42.6693555309175,97acb517dee862285451aae0cdca71cafe34956ebbe3ed12d6745c63a612b4c4,host-resident policy-required candidate/native tensors through K and record IDs
MEASURED,906,3,S_ADAPT,80,0,15,16.7595,0.20949374999999998,1200,701.0401302278042,4ab76f46832281826ed7dfc164653efab3397c9a3e0c6fd90fe815b4357b40d6,host-resident policy-required candidate/native tensors through K and record IDs
MEASURED,907,3,S_ADAPT,20,13,15,3.2582,0.16291,300,191.62258660793304,ca5311c84dbe2d201ef36df5a6a9e2937f094a68355fd12a664c6cae594d02de,host-resident policy-required candidate/native tensors through K and record IDs
MEASURED,908,5,M11,10,8,15,47.1946,4.71946,150,22.127255696726607,cc9e1988bfe79fffb3f1974d2c855c5b13cf326cce4ea196f23ab96f0a89ebe7,host-resident policy-required candidate/native tensors through K and record IDs
MEASURED,909,0,S_ADAPT,80,0,15,16.7086,0.2088575,1200,701.0401302278042,4ab76f46832281826ed7dfc164653efab3397c9a3e0c6fd90fe815b4357b40d6,host-resident policy-required candidate/native tensors through K and record IDs
MEASURED,910,1,M11,10,21,15,34.4518,3.4451799999999997,150,19.391039300255603,24be28c85e8c6e37273698233a1de1159223266e88ba59c844a4c09f91888603,host-resident policy-required candidate/native tensors through K and record IDs
MEASURED,911,5,S_ADAPT,40,8,15,7.7656,0.19414,600,369.87653109431267,a2ecc8c23245d80af28aa6d62c6d46a9074a0b5173b1f84cc1a938bdf354241f,host-resident policy-required candidate/native tensors through K and record IDs
MEASURED,912,6,S_ADAPT,10,31,15,1.6278,0.16277999999999998,150,95.79967814683914,655fb7d71f962b6f3d3f0279e5b0bd759a8785e22dfab91cec663110035b2db3,host-resident policy-required candidate/native tensors through K and record IDs
MEASURED,913,5,S_ADAPT,20,17,15,3.838,0.19190000000000002,300,195.57238599658012,7cd2892d08457192509e1696c92ee1692349435e769761b391070a4bca3b2876,host-resident policy-required candidate/native tensors through K and record IDs
MEASURED,914,4,M11,20,12,15,68.2409,3.412045,300,53.20920175924987,fc2b11494f5d308c555d74b8c042864556e5f08f6c021d668b458f9b2a540852,host-resident policy-required candidate/native tensors through K and record IDs
MEASURED,915,1,S_ADAPT,40,8,15,7.9093,0.1977325,600,369.87653109431267,a2ecc8c23245d80af28aa6d62c6d46a9074a0b5173b1f84cc1a938bdf354241f,host-resident policy-required candidate/native tensors through K and record IDs
MEASURED,916,3,M11,10,28,15,41.2597,4.125970000000001,150,25.697506673429988,b1cd5d6d9f58312eb06276086b11a582b1d85fb019eb51a2481927db081d6151,host-resident policy-required candidate/native tensors through K and record IDs
MEASURED,917,1,S_ADAPT,20,3,15,3.5551,0.177755,300,175.83587780594826,b7add291b958040013d1c54ecf1e1b5d35142f07e98e1133aab357ab95fc6afb,host-resident policy-required candidate/native tensors through K and record IDs
MEASURED,918,2,M11,10,17,15,35.3836,3.53836,150,15.97911248749644,b5d08ae7215ad282017a53870c0a0ecf27776ba497ca05ad0af3d13eb1e6d630,host-resident policy-required candidate/native tensors through K and record IDs
MEASURED,919,9,S_ADAPT,20,7,15,3.8257,0.19128499999999998,300,188.94826006889343,edbb25396bc039faaf278fded7ef054d990048570b72814500bee8d601e05414,host-resident policy-required candidate/native tensors through K and record IDs
MEASURED,920,8,M11,80,2,15,268.6779,3.3584737500000004,1200,171.91242156372655,ad35d60f61bce5e6fa58f2019a8594e4a9302c14183036c8feb6e7ec3ed3cc37,host-resident policy-required candidate/native tensors through K and record IDs
MEASURED,921,0,M11,10,25,15,37.2428,3.7242800000000003,150,26.231556898880736,f2931a8953e8a6f26c721229173d5a7069ddd249b1124bc7d93388b1370ea65b,host-resident policy-required candidate/native tensors through K and record IDs
MEASURED,922,0,M11,10,33,15,35.4309,3.5430900000000003,150,14.856807958208437,4e9ea27c72edd34a27c147cd71491488a3951f2ad899e4c4ecbf6dd8614f9921,host-resident policy-required candidate/native tensors through K and record IDs
MEASURED,923,4,PS_PREFIX,40,5,15,32.3706,0.8092650000000001,600,127.49238484490243,8c40ab417b040e0e46fb044a1c2e0ee40d077b6ae813c94261510087b287ca73,host-resident policy-required candidate/native tensors through K and record IDs
MEASURED,924,8,PS_CLASS_PREFIX,40,9,15,33.026,0.8256500000000001,600,158.93148233881382,9c1b4b32ae3e9a3dd1ced8b0edf0ea16ead468391bb51074beedb146b5a2a19b,host-resident policy-required candidate/native tensors through K and record IDs
MEASURED,925,1,M11,10,4,15,41.2102,4.12102,150,19.905806943695485,ddf9a32023a62c11817476a1754416f40705f42ee210c9c1047a01f08b76d452,host-resident policy-required candidate/native tensors through K and record IDs
MEASURED,926,2,S_ADAPT,10,26,15,2.0968,0.20968,150,93.75479540228844,a49c3f69d70ac2b2e1a5fb7d023b189413162e232a0ced484a975b458e15bd17,host-resident policy-required candidate/native tensors through K and record IDs
MEASURED,927,4,M11,20,14,15,70.9306,3.5465299999999997,300,68.82805772204135,3bcfe8fa19dfa6b4e1122bd07fcc32801a07e327cfcfea69d85ac563eeccaa49,host-resident policy-required candidate/native tensors through K and record IDs
MEASURED,928,9,M11,20,5,15,68.3144,3.4157200000000003,300,32.8827528544208,51aedba733815a8799c98f440436494e502769069fc6e4ace84f1e22e49b4c9d,host-resident policy-required candidate/native tensors through K and record IDs
MEASURED,929,6,S_ADAPT,10,3,15,2.5939,0.25939,150,91.17850151658058,1af0b49a99ea345494d984b82ce36d1a525a93add9e10f92b488192ed29656d0,host-resident policy-required candidate/native tensors through K and record IDs
MEASURED,930,1,M11,40,5,15,139.3644,3.48411,600,91.57735939191721,ee75096d5e0dcb12073b4cc3f52f113a9985e4bc1c6088eebd419d39697f3ef3,host-resident policy-required candidate/native tensors through K and record IDs
MEASURED,931,9,M11,40,8,15,146.8878,3.672195,600,101.83546079121663,3005e2d00690dc3edfa0db32d791d2480bfe9884a0c07b6149436beb0f521812,host-resident policy-required candidate/native tensors through K and record IDs
MEASURED,932,9,M11,10,3,15,35.725,3.5725000000000002,150,23.600619834352372,197d4a54b11eda8b4c0a236088593301f61232903228c72a19a7a99a834756ae,host-resident policy-required candidate/native tensors through K and record IDs
MEASURED,933,1,M11,10,16,15,35.7065,3.5706499999999997,150,15.143859907201344,85c31ff8562865c9d3fe0fabfb782617e7804c90b76297159ed109e82d2e509c,host-resident policy-required candidate/native tensors through K and record IDs
MEASURED,934,3,S_ADAPT,20,7,15,3.7747,0.188735,300,188.94826006889343,edbb25396bc039faaf278fded7ef054d990048570b72814500bee8d601e05414,host-resident policy-required candidate/native tensors through K and record IDs
MEASURED,935,8,S_ADAPT,20,9,15,4.25,0.2125,300,184.12518568336964,6a56a490b378b3af837b1902ab36aca64d6fe43b2555ebb6de5e52ce7799b1e9,host-resident policy-required candidate/native tensors through K and record IDs
MEASURED,936,2,M11,10,36,15,33.647,3.3647,150,37.17367167113842,af07fd8f72ab16254e7848ddcde7a13460d26ff43825688cacb2fe88b7e99742,host-resident policy-required candidate/native tensors through K and record IDs
MEASURED,937,9,S_ADAPT,10,11,15,2.1931,0.21930999999999998,150,85.04481673240662,72a3b1a577107d160c4359460949d9f88c060ed80855b85a585ee356a258d509,host-resident policy-required candidate/native tensors through K and record IDs
MEASURED,938,9,M11,80,2,15,478.0119,5.975148750000001,1200,171.91242156372655,ad35d60f61bce5e6fa58f2019a8594e4a9302c14183036c8feb6e7ec3ed3cc37,host-resident policy-required candidate/native tensors through K and record IDs
MEASURED,939,4,M11,10,7,15,34.5726,3.45726,150,29.290368652591624,a0bf5ff2544802077833319a55ebfc0228ffc6295c0a36ccf4330521d4d52b50,host-resident policy-required candidate/native tensors through K and record IDs
MEASURED,940,8,PS_CLASS_PREFIX,40,7,15,35.3824,0.8845599999999999,600,176.6437419761645,c15b3de8b71d84c5d067b10c7a6c8bae032edfb4dc2d9017dead16aa8252896d,host-resident policy-required candidate/native tensors through K and record IDs
MEASURED,941,8,M11,10,3,15,47.6,4.76,150,23.600619834352372,197d4a54b11eda8b4c0a236088593301f61232903228c72a19a7a99a834756ae,host-resident policy-required candidate/native tensors through K and record IDs
MEASURED,942,6,PS_CLASS_PREFIX,40,9,15,32.0947,0.8023675000000001,600,158.93148233881382,9c1b4b32ae3e9a3dd1ced8b0edf0ea16ead468391bb51074beedb146b5a2a19b,host-resident policy-required candidate/native tensors through K and record IDs
MEASURED,943,6,S_ADAPT,20,7,15,4.5703,0.22851499999999997,300,188.94826006889343,edbb25396bc039faaf278fded7ef054d990048570b72814500bee8d601e05414,host-resident policy-required candidate/native tensors through K and record IDs
MEASURED,944,2,S_ADAPT,20,9,15,5.9902,0.29951,300,184.12518568336964,6a56a490b378b3af837b1902ab36aca64d6fe43b2555ebb6de5e52ce7799b1e9,host-resident policy-required candidate/native tensors through K and record IDs
MEASURED,945,7,S_ADAPT,40,6,15,17.337,0.433425,600,384.2117875814438,0313f50eb82a82acc8ad078ac418b19e4bfe509846ee3194d96f2ddea779d7f3,host-resident policy-required candidate/native tensors through K and record IDs
MEASURED,946,2,S_ADAPT,10,33,15,2.5733,0.25733,150,87.52090319991112,f2796b356f074f2c333c7c58546a275ba31e8861209d146c6cbb7890e215e668,host-resident policy-required candidate/native tensors through K and record IDs
MEASURED,947,8,PS_PREFIX,40,3,15,41.9602,1.049005,600,131.29255908504786,87a0ababb25e82e466c40f023339543ad7e7ebac30275b36935e564c1448d58c,host-resident policy-required candidate/native tensors through K and record IDs
MEASURED,948,1,M11,10,19,15,40.1003,4.0100299999999995,150,19.03600186740192,813fcaac85152beb003ece4060805f5d357a58de21b20317370050fa5aee3d32,host-resident policy-required candidate/native tensors through K and record IDs
MEASURED,949,2,M11,10,30,15,37.4666,3.74666,150,25.307754789311193,6dcb2ed1539cf15a07ee64b1cb5bd8eeb90bba2ea6395c92e2ff2f07aebd250c,host-resident policy-required candidate/native tensors through K and record IDs
MEASURED,950,1,M11,40,8,15,145.0514,3.626285,600,101.83546079121663,3005e2d00690dc3edfa0db32d791d2480bfe9884a0c07b6149436beb0f521812,host-resident policy-required candidate/native tensors through K and record IDs
MEASURED,951,4,S_ADAPT,10,5,15,2.3404,0.23403999999999997,150,92.62096610665321,d245526c08e8aa5cfced919e1b2b4676365c3ab1ad70344336368af9a3448d94,host-resident policy-required candidate/native tensors through K and record IDs
MEASURED,952,2,S_ADAPT,10,14,15,2.6819,0.26819000000000004,150,95.96669745445251,4df7ae3c5880b8b938af66ea71a55e9fcfb1e5fb009b71e57cc2cecef5a9507b,host-resident policy-required candidate/native tensors through K and record IDs
MEASURED,953,5,M11,10,30,15,38.7114,3.8711399999999996,150,25.307754789311193,6dcb2ed1539cf15a07ee64b1cb5bd8eeb90bba2ea6395c92e2ff2f07aebd250c,host-resident policy-required candidate/native tensors through K and record IDs
MEASURED,954,6,S_ADAPT,20,14,15,3.8058,0.19029000000000001,300,189.7540007531643,c0c17c77770c250341d765918dc25fd9f2f39d508f7f29ec190f561e0c1ad927,host-resident policy-required candidate/native tensors through K and record IDs
MEASURED,955,3,PS_CLASS_PREFIX,40,0,15,31.9893,0.7997325,600,130.16938011948838,fb34c668d01a0e0b5ea00b52268a4ecf9c97d79e0b5564c1d3625af190a46e89,host-resident policy-required candidate/native tensors through K and record IDs
MEASURED,956,7,S_ADAPT,10,20,15,2.2521,0.22521,150,93.08136415481567,108a6c663b0c87bbd5255eaa83503463deca0bfa81262151a6ea8c0c7a10f4b4,host-resident policy-required candidate/native tensors through K and record IDs
MEASURED,957,1,S_ADAPT,10,5,15,1.6899,0.16899,150,92.62096610665321,d245526c08e8aa5cfced919e1b2b4676365c3ab1ad70344336368af9a3448d94,host-resident policy-required candidate/native tensors through K and record IDs
MEASURED,958,4,PS_CLASS_PREFIX,40,6,15,31.3911,0.7847775,600,159.7580929617269,5f6fd6586f9b0860f37bd82438c3c19c2fd75e0050c89d753a155b3895be9b35,host-resident policy-required candidate/native tensors through K and record IDs
MEASURED,959,1,M11,20,3,15,67.4289,3.371445,300,48.19475735069779,904ce76aa951a7d08d5390631854e4f69a2e4bf5fbc7c925bbd8139d0e26ea27,host-resident policy-required candidate/native tensors through K and record IDs
MEASURED,960,9,M11,20,10,15,68.0407,3.402035,300,43.12068280381245,e29a101e9ef7200cf9362006b96a03eedb0f7f73034602e3c8ef07bf9e8646fb,host-resident policy-required candidate/native tensors through K and record IDs
MEASURED,961,8,M11,10,30,15,33.9046,3.39046,150,25.307754789311193,6dcb2ed1539cf15a07ee64b1cb5bd8eeb90bba2ea6395c92e2ff2f07aebd250c,host-resident policy-required candidate/native tensors through K and record IDs
MEASURED,962,3,S_ADAPT,10,34,15,2.7738,0.27738,150,101.2994676232338,a2decff81d1f05fe6ccbf288846acff87effb7ff9c928e2eb7051f8c9a8d381b,host-resident policy-required candidate/native tensors through K and record IDs
MEASURED,963,8,S_ADAPT,20,12,15,3.6555,0.182775,300,192.58604577183723,48bab893476e3db929878747484bcaff543c71f85eaf2cc23839660e08a18c65,host-resident policy-required candidate/native tensors through K and record IDs
MEASURED,964,0,M11,20,8,15,64.1488,3.2074399999999996,300,31.143478747168153,151120f08c6b964450162291b3ddfd65d33a97667c936302f839e2b5b47be5d3,host-resident policy-required candidate/native tensors through K and record IDs
MEASURED,965,3,M11,20,4,15,67.7868,3.38934,300,43.35089701642879,353a00406c0aff04f58d483f9a350e5df74e43b0c43b000ebea4f8295db24f5c,host-resident policy-required candidate/native tensors through K and record IDs
MEASURED,966,2,S_ADAPT,10,25,15,2.0875,0.20875,150,95.17271280288696,0a55948be63cad5aa065bd07c7aaf05bd2b2a1b3b6142d4f6f72d042d2f37161,host-resident policy-required candidate/native tensors through K and record IDs
MEASURED,967,3,S_ADAPT,80,4,15,16.0384,0.20048,1200,742.0682516694069,2847bf2d7a6745bab266a97e79a762c4bd59c38e6081441e6c45fc2666662e95,host-resident policy-required candidate/native tensors through K and record IDs
MEASURED,968,8,M11,20,4,15,72.175,3.6087499999999997,300,43.35089701642879,353a00406c0aff04f58d483f9a350e5df74e43b0c43b000ebea4f8295db24f5c,host-resident policy-required candidate/native tensors through K and record IDs
MEASURED,969,2,M11,10,20,15,41.8572,4.18572,150,23.59353941180495,b5af0b17131b0a8c4a65d5344a842ee250a7def2f70cb5ee8100878c44c02a78,host-resident policy-required candidate/native tensors through K and record IDs
MEASURED,970,7,PS_PREFIX,40,6,15,34.0753,0.8518825,600,152.41315462537847,f1f9906a1162f6a90372952c110937bee2051c00c06c1aebf594b65869538213,host-resident policy-required candidate/native tensors through K and record IDs
MEASURED,971,4,M11,10,0,15,35.8694,3.58694,150,26.568549553934723,f18086c6e46f391d4ac1957764deeae035db13225b77a1c26eb1a9e259e9bc61,host-resident policy-required candidate/native tensors through K and record IDs
MEASURED,972,6,M11,10,16,15,38.2032,3.82032,150,15.143859907201344,85c31ff8562865c9d3fe0fabfb782617e7804c90b76297159ed109e82d2e509c,host-resident policy-required candidate/native tensors through K and record IDs
MEASURED,973,0,M11,20,12,15,71.2178,3.5608899999999997,300,53.20920175924987,fc2b11494f5d308c555d74b8c042864556e5f08f6c021d668b458f9b2a540852,host-resident policy-required candidate/native tensors through K and record IDs
MEASURED,974,4,S_ADAPT,10,12,15,2.6362,0.26362,150,79.4385441839695,4cb9ade8a1ecd791cdfc3edd448f61f4357c2f8a09b37a3e695eb7276780f692,host-resident policy-required candidate/native tensors through K and record IDs
MEASURED,975,3,S_ADAPT,20,10,15,3.9536,0.19768,300,174.93708074092865,7651aabe9f9fb19830624503217844347642eeb994744ea1c00f5699b0e31a42,host-resident policy-required candidate/native tensors through K and record IDs
MEASURED,976,7,S_ADAPT,20,10,15,3.0909,0.154545,300,174.93708074092865,7651aabe9f9fb19830624503217844347642eeb994744ea1c00f5699b0e31a42,host-resident policy-required candidate/native tensors through K and record IDs
MEASURED,977,8,S_ADAPT,10,10,15,2.6095,0.26095,150,88.72464840114117,49438080232f14f8b2735d564a569fa52fd94f8e0227e6c57f483a5348c833b9,host-resident policy-required candidate/native tensors through K and record IDs
MEASURED,978,9,S_ADAPT,10,10,15,1.5495,0.15495,150,88.72464840114117,49438080232f14f8b2735d564a569fa52fd94f8e0227e6c57f483a5348c833b9,host-resident policy-required candidate/native tensors through K and record IDs
MEASURED,979,9,S_ADAPT,80,4,15,15.0999,0.18874875,1200,742.0682516694069,2847bf2d7a6745bab266a97e79a762c4bd59c38e6081441e6c45fc2666662e95,host-resident policy-required candidate/native tensors through K and record IDs
MEASURED,980,1,M11,10,35,15,48.607,4.8607,150,28.652045915812113,2a04a68c47a5e28608456e69f8c9870a90b4685af49dc55310e088d1062c5b09,host-resident policy-required candidate/native tensors through K and record IDs
MEASURED,981,1,S_ADAPT,10,23,15,2.2879,0.22879,150,98.58994302153587,e70b1b5d90c407258c7b5793a51e4c03652618951f22c17ef94b5a5b59aafed4,host-resident policy-required candidate/native tensors through K and record IDs
MEASURED,982,0,M11,80,0,15,286.2172,3.577715,1200,187.87149430956404,5902a78f16de7b059296d80accff62a2f3e6a7a57f0be117f6c5cda44bc7e73d,host-resident policy-required candidate/native tensors through K and record IDs
MEASURED,983,4,S_ADAPT,10,23,15,2.1831,0.21831,150,98.58994302153587,e70b1b5d90c407258c7b5793a51e4c03652618951f22c17ef94b5a5b59aafed4,host-resident policy-required candidate/native tensors through K and record IDs
MEASURED,984,6,M11,40,9,15,163.4409,4.0860225,600,109.87011401524518,56e8c7cb8833accc60f092b98c038b8a15197fe9d44b536baff62431b12964dd,host-resident policy-required candidate/native tensors through K and record IDs
MEASURED,985,9,S_ADAPT,10,30,15,2.4598,0.24598,150,86.29994821548462,6a2bcc07a6916c90ab195a5e9f9e672307c4dc738c4a297b23a4c71d77a07b13,host-resident policy-required candidate/native tensors through K and record IDs
MEASURED,986,1,S_ADAPT,80,4,15,16.5842,0.2073025,1200,742.0682516694069,2847bf2d7a6745bab266a97e79a762c4bd59c38e6081441e6c45fc2666662e95,host-resident policy-required candidate/native tensors through K and record IDs
MEASURED,987,5,S_ADAPT,10,11,15,1.8883,0.18883,150,85.04481673240662,72a3b1a577107d160c4359460949d9f88c060ed80855b85a585ee356a258d509,host-resident policy-required candidate/native tensors through K and record IDs
MEASURED,988,5,PS_PREFIX,40,2,15,32.9107,0.8227675,600,121.97137202956543,439b1b51601a6b056353aac980b410cbc77e6ca140f546e33f0f6cfde9983171,host-resident policy-required candidate/native tensors through K and record IDs
MEASURED,989,2,M11,20,0,15,84.029,4.2014499999999995,300,42.6693555309175,97acb517dee862285451aae0cdca71cafe34956ebbe3ed12d6745c63a612b4c4,host-resident policy-required candidate/native tensors through K and record IDs
MEASURED,990,4,M11,40,8,15,171.6405,4.2910125,600,101.83546079121663,3005e2d00690dc3edfa0db32d791d2480bfe9884a0c07b6149436beb0f521812,host-resident policy-required candidate/native tensors through K and record IDs
MEASURED,991,6,M11,20,12,15,82.2063,4.110315,300,53.20920175924987,fc2b11494f5d308c555d74b8c042864556e5f08f6c021d668b458f9b2a540852,host-resident policy-required candidate/native tensors through K and record IDs
MEASURED,992,8,M11,10,27,15,39.8375,3.9837499999999997,150,25.2038274745462,0caeb4e5021bf8249c421927df9b24f0b78c1a940bda79a80a69d6fef3c0e326,host-resident policy-required candidate/native tensors through K and record IDs
MEASURED,993,4,S_ADAPT,10,32,15,2.6134,0.26134,150,84.3570699095726,bc2705adeadcf53617255a515770baf78df23bbdf3f7a1926b475e5a3b9a315e,host-resident policy-required candidate/native tensors through K and record IDs
MEASURED,994,0,M11,10,32,15,43.2758,4.327579999999999,150,17.391825941115158,336871054235ec2f0bd1cf474a3131a9fb3a782e788ce63fa08344b55d14c389,host-resident policy-required candidate/native tensors through K and record IDs
MEASURED,995,7,S_ADAPT,10,6,15,2.1336,0.21336,150,83.11101797223091,14b6ffadf087eadf9248842fafc1e2b3639e9d941f92d44e2f0f8f4a6667ceed,host-resident policy-required candidate/native tensors through K and record IDs
MEASURED,996,7,M11,20,6,15,73.0385,3.651925,300,35.36299226184275,e01c56ec0c33cc9ea8008198bcdd7ea144c37125ac1f4ebf501d8af3e65fc8f6,host-resident policy-required candidate/native tensors through K and record IDs
MEASURED,997,2,S_ADAPT,10,11,15,2.0881,0.20881,150,85.04481673240662,72a3b1a577107d160c4359460949d9f88c060ed80855b85a585ee356a258d509,host-resident policy-required candidate/native tensors through K and record IDs
MEASURED,998,5,M11,10,24,15,33.7486,3.3748600000000004,150,26.90031331005837,840b6ecb1f98ef107299ec3e02788e95c51d6c5a68a1e9b9952b1f724a335d2d,host-resident policy-required candidate/native tensors through K and record IDs
MEASURED,999,3,M11,10,7,15,42.4618,4.24618,150,29.290368652591624,a0bf5ff2544802077833319a55ebfc0228ffc6295c0a36ccf4330521d4d52b50,host-resident policy-required candidate/native tensors through K and record IDs
MEASURED,1000,7,S_ADAPT,40,8,15,12.6153,0.3153825,600,369.87653109431267,a2ecc8c23245d80af28aa6d62c6d46a9074a0b5173b1f84cc1a938bdf354241f,host-resident policy-required candidate/native tensors through K and record IDs
MEASURED,1001,3,M11,10,36,15,54.9404,5.49404,150,37.17367167113842,af07fd8f72ab16254e7848ddcde7a13460d26ff43825688cacb2fe88b7e99742,host-resident policy-required candidate/native tensors through K and record IDs
MEASURED,1002,5,M11,10,18,15,38.5456,3.85456,150,28.884422180036182,6b09045c74ff643a0867ccfa222cb2189eb4fc2a83b5af5eefafce2eb8fb5e2d,host-resident policy-required candidate/native tensors through K and record IDs
MEASURED,1003,9,PS_PREFIX,40,9,15,40.2875,1.0071875000000001,600,133.1650085915075,35f7be185c894adaa6e579294f29804eaf169d3b0333feed6f9a56fb10c778ae,host-resident policy-required candidate/native tensors through K and record IDs
MEASURED,1004,7,S_ADAPT,20,2,15,4.6842,0.23420999999999997,300,178.80011892318726,6d9920a2c5ea2c44ab4f431f69437653c4c9fa5d2301d366d1bd9b3806718a2e,host-resident policy-required candidate/native tensors through K and record IDs
MEASURED,1005,7,M11,10,9,15,40.4526,4.04526,150,21.002915189186872,5b84dd7c8d19b04fce83a753963756380a4082ef59f9f58d68999cb8457ea874,host-resident policy-required candidate/native tensors through K and record IDs
MEASURED,1006,6,PS_CLASS_PREFIX,40,8,15,33.1129,0.8278225000000001,600,156.68734884716974,0f53082e7511278a02bb1d039a5a2b9d8028d858f5124122f4aec20f084176d2,host-resident policy-required candidate/native tensors through K and record IDs
MEASURED,1007,4,M11,10,38,15,42.7055,4.27055,150,28.265318614095065,9673cc63050c1b0ae539c7b50e56ba3ba36818223218860fade220efb620d3c1,host-resident policy-required candidate/native tensors through K and record IDs
MEASURED,1008,9,S_ADAPT,10,19,15,2.8985,0.28985,150,88.98211605846882,a6186614914bb49974ebde1b2f58ca612df1a4b866994eb81ad086ea942550cd,host-resident policy-required candidate/native tensors through K and record IDs
MEASURED,1009,9,M11,10,13,15,33.248,3.3247999999999998,150,18.77830546905996,3cffb82fbb7a71e4bcff38362191ff0e467038e201f4bdcfde9bd20fe304c492,host-resident policy-required candidate/native tensors through K and record IDs
MEASURED,1010,9,PS_CLASS_PREFIX,40,7,15,34.0656,0.8516400000000001,600,176.6437419761645,c15b3de8b71d84c5d067b10c7a6c8bae032edfb4dc2d9017dead16aa8252896d,host-resident policy-required candidate/native tensors through K and record IDs
MEASURED,1011,5,S_ADAPT,10,28,15,2.1139,0.21139000000000002,150,94.63978198170662,1af3b041ce66e6ac6e9d5ef06117b0551171649ed7cd1188d31640427be0418c,host-resident policy-required candidate/native tensors through K and record IDs
MEASURED,1012,0,S_ADAPT,40,0,15,8.0351,0.2008775,600,346.133333414793,f63dfa3cc8990b2fec61a052139f406e450a18d572a83e1a17cc17a5196fadc3,host-resident policy-required candidate/native tensors through K and record IDs
MEASURED,1013,1,S_ADAPT,40,7,15,7.0647,0.1766175,600,372.0247602760792,d09af782d2c3797de2b3c0224992ac9da4f52783d9647b673f18904f78369f7c,host-resident policy-required candidate/native tensors through K and record IDs
MEASURED,1014,4,S_ADAPT,20,18,15,3.0147,0.150735,300,190.75923946499825,9943bb03a04288346d696a368477d8765dfa5fdc07e97dccb195952aa4a2224b,host-resident policy-required candidate/native tensors through K and record IDs
MEASURED,1015,8,M11,10,4,15,37.7312,3.77312,150,19.905806943695485,ddf9a32023a62c11817476a1754416f40705f42ee210c9c1047a01f08b76d452,host-resident policy-required candidate/native tensors through K and record IDs
MEASURED,1016,6,M11,20,16,15,70.0274,3.50137,300,32.323463015008876,754a89b0a8d3a3f45e18f888d5a1c7d8226e6a9369c36a36ab485e66b5801ff9,host-resident policy-required candidate/native tensors through K and record IDs
MEASURED,1017,1,PS_CLASS_PREFIX,40,4,15,32.5108,0.8127700000000001,600,122.11701954577285,8bb0c34a63ad212803dbca08c9848b85dc29db68f9c5ff0b0154beedf553ec5b,host-resident policy-required candidate/native tensors through K and record IDs
MEASURED,1018,3,S_ADAPT,10,10,15,2.0992,0.20992000000000002,150,88.72464840114117,49438080232f14f8b2735d564a569fa52fd94f8e0227e6c57f483a5348c833b9,host-resident policy-required candidate/native tensors through K and record IDs
MEASURED,1019,5,S_ADAPT,10,26,15,1.9587,0.19587000000000002,150,93.75479540228844,a49c3f69d70ac2b2e1a5fb7d023b189413162e232a0ced484a975b458e15bd17,host-resident policy-required candidate/native tensors through K and record IDs
MEASURED,1020,6,M11,20,13,15,71.488,3.5744,300,53.178126871200746,ff4dcc38c41e8d7539b6784f13e3afcf4a171936483bb2b9321ced527e20584c,host-resident policy-required candidate/native tensors through K and record IDs
MEASURED,1021,9,S_ADAPT,80,1,15,16.4067,0.20508375,1200,720.7490096539259,460b06f0cca8c27896a7bb2998727be28b6542ab13644610e46e969f99404e83,host-resident policy-required candidate/native tensors through K and record IDs
MEASURED,1022,4,S_ADAPT,20,14,15,3.8883,0.194415,300,189.7540007531643,c0c17c77770c250341d765918dc25fd9f2f39d508f7f29ec190f561e0c1ad927,host-resident policy-required candidate/native tensors through K and record IDs
MEASURED,1023,8,S_ADAPT,10,15,15,1.914,0.1914,150,92.52730506658554,eada6c593e7b2e1fee5a54484ede13c4fcdde041c72543e99653f15d857ba527,host-resident policy-required candidate/native tensors through K and record IDs
MEASURED,1024,3,S_ADAPT,10,11,15,1.5295,0.15295,150,85.04481673240662,72a3b1a577107d160c4359460949d9f88c060ed80855b85a585ee356a258d509,host-resident policy-required candidate/native tensors through K and record IDs
MEASURED,1025,9,M11,10,12,15,48.3806,4.8380600000000005,150,16.37465772788938,14ea96c11e13c0bc275dcbc5b2486c2804e5e4a6598171a2e14a0132265ed1f9,host-resident policy-required candidate/native tensors through K and record IDs
MEASURED,1026,0,S_ADAPT,20,17,15,3.7521,0.187605,300,195.57238599658012,7cd2892d08457192509e1696c92ee1692349435e769761b391070a4bca3b2876,host-resident policy-required candidate/native tensors through K and record IDs
MEASURED,1027,5,S_ADAPT,10,5,15,2.2313,0.22313,150,92.62096610665321,d245526c08e8aa5cfced919e1b2b4676365c3ab1ad70344336368af9a3448d94,host-resident policy-required candidate/native tensors through K and record IDs
MEASURED,1028,0,S_ADAPT,10,6,15,1.72,0.172,150,83.11101797223091,14b6ffadf087eadf9248842fafc1e2b3639e9d941f92d44e2f0f8f4a6667ceed,host-resident policy-required candidate/native tensors through K and record IDs
MEASURED,1029,2,S_ADAPT,10,20,15,1.5482,0.15482,150,93.08136415481567,108a6c663b0c87bbd5255eaa83503463deca0bfa81262151a6ea8c0c7a10f4b4,host-resident policy-required candidate/native tensors through K and record IDs
MEASURED,1030,0,M11,10,8,15,37.7976,3.7797600000000005,150,22.127255696726607,cc9e1988bfe79fffb3f1974d2c855c5b13cf326cce4ea196f23ab96f0a89ebe7,host-resident policy-required candidate/native tensors through K and record IDs
MEASURED,1031,1,M11,10,3,15,35.5616,3.5561599999999998,150,23.600619834352372,197d4a54b11eda8b4c0a236088593301f61232903228c72a19a7a99a834756ae,host-resident policy-required candidate/native tensors through K and record IDs
MEASURED,1032,8,S_ADAPT,10,30,15,2.109,0.2109,150,86.29994821548462,6a2bcc07a6916c90ab195a5e9f9e672307c4dc738c4a297b23a4c71d77a07b13,host-resident policy-required candidate/native tensors through K and record IDs
MEASURED,1033,3,M11,20,5,15,70.5974,3.52987,300,32.8827528544208,51aedba733815a8799c98f440436494e502769069fc6e4ace84f1e22e49b4c9d,host-resident policy-required candidate/native tensors through K and record IDs
MEASURED,1034,4,S_ADAPT,10,35,15,2.3596,0.23596,150,93.84776049852371,259456af28301e8722bffceba754a1eb49470e7c8d46e6da1e28b8ed1019e283,host-resident policy-required candidate/native tensors through K and record IDs
MEASURED,1035,5,S_ADAPT,20,5,15,3.5675,0.178375,300,173.78133611381054,85772d383eb58f6a1364ceb4129e413a1814f5b3a73c05e0a9e8b0ef52c9d03a,host-resident policy-required candidate/native tensors through K and record IDs
MEASURED,1036,6,M11,10,14,15,36.583,3.6582999999999997,150,30.60993039404241,6c5f6a75152bfb9f0170e1acc8b8db31f2fe6d52fb619fed02d9ec2c066758d4,host-resident policy-required candidate/native tensors through K and record IDs
MEASURED,1037,6,M11,80,1,15,281.1205,3.51400625,1200,165.54806241090245,cdf3874635e25030f79900c3af192298261eb99ea545dd29943346d76f0e9fb0,host-resident policy-required candidate/native tensors through K and record IDs
MEASURED,1038,4,M11,20,15,15,90.4126,4.52063,300,53.62015403258539,f5464293150367869b010c8dc25054fcae519165125d05f918ad8aad9757d84f,host-resident policy-required candidate/native tensors through K and record IDs
MEASURED,1039,2,S_ADAPT,40,0,15,7.8516,0.19629000000000002,600,346.133333414793,f63dfa3cc8990b2fec61a052139f406e450a18d572a83e1a17cc17a5196fadc3,host-resident policy-required candidate/native tensors through K and record IDs
MEASURED,1040,7,S_ADAPT,10,11,15,1.8124,0.18124,150,85.04481673240662,72a3b1a577107d160c4359460949d9f88c060ed80855b85a585ee356a258d509,host-resident policy-required candidate/native tensors through K and record IDs
MEASURED,1041,2,S_ADAPT,20,8,15,3.635,0.18175,300,172.9979220032692,2fab67c83ab727498aedc2ef30f4b85db6eebf39cbeca91683e5a78d43b9788a,host-resident policy-required candidate/native tensors through K and record IDs
MEASURED,1042,7,S_ADAPT,80,4,15,20.8314,0.26039249999999997,1200,742.0682516694069,2847bf2d7a6745bab266a97e79a762c4bd59c38e6081441e6c45fc2666662e95,host-resident policy-required candidate/native tensors through K and record IDs
MEASURED,1043,9,S_ADAPT,20,3,15,3.8926,0.19463,300,175.83587780594826,b7add291b958040013d1c54ecf1e1b5d35142f07e98e1133aab357ab95fc6afb,host-resident policy-required candidate/native tensors through K and record IDs
MEASURED,1044,3,S_ADAPT,10,15,15,1.9232,0.19232,150,92.52730506658554,eada6c593e7b2e1fee5a54484ede13c4fcdde041c72543e99653f15d857ba527,host-resident policy-required candidate/native tensors through K and record IDs
MEASURED,1045,2,M11,10,10,15,33.1379,3.31379,150,18.677026160888396,2af321c74952d8d9a818e142361b7076f7a8f0e2e81ceeb05414f8ed7e3ff119,host-resident policy-required candidate/native tensors through K and record IDs
MEASURED,1046,8,S_ADAPT,10,6,15,2.0213,0.20213,150,83.11101797223091,14b6ffadf087eadf9248842fafc1e2b3639e9d941f92d44e2f0f8f4a6667ceed,host-resident policy-required candidate/native tensors through K and record IDs
MEASURED,1047,7,S_ADAPT,40,0,15,7.1365,0.1784125,600,346.133333414793,f63dfa3cc8990b2fec61a052139f406e450a18d572a83e1a17cc17a5196fadc3,host-resident policy-required candidate/native tensors through K and record IDs
MEASURED,1048,1,M11,10,15,15,45.7664,4.576639999999999,150,21.217235383089072,9c158fa53ac9903841c2bd7c092da38409b969d8fc7b9f3ab2126a73ee94eaab,host-resident policy-required candidate/native tensors through K and record IDs
MEASURED,1049,6,S_ADAPT,10,38,15,2.9426,0.29426,150,97.42280113697052,2b1c6e7d1e7df106ede63ec54a94a31e4b59e2fce88d1d629b8ab51f4238e3c2,host-resident policy-required candidate/native tensors through K and record IDs
MEASURED,1050,6,S_ADAPT,10,39,15,1.5585,0.15585,150,83.38847097754478,1fdfbc3f7c03a51916c4e0be4f545737b48709e6cd1d426598dd0b6a4e30fbee,host-resident policy-required candidate/native tensors through K and record IDs
MEASURED,1051,6,S_ADAPT,20,13,15,3.6071,0.180355,300,191.62258660793304,ca5311c84dbe2d201ef36df5a6a9e2937f094a68355fd12a664c6cae594d02de,host-resident policy-required candidate/native tensors through K and record IDs
MEASURED,1052,2,M11,10,11,15,36.2428,3.62428,150,14.111305804048172,c555e624ad62a39791fb76a5dae738f0c691be039982b2f3936f7d63ebbf145c,host-resident policy-required candidate/native tensors through K and record IDs
MEASURED,1053,8,S_ADAPT,10,26,15,2.0225,0.20224999999999999,150,93.75479540228844,a49c3f69d70ac2b2e1a5fb7d023b189413162e232a0ced484a975b458e15bd17,host-resident policy-required candidate/native tensors through K and record IDs
MEASURED,1054,7,S_ADAPT,40,9,15,7.3642,0.18410500000000002,600,372.1882814466953,87e13397e7745cd8f91fd45ba560910bf9f6a685e50c45ab9e513195986b0251,host-resident policy-required candidate/native tensors through K and record IDs
MEASURED,1055,1,M11,10,30,15,42.9552,4.29552,150,25.307754789311193,6dcb2ed1539cf15a07ee64b1cb5bd8eeb90bba2ea6395c92e2ff2f07aebd250c,host-resident policy-required candidate/native tensors through K and record IDs
MEASURED,1056,5,M11,10,12,15,38.5346,3.8534599999999997,150,16.37465772788938,14ea96c11e13c0bc275dcbc5b2486c2804e5e4a6598171a2e14a0132265ed1f9,host-resident policy-required candidate/native tensors through K and record IDs
MEASURED,1057,9,M11,80,3,15,280.0474,3.5005924999999998,1200,228.94783105296457,339497a7ed63cf23eeb2eecefc387321b05b0cbcdfd8af43db69e6cf43fc2acc,host-resident policy-required candidate/native tensors through K and record IDs
MEASURED,1058,1,S_ADAPT,20,7,15,5.0226,0.25112999999999996,300,188.94826006889343,edbb25396bc039faaf278fded7ef054d990048570b72814500bee8d601e05414,host-resident policy-required candidate/native tensors through K and record IDs
MEASURED,1059,2,S_ADAPT,40,8,15,8.1916,0.20478999999999997,600,369.87653109431267,a2ecc8c23245d80af28aa6d62c6d46a9074a0b5173b1f84cc1a938bdf354241f,host-resident policy-required candidate/native tensors through K and record IDs
MEASURED,1060,5,M11,20,4,15,65.0668,3.25334,300,43.35089701642879,353a00406c0aff04f58d483f9a350e5df74e43b0c43b000ebea4f8295db24f5c,host-resident policy-required candidate/native tensors through K and record IDs
MEASURED,1061,4,S_ADAPT,10,3,15,2.7783,0.27783,150,91.17850151658058,1af0b49a99ea345494d984b82ce36d1a525a93add9e10f92b488192ed29656d0,host-resident policy-required candidate/native tensors through K and record IDs
MEASURED,1062,9,S_ADAPT,10,32,15,1.8301,0.18301,150,84.3570699095726,bc2705adeadcf53617255a515770baf78df23bbdf3f7a1926b475e5a3b9a315e,host-resident policy-required candidate/native tensors through K and record IDs
MEASURED,1063,7,PS_PREFIX,40,2,15,32.5714,0.8142849999999999,600,121.97137202956543,439b1b51601a6b056353aac980b410cbc77e6ca140f546e33f0f6cfde9983171,host-resident policy-required candidate/native tensors through K and record IDs
MEASURED,1064,4,S_ADAPT,10,31,15,2.313,0.2313,150,95.79967814683914,655fb7d71f962b6f3d3f0279e5b0bd759a8785e22dfab91cec663110035b2db3,host-resident policy-required candidate/native tensors through K and record IDs
MEASURED,1065,5,M11,10,4,15,36.1273,3.61273,150,19.905806943695485,ddf9a32023a62c11817476a1754416f40705f42ee210c9c1047a01f08b76d452,host-resident policy-required candidate/native tensors through K and record IDs
MEASURED,1066,9,M11,10,15,15,36.3919,3.63919,150,21.217235383089072,9c158fa53ac9903841c2bd7c092da38409b969d8fc7b9f3ab2126a73ee94eaab,host-resident policy-required candidate/native tensors through K and record IDs
MEASURED,1067,0,M11,20,3,15,73.2573,3.662865,300,48.19475735069779,904ce76aa951a7d08d5390631854e4f69a2e4bf5fbc7c925bbd8139d0e26ea27,host-resident policy-required candidate/native tensors through K and record IDs
MEASURED,1068,1,S_ADAPT,10,35,15,2.1646,0.21646,150,93.84776049852371,259456af28301e8722bffceba754a1eb49470e7c8d46e6da1e28b8ed1019e283,host-resident policy-required candidate/native tensors through K and record IDs
MEASURED,1069,7,S_ADAPT,80,0,15,15.495,0.19368749999999998,1200,701.0401302278042,4ab76f46832281826ed7dfc164653efab3397c9a3e0c6fd90fe815b4357b40d6,host-resident policy-required candidate/native tensors through K and record IDs
MEASURED,1070,7,M11,10,28,15,33.924,3.3924,150,25.697506673429988,b1cd5d6d9f58312eb06276086b11a582b1d85fb019eb51a2481927db081d6151,host-resident policy-required candidate/native tensors through K and record IDs
MEASURED,1071,3,M11,10,39,15,45.2309,4.52309,150,16.951124010819047,f8292fffa491defebfd973faf280ba5daba1457ada22919c9c7a9382a7fec958,host-resident policy-required candidate/native tensors through K and record IDs
MEASURED,1072,3,S_ADAPT,20,12,15,4.9668,0.24834,300,192.58604577183723,48bab893476e3db929878747484bcaff543c71f85eaf2cc23839660e08a18c65,host-resident policy-required candidate/native tensors through K and record IDs
MEASURED,1073,2,S_ADAPT,20,14,15,3.9508,0.19754,300,189.7540007531643,c0c17c77770c250341d765918dc25fd9f2f39d508f7f29ec190f561e0c1ad927,host-resident policy-required candidate/native tensors through K and record IDs
MEASURED,1074,1,M11,20,7,15,67.0284,3.35142,300,52.487763568033394,35592b264e37d6c83f19e03b8edf2d92bf9bfdc9a912a72212c624b6de8aae9b,host-resident policy-required candidate/native tensors through K and record IDs
MEASURED,1075,9,S_ADAPT,40,2,15,7.831,0.195775,600,358.3735456317663,142f28f71921191fd1b7bb187d689ee29367192e6f5e44659cc34cb25b5391c7,host-resident policy-required candidate/native tensors through K and record IDs
MEASURED,1076,4,M11,10,11,15,38.0513,3.8051299999999997,150,14.111305804048172,c555e624ad62a39791fb76a5dae738f0c691be039982b2f3936f7d63ebbf145c,host-resident policy-required candidate/native tensors through K and record IDs
MEASURED,1077,7,M11,10,10,15,42.4068,4.240679999999999,150,18.677026160888396,2af321c74952d8d9a818e142361b7076f7a8f0e2e81ceeb05414f8ed7e3ff119,host-resident policy-required candidate/native tensors through K and record IDs
MEASURED,1078,5,S_ADAPT,80,0,15,16.6622,0.20827749999999998,1200,701.0401302278042,4ab76f46832281826ed7dfc164653efab3397c9a3e0c6fd90fe815b4357b40d6,host-resident policy-required candidate/native tensors through K and record IDs
MEASURED,1079,6,M11,10,10,15,33.5973,3.35973,150,18.677026160888396,2af321c74952d8d9a818e142361b7076f7a8f0e2e81ceeb05414f8ed7e3ff119,host-resident policy-required candidate/native tensors through K and record IDs
MEASURED,1080,4,M11,10,6,15,35.5485,3.5548499999999996,150,18.37964861064765,e782d632d21bac33415573fb9b874ac3f515247f31859f54b82fd7251180a03b,host-resident policy-required candidate/native tensors through K and record IDs
MEASURED,1081,8,M11,10,20,15,38.2135,3.8213500000000002,150,23.59353941180495,b5af0b17131b0a8c4a65d5344a842ee250a7def2f70cb5ee8100878c44c02a78,host-resident policy-required candidate/native tensors through K and record IDs
MEASURED,1082,9,M11,10,30,15,34.5375,3.4537500000000003,150,25.307754789311193,6dcb2ed1539cf15a07ee64b1cb5bd8eeb90bba2ea6395c92e2ff2f07aebd250c,host-resident policy-required candidate/native tensors through K and record IDs
MEASURED,1083,3,S_ADAPT,10,17,15,1.9806,0.19805999999999999,150,87.33095359802246,d04cb5a522045cf7f3fdc6943edd2c7e9601b850ce308760415590c048ab3f8a,host-resident policy-required candidate/native tensors through K and record IDs
MEASURED,1084,4,M11,10,3,15,34.3713,3.43713,150,23.600619834352372,197d4a54b11eda8b4c0a236088593301f61232903228c72a19a7a99a834756ae,host-resident policy-required candidate/native tensors through K and record IDs
MEASURED,1085,0,M11,20,18,15,67.9293,3.396465,300,63.8480957782682,177460e68782664a9113a40f86bc409a8c72183e819d65d9c29317a4a93b088f,host-resident policy-required candidate/native tensors through K and record IDs
MEASURED,1086,9,S_ADAPT,20,19,15,4.7772,0.23886,300,181.42042163014412,d2a8d0341052e85c558a6e02225f565af9f743b75c5a8bbcf983bddc55dadf3f,host-resident policy-required candidate/native tensors through K and record IDs
MEASURED,1087,3,S_ADAPT,10,21,15,1.694,0.1694,150,81.6864028275013,875bc59820bf3ec61007014dfe4dafb1ebfb2b83de7164d930a0d7fdb558ec74,host-resident policy-required candidate/native tensors through K and record IDs
MEASURED,1088,9,S_ADAPT,10,26,15,1.7869,0.17869,150,93.75479540228844,a49c3f69d70ac2b2e1a5fb7d023b189413162e232a0ced484a975b458e15bd17,host-resident policy-required candidate/native tensors through K and record IDs
MEASURED,1089,5,M11,20,17,15,74.5394,3.72697,300,66.64971844791594,acdacd51340f2fb4953ed00ec1990916249d11b97e105be63ff9749f6f4b3505,host-resident policy-required candidate/native tensors through K and record IDs
MEASURED,1090,6,S_ADAPT,10,28,15,2.778,0.2778,150,94.63978198170662,1af3b041ce66e6ac6e9d5ef06117b0551171649ed7cd1188d31640427be0418c,host-resident policy-required candidate/native tensors through K and record IDs
MEASURED,1091,6,S_ADAPT,40,0,15,7.1597,0.1789925,600,346.133333414793,f63dfa3cc8990b2fec61a052139f406e450a18d572a83e1a17cc17a5196fadc3,host-resident policy-required candidate/native tensors through K and record IDs
MEASURED,1092,0,M11,20,4,15,73.3946,3.66973,300,43.35089701642879,353a00406c0aff04f58d483f9a350e5df74e43b0c43b000ebea4f8295db24f5c,host-resident policy-required candidate/native tensors through K and record IDs
MEASURED,1093,1,M11,10,13,15,37.325,3.7325000000000004,150,18.77830546905996,3cffb82fbb7a71e4bcff38362191ff0e467038e201f4bdcfde9bd20fe304c492,host-resident policy-required candidate/native tensors through K and record IDs
MEASURED,1094,3,M11,80,3,15,285.7591,3.57198875,1200,228.94783105296457,339497a7ed63cf23eeb2eecefc387321b05b0cbcdfd8af43db69e6cf43fc2acc,host-resident policy-required candidate/native tensors through K and record IDs
MEASURED,1095,2,M11,10,15,15,34.6894,3.46894,150,21.217235383089072,9c158fa53ac9903841c2bd7c092da38409b969d8fc7b9f3ab2126a73ee94eaab,host-resident policy-required candidate/native tensors through K and record IDs
MEASURED,1096,4,S_ADAPT,10,18,15,2.0316,0.20316,150,95.13061892986298,09cf0d6f6ed31bc3ba5be231bed1bbd7a3122922452b8e2ef4ec7d96b7da9ae8,host-resident policy-required candidate/native tensors through K and record IDs
MEASURED,1097,7,M11,10,37,15,35.6483,3.5648299999999997,150,25.200298822274767,deaea83359c58caa4e472e646be849000c0f21e7ba8b974893ba3685a64dc97e,host-resident policy-required candidate/native tensors through K and record IDs
MEASURED,1098,2,S_ADAPT,20,4,15,4.1917,0.209585,300,184.21708604693413,430008d6ef03aa66aa7e0de7f35a73f2a09d2f61f249888e63b53386e5716eab,host-resident policy-required candidate/native tensors through K and record IDs
MEASURED,1099,8,S_ADAPT,20,13,15,4.4232,0.22115999999999997,300,191.62258660793304,ca5311c84dbe2d201ef36df5a6a9e2937f094a68355fd12a664c6cae594d02de,host-resident policy-required candidate/native tensors through K and record IDs
MEASURED,1100,1,PS_PREFIX,40,6,15,30.9317,0.7732924999999999,600,152.41315462537847,f1f9906a1162f6a90372952c110937bee2051c00c06c1aebf594b65869538213,host-resident policy-required candidate/native tensors through K and record IDs
MEASURED,1101,0,M11,10,30,15,35.659,3.5659,150,25.307754789311193,6dcb2ed1539cf15a07ee64b1cb5bd8eeb90bba2ea6395c92e2ff2f07aebd250c,host-resident policy-required candidate/native tensors through K and record IDs
MEASURED,1102,1,M11,10,26,15,34.8531,3.4853099999999997,150,27.82774520154011,bb4d494f2f873377cb569d3a2c86aac6ed77739f96b9c02195fdabab7f78f2ed,host-resident policy-required candidate/native tensors through K and record IDs
MEASURED,1103,8,M11,10,32,15,34.4179,3.44179,150,17.391825941115158,336871054235ec2f0bd1cf474a3131a9fb3a782e788ce63fa08344b55d14c389,host-resident policy-required candidate/native tensors through K and record IDs
MEASURED,1104,8,S_ADAPT,80,2,15,16.5466,0.20683250000000003,1200,720.778280749917,b987d499ad0fb1807a37a30eed7d082aa7a06a805ebbdc1c5b25ca627e771b8a,host-resident policy-required candidate/native tensors through K and record IDs
MEASURED,1105,2,S_ADAPT,10,23,15,1.8885,0.18885000000000002,150,98.58994302153587,e70b1b5d90c407258c7b5793a51e4c03652618951f22c17ef94b5a5b59aafed4,host-resident policy-required candidate/native tensors through K and record IDs
MEASURED,1106,8,M11,10,37,15,38.4258,3.8425800000000003,150,25.200298822274767,deaea83359c58caa4e472e646be849000c0f21e7ba8b974893ba3685a64dc97e,host-resident policy-required candidate/native tensors through K and record IDs
MEASURED,1107,5,S_ADAPT,40,0,15,7.5828,0.18957,600,346.133333414793,f63dfa3cc8990b2fec61a052139f406e450a18d572a83e1a17cc17a5196fadc3,host-resident policy-required candidate/native tensors through K and record IDs
MEASURED,1108,3,S_ADAPT,10,16,15,1.735,0.17350000000000002,150,85.57529371976852,ec6e6a2e64d42902a7fd24471a752df9a30fdc1be95dce1e7b1b47964581c884,host-resident policy-required candidate/native tensors through K and record IDs
MEASURED,1109,6,S_ADAPT,10,8,15,1.5517,0.15517,150,90.46123763918877,fb4c6c44caeed443a70ed505a1fe6c3bee24c6999793d9971a050e8b90be88a7,host-resident policy-required candidate/native tensors through K and record IDs
MEASURED,1110,8,S_ADAPT,40,2,15,7.0596,0.17648999999999998,600,358.3735456317663,142f28f71921191fd1b7bb187d689ee29367192e6f5e44659cc34cb25b5391c7,host-resident policy-required candidate/native tensors through K and record IDs
MEASURED,1111,0,M11,10,10,15,34.6426,3.4642600000000003,150,18.677026160888396,2af321c74952d8d9a818e142361b7076f7a8f0e2e81ceeb05414f8ed7e3ff119,host-resident policy-required candidate/native tensors through K and record IDs
MEASURED,1112,2,S_ADAPT,20,6,15,6.7675,0.338375,300,172.49611538648605,505f6ee76ae3dc289646a331bc9575ae60d9f3d6ffffa405890761769758d375,host-resident policy-required candidate/native tensors through K and record IDs
MEASURED,1113,2,M11,10,35,15,35.8371,3.58371,150,28.652045915812113,2a04a68c47a5e28608456e69f8c9870a90b4685af49dc55310e088d1062c5b09,host-resident policy-required candidate/native tensors through K and record IDs
MEASURED,1114,7,PS_CLASS_PREFIX,40,6,15,31.4738,0.786845,600,159.7580929617269,5f6fd6586f9b0860f37bd82438c3c19c2fd75e0050c89d753a155b3895be9b35,host-resident policy-required candidate/native tensors through K and record IDs
MEASURED,1115,6,S_ADAPT,10,1,15,1.9861,0.19861,150,83.80123445391655,8bc628d7a36ab8f0c4806099c4301fc777a09774d3acbfe40efc3bb881f9c9a4,host-resident policy-required candidate/native tensors through K and record IDs
MEASURED,1116,9,M11,10,24,15,40.4194,4.04194,150,26.90031331005837,840b6ecb1f98ef107299ec3e02788e95c51d6c5a68a1e9b9952b1f724a335d2d,host-resident policy-required candidate/native tensors through K and record IDs
MEASURED,1117,2,PS_PREFIX,40,5,15,31.4074,0.785185,600,127.49238484490243,8c40ab417b040e0e46fb044a1c2e0ee40d077b6ae813c94261510087b287ca73,host-resident policy-required candidate/native tensors through K and record IDs
MEASURED,1118,1,M11,20,17,15,63.38,3.169,300,66.64971844791594,acdacd51340f2fb4953ed00ec1990916249d11b97e105be63ff9749f6f4b3505,host-resident policy-required candidate/native tensors through K and record IDs
MEASURED,1119,1,M11,40,4,15,147.853,3.6963250000000003,600,80.25632750905966,e4ac157065f3c4fc5922b7d6cf89648e75dde751385fff9e54a17c3b85ace92f,host-resident policy-required candidate/native tensors through K and record IDs
MEASURED,1120,1,M11,20,13,15,81.4807,4.074035,300,53.178126871200746,ff4dcc38c41e8d7539b6784f13e3afcf4a171936483bb2b9321ced527e20584c,host-resident policy-required candidate/native tensors through K and record IDs
MEASURED,1121,1,M11,10,8,15,35.538,3.5538,150,22.127255696726607,cc9e1988bfe79fffb3f1974d2c855c5b13cf326cce4ea196f23ab96f0a89ebe7,host-resident policy-required candidate/native tensors through K and record IDs
MEASURED,1122,5,M11,10,22,15,37.8402,3.7840200000000004,150,22.510549877284102,684fe63a8dc55a378348673b549861303072bd32e45dfe9eb5e5551b7e56d6fa,host-resident policy-required candidate/native tensors through K and record IDs
MEASURED,1123,7,S_ADAPT,20,18,15,4.0199,0.20099499999999998,300,190.75923946499825,9943bb03a04288346d696a368477d8765dfa5fdc07e97dccb195952aa4a2224b,host-resident policy-required candidate/native tensors through K and record IDs
MEASURED,1124,5,S_ADAPT,20,6,15,3.5289,0.17644500000000002,300,172.49611538648605,505f6ee76ae3dc289646a331bc9575ae60d9f3d6ffffa405890761769758d375,host-resident policy-required candidate/native tensors through K and record IDs
MEASURED,1125,7,M11,10,30,15,32.2757,3.22757,150,25.307754789311193,6dcb2ed1539cf15a07ee64b1cb5bd8eeb90bba2ea6395c92e2ff2f07aebd250c,host-resident policy-required candidate/native tensors through K and record IDs
MEASURED,1126,8,M11,10,6,15,34.087,3.4087000000000005,150,18.37964861064765,e782d632d21bac33415573fb9b874ac3f515247f31859f54b82fd7251180a03b,host-resident policy-required candidate/native tensors through K and record IDs
MEASURED,1127,7,PS_PREFIX,40,8,15,33.5338,0.838345,600,129.68647219222416,a6a66af3ea97b2c8385b6847341925a67a22ad2aab7be69be6e1dfb9742c1d65,host-resident policy-required candidate/native tensors through K and record IDs
MEASURED,1128,0,S_ADAPT,10,7,15,2.8568,0.28568,150,92.19294717907906,9db0c19f8478631d98a798e33ddc6a186e2906f32bf9649324d03a77a9ff56ad,host-resident policy-required candidate/native tensors through K and record IDs
MEASURED,1129,6,M11,10,31,15,33.2408,3.32408,150,28.14959604739981,1ef01f7403c93b775001f6bc6a3ecf53c99eb6a4b371221e89d0a6537bc7e1aa,host-resident policy-required candidate/native tensors through K and record IDs
MEASURED,1130,5,S_ADAPT,10,39,15,2.0576,0.20576,150,83.38847097754478,1fdfbc3f7c03a51916c4e0be4f545737b48709e6cd1d426598dd0b6a4e30fbee,host-resident policy-required candidate/native tensors through K and record IDs
MEASURED,1131,1,M11,20,14,15,69.1735,3.4586750000000004,300,68.82805772204135,3bcfe8fa19dfa6b4e1122bd07fcc32801a07e327cfcfea69d85ac563eeccaa49,host-resident policy-required candidate/native tensors through K and record IDs
MEASURED,1132,2,S_ADAPT,80,2,15,16.7791,0.20973875,1200,720.778280749917,b987d499ad0fb1807a37a30eed7d082aa7a06a805ebbdc1c5b25ca627e771b8a,host-resident policy-required candidate/native tensors through K and record IDs
MEASURED,1133,1,S_ADAPT,20,4,15,4.0226,0.20112999999999998,300,184.21708604693413,430008d6ef03aa66aa7e0de7f35a73f2a09d2f61f249888e63b53386e5716eab,host-resident policy-required candidate/native tensors through K and record IDs
MEASURED,1134,3,M11,10,14,15,45.8103,4.58103,150,30.60993039404241,6c5f6a75152bfb9f0170e1acc8b8db31f2fe6d52fb619fed02d9ec2c066758d4,host-resident policy-required candidate/native tensors through K and record IDs
MEASURED,1135,9,S_ADAPT,10,14,15,8.0856,0.80856,150,95.96669745445251,4df7ae3c5880b8b938af66ea71a55e9fcfb1e5fb009b71e57cc2cecef5a9507b,host-resident policy-required candidate/native tensors through K and record IDs
MEASURED,1136,0,S_ADAPT,20,7,15,12.3145,0.6157250000000001,300,188.94826006889343,edbb25396bc039faaf278fded7ef054d990048570b72814500bee8d601e05414,host-resident policy-required candidate/native tensors through K and record IDs
MEASURED,1137,1,S_ADAPT,10,38,15,2.1471,0.21471,150,97.42280113697052,2b1c6e7d1e7df106ede63ec54a94a31e4b59e2fce88d1d629b8ab51f4238e3c2,host-resident policy-required candidate/native tensors through K and record IDs
MEASURED,1138,7,PS_PREFIX,40,3,15,39.9595,0.9989874999999999,600,131.29255908504786,87a0ababb25e82e466c40f023339543ad7e7ebac30275b36935e564c1448d58c,host-resident policy-required candidate/native tensors through K and record IDs
MEASURED,1139,4,S_ADAPT,20,1,15,3.7691,0.18845499999999998,300,169.44759967923164,328992b110282c5d5fbb1025e516d36544d129a0e4d3365e777e272e61aa0ee2,host-resident policy-required candidate/native tensors through K and record IDs
MEASURED,1140,9,S_ADAPT,20,0,15,4.0134,0.20067,300,176.4440060555935,1bfc659bac89b1a185f3a4d2201b1cb0eecb07e2a9cadf7c950d3bf5cbf05a73,host-resident policy-required candidate/native tensors through K and record IDs
MEASURED,1141,6,S_ADAPT,40,5,15,6.9714,0.174285,600,363.2874115407467,90b5c4759fec413080b0de4942d35e72fdbb168f834d447bfe187be6a6f54823,host-resident policy-required candidate/native tensors through K and record IDs
MEASURED,1142,1,S_ADAPT,10,36,15,1.8277,0.18277000000000002,150,100.10815408825874,74559fa0f9d5675b4259236c8eb8f6060b66cdf85342f53456923405c952e00c,host-resident policy-required candidate/native tensors through K and record IDs
MEASURED,1143,5,M11,10,26,15,42.1708,4.21708,150,27.82774520154011,bb4d494f2f873377cb569d3a2c86aac6ed77739f96b9c02195fdabab7f78f2ed,host-resident policy-required candidate/native tensors through K and record IDs
MEASURED,1144,1,M11,20,5,15,65.5014,3.2750700000000004,300,32.8827528544208,51aedba733815a8799c98f440436494e502769069fc6e4ace84f1e22e49b4c9d,host-resident policy-required candidate/native tensors through K and record IDs
MEASURED,1145,1,PS_PREFIX,40,1,15,31.4531,0.7863275,600,127.26903411831033,d283dab96a20f1aa11d8b1b2087f6ccb545114ca40ca1c3b3e848dc90f7ecbf1,host-resident policy-required candidate/native tensors through K and record IDs
MEASURED,1146,6,M11,40,4,15,160.1475,4.0036875,600,80.25632750905966,e4ac157065f3c4fc5922b7d6cf89648e75dde751385fff9e54a17c3b85ace92f,host-resident policy-required candidate/native tensors through K and record IDs
MEASURED,1147,6,M11,20,15,15,74.8955,3.7447749999999997,300,53.62015403258539,f5464293150367869b010c8dc25054fcae519165125d05f918ad8aad9757d84f,host-resident policy-required candidate/native tensors through K and record IDs
MEASURED,1148,8,S_ADAPT,40,4,15,8.9897,0.22474249999999998,600,357.4904659241438,839a557cee47cb10ab8dc39dcd232a22009debf37251f70b8b4e213ffdf9185d,host-resident policy-required candidate/native tensors through K and record IDs
MEASURED,1149,5,M11,10,13,15,44.8365,4.48365,150,18.77830546905996,3cffb82fbb7a71e4bcff38362191ff0e467038e201f4bdcfde9bd20fe304c492,host-resident policy-required candidate/native tensors through K and record IDs
MEASURED,1150,4,S_ADAPT,10,14,15,2.0454,0.20454,150,95.96669745445251,4df7ae3c5880b8b938af66ea71a55e9fcfb1e5fb009b71e57cc2cecef5a9507b,host-resident policy-required candidate/native tensors through K and record IDs
MEASURED,1151,6,M11,10,36,15,36.0258,3.6025799999999997,150,37.17367167113842,af07fd8f72ab16254e7848ddcde7a13460d26ff43825688cacb2fe88b7e99742,host-resident policy-required candidate/native tensors through K and record IDs
MEASURED,1152,8,M11,10,5,15,36.7125,3.6712499999999997,150,31.88735032834503,f2b3d70fd6e63900033ac2a37fd9bc3665884f98bfc906e82fcf64a07e53ffd3,host-resident policy-required candidate/native tensors through K and record IDs
MEASURED,1153,2,S_ADAPT,80,4,15,15.2317,0.19039625,1200,742.0682516694069,2847bf2d7a6745bab266a97e79a762c4bd59c38e6081441e6c45fc2666662e95,host-resident policy-required candidate/native tensors through K and record IDs
MEASURED,1154,2,S_ADAPT,10,28,15,1.9136,0.19136,150,94.63978198170662,1af3b041ce66e6ac6e9d5ef06117b0551171649ed7cd1188d31640427be0418c,host-resident policy-required candidate/native tensors through K and record IDs
MEASURED,1155,3,M11,10,24,15,37.7994,3.77994,150,26.90031331005837,840b6ecb1f98ef107299ec3e02788e95c51d6c5a68a1e9b9952b1f724a335d2d,host-resident policy-required candidate/native tensors through K and record IDs
MEASURED,1156,1,S_ADAPT,10,39,15,2.2421,0.22421000000000002,150,83.38847097754478,1fdfbc3f7c03a51916c4e0be4f545737b48709e6cd1d426598dd0b6a4e30fbee,host-resident policy-required candidate/native tensors through K and record IDs
MEASURED,1157,7,M11,20,16,15,67.4305,3.3715249999999997,300,32.323463015008876,754a89b0a8d3a3f45e18f888d5a1c7d8226e6a9369c36a36ab485e66b5801ff9,host-resident policy-required candidate/native tensors through K and record IDs
MEASURED,1158,5,S_ADAPT,10,10,15,2.4295,0.24295,150,88.72464840114117,49438080232f14f8b2735d564a569fa52fd94f8e0227e6c57f483a5348c833b9,host-resident policy-required candidate/native tensors through K and record IDs
MEASURED,1159,3,M11,40,1,15,329.9608,8.24902,600,100.49787166982753,6e4e6a2228e9ac61dc332c40a82be24c97b7b6c6e7333ea0fc55297c077ec059,host-resident policy-required candidate/native tensors through K and record IDs
MEASURED,1160,4,S_ADAPT,20,11,15,4.0092,0.20046,300,188.01957547664642,95f172e3cece9be582c121d785782dab7d0f6adcda6e0cc9761a6e7f061a184a,host-resident policy-required candidate/native tensors through K and record IDs
MEASURED,1161,6,S_ADAPT,10,4,15,1.853,0.1853,150,85.6570528447628,cf9a5c21d22486096e3b3383b942942bdb7bb2e01393549e670f3bace962d2ac,host-resident policy-required candidate/native tensors through K and record IDs
MEASURED,1162,4,S_ADAPT,20,16,15,4.1905,0.20952500000000002,300,171.95357298851013,0413a525608264d6682373cc476d4abe88a2de0eace100120713b830d5fedda3,host-resident policy-required candidate/native tensors through K and record IDs
MEASURED,1163,6,M11,10,4,15,36.4457,3.6445700000000003,150,19.905806943695485,ddf9a32023a62c11817476a1754416f40705f42ee210c9c1047a01f08b76d452,host-resident policy-required candidate/native tensors through K and record IDs
MEASURED,1164,2,S_ADAPT,20,17,15,4.3388,0.21694,300,195.57238599658012,7cd2892d08457192509e1696c92ee1692349435e769761b391070a4bca3b2876,host-resident policy-required candidate/native tensors through K and record IDs
MEASURED,1165,2,M11,10,37,15,34.5079,3.45079,150,25.200298822274767,deaea83359c58caa4e472e646be849000c0f21e7ba8b974893ba3685a64dc97e,host-resident policy-required candidate/native tensors through K and record IDs
MEASURED,1166,5,M11,40,7,15,137.985,3.449625,600,122.55891236166077,8852e1ab47e649c5cde968f8336074564feee1c3c32a859e528486249f98ce75,host-resident policy-required candidate/native tensors through K and record IDs
MEASURED,1167,3,PS_CLASS_PREFIX,40,7,15,33.6609,0.8415225,600,176.6437419761645,c15b3de8b71d84c5d067b10c7a6c8bae032edfb4dc2d9017dead16aa8252896d,host-resident policy-required candidate/native tensors through K and record IDs
MEASURED,1168,0,M11,40,3,15,137.4102,3.435255,600,88.36887740387849,de99531c6de724e825e84d3b4ae99eaffd24c1e2ddbe27745a0ed41e164afe39,host-resident policy-required candidate/native tensors through K and record IDs
MEASURED,1169,2,M11,80,0,15,282.3288,3.52911,1200,187.87149430956404,5902a78f16de7b059296d80accff62a2f3e6a7a57f0be117f6c5cda44bc7e73d,host-resident policy-required candidate/native tensors through K and record IDs
MEASURED,1170,7,S_ADAPT,10,5,15,2.6645,0.26644999999999996,150,92.62096610665321,d245526c08e8aa5cfced919e1b2b4676365c3ab1ad70344336368af9a3448d94,host-resident policy-required candidate/native tensors through K and record IDs
MEASURED,1171,2,M11,20,6,15,67.8929,3.3946449999999997,300,35.36299226184275,e01c56ec0c33cc9ea8008198bcdd7ea144c37125ac1f4ebf501d8af3e65fc8f6,host-resident policy-required candidate/native tensors through K and record IDs
MEASURED,1172,8,S_ADAPT,20,2,15,4.7103,0.235515,300,178.80011892318726,6d9920a2c5ea2c44ab4f431f69437653c4c9fa5d2301d366d1bd9b3806718a2e,host-resident policy-required candidate/native tensors through K and record IDs
MEASURED,1173,1,PS_CLASS_PREFIX,40,3,15,31.7586,0.793965,600,134.09956403258127,cd8b1fc30473b536e0a51170e86da6ea1bf952271ba4f251822a17d8e610bffa,host-resident policy-required candidate/native tensors through K and record IDs
MEASURED,1174,5,M11,40,8,15,140.2206,3.505515,600,101.83546079121663,3005e2d00690dc3edfa0db32d791d2480bfe9884a0c07b6149436beb0f521812,host-resident policy-required candidate/native tensors through K and record IDs
MEASURED,1175,6,PS_PREFIX,40,2,15,32.9723,0.8243075,600,121.97137202956543,439b1b51601a6b056353aac980b410cbc77e6ca140f546e33f0f6cfde9983171,host-resident policy-required candidate/native tensors through K and record IDs
MEASURED,1176,4,M11,10,39,15,43.193,4.3193,150,16.951124010819047,f8292fffa491defebfd973faf280ba5daba1457ada22919c9c7a9382a7fec958,host-resident policy-required candidate/native tensors through K and record IDs
MEASURED,1177,4,S_ADAPT,20,2,15,4.7375,0.236875,300,178.80011892318726,6d9920a2c5ea2c44ab4f431f69437653c4c9fa5d2301d366d1bd9b3806718a2e,host-resident policy-required candidate/native tensors through K and record IDs
MEASURED,1178,6,S_ADAPT,10,17,15,3.297,0.3297,150,87.33095359802246,d04cb5a522045cf7f3fdc6943edd2c7e9601b850ce308760415590c048ab3f8a,host-resident policy-required candidate/native tensors through K and record IDs
MEASURED,1179,6,PS_PREFIX,40,7,15,33.5511,0.8387775,600,139.56909272451816,c8668acd4a25aadaae404efbacb2081b163be4bdbdd68068b8c8385e35f09fba,host-resident policy-required candidate/native tensors through K and record IDs
MEASURED,1180,7,M11,10,31,15,39.7753,3.9775300000000002,150,28.14959604739981,1ef01f7403c93b775001f6bc6a3ecf53c99eb6a4b371221e89d0a6537bc7e1aa,host-resident policy-required candidate/native tensors through K and record IDs
MEASURED,1181,3,S_ADAPT,10,20,15,1.891,0.1891,150,93.08136415481567,108a6c663b0c87bbd5255eaa83503463deca0bfa81262151a6ea8c0c7a10f4b4,host-resident policy-required candidate/native tensors through K and record IDs
MEASURED,1182,1,M11,20,2,15,67.587,3.37935,300,52.29641322977469,6e75345642d65635f8d90c2a6eb8d9e4d2c9b182d9c6640cbf69e4fe4ad3b470,host-resident policy-required candidate/native tensors through K and record IDs
MEASURED,1183,4,S_ADAPT,20,10,15,4.0442,0.20221,300,174.93708074092865,7651aabe9f9fb19830624503217844347642eeb994744ea1c00f5699b0e31a42,host-resident policy-required candidate/native tensors through K and record IDs
MEASURED,1184,4,M11,20,1,15,66.4543,3.322715,300,44.61456836462459,4210b4d344004bb7a46c27c388968bfec906e410bf9be241a2e8a86435098478,host-resident policy-required candidate/native tensors through K and record IDs
MEASURED,1185,6,S_ADAPT,10,5,15,2.2227,0.22227000000000002,150,92.62096610665321,d245526c08e8aa5cfced919e1b2b4676365c3ab1ad70344336368af9a3448d94,host-resident policy-required candidate/native tensors through K and record IDs
MEASURED,1186,1,PS_CLASS_PREFIX,40,8,15,31.8535,0.7963375,600,156.68734884716974,0f53082e7511278a02bb1d039a5a2b9d8028d858f5124122f4aec20f084176d2,host-resident policy-required candidate/native tensors through K and record IDs
MEASURED,1187,6,S_ADAPT,80,2,15,15.1146,0.1889325,1200,720.778280749917,b987d499ad0fb1807a37a30eed7d082aa7a06a805ebbdc1c5b25ca627e771b8a,host-resident policy-required candidate/native tensors through K and record IDs
MEASURED,1188,9,M11,10,2,15,36.3753,3.6375300000000004,150,20.42665469066434,de05f81fd6ce148b190614d2bf524bc01f4a6d986a260511e5ab76410dc8f19e,host-resident policy-required candidate/native tensors through K and record IDs
MEASURED,1189,8,S_ADAPT,10,20,15,2.0932,0.20932,150,93.08136415481567,108a6c663b0c87bbd5255eaa83503463deca0bfa81262151a6ea8c0c7a10f4b4,host-resident policy-required candidate/native tensors through K and record IDs
MEASURED,1190,0,M11,10,0,15,36.4545,3.6454500000000003,150,26.568549553934723,f18086c6e46f391d4ac1957764deeae035db13225b77a1c26eb1a9e259e9bc61,host-resident policy-required candidate/native tensors through K and record IDs
MEASURED,1191,6,S_ADAPT,10,18,15,1.9826,0.19826,150,95.13061892986298,09cf0d6f6ed31bc3ba5be231bed1bbd7a3122922452b8e2ef4ec7d96b7da9ae8,host-resident policy-required candidate/native tensors through K and record IDs
MEASURED,1192,5,S_ADAPT,10,18,15,1.5718,0.15718000000000001,150,95.13061892986298,09cf0d6f6ed31bc3ba5be231bed1bbd7a3122922452b8e2ef4ec7d96b7da9ae8,host-resident policy-required candidate/native tensors through K and record IDs
MEASURED,1193,5,M11,10,34,15,37.3669,3.7366900000000003,150,37.68158938848324,1432c6a8ae05a6c57bd4c6c2c5c2c676dea5f122f3f2adff4028e7bcd4ceb0fe,host-resident policy-required candidate/native tensors through K and record IDs
MEASURED,1194,0,PS_CLASS_PREFIX,40,1,15,32.3926,0.8098150000000001,600,147.718336962864,6978bd8f1d2a598c17d613d1481c7368deef06abdb1cb641e79c7953c299c455,host-resident policy-required candidate/native tensors through K and record IDs
MEASURED,1195,5,S_ADAPT,10,32,15,2.2185,0.22185000000000002,150,84.3570699095726,bc2705adeadcf53617255a515770baf78df23bbdf3f7a1926b475e5a3b9a315e,host-resident policy-required candidate/native tensors through K and record IDs
MEASURED,1196,5,S_ADAPT,20,1,15,3.626,0.1813,300,169.44759967923164,328992b110282c5d5fbb1025e516d36544d129a0e4d3365e777e272e61aa0ee2,host-resident policy-required candidate/native tensors through K and record IDs
MEASURED,1197,3,M11,20,6,15,74.7399,3.7369950000000003,300,35.36299226184275,e01c56ec0c33cc9ea8008198bcdd7ea144c37125ac1f4ebf501d8af3e65fc8f6,host-resident policy-required candidate/native tensors through K and record IDs
MEASURED,1198,3,PS_CLASS_PREFIX,40,9,15,34.4334,0.860835,600,158.93148233881382,9c1b4b32ae3e9a3dd1ced8b0edf0ea16ead468391bb51074beedb146b5a2a19b,host-resident policy-required candidate/native tensors through K and record IDs
MEASURED,1199,1,M11,80,0,15,275.4029,3.44253625,1200,187.87149430956404,5902a78f16de7b059296d80accff62a2f3e6a7a57f0be117f6c5cda44bc7e73d,host-resident policy-required candidate/native tensors through K and record IDs
MEASURED,1200,0,S_ADAPT,10,38,15,3.334,0.33340000000000003,150,97.42280113697052,2b1c6e7d1e7df106ede63ec54a94a31e4b59e2fce88d1d629b8ab51f4238e3c2,host-resident policy-required candidate/native tensors through K and record IDs
MEASURED,1201,7,M11,40,5,15,137.3503,3.4337575,600,91.57735939191721,ee75096d5e0dcb12073b4cc3f52f113a9985e4bc1c6088eebd419d39697f3ef3,host-resident policy-required candidate/native tensors through K and record IDs
MEASURED,1202,7,S_ADAPT,10,13,15,2.419,0.2419,150,91.94036191701889,0022c38aa69ab2d483f75f5b6a7bb6fbbb92b2b7f8fc0a0f8d0d9cd2dff5e52c,host-resident policy-required candidate/native tensors through K and record IDs
MEASURED,1203,1,S_ADAPT,10,18,15,2.4451,0.24451,150,95.13061892986298,09cf0d6f6ed31bc3ba5be231bed1bbd7a3122922452b8e2ef4ec7d96b7da9ae8,host-resident policy-required candidate/native tensors through K and record IDs
MEASURED,1204,6,S_ADAPT,10,35,15,1.5938,0.15938000000000002,150,93.84776049852371,259456af28301e8722bffceba754a1eb49470e7c8d46e6da1e28b8ed1019e283,host-resident policy-required candidate/native tensors through K and record IDs
MEASURED,1205,2,M11,20,19,15,67.7564,3.38782,300,45.50804985058315,af83fba9a5dfaeb4f7f97625e7c9081e54f26d09bb75b8de1a1a566ddda26e4e,host-resident policy-required candidate/native tensors through K and record IDs
MEASURED,1206,7,S_ADAPT,80,1,15,16.8171,0.21021375,1200,720.7490096539259,460b06f0cca8c27896a7bb2998727be28b6542ab13644610e46e969f99404e83,host-resident policy-required candidate/native tensors through K and record IDs
MEASURED,1207,5,PS_PREFIX,40,3,15,31.5749,0.7893725,600,131.29255908504786,87a0ababb25e82e466c40f023339543ad7e7ebac30275b36935e564c1448d58c,host-resident policy-required candidate/native tensors through K and record IDs
MEASURED,1208,9,M11,10,37,15,41.1995,4.11995,150,25.200298822274767,deaea83359c58caa4e472e646be849000c0f21e7ba8b974893ba3685a64dc97e,host-resident policy-required candidate/native tensors through K and record IDs
MEASURED,1209,3,S_ADAPT,10,31,15,2.1859,0.21859,150,95.79967814683914,655fb7d71f962b6f3d3f0279e5b0bd759a8785e22dfab91cec663110035b2db3,host-resident policy-required candidate/native tensors through K and record IDs
MEASURED,1210,1,S_ADAPT,40,2,15,7.3059,0.18264750000000002,600,358.3735456317663,142f28f71921191fd1b7bb187d689ee29367192e6f5e44659cc34cb25b5391c7,host-resident policy-required candidate/native tensors through K and record IDs
MEASURED,1211,8,S_ADAPT,10,2,15,1.8179,0.18179,150,77.38685169816017,fffaa726d1f44bf95b34a7da4ee27d525fc95ad265f37fc9aaf76ff88708dbdf,host-resident policy-required candidate/native tensors through K and record IDs
MEASURED,1212,1,S_ADAPT,10,33,15,1.5371,0.15370999999999999,150,87.52090319991112,f2796b356f074f2c333c7c58546a275ba31e8861209d146c6cbb7890e215e668,host-resident policy-required candidate/native tensors through K and record IDs
MEASURED,1213,3,S_ADAPT,10,25,15,2.0778,0.20778,150,95.17271280288696,0a55948be63cad5aa065bd07c7aaf05bd2b2a1b3b6142d4f6f72d042d2f37161,host-resident policy-required candidate/native tensors through K and record IDs
MEASURED,1214,3,M11,10,19,15,36.6101,3.66101,150,19.03600186740192,813fcaac85152beb003ece4060805f5d357a58de21b20317370050fa5aee3d32,host-resident policy-required candidate/native tensors through K and record IDs
MEASURED,1215,3,S_ADAPT,10,9,15,1.9123,0.19123,150,93.62151077389717,31213095d47234f2a3235a4f7d173b37a550bee384e2a64fc6ff5c0e074af163,host-resident policy-required candidate/native tensors through K and record IDs
MEASURED,1216,2,M11,10,14,15,35.738,3.5738,150,30.60993039404241,6c5f6a75152bfb9f0170e1acc8b8db31f2fe6d52fb619fed02d9ec2c066758d4,host-resident policy-required candidate/native tensors through K and record IDs
MEASURED,1217,2,M11,10,0,15,39.4009,3.94009,150,26.568549553934723,f18086c6e46f391d4ac1957764deeae035db13225b77a1c26eb1a9e259e9bc61,host-resident policy-required candidate/native tensors through K and record IDs
MEASURED,1218,9,S_ADAPT,80,3,15,15.7585,0.19698125,1200,756.5127590298653,6dfbebed79a0f8a694da26a367e4a0e19cdb2d3c3bfd7d290d3f9a0d31ab41ef,host-resident policy-required candidate/native tensors through K and record IDs
MEASURED,1219,5,M11,20,9,15,65.9664,3.2983199999999995,300,48.0363328234864,af0a76b7b3663d866a8246e193b43c1ea09ea44b2a85e26b91b7b5a669e67ff1,host-resident policy-required candidate/native tensors through K and record IDs
MEASURED,1220,9,M11,80,1,15,293.5575,3.66946875,1200,165.54806241090245,cdf3874635e25030f79900c3af192298261eb99ea545dd29943346d76f0e9fb0,host-resident policy-required candidate/native tensors through K and record IDs
MEASURED,1221,5,M11,20,10,15,79.3624,3.96812,300,43.12068280381245,e29a101e9ef7200cf9362006b96a03eedb0f7f73034602e3c8ef07bf9e8646fb,host-resident policy-required candidate/native tensors through K and record IDs
MEASURED,1222,0,M11,10,12,15,34.8424,3.48424,150,16.37465772788938,14ea96c11e13c0bc275dcbc5b2486c2804e5e4a6598171a2e14a0132265ed1f9,host-resident policy-required candidate/native tensors through K and record IDs
MEASURED,1223,3,PS_PREFIX,40,8,15,31.2999,0.7824975000000001,600,129.68647219222416,a6a66af3ea97b2c8385b6847341925a67a22ad2aab7be69be6e1dfb9742c1d65,host-resident policy-required candidate/native tensors through K and record IDs
MEASURED,1224,6,M11,40,0,15,136.3087,3.4077174999999995,600,87.34628145002588,d2b033b2651ab4e2a1356c23a5a229528d2b0501a5eaa2fd13ccf7923f400bee,host-resident policy-required candidate/native tensors through K and record IDs
MEASURED,1225,2,S_ADAPT,40,9,15,8.7165,0.2179125,600,372.1882814466953,87e13397e7745cd8f91fd45ba560910bf9f6a685e50c45ab9e513195986b0251,host-resident policy-required candidate/native tensors through K and record IDs
MEASURED,1226,0,PS_CLASS_PREFIX,40,6,15,31.6367,0.7909175,600,159.7580929617269,5f6fd6586f9b0860f37bd82438c3c19c2fd75e0050c89d753a155b3895be9b35,host-resident policy-required candidate/native tensors through K and record IDs
MEASURED,1227,7,S_ADAPT,10,25,15,2.1661,0.21661000000000002,150,95.17271280288696,0a55948be63cad5aa065bd07c7aaf05bd2b2a1b3b6142d4f6f72d042d2f37161,host-resident policy-required candidate/native tensors through K and record IDs
MEASURED,1228,0,M11,80,4,15,310.7294,3.8841175,1200,211.7179591258768,5dff99880db7d9ae9e42e5c2adbbcf9c3a386f1b632546541898311bc611a587,host-resident policy-required candidate/native tensors through K and record IDs
MEASURED,1229,9,M11,20,2,15,72.8224,3.64112,300,52.29641322977469,6e75345642d65635f8d90c2a6eb8d9e4d2c9b182d9c6640cbf69e4fe4ad3b470,host-resident policy-required candidate/native tensors through K and record IDs
MEASURED,1230,5,M11,10,32,15,36.9793,3.6979300000000004,150,17.391825941115158,336871054235ec2f0bd1cf474a3131a9fb3a782e788ce63fa08344b55d14c389,host-resident policy-required candidate/native tensors through K and record IDs
MEASURED,1231,9,M11,10,29,15,40.8824,4.08824,150,42.83630087325895,d50043c0b6789280419e9a882b3f06cc1a5b03bac66ffa827173d190d6efe7c9,host-resident policy-required candidate/native tensors through K and record IDs
MEASURED,1232,8,S_ADAPT,10,35,15,2.173,0.2173,150,93.84776049852371,259456af28301e8722bffceba754a1eb49470e7c8d46e6da1e28b8ed1019e283,host-resident policy-required candidate/native tensors through K and record IDs
MEASURED,1233,9,PS_CLASS_PREFIX,40,1,15,39.2623,0.9815575000000001,600,147.718336962864,6978bd8f1d2a598c17d613d1481c7368deef06abdb1cb641e79c7953c299c455,host-resident policy-required candidate/native tensors through K and record IDs
MEASURED,1234,2,M11,10,26,15,34.5982,3.4598199999999997,150,27.82774520154011,bb4d494f2f873377cb569d3a2c86aac6ed77739f96b9c02195fdabab7f78f2ed,host-resident policy-required candidate/native tensors through K and record IDs
MEASURED,1235,3,M11,10,20,15,36.0815,3.6081499999999997,150,23.59353941180495,b5af0b17131b0a8c4a65d5344a842ee250a7def2f70cb5ee8100878c44c02a78,host-resident policy-required candidate/native tensors through K and record IDs
MEASURED,1236,0,M11,10,24,15,37.3156,3.7315600000000004,150,26.90031331005837,840b6ecb1f98ef107299ec3e02788e95c51d6c5a68a1e9b9952b1f724a335d2d,host-resident policy-required candidate/native tensors through K and record IDs
MEASURED,1237,0,M11,20,0,15,64.4712,3.22356,300,42.6693555309175,97acb517dee862285451aae0cdca71cafe34956ebbe3ed12d6745c63a612b4c4,host-resident policy-required candidate/native tensors through K and record IDs
MEASURED,1238,3,S_ADAPT,10,1,15,2.2272,0.22271999999999997,150,83.80123445391655,8bc628d7a36ab8f0c4806099c4301fc777a09774d3acbfe40efc3bb881f9c9a4,host-resident policy-required candidate/native tensors through K and record IDs
MEASURED,1239,5,S_ADAPT,10,16,15,1.6699,0.16699,150,85.57529371976852,ec6e6a2e64d42902a7fd24471a752df9a30fdc1be95dce1e7b1b47964581c884,host-resident policy-required candidate/native tensors through K and record IDs
MEASURED,1240,0,M11,20,5,15,70.4864,3.5243200000000003,300,32.8827528544208,51aedba733815a8799c98f440436494e502769069fc6e4ace84f1e22e49b4c9d,host-resident policy-required candidate/native tensors through K and record IDs
MEASURED,1241,4,M11,40,5,15,134.0122,3.350305,600,91.57735939191721,ee75096d5e0dcb12073b4cc3f52f113a9985e4bc1c6088eebd419d39697f3ef3,host-resident policy-required candidate/native tensors through K and record IDs
MEASURED,1242,3,M11,80,0,15,273.0683,3.41335375,1200,187.87149430956404,5902a78f16de7b059296d80accff62a2f3e6a7a57f0be117f6c5cda44bc7e73d,host-resident policy-required candidate/native tensors through K and record IDs
MEASURED,1243,1,S_ADAPT,10,8,15,3.0143,0.30143,150,90.46123763918877,fb4c6c44caeed443a70ed505a1fe6c3bee24c6999793d9971a050e8b90be88a7,host-resident policy-required candidate/native tensors through K and record IDs
MEASURED,1244,6,M11,40,2,15,132.7452,3.31863,600,76.72862014182475,f493a602c5b529cbea5a89d5e1da092260904e75d3203719949276294972d8ba,host-resident policy-required candidate/native tensors through K and record IDs
MEASURED,1245,4,S_ADAPT,10,25,15,2.6565,0.26565,150,95.17271280288696,0a55948be63cad5aa065bd07c7aaf05bd2b2a1b3b6142d4f6f72d042d2f37161,host-resident policy-required candidate/native tensors through K and record IDs
MEASURED,1246,3,S_ADAPT,40,4,15,7.6261,0.1906525,600,357.4904659241438,839a557cee47cb10ab8dc39dcd232a22009debf37251f70b8b4e213ffdf9185d,host-resident policy-required candidate/native tensors through K and record IDs
MEASURED,1247,1,M11,20,19,15,65.9147,3.2957349999999996,300,45.50804985058315,af83fba9a5dfaeb4f7f97625e7c9081e54f26d09bb75b8de1a1a566ddda26e4e,host-resident policy-required candidate/native tensors through K and record IDs
MEASURED,1248,0,M11,10,2,15,33.6184,3.36184,150,20.42665469066434,de05f81fd6ce148b190614d2bf524bc01f4a6d986a260511e5ab76410dc8f19e,host-resident policy-required candidate/native tensors through K and record IDs
MEASURED,1249,0,S_ADAPT,20,15,15,3.5911,0.179555,300,182.23617509007454,d344c6a46bef99197b349ab1040136022cdf9cb3e6e992c2c89395647e42953a,host-resident policy-required candidate/native tensors through K and record IDs
MEASURED,1250,3,S_ADAPT,10,8,15,1.8432,0.18431999999999998,150,90.46123763918877,fb4c6c44caeed443a70ed505a1fe6c3bee24c6999793d9971a050e8b90be88a7,host-resident policy-required candidate/native tensors through K and record IDs
MEASURED,1251,6,PS_PREFIX,40,3,15,32.1373,0.8034325000000001,600,131.29255908504786,87a0ababb25e82e466c40f023339543ad7e7ebac30275b36935e564c1448d58c,host-resident policy-required candidate/native tensors through K and record IDs
MEASURED,1252,0,M11,10,26,15,34.5339,3.45339,150,27.82774520154011,bb4d494f2f873377cb569d3a2c86aac6ed77739f96b9c02195fdabab7f78f2ed,host-resident policy-required candidate/native tensors through K and record IDs
MEASURED,1253,3,S_ADAPT,10,39,15,3.1659,0.31659000000000004,150,83.38847097754478,1fdfbc3f7c03a51916c4e0be4f545737b48709e6cd1d426598dd0b6a4e30fbee,host-resident policy-required candidate/native tensors through K and record IDs
MEASURED,1254,8,S_ADAPT,10,23,15,2.0264,0.20264000000000001,150,98.58994302153587,e70b1b5d90c407258c7b5793a51e4c03652618951f22c17ef94b5a5b59aafed4,host-resident policy-required candidate/native tensors through K and record IDs
MEASURED,1255,9,S_ADAPT,10,13,15,1.5808,0.15808,150,91.94036191701889,0022c38aa69ab2d483f75f5b6a7bb6fbbb92b2b7f8fc0a0f8d0d9cd2dff5e52c,host-resident policy-required candidate/native tensors through K and record IDs
MEASURED,1256,6,M11,40,1,15,144.5712,3.61428,600,100.49787166982753,6e4e6a2228e9ac61dc332c40a82be24c97b7b6c6e7333ea0fc55297c077ec059,host-resident policy-required candidate/native tensors through K and record IDs
MEASURED,1257,9,S_ADAPT,20,17,15,4.8846,0.24423,300,195.57238599658012,7cd2892d08457192509e1696c92ee1692349435e769761b391070a4bca3b2876,host-resident policy-required candidate/native tensors through K and record IDs
MEASURED,1258,8,S_ADAPT,40,6,15,7.9382,0.198455,600,384.2117875814438,0313f50eb82a82acc8ad078ac418b19e4bfe509846ee3194d96f2ddea779d7f3,host-resident policy-required candidate/native tensors through K and record IDs
MEASURED,1259,5,S_ADAPT,20,18,15,3.379,0.16895,300,190.75923946499825,9943bb03a04288346d696a368477d8765dfa5fdc07e97dccb195952aa4a2224b,host-resident policy-required candidate/native tensors through K and record IDs
MEASURED,1260,2,S_ADAPT,10,34,15,2.1647,0.21647,150,101.2994676232338,a2decff81d1f05fe6ccbf288846acff87effb7ff9c928e2eb7051f8c9a8d381b,host-resident policy-required candidate/native tensors through K and record IDs
MEASURED,1261,8,M11,20,15,15,69.3158,3.4657899999999997,300,53.62015403258539,f5464293150367869b010c8dc25054fcae519165125d05f918ad8aad9757d84f,host-resident policy-required candidate/native tensors through K and record IDs
MEASURED,1262,8,M11,10,1,15,34.2026,3.42026,150,15.639920970241969,a6167b0584cd1caf9bbbc3793064ca384bfab11be6cf182c31291d62eb27f0e3,host-resident policy-required candidate/native tensors through K and record IDs
MEASURED,1263,9,S_ADAPT,20,5,15,4.116,0.20579999999999998,300,173.78133611381054,85772d383eb58f6a1364ceb4129e413a1814f5b3a73c05e0a9e8b0ef52c9d03a,host-resident policy-required candidate/native tensors through K and record IDs
MEASURED,1264,7,M11,40,0,15,131.7381,3.2934525,600,87.34628145002588,d2b033b2651ab4e2a1356c23a5a229528d2b0501a5eaa2fd13ccf7923f400bee,host-resident policy-required candidate/native tensors through K and record IDs
MEASURED,1265,2,S_ADAPT,10,9,15,3.2812,0.32812,150,93.62151077389717,31213095d47234f2a3235a4f7d173b37a550bee384e2a64fc6ff5c0e074af163,host-resident policy-required candidate/native tensors through K and record IDs
MEASURED,1266,7,S_ADAPT,40,1,15,7.6705,0.1917625,600,354.89996725320816,3a46410a671f6e4d4ea84344a22b8e841726860290f274599424313d93b46266,host-resident policy-required candidate/native tensors through K and record IDs
MEASURED,1267,4,PS_CLASS_PREFIX,40,0,15,31.0385,0.7759625,600,130.16938011948838,fb34c668d01a0e0b5ea00b52268a4ecf9c97d79e0b5564c1d3625af190a46e89,host-resident policy-required candidate/native tensors through K and record IDs
MEASURED,1268,9,S_ADAPT,10,23,15,4.2513,0.42512999999999995,150,98.58994302153587,e70b1b5d90c407258c7b5793a51e4c03652618951f22c17ef94b5a5b59aafed4,host-resident policy-required candidate/native tensors through K and record IDs
MEASURED,1269,5,M11,10,5,15,41.6546,4.16546,150,31.88735032834503,f2b3d70fd6e63900033ac2a37fd9bc3665884f98bfc906e82fcf64a07e53ffd3,host-resident policy-required candidate/native tensors through K and record IDs
MEASURED,1270,7,S_ADAPT,20,0,15,6.1528,0.30764,300,176.4440060555935,1bfc659bac89b1a185f3a4d2201b1cb0eecb07e2a9cadf7c950d3bf5cbf05a73,host-resident policy-required candidate/native tensors through K and record IDs
MEASURED,1271,9,S_ADAPT,20,15,15,4.5536,0.22768000000000002,300,182.23617509007454,d344c6a46bef99197b349ab1040136022cdf9cb3e6e992c2c89395647e42953a,host-resident policy-required candidate/native tensors through K and record IDs
MEASURED,1272,0,S_ADAPT,20,9,15,4.5374,0.22687,300,184.12518568336964,6a56a490b378b3af837b1902ab36aca64d6fe43b2555ebb6de5e52ce7799b1e9,host-resident policy-required candidate/native tensors through K and record IDs
MEASURED,1273,9,M11,10,1,15,34.7182,3.47182,150,15.639920970241969,a6167b0584cd1caf9bbbc3793064ca384bfab11be6cf182c31291d62eb27f0e3,host-resident policy-required candidate/native tensors through K and record IDs
MEASURED,1274,0,PS_PREFIX,40,4,15,31.6701,0.7917525000000001,600,121.89298869800506,8a9d6c5f76391e5232fb3022e83d2ed562562b06350087da08cad75771128dfa,host-resident policy-required candidate/native tensors through K and record IDs
MEASURED,1275,7,M11,10,15,15,38.1811,3.81811,150,21.217235383089072,9c158fa53ac9903841c2bd7c092da38409b969d8fc7b9f3ab2126a73ee94eaab,host-resident policy-required candidate/native tensors through K and record IDs
MEASURED,1276,8,S_ADAPT,20,19,15,4.1646,0.20823,300,181.42042163014412,d2a8d0341052e85c558a6e02225f565af9f743b75c5a8bbcf983bddc55dadf3f,host-resident policy-required candidate/native tensors through K and record IDs
MEASURED,1277,8,M11,20,11,15,65.5994,3.27997,300,48.030932008467296,30b4e5de0fbb7e2aa340e0bdb3135519b2790229e464db84e7a9c18a7a66fee0,host-resident policy-required candidate/native tensors through K and record IDs
MEASURED,1278,3,M11,10,34,15,34.3051,3.4305100000000004,150,37.68158938848324,1432c6a8ae05a6c57bd4c6c2c5c2c676dea5f122f3f2adff4028e7bcd4ceb0fe,host-resident policy-required candidate/native tensors through K and record IDs
MEASURED,1279,8,S_ADAPT,10,22,15,2.2976,0.22976000000000002,150,88.1693175137043,67e5d17d0da4c747afa8006e9b015272608f2b38ff4544ecabbb55ba6ec9706b,host-resident policy-required candidate/native tensors through K and record IDs
MEASURED,1280,5,S_ADAPT,20,12,15,3.2744,0.16372,300,192.58604577183723,48bab893476e3db929878747484bcaff543c71f85eaf2cc23839660e08a18c65,host-resident policy-required candidate/native tensors through K and record IDs
MEASURED,1281,5,M11,80,2,15,299.9233,3.74904125,1200,171.91242156372655,ad35d60f61bce5e6fa58f2019a8594e4a9302c14183036c8feb6e7ec3ed3cc37,host-resident policy-required candidate/native tensors through K and record IDs
MEASURED,1282,8,PS_PREFIX,40,5,15,34.9755,0.8743874999999999,600,127.49238484490243,8c40ab417b040e0e46fb044a1c2e0ee40d077b6ae813c94261510087b287ca73,host-resident policy-required candidate/native tensors through K and record IDs
MEASURED,1283,5,M11,10,39,15,39.005,3.9005,150,16.951124010819047,f8292fffa491defebfd973faf280ba5daba1457ada22919c9c7a9382a7fec958,host-resident policy-required candidate/native tensors through K and record IDs
MEASURED,1284,0,M11,10,4,15,37.2599,3.7259900000000004,150,19.905806943695485,ddf9a32023a62c11817476a1754416f40705f42ee210c9c1047a01f08b76d452,host-resident policy-required candidate/native tensors through K and record IDs
MEASURED,1285,1,M11,80,4,15,279.9497,3.4993712500000003,1200,211.7179591258768,5dff99880db7d9ae9e42e5c2adbbcf9c3a386f1b632546541898311bc611a587,host-resident policy-required candidate/native tensors through K and record IDs
MEASURED,1286,5,PS_PREFIX,40,4,15,32.2724,0.8068099999999999,600,121.89298869800506,8a9d6c5f76391e5232fb3022e83d2ed562562b06350087da08cad75771128dfa,host-resident policy-required candidate/native tensors through K and record IDs
MEASURED,1287,9,PS_PREFIX,40,4,15,30.8063,0.7701575,600,121.89298869800506,8a9d6c5f76391e5232fb3022e83d2ed562562b06350087da08cad75771128dfa,host-resident policy-required candidate/native tensors through K and record IDs
MEASURED,1288,9,S_ADAPT,10,36,15,2.5101,0.25101,150,100.10815408825874,74559fa0f9d5675b4259236c8eb8f6060b66cdf85342f53456923405c952e00c,host-resident policy-required candidate/native tensors through K and record IDs
MEASURED,1289,5,S_ADAPT,10,24,15,1.6414,0.16414,150,97.39093405008316,337a47697cc51c376e7d9faa5a9c174a2594f4732406a21a68c1b42c17f6031c,host-resident policy-required candidate/native tensors through K and record IDs
MEASURED,1290,2,M11,10,21,15,37.523,3.7523000000000004,150,19.391039300255603,24be28c85e8c6e37273698233a1de1159223266e88ba59c844a4c09f91888603,host-resident policy-required candidate/native tensors through K and record IDs
MEASURED,1291,0,S_ADAPT,10,23,15,2.0522,0.20522,150,98.58994302153587,e70b1b5d90c407258c7b5793a51e4c03652618951f22c17ef94b5a5b59aafed4,host-resident policy-required candidate/native tensors through K and record IDs
MEASURED,1292,2,M11,10,7,15,33.7854,3.37854,150,29.290368652591624,a0bf5ff2544802077833319a55ebfc0228ffc6295c0a36ccf4330521d4d52b50,host-resident policy-required candidate/native tensors through K and record IDs
MEASURED,1293,3,M11,40,5,15,142.2383,3.5559575000000003,600,91.57735939191721,ee75096d5e0dcb12073b4cc3f52f113a9985e4bc1c6088eebd419d39697f3ef3,host-resident policy-required candidate/native tensors through K and record IDs
MEASURED,1294,5,S_ADAPT,80,2,15,15.6735,0.19591875,1200,720.778280749917,b987d499ad0fb1807a37a30eed7d082aa7a06a805ebbdc1c5b25ca627e771b8a,host-resident policy-required candidate/native tensors through K and record IDs
MEASURED,1295,8,S_ADAPT,10,34,15,1.926,0.1926,150,101.2994676232338,a2decff81d1f05fe6ccbf288846acff87effb7ff9c928e2eb7051f8c9a8d381b,host-resident policy-required candidate/native tensors through K and record IDs
MEASURED,1296,9,S_ADAPT,20,1,15,3.083,0.15415,300,169.44759967923164,328992b110282c5d5fbb1025e516d36544d129a0e4d3365e777e272e61aa0ee2,host-resident policy-required candidate/native tensors through K and record IDs
MEASURED,1297,6,M11,10,24,15,44.6661,4.46661,150,26.90031331005837,840b6ecb1f98ef107299ec3e02788e95c51d6c5a68a1e9b9952b1f724a335d2d,host-resident policy-required candidate/native tensors through K and record IDs
MEASURED,1298,1,S_ADAPT,10,0,15,2.12,0.21200000000000002,150,92.10543185472488,2aa0f1eeb0f2d36847ce9525f8c79ab3b92338ac0994c9f6a39d54cf6bb74a2f,host-resident policy-required candidate/native tensors through K and record IDs
MEASURED,1299,4,S_ADAPT,10,4,15,1.836,0.1836,150,85.6570528447628,cf9a5c21d22486096e3b3383b942942bdb7bb2e01393549e670f3bace962d2ac,host-resident policy-required candidate/native tensors through K and record IDs
MEASURED,1300,6,S_ADAPT,20,5,15,3.8512,0.19256,300,173.78133611381054,85772d383eb58f6a1364ceb4129e413a1814f5b3a73c05e0a9e8b0ef52c9d03a,host-resident policy-required candidate/native tensors through K and record IDs
MEASURED,1301,0,PS_CLASS_PREFIX,40,5,15,30.5832,0.76458,600,138.6275444463038,fb8bb5bb515a229c7594a7e9d62736d457014c2c8f1e5e9d28b58c8284dc82c5,host-resident policy-required candidate/native tensors through K and record IDs
MEASURED,1302,5,M11,10,9,15,39.9646,3.99646,150,21.002915189186872,5b84dd7c8d19b04fce83a753963756380a4082ef59f9f58d68999cb8457ea874,host-resident policy-required candidate/native tensors through K and record IDs
MEASURED,1303,8,M11,10,31,15,33.6101,3.3610100000000003,150,28.14959604739981,1ef01f7403c93b775001f6bc6a3ecf53c99eb6a4b371221e89d0a6537bc7e1aa,host-resident policy-required candidate/native tensors through K and record IDs
MEASURED,1304,0,M11,40,0,15,343.5036,8.58759,600,87.34628145002588,d2b033b2651ab4e2a1356c23a5a229528d2b0501a5eaa2fd13ccf7923f400bee,host-resident policy-required candidate/native tensors through K and record IDs
MEASURED,1305,5,M11,10,20,15,36.5149,3.65149,150,23.59353941180495,b5af0b17131b0a8c4a65d5344a842ee250a7def2f70cb5ee8100878c44c02a78,host-resident policy-required candidate/native tensors through K and record IDs
MEASURED,1306,1,M11,10,39,15,32.3088,3.23088,150,16.951124010819047,f8292fffa491defebfd973faf280ba5daba1457ada22919c9c7a9382a7fec958,host-resident policy-required candidate/native tensors through K and record IDs
MEASURED,1307,3,S_ADAPT,20,5,15,4.3019,0.21509499999999998,300,173.78133611381054,85772d383eb58f6a1364ceb4129e413a1814f5b3a73c05e0a9e8b0ef52c9d03a,host-resident policy-required candidate/native tensors through K and record IDs
MEASURED,1308,6,M11,10,34,15,39.5802,3.95802,150,37.68158938848324,1432c6a8ae05a6c57bd4c6c2c5c2c676dea5f122f3f2adff4028e7bcd4ceb0fe,host-resident policy-required candidate/native tensors through K and record IDs
MEASURED,1309,1,S_ADAPT,20,9,15,3.9716,0.19858,300,184.12518568336964,6a56a490b378b3af837b1902ab36aca64d6fe43b2555ebb6de5e52ce7799b1e9,host-resident policy-required candidate/native tensors through K and record IDs
MEASURED,1310,0,M11,10,15,15,35.4393,3.5439300000000005,150,21.217235383089072,9c158fa53ac9903841c2bd7c092da38409b969d8fc7b9f3ab2126a73ee94eaab,host-resident policy-required candidate/native tensors through K and record IDs
MEASURED,1311,0,PS_CLASS_PREFIX,40,3,15,31.8796,0.79699,600,134.09956403258127,cd8b1fc30473b536e0a51170e86da6ea1bf952271ba4f251822a17d8e610bffa,host-resident policy-required candidate/native tensors through K and record IDs
MEASURED,1312,8,S_ADAPT,40,1,15,8.1908,0.20476999999999998,600,354.89996725320816,3a46410a671f6e4d4ea84344a22b8e841726860290f274599424313d93b46266,host-resident policy-required candidate/native tensors through K and record IDs
MEASURED,1313,0,M11,10,22,15,38.1481,3.81481,150,22.510549877284102,684fe63a8dc55a378348673b549861303072bd32e45dfe9eb5e5551b7e56d6fa,host-resident policy-required candidate/native tensors through K and record IDs
MEASURED,1314,9,M11,10,8,15,36.3698,3.63698,150,22.127255696726607,cc9e1988bfe79fffb3f1974d2c855c5b13cf326cce4ea196f23ab96f0a89ebe7,host-resident policy-required candidate/native tensors through K and record IDs
MEASURED,1315,3,S_ADAPT,10,37,15,2.1309,0.21309,150,89.95280921459198,61f50d47496545d626d09b1cee5cf90bcfa80d32f018a81163d1362d5c153ccb,host-resident policy-required candidate/native tensors through K and record IDs
MEASURED,1316,9,M11,20,15,15,78.1098,3.9054900000000004,300,53.62015403258539,f5464293150367869b010c8dc25054fcae519165125d05f918ad8aad9757d84f,host-resident policy-required candidate/native tensors through K and record IDs
MEASURED,1317,0,PS_PREFIX,40,0,15,31.5004,0.7875099999999999,600,115.69744959412655,db5a6cd9d2c6bf511a20f75200f68b37ecf9114b1471e6fd76c46c4d3c9ffe1d,host-resident policy-required candidate/native tensors through K and record IDs
MEASURED,1318,3,S_ADAPT,20,17,15,4.3756,0.21878000000000003,300,195.57238599658012,7cd2892d08457192509e1696c92ee1692349435e769761b391070a4bca3b2876,host-resident policy-required candidate/native tensors through K and record IDs
MEASURED,1319,6,S_ADAPT,10,20,15,1.7726,0.17726,150,93.08136415481567,108a6c663b0c87bbd5255eaa83503463deca0bfa81262151a6ea8c0c7a10f4b4,host-resident policy-required candidate/native tensors through K and record IDs
MEASURED,1320,3,M11,10,13,15,41.0472,4.1047199999999995,150,18.77830546905996,3cffb82fbb7a71e4bcff38362191ff0e467038e201f4bdcfde9bd20fe304c492,host-resident policy-required candidate/native tensors through K and record IDs
MEASURED,1321,3,S_ADAPT,10,18,15,2.0865,0.20865,150,95.13061892986298,09cf0d6f6ed31bc3ba5be231bed1bbd7a3122922452b8e2ef4ec7d96b7da9ae8,host-resident policy-required candidate/native tensors through K and record IDs
MEASURED,1322,7,M11,10,5,15,35.6627,3.5662700000000003,150,31.88735032834503,f2b3d70fd6e63900033ac2a37fd9bc3665884f98bfc906e82fcf64a07e53ffd3,host-resident policy-required candidate/native tensors through K and record IDs
MEASURED,1323,9,M11,20,1,15,66.3425,3.317125,300,44.61456836462459,4210b4d344004bb7a46c27c388968bfec906e410bf9be241a2e8a86435098478,host-resident policy-required candidate/native tensors through K and record IDs
MEASURED,1324,9,M11,10,5,15,36.2764,3.6276400000000004,150,31.88735032834503,f2b3d70fd6e63900033ac2a37fd9bc3665884f98bfc906e82fcf64a07e53ffd3,host-resident policy-required candidate/native tensors through K and record IDs
MEASURED,1325,0,S_ADAPT,10,14,15,1.9543,0.19543,150,95.96669745445251,4df7ae3c5880b8b938af66ea71a55e9fcfb1e5fb009b71e57cc2cecef5a9507b,host-resident policy-required candidate/native tensors through K and record IDs
MEASURED,1326,6,PS_PREFIX,40,4,15,34.6629,0.8665725,600,121.89298869800506,8a9d6c5f76391e5232fb3022e83d2ed562562b06350087da08cad75771128dfa,host-resident policy-required candidate/native tensors through K and record IDs
MEASURED,1327,8,M11,10,23,15,38.8609,3.8860900000000003,150,25.159577238042274,7f95fa52bca5e4d832e97038174784b0046e55c31098cc28f7853b05f41882fd,host-resident policy-required candidate/native tensors through K and record IDs
MEASURED,1328,2,M11,40,6,15,150.1389,3.7534725,600,106.38732863045063,084ec29426edbb4bc589984319a3d3c39e0b4c8656ec0a75c002b686a2ae678b,host-resident policy-required candidate/native tensors through K and record IDs
MEASURED,1329,8,M11,40,3,15,139.0179,3.4754475,600,88.36887740387849,de99531c6de724e825e84d3b4ae99eaffd24c1e2ddbe27745a0ed41e164afe39,host-resident policy-required candidate/native tensors through K and record IDs
MEASURED,1330,9,S_ADAPT,10,27,15,2.3926,0.23925999999999997,150,97.85155525803566,1a1e6282f3ef4e3a6fd0bce80503e0d4f04c69922dfd931ca78b06810a4e63d3,host-resident policy-required candidate/native tensors through K and record IDs
MEASURED,1331,0,S_ADAPT,10,5,15,1.9085,0.19085000000000002,150,92.62096610665321,d245526c08e8aa5cfced919e1b2b4676365c3ab1ad70344336368af9a3448d94,host-resident policy-required candidate/native tensors through K and record IDs
MEASURED,1332,3,M11,20,7,15,68.9682,3.44841,300,52.487763568033394,35592b264e37d6c83f19e03b8edf2d92bf9bfdc9a912a72212c624b6de8aae9b,host-resident policy-required candidate/native tensors through K and record IDs
MEASURED,1333,4,M11,10,13,15,39.5892,3.95892,150,18.77830546905996,3cffb82fbb7a71e4bcff38362191ff0e467038e201f4bdcfde9bd20fe304c492,host-resident policy-required candidate/native tensors through K and record IDs
MEASURED,1334,4,M11,10,36,15,36.8166,3.68166,150,37.17367167113842,af07fd8f72ab16254e7848ddcde7a13460d26ff43825688cacb2fe88b7e99742,host-resident policy-required candidate/native tensors through K and record IDs
MEASURED,1335,1,M11,10,7,15,44.9375,4.49375,150,29.290368652591624,a0bf5ff2544802077833319a55ebfc0228ffc6295c0a36ccf4330521d4d52b50,host-resident policy-required candidate/native tensors through K and record IDs
MEASURED,1336,9,M11,10,6,15,46.6597,4.66597,150,18.37964861064765,e782d632d21bac33415573fb9b874ac3f515247f31859f54b82fd7251180a03b,host-resident policy-required candidate/native tensors through K and record IDs
MEASURED,1337,0,S_ADAPT,10,16,15,2.2207,0.22207,150,85.57529371976852,ec6e6a2e64d42902a7fd24471a752df9a30fdc1be95dce1e7b1b47964581c884,host-resident policy-required candidate/native tensors through K and record IDs
MEASURED,1338,7,M11,20,3,15,66.6982,3.33491,300,48.19475735069779,904ce76aa951a7d08d5390631854e4f69a2e4bf5fbc7c925bbd8139d0e26ea27,host-resident policy-required candidate/native tensors through K and record IDs
MEASURED,1339,1,M11,80,1,15,269.0798,3.3634975,1200,165.54806241090245,cdf3874635e25030f79900c3af192298261eb99ea545dd29943346d76f0e9fb0,host-resident policy-required candidate/native tensors through K and record IDs
MEASURED,1340,0,S_ADAPT,80,1,15,16.7141,0.20892624999999998,1200,720.7490096539259,460b06f0cca8c27896a7bb2998727be28b6542ab13644610e46e969f99404e83,host-resident policy-required candidate/native tensors through K and record IDs
MEASURED,1341,7,M11,10,7,15,33.6623,3.3662300000000003,150,29.290368652591624,a0bf5ff2544802077833319a55ebfc0228ffc6295c0a36ccf4330521d4d52b50,host-resident policy-required candidate/native tensors through K and record IDs
MEASURED,1342,2,M11,40,2,15,157.0966,3.927415,600,76.72862014182475,f493a602c5b529cbea5a89d5e1da092260904e75d3203719949276294972d8ba,host-resident policy-required candidate/native tensors through K and record IDs
MEASURED,1343,9,S_ADAPT,10,0,15,2.1629,0.21629,150,92.10543185472488,2aa0f1eeb0f2d36847ce9525f8c79ab3b92338ac0994c9f6a39d54cf6bb74a2f,host-resident policy-required candidate/native tensors through K and record IDs
MEASURED,1344,7,S_ADAPT,10,29,15,1.7832,0.17831999999999998,150,94.83080992102623,711ffec6ecc0b071f2ca9a4d9bb3f38fa4c376cd5fd09667a497ba58464dd507,host-resident policy-required candidate/native tensors through K and record IDs
MEASURED,1345,1,M11,20,18,15,67.8086,3.39043,300,63.8480957782682,177460e68782664a9113a40f86bc409a8c72183e819d65d9c29317a4a93b088f,host-resident policy-required candidate/native tensors through K and record IDs
MEASURED,1346,0,S_ADAPT,10,20,15,2.9754,0.29754,150,93.08136415481567,108a6c663b0c87bbd5255eaa83503463deca0bfa81262151a6ea8c0c7a10f4b4,host-resident policy-required candidate/native tensors through K and record IDs
MEASURED,1347,9,S_ADAPT,20,2,15,3.4552,0.17276,300,178.80011892318726,6d9920a2c5ea2c44ab4f431f69437653c4c9fa5d2301d366d1bd9b3806718a2e,host-resident policy-required candidate/native tensors through K and record IDs
MEASURED,1348,8,PS_CLASS_PREFIX,40,4,15,31.15,0.7787499999999999,600,122.11701954577285,8bb0c34a63ad212803dbca08c9848b85dc29db68f9c5ff0b0154beedf553ec5b,host-resident policy-required candidate/native tensors through K and record IDs
MEASURED,1349,3,M11,10,16,15,37.5538,3.75538,150,15.143859907201344,85c31ff8562865c9d3fe0fabfb782617e7804c90b76297159ed109e82d2e509c,host-resident policy-required candidate/native tensors through K and record IDs
MEASURED,1350,5,S_ADAPT,20,0,15,5.7538,0.28769,300,176.4440060555935,1bfc659bac89b1a185f3a4d2201b1cb0eecb07e2a9cadf7c950d3bf5cbf05a73,host-resident policy-required candidate/native tensors through K and record IDs
MEASURED,1351,7,M11,10,29,15,39.89,3.989,150,42.83630087325895,d50043c0b6789280419e9a882b3f06cc1a5b03bac66ffa827173d190d6efe7c9,host-resident policy-required candidate/native tensors through K and record IDs
MEASURED,1352,7,M11,80,4,15,270.3755,3.37969375,1200,211.7179591258768,5dff99880db7d9ae9e42e5c2adbbcf9c3a386f1b632546541898311bc611a587,host-resident policy-required candidate/native tensors through K and record IDs
MEASURED,1353,6,M11,10,0,15,34.4534,3.4453400000000003,150,26.568549553934723,f18086c6e46f391d4ac1957764deeae035db13225b77a1c26eb1a9e259e9bc61,host-resident policy-required candidate/native tensors through K and record IDs
MEASURED,1354,4,M11,10,20,15,40.0693,4.00693,150,23.59353941180495,b5af0b17131b0a8c4a65d5344a842ee250a7def2f70cb5ee8100878c44c02a78,host-resident policy-required candidate/native tensors through K and record IDs
MEASURED,1355,3,M11,10,17,15,34.7526,3.47526,150,15.97911248749644,b5d08ae7215ad282017a53870c0a0ecf27776ba497ca05ad0af3d13eb1e6d630,host-resident policy-required candidate/native tensors through K and record IDs
MEASURED,1356,9,S_ADAPT,10,3,15,2.6201,0.26200999999999997,150,91.17850151658058,1af0b49a99ea345494d984b82ce36d1a525a93add9e10f92b488192ed29656d0,host-resident policy-required candidate/native tensors through K and record IDs
MEASURED,1357,5,M11,20,8,15,69.54,3.4770000000000003,300,31.143478747168153,151120f08c6b964450162291b3ddfd65d33a97667c936302f839e2b5b47be5d3,host-resident policy-required candidate/native tensors through K and record IDs
MEASURED,1358,4,S_ADAPT,80,3,15,17.3221,0.21652624999999998,1200,756.5127590298653,6dfbebed79a0f8a694da26a367e4a0e19cdb2d3c3bfd7d290d3f9a0d31ab41ef,host-resident policy-required candidate/native tensors through K and record IDs
MEASURED,1359,2,M11,10,22,15,35.5678,3.55678,150,22.510549877284102,684fe63a8dc55a378348673b549861303072bd32e45dfe9eb5e5551b7e56d6fa,host-resident policy-required candidate/native tensors through K and record IDs
MEASURED,1360,5,M11,10,36,15,33.5623,3.35623,150,37.17367167113842,af07fd8f72ab16254e7848ddcde7a13460d26ff43825688cacb2fe88b7e99742,host-resident policy-required candidate/native tensors through K and record IDs
MEASURED,1361,4,M11,10,15,15,34.4706,3.4470599999999996,150,21.217235383089072,9c158fa53ac9903841c2bd7c092da38409b969d8fc7b9f3ab2126a73ee94eaab,host-resident policy-required candidate/native tensors through K and record IDs
MEASURED,1362,0,S_ADAPT,20,13,15,4.2065,0.210325,300,191.62258660793304,ca5311c84dbe2d201ef36df5a6a9e2937f094a68355fd12a664c6cae594d02de,host-resident policy-required candidate/native tensors through K and record IDs
MEASURED,1363,3,M11,20,8,15,62.9742,3.1487100000000003,300,31.143478747168153,151120f08c6b964450162291b3ddfd65d33a97667c936302f839e2b5b47be5d3,host-resident policy-required candidate/native tensors through K and record IDs
MEASURED,1364,5,PS_PREFIX,40,1,15,32.0183,0.8004575,600,127.26903411831033,d283dab96a20f1aa11d8b1b2087f6ccb545114ca40ca1c3b3e848dc90f7ecbf1,host-resident policy-required candidate/native tensors through K and record IDs
MEASURED,1365,2,M11,10,1,15,34.9653,3.49653,150,15.639920970241969,a6167b0584cd1caf9bbbc3793064ca384bfab11be6cf182c31291d62eb27f0e3,host-resident policy-required candidate/native tensors through K and record IDs
MEASURED,1366,2,M11,10,4,15,36.119,3.6119,150,19.905806943695485,ddf9a32023a62c11817476a1754416f40705f42ee210c9c1047a01f08b76d452,host-resident policy-required candidate/native tensors through K and record IDs
MEASURED,1367,1,PS_CLASS_PREFIX,40,5,15,33.1268,0.8281700000000001,600,138.6275444463038,fb8bb5bb515a229c7594a7e9d62736d457014c2c8f1e5e9d28b58c8284dc82c5,host-resident policy-required candidate/native tensors through K and record IDs
MEASURED,1368,7,PS_PREFIX,40,0,15,33.828,0.8457000000000001,600,115.69744959412655,db5a6cd9d2c6bf511a20f75200f68b37ecf9114b1471e6fd76c46c4d3c9ffe1d,host-resident policy-required candidate/native tensors through K and record IDs
MEASURED,1369,2,M11,20,16,15,72.144,3.6072,300,32.323463015008876,754a89b0a8d3a3f45e18f888d5a1c7d8226e6a9369c36a36ab485e66b5801ff9,host-resident policy-required candidate/native tensors through K and record IDs
MEASURED,1370,5,PS_CLASS_PREFIX,40,3,15,31.7497,0.7937425,600,134.09956403258127,cd8b1fc30473b536e0a51170e86da6ea1bf952271ba4f251822a17d8e610bffa,host-resident policy-required candidate/native tensors through K and record IDs
MEASURED,1371,8,S_ADAPT,20,8,15,4.9051,0.245255,300,172.9979220032692,2fab67c83ab727498aedc2ef30f4b85db6eebf39cbeca91683e5a78d43b9788a,host-resident policy-required candidate/native tensors through K and record IDs
MEASURED,1372,3,S_ADAPT,10,2,15,1.8275,0.18275,150,77.38685169816017,fffaa726d1f44bf95b34a7da4ee27d525fc95ad265f37fc9aaf76ff88708dbdf,host-resident policy-required candidate/native tensors through K and record IDs
MEASURED,1373,9,M11,40,2,15,135.2779,3.3819475,600,76.72862014182475,f493a602c5b529cbea5a89d5e1da092260904e75d3203719949276294972d8ba,host-resident policy-required candidate/native tensors through K and record IDs
MEASURED,1374,9,S_ADAPT,10,31,15,2.1529,0.21528999999999998,150,95.79967814683914,655fb7d71f962b6f3d3f0279e5b0bd759a8785e22dfab91cec663110035b2db3,host-resident policy-required candidate/native tensors through K and record IDs
MEASURED,1375,3,M11,10,22,15,34.3462,3.4346200000000002,150,22.510549877284102,684fe63a8dc55a378348673b549861303072bd32e45dfe9eb5e5551b7e56d6fa,host-resident policy-required candidate/native tensors through K and record IDs
MEASURED,1376,1,S_ADAPT,80,2,15,15.4513,0.19314125,1200,720.778280749917,b987d499ad0fb1807a37a30eed7d082aa7a06a805ebbdc1c5b25ca627e771b8a,host-resident policy-required candidate/native tensors through K and record IDs
MEASURED,1377,5,M11,20,12,15,70.7278,3.53639,300,53.20920175924987,fc2b11494f5d308c555d74b8c042864556e5f08f6c021d668b458f9b2a540852,host-resident policy-required candidate/native tensors through K and record IDs
MEASURED,1378,6,S_ADAPT,10,12,15,2.158,0.2158,150,79.4385441839695,4cb9ade8a1ecd791cdfc3edd448f61f4357c2f8a09b37a3e695eb7276780f692,host-resident policy-required candidate/native tensors through K and record IDs
MEASURED,1379,6,S_ADAPT,80,3,15,16.4207,0.20525875,1200,756.5127590298653,6dfbebed79a0f8a694da26a367e4a0e19cdb2d3c3bfd7d290d3f9a0d31ab41ef,host-resident policy-required candidate/native tensors through K and record IDs
MEASURED,1380,4,S_ADAPT,10,2,15,1.6511,0.16511,150,77.38685169816017,fffaa726d1f44bf95b34a7da4ee27d525fc95ad265f37fc9aaf76ff88708dbdf,host-resident policy-required candidate/native tensors through K and record IDs
MEASURED,1381,3,S_ADAPT,10,38,15,2.9483,0.29483000000000004,150,97.42280113697052,2b1c6e7d1e7df106ede63ec54a94a31e4b59e2fce88d1d629b8ab51f4238e3c2,host-resident policy-required candidate/native tensors through K and record IDs
MEASURED,1382,7,PS_PREFIX,40,1,15,30.9727,0.7743175,600,127.26903411831033,d283dab96a20f1aa11d8b1b2087f6ccb545114ca40ca1c3b3e848dc90f7ecbf1,host-resident policy-required candidate/native tensors through K and record IDs
MEASURED,1383,8,S_ADAPT,10,8,15,3.2294,0.32294,150,90.46123763918877,fb4c6c44caeed443a70ed505a1fe6c3bee24c6999793d9971a050e8b90be88a7,host-resident policy-required candidate/native tensors through K and record IDs
MEASURED,1384,9,M11,80,4,15,270.0638,3.3757975,1200,211.7179591258768,5dff99880db7d9ae9e42e5c2adbbcf9c3a386f1b632546541898311bc611a587,host-resident policy-required candidate/native tensors through K and record IDs
MEASURED,1385,6,S_ADAPT,20,18,15,4.7364,0.23681999999999997,300,190.75923946499825,9943bb03a04288346d696a368477d8765dfa5fdc07e97dccb195952aa4a2224b,host-resident policy-required candidate/native tensors through K and record IDs
MEASURED,1386,8,M11,20,17,15,65.8981,3.294905,300,66.64971844791594,acdacd51340f2fb4953ed00ec1990916249d11b97e105be63ff9749f6f4b3505,host-resident policy-required candidate/native tensors through K and record IDs
MEASURED,1387,4,PS_CLASS_PREFIX,40,1,15,31.9763,0.7994074999999999,600,147.718336962864,6978bd8f1d2a598c17d613d1481c7368deef06abdb1cb641e79c7953c299c455,host-resident policy-required candidate/native tensors through K and record IDs
MEASURED,1388,8,M11,80,0,15,289.6634,3.6207925000000003,1200,187.87149430956404,5902a78f16de7b059296d80accff62a2f3e6a7a57f0be117f6c5cda44bc7e73d,host-resident policy-required candidate/native tensors through K and record IDs
MEASURED,1389,9,M11,40,5,15,145.6719,3.6417975,600,91.57735939191721,ee75096d5e0dcb12073b4cc3f52f113a9985e4bc1c6088eebd419d39697f3ef3,host-resident policy-required candidate/native tensors through K and record IDs
MEASURED,1390,5,M11,10,14,15,42.2034,4.22034,150,30.60993039404241,6c5f6a75152bfb9f0170e1acc8b8db31f2fe6d52fb619fed02d9ec2c066758d4,host-resident policy-required candidate/native tensors through K and record IDs
MEASURED,1391,5,M11,40,0,15,138.6833,3.4670825,600,87.34628145002588,d2b033b2651ab4e2a1356c23a5a229528d2b0501a5eaa2fd13ccf7923f400bee,host-resident policy-required candidate/native tensors through K and record IDs
MEASURED,1392,2,S_ADAPT,20,16,15,5.2355,0.261775,300,171.95357298851013,0413a525608264d6682373cc476d4abe88a2de0eace100120713b830d5fedda3,host-resident policy-required candidate/native tensors through K and record IDs
MEASURED,1393,6,S_ADAPT,80,0,15,16.4813,0.20601625,1200,701.0401302278042,4ab76f46832281826ed7dfc164653efab3397c9a3e0c6fd90fe815b4357b40d6,host-resident policy-required candidate/native tensors through K and record IDs
MEASURED,1394,7,S_ADAPT,20,12,15,3.3014,0.16507,300,192.58604577183723,48bab893476e3db929878747484bcaff543c71f85eaf2cc23839660e08a18c65,host-resident policy-required candidate/native tensors through K and record IDs
MEASURED,1395,5,M11,20,1,15,70.3627,3.518135,300,44.61456836462459,4210b4d344004bb7a46c27c388968bfec906e410bf9be241a2e8a86435098478,host-resident policy-required candidate/native tensors through K and record IDs
MEASURED,1396,2,M11,10,9,15,40.631,4.0631,150,21.002915189186872,5b84dd7c8d19b04fce83a753963756380a4082ef59f9f58d68999cb8457ea874,host-resident policy-required candidate/native tensors through K and record IDs
MEASURED,1397,5,S_ADAPT,10,23,15,3.0472,0.30472,150,98.58994302153587,e70b1b5d90c407258c7b5793a51e4c03652618951f22c17ef94b5a5b59aafed4,host-resident policy-required candidate/native tensors through K and record IDs
MEASURED,1398,8,S_ADAPT,20,18,15,3.2808,0.16404000000000002,300,190.75923946499825,9943bb03a04288346d696a368477d8765dfa5fdc07e97dccb195952aa4a2224b,host-resident policy-required candidate/native tensors through K and record IDs
MEASURED,1399,3,S_ADAPT,40,7,15,7.1806,0.179515,600,372.0247602760792,d09af782d2c3797de2b3c0224992ac9da4f52783d9647b673f18904f78369f7c,host-resident policy-required candidate/native tensors through K and record IDs
MEASURED,1400,4,PS_CLASS_PREFIX,40,2,15,32.2823,0.8070575,600,128.98713551520905,b2ca958d49cd3684194ceb29401cda4f922ccbc792bcfc13c46f0ae8d7a68bc1,host-resident policy-required candidate/native tensors through K and record IDs
MEASURED,1401,1,M11,40,1,15,143.3104,3.5827599999999995,600,100.49787166982753,6e4e6a2228e9ac61dc332c40a82be24c97b7b6c6e7333ea0fc55297c077ec059,host-resident policy-required candidate/native tensors through K and record IDs
MEASURED,1402,7,M11,10,8,15,35.5962,3.5596200000000002,150,22.127255696726607,cc9e1988bfe79fffb3f1974d2c855c5b13cf326cce4ea196f23ab96f0a89ebe7,host-resident policy-required candidate/native tensors through K and record IDs
MEASURED,1403,4,M11,10,14,15,36.138,3.6138,150,30.60993039404241,6c5f6a75152bfb9f0170e1acc8b8db31f2fe6d52fb619fed02d9ec2c066758d4,host-resident policy-required candidate/native tensors through K and record IDs
MEASURED,1404,3,S_ADAPT,40,6,15,7.1277,0.1781925,600,384.2117875814438,0313f50eb82a82acc8ad078ac418b19e4bfe509846ee3194d96f2ddea779d7f3,host-resident policy-required candidate/native tensors through K and record IDs
MEASURED,1405,9,M11,20,8,15,68.2007,3.4100349999999997,300,31.143478747168153,151120f08c6b964450162291b3ddfd65d33a97667c936302f839e2b5b47be5d3,host-resident policy-required candidate/native tensors through K and record IDs
MEASURED,1406,6,M11,10,6,15,40.3151,4.03151,150,18.37964861064765,e782d632d21bac33415573fb9b874ac3f515247f31859f54b82fd7251180a03b,host-resident policy-required candidate/native tensors through K and record IDs
MEASURED,1407,2,M11,80,2,15,306.3646,3.8295575,1200,171.91242156372655,ad35d60f61bce5e6fa58f2019a8594e4a9302c14183036c8feb6e7ec3ed3cc37,host-resident policy-required candidate/native tensors through K and record IDs
MEASURED,1408,6,PS_CLASS_PREFIX,40,6,15,32.0663,0.8016574999999999,600,159.7580929617269,5f6fd6586f9b0860f37bd82438c3c19c2fd75e0050c89d753a155b3895be9b35,host-resident policy-required candidate/native tensors through K and record IDs
MEASURED,1409,1,M11,20,1,15,68.2882,3.41441,300,44.61456836462459,4210b4d344004bb7a46c27c388968bfec906e410bf9be241a2e8a86435098478,host-resident policy-required candidate/native tensors through K and record IDs
MEASURED,1410,6,PS_PREFIX,40,6,15,32.2097,0.8052425,600,152.41315462537847,f1f9906a1162f6a90372952c110937bee2051c00c06c1aebf594b65869538213,host-resident policy-required candidate/native tensors through K and record IDs
MEASURED,1411,9,M11,40,9,15,133.8087,3.3452174999999995,600,109.87011401524518,56e8c7cb8833accc60f092b98c038b8a15197fe9d44b536baff62431b12964dd,host-resident policy-required candidate/native tensors through K and record IDs
MEASURED,1412,8,S_ADAPT,10,27,15,2.1602,0.21602000000000002,150,97.85155525803566,1a1e6282f3ef4e3a6fd0bce80503e0d4f04c69922dfd931ca78b06810a4e63d3,host-resident policy-required candidate/native tensors through K and record IDs
MEASURED,1413,8,S_ADAPT,10,21,15,2.3693,0.23693,150,81.6864028275013,875bc59820bf3ec61007014dfe4dafb1ebfb2b83de7164d930a0d7fdb558ec74,host-resident policy-required candidate/native tensors through K and record IDs
MEASURED,1414,9,S_ADAPT,40,1,15,7.1496,0.17874,600,354.89996725320816,3a46410a671f6e4d4ea84344a22b8e841726860290f274599424313d93b46266,host-resident policy-required candidate/native tensors through K and record IDs
MEASURED,1415,2,M11,20,14,15,67.3168,3.36584,300,68.82805772204135,3bcfe8fa19dfa6b4e1122bd07fcc32801a07e327cfcfea69d85ac563eeccaa49,host-resident policy-required candidate/native tensors through K and record IDs
MEASURED,1416,4,M11,20,13,15,68.9768,3.4488399999999997,300,53.178126871200746,ff4dcc38c41e8d7539b6784f13e3afcf4a171936483bb2b9321ced527e20584c,host-resident policy-required candidate/native tensors through K and record IDs
MEASURED,1417,9,M11,10,38,15,33.0794,3.30794,150,28.265318614095065,9673cc63050c1b0ae539c7b50e56ba3ba36818223218860fade220efb620d3c1,host-resident policy-required candidate/native tensors through K and record IDs
MEASURED,1418,3,S_ADAPT,80,3,15,15.0572,0.188215,1200,756.5127590298653,6dfbebed79a0f8a694da26a367e4a0e19cdb2d3c3bfd7d290d3f9a0d31ab41ef,host-resident policy-required candidate/native tensors through K and record IDs
MEASURED,1419,2,M11,40,0,15,141.921,3.548025,600,87.34628145002588,d2b033b2651ab4e2a1356c23a5a229528d2b0501a5eaa2fd13ccf7923f400bee,host-resident policy-required candidate/native tensors through K and record IDs
MEASURED,1420,8,M11,10,18,15,36.6622,3.66622,150,28.884422180036182,6b09045c74ff643a0867ccfa222cb2189eb4fc2a83b5af5eefafce2eb8fb5e2d,host-resident policy-required candidate/native tensors through K and record IDs
MEASURED,1421,2,S_ADAPT,10,27,15,2.1348,0.21347999999999998,150,97.85155525803566,1a1e6282f3ef4e3a6fd0bce80503e0d4f04c69922dfd931ca78b06810a4e63d3,host-resident policy-required candidate/native tensors through K and record IDs
MEASURED,1422,6,M11,10,37,15,33.223,3.3223,150,25.200298822274767,deaea83359c58caa4e472e646be849000c0f21e7ba8b974893ba3685a64dc97e,host-resident policy-required candidate/native tensors through K and record IDs
MEASURED,1423,1,M11,80,3,15,289.7107,3.6213837499999997,1200,228.94783105296457,339497a7ed63cf23eeb2eecefc387321b05b0cbcdfd8af43db69e6cf43fc2acc,host-resident policy-required candidate/native tensors through K and record IDs
MEASURED,1424,9,M11,20,18,15,68.0944,3.4047199999999997,300,63.8480957782682,177460e68782664a9113a40f86bc409a8c72183e819d65d9c29317a4a93b088f,host-resident policy-required candidate/native tensors through K and record IDs
MEASURED,1425,9,S_ADAPT,10,18,15,2.3236,0.23235999999999998,150,95.13061892986298,09cf0d6f6ed31bc3ba5be231bed1bbd7a3122922452b8e2ef4ec7d96b7da9ae8,host-resident policy-required candidate/native tensors through K and record IDs
MEASURED,1426,2,S_ADAPT,80,0,15,17.3305,0.21663125,1200,701.0401302278042,4ab76f46832281826ed7dfc164653efab3397c9a3e0c6fd90fe815b4357b40d6,host-resident policy-required candidate/native tensors through K and record IDs
MEASURED,1427,4,M11,80,2,15,271.5282,3.3941025000000002,1200,171.91242156372655,ad35d60f61bce5e6fa58f2019a8594e4a9302c14183036c8feb6e7ec3ed3cc37,host-resident policy-required candidate/native tensors through K and record IDs
MEASURED,1428,4,S_ADAPT,10,22,15,2.9964,0.29964,150,88.1693175137043,67e5d17d0da4c747afa8006e9b015272608f2b38ff4544ecabbb55ba6ec9706b,host-resident policy-required candidate/native tensors through K and record IDs
MEASURED,1429,4,PS_PREFIX,40,3,15,31.1441,0.7786025000000001,600,131.29255908504786,87a0ababb25e82e466c40f023339543ad7e7ebac30275b36935e564c1448d58c,host-resident policy-required candidate/native tensors through K and record IDs
MEASURED,1430,5,S_ADAPT,10,17,15,2.2352,0.22352,150,87.33095359802246,d04cb5a522045cf7f3fdc6943edd2c7e9601b850ce308760415590c048ab3f8a,host-resident policy-required candidate/native tensors through K and record IDs
MEASURED,1431,4,S_ADAPT,10,1,15,1.6572,0.16572,150,83.80123445391655,8bc628d7a36ab8f0c4806099c4301fc777a09774d3acbfe40efc3bb881f9c9a4,host-resident policy-required candidate/native tensors through K and record IDs
MEASURED,1432,2,PS_CLASS_PREFIX,40,7,15,33.4369,0.8359225,600,176.6437419761645,c15b3de8b71d84c5d067b10c7a6c8bae032edfb4dc2d9017dead16aa8252896d,host-resident policy-required candidate/native tensors through K and record IDs
MEASURED,1433,3,S_ADAPT,40,2,15,8.0383,0.20095749999999998,600,358.3735456317663,142f28f71921191fd1b7bb187d689ee29367192e6f5e44659cc34cb25b5391c7,host-resident policy-required candidate/native tensors through K and record IDs
MEASURED,1434,9,S_ADAPT,80,0,15,14.9851,0.18731375,1200,701.0401302278042,4ab76f46832281826ed7dfc164653efab3397c9a3e0c6fd90fe815b4357b40d6,host-resident policy-required candidate/native tensors through K and record IDs
MEASURED,1435,5,S_ADAPT,40,5,15,7.6639,0.1915975,600,363.2874115407467,90b5c4759fec413080b0de4942d35e72fdbb168f834d447bfe187be6a6f54823,host-resident policy-required candidate/native tensors through K and record IDs
MEASURED,1436,6,M11,10,1,15,42.161,4.2161,150,15.639920970241969,a6167b0584cd1caf9bbbc3793064ca384bfab11be6cf182c31291d62eb27f0e3,host-resident policy-required candidate/native tensors through K and record IDs
MEASURED,1437,7,PS_CLASS_PREFIX,40,1,15,31.6717,0.7917925,600,147.718336962864,6978bd8f1d2a598c17d613d1481c7368deef06abdb1cb641e79c7953c299c455,host-resident policy-required candidate/native tensors through K and record IDs
MEASURED,1438,9,M11,10,20,15,35.526,3.5526000000000004,150,23.59353941180495,b5af0b17131b0a8c4a65d5344a842ee250a7def2f70cb5ee8100878c44c02a78,host-resident policy-required candidate/native tensors through K and record IDs
MEASURED,1439,0,M11,10,27,15,34.0808,3.4080800000000004,150,25.2038274745462,0caeb4e5021bf8249c421927df9b24f0b78c1a940bda79a80a69d6fef3c0e326,host-resident policy-required candidate/native tensors through K and record IDs
MEASURED,1440,1,S_ADAPT,10,17,15,1.9352,0.19352,150,87.33095359802246,d04cb5a522045cf7f3fdc6943edd2c7e9601b850ce308760415590c048ab3f8a,host-resident policy-required candidate/native tensors through K and record IDs
MEASURED,1441,4,M11,10,9,15,33.9621,3.39621,150,21.002915189186872,5b84dd7c8d19b04fce83a753963756380a4082ef59f9f58d68999cb8457ea874,host-resident policy-required candidate/native tensors through K and record IDs
MEASURED,1442,6,S_ADAPT,40,6,15,8.1084,0.20271,600,384.2117875814438,0313f50eb82a82acc8ad078ac418b19e4bfe509846ee3194d96f2ddea779d7f3,host-resident policy-required candidate/native tensors through K and record IDs
MEASURED,1443,6,M11,10,32,15,35.7101,3.57101,150,17.391825941115158,336871054235ec2f0bd1cf474a3131a9fb3a782e788ce63fa08344b55d14c389,host-resident policy-required candidate/native tensors through K and record IDs
MEASURED,1444,5,S_ADAPT,40,4,15,7.9835,0.1995875,600,357.4904659241438,839a557cee47cb10ab8dc39dcd232a22009debf37251f70b8b4e213ffdf9185d,host-resident policy-required candidate/native tensors through K and record IDs
MEASURED,1445,8,S_ADAPT,10,29,15,1.6807,0.16807,150,94.83080992102623,711ffec6ecc0b071f2ca9a4d9bb3f38fa4c376cd5fd09667a497ba58464dd507,host-resident policy-required candidate/native tensors through K and record IDs
MEASURED,1446,8,M11,20,10,15,67.9914,3.3995699999999998,300,43.12068280381245,e29a101e9ef7200cf9362006b96a03eedb0f7f73034602e3c8ef07bf9e8646fb,host-resident policy-required candidate/native tensors through K and record IDs
MEASURED,1447,2,S_ADAPT,10,31,15,2.0805,0.20804999999999998,150,95.79967814683914,655fb7d71f962b6f3d3f0279e5b0bd759a8785e22dfab91cec663110035b2db3,host-resident policy-required candidate/native tensors through K and record IDs
MEASURED,1448,2,M11,10,6,15,37.7658,3.77658,150,18.37964861064765,e782d632d21bac33415573fb9b874ac3f515247f31859f54b82fd7251180a03b,host-resident policy-required candidate/native tensors through K and record IDs
MEASURED,1449,0,M11,10,38,15,42.264,4.2264,150,28.265318614095065,9673cc63050c1b0ae539c7b50e56ba3ba36818223218860fade220efb620d3c1,host-resident policy-required candidate/native tensors through K and record IDs
MEASURED,1450,6,S_ADAPT,10,10,15,2.1086,0.21086,150,88.72464840114117,49438080232f14f8b2735d564a569fa52fd94f8e0227e6c57f483a5348c833b9,host-resident policy-required candidate/native tensors through K and record IDs
MEASURED,1451,1,M11,10,24,15,42.9709,4.29709,150,26.90031331005837,840b6ecb1f98ef107299ec3e02788e95c51d6c5a68a1e9b9952b1f724a335d2d,host-resident policy-required candidate/native tensors through K and record IDs
MEASURED,1452,7,PS_CLASS_PREFIX,40,0,15,32.4616,0.8115399999999999,600,130.16938011948838,fb34c668d01a0e0b5ea00b52268a4ecf9c97d79e0b5564c1d3625af190a46e89,host-resident policy-required candidate/native tensors through K and record IDs
MEASURED,1453,7,S_ADAPT,10,1,15,2.2141,0.22141000000000002,150,83.80123445391655,8bc628d7a36ab8f0c4806099c4301fc777a09774d3acbfe40efc3bb881f9c9a4,host-resident policy-required candidate/native tensors through K and record IDs
MEASURED,1454,6,S_ADAPT,20,12,15,5.1361,0.256805,300,192.58604577183723,48bab893476e3db929878747484bcaff543c71f85eaf2cc23839660e08a18c65,host-resident policy-required candidate/native tensors through K and record IDs
MEASURED,1455,8,PS_CLASS_PREFIX,40,5,15,33.3201,0.8330024999999999,600,138.6275444463038,fb8bb5bb515a229c7594a7e9d62736d457014c2c8f1e5e9d28b58c8284dc82c5,host-resident policy-required candidate/native tensors through K and record IDs
MEASURED,1456,7,M11,20,11,15,68.9504,3.44752,300,48.030932008467296,30b4e5de0fbb7e2aa340e0bdb3135519b2790229e464db84e7a9c18a7a66fee0,host-resident policy-required candidate/native tensors through K and record IDs
MEASURED,1457,1,S_ADAPT,10,32,15,2.858,0.2858,150,84.3570699095726,bc2705adeadcf53617255a515770baf78df23bbdf3f7a1926b475e5a3b9a315e,host-resident policy-required candidate/native tensors through K and record IDs
MEASURED,1458,8,M11,10,22,15,34.6852,3.4685200000000003,150,22.510549877284102,684fe63a8dc55a378348673b549861303072bd32e45dfe9eb5e5551b7e56d6fa,host-resident policy-required candidate/native tensors through K and record IDs
MEASURED,1459,8,M11,40,4,15,142.9927,3.5748175000000004,600,80.25632750905966,e4ac157065f3c4fc5922b7d6cf89648e75dde751385fff9e54a17c3b85ace92f,host-resident policy-required candidate/native tensors through K and record IDs
MEASURED,1460,8,M11,80,3,15,272.7421,3.40927625,1200,228.94783105296457,339497a7ed63cf23eeb2eecefc387321b05b0cbcdfd8af43db69e6cf43fc2acc,host-resident policy-required candidate/native tensors through K and record IDs
MEASURED,1461,5,M11,20,13,15,78.3749,3.918745,300,53.178126871200746,ff4dcc38c41e8d7539b6784f13e3afcf4a171936483bb2b9321ced527e20584c,host-resident policy-required candidate/native tensors through K and record IDs
MEASURED,1462,7,M11,20,17,15,65.3302,3.2665100000000002,300,66.64971844791594,acdacd51340f2fb4953ed00ec1990916249d11b97e105be63ff9749f6f4b3505,host-resident policy-required candidate/native tensors through K and record IDs
MEASURED,1463,4,S_ADAPT,40,2,15,8.1113,0.2027825,600,358.3735456317663,142f28f71921191fd1b7bb187d689ee29367192e6f5e44659cc34cb25b5391c7,host-resident policy-required candidate/native tensors through K and record IDs
MEASURED,1464,0,S_ADAPT,10,34,15,2.0324,0.20324,150,101.2994676232338,a2decff81d1f05fe6ccbf288846acff87effb7ff9c928e2eb7051f8c9a8d381b,host-resident policy-required candidate/native tensors through K and record IDs
MEASURED,1465,2,M11,40,3,15,360.2853,9.0071325,600,88.36887740387849,de99531c6de724e825e84d3b4ae99eaffd24c1e2ddbe27745a0ed41e164afe39,host-resident policy-required candidate/native tensors through K and record IDs
MEASURED,1466,2,S_ADAPT,40,3,15,8.9977,0.2249425,600,361.8156100809574,0542c6bf14ccb68f678573ad0458bd5e3bb5998b0478644ed2a56fb2585c5696,host-resident policy-required candidate/native tensors through K and record IDs
MEASURED,1467,9,S_ADAPT,40,4,15,7.6086,0.190215,600,357.4904659241438,839a557cee47cb10ab8dc39dcd232a22009debf37251f70b8b4e213ffdf9185d,host-resident policy-required candidate/native tensors through K and record IDs
MEASURED,1468,5,S_ADAPT,20,8,15,3.0317,0.151585,300,172.9979220032692,2fab67c83ab727498aedc2ef30f4b85db6eebf39cbeca91683e5a78d43b9788a,host-resident policy-required candidate/native tensors through K and record IDs
MEASURED,1469,0,S_ADAPT,10,10,15,2.5981,0.25981,150,88.72464840114117,49438080232f14f8b2735d564a569fa52fd94f8e0227e6c57f483a5348c833b9,host-resident policy-required candidate/native tensors through K and record IDs
MEASURED,1470,5,M11,40,9,15,135.4881,3.3872025,600,109.87011401524518,56e8c7cb8833accc60f092b98c038b8a15197fe9d44b536baff62431b12964dd,host-resident policy-required candidate/native tensors through K and record IDs
MEASURED,1471,0,M11,10,14,15,35.1405,3.51405,150,30.60993039404241,6c5f6a75152bfb9f0170e1acc8b8db31f2fe6d52fb619fed02d9ec2c066758d4,host-resident policy-required candidate/native tensors through K and record IDs
MEASURED,1472,8,S_ADAPT,10,39,15,2.0904,0.20903999999999998,150,83.38847097754478,1fdfbc3f7c03a51916c4e0be4f545737b48709e6cd1d426598dd0b6a4e30fbee,host-resident policy-required candidate/native tensors through K and record IDs
MEASURED,1473,8,M11,10,10,15,34.0297,3.40297,150,18.677026160888396,2af321c74952d8d9a818e142361b7076f7a8f0e2e81ceeb05414f8ed7e3ff119,host-resident policy-required candidate/native tensors through K and record IDs
MEASURED,1474,1,S_ADAPT,20,15,15,4.63,0.23149999999999998,300,182.23617509007454,d344c6a46bef99197b349ab1040136022cdf9cb3e6e992c2c89395647e42953a,host-resident policy-required candidate/native tensors through K and record IDs
MEASURED,1475,3,S_ADAPT,10,0,15,1.6806,0.16806000000000001,150,92.10543185472488,2aa0f1eeb0f2d36847ce9525f8c79ab3b92338ac0994c9f6a39d54cf6bb74a2f,host-resident policy-required candidate/native tensors through K and record IDs
MEASURED,1476,7,M11,10,32,15,36.3398,3.6339799999999998,150,17.391825941115158,336871054235ec2f0bd1cf474a3131a9fb3a782e788ce63fa08344b55d14c389,host-resident policy-required candidate/native tensors through K and record IDs
MEASURED,1477,4,S_ADAPT,20,4,15,5.5721,0.278605,300,184.21708604693413,430008d6ef03aa66aa7e0de7f35a73f2a09d2f61f249888e63b53386e5716eab,host-resident policy-required candidate/native tensors through K and record IDs
MEASURED,1478,6,M11,10,23,15,48.4456,4.8445599999999995,150,25.159577238042274,7f95fa52bca5e4d832e97038174784b0046e55c31098cc28f7853b05f41882fd,host-resident policy-required candidate/native tensors through K and record IDs
MEASURED,1479,2,M11,10,8,15,40.9983,4.09983,150,22.127255696726607,cc9e1988bfe79fffb3f1974d2c855c5b13cf326cce4ea196f23ab96f0a89ebe7,host-resident policy-required candidate/native tensors through K and record IDs
MEASURED,1480,8,S_ADAPT,10,38,15,2.7814,0.27814,150,97.42280113697052,2b1c6e7d1e7df106ede63ec54a94a31e4b59e2fce88d1d629b8ab51f4238e3c2,host-resident policy-required candidate/native tensors through K and record IDs
MEASURED,1481,7,M11,20,12,15,77.7493,3.887465,300,53.20920175924987,fc2b11494f5d308c555d74b8c042864556e5f08f6c021d668b458f9b2a540852,host-resident policy-required candidate/native tensors through K and record IDs
MEASURED,1482,6,M11,80,0,15,321.0863,4.01357875,1200,187.87149430956404,5902a78f16de7b059296d80accff62a2f3e6a7a57f0be117f6c5cda44bc7e73d,host-resident policy-required candidate/native tensors through K and record IDs
MEASURED,1483,1,S_ADAPT,10,25,15,2.7414,0.27414,150,95.17271280288696,0a55948be63cad5aa065bd07c7aaf05bd2b2a1b3b6142d4f6f72d042d2f37161,host-resident policy-required candidate/native tensors through K and record IDs
MEASURED,1484,6,M11,10,29,15,37.5562,3.7556199999999995,150,42.83630087325895,d50043c0b6789280419e9a882b3f06cc1a5b03bac66ffa827173d190d6efe7c9,host-resident policy-required candidate/native tensors through K and record IDs
MEASURED,1485,5,M11,10,31,15,36.4232,3.6423200000000002,150,28.14959604739981,1ef01f7403c93b775001f6bc6a3ecf53c99eb6a4b371221e89d0a6537bc7e1aa,host-resident policy-required candidate/native tensors through K and record IDs
MEASURED,1486,6,S_ADAPT,20,9,15,4.2863,0.21431499999999998,300,184.12518568336964,6a56a490b378b3af837b1902ab36aca64d6fe43b2555ebb6de5e52ce7799b1e9,host-resident policy-required candidate/native tensors through K and record IDs
MEASURED,1487,6,M11,20,8,15,64.6114,3.23057,300,31.143478747168153,151120f08c6b964450162291b3ddfd65d33a97667c936302f839e2b5b47be5d3,host-resident policy-required candidate/native tensors through K and record IDs
MEASURED,1488,1,M11,10,20,15,40.0521,4.00521,150,23.59353941180495,b5af0b17131b0a8c4a65d5344a842ee250a7def2f70cb5ee8100878c44c02a78,host-resident policy-required candidate/native tensors through K and record IDs
MEASURED,1489,3,S_ADAPT,10,6,15,2.587,0.25870000000000004,150,83.11101797223091,14b6ffadf087eadf9248842fafc1e2b3639e9d941f92d44e2f0f8f4a6667ceed,host-resident policy-required candidate/native tensors through K and record IDs
MEASURED,1490,2,S_ADAPT,40,1,15,10.4683,0.2617075,600,354.89996725320816,3a46410a671f6e4d4ea84344a22b8e841726860290f274599424313d93b46266,host-resident policy-required candidate/native tensors through K and record IDs
MEASURED,1491,8,PS_PREFIX,40,4,15,30.0705,0.7517625,600,121.89298869800506,8a9d6c5f76391e5232fb3022e83d2ed562562b06350087da08cad75771128dfa,host-resident policy-required candidate/native tensors through K and record IDs
MEASURED,1492,9,M11,10,26,15,34.5993,3.45993,150,27.82774520154011,bb4d494f2f873377cb569d3a2c86aac6ed77739f96b9c02195fdabab7f78f2ed,host-resident policy-required candidate/native tensors through K and record IDs
MEASURED,1493,2,S_ADAPT,10,16,15,2.163,0.2163,150,85.57529371976852,ec6e6a2e64d42902a7fd24471a752df9a30fdc1be95dce1e7b1b47964581c884,host-resident policy-required candidate/native tensors through K and record IDs
MEASURED,1494,4,PS_CLASS_PREFIX,40,3,15,31.9972,0.79993,600,134.09956403258127,cd8b1fc30473b536e0a51170e86da6ea1bf952271ba4f251822a17d8e610bffa,host-resident policy-required candidate/native tensors through K and record IDs
MEASURED,1495,0,M11,20,13,15,67.0455,3.352275,300,53.178126871200746,ff4dcc38c41e8d7539b6784f13e3afcf4a171936483bb2b9321ced527e20584c,host-resident policy-required candidate/native tensors through K and record IDs
MEASURED,1496,4,PS_PREFIX,40,9,15,31.3277,0.7831925,600,133.1650085915075,35f7be185c894adaa6e579294f29804eaf169d3b0333feed6f9a56fb10c778ae,host-resident policy-required candidate/native tensors through K and record IDs
MEASURED,1497,2,S_ADAPT,10,5,15,4.068,0.40679999999999994,150,92.62096610665321,d245526c08e8aa5cfced919e1b2b4676365c3ab1ad70344336368af9a3448d94,host-resident policy-required candidate/native tensors through K and record IDs
MEASURED,1498,5,PS_CLASS_PREFIX,40,9,15,31.4715,0.7867875,600,158.93148233881382,9c1b4b32ae3e9a3dd1ced8b0edf0ea16ead468391bb51074beedb146b5a2a19b,host-resident policy-required candidate/native tensors through K and record IDs
MEASURED,1499,8,M11,40,0,15,130.9207,3.2730175000000004,600,87.34628145002588,d2b033b2651ab4e2a1356c23a5a229528d2b0501a5eaa2fd13ccf7923f400bee,host-resident policy-required candidate/native tensors through K and record IDs
MEASURED,1500,3,M11,10,32,15,32.794,3.2794,150,17.391825941115158,336871054235ec2f0bd1cf474a3131a9fb3a782e788ce63fa08344b55d14c389,host-resident policy-required candidate/native tensors through K and record IDs
MEASURED,1501,2,S_ADAPT,10,1,15,2.5096,0.25095999999999996,150,83.80123445391655,8bc628d7a36ab8f0c4806099c4301fc777a09774d3acbfe40efc3bb881f9c9a4,host-resident policy-required candidate/native tensors through K and record IDs
MEASURED,1502,1,S_ADAPT,10,20,15,2.1138,0.21137999999999998,150,93.08136415481567,108a6c663b0c87bbd5255eaa83503463deca0bfa81262151a6ea8c0c7a10f4b4,host-resident policy-required candidate/native tensors through K and record IDs
MEASURED,1503,7,S_ADAPT,80,2,15,15.425,0.1928125,1200,720.778280749917,b987d499ad0fb1807a37a30eed7d082aa7a06a805ebbdc1c5b25ca627e771b8a,host-resident policy-required candidate/native tensors through K and record IDs
MEASURED,1504,3,M11,80,4,15,273.4518,3.4181475,1200,211.7179591258768,5dff99880db7d9ae9e42e5c2adbbcf9c3a386f1b632546541898311bc611a587,host-resident policy-required candidate/native tensors through K and record IDs
MEASURED,1505,3,PS_PREFIX,40,2,15,32.5503,0.8137575,600,121.97137202956543,439b1b51601a6b056353aac980b410cbc77e6ca140f546e33f0f6cfde9983171,host-resident policy-required candidate/native tensors through K and record IDs
MEASURED,1506,0,M11,20,19,15,66.4114,3.32057,300,45.50804985058315,af83fba9a5dfaeb4f7f97625e7c9081e54f26d09bb75b8de1a1a566ddda26e4e,host-resident policy-required candidate/native tensors through K and record IDs
MEASURED,1507,8,PS_CLASS_PREFIX,40,2,15,32.9963,0.8249074999999999,600,128.98713551520905,b2ca958d49cd3684194ceb29401cda4f922ccbc792bcfc13c46f0ae8d7a68bc1,host-resident policy-required candidate/native tensors through K and record IDs
MEASURED,1508,1,M11,20,4,15,66.2474,3.31237,300,43.35089701642879,353a00406c0aff04f58d483f9a350e5df74e43b0c43b000ebea4f8295db24f5c,host-resident policy-required candidate/native tensors through K and record IDs
MEASURED,1509,4,S_ADAPT,10,27,15,2.1825,0.21825,150,97.85155525803566,1a1e6282f3ef4e3a6fd0bce80503e0d4f04c69922dfd931ca78b06810a4e63d3,host-resident policy-required candidate/native tensors through K and record IDs
MEASURED,1510,2,S_ADAPT,20,1,15,5.3052,0.26526,300,169.44759967923164,328992b110282c5d5fbb1025e516d36544d129a0e4d3365e777e272e61aa0ee2,host-resident policy-required candidate/native tensors through K and record IDs
MEASURED,1511,6,S_ADAPT,10,23,15,1.623,0.1623,150,98.58994302153587,e70b1b5d90c407258c7b5793a51e4c03652618951f22c17ef94b5a5b59aafed4,host-resident policy-required candidate/native tensors through K and record IDs
MEASURED,1512,3,M11,40,4,15,138.3443,3.4586075000000003,600,80.25632750905966,e4ac157065f3c4fc5922b7d6cf89648e75dde751385fff9e54a17c3b85ace92f,host-resident policy-required candidate/native tensors through K and record IDs
MEASURED,1513,3,M11,20,10,15,69.9608,3.4980400000000005,300,43.12068280381245,e29a101e9ef7200cf9362006b96a03eedb0f7f73034602e3c8ef07bf9e8646fb,host-resident policy-required candidate/native tensors through K and record IDs
MEASURED,1514,9,M11,20,6,15,67.3529,3.3676450000000004,300,35.36299226184275,e01c56ec0c33cc9ea8008198bcdd7ea144c37125ac1f4ebf501d8af3e65fc8f6,host-resident policy-required candidate/native tensors through K and record IDs
MEASURED,1515,2,M11,10,38,15,34.0461,3.4046100000000004,150,28.265318614095065,9673cc63050c1b0ae539c7b50e56ba3ba36818223218860fade220efb620d3c1,host-resident policy-required candidate/native tensors through K and record IDs
MEASURED,1516,5,M11,40,5,15,133.7508,3.34377,600,91.57735939191721,ee75096d5e0dcb12073b4cc3f52f113a9985e4bc1c6088eebd419d39697f3ef3,host-resident policy-required candidate/native tensors through K and record IDs
MEASURED,1517,7,M11,80,1,15,293.7135,3.67141875,1200,165.54806241090245,cdf3874635e25030f79900c3af192298261eb99ea545dd29943346d76f0e9fb0,host-resident policy-required candidate/native tensors through K and record IDs
MEASURED,1518,6,S_ADAPT,10,25,15,3.3397,0.33397,150,95.17271280288696,0a55948be63cad5aa065bd07c7aaf05bd2b2a1b3b6142d4f6f72d042d2f37161,host-resident policy-required candidate/native tensors through K and record IDs
MEASURED,1519,3,M11,20,15,15,67.5869,3.379345,300,53.62015403258539,f5464293150367869b010c8dc25054fcae519165125d05f918ad8aad9757d84f,host-resident policy-required candidate/native tensors through K and record IDs
MEASURED,1520,3,PS_PREFIX,40,1,15,31.6846,0.792115,600,127.26903411831033,d283dab96a20f1aa11d8b1b2087f6ccb545114ca40ca1c3b3e848dc90f7ecbf1,host-resident policy-required candidate/native tensors through K and record IDs
MEASURED,1521,5,M11,10,10,15,38.1683,3.8168300000000004,150,18.677026160888396,2af321c74952d8d9a818e142361b7076f7a8f0e2e81ceeb05414f8ed7e3ff119,host-resident policy-required candidate/native tensors through K and record IDs
MEASURED,1522,3,S_ADAPT,10,12,15,2.7927,0.27927,150,79.4385441839695,4cb9ade8a1ecd791cdfc3edd448f61f4357c2f8a09b37a3e695eb7276780f692,host-resident policy-required candidate/native tensors through K and record IDs
MEASURED,1523,7,S_ADAPT,10,8,15,1.8432,0.18431999999999998,150,90.46123763918877,fb4c6c44caeed443a70ed505a1fe6c3bee24c6999793d9971a050e8b90be88a7,host-resident policy-required candidate/native tensors through K and record IDs
MEASURED,1524,8,M11,10,8,15,36.8779,3.6877899999999997,150,22.127255696726607,cc9e1988bfe79fffb3f1974d2c855c5b13cf326cce4ea196f23ab96f0a89ebe7,host-resident policy-required candidate/native tensors through K and record IDs
MEASURED,1525,9,S_ADAPT,10,33,15,2.6487,0.26487,150,87.52090319991112,f2796b356f074f2c333c7c58546a275ba31e8861209d146c6cbb7890e215e668,host-resident policy-required candidate/native tensors through K and record IDs
MEASURED,1526,9,M11,10,32,15,39.2844,3.9284399999999997,150,17.391825941115158,336871054235ec2f0bd1cf474a3131a9fb3a782e788ce63fa08344b55d14c389,host-resident policy-required candidate/native tensors through K and record IDs
MEASURED,1527,9,M11,10,0,15,41.6471,4.16471,150,26.568549553934723,f18086c6e46f391d4ac1957764deeae035db13225b77a1c26eb1a9e259e9bc61,host-resident policy-required candidate/native tensors through K and record IDs
MEASURED,1528,5,PS_PREFIX,40,8,15,32.0075,0.8001875,600,129.68647219222416,a6a66af3ea97b2c8385b6847341925a67a22ad2aab7be69be6e1dfb9742c1d65,host-resident policy-required candidate/native tensors through K and record IDs
MEASURED,1529,6,M11,10,35,15,38.7913,3.87913,150,28.652045915812113,2a04a68c47a5e28608456e69f8c9870a90b4685af49dc55310e088d1062c5b09,host-resident policy-required candidate/native tensors through K and record IDs
MEASURED,1530,3,S_ADAPT,10,24,15,2.1009,0.21009000000000003,150,97.39093405008316,337a47697cc51c376e7d9faa5a9c174a2594f4732406a21a68c1b42c17f6031c,host-resident policy-required candidate/native tensors through K and record IDs
MEASURED,1531,8,M11,10,13,15,33.8133,3.3813299999999997,150,18.77830546905996,3cffb82fbb7a71e4bcff38362191ff0e467038e201f4bdcfde9bd20fe304c492,host-resident policy-required candidate/native tensors through K and record IDs
MEASURED,1532,4,M11,10,17,15,35.4155,3.54155,150,15.97911248749644,b5d08ae7215ad282017a53870c0a0ecf27776ba497ca05ad0af3d13eb1e6d630,host-resident policy-required candidate/native tensors through K and record IDs
MEASURED,1533,2,M11,20,18,15,72.3181,3.615905,300,63.8480957782682,177460e68782664a9113a40f86bc409a8c72183e819d65d9c29317a4a93b088f,host-resident policy-required candidate/native tensors through K and record IDs
MEASURED,1534,8,PS_PREFIX,40,8,15,31.9065,0.7976625,600,129.68647219222416,a6a66af3ea97b2c8385b6847341925a67a22ad2aab7be69be6e1dfb9742c1d65,host-resident policy-required candidate/native tensors through K and record IDs
MEASURED,1535,0,S_ADAPT,80,2,15,16.0006,0.20000749999999998,1200,720.778280749917,b987d499ad0fb1807a37a30eed7d082aa7a06a805ebbdc1c5b25ca627e771b8a,host-resident policy-required candidate/native tensors through K and record IDs
MEASURED,1536,6,M11,10,13,15,39.8556,3.9855600000000004,150,18.77830546905996,3cffb82fbb7a71e4bcff38362191ff0e467038e201f4bdcfde9bd20fe304c492,host-resident policy-required candidate/native tensors through K and record IDs
MEASURED,1537,6,M11,10,5,15,37.9105,3.79105,150,31.88735032834503,f2b3d70fd6e63900033ac2a37fd9bc3665884f98bfc906e82fcf64a07e53ffd3,host-resident policy-required candidate/native tensors through K and record IDs
MEASURED,1538,0,M11,10,6,15,35.2062,3.52062,150,18.37964861064765,e782d632d21bac33415573fb9b874ac3f515247f31859f54b82fd7251180a03b,host-resident policy-required candidate/native tensors through K and record IDs
MEASURED,1539,1,M11,10,34,15,33.8654,3.38654,150,37.68158938848324,1432c6a8ae05a6c57bd4c6c2c5c2c676dea5f122f3f2adff4028e7bcd4ceb0fe,host-resident policy-required candidate/native tensors through K and record IDs
MEASURED,1540,5,S_ADAPT,20,3,15,4.1961,0.20980500000000002,300,175.83587780594826,b7add291b958040013d1c54ecf1e1b5d35142f07e98e1133aab357ab95fc6afb,host-resident policy-required candidate/native tensors through K and record IDs
MEASURED,1541,5,S_ADAPT,10,31,15,1.8937,0.18936999999999998,150,95.79967814683914,655fb7d71f962b6f3d3f0279e5b0bd759a8785e22dfab91cec663110035b2db3,host-resident policy-required candidate/native tensors through K and record IDs
MEASURED,1542,0,S_ADAPT,40,8,15,7.5573,0.1889325,600,369.87653109431267,a2ecc8c23245d80af28aa6d62c6d46a9074a0b5173b1f84cc1a938bdf354241f,host-resident policy-required candidate/native tensors through K and record IDs
MEASURED,1543,6,S_ADAPT,20,2,15,3.2497,0.162485,300,178.80011892318726,6d9920a2c5ea2c44ab4f431f69437653c4c9fa5d2301d366d1bd9b3806718a2e,host-resident policy-required candidate/native tensors through K and record IDs
MEASURED,1544,4,M11,10,18,15,35.0473,3.50473,150,28.884422180036182,6b09045c74ff643a0867ccfa222cb2189eb4fc2a83b5af5eefafce2eb8fb5e2d,host-resident policy-required candidate/native tensors through K and record IDs
MEASURED,1545,0,S_ADAPT,10,27,15,2.3011,0.23010999999999998,150,97.85155525803566,1a1e6282f3ef4e3a6fd0bce80503e0d4f04c69922dfd931ca78b06810a4e63d3,host-resident policy-required candidate/native tensors through K and record IDs
MEASURED,1546,9,S_ADAPT,20,8,15,3.2183,0.160915,300,172.9979220032692,2fab67c83ab727498aedc2ef30f4b85db6eebf39cbeca91683e5a78d43b9788a,host-resident policy-required candidate/native tensors through K and record IDs
MEASURED,1547,0,S_ADAPT,10,39,15,1.7489,0.17489,150,83.38847097754478,1fdfbc3f7c03a51916c4e0be4f545737b48709e6cd1d426598dd0b6a4e30fbee,host-resident policy-required candidate/native tensors through K and record IDs
MEASURED,1548,5,M11,10,29,15,35.6072,3.56072,150,42.83630087325895,d50043c0b6789280419e9a882b3f06cc1a5b03bac66ffa827173d190d6efe7c9,host-resident policy-required candidate/native tensors through K and record IDs
MEASURED,1549,3,S_ADAPT,10,35,15,1.953,0.1953,150,93.84776049852371,259456af28301e8722bffceba754a1eb49470e7c8d46e6da1e28b8ed1019e283,host-resident policy-required candidate/native tensors through K and record IDs
MEASURED,1550,5,S_ADAPT,10,1,15,1.6056,0.16055999999999998,150,83.80123445391655,8bc628d7a36ab8f0c4806099c4301fc777a09774d3acbfe40efc3bb881f9c9a4,host-resident policy-required candidate/native tensors through K and record IDs
MEASURED,1551,3,S_ADAPT,10,33,15,1.6969,0.16969,150,87.52090319991112,f2796b356f074f2c333c7c58546a275ba31e8861209d146c6cbb7890e215e668,host-resident policy-required candidate/native tensors through K and record IDs
MEASURED,1552,6,M11,10,20,15,33.2926,3.32926,150,23.59353941180495,b5af0b17131b0a8c4a65d5344a842ee250a7def2f70cb5ee8100878c44c02a78,host-resident policy-required candidate/native tensors through K and record IDs
MEASURED,1553,1,M11,10,6,15,36.3438,3.63438,150,18.37964861064765,e782d632d21bac33415573fb9b874ac3f515247f31859f54b82fd7251180a03b,host-resident policy-required candidate/native tensors through K and record IDs
MEASURED,1554,3,PS_CLASS_PREFIX,40,2,15,31.6393,0.7909824999999999,600,128.98713551520905,b2ca958d49cd3684194ceb29401cda4f922ccbc792bcfc13c46f0ae8d7a68bc1,host-resident policy-required candidate/native tensors through K and record IDs
MEASURED,1555,4,M11,10,34,15,40.2861,4.02861,150,37.68158938848324,1432c6a8ae05a6c57bd4c6c2c5c2c676dea5f122f3f2adff4028e7bcd4ceb0fe,host-resident policy-required candidate/native tensors through K and record IDs
MEASURED,1556,1,S_ADAPT,20,2,15,4.1118,0.20559,300,178.80011892318726,6d9920a2c5ea2c44ab4f431f69437653c4c9fa5d2301d366d1bd9b3806718a2e,host-resident policy-required candidate/native tensors through K and record IDs
MEASURED,1557,7,M11,10,11,15,35.4301,3.54301,150,14.111305804048172,c555e624ad62a39791fb76a5dae738f0c691be039982b2f3936f7d63ebbf145c,host-resident policy-required candidate/native tensors through K and record IDs
MEASURED,1558,9,S_ADAPT,40,9,15,7.9577,0.1989425,600,372.1882814466953,87e13397e7745cd8f91fd45ba560910bf9f6a685e50c45ab9e513195986b0251,host-resident policy-required candidate/native tensors through K and record IDs
MEASURED,1559,0,S_ADAPT,40,1,15,7.5442,0.188605,600,354.89996725320816,3a46410a671f6e4d4ea84344a22b8e841726860290f274599424313d93b46266,host-resident policy-required candidate/native tensors through K and record IDs
MEASURED,1560,8,M11,40,7,15,145.4247,3.6356175,600,122.55891236166077,8852e1ab47e649c5cde968f8336074564feee1c3c32a859e528486249f98ce75,host-resident policy-required candidate/native tensors through K and record IDs
MEASURED,1561,9,S_ADAPT,20,4,15,4.6192,0.23096,300,184.21708604693413,430008d6ef03aa66aa7e0de7f35a73f2a09d2f61f249888e63b53386e5716eab,host-resident policy-required candidate/native tensors through K and record IDs
MEASURED,1562,4,M11,10,31,15,34.7222,3.47222,150,28.14959604739981,1ef01f7403c93b775001f6bc6a3ecf53c99eb6a4b371221e89d0a6537bc7e1aa,host-resident policy-required candidate/native tensors through K and record IDs
MEASURED,1563,0,S_ADAPT,10,15,15,2.1595,0.21595,150,92.52730506658554,eada6c593e7b2e1fee5a54484ede13c4fcdde041c72543e99653f15d857ba527,host-resident policy-required candidate/native tensors through K and record IDs
MEASURED,1564,8,M11,20,19,15,67.2661,3.3633049999999995,300,45.50804985058315,af83fba9a5dfaeb4f7f97625e7c9081e54f26d09bb75b8de1a1a566ddda26e4e,host-resident policy-required candidate/native tensors through K and record IDs
MEASURED,1565,8,M11,10,14,15,36.1298,3.6129800000000003,150,30.60993039404241,6c5f6a75152bfb9f0170e1acc8b8db31f2fe6d52fb619fed02d9ec2c066758d4,host-resident policy-required candidate/native tensors through K and record IDs
MEASURED,1566,5,M11,10,6,15,36.7226,3.67226,150,18.37964861064765,e782d632d21bac33415573fb9b874ac3f515247f31859f54b82fd7251180a03b,host-resident policy-required candidate/native tensors through K and record IDs
MEASURED,1567,9,S_ADAPT,10,37,15,1.9742,0.19741999999999998,150,89.95280921459198,61f50d47496545d626d09b1cee5cf90bcfa80d32f018a81163d1362d5c153ccb,host-resident policy-required candidate/native tensors through K and record IDs
MEASURED,1568,5,S_ADAPT,10,35,15,1.6272,0.16272,150,93.84776049852371,259456af28301e8722bffceba754a1eb49470e7c8d46e6da1e28b8ed1019e283,host-resident policy-required candidate/native tensors through K and record IDs
MEASURED,1569,3,PS_PREFIX,40,3,15,31.6631,0.7915775,600,131.29255908504786,87a0ababb25e82e466c40f023339543ad7e7ebac30275b36935e564c1448d58c,host-resident policy-required candidate/native tensors through K and record IDs
MEASURED,1570,4,S_ADAPT,80,0,15,17.12,0.21400000000000002,1200,701.0401302278042,4ab76f46832281826ed7dfc164653efab3397c9a3e0c6fd90fe815b4357b40d6,host-resident policy-required candidate/native tensors through K and record IDs
MEASURED,1571,8,S_ADAPT,20,14,15,4.7206,0.23603000000000002,300,189.7540007531643,c0c17c77770c250341d765918dc25fd9f2f39d508f7f29ec190f561e0c1ad927,host-resident policy-required candidate/native tensors through K and record IDs
MEASURED,1572,7,S_ADAPT,20,17,15,3.4187,0.170935,300,195.57238599658012,7cd2892d08457192509e1696c92ee1692349435e769761b391070a4bca3b2876,host-resident policy-required candidate/native tensors through K and record IDs
MEASURED,1573,2,M11,10,5,15,40.6958,4.06958,150,31.88735032834503,f2b3d70fd6e63900033ac2a37fd9bc3665884f98bfc906e82fcf64a07e53ffd3,host-resident policy-required candidate/native tensors through K and record IDs
MEASURED,1574,2,M11,40,7,15,135.2046,3.380115,600,122.55891236166077,8852e1ab47e649c5cde968f8336074564feee1c3c32a859e528486249f98ce75,host-resident policy-required candidate/native tensors through K and record IDs
MEASURED,1575,4,M11,20,7,15,69.1004,3.4550199999999998,300,52.487763568033394,35592b264e37d6c83f19e03b8edf2d92bf9bfdc9a912a72212c624b6de8aae9b,host-resident policy-required candidate/native tensors through K and record IDs
MEASURED,1576,4,PS_CLASS_PREFIX,40,9,15,31.0091,0.7752275,600,158.93148233881382,9c1b4b32ae3e9a3dd1ced8b0edf0ea16ead468391bb51074beedb146b5a2a19b,host-resident policy-required candidate/native tensors through K and record IDs
MEASURED,1577,2,M11,20,10,15,71.681,3.58405,300,43.12068280381245,e29a101e9ef7200cf9362006b96a03eedb0f7f73034602e3c8ef07bf9e8646fb,host-resident policy-required candidate/native tensors through K and record IDs
MEASURED,1578,5,S_ADAPT,20,9,15,4.7101,0.235505,300,184.12518568336964,6a56a490b378b3af837b1902ab36aca64d6fe43b2555ebb6de5e52ce7799b1e9,host-resident policy-required candidate/native tensors through K and record IDs
MEASURED,1579,0,M11,10,17,15,46.9194,4.691940000000001,150,15.97911248749644,b5d08ae7215ad282017a53870c0a0ecf27776ba497ca05ad0af3d13eb1e6d630,host-resident policy-required candidate/native tensors through K and record IDs
MEASURED,1580,1,S_ADAPT,20,17,15,3.5981,0.179905,300,195.57238599658012,7cd2892d08457192509e1696c92ee1692349435e769761b391070a4bca3b2876,host-resident policy-required candidate/native tensors through K and record IDs
MEASURED,1581,6,S_ADAPT,20,4,15,4.2126,0.21063,300,184.21708604693413,430008d6ef03aa66aa7e0de7f35a73f2a09d2f61f249888e63b53386e5716eab,host-resident policy-required candidate/native tensors through K and record IDs
MEASURED,1582,4,S_ADAPT,10,6,15,1.5936,0.15936,150,83.11101797223091,14b6ffadf087eadf9248842fafc1e2b3639e9d941f92d44e2f0f8f4a6667ceed,host-resident policy-required candidate/native tensors through K and record IDs
MEASURED,1583,4,M11,10,8,15,34.1305,3.4130499999999997,150,22.127255696726607,cc9e1988bfe79fffb3f1974d2c855c5b13cf326cce4ea196f23ab96f0a89ebe7,host-resident policy-required candidate/native tensors through K and record IDs
MEASURED,1584,5,M11,10,16,15,38.0438,3.8043799999999997,150,15.143859907201344,85c31ff8562865c9d3fe0fabfb782617e7804c90b76297159ed109e82d2e509c,host-resident policy-required candidate/native tensors through K and record IDs
MEASURED,1585,8,M11,40,2,15,130.7323,3.2683075,600,76.72862014182475,f493a602c5b529cbea5a89d5e1da092260904e75d3203719949276294972d8ba,host-resident policy-required candidate/native tensors through K and record IDs
MEASURED,1586,9,M11,10,10,15,36.0977,3.60977,150,18.677026160888396,2af321c74952d8d9a818e142361b7076f7a8f0e2e81ceeb05414f8ed7e3ff119,host-resident policy-required candidate/native tensors through K and record IDs
MEASURED,1587,3,M11,10,30,15,32.8203,3.2820300000000002,150,25.307754789311193,6dcb2ed1539cf15a07ee64b1cb5bd8eeb90bba2ea6395c92e2ff2f07aebd250c,host-resident policy-required candidate/native tensors through K and record IDs
MEASURED,1588,4,S_ADAPT,20,0,15,3.5898,0.17948999999999998,300,176.4440060555935,1bfc659bac89b1a185f3a4d2201b1cb0eecb07e2a9cadf7c950d3bf5cbf05a73,host-resident policy-required candidate/native tensors through K and record IDs
MEASURED,1589,6,S_ADAPT,10,16,15,1.8178,0.18178,150,85.57529371976852,ec6e6a2e64d42902a7fd24471a752df9a30fdc1be95dce1e7b1b47964581c884,host-resident policy-required candidate/native tensors through K and record IDs
MEASURED,1590,6,M11,20,14,15,67.3346,3.3667299999999996,300,68.82805772204135,3bcfe8fa19dfa6b4e1122bd07fcc32801a07e327cfcfea69d85ac563eeccaa49,host-resident policy-required candidate/native tensors through K and record IDs
MEASURED,1591,7,M11,20,4,15,74.9357,3.746785,300,43.35089701642879,353a00406c0aff04f58d483f9a350e5df74e43b0c43b000ebea4f8295db24f5c,host-resident policy-required candidate/native tensors through K and record IDs
MEASURED,1592,8,M11,10,35,15,45.494,4.5494,150,28.652045915812113,2a04a68c47a5e28608456e69f8c9870a90b4685af49dc55310e088d1062c5b09,host-resident policy-required candidate/native tensors through K and record IDs
MEASURED,1593,7,S_ADAPT,40,2,15,7.872,0.1968,600,358.3735456317663,142f28f71921191fd1b7bb187d689ee29367192e6f5e44659cc34cb25b5391c7,host-resident policy-required candidate/native tensors through K and record IDs
MEASURED,1594,9,M11,40,4,15,136.4589,3.4114725,600,80.25632750905966,e4ac157065f3c4fc5922b7d6cf89648e75dde751385fff9e54a17c3b85ace92f,host-resident policy-required candidate/native tensors through K and record IDs
MEASURED,1595,4,M11,10,4,15,35.5873,3.5587299999999997,150,19.905806943695485,ddf9a32023a62c11817476a1754416f40705f42ee210c9c1047a01f08b76d452,host-resident policy-required candidate/native tensors through K and record IDs
MEASURED,1596,7,S_ADAPT,10,27,15,3.4024,0.34024,150,97.85155525803566,1a1e6282f3ef4e3a6fd0bce80503e0d4f04c69922dfd931ca78b06810a4e63d3,host-resident policy-required candidate/native tensors through K and record IDs
MEASURED,1597,6,S_ADAPT,20,15,15,3.7122,0.18561,300,182.23617509007454,d344c6a46bef99197b349ab1040136022cdf9cb3e6e992c2c89395647e42953a,host-resident policy-required candidate/native tensors through K and record IDs
MEASURED,1598,9,M11,20,9,15,71.4324,3.5716200000000002,300,48.0363328234864,af0a76b7b3663d866a8246e193b43c1ea09ea44b2a85e26b91b7b5a669e67ff1,host-resident policy-required candidate/native tensors through K and record IDs
MEASURED,1599,2,M11,40,8,15,142.4293,3.5607325000000003,600,101.83546079121663,3005e2d00690dc3edfa0db32d791d2480bfe9884a0c07b6149436beb0f521812,host-resident policy-required candidate/native tensors through K and record IDs
MEASURED,1600,7,S_ADAPT,20,11,15,3.8706,0.19353,300,188.01957547664642,95f172e3cece9be582c121d785782dab7d0f6adcda6e0cc9761a6e7f061a184a,host-resident policy-required candidate/native tensors through K and record IDs
MEASURED,1601,7,S_ADAPT,10,15,15,1.8443,0.18443,150,92.52730506658554,eada6c593e7b2e1fee5a54484ede13c4fcdde041c72543e99653f15d857ba527,host-resident policy-required candidate/native tensors through K and record IDs
MEASURED,1602,8,M11,10,34,15,38.7464,3.8746400000000003,150,37.68158938848324,1432c6a8ae05a6c57bd4c6c2c5c2c676dea5f122f3f2adff4028e7bcd4ceb0fe,host-resident policy-required candidate/native tensors through K and record IDs
MEASURED,1603,1,S_ADAPT,20,16,15,4.6859,0.234295,300,171.95357298851013,0413a525608264d6682373cc476d4abe88a2de0eace100120713b830d5fedda3,host-resident policy-required candidate/native tensors through K and record IDs
MEASURED,1604,6,M11,40,7,15,134.9339,3.3733475,600,122.55891236166077,8852e1ab47e649c5cde968f8336074564feee1c3c32a859e528486249f98ce75,host-resident policy-required candidate/native tensors through K and record IDs
MEASURED,1605,8,M11,10,29,15,33.5238,3.35238,150,42.83630087325895,d50043c0b6789280419e9a882b3f06cc1a5b03bac66ffa827173d190d6efe7c9,host-resident policy-required candidate/native tensors through K and record IDs
MEASURED,1606,3,S_ADAPT,80,2,15,16.1965,0.20245625,1200,720.778280749917,b987d499ad0fb1807a37a30eed7d082aa7a06a805ebbdc1c5b25ca627e771b8a,host-resident policy-required candidate/native tensors through K and record IDs
MEASURED,1607,3,M11,10,8,15,35.8185,3.58185,150,22.127255696726607,cc9e1988bfe79fffb3f1974d2c855c5b13cf326cce4ea196f23ab96f0a89ebe7,host-resident policy-required candidate/native tensors through K and record IDs
MEASURED,1608,2,S_ADAPT,10,29,15,2.2053,0.22052999999999998,150,94.83080992102623,711ffec6ecc0b071f2ca9a4d9bb3f38fa4c376cd5fd09667a497ba58464dd507,host-resident policy-required candidate/native tensors through K and record IDs
MEASURED,1609,3,S_ADAPT,20,8,15,4.0936,0.20468000000000003,300,172.9979220032692,2fab67c83ab727498aedc2ef30f4b85db6eebf39cbeca91683e5a78d43b9788a,host-resident policy-required candidate/native tensors through K and record IDs
MEASURED,1610,3,M11,20,13,15,74.6233,3.731165,300,53.178126871200746,ff4dcc38c41e8d7539b6784f13e3afcf4a171936483bb2b9321ced527e20584c,host-resident policy-required candidate/native tensors through K and record IDs
MEASURED,1611,4,S_ADAPT,10,17,15,2.2477,0.22477,150,87.33095359802246,d04cb5a522045cf7f3fdc6943edd2c7e9601b850ce308760415590c048ab3f8a,host-resident policy-required candidate/native tensors through K and record IDs
MEASURED,1612,3,M11,10,25,15,37.4805,3.74805,150,26.231556898880736,f2931a8953e8a6f26c721229173d5a7069ddd249b1124bc7d93388b1370ea65b,host-resident policy-required candidate/native tensors through K and record IDs
MEASURED,1613,8,M11,10,25,15,35.3159,3.53159,150,26.231556898880736,f2931a8953e8a6f26c721229173d5a7069ddd249b1124bc7d93388b1370ea65b,host-resident policy-required candidate/native tensors through K and record IDs
MEASURED,1614,5,M11,80,1,15,284.5329,3.55666125,1200,165.54806241090245,cdf3874635e25030f79900c3af192298261eb99ea545dd29943346d76f0e9fb0,host-resident policy-required candidate/native tensors through K and record IDs
MEASURED,1615,4,PS_CLASS_PREFIX,40,8,15,33.145,0.8286250000000001,600,156.68734884716974,0f53082e7511278a02bb1d039a5a2b9d8028d858f5124122f4aec20f084176d2,host-resident policy-required candidate/native tensors through K and record IDs
MEASURED,1616,7,M11,20,15,15,66.823,3.34115,300,53.62015403258539,f5464293150367869b010c8dc25054fcae519165125d05f918ad8aad9757d84f,host-resident policy-required candidate/native tensors through K and record IDs
MEASURED,1617,5,S_ADAPT,80,4,15,17.1952,0.21494,1200,742.0682516694069,2847bf2d7a6745bab266a97e79a762c4bd59c38e6081441e6c45fc2666662e95,host-resident policy-required candidate/native tensors through K and record IDs
MEASURED,1618,5,S_ADAPT,40,2,15,8.0397,0.2009925,600,358.3735456317663,142f28f71921191fd1b7bb187d689ee29367192e6f5e44659cc34cb25b5391c7,host-resident policy-required candidate/native tensors through K and record IDs
MEASURED,1619,6,S_ADAPT,40,7,15,7.289,0.182225,600,372.0247602760792,d09af782d2c3797de2b3c0224992ac9da4f52783d9647b673f18904f78369f7c,host-resident policy-required candidate/native tensors through K and record IDs
MEASURED,1620,7,M11,40,2,15,138.0424,3.4510599999999996,600,76.72862014182475,f493a602c5b529cbea5a89d5e1da092260904e75d3203719949276294972d8ba,host-resident policy-required candidate/native tensors through K and record IDs
MEASURED,1621,9,M11,10,19,15,35.4256,3.5425600000000004,150,19.03600186740192,813fcaac85152beb003ece4060805f5d357a58de21b20317370050fa5aee3d32,host-resident policy-required candidate/native tensors through K and record IDs
MEASURED,1622,3,M11,80,2,15,277.7521,3.4719012499999997,1200,171.91242156372655,ad35d60f61bce5e6fa58f2019a8594e4a9302c14183036c8feb6e7ec3ed3cc37,host-resident policy-required candidate/native tensors through K and record IDs
MEASURED,1623,2,S_ADAPT,80,1,15,17.2401,0.21550125000000003,1200,720.7490096539259,460b06f0cca8c27896a7bb2998727be28b6542ab13644610e46e969f99404e83,host-resident policy-required candidate/native tensors through K and record IDs
MEASURED,1624,4,M11,40,0,15,136.0392,3.4009799999999997,600,87.34628145002588,d2b033b2651ab4e2a1356c23a5a229528d2b0501a5eaa2fd13ccf7923f400bee,host-resident policy-required candidate/native tensors through K and record IDs
MEASURED,1625,8,S_ADAPT,20,15,15,3.9506,0.19753,300,182.23617509007454,d344c6a46bef99197b349ab1040136022cdf9cb3e6e992c2c89395647e42953a,host-resident policy-required candidate/native tensors through K and record IDs
MEASURED,1626,6,S_ADAPT,20,17,15,3.4933,0.17466500000000001,300,195.57238599658012,7cd2892d08457192509e1696c92ee1692349435e769761b391070a4bca3b2876,host-resident policy-required candidate/native tensors through K and record IDs
MEASURED,1627,4,S_ADAPT,20,13,15,3.7464,0.18732,300,191.62258660793304,ca5311c84dbe2d201ef36df5a6a9e2937f094a68355fd12a664c6cae594d02de,host-resident policy-required candidate/native tensors through K and record IDs
MEASURED,1628,1,S_ADAPT,80,0,15,16.1703,0.20212875000000002,1200,701.0401302278042,4ab76f46832281826ed7dfc164653efab3397c9a3e0c6fd90fe815b4357b40d6,host-resident policy-required candidate/native tensors through K and record IDs
MEASURED,1629,4,S_ADAPT,20,19,15,3.6491,0.18245499999999998,300,181.42042163014412,d2a8d0341052e85c558a6e02225f565af9f743b75c5a8bbcf983bddc55dadf3f,host-resident policy-required candidate/native tensors through K and record IDs
MEASURED,1630,3,S_ADAPT,20,11,15,3.4804,0.17402,300,188.01957547664642,95f172e3cece9be582c121d785782dab7d0f6adcda6e0cc9761a6e7f061a184a,host-resident policy-required candidate/native tensors through K and record IDs
MEASURED,1631,5,M11,80,3,15,288.8352,3.6104399999999996,1200,228.94783105296457,339497a7ed63cf23eeb2eecefc387321b05b0cbcdfd8af43db69e6cf43fc2acc,host-resident policy-required candidate/native tensors through K and record IDs
MEASURED,1632,4,S_ADAPT,10,0,15,2.2548,0.22547999999999999,150,92.10543185472488,2aa0f1eeb0f2d36847ce9525f8c79ab3b92338ac0994c9f6a39d54cf6bb74a2f,host-resident policy-required candidate/native tensors through K and record IDs
MEASURED,1633,9,S_ADAPT,40,8,15,7.366,0.18414999999999998,600,369.87653109431267,a2ecc8c23245d80af28aa6d62c6d46a9074a0b5173b1f84cc1a938bdf354241f,host-resident policy-required candidate/native tensors through K and record IDs
MEASURED,1634,3,M11,10,0,15,35.4053,3.5405299999999995,150,26.568549553934723,f18086c6e46f391d4ac1957764deeae035db13225b77a1c26eb1a9e259e9bc61,host-resident policy-required candidate/native tensors through K and record IDs
MEASURED,1635,9,PS_CLASS_PREFIX,40,6,15,33.1406,0.828515,600,159.7580929617269,5f6fd6586f9b0860f37bd82438c3c19c2fd75e0050c89d753a155b3895be9b35,host-resident policy-required candidate/native tensors through K and record IDs
MEASURED,1636,7,PS_CLASS_PREFIX,40,5,15,32.1304,0.8032600000000001,600,138.6275444463038,fb8bb5bb515a229c7594a7e9d62736d457014c2c8f1e5e9d28b58c8284dc82c5,host-resident policy-required candidate/native tensors through K and record IDs
MEASURED,1637,4,PS_PREFIX,40,2,15,34.1933,0.8548325,600,121.97137202956543,439b1b51601a6b056353aac980b410cbc77e6ca140f546e33f0f6cfde9983171,host-resident policy-required candidate/native tensors through K and record IDs
MEASURED,1638,0,M11,10,9,15,39.3118,3.93118,150,21.002915189186872,5b84dd7c8d19b04fce83a753963756380a4082ef59f9f58d68999cb8457ea874,host-resident policy-required candidate/native tensors through K and record IDs
MEASURED,1639,5,S_ADAPT,20,7,15,4.7745,0.238725,300,188.94826006889343,edbb25396bc039faaf278fded7ef054d990048570b72814500bee8d601e05414,host-resident policy-required candidate/native tensors through K and record IDs
MEASURED,1640,9,PS_PREFIX,40,2,15,31.6774,0.791935,600,121.97137202956543,439b1b51601a6b056353aac980b410cbc77e6ca140f546e33f0f6cfde9983171,host-resident policy-required candidate/native tensors through K and record IDs
MEASURED,1641,2,S_ADAPT,10,37,15,2.1447,0.21447,150,89.95280921459198,61f50d47496545d626d09b1cee5cf90bcfa80d32f018a81163d1362d5c153ccb,host-resident policy-required candidate/native tensors through K and record IDs
MEASURED,1642,2,M11,40,9,15,344.1535,8.603837500000001,600,109.87011401524518,56e8c7cb8833accc60f092b98c038b8a15197fe9d44b536baff62431b12964dd,host-resident policy-required candidate/native tensors through K and record IDs
MEASURED,1643,0,M11,10,11,15,37.3863,3.7386299999999997,150,14.111305804048172,c555e624ad62a39791fb76a5dae738f0c691be039982b2f3936f7d63ebbf145c,host-resident policy-required candidate/native tensors through K and record IDs
MEASURED,1644,7,M11,20,18,15,73.2308,3.66154,300,63.8480957782682,177460e68782664a9113a40f86bc409a8c72183e819d65d9c29317a4a93b088f,host-resident policy-required candidate/native tensors through K and record IDs
MEASURED,1645,2,S_ADAPT,10,39,15,2.5076,0.25076,150,83.38847097754478,1fdfbc3f7c03a51916c4e0be4f545737b48709e6cd1d426598dd0b6a4e30fbee,host-resident policy-required candidate/native tensors through K and record IDs
MEASURED,1646,6,PS_CLASS_PREFIX,40,1,15,31.0586,0.776465,600,147.718336962864,6978bd8f1d2a598c17d613d1481c7368deef06abdb1cb641e79c7953c299c455,host-resident policy-required candidate/native tensors through K and record IDs
MEASURED,1647,9,PS_CLASS_PREFIX,40,0,15,32.4845,0.8121124999999999,600,130.16938011948838,fb34c668d01a0e0b5ea00b52268a4ecf9c97d79e0b5564c1d3625af190a46e89,host-resident policy-required candidate/native tensors through K and record IDs
MEASURED,1648,3,M11,10,33,15,34.216,3.4216,150,14.856807958208437,4e9ea27c72edd34a27c147cd71491488a3951f2ad899e4c4ecbf6dd8614f9921,host-resident policy-required candidate/native tensors through K and record IDs
MEASURED,1649,8,S_ADAPT,40,3,15,7.4389,0.1859725,600,361.8156100809574,0542c6bf14ccb68f678573ad0458bd5e3bb5998b0478644ed2a56fb2585c5696,host-resident policy-required candidate/native tensors through K and record IDs
MEASURED,1650,6,S_ADAPT,10,24,15,1.7736,0.17736000000000002,150,97.39093405008316,337a47697cc51c376e7d9faa5a9c174a2594f4732406a21a68c1b42c17f6031c,host-resident policy-required candidate/native tensors through K and record IDs
MEASURED,1651,9,PS_CLASS_PREFIX,40,5,15,31.8515,0.7962875,600,138.6275444463038,fb8bb5bb515a229c7594a7e9d62736d457014c2c8f1e5e9d28b58c8284dc82c5,host-resident policy-required candidate/native tensors through K and record IDs
MEASURED,1652,3,S_ADAPT,80,1,15,15.8687,0.19835875,1200,720.7490096539259,460b06f0cca8c27896a7bb2998727be28b6542ab13644610e46e969f99404e83,host-resident policy-required candidate/native tensors through K and record IDs
MEASURED,1653,0,M11,40,9,15,145.0133,3.6253325,600,109.87011401524518,56e8c7cb8833accc60f092b98c038b8a15197fe9d44b536baff62431b12964dd,host-resident policy-required candidate/native tensors through K and record IDs
MEASURED,1654,9,PS_PREFIX,40,3,15,31.5646,0.789115,600,131.29255908504786,87a0ababb25e82e466c40f023339543ad7e7ebac30275b36935e564c1448d58c,host-resident policy-required candidate/native tensors through K and record IDs
MEASURED,1655,4,S_ADAPT,10,20,15,2.0963,0.20962999999999998,150,93.08136415481567,108a6c663b0c87bbd5255eaa83503463deca0bfa81262151a6ea8c0c7a10f4b4,host-resident policy-required candidate/native tensors through K and record IDs
MEASURED,1656,7,PS_CLASS_PREFIX,40,2,15,42.687,1.067175,600,128.98713551520905,b2ca958d49cd3684194ceb29401cda4f922ccbc792bcfc13c46f0ae8d7a68bc1,host-resident policy-required candidate/native tensors through K and record IDs
MEASURED,1657,0,S_ADAPT,40,4,15,8.7632,0.21908,600,357.4904659241438,839a557cee47cb10ab8dc39dcd232a22009debf37251f70b8b4e213ffdf9185d,host-resident policy-required candidate/native tensors through K and record IDs
MEASURED,1658,6,M11,20,1,15,66.2438,3.3121899999999997,300,44.61456836462459,4210b4d344004bb7a46c27c388968bfec906e410bf9be241a2e8a86435098478,host-resident policy-required candidate/native tensors through K and record IDs
MEASURED,1659,6,M11,20,4,15,68.0147,3.400735,300,43.35089701642879,353a00406c0aff04f58d483f9a350e5df74e43b0c43b000ebea4f8295db24f5c,host-resident policy-required candidate/native tensors through K and record IDs
MEASURED,1660,7,S_ADAPT,10,21,15,2.5855,0.25855,150,81.6864028275013,875bc59820bf3ec61007014dfe4dafb1ebfb2b83de7164d930a0d7fdb558ec74,host-resident policy-required candidate/native tensors through K and record IDs
MEASURED,1661,4,M11,10,19,15,34.8217,3.48217,150,19.03600186740192,813fcaac85152beb003ece4060805f5d357a58de21b20317370050fa5aee3d32,host-resident policy-required candidate/native tensors through K and record IDs
MEASURED,1662,1,PS_CLASS_PREFIX,40,6,15,30.1067,0.7526675,600,159.7580929617269,5f6fd6586f9b0860f37bd82438c3c19c2fd75e0050c89d753a155b3895be9b35,host-resident policy-required candidate/native tensors through K and record IDs
MEASURED,1663,0,S_ADAPT,10,18,15,3.3285,0.33285,150,95.13061892986298,09cf0d6f6ed31bc3ba5be231bed1bbd7a3122922452b8e2ef4ec7d96b7da9ae8,host-resident policy-required candidate/native tensors through K and record IDs
MEASURED,1664,9,M11,10,31,15,38.2912,3.8291200000000005,150,28.14959604739981,1ef01f7403c93b775001f6bc6a3ecf53c99eb6a4b371221e89d0a6537bc7e1aa,host-resident policy-required candidate/native tensors through K and record IDs
MEASURED,1665,2,S_ADAPT,10,13,15,2.4296,0.24296,150,91.94036191701889,0022c38aa69ab2d483f75f5b6a7bb6fbbb92b2b7f8fc0a0f8d0d9cd2dff5e52c,host-resident policy-required candidate/native tensors through K and record IDs
MEASURED,1666,3,S_ADAPT,10,3,15,1.9142,0.19141999999999998,150,91.17850151658058,1af0b49a99ea345494d984b82ce36d1a525a93add9e10f92b488192ed29656d0,host-resident policy-required candidate/native tensors through K and record IDs
MEASURED,1667,0,PS_PREFIX,40,9,15,31.347,0.783675,600,133.1650085915075,35f7be185c894adaa6e579294f29804eaf169d3b0333feed6f9a56fb10c778ae,host-resident policy-required candidate/native tensors through K and record IDs
MEASURED,1668,2,M11,10,19,15,40.4762,4.04762,150,19.03600186740192,813fcaac85152beb003ece4060805f5d357a58de21b20317370050fa5aee3d32,host-resident policy-required candidate/native tensors through K and record IDs
MEASURED,1669,9,S_ADAPT,20,12,15,4.7481,0.237405,300,192.58604577183723,48bab893476e3db929878747484bcaff543c71f85eaf2cc23839660e08a18c65,host-resident policy-required candidate/native tensors through K and record IDs
MEASURED,1670,9,PS_PREFIX,40,1,15,31.608,0.7902,600,127.26903411831033,d283dab96a20f1aa11d8b1b2087f6ccb545114ca40ca1c3b3e848dc90f7ecbf1,host-resident policy-required candidate/native tensors through K and record IDs
MEASURED,1671,1,M11,10,22,15,37.856,3.7856,150,22.510549877284102,684fe63a8dc55a378348673b549861303072bd32e45dfe9eb5e5551b7e56d6fa,host-resident policy-required candidate/native tensors through K and record IDs
MEASURED,1672,3,PS_CLASS_PREFIX,40,8,15,34.0267,0.8506674999999999,600,156.68734884716974,0f53082e7511278a02bb1d039a5a2b9d8028d858f5124122f4aec20f084176d2,host-resident policy-required candidate/native tensors through K and record IDs
MEASURED,1673,9,M11,40,6,15,138.2082,3.4552050000000003,600,106.38732863045063,084ec29426edbb4bc589984319a3d3c39e0b4c8656ec0a75c002b686a2ae678b,host-resident policy-required candidate/native tensors through K and record IDs
MEASURED,1674,7,PS_CLASS_PREFIX,40,9,15,32.0792,0.80198,600,158.93148233881382,9c1b4b32ae3e9a3dd1ced8b0edf0ea16ead468391bb51074beedb146b5a2a19b,host-resident policy-required candidate/native tensors through K and record IDs
MEASURED,1675,8,S_ADAPT,10,13,15,2.0912,0.20912000000000003,150,91.94036191701889,0022c38aa69ab2d483f75f5b6a7bb6fbbb92b2b7f8fc0a0f8d0d9cd2dff5e52c,host-resident policy-required candidate/native tensors through K and record IDs
MEASURED,1676,4,M11,10,21,15,41.8257,4.18257,150,19.391039300255603,24be28c85e8c6e37273698233a1de1159223266e88ba59c844a4c09f91888603,host-resident policy-required candidate/native tensors through K and record IDs
MEASURED,1677,1,PS_CLASS_PREFIX,40,0,15,32.2678,0.806695,600,130.16938011948838,fb34c668d01a0e0b5ea00b52268a4ecf9c97d79e0b5564c1d3625af190a46e89,host-resident policy-required candidate/native tensors through K and record IDs
MEASURED,1678,6,M11,10,27,15,33.8734,3.3873399999999996,150,25.2038274745462,0caeb4e5021bf8249c421927df9b24f0b78c1a940bda79a80a69d6fef3c0e326,host-resident policy-required candidate/native tensors through K and record IDs
MEASURED,1679,5,S_ADAPT,10,3,15,2.0028,0.20028,150,91.17850151658058,1af0b49a99ea345494d984b82ce36d1a525a93add9e10f92b488192ed29656d0,host-resident policy-required candidate/native tensors through K and record IDs
MEASURED,1680,0,PS_PREFIX,40,8,15,40.193,1.0048249999999999,600,129.68647219222416,a6a66af3ea97b2c8385b6847341925a67a22ad2aab7be69be6e1dfb9742c1d65,host-resident policy-required candidate/native tensors through K and record IDs
MEASURED,1681,8,M11,40,1,15,134.5222,3.363055,600,100.49787166982753,6e4e6a2228e9ac61dc332c40a82be24c97b7b6c6e7333ea0fc55297c077ec059,host-resident policy-required candidate/native tensors through K and record IDs
MEASURED,1682,8,M11,40,9,15,136.7512,3.4187800000000004,600,109.87011401524518,56e8c7cb8833accc60f092b98c038b8a15197fe9d44b536baff62431b12964dd,host-resident policy-required candidate/native tensors through K and record IDs
MEASURED,1683,4,S_ADAPT,10,16,15,2.7066,0.27066,150,85.57529371976852,ec6e6a2e64d42902a7fd24471a752df9a30fdc1be95dce1e7b1b47964581c884,host-resident policy-required candidate/native tensors through K and record IDs
MEASURED,1684,7,M11,20,10,15,69.4027,3.470135,300,43.12068280381245,e29a101e9ef7200cf9362006b96a03eedb0f7f73034602e3c8ef07bf9e8646fb,host-resident policy-required candidate/native tensors through K and record IDs
MEASURED,1685,8,S_ADAPT,10,14,15,2.1009,0.21009000000000003,150,95.96669745445251,4df7ae3c5880b8b938af66ea71a55e9fcfb1e5fb009b71e57cc2cecef5a9507b,host-resident policy-required candidate/native tensors through K and record IDs
MEASURED,1686,2,S_ADAPT,10,19,15,2.7989,0.27989,150,88.98211605846882,a6186614914bb49974ebde1b2f58ca612df1a4b866994eb81ad086ea942550cd,host-resident policy-required candidate/native tensors through K and record IDs
MEASURED,1687,9,M11,40,7,15,142.6615,3.5665375,600,122.55891236166077,8852e1ab47e649c5cde968f8336074564feee1c3c32a859e528486249f98ce75,host-resident policy-required candidate/native tensors through K and record IDs
MEASURED,1688,6,S_ADAPT,40,9,15,8.4796,0.21198999999999998,600,372.1882814466953,87e13397e7745cd8f91fd45ba560910bf9f6a685e50c45ab9e513195986b0251,host-resident policy-required candidate/native tensors through K and record IDs
MEASURED,1689,8,S_ADAPT,10,7,15,1.8073,0.18073,150,92.19294717907906,9db0c19f8478631d98a798e33ddc6a186e2906f32bf9649324d03a77a9ff56ad,host-resident policy-required candidate/native tensors through K and record IDs
MEASURED,1690,1,S_ADAPT,40,3,15,6.8489,0.1712225,600,361.8156100809574,0542c6bf14ccb68f678573ad0458bd5e3bb5998b0478644ed2a56fb2585c5696,host-resident policy-required candidate/native tensors through K and record IDs
MEASURED,1691,9,M11,10,23,15,34.7769,3.47769,150,25.159577238042274,7f95fa52bca5e4d832e97038174784b0046e55c31098cc28f7853b05f41882fd,host-resident policy-required candidate/native tensors through K and record IDs
MEASURED,1692,9,S_ADAPT,10,6,15,2.1185,0.21185,150,83.11101797223091,14b6ffadf087eadf9248842fafc1e2b3639e9d941f92d44e2f0f8f4a6667ceed,host-resident policy-required candidate/native tensors through K and record IDs
MEASURED,1693,1,S_ADAPT,10,7,15,3.0005,0.30005000000000004,150,92.19294717907906,9db0c19f8478631d98a798e33ddc6a186e2906f32bf9649324d03a77a9ff56ad,host-resident policy-required candidate/native tensors through K and record IDs
MEASURED,1694,7,M11,10,2,15,34.0687,3.40687,150,20.42665469066434,de05f81fd6ce148b190614d2bf524bc01f4a6d986a260511e5ab76410dc8f19e,host-resident policy-required candidate/native tensors through K and record IDs
MEASURED,1695,3,S_ADAPT,20,9,15,3.4801,0.17400500000000002,300,184.12518568336964,6a56a490b378b3af837b1902ab36aca64d6fe43b2555ebb6de5e52ce7799b1e9,host-resident policy-required candidate/native tensors through K and record IDs
MEASURED,1696,8,S_ADAPT,10,1,15,1.5966,0.15966,150,83.80123445391655,8bc628d7a36ab8f0c4806099c4301fc777a09774d3acbfe40efc3bb881f9c9a4,host-resident policy-required candidate/native tensors through K and record IDs
MEASURED,1697,2,S_ADAPT,10,36,15,2.3948,0.23948,150,100.10815408825874,74559fa0f9d5675b4259236c8eb8f6060b66cdf85342f53456923405c952e00c,host-resident policy-required candidate/native tensors through K and record IDs
MEASURED,1698,7,S_ADAPT,20,8,15,4.2561,0.212805,300,172.9979220032692,2fab67c83ab727498aedc2ef30f4b85db6eebf39cbeca91683e5a78d43b9788a,host-resident policy-required candidate/native tensors through K and record IDs
MEASURED,1699,3,M11,10,27,15,38.1787,3.81787,150,25.2038274745462,0caeb4e5021bf8249c421927df9b24f0b78c1a940bda79a80a69d6fef3c0e326,host-resident policy-required candidate/native tensors through K and record IDs
