method,seed,budget,category_id,class_name,GT,images_with_GT,selected_records,coverage,coverage_recall,legacy_TP,precision,recall,F1,AP,AP50,AP75,AR100,model_variant,solver,training_target,mask,source,source_method
FULL,530101,10,1,person,2771,631,2136,1435,0.5178635871526525,1435,0.6718164794007491,0.5178635871526525,0.5848787446504993,0.24712711093485662,0.4580167515129809,0.2292930365337103,0.3012991699747384,FULL,EXACT_DP,PREFIX_MARGINAL,NONE,REUSED_P1,LEARN_QUALITY
FULL,530101,10,2,bicycle,244,125,95,52,0.21311475409836064,52,0.5473684210526316,0.21311475409836064,0.30678466076696165,0.08837450861968521,0.18577650748020447,0.07488910789525334,0.11762295081967214,FULL,EXACT_DP,PREFIX_MARGINAL,NONE,REUSED_P1,LEARN_QUALITY
FULL,530101,10,3,car,20453,1988,13053,10495,0.5131276585342004,10490,0.8036466712633111,0.5128831956192246,0.6261565092819197,0.31842051648411956,0.4898698400144305,0.3388959656545639,0.3532880262064245,FULL,EXACT_DP,PREFIX_MARGINAL,NONE,REUSED_P1,LEARN_QUALITY
FULL,530101,10,4,motorcycle,95,66,38,17,0.17894736842105263,17,0.4473684210526316,0.17894736842105263,0.2556390977443609,0.071307135901607,0.15201039997898994,0.06493399339933993,0.08736842105263158,FULL,EXACT_DP,PREFIX_MARGINAL,NONE,REUSED_P1,LEARN_QUALITY
FULL,530101,10,5,bus,350,258,452,162,0.46285714285714286,162,0.3584070796460177,0.46285714285714286,0.40399002493765584,0.2702000553481744,0.33295486837389404,0.3101150371727862,0.38485714285714284,FULL,EXACT_DP,PREFIX_MARGINAL,NONE,REUSED_P1,LEARN_QUALITY
FULL,530101,10,6,train,6,5,68,0,0,0,0,0,0,0,0,0,0,FULL,EXACT_DP,PREFIX_MARGINAL,NONE,REUSED_P1,LEARN_QUALITY
FULL,530101,10,7,truck,889,540,1457,439,0.4938132733408324,439,0.3013040494166095,0.4938132733408324,0.3742540494458653,0.21497545650253255,0.28823302552115143,0.24265364089821198,0.38425196850393706,FULL,EXACT_DP,PREFIX_MARGINAL,NONE,REUSED_P1,LEARN_QUALITY
FULL,530101,10,8,traffic light,5158,1123,2701,1374,0.26638231872818924,1374,0.508700481303221,0.26638231872818924,0.3496628069728973,0.06985109478852533,0.18869933898160696,0.04195356197721231,0.11940674680108569,FULL,EXACT_DP,PREFIX_MARGINAL,NONE,REUSED_P1,LEARN_QUALITY
FULL,530101,15,1,person,2771,631,3253,1663,0.6001443522194154,1662,0.510913003381494,0.599783471670877,0.5517928286852589,0.26641342796543044,0.5049643924501812,0.2393026382666355,0.34059906171057386,FULL,EXACT_DP,PREFIX_MARGINAL,NONE,REUSED_P1,LEARN_QUALITY
FULL,530101,15,2,bicycle,244,125,187,74,0.30327868852459017,70,0.37433155080213903,0.28688524590163933,0.32482598607888635,0.09931686703945596,0.21827912803796887,0.07839641674509829,0.15081967213114753,FULL,EXACT_DP,PREFIX_MARGINAL,NONE,REUSED_P1,LEARN_QUALITY
FULL,530101,15,3,car,20453,1988,17747,12193,0.5961472644599815,12179,0.6862568321406435,0.5954627682980492,0.6376439790575915,0.34318991311652,0.5492469036057057,0.35462263694195484,0.3908717547548037,FULL,EXACT_DP,PREFIX_MARGINAL,NONE,REUSED_P1,LEARN_QUALITY
FULL,530101,15,4,motorcycle,95,66,78,23,0.24210526315789474,23,0.2948717948717949,0.24210526315789474,0.2658959537572254,0.080378456597413,0.1804137524288951,0.0677039132484677,0.12,FULL,EXACT_DP,PREFIX_MARGINAL,NONE,REUSED_P1,LEARN_QUALITY
FULL,530101,15,5,bus,350,258,765,191,0.5457142857142857,191,0.2496732026143791,0.5457142857142857,0.34260089686098655,0.2839209357403438,0.3540123359440327,0.32544487736802047,0.4411428571428571,FULL,EXACT_DP,PREFIX_MARGINAL,NONE,REUSED_P1,LEARN_QUALITY
FULL,530101,15,6,train,6,5,77,0,0,0,0,0,0,0,0,0,0,FULL,EXACT_DP,PREFIX_MARGINAL,NONE,REUSED_P1,LEARN_QUALITY
FULL,530101,15,7,truck,889,540,2835,527,0.592800899887514,527,0.18589065255731924,0.592800899887514,0.2830290010741139,0.223800540086103,0.30262928228498825,0.25094469870042674,0.4509561304836895,FULL,EXACT_DP,PREFIX_MARGINAL,NONE,REUSED_P1,LEARN_QUALITY
FULL,530101,15,8,traffic light,5158,1123,5058,2003,0.3883288096161303,2003,0.3960063266113088,0.3883288096161303,0.39212999216914646,0.08519547741749608,0.24255964651483922,0.04577103256480067,0.16595579682047304,FULL,EXACT_DP,PREFIX_MARGINAL,NONE,REUSED_P1,LEARN_QUALITY
FULL,530101,20,1,person,2771,631,4333,1765,0.6369541681703356,1764,0.407108239095315,0.6365932876217972,0.4966216216216217,0.27140031572791057,0.5217386379578054,0.2416003302222429,0.35561169252977265,FULL,EXACT_DP,PREFIX_MARGINAL,NONE,REUSED_P1,LEARN_QUALITY
FULL,530101,20,2,bicycle,244,125,255,82,0.3360655737704918,78,0.3058823529411765,0.319672131147541,0.31262525050100204,0.105321257949873,0.22847377943293962,0.08157412561434091,0.17418032786885246,FULL,EXACT_DP,PREFIX_MARGINAL,NONE,REUSED_P1,LEARN_QUALITY
FULL,530101,20,3,car,20453,1988,22209,13122,0.6415684740624847,13101,0.5898959881129272,0.6405417298195863,0.6141765505602175,0.3540822880333141,0.5798483590115728,0.3626840369842337,0.4100620935804039,FULL,EXACT_DP,PREFIX_MARGINAL,NONE,REUSED_P1,LEARN_QUALITY
FULL,530101,20,4,motorcycle,95,66,145,25,0.2631578947368421,25,0.1724137931034483,0.2631578947368421,0.20833333333333334,0.08191983048036744,0.18156047941888243,0.07193923352078227,0.14,FULL,EXACT_DP,PREFIX_MARGINAL,NONE,REUSED_P1,LEARN_QUALITY
FULL,530101,20,5,bus,350,258,1012,203,0.58,203,0.20059288537549408,0.58,0.2980910425844347,0.28775448653508684,0.36149704570866187,0.3287577863987176,0.4631428571428572,FULL,EXACT_DP,PREFIX_MARGINAL,NONE,REUSED_P1,LEARN_QUALITY
FULL,530101,20,6,train,6,5,96,0,0,0,0,0,0,0,0,0,0,FULL,EXACT_DP,PREFIX_MARGINAL,NONE,REUSED_P1,LEARN_QUALITY
FULL,530101,20,7,truck,889,540,4426,582,0.6546681664791901,582,0.13149570718481698,0.6546681664791901,0.21900282220131703,0.22693267866298925,0.30794854728173904,0.2538956463692546,0.4896512935883014,FULL,EXACT_DP,PREFIX_MARGINAL,NONE,REUSED_P1,LEARN_QUALITY
FULL,530101,20,8,traffic light,5158,1123,7524,2335,0.45269484296238854,2335,0.31034024455077086,0.45269484296238854,0.36823844819429113,0.09060264964291558,0.2648532188489697,0.0463458419385966,0.18943388910430398,FULL,EXACT_DP,PREFIX_MARGINAL,NONE,REUSED_P1,LEARN_QUALITY
FULL,530101,30,1,person,2771,631,6245,1839,0.6636593287621797,1838,0.2943154523618895,0.6632984482136413,0.4077196095829636,0.2747512742697841,0.53043212625398,0.24327712702163795,0.3680259833994948,FULL,EXACT_DP,PREFIX_MARGINAL,NONE,REUSED_P1,LEARN_QUALITY
FULL,530101,30,2,bicycle,244,125,377,94,0.38524590163934425,90,0.23872679045092837,0.36885245901639346,0.2898550724637682,0.10992473558947344,0.24205087666841246,0.08535164392954976,0.19959016393442622,FULL,EXACT_DP,PREFIX_MARGINAL,NONE,REUSED_P1,LEARN_QUALITY
FULL,530101,30,3,car,20453,1988,31641,14315,0.6998973255757102,14286,0.45150279700388735,0.6984794406688505,0.5484700733289822,0.363177377159637,0.6040388619776498,0.36558464652454176,0.434928861291742,FULL,EXACT_DP,PREFIX_MARGINAL,NONE,REUSED_P1,LEARN_QUALITY
FULL,530101,30,4,motorcycle,95,66,263,29,0.30526315789473685,29,0.11026615969581749,0.30526315789473685,0.16201117318435757,0.08470741982811664,0.1875589752098008,0.07382633008768688,0.1694736842105263,FULL,EXACT_DP,PREFIX_MARGINAL,NONE,REUSED_P1,LEARN_QUALITY
FULL,530101,30,5,bus,350,258,1524,224,0.64,224,0.14698162729658792,0.64,0.23906083244397014,0.29522944118014344,0.3709611856504864,0.3384009464160335,0.5097142857142857,FULL,EXACT_DP,PREFIX_MARGINAL,NONE,REUSED_P1,LEARN_QUALITY
FULL,530101,30,6,train,6,5,160,0,0,0,0,0,0,0,0,0,0,FULL,EXACT_DP,PREFIX_MARGINAL,NONE,REUSED_P1,LEARN_QUALITY
FULL,530101,30,7,truck,889,540,7430,643,0.7232845894263217,643,0.08654104979811575,0.7232845894263217,0.15458588772689025,0.22922744624810062,0.3122105794002027,0.25578183031567336,0.530933633295838,FULL,EXACT_DP,PREFIX_MARGINAL,NONE,REUSED_P1,LEARN_QUALITY
FULL,530101,30,8,traffic light,5158,1123,12360,2681,0.5197751066304769,2680,0.2168284789644013,0.5195812330360605,0.30597100125585114,0.09440172946429125,0.2786363666297515,0.04685141502993463,0.2137650252035673,FULL,EXACT_DP,PREFIX_MARGINAL,NONE,REUSED_P1,LEARN_QUALITY
FULL,530101,40,1,person,2771,631,8260,1862,0.6719595813785637,1861,0.22530266343825667,0.6715987008300253,0.337412745897924,0.275137227533174,0.5320825475468399,0.2432028838560181,0.3719234933237099,FULL,EXACT_DP,PREFIX_MARGINAL,NONE,REUSED_P1,LEARN_QUALITY
FULL,530101,40,2,bicycle,244,125,483,97,0.3975409836065574,93,0.19254658385093168,0.38114754098360654,0.2558459422283356,0.1100132198574419,0.246896289673126,0.08498907647371828,0.2012295081967213,FULL,EXACT_DP,PREFIX_MARGINAL,NONE,REUSED_P1,LEARN_QUALITY
FULL,530101,40,3,car,20453,1988,40918,14942,0.7305529751136752,14914,0.36448506769636835,0.7291839827898108,0.48602760261361233,0.36792411550831394,0.6156326580207013,0.3681122452483954,0.44790495281865744,FULL,EXACT_DP,PREFIX_MARGINAL,NONE,REUSED_P1,LEARN_QUALITY
FULL,530101,40,4,motorcycle,95,66,385,31,0.3263157894736842,31,0.08051948051948052,0.3263157894736842,0.12916666666666665,0.08529160244084967,0.1893957030642373,0.07365279261357704,0.17789473684210527,FULL,EXACT_DP,PREFIX_MARGINAL,NONE,REUSED_P1,LEARN_QUALITY
FULL,530101,40,5,bus,350,258,2029,230,0.6571428571428571,230,0.11335633316904879,0.6571428571428571,0.19335855401429172,0.2961809959717327,0.37177902379719757,0.33925104353529906,0.5228571428571429,FULL,EXACT_DP,PREFIX_MARGINAL,NONE,REUSED_P1,LEARN_QUALITY
FULL,530101,40,6,train,6,5,350,0,0,0,0,0,0,0,0,0,0,FULL,EXACT_DP,PREFIX_MARGINAL,NONE,REUSED_P1,LEARN_QUALITY
FULL,530101,40,7,truck,889,540,10177,671,0.7547806524184477,671,0.06593298614522944,0.7547806524184477,0.12127236580516898,0.2303248884672186,0.31356300332661896,0.25732866307442775,0.5551181102362205,FULL,EXACT_DP,PREFIX_MARGINAL,NONE,REUSED_P1,LEARN_QUALITY
FULL,530101,40,8,traffic light,5158,1123,17398,2815,0.54575416828228,2814,0.16174272904931603,0.5455602946878635,0.24951232488029793,0.09545919818907614,0.283436803571431,0.047264258623905014,0.2230321830166731,FULL,EXACT_DP,PREFIX_MARGINAL,NONE,REUSED_P1,LEARN_QUALITY
FULL,530102,10,1,person,2771,631,2118,1431,0.5164200649584988,1431,0.6756373937677054,0.5164200649584988,0.5853957864593986,0.24714643519403556,0.45803414054852465,0.2293119523756702,0.30068567304222305,FULL,EXACT_DP,PREFIX_MARGINAL,NONE,REUSED_P1,LEARN_QUALITY
FULL,530102,10,2,bicycle,244,125,97,54,0.22131147540983606,53,0.5463917525773195,0.21721311475409835,0.31085043988269795,0.08839230253522733,0.18636649506115935,0.07485289737764986,0.1180327868852459,FULL,EXACT_DP,PREFIX_MARGINAL,NONE,REUSED_P1,LEARN_QUALITY
FULL,530102,10,3,car,20453,1988,12960,10468,0.5118075587933311,10462,0.8072530864197531,0.5115142032953601,0.6262233262502619,0.3185142249454741,0.49001974251261116,0.3389858445208524,0.35297022441695597,FULL,EXACT_DP,PREFIX_MARGINAL,NONE,REUSED_P1,LEARN_QUALITY
FULL,530102,10,4,motorcycle,95,66,44,18,0.18947368421052632,18,0.4090909090909091,0.18947368421052632,0.2589928057553957,0.07328699832149904,0.15571144158950306,0.06690290081639742,0.09578947368421054,FULL,EXACT_DP,PREFIX_MARGINAL,NONE,REUSED_P1,LEARN_QUALITY
FULL,530102,10,5,bus,350,258,502,168,0.48,168,0.3346613545816733,0.48,0.39436619718309857,0.2739999140784962,0.33876790967993164,0.31649825240607127,0.39771428571428574,FULL,EXACT_DP,PREFIX_MARGINAL,NONE,REUSED_P1,LEARN_QUALITY
FULL,530102,10,6,train,6,5,70,0,0,0,0,0,0,0,0,0,0,FULL,EXACT_DP,PREFIX_MARGINAL,NONE,REUSED_P1,LEARN_QUALITY
FULL,530102,10,7,truck,889,540,1580,450,0.5061867266591676,450,0.2848101265822785,0.5061867266591676,0.3645200486026731,0.21595613613909911,0.2892435503258621,0.2413921667289081,0.3925759280089988,FULL,EXACT_DP,PREFIX_MARGINAL,NONE,REUSED_P1,LEARN_QUALITY
FULL,530102,10,8,traffic light,5158,1123,2629,1346,0.26095385808452887,1346,0.5119817421072651,0.26095385808452887,0.3457043790933607,0.06953976804538319,0.18900518541231454,0.041914683768874694,0.11673129119813881,FULL,EXACT_DP,PREFIX_MARGINAL,NONE,REUSED_P1,LEARN_QUALITY
FULL,530102,15,1,person,2771,631,3210,1646,0.594009382894262,1645,0.5124610591900312,0.5936485023457235,0.5500752382544725,0.26481623710090263,0.5046067798577852,0.23923872812413163,0.33706243233489713,FULL,EXACT_DP,PREFIX_MARGINAL,NONE,REUSED_P1,LEARN_QUALITY
FULL,530102,15,2,bicycle,244,125,197,72,0.29508196721311475,69,0.350253807106599,0.2827868852459016,0.31292517006802717,0.10013949864965607,0.2171343463564124,0.07822623869359982,0.15204918032786885,FULL,EXACT_DP,PREFIX_MARGINAL,NONE,REUSED_P1,LEARN_QUALITY
FULL,530102,15,3,car,20453,1988,17691,12166,0.5948271647191121,12152,0.6869029450002826,0.5941426685571799,0.6371644295302014,0.3425968079143336,0.5491145313350791,0.3545716376525347,0.3900014667774899,FULL,EXACT_DP,PREFIX_MARGINAL,NONE,REUSED_P1,LEARN_QUALITY
FULL,530102,15,4,motorcycle,95,66,95,23,0.24210526315789474,23,0.24210526315789474,0.24210526315789474,0.24210526315789474,0.08066682137554915,0.1789394306790139,0.07048563078937303,0.12631578947368421,FULL,EXACT_DP,PREFIX_MARGINAL,NONE,REUSED_P1,LEARN_QUALITY
FULL,530102,15,5,bus,350,258,827,194,0.5542857142857143,194,0.23458282950423218,0.5542857142857143,0.3296516567544605,0.2850815769681829,0.35504925428740824,0.32728057242085007,0.45,FULL,EXACT_DP,PREFIX_MARGINAL,NONE,REUSED_P1,LEARN_QUALITY
FULL,530102,15,6,train,6,5,80,0,0,0,0,0,0,0,0,0,0,FULL,EXACT_DP,PREFIX_MARGINAL,NONE,REUSED_P1,LEARN_QUALITY
FULL,530102,15,7,truck,889,540,3014,533,0.5995500562429696,533,0.17684140676841406,0.5995500562429696,0.2731232385344607,0.22378801610631668,0.3017866208698073,0.2504758408727688,0.4543307086614172,FULL,EXACT_DP,PREFIX_MARGINAL,NONE,REUSED_P1,LEARN_QUALITY
FULL,530102,15,8,traffic light,5158,1123,4886,1951,0.3782473827064754,1951,0.3993041342611543,0.3782473827064754,0.3884906411788132,0.08366790136563061,0.2381222617507621,0.04452578513762955,0.16205893757270257,FULL,EXACT_DP,PREFIX_MARGINAL,NONE,REUSED_P1,LEARN_QUALITY
FULL,530102,20,1,person,2771,631,4262,1747,0.6304583182966438,1746,0.4096668230877522,0.6300974377481053,0.49651642257926915,0.2713970467116551,0.5214748716094694,0.24167346612387974,0.3539877300613497,FULL,EXACT_DP,PREFIX_MARGINAL,NONE,REUSED_P1,LEARN_QUALITY
FULL,530102,20,2,bicycle,244,125,263,82,0.3360655737704918,78,0.2965779467680608,0.319672131147541,0.3076923076923077,0.10489509340434938,0.22848776130931137,0.08144119672778272,0.1737704918032787,FULL,EXACT_DP,PREFIX_MARGINAL,NONE,REUSED_P1,LEARN_QUALITY
FULL,530102,20,3,car,20453,1988,22224,13115,0.6412262259815186,13094,0.5891828653707704,0.6401994817386203,0.613632635846006,0.35401337418173806,0.579684805135258,0.3626189035812959,0.4101989928127903,FULL,EXACT_DP,PREFIX_MARGINAL,NONE,REUSED_P1,LEARN_QUALITY
FULL,530102,20,4,motorcycle,95,66,158,25,0.2631578947368421,25,0.15822784810126583,0.2631578947368421,0.1976284584980237,0.08168616764733548,0.1811664974029669,0.07171235742215708,0.14,FULL,EXACT_DP,PREFIX_MARGINAL,NONE,REUSED_P1,LEARN_QUALITY
FULL,530102,20,5,bus,350,258,1089,211,0.6028571428571429,211,0.19375573921028466,0.6028571428571429,0.29325920778318276,0.29067327745063326,0.3649725904811865,0.33255663465086105,0.4797142857142857,FULL,EXACT_DP,PREFIX_MARGINAL,NONE,REUSED_P1,LEARN_QUALITY
FULL,530102,20,6,train,6,5,104,0,0,0,0,0,0,0,0,0,0,FULL,EXACT_DP,PREFIX_MARGINAL,NONE,REUSED_P1,LEARN_QUALITY
FULL,530102,20,7,truck,889,540,4659,597,0.671541057367829,597,0.12813908564069543,0.671541057367829,0.21521268925739004,0.22829943348910095,0.3102701136729458,0.25507283729895264,0.5005624296962881,FULL,EXACT_DP,PREFIX_MARGINAL,NONE,REUSED_P1,LEARN_QUALITY
FULL,530102,20,8,traffic light,5158,1123,7241,2297,0.4453276463745638,2297,0.3172213782626709,0.4453276463745638,0.3705137511089604,0.08975400246126936,0.26185904609611976,0.046380874073318444,0.1866614967041489,FULL,EXACT_DP,PREFIX_MARGINAL,NONE,REUSED_P1,LEARN_QUALITY
FULL,530102,30,1,person,2771,631,6160,1835,0.662215806568026,1834,0.29772727272727273,0.6618549260194876,0.4107042884335461,0.2747312984628185,0.5304557548019827,0.24327760284775493,0.36715987008300255,FULL,EXACT_DP,PREFIX_MARGINAL,NONE,REUSED_P1,LEARN_QUALITY
FULL,530102,30,2,bicycle,244,125,398,95,0.38934426229508196,91,0.228643216080402,0.3729508196721312,0.28348909657320875,0.10986388362331036,0.24567546194278994,0.08408125807965688,0.1975409836065574,FULL,EXACT_DP,PREFIX_MARGINAL,NONE,REUSED_P1,LEARN_QUALITY
FULL,530102,30,3,car,20453,1988,31755,14336,0.7009240698186086,14308,0.45057471264367815,0.699555077494744,0.5481152313821637,0.3630249522756428,0.6040037337350029,0.36561618345696023,0.435344448247201,FULL,EXACT_DP,PREFIX_MARGINAL,NONE,REUSED_P1,LEARN_QUALITY
FULL,530102,30,4,motorcycle,95,66,274,30,0.3157894736842105,30,0.10948905109489052,0.3157894736842105,0.1626016260162602,0.0851027554365739,0.1887441370303176,0.07375960578313058,0.1736842105263158,FULL,EXACT_DP,PREFIX_MARGINAL,NONE,REUSED_P1,LEARN_QUALITY
FULL,530102,30,5,bus,350,258,1581,225,0.6428571428571429,225,0.14231499051233396,0.6428571428571429,0.23303987571206625,0.2953304445563608,0.3709222891850932,0.3383733139769338,0.5117142857142858,FULL,EXACT_DP,PREFIX_MARGINAL,NONE,REUSED_P1,LEARN_QUALITY
FULL,530102,30,6,train,6,5,183,0,0,0,0,0,0,0,0,0,0,FULL,EXACT_DP,PREFIX_MARGINAL,NONE,REUSED_P1,LEARN_QUALITY
FULL,530102,30,7,truck,889,540,7529,643,0.7232845894263217,643,0.0854031079824678,0.7232845894263217,0.15276787835590402,0.22918616264493652,0.31209748904115936,0.2558497248169511,0.5308211473565804,FULL,EXACT_DP,PREFIX_MARGINAL,NONE,REUSED_P1,LEARN_QUALITY
FULL,530102,30,8,traffic light,5158,1123,12120,2678,0.5191934858472276,2677,0.22087458745874589,0.5189996122528112,0.30987382798935065,0.09439464585709792,0.2786402758029403,0.04684337526750738,0.2132027917797596,FULL,EXACT_DP,PREFIX_MARGINAL,NONE,REUSED_P1,LEARN_QUALITY
FULL,530102,40,1,person,2771,631,8125,1860,0.6712378202814868,1859,0.2288,0.6708769397329484,0.34122613803230545,0.27515113688862775,0.532112281491082,0.24320445223875664,0.3714182605557561,FULL,EXACT_DP,PREFIX_MARGINAL,NONE,REUSED_P1,LEARN_QUALITY
FULL,530102,40,2,bicycle,244,125,494,97,0.3975409836065574,93,0.1882591093117409,0.38114754098360654,0.2520325203252033,0.10999282246250972,0.2468363104729987,0.08497741654212713,0.2012295081967213,FULL,EXACT_DP,PREFIX_MARGINAL,NONE,REUSED_P1,LEARN_QUALITY
FULL,530102,40,3,car,20453,1988,41059,14944,0.7306507602796656,14917,0.36330646143354683,0.7293306605387962,0.485011054753544,0.36791485022509307,0.615617965040512,0.3681139047948154,0.4479685131765511,FULL,EXACT_DP,PREFIX_MARGINAL,NONE,REUSED_P1,LEARN_QUALITY
FULL,530102,40,4,motorcycle,95,66,397,31,0.3263157894736842,31,0.07808564231738035,0.3263157894736842,0.12601626016260162,0.08528823445288046,0.1893891790981881,0.0736498870737659,0.17789473684210527,FULL,EXACT_DP,PREFIX_MARGINAL,NONE,REUSED_P1,LEARN_QUALITY
FULL,530102,40,5,bus,350,258,2086,230,0.6571428571428571,230,0.11025886864813039,0.6571428571428571,0.18883415435139572,0.29617257504108574,0.371760505946709,0.33923715454100534,0.5222857142857144,FULL,EXACT_DP,PREFIX_MARGINAL,NONE,REUSED_P1,LEARN_QUALITY
FULL,530102,40,6,train,6,5,380,0,0,0,0,0,0,0,0,0,0,FULL,EXACT_DP,PREFIX_MARGINAL,NONE,REUSED_P1,LEARN_QUALITY
FULL,530102,40,7,truck,889,540,10246,672,0.7559055118110236,672,0.06558657036892446,0.7559055118110236,0.12070049393803323,0.2302299054903068,0.3135128852503023,0.25728459847800406,0.5547806524184477,FULL,EXACT_DP,PREFIX_MARGINAL,NONE,REUSED_P1,LEARN_QUALITY
FULL,530102,40,8,traffic light,5158,1123,17213,2806,0.5440093059325319,2805,0.16295822924533782,0.5438154323381156,0.25077108756872735,0.09546441903733917,0.2834505532903643,0.04725766308956203,0.2223148507173323,FULL,EXACT_DP,PREFIX_MARGINAL,NONE,REUSED_P1,LEARN_QUALITY
FULL,530103,10,1,person,2771,631,2100,1425,0.5142547816672681,1425,0.6785714285714286,0.5142547816672681,0.585095462943954,0.24656600087823774,0.4581840224252886,0.22928760106516125,0.29938650306748466,FULL,EXACT_DP,PREFIX_MARGINAL,NONE,REUSED_P1,LEARN_QUALITY
FULL,530103,10,2,bicycle,244,125,99,55,0.22540983606557377,54,0.5454545454545454,0.22131147540983606,0.314868804664723,0.0899325386459532,0.19205469964880867,0.0746899756800747,0.11926229508196722,FULL,EXACT_DP,PREFIX_MARGINAL,NONE,REUSED_P1,LEARN_QUALITY
FULL,530103,10,3,car,20453,1988,13069,10523,0.5144966508580648,10517,0.804728747417553,0.5142032953600939,0.6274685281307798,0.3200058702114168,0.4900238749398806,0.33893196315330326,0.35389918349386396,FULL,EXACT_DP,PREFIX_MARGINAL,NONE,REUSED_P1,LEARN_QUALITY
FULL,530103,10,4,motorcycle,95,66,45,18,0.18947368421052632,18,0.4,0.18947368421052632,0.2571428571428571,0.0711365289754782,0.15898705255140896,0.06461312797946461,0.08842105263157896,FULL,EXACT_DP,PREFIX_MARGINAL,NONE,REUSED_P1,LEARN_QUALITY
FULL,530103,10,5,bus,350,258,479,167,0.47714285714285715,167,0.348643006263048,0.47714285714285715,0.40289505428226774,0.274518302344617,0.33629045955870956,0.31761221408453083,0.39771428571428574,FULL,EXACT_DP,PREFIX_MARGINAL,NONE,REUSED_P1,LEARN_QUALITY
FULL,530103,10,6,train,6,5,70,0,0,0,0,0,0,0,0,0,0,FULL,EXACT_DP,PREFIX_MARGINAL,NONE,REUSED_P1,LEARN_QUALITY
FULL,530103,10,7,truck,889,540,1522,450,0.5061867266591676,450,0.2956636005256242,0.5061867266591676,0.3732890916632103,0.21694004890471588,0.2908183954171991,0.24251082371803018,0.3914510686164229,FULL,EXACT_DP,PREFIX_MARGINAL,NONE,REUSED_P1,LEARN_QUALITY
FULL,530103,10,8,traffic light,5158,1123,2616,1322,0.2563008918185343,1322,0.5053516819571865,0.2563008918185343,0.3401080524826344,0.06854946059902342,0.18298666822365373,0.04182515475739883,0.1151996898022489,FULL,EXACT_DP,PREFIX_MARGINAL,NONE,REUSED_P1,LEARN_QUALITY
FULL,530103,15,1,person,2771,631,3241,1651,0.5958137856369542,1650,0.5091021289725394,0.5954529050884158,0.5489021956087825,0.2652872707333435,0.5048655445647566,0.23929272307260405,0.3380728978708048,FULL,EXACT_DP,PREFIX_MARGINAL,NONE,REUSED_P1,LEARN_QUALITY
FULL,530103,15,2,bicycle,244,125,204,73,0.29918032786885246,69,0.3382352941176471,0.2827868852459016,0.3080357142857143,0.09835271086844494,0.21670261449288597,0.07804920603519423,0.14795081967213114,FULL,EXACT_DP,PREFIX_MARGINAL,NONE,REUSED_P1,LEARN_QUALITY
FULL,530103,15,3,car,20453,1988,17792,12216,0.5972717938688701,12201,0.6857576438848921,0.5965384051239427,0.6380441887828475,0.3431809370568655,0.5492463229926974,0.3546146759579908,0.3911308854446781,FULL,EXACT_DP,PREFIX_MARGINAL,NONE,REUSED_P1,LEARN_QUALITY
FULL,530103,15,4,motorcycle,95,66,90,24,0.25263157894736843,24,0.26666666666666666,0.25263157894736843,0.2594594594594594,0.08128187822466708,0.181473992044755,0.07015039315362899,0.13052631578947368,FULL,EXACT_DP,PREFIX_MARGINAL,NONE,REUSED_P1,LEARN_QUALITY
FULL,530103,15,5,bus,350,258,788,194,0.5542857142857143,194,0.24619289340101522,0.5542857142857143,0.3409490333919156,0.2856754522856549,0.35648318171432225,0.3279062830963698,0.4477142857142857,FULL,EXACT_DP,PREFIX_MARGINAL,NONE,REUSED_P1,LEARN_QUALITY
FULL,530103,15,6,train,6,5,76,0,0,0,0,0,0,0,0,0,0,FULL,EXACT_DP,PREFIX_MARGINAL,NONE,REUSED_P1,LEARN_QUALITY
FULL,530103,15,7,truck,889,540,2969,531,0.5973003374578177,531,0.1788480970023577,0.5973003374578177,0.27527216174183516,0.22413116003017444,0.3018864422936522,0.25213417817650063,0.45433070866141734,FULL,EXACT_DP,PREFIX_MARGINAL,NONE,REUSED_P1,LEARN_QUALITY
FULL,530103,15,8,traffic light,5158,1123,4840,1965,0.38096161302830556,1965,0.4059917355371901,0.38096161302830556,0.3930786157231447,0.08477687797831476,0.24272998641556484,0.04585690253079321,0.1636099263280341,FULL,EXACT_DP,PREFIX_MARGINAL,NONE,REUSED_P1,LEARN_QUALITY
FULL,530103,20,1,person,2771,631,4291,1750,0.6315409599422591,1749,0.4075972966674435,0.6311800793937207,0.4953271028037384,0.27129640734690913,0.5214227963710041,0.24160279063701456,0.35409599422591126,FULL,EXACT_DP,PREFIX_MARGINAL,NONE,REUSED_P1,LEARN_QUALITY
FULL,530103,20,2,bicycle,244,125,268,83,0.3401639344262295,79,0.2947761194029851,0.3237704918032787,0.30859375,0.10506598200378592,0.23164361175012393,0.0812108110141601,0.1725409836065574,FULL,EXACT_DP,PREFIX_MARGINAL,NONE,REUSED_P1,LEARN_QUALITY
FULL,530103,20,3,car,20453,1988,22374,13156,0.6432308218843201,13132,0.5869312594976311,0.6420573998924363,0.6132579914539893,0.3540656560951175,0.5798403468658312,0.36265763031793735,0.41075147900063563,FULL,EXACT_DP,PREFIX_MARGINAL,NONE,REUSED_P1,LEARN_QUALITY
FULL,530103,20,4,motorcycle,95,66,154,25,0.2631578947368421,25,0.16233766233766234,0.2631578947368421,0.20080321285140562,0.08176582616920519,0.18132742596792853,0.07176244256908695,0.14,FULL,EXACT_DP,PREFIX_MARGINAL,NONE,REUSED_P1,LEARN_QUALITY
FULL,530103,20,5,bus,350,258,1046,206,0.5885714285714285,206,0.19694072657743786,0.5885714285714285,0.2951289398280802,0.2896107501199376,0.36101265668133176,0.3326381494921933,0.47400000000000003,FULL,EXACT_DP,PREFIX_MARGINAL,NONE,REUSED_P1,LEARN_QUALITY
FULL,530103,20,6,train,6,5,94,0,0,0,0,0,0,0,0,0,0,FULL,EXACT_DP,PREFIX_MARGINAL,NONE,REUSED_P1,LEARN_QUALITY
FULL,530103,20,7,truck,889,540,4515,588,0.6614173228346457,588,0.13023255813953488,0.6614173228346457,0.21761658031088082,0.22747553073123136,0.3090705237291543,0.2537448775558865,0.4941507311586051,FULL,EXACT_DP,PREFIX_MARGINAL,NONE,REUSED_P1,LEARN_QUALITY
FULL,530103,20,8,traffic light,5158,1123,7258,2315,0.4488173710740597,2315,0.31895839074125104,0.4488173710740597,0.3729059278350516,0.09005894372599246,0.26237995157689686,0.046390439310379755,0.18761147731678945,FULL,EXACT_DP,PREFIX_MARGINAL,NONE,REUSED_P1,LEARN_QUALITY
FULL,530103,30,1,person,2771,631,6224,1840,0.6640202093107181,1839,0.29546915167095117,0.6636593287621797,0.40889382990550305,0.2747836598865051,0.530491030183452,0.2433555281664355,0.36845904005774094,FULL,EXACT_DP,PREFIX_MARGINAL,NONE,REUSED_P1,LEARN_QUALITY
FULL,530103,30,2,bicycle,244,125,410,95,0.38934426229508196,91,0.22195121951219512,0.3729508196721312,0.2782874617737003,0.10980303758360757,0.24552550037759996,0.08405357760304902,0.19795081967213116,FULL,EXACT_DP,PREFIX_MARGINAL,NONE,REUSED_P1,LEARN_QUALITY
FULL,530103,30,3,car,20453,1988,31770,14337,0.7009729624016037,14309,0.450393452943028,0.6996039700777392,0.5479960936752005,0.36321968558280326,0.6041294319128654,0.3656483331735555,0.4358089277856549,FULL,EXACT_DP,PREFIX_MARGINAL,NONE,REUSED_P1,LEARN_QUALITY
FULL,530103,30,4,motorcycle,95,66,271,30,0.3157894736842105,30,0.11070110701107011,0.3157894736842105,0.1639344262295082,0.08506535033139741,0.18868037504167684,0.07372626157842561,0.1736842105263158,FULL,EXACT_DP,PREFIX_MARGINAL,NONE,REUSED_P1,LEARN_QUALITY
FULL,530103,30,5,bus,350,258,1529,225,0.6428571428571429,225,0.1471550032701112,0.6428571428571429,0.23948908994145823,0.2956252551142708,0.3711708816824352,0.33854934376507956,0.5125714285714286,FULL,EXACT_DP,PREFIX_MARGINAL,NONE,REUSED_P1,LEARN_QUALITY
FULL,530103,30,6,train,6,5,180,0,0,0,0,0,0,0,0,0,0,FULL,EXACT_DP,PREFIX_MARGINAL,NONE,REUSED_P1,LEARN_QUALITY
FULL,530103,30,7,truck,889,540,7489,644,0.7244094488188977,644,0.08599278942448925,0.7244094488188977,0.15373597517307233,0.2291136037331335,0.3121664705684962,0.25582846535148446,0.5312710911136109,FULL,EXACT_DP,PREFIX_MARGINAL,NONE,REUSED_P1,LEARN_QUALITY
FULL,530103,30,8,traffic light,5158,1123,12127,2679,0.519387359441644,2678,0.22082955388801848,0.5191934858472276,0.309864043968759,0.09432880225207779,0.27876492119660196,0.04685545758043428,0.21316401706087632,FULL,EXACT_DP,PREFIX_MARGINAL,NONE,REUSED_P1,LEARN_QUALITY
FULL,530103,40,1,person,2771,631,8268,1861,0.6715987008300253,1860,0.22496371552975328,0.6712378202814868,0.3369870459280732,0.27513972916184654,0.5320761747612164,0.2432032140124759,0.37170696499458683,FULL,EXACT_DP,PREFIX_MARGINAL,NONE,REUSED_P1,LEARN_QUALITY
FULL,530103,40,2,bicycle,244,125,491,97,0.3975409836065574,93,0.1894093686354379,0.38114754098360654,0.25306122448979596,0.11000178815819951,0.24686125548419077,0.08498352032712062,0.2012295081967213,FULL,EXACT_DP,PREFIX_MARGINAL,NONE,REUSED_P1,LEARN_QUALITY
FULL,530103,40,3,car,20453,1988,41030,14960,0.7314330416075882,14933,0.36395320497197176,0.7301129418667188,0.4857602914626808,0.36828830052234984,0.6192606277625367,0.36811866837112495,0.4481934190583289,FULL,EXACT_DP,PREFIX_MARGINAL,NONE,REUSED_P1,LEARN_QUALITY
FULL,530103,40,4,motorcycle,95,66,399,31,0.3263157894736842,31,0.07769423558897243,0.3263157894736842,0.12550607287449392,0.08528602441044765,0.18938322159249965,0.0736498870737659,0.17789473684210527,FULL,EXACT_DP,PREFIX_MARGINAL,NONE,REUSED_P1,LEARN_QUALITY
FULL,530103,40,5,bus,350,258,2040,229,0.6542857142857142,229,0.11225490196078432,0.6542857142857142,0.19163179916317993,0.29608049732646113,0.37178905859698674,0.33925832156338853,0.5211428571428571,FULL,EXACT_DP,PREFIX_MARGINAL,NONE,REUSED_P1,LEARN_QUALITY
FULL,530103,40,6,train,6,5,388,0,0,0,0,0,0,0,0,0,0,FULL,EXACT_DP,PREFIX_MARGINAL,NONE,REUSED_P1,LEARN_QUALITY
FULL,530103,40,7,truck,889,540,10310,672,0.7559055118110236,672,0.06517943743937925,0.7559055118110236,0.12001071524243237,0.23029486611157204,0.3135026646523885,0.2572889025345398,0.5555680539932508,FULL,EXACT_DP,PREFIX_MARGINAL,NONE,REUSED_P1,LEARN_QUALITY
FULL,530103,40,8,traffic light,5158,1123,17074,2817,0.5461419154711128,2815,0.16487056342977627,0.54575416828228,0.2532385750269881,0.09549265228073679,0.2835673203553801,0.047273331513653705,0.22307095773555644,FULL,EXACT_DP,PREFIX_MARGINAL,NONE,REUSED_P1,LEARN_QUALITY
S_ADAPT,-1,10,1,person,2771,631,1830,1314,0.474197040779502,1314,0.7180327868852459,0.474197040779502,0.5711801782221256,0.2360052885632116,0.42897249430410134,0.22072425816143657,0.28303861421869364,SCORE_ONLY,RAW_SCORE_EXACT_ALLOCATOR,NONE,NONE,REUSED_P1,S_ADAPT
S_ADAPT,-1,10,2,bicycle,244,125,63,44,0.18032786885245902,44,0.6984126984126984,0.18032786885245902,0.28664495114006516,0.08208784480889676,0.16829071488040157,0.06826473856176828,0.10204918032786885,SCORE_ONLY,RAW_SCORE_EXACT_ALLOCATOR,NONE,NONE,REUSED_P1,S_ADAPT
S_ADAPT,-1,10,3,car,20453,1988,13515,10627,0.5195814794895615,10620,0.7857935627081021,0.5192392314085953,0.6252943947244465,0.3191788991215324,0.4889845762223092,0.3383298892303067,0.35466190778858847,SCORE_ONLY,RAW_SCORE_EXACT_ALLOCATOR,NONE,NONE,REUSED_P1,S_ADAPT
S_ADAPT,-1,10,4,motorcycle,95,66,38,16,0.16842105263157894,16,0.42105263157894735,0.16842105263157894,0.24060150375939848,0.06677387401537033,0.14763227453967118,0.06452145214521451,0.07789473684210527,SCORE_ONLY,RAW_SCORE_EXACT_ALLOCATOR,NONE,NONE,REUSED_P1,S_ADAPT
S_ADAPT,-1,10,5,bus,350,258,358,141,0.40285714285714286,141,0.39385474860335196,0.40285714285714286,0.3983050847457627,0.2543317144238837,0.30894203674143805,0.2919257403806901,0.34,SCORE_ONLY,RAW_SCORE_EXACT_ALLOCATOR,NONE,NONE,REUSED_P1,S_ADAPT
S_ADAPT,-1,10,6,train,6,5,65,0,0,0,0,0,0,0,0,0,0,SCORE_ONLY,RAW_SCORE_EXACT_ALLOCATOR,NONE,NONE,REUSED_P1,S_ADAPT
S_ADAPT,-1,10,7,truck,889,540,1545,403,0.453318335208099,403,0.2608414239482201,0.453318335208099,0.3311421528348398,0.2053317356621455,0.27130306436180496,0.23107047576228235,0.36130483689538806,SCORE_ONLY,RAW_SCORE_EXACT_ALLOCATOR,NONE,NONE,REUSED_P1,S_ADAPT
S_ADAPT,-1,10,8,traffic light,5158,1123,2586,1273,0.24680108569212872,1273,0.4922660479505027,0.24680108569212872,0.3287706611570248,0.06569374729138458,0.17612352373218748,0.03968848201618704,0.1085886002326483,SCORE_ONLY,RAW_SCORE_EXACT_ALLOCATOR,NONE,NONE,REUSED_P1,S_ADAPT
S_ADAPT,-1,15,1,person,2771,631,2757,1561,0.5633345362684952,1560,0.5658324265505985,0.5629736557199567,0.5643994211287988,0.25826972338771625,0.487843531196575,0.2363054785445822,0.3229520028870444,SCORE_ONLY,RAW_SCORE_EXACT_ALLOCATOR,NONE,NONE,REUSED_P1,S_ADAPT
S_ADAPT,-1,15,2,bicycle,244,125,134,64,0.26229508196721313,61,0.4552238805970149,0.25,0.32275132275132273,0.09352362726989581,0.2046180049968533,0.07417087702582272,0.130327868852459,SCORE_ONLY,RAW_SCORE_EXACT_ALLOCATOR,NONE,NONE,REUSED_P1,S_ADAPT
S_ADAPT,-1,15,3,car,20453,1988,18271,12210,0.5969784383708991,12194,0.6673964205571671,0.5961961570429766,0.6297903109182935,0.34266841989482555,0.5480178062150273,0.35427993922087614,0.3902752652422628,SCORE_ONLY,RAW_SCORE_EXACT_ALLOCATOR,NONE,NONE,REUSED_P1,S_ADAPT
S_ADAPT,-1,15,4,motorcycle,95,66,76,21,0.22105263157894736,21,0.27631578947368424,0.22105263157894736,0.2456140350877193,0.07593237384869583,0.17040494524936506,0.06581994265000271,0.10736842105263159,SCORE_ONLY,RAW_SCORE_EXACT_ALLOCATOR,NONE,NONE,REUSED_P1,S_ADAPT
S_ADAPT,-1,15,5,bus,350,258,611,173,0.4942857142857143,173,0.28314238952536824,0.4942857142857143,0.36004162330905304,0.2762811256135658,0.3390880941236343,0.31703196506420595,0.4128571428571428,SCORE_ONLY,RAW_SCORE_EXACT_ALLOCATOR,NONE,NONE,REUSED_P1,S_ADAPT
S_ADAPT,-1,15,6,train,6,5,87,0,0,0,0,0,0,0,0,0,0,SCORE_ONLY,RAW_SCORE_EXACT_ALLOCATOR,NONE,NONE,REUSED_P1,S_ADAPT
S_ADAPT,-1,15,7,truck,889,540,3147,497,0.5590551181102362,497,0.1579281855735621,0.5590551181102362,0.2462834489593657,0.21903447278643548,0.2926292235356272,0.2462935690289215,0.43205849268841395,SCORE_ONLY,RAW_SCORE_EXACT_ALLOCATOR,NONE,NONE,REUSED_P1,S_ADAPT
S_ADAPT,-1,15,8,traffic light,5158,1123,4917,1926,0.3734005428460644,1926,0.39170225747406956,0.3734005428460644,0.382332506203474,0.08244367721705656,0.23680489205124017,0.04430264192634303,0.15777433113609923,SCORE_ONLY,RAW_SCORE_EXACT_ALLOCATOR,NONE,NONE,REUSED_P1,S_ADAPT
S_ADAPT,-1,20,1,person,2771,631,3781,1686,0.6084446048357993,1685,0.445649299127215,0.6080837242872609,0.5143467643467643,0.26702503769604796,0.5078881013203981,0.23911828950836087,0.34370263442800436,SCORE_ONLY,RAW_SCORE_EXACT_ALLOCATOR,NONE,NONE,REUSED_P1,S_ADAPT
S_ADAPT,-1,20,2,bicycle,244,125,196,73,0.29918032786885246,70,0.35714285714285715,0.28688524590163933,0.3181818181818182,0.09820130139037403,0.21705892529967147,0.07634769045184617,0.14631147540983605,SCORE_ONLY,RAW_SCORE_EXACT_ALLOCATOR,NONE,NONE,REUSED_P1,S_ADAPT
S_ADAPT,-1,20,3,car,20453,1988,22786,13078,0.6394172004106977,13054,0.5728956376722549,0.6382437784188139,0.6038067485372002,0.35220076233720055,0.5728550351399408,0.35855608037704534,0.4085806483156505,SCORE_ONLY,RAW_SCORE_EXACT_ALLOCATOR,NONE,NONE,REUSED_P1,S_ADAPT
S_ADAPT,-1,20,4,motorcycle,95,66,145,25,0.2631578947368421,25,0.1724137931034483,0.2631578947368421,0.20833333333333334,0.0807980975570096,0.18069203937637068,0.07056914470173158,0.13473684210526318,SCORE_ONLY,RAW_SCORE_EXACT_ALLOCATOR,NONE,NONE,REUSED_P1,S_ADAPT
S_ADAPT,-1,20,5,bus,350,258,880,194,0.5542857142857143,194,0.22045454545454546,0.5542857142857143,0.3154471544715447,0.2852609126574515,0.354163685561318,0.32853348249016473,0.45285714285714285,SCORE_ONLY,RAW_SCORE_EXACT_ALLOCATOR,NONE,NONE,REUSED_P1,S_ADAPT
S_ADAPT,-1,20,6,train,6,5,124,0,0,0,0,0,0,0,0,0,0,SCORE_ONLY,RAW_SCORE_EXACT_ALLOCATOR,NONE,NONE,REUSED_P1,S_ADAPT
S_ADAPT,-1,20,7,truck,889,540,4644,552,0.6209223847019123,552,0.11886304909560723,0.6209223847019123,0.19953009217422735,0.22376062387149032,0.3020885480004226,0.25092048524294686,0.4697412823397076,SCORE_ONLY,RAW_SCORE_EXACT_ALLOCATOR,NONE,NONE,REUSED_P1,S_ADAPT
S_ADAPT,-1,20,8,traffic light,5158,1123,7444,2259,0.43796044978673904,2258,0.3033315421816228,0.4377665761923226,0.35835581653705767,0.08864146207099981,0.2573798435439109,0.04529025722875348,0.18214424195424583,SCORE_ONLY,RAW_SCORE_EXACT_ALLOCATOR,NONE,NONE,REUSED_P1,S_ADAPT
S_ADAPT,-1,30,1,person,2771,631,5980,1815,0.6549981955972574,1814,0.30334448160535116,0.6546373150487189,0.4145811907210605,0.2730921410641784,0.5267491838368978,0.24319397762109762,0.3640923854204258,SCORE_ONLY,RAW_SCORE_EXACT_ALLOCATOR,NONE,NONE,REUSED_P1,S_ADAPT
S_ADAPT,-1,30,2,bicycle,244,125,335,90,0.36885245901639346,86,0.25671641791044775,0.3524590163934426,0.2970639032815198,0.10775569275285009,0.24016814404054593,0.08395260339376914,0.18729508196721312,SCORE_ONLY,RAW_SCORE_EXACT_ALLOCATOR,NONE,NONE,REUSED_P1,S_ADAPT
S_ADAPT,-1,30,3,car,20453,1988,31687,14203,0.6944213562802523,14175,0.44734433679426894,0.6930523639563878,0.5437284234752588,0.3627891918964407,0.6033783700522719,0.3655132603317634,0.432767809123356,SCORE_ONLY,RAW_SCORE_EXACT_ALLOCATOR,NONE,NONE,REUSED_P1,S_ADAPT
S_ADAPT,-1,30,4,motorcycle,95,66,259,28,0.29473684210526313,28,0.10810810810810811,0.29473684210526313,0.1581920903954802,0.08384070612784185,0.18608210809718378,0.07297289629776521,0.16105263157894736,SCORE_ONLY,RAW_SCORE_EXACT_ALLOCATOR,NONE,NONE,REUSED_P1,S_ADAPT
S_ADAPT,-1,30,5,bus,350,258,1393,219,0.6257142857142857,219,0.15721464465183058,0.6257142857142857,0.2512908777969019,0.2935259677664421,0.3676863628003364,0.33691672453250526,0.4997142857142857,SCORE_ONLY,RAW_SCORE_EXACT_ALLOCATOR,NONE,NONE,REUSED_P1,S_ADAPT
S_ADAPT,-1,30,6,train,6,5,209,0,0,0,0,0,0,0,0,0,0,SCORE_ONLY,RAW_SCORE_EXACT_ALLOCATOR,NONE,NONE,REUSED_P1,S_ADAPT
S_ADAPT,-1,30,7,truck,889,540,7440,627,0.7052868391451068,627,0.0842741935483871,0.7052868391451068,0.1505582903109617,0.22788507859736168,0.30988213653462165,0.25492472945529604,0.5186726659167604,SCORE_ONLY,RAW_SCORE_EXACT_ALLOCATOR,NONE,NONE,REUSED_P1,S_ADAPT
S_ADAPT,-1,30,8,traffic light,5158,1123,12697,2648,0.5133772780147344,2647,0.20847444278175947,0.513183404420318,0.29649957994959397,0.09405758848139985,0.27781734835290617,0.046765221024302854,0.21043039937960453,SCORE_ONLY,RAW_SCORE_EXACT_ALLOCATOR,NONE,NONE,REUSED_P1,S_ADAPT
S_ADAPT,-1,40,1,person,2771,631,8134,1857,0.6701551786358715,1856,0.2281780181952299,0.669794298087333,0.3403943145346171,0.27464447749944493,0.5296323598860704,0.24318976309224716,0.3709130277878023,SCORE_ONLY,RAW_SCORE_EXACT_ALLOCATOR,NONE,NONE,REUSED_P1,S_ADAPT
S_ADAPT,-1,40,2,bicycle,244,125,449,95,0.38934426229508196,91,0.2026726057906459,0.3729508196721312,0.2626262626262627,0.10977220917343866,0.24477636035886838,0.08496056215672504,0.2,SCORE_ONLY,RAW_SCORE_EXACT_ALLOCATOR,NONE,NONE,REUSED_P1,S_ADAPT
S_ADAPT,-1,40,3,car,20453,1988,40792,14848,0.7259570723121302,14822,0.36335555991370855,0.7246858651542561,0.48402318556616875,0.3671653695593534,0.6153806559300101,0.36809067365693304,0.4461839338972278,SCORE_ONLY,RAW_SCORE_EXACT_ALLOCATOR,NONE,NONE,REUSED_P1,S_ADAPT
S_ADAPT,-1,40,4,motorcycle,95,66,399,31,0.3263157894736842,31,0.07769423558897243,0.3263157894736842,0.12550607287449392,0.08527331997490571,0.1893489748532127,0.0736498870737659,0.17789473684210527,SCORE_ONLY,RAW_SCORE_EXACT_ALLOCATOR,NONE,NONE,REUSED_P1,S_ADAPT
S_ADAPT,-1,40,5,bus,350,258,1926,228,0.6514285714285715,228,0.11838006230529595,0.6514285714285715,0.20035149384885764,0.29585764070877385,0.37175580272595343,0.3391778032729315,0.518,SCORE_ONLY,RAW_SCORE_EXACT_ALLOCATOR,NONE,NONE,REUSED_P1,S_ADAPT
S_ADAPT,-1,40,6,train,6,5,366,0,0,0,0,0,0,0,0,0,0,SCORE_ONLY,RAW_SCORE_EXACT_ALLOCATOR,NONE,NONE,REUSED_P1,S_ADAPT
S_ADAPT,-1,40,7,truck,889,540,10093,659,0.7412823397075365,659,0.06529277717229763,0.7412823397075365,0.12001456929521034,0.22959476691506542,0.3127561813557412,0.25668697581492006,0.5448818897637795,SCORE_ONLY,RAW_SCORE_EXACT_ALLOCATOR,NONE,NONE,REUSED_P1,S_ADAPT
S_ADAPT,-1,40,8,traffic light,5158,1123,17841,2809,0.5445909267157814,2807,0.1573342301440502,0.5442031795269484,0.2440975694595417,0.09541941380146318,0.2832995999216473,0.047251058738910674,0.22219852656068242,SCORE_ONLY,RAW_SCORE_EXACT_ALLOCATOR,NONE,NONE,REUSED_P1,S_ADAPT
NO_EMBED,530101,10,1,person,2771,631,2132,1436,0.5182244677011909,1435,0.6730769230769231,0.5178635871526525,0.5853559045482358,0.24714625968444398,0.4580676183563184,0.2293148078360339,0.3008661133164922,NO_EMBED,EXACT_DP,PREFIX_MARGINAL,NO_EMBED,NEW_ABLATION_P0_TRAIN,
NO_EMBED,530101,10,2,bicycle,244,125,108,54,0.22131147540983606,54,0.5,0.22131147540983606,0.3068181818181818,0.08993518139567101,0.19087708825460437,0.07447087429292257,0.11967213114754098,NO_EMBED,EXACT_DP,PREFIX_MARGINAL,NO_EMBED,NEW_ABLATION_P0_TRAIN,
NO_EMBED,530101,10,3,car,20453,1988,12955,10456,0.5112208477973892,10451,0.8067155538402161,0.5109763848824134,0.6256585249042146,0.3177848346570595,0.4900633001046084,0.3389136326405469,0.35174790984207693,NO_EMBED,EXACT_DP,PREFIX_MARGINAL,NO_EMBED,NEW_ABLATION_P0_TRAIN,
NO_EMBED,530101,10,4,motorcycle,95,66,42,18,0.18947368421052632,18,0.42857142857142855,0.18947368421052632,0.26277372262773724,0.07148347826366032,0.15991275960135748,0.06471185580096471,0.08842105263157896,NO_EMBED,EXACT_DP,PREFIX_MARGINAL,NO_EMBED,NEW_ABLATION_P0_TRAIN,
NO_EMBED,530101,10,5,bus,350,258,471,163,0.4657142857142857,163,0.346072186836518,0.4657142857142857,0.3970767356881851,0.2716492518589571,0.3325147026087504,0.3139085496861502,0.38885714285714285,NO_EMBED,EXACT_DP,PREFIX_MARGINAL,NO_EMBED,NEW_ABLATION_P0_TRAIN,
NO_EMBED,530101,10,6,train,6,5,68,0,0,0,0,0,0,0,0,0,0,NO_EMBED,EXACT_DP,PREFIX_MARGINAL,NO_EMBED,NEW_ABLATION_P0_TRAIN,
NO_EMBED,530101,10,7,truck,889,540,1512,446,0.5016872890888638,446,0.294973544973545,0.5016872890888638,0.37151187005414416,0.2162078953445969,0.2905117539422948,0.24478214484933486,0.3919010123734533,NO_EMBED,EXACT_DP,PREFIX_MARGINAL,NO_EMBED,NEW_ABLATION_P0_TRAIN,
NO_EMBED,530101,10,8,traffic light,5158,1123,2712,1354,0.2625048468398604,1354,0.49926253687315636,0.2625048468398604,0.34409148665819567,0.0696326331063539,0.1879553583828785,0.04185180814820954,0.11706087630864677,NO_EMBED,EXACT_DP,PREFIX_MARGINAL,NO_EMBED,NEW_ABLATION_P0_TRAIN,
NO_EMBED,530101,15,1,person,2771,631,3191,1661,0.5994225911223385,1660,0.5202130993418991,0.5990617105738001,0.5568601140556859,0.2660969040935373,0.5052029413458861,0.2393386511069702,0.33940815590039697,NO_EMBED,EXACT_DP,PREFIX_MARGINAL,NO_EMBED,NEW_ABLATION_P0_TRAIN,
NO_EMBED,530101,15,2,bicycle,244,125,190,75,0.3073770491803279,72,0.37894736842105264,0.29508196721311475,0.3317972350230415,0.09945981996651412,0.22193213735935508,0.07641124704822641,0.14877049180327867,NO_EMBED,EXACT_DP,PREFIX_MARGINAL,NO_EMBED,NEW_ABLATION_P0_TRAIN,
NO_EMBED,530101,15,3,car,20453,1988,17736,12178,0.595413875715054,12163,0.6857803337843933,0.5946804869701267,0.6369897090785304,0.3425309373750982,0.5490453295820779,0.3544752938951868,0.38947342688114217,NO_EMBED,EXACT_DP,PREFIX_MARGINAL,NO_EMBED,NEW_ABLATION_P0_TRAIN,
NO_EMBED,530101,15,4,motorcycle,95,66,81,23,0.24210526315789474,23,0.2839506172839506,0.24210526315789474,0.2613636363636363,0.08028591797139592,0.17944348521738918,0.06907193292669463,0.1231578947368421,NO_EMBED,EXACT_DP,PREFIX_MARGINAL,NO_EMBED,NEW_ABLATION_P0_TRAIN,
NO_EMBED,530101,15,5,bus,350,258,779,191,0.5457142857142857,191,0.24518613607188702,0.5457142857142857,0.33835252435783875,0.28416955158782126,0.3535113761009735,0.32773097390906575,0.44485714285714284,NO_EMBED,EXACT_DP,PREFIX_MARGINAL,NO_EMBED,NEW_ABLATION_P0_TRAIN,
NO_EMBED,530101,15,6,train,6,5,75,0,0,0,0,0,0,0,0,0,0,NO_EMBED,EXACT_DP,PREFIX_MARGINAL,NO_EMBED,NEW_ABLATION_P0_TRAIN,
NO_EMBED,530101,15,7,truck,889,540,2885,529,0.595050618672666,529,0.18336221837088387,0.595050618672666,0.2803391626921039,0.2235081400318263,0.30181084265479263,0.2504335481502119,0.45230596175478055,NO_EMBED,EXACT_DP,PREFIX_MARGINAL,NO_EMBED,NEW_ABLATION_P0_TRAIN,
NO_EMBED,530101,15,8,traffic light,5158,1123,5063,1956,0.3792167506785576,1956,0.3863322141023109,0.3792167506785576,0.38274141473437046,0.08372542414812267,0.2373545621380057,0.044353117077928314,0.16176812718107794,NO_EMBED,EXACT_DP,PREFIX_MARGINAL,NO_EMBED,NEW_ABLATION_P0_TRAIN,
NO_EMBED,530101,20,1,person,2771,631,4266,1756,0.6337062432334897,1755,0.41139240506329117,0.6333453626849512,0.4987920989057837,0.2712876716203966,0.5213512437291685,0.24159957297107634,0.3547816672681342,NO_EMBED,EXACT_DP,PREFIX_MARGINAL,NO_EMBED,NEW_ABLATION_P0_TRAIN,
NO_EMBED,530101,20,2,bicycle,244,125,261,81,0.3319672131147541,77,0.2950191570881226,0.3155737704918033,0.30495049504950494,0.10426015571117545,0.22838336452474575,0.08140190720207281,0.169672131147541,NO_EMBED,EXACT_DP,PREFIX_MARGINAL,NO_EMBED,NEW_ABLATION_P0_TRAIN,
NO_EMBED,530101,20,3,car,20453,1988,22252,13108,0.6408839779005525,13089,0.5882167895020672,0.6399550188236445,0.6129961362838076,0.35339522779312865,0.5738049352583012,0.36256848452334794,0.4095829462670513,NO_EMBED,EXACT_DP,PREFIX_MARGINAL,NO_EMBED,NEW_ABLATION_P0_TRAIN,
NO_EMBED,530101,20,4,motorcycle,95,66,139,25,0.2631578947368421,25,0.17985611510791366,0.2631578947368421,0.21367521367521367,0.08189948097445068,0.18157732822106928,0.07183656484755768,0.14,NO_EMBED,EXACT_DP,PREFIX_MARGINAL,NO_EMBED,NEW_ABLATION_P0_TRAIN,
NO_EMBED,530101,20,5,bus,350,258,1066,208,0.5942857142857143,208,0.1951219512195122,0.5942857142857143,0.29378531073446335,0.28960066409886026,0.36304462448366015,0.33073193865206874,0.4742857142857142,NO_EMBED,EXACT_DP,PREFIX_MARGINAL,NO_EMBED,NEW_ABLATION_P0_TRAIN,
NO_EMBED,530101,20,6,train,6,5,99,0,0,0,0,0,0,0,0,0,0,NO_EMBED,EXACT_DP,PREFIX_MARGINAL,NO_EMBED,NEW_ABLATION_P0_TRAIN,
NO_EMBED,530101,20,7,truck,889,540,4454,585,0.6580427446569179,585,0.13134261338123035,0.6580427446569179,0.218978102189781,0.22696998111686517,0.307813789522659,0.25391737183110796,0.4916760404949382,NO_EMBED,EXACT_DP,PREFIX_MARGINAL,NO_EMBED,NEW_ABLATION_P0_TRAIN,
NO_EMBED,530101,20,8,traffic light,5158,1123,7463,2299,0.4457153935633967,2299,0.3080530617714056,0.4457153935633967,0.3643134458442279,0.08943182290643455,0.26118048097306845,0.04532137608928469,0.18573090345094997,NO_EMBED,EXACT_DP,PREFIX_MARGINAL,NO_EMBED,NEW_ABLATION_P0_TRAIN,
NO_EMBED,530101,30,1,person,2771,631,6209,1839,0.6636593287621797,1838,0.29602190368819453,0.6632984482136413,0.4093541202672605,0.2746719654417149,0.5302568327618685,0.24321829436025336,0.3681703356189102,NO_EMBED,EXACT_DP,PREFIX_MARGINAL,NO_EMBED,NEW_ABLATION_P0_TRAIN,
NO_EMBED,530101,30,2,bicycle,244,125,380,94,0.38524590163934425,90,0.23684210526315788,0.36885245901639346,0.28846153846153844,0.10924097499222885,0.24285561263403752,0.0839741736545172,0.19549180327868854,NO_EMBED,EXACT_DP,PREFIX_MARGINAL,NO_EMBED,NEW_ABLATION_P0_TRAIN,
NO_EMBED,530101,30,3,car,20453,1988,31589,14290,0.6986750110008312,14262,0.4514862768685302,0.6973060186769667,0.5480957688021214,0.3629906084723658,0.6039344953256264,0.3655779283535484,0.4341465799638195,NO_EMBED,EXACT_DP,PREFIX_MARGINAL,NO_EMBED,NEW_ABLATION_P0_TRAIN,
NO_EMBED,530101,30,4,motorcycle,95,66,268,30,0.3157894736842105,30,0.11194029850746269,0.3157894736842105,0.16528925619834714,0.0852227801641787,0.18898767276953832,0.0738480987940708,0.1736842105263158,NO_EMBED,EXACT_DP,PREFIX_MARGINAL,NO_EMBED,NEW_ABLATION_P0_TRAIN,
NO_EMBED,530101,30,5,bus,350,258,1580,225,0.6428571428571429,225,0.14240506329113925,0.6428571428571429,0.23316062176165805,0.29573559779442593,0.37094281923617595,0.3396810689037114,0.5134285714285715,NO_EMBED,EXACT_DP,PREFIX_MARGINAL,NO_EMBED,NEW_ABLATION_P0_TRAIN,
NO_EMBED,530101,30,6,train,6,5,167,0,0,0,0,0,0,0,0,0,0,NO_EMBED,EXACT_DP,PREFIX_MARGINAL,NO_EMBED,NEW_ABLATION_P0_TRAIN,
NO_EMBED,530101,30,7,truck,889,540,7423,641,0.7210348706411699,641,0.08635322645830527,0.7210348706411699,0.15423484119345526,0.22909118626483713,0.3120824329736707,0.25580122212533657,0.5298087739032621,NO_EMBED,EXACT_DP,PREFIX_MARGINAL,NO_EMBED,NEW_ABLATION_P0_TRAIN,
NO_EMBED,530101,30,8,traffic light,5158,1123,12384,2655,0.5147343931756495,2654,0.21430878552971577,0.514540519581233,0.3025880743358796,0.09416896203624886,0.27817531937487394,0.04677839579233486,0.21178751454051956,NO_EMBED,EXACT_DP,PREFIX_MARGINAL,NO_EMBED,NEW_ABLATION_P0_TRAIN,
NO_EMBED,530101,40,1,person,2771,631,8208,1859,0.6708769397329484,1858,0.226364522417154,0.6705160591844099,0.3384643410146643,0.2751217489352693,0.5319728894196017,0.24320047493895838,0.3714904366654638,NO_EMBED,EXACT_DP,PREFIX_MARGINAL,NO_EMBED,NEW_ABLATION_P0_TRAIN,
NO_EMBED,530101,40,2,bicycle,244,125,479,97,0.3975409836065574,93,0.1941544885177453,0.38114754098360654,0.2572614107883818,0.10998080955063513,0.24679835974388292,0.08496660074944522,0.2012295081967213,NO_EMBED,EXACT_DP,PREFIX_MARGINAL,NO_EMBED,NEW_ABLATION_P0_TRAIN,
NO_EMBED,530101,40,3,car,20453,1988,40891,14937,0.7303085121986994,14909,0.36460345797363725,0.728939519874835,0.48607850808555036,0.3679062771281535,0.6156282825431013,0.36811232847833986,0.4474160269887058,NO_EMBED,EXACT_DP,PREFIX_MARGINAL,NO_EMBED,NEW_ABLATION_P0_TRAIN,
NO_EMBED,530101,40,4,motorcycle,95,66,391,31,0.3263157894736842,31,0.0792838874680307,0.3263157894736842,0.12757201646090535,0.0852849296525862,0.18938027050609046,0.0736498870737659,0.17789473684210527,NO_EMBED,EXACT_DP,PREFIX_MARGINAL,NO_EMBED,NEW_ABLATION_P0_TRAIN,
NO_EMBED,530101,40,5,bus,350,258,2093,230,0.6571428571428571,230,0.10989010989010989,0.6571428571428571,0.1882930822758903,0.29608894822343834,0.37168389234925014,0.33911525241613577,0.5228571428571429,NO_EMBED,EXACT_DP,PREFIX_MARGINAL,NO_EMBED,NEW_ABLATION_P0_TRAIN,
NO_EMBED,530101,40,6,train,6,5,361,0,0,0,0,0,0,0,0,0,0,NO_EMBED,EXACT_DP,PREFIX_MARGINAL,NO_EMBED,NEW_ABLATION_P0_TRAIN,
NO_EMBED,530101,40,7,truck,889,540,10200,667,0.750281214848144,667,0.0653921568627451,0.750281214848144,0.12029939579763732,0.23010501459080812,0.3134484237518554,0.2572519284367395,0.5510686164229471,NO_EMBED,EXACT_DP,PREFIX_MARGINAL,NO_EMBED,NEW_ABLATION_P0_TRAIN,
NO_EMBED,530101,40,8,traffic light,5158,1123,17377,2806,0.5440093059325319,2804,0.16136272083788916,0.5436215587436991,0.2488573330374972,0.09543329503087843,0.2833421849279501,0.04724654581431298,0.22219852656068242,NO_EMBED,EXACT_DP,PREFIX_MARGINAL,NO_EMBED,NEW_ABLATION_P0_TRAIN,
NO_EMBED,530102,10,1,person,2771,631,2080,1420,0.512450378924576,1420,0.6826923076923077,0.512450378924576,0.585446299732014,0.2466511733267662,0.45819542145226105,0.22932576849945627,0.29844821364128477,NO_EMBED,EXACT_DP,PREFIX_MARGINAL,NO_EMBED,NEW_ABLATION_P0_TRAIN,
NO_EMBED,530102,10,2,bicycle,244,125,105,56,0.22950819672131148,56,0.5333333333333333,0.22950819672131148,0.32091690544412604,0.09105455507785964,0.1917955121184545,0.07465612614127466,0.12499999999999997,NO_EMBED,EXACT_DP,PREFIX_MARGINAL,NO_EMBED,NEW_ABLATION_P0_TRAIN,
NO_EMBED,530102,10,3,car,20453,1988,12927,10413,0.5091184667285973,10408,0.8051365359325443,0.5088740038136215,0.6236069502696227,0.3168721460044242,0.48178419048262583,0.3388958878502589,0.35058426636679213,NO_EMBED,EXACT_DP,PREFIX_MARGINAL,NO_EMBED,NEW_ABLATION_P0_TRAIN,
NO_EMBED,530102,10,4,motorcycle,95,66,43,17,0.17894736842105263,17,0.3953488372093023,0.17894736842105263,0.2463768115942029,0.07032214046466682,0.14936306906124858,0.06471185580096471,0.08736842105263158,NO_EMBED,EXACT_DP,PREFIX_MARGINAL,NO_EMBED,NEW_ABLATION_P0_TRAIN,
NO_EMBED,530102,10,5,bus,350,258,492,167,0.47714285714285715,167,0.3394308943089431,0.47714285714285715,0.39667458432304037,0.2727182034106802,0.3354318050712404,0.3131834044075479,0.394,NO_EMBED,EXACT_DP,PREFIX_MARGINAL,NO_EMBED,NEW_ABLATION_P0_TRAIN,
NO_EMBED,530102,10,6,train,6,5,69,0,0,0,0,0,0,0,0,0,0,NO_EMBED,EXACT_DP,PREFIX_MARGINAL,NO_EMBED,NEW_ABLATION_P0_TRAIN,
NO_EMBED,530102,10,7,truck,889,540,1526,448,0.5039370078740157,448,0.29357798165137616,0.5039370078740157,0.3710144927536232,0.21592733303550665,0.2897808689398104,0.2440666932588612,0.3925759280089989,NO_EMBED,EXACT_DP,PREFIX_MARGINAL,NO_EMBED,NEW_ABLATION_P0_TRAIN,
NO_EMBED,530102,10,8,traffic light,5158,1123,2758,1374,0.26638231872818924,1374,0.49818709209572154,0.26638231872818924,0.347145022738757,0.06962313183115545,0.18801182645692024,0.04184513954723031,0.11834044203179525,NO_EMBED,EXACT_DP,PREFIX_MARGINAL,NO_EMBED,NEW_ABLATION_P0_TRAIN,
NO_EMBED,530102,15,1,person,2771,631,3165,1650,0.5954529050884158,1649,0.5210110584518167,0.5950920245398773,0.5555929919137467,0.26507651087947703,0.5053415769742831,0.23939319828534703,0.33742331288343563,NO_EMBED,EXACT_DP,PREFIX_MARGINAL,NO_EMBED,NEW_ABLATION_P0_TRAIN,
NO_EMBED,530102,15,2,bicycle,244,125,192,76,0.3114754098360656,72,0.375,0.29508196721311475,0.3302752293577982,0.10023547570979495,0.22196087864972802,0.07821772986664019,0.15245901639344261,NO_EMBED,EXACT_DP,PREFIX_MARGINAL,NO_EMBED,NEW_ABLATION_P0_TRAIN,
NO_EMBED,530102,15,3,car,20453,1988,17653,12150,0.5940448833911895,12136,0.687475216677052,0.5933603872292573,0.6369600587833937,0.3419718116785827,0.5491409134914753,0.3545572534422022,0.3893756417151518,NO_EMBED,EXACT_DP,PREFIX_MARGINAL,NO_EMBED,NEW_ABLATION_P0_TRAIN,
NO_EMBED,530102,15,4,motorcycle,95,66,98,23,0.24210526315789474,23,0.23469387755102042,0.24210526315789474,0.2383419689119171,0.07921399357034083,0.1770409725392461,0.06862623762376237,0.1231578947368421,NO_EMBED,EXACT_DP,PREFIX_MARGINAL,NO_EMBED,NEW_ABLATION_P0_TRAIN,
NO_EMBED,530102,15,5,bus,350,258,813,192,0.5485714285714286,192,0.23616236162361623,0.5485714285714286,0.3301805674978504,0.2849310321598045,0.3533177502253803,0.3275772350048659,0.4462857142857143,NO_EMBED,EXACT_DP,PREFIX_MARGINAL,NO_EMBED,NEW_ABLATION_P0_TRAIN,
NO_EMBED,530102,15,6,train,6,5,79,0,0,0,0,0,0,0,0,0,0,NO_EMBED,EXACT_DP,PREFIX_MARGINAL,NO_EMBED,NEW_ABLATION_P0_TRAIN,
NO_EMBED,530102,15,7,truck,889,540,2943,533,0.5995500562429696,533,0.18110771321780497,0.5995500562429696,0.2781837160751566,0.22363148192187352,0.30151278534642784,0.2501135488640949,0.4539932508436446,NO_EMBED,EXACT_DP,PREFIX_MARGINAL,NO_EMBED,NEW_ABLATION_P0_TRAIN,
NO_EMBED,530102,15,8,traffic light,5158,1123,5057,1959,0.3797983714618069,1959,0.3873838244018193,0.3797983714618069,0.38355359765051394,0.08365367330538864,0.23728768154431218,0.044334403520549286,0.16138037999224503,NO_EMBED,EXACT_DP,PREFIX_MARGINAL,NO_EMBED,NEW_ABLATION_P0_TRAIN,
NO_EMBED,530102,20,1,person,2771,631,4237,1760,0.6351497654276435,1759,0.41515223035166393,0.634788884879105,0.5019977168949772,0.2713688523576494,0.521643782751057,0.24160042870549286,0.35517863587152654,NO_EMBED,EXACT_DP,PREFIX_MARGINAL,NO_EMBED,NEW_ABLATION_P0_TRAIN,
NO_EMBED,530102,20,2,bicycle,244,125,274,82,0.3360655737704918,78,0.2846715328467153,0.319672131147541,0.30115830115830117,0.10456474140340971,0.22812971419166858,0.08288151027232642,0.17254098360655737,NO_EMBED,EXACT_DP,PREFIX_MARGINAL,NO_EMBED,NEW_ABLATION_P0_TRAIN,
NO_EMBED,530102,20,3,car,20453,1988,22169,13076,0.6393194152447074,13057,0.5889755965537462,0.6383904561677993,0.6126882830463142,0.35253407338166887,0.5737273043321145,0.3587259470256834,0.4089326749132156,NO_EMBED,EXACT_DP,PREFIX_MARGINAL,NO_EMBED,NEW_ABLATION_P0_TRAIN,
NO_EMBED,530102,20,4,motorcycle,95,66,162,25,0.2631578947368421,25,0.15432098765432098,0.2631578947368421,0.19455252918287938,0.08163413587738914,0.18112702921314383,0.07161287151805788,0.14,NO_EMBED,EXACT_DP,PREFIX_MARGINAL,NO_EMBED,NEW_ABLATION_P0_TRAIN,
NO_EMBED,530102,20,5,bus,350,258,1086,208,0.5942857142857143,208,0.19152854511970535,0.5942857142857143,0.28969359331476324,0.2898180616508083,0.36304720558861814,0.332649591520153,0.4751428571428571,NO_EMBED,EXACT_DP,PREFIX_MARGINAL,NO_EMBED,NEW_ABLATION_P0_TRAIN,
NO_EMBED,530102,20,6,train,6,5,107,0,0,0,0,0,0,0,0,0,0,NO_EMBED,EXACT_DP,PREFIX_MARGINAL,NO_EMBED,NEW_ABLATION_P0_TRAIN,
NO_EMBED,530102,20,7,truck,889,540,4583,591,0.6647919010123734,591,0.12895483307876937,0.6647919010123734,0.21600877192982457,0.22710558726242022,0.3086517178173875,0.25344963734922715,0.49516310461192353,NO_EMBED,EXACT_DP,PREFIX_MARGINAL,NO_EMBED,NEW_ABLATION_P0_TRAIN,
NO_EMBED,530102,20,8,traffic light,5158,1123,7382,2287,0.44338891043039935,2287,0.30980764020590623,0.44338891043039935,0.3647527910685805,0.08948488305203166,0.2610542482365263,0.04620226061382636,0.18520744474602557,NO_EMBED,EXACT_DP,PREFIX_MARGINAL,NO_EMBED,NEW_ABLATION_P0_TRAIN,
NO_EMBED,530102,30,1,person,2771,631,6251,1839,0.6636593287621797,1838,0.29403295472724367,0.6632984482136413,0.4074484593216582,0.2746556055494748,0.5302188295728048,0.24321263011506838,0.36813424756405627,NO_EMBED,EXACT_DP,PREFIX_MARGINAL,NO_EMBED,NEW_ABLATION_P0_TRAIN,
NO_EMBED,530102,30,2,bicycle,244,125,416,94,0.38524590163934425,90,0.21634615384615385,0.36885245901639346,0.27272727272727276,0.10933371299285644,0.24264054212137012,0.08394805325576726,0.19631147540983607,NO_EMBED,EXACT_DP,PREFIX_MARGINAL,NO_EMBED,NEW_ABLATION_P0_TRAIN,
NO_EMBED,530102,30,3,car,20453,1988,31461,14294,0.6988705813328118,14266,0.45345030355042754,0.6975015890089473,0.5496012636283083,0.36302943195108894,0.6040227261154006,0.36559812533353747,0.4344301569451914,NO_EMBED,EXACT_DP,PREFIX_MARGINAL,NO_EMBED,NEW_ABLATION_P0_TRAIN,
NO_EMBED,530102,30,4,motorcycle,95,66,292,31,0.3263157894736842,31,0.10616438356164383,0.3263157894736842,0.16020671834625325,0.08547640056515417,0.18977693063461162,0.07373411809862036,0.17789473684210527,NO_EMBED,EXACT_DP,PREFIX_MARGINAL,NO_EMBED,NEW_ABLATION_P0_TRAIN,
NO_EMBED,530102,30,5,bus,350,258,1618,226,0.6457142857142857,226,0.13967861557478367,0.6457142857142857,0.22967479674796748,0.2954871303996116,0.37096674654989326,0.33837848625984573,0.5134285714285715,NO_EMBED,EXACT_DP,PREFIX_MARGINAL,NO_EMBED,NEW_ABLATION_P0_TRAIN,
NO_EMBED,530102,30,6,train,6,5,197,0,0,0,0,0,0,0,0,0,0,NO_EMBED,EXACT_DP,PREFIX_MARGINAL,NO_EMBED,NEW_ABLATION_P0_TRAIN,
NO_EMBED,530102,30,7,truck,889,540,7611,642,0.7221597300337458,642,0.0843515963736697,0.7221597300337458,0.15105882352941175,0.22902567481165093,0.3119766126893716,0.25572224934855986,0.5300337457817773,NO_EMBED,EXACT_DP,PREFIX_MARGINAL,NO_EMBED,NEW_ABLATION_P0_TRAIN,
NO_EMBED,530102,30,8,traffic light,5158,1123,12154,2642,0.5122140364482357,2641,0.2172947177883824,0.5120201628538193,0.3051062846580407,0.09416568156728962,0.27820500765337974,0.04680796543151472,0.21072120977122913,NO_EMBED,EXACT_DP,PREFIX_MARGINAL,NO_EMBED,NEW_ABLATION_P0_TRAIN,
NO_EMBED,530102,40,1,person,2771,631,8283,1860,0.6712378202814868,1859,0.2244355909694555,0.6708769397329484,0.3363488330016283,0.2751355601219035,0.5320657455724657,0.24320287202678664,0.37174305304944066,NO_EMBED,EXACT_DP,PREFIX_MARGINAL,NO_EMBED,NEW_ABLATION_P0_TRAIN,
NO_EMBED,530102,40,2,bicycle,244,125,488,97,0.3975409836065574,93,0.19057377049180327,0.38114754098360654,0.25409836065573765,0.11000590888305628,0.2468518738031396,0.08498615419231721,0.2012295081967213,NO_EMBED,EXACT_DP,PREFIX_MARGINAL,NO_EMBED,NEW_ABLATION_P0_TRAIN,
NO_EMBED,530102,40,3,car,20453,1988,40839,14930,0.7299662641177334,14900,0.36484732730967945,0.7284994866278786,0.4861972198655616,0.3679136755468774,0.6156436423186363,0.36811523738314256,0.4473524666308121,NO_EMBED,EXACT_DP,PREFIX_MARGINAL,NO_EMBED,NEW_ABLATION_P0_TRAIN,
NO_EMBED,530102,40,4,motorcycle,95,66,408,31,0.3263157894736842,31,0.07598039215686274,0.3263157894736842,0.12326043737574552,0.08528325658864536,0.18937577158340027,0.0736498870737659,0.17789473684210527,NO_EMBED,EXACT_DP,PREFIX_MARGINAL,NO_EMBED,NEW_ABLATION_P0_TRAIN,
NO_EMBED,530102,40,5,bus,350,258,2118,232,0.6628571428571428,232,0.10953729933899906,0.6628571428571428,0.1880064829821718,0.29658985808592275,0.3729398274656915,0.340233948702983,0.526,NO_EMBED,EXACT_DP,PREFIX_MARGINAL,NO_EMBED,NEW_ABLATION_P0_TRAIN,
NO_EMBED,530102,40,6,train,6,5,420,0,0,0,0,0,0,0,0,0,0,NO_EMBED,EXACT_DP,PREFIX_MARGINAL,NO_EMBED,NEW_ABLATION_P0_TRAIN,
NO_EMBED,530102,40,7,truck,889,540,10368,672,0.7559055118110236,672,0.06481481481481481,0.7559055118110236,0.1193923780758639,0.23029710892998148,0.3134772226748415,0.25727665991377824,0.555230596175478,NO_EMBED,EXACT_DP,PREFIX_MARGINAL,NO_EMBED,NEW_ABLATION_P0_TRAIN,
NO_EMBED,530102,40,8,traffic light,5158,1123,17076,2803,0.5434276851492826,2801,0.16403138908409465,0.5430399379604498,0.2519564630745705,0.09545498417211383,0.2834357961649476,0.04725443462315112,0.22198526560682436,NO_EMBED,EXACT_DP,PREFIX_MARGINAL,NO_EMBED,NEW_ABLATION_P0_TRAIN,
NO_EMBED,530103,10,1,person,2771,631,2177,1454,0.5247203175748827,1453,0.6674322462103812,0.5243594370263442,0.5873080032336297,0.24897590332905928,0.46498368646125987,0.22929499415358473,0.30353662937567666,NO_EMBED,EXACT_DP,PREFIX_MARGINAL,NO_EMBED,NEW_ABLATION_P0_TRAIN,
NO_EMBED,530103,10,2,bicycle,244,125,109,57,0.2336065573770492,57,0.5229357798165137,0.2336065573770492,0.3229461756373938,0.09140994480166084,0.1965715968735245,0.07450258645521636,0.12540983606557377,NO_EMBED,EXACT_DP,PREFIX_MARGINAL,NO_EMBED,NEW_ABLATION_P0_TRAIN,
NO_EMBED,530103,10,3,car,20453,1988,12962,10458,0.5113186329633794,10452,0.806357043666101,0.5110252774654085,0.6255873110878348,0.3175162989335802,0.490009720209813,0.33892155588722533,0.3514936684105021,NO_EMBED,EXACT_DP,PREFIX_MARGINAL,NO_EMBED,NEW_ABLATION_P0_TRAIN,
NO_EMBED,530103,10,4,motorcycle,95,66,44,18,0.18947368421052632,18,0.4090909090909091,0.18947368421052632,0.2589928057553957,0.07134098428453267,0.15955150725990713,0.06471185580096471,0.08842105263157896,NO_EMBED,EXACT_DP,PREFIX_MARGINAL,NO_EMBED,NEW_ABLATION_P0_TRAIN,
NO_EMBED,530103,10,5,bus,350,258,459,161,0.46,161,0.35076252723311546,0.46,0.39802224969097655,0.2700960600864691,0.3323373826495065,0.3102537442036346,0.38457142857142856,NO_EMBED,EXACT_DP,PREFIX_MARGINAL,NO_EMBED,NEW_ABLATION_P0_TRAIN,
NO_EMBED,530103,10,6,train,6,5,66,0,0,0,0,0,0,0,0,0,0,NO_EMBED,EXACT_DP,PREFIX_MARGINAL,NO_EMBED,NEW_ABLATION_P0_TRAIN,
NO_EMBED,530103,10,7,truck,889,540,1496,449,0.5050618672665916,449,0.30013368983957217,0.5050618672665916,0.3765199161425577,0.2160939834328245,0.2899898471180864,0.24165895493771036,0.3917885264341957,NO_EMBED,EXACT_DP,PREFIX_MARGINAL,NO_EMBED,NEW_ABLATION_P0_TRAIN,
NO_EMBED,530103,10,8,traffic light,5158,1123,2687,1334,0.2586273749515316,1334,0.4964644585039077,0.2586273749515316,0.34008922880815806,0.06818584611452773,0.1821422593411163,0.0416140411132248,0.11537417603722373,NO_EMBED,EXACT_DP,PREFIX_MARGINAL,NO_EMBED,NEW_ABLATION_P0_TRAIN,
NO_EMBED,530103,15,1,person,2771,631,3308,1671,0.6030313966077229,1670,0.5048367593712213,0.6026705160591844,0.5494324724461261,0.26691549050054497,0.5101242943754926,0.2392769193727308,0.34110429447852764,NO_EMBED,EXACT_DP,PREFIX_MARGINAL,NO_EMBED,NEW_ABLATION_P0_TRAIN,
NO_EMBED,530103,15,2,bicycle,244,125,188,75,0.3073770491803279,72,0.3829787234042553,0.29508196721311475,0.3333333333333333,0.09937913028125335,0.22217443880627213,0.07831634852638998,0.14918032786885244,NO_EMBED,EXACT_DP,PREFIX_MARGINAL,NO_EMBED,NEW_ABLATION_P0_TRAIN,
NO_EMBED,530103,15,3,car,20453,1988,17659,12164,0.5947293795531218,12151,0.6880910583838269,0.5940937759741847,0.6376469353484466,0.3426229218966499,0.5492471238470719,0.35457210543842976,0.3894832053977412,NO_EMBED,EXACT_DP,PREFIX_MARGINAL,NO_EMBED,NEW_ABLATION_P0_TRAIN,
NO_EMBED,530103,15,4,motorcycle,95,66,83,23,0.24210526315789474,23,0.27710843373493976,0.24210526315789474,0.25842696629213485,0.08048579035180732,0.1799197634673127,0.06914823061253493,0.1231578947368421,NO_EMBED,EXACT_DP,PREFIX_MARGINAL,NO_EMBED,NEW_ABLATION_P0_TRAIN,
NO_EMBED,530103,15,5,bus,350,258,758,190,0.5428571428571428,190,0.25065963060686014,0.5428571428571428,0.34296028880866425,0.28463448411363734,0.35413515593702954,0.32829195464957645,0.44228571428571417,NO_EMBED,EXACT_DP,PREFIX_MARGINAL,NO_EMBED,NEW_ABLATION_P0_TRAIN,
NO_EMBED,530103,15,6,train,6,5,76,0,0,0,0,0,0,0,0,0,0,NO_EMBED,EXACT_DP,PREFIX_MARGINAL,NO_EMBED,NEW_ABLATION_P0_TRAIN,
NO_EMBED,530103,15,7,truck,889,540,2901,531,0.5973003374578177,531,0.18304033092037228,0.5973003374578177,0.28021108179419524,0.22359767995968335,0.30210343749322405,0.2505972396047559,0.45196850393700777,NO_EMBED,EXACT_DP,PREFIX_MARGINAL,NO_EMBED,NEW_ABLATION_P0_TRAIN,
NO_EMBED,530103,15,8,traffic light,5158,1123,5027,1953,0.3786351298953083,1953,0.3885020887209071,0.3786351298953083,0.3835051546391753,0.08345718141802343,0.237589544366352,0.04438885168892813,0.1613609926328034,NO_EMBED,EXACT_DP,PREFIX_MARGINAL,NO_EMBED,NEW_ABLATION_P0_TRAIN,
NO_EMBED,530103,20,1,person,2771,631,4316,1764,0.6365932876217972,1763,0.40848007414272475,0.6362324070732588,0.4975306899957669,0.27166253376214033,0.5216129379402223,0.24164915031229528,0.3562612775171418,NO_EMBED,EXACT_DP,PREFIX_MARGINAL,NO_EMBED,NEW_ABLATION_P0_TRAIN,
NO_EMBED,530103,20,2,bicycle,244,125,281,83,0.3401639344262295,79,0.28113879003558717,0.3237704918032787,0.30095238095238097,0.10435068661148385,0.2313762224245078,0.081105289317912,0.17131147540983607,NO_EMBED,EXACT_DP,PREFIX_MARGINAL,NO_EMBED,NEW_ABLATION_P0_TRAIN,
NO_EMBED,530103,20,3,car,20453,1988,22244,13106,0.6407861927345622,13083,0.5881586045675238,0.6396616633256735,0.6128299412136684,0.3525703563377303,0.5738250122622265,0.35874491119605123,0.4092260304111866,NO_EMBED,EXACT_DP,PREFIX_MARGINAL,NO_EMBED,NEW_ABLATION_P0_TRAIN,
NO_EMBED,530103,20,4,motorcycle,95,66,151,25,0.2631578947368421,25,0.16556291390728478,0.2631578947368421,0.2032520325203252,0.08194032563669541,0.1817298313601412,0.07183706257137276,0.14,NO_EMBED,EXACT_DP,PREFIX_MARGINAL,NO_EMBED,NEW_ABLATION_P0_TRAIN,
NO_EMBED,530103,20,5,bus,350,258,1056,206,0.5885714285714285,206,0.19507575757575757,0.5885714285714285,0.2930298719772404,0.2893361995612451,0.3613640656714623,0.3310827126735128,0.47057142857142853,NO_EMBED,EXACT_DP,PREFIX_MARGINAL,NO_EMBED,NEW_ABLATION_P0_TRAIN,
NO_EMBED,530103,20,6,train,6,5,100,0,0,0,0,0,0,0,0,0,0,NO_EMBED,EXACT_DP,PREFIX_MARGINAL,NO_EMBED,NEW_ABLATION_P0_TRAIN,
NO_EMBED,530103,20,7,truck,889,540,4418,582,0.6546681664791901,582,0.13173381620642824,0.6546681664791901,0.21933295647258338,0.22656021963448997,0.3073149584206877,0.2534231057352435,0.4884139482564679,NO_EMBED,EXACT_DP,PREFIX_MARGINAL,NO_EMBED,NEW_ABLATION_P0_TRAIN,
NO_EMBED,530103,20,8,traffic light,5158,1123,7434,2288,0.4435827840248158,2288,0.3077750874361044,0.4435827840248158,0.3634053367217281,0.08943825446035367,0.260940601302639,0.046196265822743256,0.18555641721597516,NO_EMBED,EXACT_DP,PREFIX_MARGINAL,NO_EMBED,NEW_ABLATION_P0_TRAIN,
NO_EMBED,530103,30,1,person,2771,631,6151,1838,0.6632984482136413,1837,0.29865062591448543,0.6629375676651028,0.4117910782335799,0.27455707742056384,0.530291086648841,0.24315225139525887,0.36777336701551794,NO_EMBED,EXACT_DP,PREFIX_MARGINAL,NO_EMBED,NEW_ABLATION_P0_TRAIN,
NO_EMBED,530103,30,2,bicycle,244,125,401,94,0.38524590163934425,90,0.22443890274314215,0.36885245901639346,0.27906976744186046,0.10940665363969526,0.2427706547320151,0.08397694704109958,0.19631147540983607,NO_EMBED,EXACT_DP,PREFIX_MARGINAL,NO_EMBED,NEW_ABLATION_P0_TRAIN,
NO_EMBED,530103,30,3,car,20453,1988,31554,14296,0.6989683664988021,14270,0.45224060341002725,0.697697159340928,0.5487722806545273,0.3630092139026611,0.603991021296635,0.3655725427637082,0.4344888280447856,NO_EMBED,EXACT_DP,PREFIX_MARGINAL,NO_EMBED,NEW_ABLATION_P0_TRAIN,
NO_EMBED,530103,30,4,motorcycle,95,66,269,30,0.3157894736842105,30,0.11152416356877323,0.3157894736842105,0.16483516483516483,0.08525759925715409,0.18898413730090097,0.07392044771827068,0.1736842105263158,NO_EMBED,EXACT_DP,PREFIX_MARGINAL,NO_EMBED,NEW_ABLATION_P0_TRAIN,
NO_EMBED,530103,30,5,bus,350,258,1548,225,0.6428571428571429,225,0.14534883720930233,0.6428571428571429,0.23709167544783985,0.2958244746654779,0.3710633101123525,0.33980028238995996,0.5134285714285715,NO_EMBED,EXACT_DP,PREFIX_MARGINAL,NO_EMBED,NEW_ABLATION_P0_TRAIN,
NO_EMBED,530103,30,6,train,6,5,153,0,0,0,0,0,0,0,0,0,0,NO_EMBED,EXACT_DP,PREFIX_MARGINAL,NO_EMBED,NEW_ABLATION_P0_TRAIN,
NO_EMBED,530103,30,7,truck,889,540,7469,642,0.7221597300337458,642,0.08595528183157049,0.7221597300337458,0.15362526920315864,0.22911926419580625,0.31213860606962796,0.25582592548082067,0.5302587176602924,NO_EMBED,EXACT_DP,PREFIX_MARGINAL,NO_EMBED,NEW_ABLATION_P0_TRAIN,
NO_EMBED,530103,30,8,traffic light,5158,1123,12455,2666,0.5168670027142304,2665,0.21397029305499798,0.5166731291198139,0.3026173848861636,0.0941955812175557,0.27829353534470247,0.046812970621407726,0.21233036060488558,NO_EMBED,EXACT_DP,PREFIX_MARGINAL,NO_EMBED,NEW_ABLATION_P0_TRAIN,
NO_EMBED,530103,40,1,person,2771,631,8136,1860,0.6712378202814868,1859,0.22849065880039332,0.6708769397329484,0.34088200238379024,0.27514382501559087,0.5320478511716267,0.24321009103605834,0.371670876939733,NO_EMBED,EXACT_DP,PREFIX_MARGINAL,NO_EMBED,NEW_ABLATION_P0_TRAIN,
NO_EMBED,530103,40,2,bicycle,244,125,484,97,0.3975409836065574,93,0.1921487603305785,0.38114754098360654,0.2554945054945055,0.10997194715157488,0.24677374014023046,0.08496056215672504,0.2012295081967213,NO_EMBED,EXACT_DP,PREFIX_MARGINAL,NO_EMBED,NEW_ABLATION_P0_TRAIN,
NO_EMBED,530103,40,3,car,20453,1988,40841,14925,0.7297218012027575,14898,0.3647804901936779,0.7284017014618882,0.4861160961921232,0.3678967113463618,0.6156179880256846,0.3681045959821416,0.44732313108101496,NO_EMBED,EXACT_DP,PREFIX_MARGINAL,NO_EMBED,NEW_ABLATION_P0_TRAIN,
NO_EMBED,530103,40,4,motorcycle,95,66,392,31,0.3263157894736842,31,0.07908163265306123,0.3263157894736842,0.1273100616016427,0.08528869690103853,0.18939043677332962,0.0736498870737659,0.17789473684210527,NO_EMBED,EXACT_DP,PREFIX_MARGINAL,NO_EMBED,NEW_ABLATION_P0_TRAIN,
NO_EMBED,530103,40,5,bus,350,258,2067,230,0.6571428571428571,230,0.11127237542331882,0.6571428571428571,0.19031857674803476,0.2961571614059114,0.37180218106281626,0.33922620099811035,0.5231428571428571,NO_EMBED,EXACT_DP,PREFIX_MARGINAL,NO_EMBED,NEW_ABLATION_P0_TRAIN,
NO_EMBED,530103,40,6,train,6,5,343,0,0,0,0,0,0,0,0,0,0,NO_EMBED,EXACT_DP,PREFIX_MARGINAL,NO_EMBED,NEW_ABLATION_P0_TRAIN,
NO_EMBED,530103,40,7,truck,889,540,10274,669,0.7525309336332958,669,0.06511582635779638,0.7525309336332958,0.11986025262026337,0.23026698013363187,0.31348571687786697,0.2572922599471105,0.5538807649043869,NO_EMBED,EXACT_DP,PREFIX_MARGINAL,NO_EMBED,NEW_ABLATION_P0_TRAIN,
NO_EMBED,530103,40,8,traffic light,5158,1123,17463,2814,0.5455602946878635,2812,0.16102616961575902,0.5451725474990307,0.24861854029441668,0.09544793120024914,0.28341051337621126,0.04726057413338571,0.2227995347033734,NO_EMBED,EXACT_DP,PREFIX_MARGINAL,NO_EMBED,NEW_ABLATION_P0_TRAIN,
NO_PREFIX,530101,10,1,person,2771,631,2100,1436,0.5182244677011909,1435,0.6833333333333333,0.5178635871526525,0.5892013960172449,0.2473470377952393,0.4585822264732573,0.2297095619719698,0.3011909058101769,NO_PREFIX,EXACT_DP,PREFIX_MARGINAL,NO_PREFIX,NEW_ABLATION_P0_TRAIN,
NO_PREFIX,530101,10,2,bicycle,244,125,92,52,0.21311475409836064,50,0.5434782608695652,0.20491803278688525,0.2976190476190476,0.08733671603093847,0.18015828819235463,0.07496408496699702,0.11557377049180328,NO_PREFIX,EXACT_DP,PREFIX_MARGINAL,NO_PREFIX,NEW_ABLATION_P0_TRAIN,
NO_PREFIX,530101,10,3,car,20453,1988,13051,10485,0.5126387327042488,10480,0.8030036012566086,0.5123942697892729,0.6255969436485195,0.3184365824538115,0.48989750466256693,0.3388919091548669,0.3530875666161443,NO_PREFIX,EXACT_DP,PREFIX_MARGINAL,NO_PREFIX,NEW_ABLATION_P0_TRAIN,
NO_PREFIX,530101,10,4,motorcycle,95,66,44,18,0.18947368421052632,18,0.4090909090909091,0.18947368421052632,0.2589928057553957,0.0710478242548037,0.1585103360300307,0.06461312797946461,0.08842105263157896,NO_PREFIX,EXACT_DP,PREFIX_MARGINAL,NO_PREFIX,NEW_ABLATION_P0_TRAIN,
NO_PREFIX,530101,10,5,bus,350,258,454,164,0.4685714285714286,164,0.36123348017621143,0.4685714285714286,0.40796019900497515,0.2722986118157951,0.3330406178011653,0.31457504512811607,0.38857142857142857,NO_PREFIX,EXACT_DP,PREFIX_MARGINAL,NO_PREFIX,NEW_ABLATION_P0_TRAIN,
NO_PREFIX,530101,10,6,train,6,5,65,0,0,0,0,0,0,0,0,0,0,NO_PREFIX,EXACT_DP,PREFIX_MARGINAL,NO_PREFIX,NEW_ABLATION_P0_TRAIN,
NO_PREFIX,530101,10,7,truck,889,540,1432,431,0.484814398200225,431,0.3009776536312849,0.484814398200225,0.3713916415338216,0.21278216864643895,0.284424718752911,0.23926246892103323,0.37671541057367824,NO_PREFIX,EXACT_DP,PREFIX_MARGINAL,NO_PREFIX,NEW_ABLATION_P0_TRAIN,
NO_PREFIX,530101,10,8,traffic light,5158,1123,2762,1397,0.27084141139976736,1397,0.5057929036929761,0.27084141139976736,0.35277777777777775,0.07106323681096449,0.19348278357079654,0.04191512273568013,0.12066692516479256,NO_PREFIX,EXACT_DP,PREFIX_MARGINAL,NO_PREFIX,NEW_ABLATION_P0_TRAIN,
NO_PREFIX,530101,15,1,person,2771,631,3148,1643,0.5929267412486467,1642,0.5216010165184244,0.5925658607001083,0.5548234499070789,0.2645683993358547,0.5051646621488032,0.2394128572835095,0.3370263442800433,NO_PREFIX,EXACT_DP,PREFIX_MARGINAL,NO_PREFIX,NEW_ABLATION_P0_TRAIN,
NO_PREFIX,530101,15,2,bicycle,244,125,185,72,0.29508196721311475,69,0.372972972972973,0.2827868852459016,0.3216783216783217,0.0992021753752538,0.21815797794891184,0.0783416334228197,0.14999999999999997,NO_PREFIX,EXACT_DP,PREFIX_MARGINAL,NO_PREFIX,NEW_ABLATION_P0_TRAIN,
NO_PREFIX,530101,15,3,car,20453,1988,17916,12234,0.598151860362783,12219,0.6820160750167448,0.5974184716178556,0.6369204305559174,0.3430969869124032,0.5490601906432024,0.3545270538391197,0.39122378135236885,NO_PREFIX,EXACT_DP,PREFIX_MARGINAL,NO_PREFIX,NEW_ABLATION_P0_TRAIN,
NO_PREFIX,530101,15,4,motorcycle,95,66,87,22,0.23157894736842105,22,0.25287356321839083,0.23157894736842105,0.24175824175824176,0.07853804216292334,0.17600126016187378,0.06740826794943645,0.11578947368421053,NO_PREFIX,EXACT_DP,PREFIX_MARGINAL,NO_PREFIX,NEW_ABLATION_P0_TRAIN,
NO_PREFIX,530101,15,5,bus,350,258,767,192,0.5485714285714286,192,0.2503259452411995,0.5485714285714286,0.34377797672336613,0.2846843976981119,0.35324046182164975,0.32742600763828217,0.44571428571428573,NO_PREFIX,EXACT_DP,PREFIX_MARGINAL,NO_PREFIX,NEW_ABLATION_P0_TRAIN,
NO_PREFIX,530101,15,6,train,6,5,80,0,0,0,0,0,0,0,0,0,0,NO_PREFIX,EXACT_DP,PREFIX_MARGINAL,NO_PREFIX,NEW_ABLATION_P0_TRAIN,
NO_PREFIX,530101,15,7,truck,889,540,2774,524,0.5894263217097863,524,0.18889689978370583,0.5894263217097863,0.28610428610428607,0.22347694115163552,0.3012068088263577,0.2512374433542462,0.4481439820022497,NO_PREFIX,EXACT_DP,PREFIX_MARGINAL,NO_PREFIX,NEW_ABLATION_P0_TRAIN,
NO_PREFIX,530101,15,8,traffic light,5158,1123,5043,2003,0.3883288096161303,2003,0.39718421574459645,0.3883288096161303,0.3927065973924125,0.08522323752574279,0.24269163329128485,0.04578639742990026,0.16585886002326483,NO_PREFIX,EXACT_DP,PREFIX_MARGINAL,NO_PREFIX,NEW_ABLATION_P0_TRAIN,
NO_PREFIX,530101,20,1,person,2771,631,4206,1756,0.6337062432334897,1755,0.4172610556348074,0.6333453626849512,0.5030815536763652,0.271501490805804,0.5219337955245134,0.2416551983812843,0.35488993143269576,NO_PREFIX,EXACT_DP,PREFIX_MARGINAL,NO_PREFIX,NEW_ABLATION_P0_TRAIN,
NO_PREFIX,530101,20,2,bicycle,244,125,256,81,0.3319672131147541,77,0.30078125,0.3155737704918033,0.308,0.10355615929935497,0.22834159197705053,0.08118122929751204,0.16803278688524595,NO_PREFIX,EXACT_DP,PREFIX_MARGINAL,NO_PREFIX,NEW_ABLATION_P0_TRAIN,
NO_PREFIX,530101,20,3,car,20453,1988,22471,13165,0.6436708551312765,13140,0.5847536825241423,0.6424485405563976,0.6122448979591836,0.3540058628291599,0.5796011716307076,0.36264552959567736,0.4111377304062973,NO_PREFIX,EXACT_DP,PREFIX_MARGINAL,NO_PREFIX,NEW_ABLATION_P0_TRAIN,
NO_PREFIX,530101,20,4,motorcycle,95,66,143,25,0.2631578947368421,25,0.17482517482517482,0.2631578947368421,0.21008403361344538,0.08202104495218401,0.18174835165488107,0.07198135667030149,0.14,NO_PREFIX,EXACT_DP,PREFIX_MARGINAL,NO_PREFIX,NEW_ABLATION_P0_TRAIN,
NO_PREFIX,530101,20,5,bus,350,258,1031,203,0.58,203,0.19689621726479145,0.58,0.29398986241853725,0.2885186895647343,0.36084397510285404,0.330615604142682,0.4665714285714285,NO_PREFIX,EXACT_DP,PREFIX_MARGINAL,NO_PREFIX,NEW_ABLATION_P0_TRAIN,
NO_PREFIX,530101,20,6,train,6,5,101,0,0,0,0,0,0,0,0,0,0,NO_PREFIX,EXACT_DP,PREFIX_MARGINAL,NO_PREFIX,NEW_ABLATION_P0_TRAIN,
NO_PREFIX,530101,20,7,truck,889,540,4367,577,0.6490438695163104,577,0.1321273185253034,0.6490438695163104,0.21955859969558597,0.2264912881574369,0.30631061525453734,0.25279613950149704,0.48616422947131605,NO_PREFIX,EXACT_DP,PREFIX_MARGINAL,NO_PREFIX,NEW_ABLATION_P0_TRAIN,
NO_PREFIX,530101,20,8,traffic light,5158,1123,7425,2330,0.4517254749903063,2330,0.3138047138047138,0.4517254749903063,0.37034093618374,0.09071558954364183,0.26490582024650455,0.04633374277416882,0.18902675455602944,NO_PREFIX,EXACT_DP,PREFIX_MARGINAL,NO_PREFIX,NEW_ABLATION_P0_TRAIN,
NO_PREFIX,530101,30,1,person,2771,631,6125,1840,0.6640202093107181,1839,0.3002448979591837,0.6636593287621797,0.4134442446043166,0.2747689806602372,0.5305348789064793,0.24327077930295987,0.3677011909058102,NO_PREFIX,EXACT_DP,PREFIX_MARGINAL,NO_PREFIX,NEW_ABLATION_P0_TRAIN,
NO_PREFIX,530101,30,2,bicycle,244,125,396,94,0.38524590163934425,90,0.22727272727272727,0.36885245901639346,0.28125,0.109522434564645,0.24302157755179998,0.08404498054881647,0.19672131147540983,NO_PREFIX,EXACT_DP,PREFIX_MARGINAL,NO_PREFIX,NEW_ABLATION_P0_TRAIN,
NO_PREFIX,530101,30,3,car,20453,1988,31775,14352,0.7017063511465311,14324,0.4507946498819827,0.7003373588226666,0.5485180363023665,0.36349235726022855,0.6085363231936959,0.36561860774032345,0.4356622500366695,NO_PREFIX,EXACT_DP,PREFIX_MARGINAL,NO_PREFIX,NEW_ABLATION_P0_TRAIN,
NO_PREFIX,530101,30,4,motorcycle,95,66,271,30,0.3157894736842105,30,0.11070110701107011,0.3157894736842105,0.1639344262295082,0.08509556422323243,0.18873737712952612,0.07375524396436178,0.1736842105263158,NO_PREFIX,EXACT_DP,PREFIX_MARGINAL,NO_PREFIX,NEW_ABLATION_P0_TRAIN,
NO_PREFIX,530101,30,5,bus,350,258,1540,223,0.6371428571428571,223,0.1448051948051948,0.6371428571428571,0.23597883597883595,0.2947562971101994,0.3694139519048731,0.3383572907891906,0.5085714285714286,NO_PREFIX,EXACT_DP,PREFIX_MARGINAL,NO_PREFIX,NEW_ABLATION_P0_TRAIN,
NO_PREFIX,530101,30,6,train,6,5,197,0,0,0,0,0,0,0,0,0,0,NO_PREFIX,EXACT_DP,PREFIX_MARGINAL,NO_PREFIX,NEW_ABLATION_P0_TRAIN,
NO_PREFIX,530101,30,7,truck,889,540,7369,643,0.7232845894263217,643,0.08725742977337494,0.7232845894263217,0.1557277791232744,0.22935765279461506,0.31209742719951455,0.25661135086121173,0.5335208098987626,NO_PREFIX,EXACT_DP,PREFIX_MARGINAL,NO_PREFIX,NEW_ABLATION_P0_TRAIN,
NO_PREFIX,530101,30,8,traffic light,5158,1123,12327,2689,0.5213260953858084,2688,0.21805792163543442,0.521132221791392,0.30746354017729477,0.09460307167260175,0.28076949235035775,0.0468257619042866,0.21407522295463358,NO_PREFIX,EXACT_DP,PREFIX_MARGINAL,NO_PREFIX,NEW_ABLATION_P0_TRAIN,
NO_PREFIX,530101,40,1,person,2771,631,8162,1860,0.6712378202814868,1859,0.22776280323450135,0.6708769397329484,0.34007134363852554,0.2751468444917763,0.5321006845597904,0.24320655502211835,0.37145434861060994,NO_PREFIX,EXACT_DP,PREFIX_MARGINAL,NO_PREFIX,NEW_ABLATION_P0_TRAIN,
NO_PREFIX,530101,40,2,bicycle,244,125,496,97,0.3975409836065574,93,0.1875,0.38114754098360654,0.2513513513513514,0.10997462648070441,0.2467924687152797,0.08496329175299293,0.2012295081967213,NO_PREFIX,EXACT_DP,PREFIX_MARGINAL,NO_PREFIX,NEW_ABLATION_P0_TRAIN,
NO_PREFIX,530101,40,3,car,20453,1988,41001,14947,0.730797438028651,14919,0.3638691739225873,0.7294284457047866,0.4855338952712598,0.36792178094236655,0.6156274761502716,0.368117996502952,0.4480125165012468,NO_PREFIX,EXACT_DP,PREFIX_MARGINAL,NO_PREFIX,NEW_ABLATION_P0_TRAIN,
NO_PREFIX,530101,40,4,motorcycle,95,66,384,31,0.3263157894736842,31,0.08072916666666667,0.3263157894736842,0.12943632567849686,0.08530842563300052,0.18943526298218688,0.0736557232011452,0.17789473684210527,NO_PREFIX,EXACT_DP,PREFIX_MARGINAL,NO_PREFIX,NEW_ABLATION_P0_TRAIN,
NO_PREFIX,530101,40,5,bus,350,258,2056,231,0.66,231,0.11235408560311284,0.66,0.19201995012468825,0.2962799890025276,0.3729567549252303,0.33922128052117256,0.5234285714285714,NO_PREFIX,EXACT_DP,PREFIX_MARGINAL,NO_PREFIX,NEW_ABLATION_P0_TRAIN,
NO_PREFIX,530101,40,6,train,6,5,373,0,0,0,0,0,0,0,0,0,0,NO_PREFIX,EXACT_DP,PREFIX_MARGINAL,NO_PREFIX,NEW_ABLATION_P0_TRAIN,
NO_PREFIX,530101,40,7,truck,889,540,10202,669,0.7525309336332958,669,0.0655753773769849,0.7525309336332958,0.12063835542331619,0.2301286283453621,0.31351677021687846,0.2572916614087704,0.5526434195725535,NO_PREFIX,EXACT_DP,PREFIX_MARGINAL,NO_PREFIX,NEW_ABLATION_P0_TRAIN,
NO_PREFIX,530101,40,8,traffic light,5158,1123,17326,2815,0.54575416828228,2813,0.16235715110238946,0.545366421093447,0.2502223803593666,0.09547511099227328,0.28348275384130545,0.047265866129470376,0.22301279565723148,NO_PREFIX,EXACT_DP,PREFIX_MARGINAL,NO_PREFIX,NEW_ABLATION_P0_TRAIN,
NO_PREFIX,530102,10,1,person,2771,631,2135,1438,0.5189462287982678,1437,0.6730679156908665,0.5185853482497293,0.5858132898491644,0.24724712201558818,0.45824669337130197,0.22953195252433542,0.3018765788523999,NO_PREFIX,EXACT_DP,PREFIX_MARGINAL,NO_PREFIX,NEW_ABLATION_P0_TRAIN,
NO_PREFIX,530102,10,2,bicycle,244,125,96,53,0.21721311475409835,52,0.5416666666666666,0.21311475409836064,0.30588235294117644,0.08825702421562534,0.1859364794568592,0.07473579662647885,0.11680327868852458,NO_PREFIX,EXACT_DP,PREFIX_MARGINAL,NO_PREFIX,NEW_ABLATION_P0_TRAIN,
NO_PREFIX,530102,10,3,car,20453,1988,13008,10428,0.5098518554735246,10422,0.8011992619926199,0.5095584999755537,0.6229341621589313,0.31758575238754616,0.48167443138926735,0.3389712197761927,0.3520852686647436,NO_PREFIX,EXACT_DP,PREFIX_MARGINAL,NO_PREFIX,NEW_ABLATION_P0_TRAIN,
NO_PREFIX,530102,10,4,motorcycle,95,66,44,18,0.18947368421052632,18,0.4090909090909091,0.18947368421052632,0.2589928057553957,0.0710478242548037,0.1585103360300307,0.06461312797946461,0.08842105263157896,NO_PREFIX,EXACT_DP,PREFIX_MARGINAL,NO_PREFIX,NEW_ABLATION_P0_TRAIN,
NO_PREFIX,530102,10,5,bus,350,258,447,159,0.4542857142857143,159,0.35570469798657717,0.4542857142857143,0.3989962358845671,0.26817803360680725,0.3289499359557199,0.30700308616747085,0.3785714285714285,NO_PREFIX,EXACT_DP,PREFIX_MARGINAL,NO_PREFIX,NEW_ABLATION_P0_TRAIN,
NO_PREFIX,530102,10,6,train,6,5,66,0,0,0,0,0,0,0,0,0,0,NO_PREFIX,EXACT_DP,PREFIX_MARGINAL,NO_PREFIX,NEW_ABLATION_P0_TRAIN,
NO_PREFIX,530102,10,7,truck,889,540,1489,441,0.49606299212598426,441,0.2961719274680994,0.49606299212598426,0.3708999158957107,0.2155815616617685,0.2876609566717342,0.2426311502330657,0.387289088863892,NO_PREFIX,EXACT_DP,PREFIX_MARGINAL,NO_PREFIX,NEW_ABLATION_P0_TRAIN,
NO_PREFIX,530102,10,8,traffic light,5158,1123,2715,1379,0.26735168670027143,1379,0.5079189686924493,0.26735168670027143,0.3503111901435285,0.06990514191392158,0.18879408336587314,0.04174041788724715,0.1191547111283443,NO_PREFIX,EXACT_DP,PREFIX_MARGINAL,NO_PREFIX,NEW_ABLATION_P0_TRAIN,
NO_PREFIX,530102,15,1,person,2771,631,3224,1657,0.5979790689281848,1656,0.5136476426799007,0.5976181883796463,0.5524603836530442,0.26649735190040164,0.5050524971033145,0.23950340717385865,0.3404186214363046,NO_PREFIX,EXACT_DP,PREFIX_MARGINAL,NO_PREFIX,NEW_ABLATION_P0_TRAIN,
NO_PREFIX,530102,15,2,bicycle,244,125,192,73,0.29918032786885246,70,0.3645833333333333,0.28688524590163933,0.3211009174311927,0.09925698884763881,0.21847050974337287,0.07829791538251495,0.15,NO_PREFIX,EXACT_DP,PREFIX_MARGINAL,NO_PREFIX,NEW_ABLATION_P0_TRAIN,
NO_PREFIX,530102,15,3,car,20453,1988,17806,12176,0.5953160905490638,12162,0.6830281927440188,0.5946315943871314,0.6357719752215164,0.34310690897469354,0.5490008760647545,0.35457735023821796,0.3907055199726202,NO_PREFIX,EXACT_DP,PREFIX_MARGINAL,NO_PREFIX,NEW_ABLATION_P0_TRAIN,
NO_PREFIX,530102,15,4,motorcycle,95,66,96,22,0.23157894736842105,22,0.22916666666666666,0.23157894736842105,0.23036649214659685,0.07798059783697292,0.17469072362782323,0.06719093438518901,0.11578947368421053,NO_PREFIX,EXACT_DP,PREFIX_MARGINAL,NO_PREFIX,NEW_ABLATION_P0_TRAIN,
NO_PREFIX,530102,15,5,bus,350,258,756,190,0.5428571428571428,190,0.25132275132275134,0.5428571428571428,0.3435804701627487,0.28407329876254106,0.3534268921784094,0.32765944544932596,0.44399999999999995,NO_PREFIX,EXACT_DP,PREFIX_MARGINAL,NO_PREFIX,NEW_ABLATION_P0_TRAIN,
NO_PREFIX,530102,15,6,train,6,5,81,0,0,0,0,0,0,0,0,0,0,NO_PREFIX,EXACT_DP,PREFIX_MARGINAL,NO_PREFIX,NEW_ABLATION_P0_TRAIN,
NO_PREFIX,530102,15,7,truck,889,540,2899,525,0.5905511811023622,525,0.18109692997585375,0.5905511811023622,0.27719112988384376,0.2235041581567948,0.30203771285337316,0.25056561349229484,0.45050618672665915,NO_PREFIX,EXACT_DP,PREFIX_MARGINAL,NO_PREFIX,NEW_ABLATION_P0_TRAIN,
NO_PREFIX,530102,15,8,traffic light,5158,1123,4946,1983,0.3844513377278015,1983,0.4009300444803882,0.3844513377278015,0.3925178147268409,0.08497150064781796,0.2427967654116463,0.045786424175978155,0.16448235750290813,NO_PREFIX,EXACT_DP,PREFIX_MARGINAL,NO_PREFIX,NEW_ABLATION_P0_TRAIN,
NO_PREFIX,530102,20,1,person,2771,631,4328,1756,0.6337062432334897,1755,0.40549907578558225,0.6333453626849512,0.4944358360332441,0.2716566019810528,0.5214726850368563,0.24164476947617677,0.3555395164200649,NO_PREFIX,EXACT_DP,PREFIX_MARGINAL,NO_PREFIX,NEW_ABLATION_P0_TRAIN,
NO_PREFIX,530102,20,2,bicycle,244,125,257,79,0.3237704918032787,76,0.29571984435797666,0.3114754098360656,0.30339321357285437,0.1031916283222288,0.22849208580612995,0.08118014810190452,0.16639344262295083,NO_PREFIX,EXACT_DP,PREFIX_MARGINAL,NO_PREFIX,NEW_ABLATION_P0_TRAIN,
NO_PREFIX,530102,20,3,car,20453,1988,22383,13143,0.642595218305383,13117,0.5860251083411517,0.6413240111475089,0.6124287982071155,0.3539912870966084,0.5795284399076455,0.36266441916309033,0.41089326749132155,NO_PREFIX,EXACT_DP,PREFIX_MARGINAL,NO_PREFIX,NEW_ABLATION_P0_TRAIN,
NO_PREFIX,530102,20,4,motorcycle,95,66,159,25,0.2631578947368421,25,0.15723270440251572,0.2631578947368421,0.19685039370078738,0.0818594673457319,0.1811664974029669,0.07169552614649172,0.14105263157894737,NO_PREFIX,EXACT_DP,PREFIX_MARGINAL,NO_PREFIX,NEW_ABLATION_P0_TRAIN,
NO_PREFIX,530102,20,5,bus,350,258,1019,204,0.5828571428571429,204,0.20019627085377822,0.5828571428571429,0.29802775748721694,0.28865707720600237,0.3610725084968648,0.33078372323169414,0.4674285714285714,NO_PREFIX,EXACT_DP,PREFIX_MARGINAL,NO_PREFIX,NEW_ABLATION_P0_TRAIN,
NO_PREFIX,530102,20,6,train,6,5,100,0,0,0,0,0,0,0,0,0,0,NO_PREFIX,EXACT_DP,PREFIX_MARGINAL,NO_PREFIX,NEW_ABLATION_P0_TRAIN,
NO_PREFIX,530102,20,7,truck,889,540,4437,578,0.6501687289088864,578,0.13026819923371646,0.6501687289088864,0.21704844160720993,0.22627733263408856,0.30727734334264434,0.25243389047982917,0.48706411698537677,NO_PREFIX,EXACT_DP,PREFIX_MARGINAL,NO_PREFIX,NEW_ABLATION_P0_TRAIN,
NO_PREFIX,530102,20,8,traffic light,5158,1123,7317,2320,0.4497867390461419,2320,0.3170698373650403,0.4497867390461419,0.3719438877755511,0.09020547419797992,0.26204126348095325,0.04636508667414272,0.18819309810003876,NO_PREFIX,EXACT_DP,PREFIX_MARGINAL,NO_PREFIX,NEW_ABLATION_P0_TRAIN,
NO_PREFIX,530102,30,1,person,2771,631,6248,1842,0.664741970407795,1841,0.29465428937259924,0.6643810898592566,0.4082492515799978,0.2747851508786374,0.5304973668808795,0.24335372118304788,0.36853121616744855,NO_PREFIX,EXACT_DP,PREFIX_MARGINAL,NO_PREFIX,NEW_ABLATION_P0_TRAIN,
NO_PREFIX,530102,30,2,bicycle,244,125,403,95,0.38934426229508196,91,0.22580645161290322,0.3729508196721312,0.28129829984544047,0.11004026517900176,0.24501342093022993,0.085187489099592,0.20040983606557378,NO_PREFIX,EXACT_DP,PREFIX_MARGINAL,NO_PREFIX,NEW_ABLATION_P0_TRAIN,
NO_PREFIX,530102,30,3,car,20453,1988,31785,14335,0.7008751772356133,14307,0.45011798017932986,0.6995061849117489,0.5477621654734102,0.3631516171733393,0.604031291126518,0.3656316767483214,0.4357453674277611,NO_PREFIX,EXACT_DP,PREFIX_MARGINAL,NO_PREFIX,NEW_ABLATION_P0_TRAIN,
NO_PREFIX,530102,30,4,motorcycle,95,66,285,30,0.3157894736842105,30,0.10526315789473684,0.3157894736842105,0.15789473684210525,0.08503153253611571,0.18860414595112504,0.07371682523577797,0.1736842105263158,NO_PREFIX,EXACT_DP,PREFIX_MARGINAL,NO_PREFIX,NEW_ABLATION_P0_TRAIN,
NO_PREFIX,530102,30,5,bus,350,258,1522,222,0.6342857142857142,222,0.14586070959264127,0.6342857142857142,0.2371794871794872,0.294518557151845,0.36948634738779995,0.3369926126794696,0.5062857142857142,NO_PREFIX,EXACT_DP,PREFIX_MARGINAL,NO_PREFIX,NEW_ABLATION_P0_TRAIN,
NO_PREFIX,530102,30,6,train,6,5,192,0,0,0,0,0,0,0,0,0,0,NO_PREFIX,EXACT_DP,PREFIX_MARGINAL,NO_PREFIX,NEW_ABLATION_P0_TRAIN,
NO_PREFIX,530102,30,7,truck,889,540,7466,638,0.7176602924634421,638,0.08545405839807126,0.7176602924634421,0.15272292040694194,0.22876854024552581,0.3111201484073337,0.2557329454033461,0.5273340832395951,NO_PREFIX,EXACT_DP,PREFIX_MARGINAL,NO_PREFIX,NEW_ABLATION_P0_TRAIN,
NO_PREFIX,530102,30,8,traffic light,5158,1123,12099,2666,0.5168670027142304,2664,0.22018348623853212,0.5164792555253974,0.3087442776844179,0.09436278748702868,0.27850214967687226,0.046829959204056096,0.21279565723148508,NO_PREFIX,EXACT_DP,PREFIX_MARGINAL,NO_PREFIX,NEW_ABLATION_P0_TRAIN,
NO_PREFIX,530102,40,1,person,2771,631,8305,1859,0.6708769397329484,1858,0.22372065021071644,0.6705160591844099,0.3355001805706031,0.27514684241555976,0.5320363075410832,0.24321136506903307,0.3715987008300253,NO_PREFIX,EXACT_DP,PREFIX_MARGINAL,NO_PREFIX,NEW_ABLATION_P0_TRAIN,
NO_PREFIX,530102,40,2,bicycle,244,125,498,97,0.3975409836065574,93,0.18674698795180722,0.38114754098360654,0.25067385444743934,0.1100103575022455,0.24688187876786527,0.08498965710627035,0.2012295081967213,NO_PREFIX,EXACT_DP,PREFIX_MARGINAL,NO_PREFIX,NEW_ABLATION_P0_TRAIN,
NO_PREFIX,530102,40,3,car,20453,1988,41088,14940,0.730455189947685,14914,0.36297702492211836,0.7291839827898108,0.4846850067434718,0.3679279629158225,0.6156415630319012,0.368127224271834,0.4479880702097492,NO_PREFIX,EXACT_DP,PREFIX_MARGINAL,NO_PREFIX,NEW_ABLATION_P0_TRAIN,
NO_PREFIX,530102,40,4,motorcycle,95,66,404,31,0.3263157894736842,31,0.07673267326732673,0.3263157894736842,0.12424849699398796,0.08528403244519044,0.18937529698898198,0.07365279261357704,0.17789473684210527,NO_PREFIX,EXACT_DP,PREFIX_MARGINAL,NO_PREFIX,NEW_ABLATION_P0_TRAIN,
NO_PREFIX,530102,40,5,bus,350,258,2021,229,0.6542857142857142,229,0.11331024245423058,0.6542857142857142,0.19316743989877688,0.296093546678546,0.37181621145949545,0.3392765540745939,0.5208571428571429,NO_PREFIX,EXACT_DP,PREFIX_MARGINAL,NO_PREFIX,NEW_ABLATION_P0_TRAIN,
NO_PREFIX,530102,40,6,train,6,5,378,0,0,0,0,0,0,0,0,0,0,NO_PREFIX,EXACT_DP,PREFIX_MARGINAL,NO_PREFIX,NEW_ABLATION_P0_TRAIN,
NO_PREFIX,530102,40,7,truck,889,540,10238,671,0.7547806524184477,671,0.06554014455948427,0.7547806524184477,0.1206075312303406,0.23029227916851444,0.31347662759349676,0.25730817223034425,0.5546681664791902,NO_PREFIX,EXACT_DP,PREFIX_MARGINAL,NO_PREFIX,NEW_ABLATION_P0_TRAIN,
NO_PREFIX,530102,40,8,traffic light,5158,1123,17068,2813,0.545366421093447,2811,0.164694164518397,0.5449786739046142,0.25294699901016826,0.09547256503331232,0.2834959694074649,0.0472571010513872,0.22272198526560683,NO_PREFIX,EXACT_DP,PREFIX_MARGINAL,NO_PREFIX,NEW_ABLATION_P0_TRAIN,
NO_PREFIX,530103,10,1,person,2771,631,2148,1442,0.5203897509924215,1442,0.6713221601489758,0.5203897509924215,0.5862980280544827,0.2478467620887256,0.46480191099023316,0.22947846778186295,0.3024178996752075,NO_PREFIX,EXACT_DP,PREFIX_MARGINAL,NO_PREFIX,NEW_ABLATION_P0_TRAIN,
NO_PREFIX,530103,10,2,bicycle,244,125,112,54,0.22131147540983606,53,0.4732142857142857,0.21721311475409835,0.29775280898876405,0.08801887255307644,0.18528846328746115,0.07451429968809367,0.1180327868852459,NO_PREFIX,EXACT_DP,PREFIX_MARGINAL,NO_PREFIX,NEW_ABLATION_P0_TRAIN,
NO_PREFIX,530103,10,3,car,20453,1988,12976,10420,0.5094607148095633,10413,0.8024815043156597,0.5091184667285973,0.6229920129229113,0.3175917185390299,0.4816827479782385,0.3389940493932276,0.3518065809416711,NO_PREFIX,EXACT_DP,PREFIX_MARGINAL,NO_PREFIX,NEW_ABLATION_P0_TRAIN,
NO_PREFIX,530103,10,4,motorcycle,95,66,46,18,0.18947368421052632,18,0.391304347826087,0.18947368421052632,0.2553191489361702,0.07124990786919884,0.15906877799150515,0.06471185580096471,0.08842105263157896,NO_PREFIX,EXACT_DP,PREFIX_MARGINAL,NO_PREFIX,NEW_ABLATION_P0_TRAIN,
NO_PREFIX,530103,10,5,bus,350,258,478,166,0.4742857142857143,166,0.3472803347280335,0.4742857142857143,0.4009661835748793,0.27304220489088965,0.33612744355823104,0.3140449316475162,0.3931428571428571,NO_PREFIX,EXACT_DP,PREFIX_MARGINAL,NO_PREFIX,NEW_ABLATION_P0_TRAIN,
NO_PREFIX,530103,10,6,train,6,5,67,0,0,0,0,0,0,0,0,0,0,NO_PREFIX,EXACT_DP,PREFIX_MARGINAL,NO_PREFIX,NEW_ABLATION_P0_TRAIN,
NO_PREFIX,530103,10,7,truck,889,540,1528,445,0.500562429696288,445,0.2912303664921466,0.500562429696288,0.36822507240380636,0.2155110279404532,0.289939080399146,0.24176612433446595,0.3892013498312711,NO_PREFIX,EXACT_DP,PREFIX_MARGINAL,NO_PREFIX,NEW_ABLATION_P0_TRAIN,
NO_PREFIX,530103,10,8,traffic light,5158,1123,2645,1354,0.2625048468398604,1354,0.5119092627599244,0.2625048468398604,0.3470460079456619,0.06993512054219338,0.1888261864388721,0.04184472783086675,0.11762310973245442,NO_PREFIX,EXACT_DP,PREFIX_MARGINAL,NO_PREFIX,NEW_ABLATION_P0_TRAIN,
NO_PREFIX,530103,15,1,person,2771,631,3283,1658,0.5983399494767232,1657,0.5047212915016753,0.5979790689281848,0.5474066732738685,0.26643193479478205,0.504930001740691,0.23938808537805287,0.3406351497654277,NO_PREFIX,EXACT_DP,PREFIX_MARGINAL,NO_PREFIX,NEW_ABLATION_P0_TRAIN,
NO_PREFIX,530103,15,2,bicycle,244,125,205,74,0.30327868852459017,70,0.34146341463414637,0.28688524590163933,0.3118040089086859,0.1002425736331885,0.21795950602517505,0.0782749796612187,0.15409836065573768,NO_PREFIX,EXACT_DP,PREFIX_MARGINAL,NO_PREFIX,NEW_ABLATION_P0_TRAIN,
NO_PREFIX,530103,15,3,car,20453,1988,17756,12153,0.594191561140175,12137,0.6835435908988511,0.5934092798122524,0.6352953492632625,0.3425799400025684,0.5490715925223046,0.3545448237196946,0.38975211460421455,NO_PREFIX,EXACT_DP,PREFIX_MARGINAL,NO_PREFIX,NEW_ABLATION_P0_TRAIN,
NO_PREFIX,530103,15,4,motorcycle,95,66,100,22,0.23157894736842105,22,0.22,0.23157894736842105,0.22564102564102562,0.0781382545593695,0.17512217981692038,0.06723458060091723,0.11578947368421053,NO_PREFIX,EXACT_DP,PREFIX_MARGINAL,NO_PREFIX,NEW_ABLATION_P0_TRAIN,
NO_PREFIX,530103,15,5,bus,350,258,801,191,0.5457142857142857,191,0.23845193508114856,0.5457142857142857,0.3318853171155517,0.2833582970690962,0.3529404971617574,0.32467400573457894,0.44085714285714295,NO_PREFIX,EXACT_DP,PREFIX_MARGINAL,NO_PREFIX,NEW_ABLATION_P0_TRAIN,
NO_PREFIX,530103,15,6,train,6,5,83,0,0,0,0,0,0,0,0,0,0,NO_PREFIX,EXACT_DP,PREFIX_MARGINAL,NO_PREFIX,NEW_ABLATION_P0_TRAIN,
NO_PREFIX,530103,15,7,truck,889,540,2962,532,0.5984251968503937,532,0.17960837272113436,0.5984251968503937,0.27629187224097634,0.2243071427409746,0.3024301693703783,0.250849629412428,0.45466816647919,NO_PREFIX,EXACT_DP,PREFIX_MARGINAL,NO_PREFIX,NEW_ABLATION_P0_TRAIN,
NO_PREFIX,530103,15,8,traffic light,5158,1123,4810,1930,0.3741760372237301,1930,0.40124740124740127,0.3741760372237301,0.38723916532905295,0.08372598764194658,0.23825507920424846,0.044507174178350796,0.16033346258239625,NO_PREFIX,EXACT_DP,PREFIX_MARGINAL,NO_PREFIX,NEW_ABLATION_P0_TRAIN,
NO_PREFIX,530103,20,1,person,2771,631,4370,1760,0.6351497654276435,1759,0.4025171624713959,0.634788884879105,0.4926480885030108,0.27158598364522635,0.5214779846295583,0.24161461365888884,0.35561169252977265,NO_PREFIX,EXACT_DP,PREFIX_MARGINAL,NO_PREFIX,NEW_ABLATION_P0_TRAIN,
NO_PREFIX,530103,20,2,bicycle,244,125,266,81,0.3319672131147541,77,0.2894736842105263,0.3155737704918033,0.30196078431372547,0.10377180806823794,0.22808138312710768,0.08111618631894243,0.1680327868852459,NO_PREFIX,EXACT_DP,PREFIX_MARGINAL,NO_PREFIX,NEW_ABLATION_P0_TRAIN,
NO_PREFIX,530103,20,3,car,20453,1988,22276,13117,0.6413240111475089,13096,0.5878972885616808,0.6402972669046105,0.612979475297807,0.3540405843962273,0.5796591731294964,0.36269290688542305,0.41026744242898355,NO_PREFIX,EXACT_DP,PREFIX_MARGINAL,NO_PREFIX,NEW_ABLATION_P0_TRAIN,
NO_PREFIX,530103,20,4,motorcycle,95,66,156,25,0.2631578947368421,25,0.16025641025641027,0.2631578947368421,0.199203187250996,0.08239713592406069,0.18267177528147469,0.07211100841705816,0.14,NO_PREFIX,EXACT_DP,PREFIX_MARGINAL,NO_PREFIX,NEW_ABLATION_P0_TRAIN,
NO_PREFIX,530103,20,5,bus,350,258,1056,207,0.5914285714285714,207,0.19602272727272727,0.5914285714285714,0.29445234708392604,0.28975877978064013,0.36305953320473505,0.33074620821094297,0.47371428571428564,NO_PREFIX,EXACT_DP,PREFIX_MARGINAL,NO_PREFIX,NEW_ABLATION_P0_TRAIN,
NO_PREFIX,530103,20,6,train,6,5,98,0,0,0,0,0,0,0,0,0,0,NO_PREFIX,EXACT_DP,PREFIX_MARGINAL,NO_PREFIX,NEW_ABLATION_P0_TRAIN,
NO_PREFIX,530103,20,7,truck,889,540,4554,590,0.6636670416197975,590,0.12955643390426,0.6636670416197975,0.21679221017821057,0.227109174225453,0.3086586877611641,0.253481418417578,0.49392575928008997,NO_PREFIX,EXACT_DP,PREFIX_MARGINAL,NO_PREFIX,NEW_ABLATION_P0_TRAIN,
NO_PREFIX,530103,20,8,traffic light,5158,1123,7224,2321,0.44998061264055833,2321,0.32129014396456257,0.44998061264055833,0.37489904700371507,0.09026527625166417,0.26228843668398333,0.0463686977779891,0.18805738658394724,NO_PREFIX,EXACT_DP,PREFIX_MARGINAL,NO_PREFIX,NEW_ABLATION_P0_TRAIN,
NO_PREFIX,530103,30,1,person,2771,631,6266,1843,0.6651028509563335,1842,0.2939674433450367,0.664741970407795,0.40765740843200177,0.27477618389931424,0.5304792796009328,0.24334898078901984,0.3687477444965717,NO_PREFIX,EXACT_DP,PREFIX_MARGINAL,NO_PREFIX,NEW_ABLATION_P0_TRAIN,
NO_PREFIX,530103,30,2,bicycle,244,125,416,95,0.38934426229508196,91,0.21875,0.3729508196721312,0.27575757575757576,0.10971866334460743,0.2453502259211894,0.08401529768086959,0.19795081967213116,NO_PREFIX,EXACT_DP,PREFIX_MARGINAL,NO_PREFIX,NEW_ABLATION_P0_TRAIN,
NO_PREFIX,530103,30,3,car,20453,1988,31713,14329,0.7005818217376424,14300,0.45091918140825527,0.6991639368307828,0.5482498178890466,0.36305277843896316,0.6040871458520868,0.36563070935042774,0.43546179044638933,NO_PREFIX,EXACT_DP,PREFIX_MARGINAL,NO_PREFIX,NEW_ABLATION_P0_TRAIN,
NO_PREFIX,530103,30,4,motorcycle,95,66,270,30,0.3157894736842105,30,0.1111111111111111,0.3157894736842105,0.1643835616438356,0.08521130941453203,0.18893235170600692,0.07386199263816236,0.1736842105263158,NO_PREFIX,EXACT_DP,PREFIX_MARGINAL,NO_PREFIX,NEW_ABLATION_P0_TRAIN,
NO_PREFIX,530103,30,5,bus,350,258,1577,223,0.6371428571428571,223,0.14140773620798985,0.6371428571428571,0.23144784639335755,0.2949015778224356,0.3694236199357043,0.33836036450685697,0.5102857142857142,NO_PREFIX,EXACT_DP,PREFIX_MARGINAL,NO_PREFIX,NEW_ABLATION_P0_TRAIN,
NO_PREFIX,530103,30,6,train,6,5,189,0,0,0,0,0,0,0,0,0,0,NO_PREFIX,EXACT_DP,PREFIX_MARGINAL,NO_PREFIX,NEW_ABLATION_P0_TRAIN,
NO_PREFIX,530103,30,7,truck,889,540,7582,644,0.7244094488188977,644,0.08493801107887101,0.7244094488188977,0.15204816432534532,0.22907072387671534,0.312093384646847,0.25578758913870736,0.5316085489313835,NO_PREFIX,EXACT_DP,PREFIX_MARGINAL,NO_PREFIX,NEW_ABLATION_P0_TRAIN,
NO_PREFIX,530103,30,8,traffic light,5158,1123,11987,2667,0.5170608763086467,2666,0.22240760824226244,0.5168670027142304,0.3109944590259551,0.09441781693398664,0.2786686121281015,0.04685618885073997,0.2131446297014347,NO_PREFIX,EXACT_DP,PREFIX_MARGINAL,NO_PREFIX,NEW_ABLATION_P0_TRAIN,
NO_PREFIX,530103,40,1,person,2771,631,8313,1860,0.6712378202814868,1859,0.22362564657764947,0.6708769397329484,0.3354384698664742,0.2751358251858219,0.532062587206541,0.24320319291297526,0.371670876939733,NO_PREFIX,EXACT_DP,PREFIX_MARGINAL,NO_PREFIX,NEW_ABLATION_P0_TRAIN,
NO_PREFIX,530103,40,2,bicycle,244,125,498,97,0.3975409836065574,93,0.18674698795180722,0.38114754098360654,0.25067385444743934,0.10998080955063513,0.24679835974388292,0.08496660074944522,0.2012295081967213,NO_PREFIX,EXACT_DP,PREFIX_MARGINAL,NO_PREFIX,NEW_ABLATION_P0_TRAIN,
NO_PREFIX,530103,40,3,car,20453,1988,40966,14944,0.7306507602796656,14915,0.36408240980325146,0.7292328753728059,0.48568032693466184,0.36793585255859756,0.6156602263811248,0.36812121212376386,0.4479734024348507,NO_PREFIX,EXACT_DP,PREFIX_MARGINAL,NO_PREFIX,NEW_ABLATION_P0_TRAIN,
NO_PREFIX,530103,40,4,motorcycle,95,66,398,31,0.3263157894736842,31,0.07788944723618091,0.3263157894736842,0.1257606490872211,0.08529478023954556,0.18940429170936138,0.07365279261357704,0.17789473684210527,NO_PREFIX,EXACT_DP,PREFIX_MARGINAL,NO_PREFIX,NEW_ABLATION_P0_TRAIN,
NO_PREFIX,530103,40,5,bus,350,258,2071,231,0.66,231,0.11154031868662483,0.66,0.19083023543990088,0.2962992411659271,0.3730083027339077,0.3392302438070909,0.5228571428571429,NO_PREFIX,EXACT_DP,PREFIX_MARGINAL,NO_PREFIX,NEW_ABLATION_P0_TRAIN,
NO_PREFIX,530103,40,6,train,6,5,394,0,0,0,0,0,0,0,0,0,0,NO_PREFIX,EXACT_DP,PREFIX_MARGINAL,NO_PREFIX,NEW_ABLATION_P0_TRAIN,
NO_PREFIX,530103,40,7,truck,889,540,10393,671,0.7547806524184477,671,0.06456268642355431,0.7547806524184477,0.11895054068427582,0.2302929411393721,0.3134834807137013,0.2572957857910629,0.5548931383577053,NO_PREFIX,EXACT_DP,PREFIX_MARGINAL,NO_PREFIX,NEW_ABLATION_P0_TRAIN,
NO_PREFIX,530103,40,8,traffic light,5158,1123,16967,2808,0.5443970531213649,2806,0.16537985501267166,0.5440093059325319,0.2536497175141243,0.09548945582543504,0.28356423159027644,0.04727463881894801,0.2226056611089569,NO_PREFIX,EXACT_DP,PREFIX_MARGINAL,NO_PREFIX,NEW_ABLATION_P0_TRAIN,
MATCHABILITY_TARGET,530101,10,1,person,2771,631,2219,1448,0.5225550342836521,1447,0.6520955385308698,0.5221941537351137,0.5799599198396793,0.24894377704106505,0.46482804430146796,0.22951196481988723,0.3037170696499459,MATCHABILITY_TARGET,EXACT_DP,MATCHABILITY,NONE,NEW_ABLATION_P0_TRAIN,
MATCHABILITY_TARGET,530101,10,2,bicycle,244,125,128,58,0.23770491803278687,56,0.4375,0.22950819672131148,0.3010752688172043,0.09154355669468633,0.19018914518235178,0.07472458588266799,0.12622950819672132,MATCHABILITY_TARGET,EXACT_DP,MATCHABILITY,NONE,NEW_ABLATION_P0_TRAIN,
MATCHABILITY_TARGET,530101,10,3,car,20453,1988,12768,10207,0.4990465946315944,10201,0.7989505012531328,0.4987532391336234,0.6141296168086451,0.31373021968455167,0.4732494263671894,0.3388986091248609,0.3470933359409377,MATCHABILITY_TARGET,EXACT_DP,MATCHABILITY,NONE,NEW_ABLATION_P0_TRAIN,
MATCHABILITY_TARGET,530101,10,4,motorcycle,95,66,59,19,0.2,19,0.3220338983050847,0.2,0.24675324675324675,0.07583062068763322,0.16396084045424972,0.0688943894389439,0.10421052631578949,MATCHABILITY_TARGET,EXACT_DP,MATCHABILITY,NONE,NEW_ABLATION_P0_TRAIN,
MATCHABILITY_TARGET,530101,10,5,bus,350,258,536,162,0.46285714285714286,162,0.30223880597014924,0.46285714285714286,0.36568848758465006,0.26927692340934795,0.3320293849793121,0.31007025398268445,0.3822857142857143,MATCHABILITY_TARGET,EXACT_DP,MATCHABILITY,NONE,NEW_ABLATION_P0_TRAIN,
MATCHABILITY_TARGET,530101,10,6,train,6,5,68,0,0,0,0,0,0,0,0,0,0,MATCHABILITY_TARGET,EXACT_DP,MATCHABILITY,NONE,NEW_ABLATION_P0_TRAIN,
MATCHABILITY_TARGET,530101,10,7,truck,889,540,1708,447,0.5028121484814398,447,0.2617096018735363,0.5028121484814398,0.3442433577204467,0.2160077355585932,0.2890542492634411,0.24391719641878176,0.392800899887514,MATCHABILITY_TARGET,EXACT_DP,MATCHABILITY,NONE,NEW_ABLATION_P0_TRAIN,
MATCHABILITY_TARGET,530101,10,8,traffic light,5158,1123,2514,1260,0.244280728964715,1260,0.5011933174224343,0.244280728964715,0.3284671532846715,0.06662341934546326,0.17731352478825357,0.040089627119904915,0.1097324544397053,MATCHABILITY_TARGET,EXACT_DP,MATCHABILITY,NONE,NEW_ABLATION_P0_TRAIN,
MATCHABILITY_TARGET,530101,15,1,person,2771,631,3345,1644,0.5932876217971851,1643,0.49118086696562036,0.5929267412486467,0.5372792674950949,0.2653758784442399,0.5045190327864001,0.23939854778576997,0.33850595452905086,MATCHABILITY_TARGET,EXACT_DP,MATCHABILITY,NONE,NEW_ABLATION_P0_TRAIN,
MATCHABILITY_TARGET,530101,15,2,bicycle,244,125,234,78,0.319672131147541,74,0.3162393162393162,0.30327868852459017,0.30962343096234307,0.1023227042876917,0.225710568272091,0.08011772803871865,0.1610655737704918,MATCHABILITY_TARGET,EXACT_DP,MATCHABILITY,NONE,NEW_ABLATION_P0_TRAIN,
MATCHABILITY_TARGET,530101,15,3,car,20453,1988,17544,11908,0.5822128783063609,11893,0.6778955768353854,0.5814794895614336,0.6259967892202016,0.3399415911932127,0.5418198353168593,0.35457292706384475,0.38505842663667916,MATCHABILITY_TARGET,EXACT_DP,MATCHABILITY,NONE,NEW_ABLATION_P0_TRAIN,
MATCHABILITY_TARGET,530101,15,4,motorcycle,95,66,120,23,0.24210526315789474,23,0.19166666666666668,0.24210526315789474,0.21395348837209302,0.08105237452792179,0.17903335311473573,0.07040816927366243,0.12842105263157894,MATCHABILITY_TARGET,EXACT_DP,MATCHABILITY,NONE,NEW_ABLATION_P0_TRAIN,
MATCHABILITY_TARGET,530101,15,5,bus,350,258,865,188,0.5371428571428571,188,0.21734104046242775,0.5371428571428571,0.30946502057613173,0.28356060063538563,0.34982913612333955,0.32711916604059804,0.442,MATCHABILITY_TARGET,EXACT_DP,MATCHABILITY,NONE,NEW_ABLATION_P0_TRAIN,
MATCHABILITY_TARGET,530101,15,6,train,6,5,80,0,0,0,0,0,0,0,0,0,0,MATCHABILITY_TARGET,EXACT_DP,MATCHABILITY,NONE,NEW_ABLATION_P0_TRAIN,
MATCHABILITY_TARGET,530101,15,7,truck,889,540,3261,524,0.5894263217097863,524,0.16068690585709905,0.5894263217097863,0.2525301204819277,0.22301644595138306,0.3002584186822445,0.25048856343791615,0.4483689538807649,MATCHABILITY_TARGET,EXACT_DP,MATCHABILITY,NONE,NEW_ABLATION_P0_TRAIN,
MATCHABILITY_TARGET,530101,15,8,traffic light,5158,1123,4551,1857,0.36002326483132996,1857,0.4080421885299934,0.36002326483132996,0.3825316716448656,0.08256921658463802,0.2351168949144702,0.04477348790047819,0.15548662272198527,MATCHABILITY_TARGET,EXACT_DP,MATCHABILITY,NONE,NEW_ABLATION_P0_TRAIN,
MATCHABILITY_TARGET,530101,20,1,person,2771,631,4435,1742,0.6286539155539517,1741,0.39255918827508457,0.6282930350054132,0.48320843741326674,0.2701716075942042,0.5172662521637348,0.2414700658433871,0.35272464814146526,MATCHABILITY_TARGET,EXACT_DP,MATCHABILITY,NONE,NEW_ABLATION_P0_TRAIN,
MATCHABILITY_TARGET,530101,20,2,bicycle,244,125,312,84,0.3442622950819672,80,0.2564102564102564,0.32786885245901637,0.2877697841726619,0.10588469749914803,0.231126296333573,0.0828794088580663,0.1774590163934426,MATCHABILITY_TARGET,EXACT_DP,MATCHABILITY,NONE,NEW_ABLATION_P0_TRAIN,
MATCHABILITY_TARGET,530101,20,3,car,20453,1988,22129,12889,0.6301765022246125,12865,0.5813638212300601,0.6290030802327287,0.6042459255084307,0.35040771526526004,0.5676740949301495,0.3588521743797947,0.4065271598298539,MATCHABILITY_TARGET,EXACT_DP,MATCHABILITY,NONE,NEW_ABLATION_P0_TRAIN,
MATCHABILITY_TARGET,530101,20,4,motorcycle,95,66,186,25,0.2631578947368421,25,0.13440860215053763,0.2631578947368421,0.1779359430604982,0.08240930736693562,0.1816730705381075,0.07185983304212774,0.14421052631578948,MATCHABILITY_TARGET,EXACT_DP,MATCHABILITY,NONE,NEW_ABLATION_P0_TRAIN,
MATCHABILITY_TARGET,530101,20,5,bus,350,258,1141,202,0.5771428571428572,202,0.17703768624014024,0.5771428571428572,0.27095908786049633,0.28887959296908405,0.3587155004413221,0.3324694832040634,0.4711428571428571,MATCHABILITY_TARGET,EXACT_DP,MATCHABILITY,NONE,NEW_ABLATION_P0_TRAIN,
MATCHABILITY_TARGET,530101,20,6,train,6,5,112,0,0,0,0,0,0,0,0,0,0,MATCHABILITY_TARGET,EXACT_DP,MATCHABILITY,NONE,NEW_ABLATION_P0_TRAIN,
MATCHABILITY_TARGET,530101,20,7,truck,889,540,4976,582,0.6546681664791901,582,0.11696141479099678,0.6546681664791901,0.19846547314578006,0.22682077350608776,0.30775548501802885,0.253817491866036,0.49032620922384706,MATCHABILITY_TARGET,EXACT_DP,MATCHABILITY,NONE,NEW_ABLATION_P0_TRAIN,
MATCHABILITY_TARGET,530101,20,8,traffic light,5158,1123,6709,2199,0.42632803412175263,2198,0.3276196154419437,0.42613416052733616,0.37043903261144356,0.08857841046070183,0.2561148866378255,0.04658024707569464,0.18008918185343153,MATCHABILITY_TARGET,EXACT_DP,MATCHABILITY,NONE,NEW_ABLATION_P0_TRAIN,
MATCHABILITY_TARGET,530101,30,1,person,2771,631,6307,1826,0.65896788163118,1825,0.2893610274298399,0.6586070010826417,0.40207094073584493,0.27416244664471273,0.5273348552949902,0.24334835731523477,0.36672681342475644,MATCHABILITY_TARGET,EXACT_DP,MATCHABILITY,NONE,NEW_ABLATION_P0_TRAIN,
MATCHABILITY_TARGET,530101,30,2,bicycle,244,125,419,95,0.38934426229508196,91,0.2171837708830549,0.3729508196721312,0.2745098039215687,0.109940182658807,0.24545569535342454,0.08525972886951734,0.19959016393442625,MATCHABILITY_TARGET,EXACT_DP,MATCHABILITY,NONE,NEW_ABLATION_P0_TRAIN,
MATCHABILITY_TARGET,530101,30,3,car,20453,1988,31835,14158,0.6922211900454701,14130,0.4438511072718706,0.6908521977216057,0.54046817625459,0.3629281310766667,0.6038738516886906,0.3656413374763439,0.4332909597614042,MATCHABILITY_TARGET,EXACT_DP,MATCHABILITY,NONE,NEW_ABLATION_P0_TRAIN,
MATCHABILITY_TARGET,530101,30,4,motorcycle,95,66,288,29,0.30526315789473685,29,0.10069444444444445,0.30526315789473685,0.15143603133159267,0.08442295834731504,0.18752091255300748,0.07308097360985545,0.16526315789473683,MATCHABILITY_TARGET,EXACT_DP,MATCHABILITY,NONE,NEW_ABLATION_P0_TRAIN,
MATCHABILITY_TARGET,530101,30,5,bus,350,258,1599,221,0.6314285714285715,221,0.13821138211382114,0.6314285714285715,0.22678296562339664,0.2942318799562106,0.3691550569908686,0.3367956654577865,0.5065714285714286,MATCHABILITY_TARGET,EXACT_DP,MATCHABILITY,NONE,NEW_ABLATION_P0_TRAIN,
MATCHABILITY_TARGET,530101,30,6,train,6,5,189,0,0,0,0,0,0,0,0,0,0,MATCHABILITY_TARGET,EXACT_DP,MATCHABILITY,NONE,NEW_ABLATION_P0_TRAIN,
MATCHABILITY_TARGET,530101,30,7,truck,889,540,8054,639,0.718785151856018,639,0.07933945865408493,0.718785151856018,0.1429050654142905,0.22927359103486178,0.3114164801133839,0.2560406743709677,0.5321709786276715,MATCHABILITY_TARGET,EXACT_DP,MATCHABILITY,NONE,NEW_ABLATION_P0_TRAIN,
MATCHABILITY_TARGET,530101,30,8,traffic light,5158,1123,11309,2599,0.5038774718883288,2597,0.22964010964718365,0.5034897246994959,0.3154187162203194,0.093699970592505,0.2767044767324823,0.04690206784668002,0.2079488173710741,MATCHABILITY_TARGET,EXACT_DP,MATCHABILITY,NONE,NEW_ABLATION_P0_TRAIN,
MATCHABILITY_TARGET,530101,40,1,person,2771,631,8348,1862,0.6719595813785637,1861,0.2229276473406804,0.6715987008300253,0.33474233294361005,0.27519728784324116,0.5322485723831358,0.2432171560355802,0.37199566943341755,MATCHABILITY_TARGET,EXACT_DP,MATCHABILITY,NONE,NEW_ABLATION_P0_TRAIN,
MATCHABILITY_TARGET,530101,40,2,bicycle,244,125,491,97,0.3975409836065574,93,0.1894093686354379,0.38114754098360654,0.25306122448979596,0.11008714319763703,0.24710471724251315,0.08503343472122424,0.2012295081967213,MATCHABILITY_TARGET,EXACT_DP,MATCHABILITY,NONE,NEW_ABLATION_P0_TRAIN,
MATCHABILITY_TARGET,530101,40,3,car,20453,1988,41258,14857,0.7263971055590867,14831,0.35946967860778517,0.7251258984012126,0.4806598499457147,0.36722922753309045,0.6155544189828617,0.3681228354089722,0.4469319904170537,MATCHABILITY_TARGET,EXACT_DP,MATCHABILITY,NONE,NEW_ABLATION_P0_TRAIN,
MATCHABILITY_TARGET,530101,40,4,motorcycle,95,66,403,31,0.3263157894736842,31,0.07692307692307693,0.3263157894736842,0.1244979919678715,0.08532446718231952,0.18945307138542106,0.07366904962497334,0.17789473684210527,MATCHABILITY_TARGET,EXACT_DP,MATCHABILITY,NONE,NEW_ABLATION_P0_TRAIN,
MATCHABILITY_TARGET,530101,40,5,bus,350,258,2090,231,0.66,231,0.11052631578947368,0.66,0.18934426229508197,0.2965207680854225,0.372995025182206,0.34029337520118824,0.5257142857142857,MATCHABILITY_TARGET,EXACT_DP,MATCHABILITY,NONE,NEW_ABLATION_P0_TRAIN,
MATCHABILITY_TARGET,530101,40,6,train,6,5,358,0,0,0,0,0,0,0,0,0,0,MATCHABILITY_TARGET,EXACT_DP,MATCHABILITY,NONE,NEW_ABLATION_P0_TRAIN,
MATCHABILITY_TARGET,530101,40,7,truck,889,540,10641,667,0.750281214848144,667,0.062682078751997,0.750281214848144,0.11569817866435388,0.23012640781222687,0.31347287281884517,0.25730575248277193,0.5521934758155231,MATCHABILITY_TARGET,EXACT_DP,MATCHABILITY,NONE,NEW_ABLATION_P0_TRAIN,
MATCHABILITY_TARGET,530101,40,8,traffic light,5158,1123,16411,2791,0.5411012020162854,2789,0.16994698677716166,0.5407134548274525,0.2586118967036024,0.09551779593499109,0.28364039374784084,0.047290196903864476,0.22148119426134158,MATCHABILITY_TARGET,EXACT_DP,MATCHABILITY,NONE,NEW_ABLATION_P0_TRAIN,
MATCHABILITY_TARGET,530102,10,1,person,2771,631,2165,1440,0.5196679898953447,1439,0.6646651270207852,0.5193071093468062,0.583063209076175,0.2477856394003114,0.4586050675148041,0.22948684446979786,0.3024539877300614,MATCHABILITY_TARGET,EXACT_DP,MATCHABILITY,NONE,NEW_ABLATION_P0_TRAIN,
MATCHABILITY_TARGET,530102,10,2,bicycle,244,125,118,55,0.22540983606557377,53,0.4491525423728814,0.21721311475409835,0.2928176795580111,0.08962777171945942,0.18465409572398042,0.07461152708677461,0.1221311475409836,MATCHABILITY_TARGET,EXACT_DP,MATCHABILITY,NONE,NEW_ABLATION_P0_TRAIN,
MATCHABILITY_TARGET,530102,10,3,car,20453,1988,12907,10278,0.5025179680242507,10271,0.7957697373518245,0.5021757199432846,0.615767386091127,0.31539531328177745,0.48138926422663586,0.3390718197406922,0.34897081112795186,MATCHABILITY_TARGET,EXACT_DP,MATCHABILITY,NONE,NEW_ABLATION_P0_TRAIN,
MATCHABILITY_TARGET,530102,10,4,motorcycle,95,66,47,19,0.2,19,0.40425531914893614,0.2,0.26760563380281693,0.07601780796813232,0.1656513393625036,0.06707474801534208,0.10105263157894737,MATCHABILITY_TARGET,EXACT_DP,MATCHABILITY,NONE,NEW_ABLATION_P0_TRAIN,
MATCHABILITY_TARGET,530102,10,5,bus,350,258,501,161,0.46,161,0.3213572854291417,0.46,0.3783783783783784,0.2694095163602468,0.3320132419268645,0.310285916185277,0.3828571428571429,MATCHABILITY_TARGET,EXACT_DP,MATCHABILITY,NONE,NEW_ABLATION_P0_TRAIN,
MATCHABILITY_TARGET,530102,10,6,train,6,5,67,0,0,0,0,0,0,0,0,0,0,MATCHABILITY_TARGET,EXACT_DP,MATCHABILITY,NONE,NEW_ABLATION_P0_TRAIN,
MATCHABILITY_TARGET,530102,10,7,truck,889,540,1689,449,0.5050618672665916,449,0.26583777383066903,0.5050618672665916,0.3483320403413499,0.21729925389071303,0.2900615912388883,0.2443268966407512,0.39471316085489316,MATCHABILITY_TARGET,EXACT_DP,MATCHABILITY,NONE,NEW_ABLATION_P0_TRAIN,
MATCHABILITY_TARGET,530102,10,8,traffic light,5158,1123,2506,1254,0.24311748739821637,1254,0.5003990422984836,0.24311748739821637,0.32724425887265135,0.06653812582884834,0.17750841877588494,0.04000758358787729,0.10975184179914695,MATCHABILITY_TARGET,EXACT_DP,MATCHABILITY,NONE,NEW_ABLATION_P0_TRAIN,
MATCHABILITY_TARGET,530102,15,1,person,2771,631,3270,1633,0.5893179357632624,1632,0.4990825688073395,0.588957055214724,0.5403078960437013,0.26399561818001877,0.49964181980512473,0.23947551812807086,0.33608805485384335,MATCHABILITY_TARGET,EXACT_DP,MATCHABILITY,NONE,NEW_ABLATION_P0_TRAIN,
MATCHABILITY_TARGET,530102,15,2,bicycle,244,125,194,71,0.29098360655737704,67,0.34536082474226804,0.27459016393442626,0.3059360730593607,0.09841287419327241,0.21320197818834513,0.08022478738586807,0.14877049180327867,MATCHABILITY_TARGET,EXACT_DP,MATCHABILITY,NONE,NEW_ABLATION_P0_TRAIN,
MATCHABILITY_TARGET,530102,15,3,car,20453,1988,17626,11952,0.584364151958148,11937,0.6772381708839215,0.5836307632132206,0.6269597415898526,0.3406189917607388,0.5420776145240899,0.35461914771317643,0.38633941231115243,MATCHABILITY_TARGET,EXACT_DP,MATCHABILITY,NONE,NEW_ABLATION_P0_TRAIN,
MATCHABILITY_TARGET,530102,15,4,motorcycle,95,66,86,20,0.21052631578947367,20,0.23255813953488372,0.21052631578947367,0.22099447513812154,0.07736346162914093,0.16992328897487097,0.06949227066380854,0.11263157894736842,MATCHABILITY_TARGET,EXACT_DP,MATCHABILITY,NONE,NEW_ABLATION_P0_TRAIN,
MATCHABILITY_TARGET,530102,15,5,bus,350,258,816,189,0.54,189,0.23161764705882354,0.54,0.3241852487135506,0.2843413207498946,0.35265406019915363,0.3275846791861657,0.4442857142857143,MATCHABILITY_TARGET,EXACT_DP,MATCHABILITY,NONE,NEW_ABLATION_P0_TRAIN,
MATCHABILITY_TARGET,530102,15,6,train,6,5,84,0,0,0,0,0,0,0,0,0,0,MATCHABILITY_TARGET,EXACT_DP,MATCHABILITY,NONE,NEW_ABLATION_P0_TRAIN,
MATCHABILITY_TARGET,530102,15,7,truck,889,540,3325,530,0.5961754780652418,530,0.1593984962406015,0.5961754780652418,0.2515424774560987,0.22380912156093616,0.30196423185923826,0.250455265292304,0.4530933633295837,MATCHABILITY_TARGET,EXACT_DP,MATCHABILITY,NONE,NEW_ABLATION_P0_TRAIN,
MATCHABILITY_TARGET,530102,15,8,traffic light,5158,1123,4599,1863,0.3611865063978286,1863,0.4050880626223092,0.3611865063978286,0.381879676129958,0.082265372710232,0.23432777172337885,0.04460351999190564,0.1549825513765025,MATCHABILITY_TARGET,EXACT_DP,MATCHABILITY,NONE,NEW_ABLATION_P0_TRAIN,
MATCHABILITY_TARGET,530102,20,1,person,2771,631,4304,1735,0.6261277517141826,1734,0.4028810408921933,0.6257668711656442,0.4901766784452297,0.2698492632283051,0.5174425820817562,0.24152675351792552,0.35182244677011915,MATCHABILITY_TARGET,EXACT_DP,MATCHABILITY,NONE,NEW_ABLATION_P0_TRAIN,
MATCHABILITY_TARGET,530102,20,2,bicycle,244,125,274,83,0.3401639344262295,79,0.28832116788321166,0.3237704918032787,0.305019305019305,0.10511523205570464,0.2313356180498924,0.08122083307651076,0.1721311475409836,MATCHABILITY_TARGET,EXACT_DP,MATCHABILITY,NONE,NEW_ABLATION_P0_TRAIN,
MATCHABILITY_TARGET,530102,20,3,car,20453,1988,22321,12928,0.6320833129614237,12906,0.5781999014381076,0.6310076761355302,0.6034506943470331,0.3509823346737291,0.573516509103266,0.3588083638570518,0.40725077005818217,MATCHABILITY_TARGET,EXACT_DP,MATCHABILITY,NONE,NEW_ABLATION_P0_TRAIN,
MATCHABILITY_TARGET,530102,20,4,motorcycle,95,66,151,26,0.2736842105263158,26,0.17218543046357615,0.2736842105263158,0.21138211382113822,0.08437014034197161,0.18652442639183056,0.07372402065659504,0.14842105263157895,MATCHABILITY_TARGET,EXACT_DP,MATCHABILITY,NONE,NEW_ABLATION_P0_TRAIN,
MATCHABILITY_TARGET,530102,20,5,bus,350,258,1091,204,0.5828571428571429,204,0.18698441796516957,0.5828571428571429,0.2831367106176267,0.2889977618436344,0.3610839873822477,0.3304328301647478,0.47142857142857136,MATCHABILITY_TARGET,EXACT_DP,MATCHABILITY,NONE,NEW_ABLATION_P0_TRAIN,
MATCHABILITY_TARGET,530102,20,6,train,6,5,107,0,0,0,0,0,0,0,0,0,0,MATCHABILITY_TARGET,EXACT_DP,MATCHABILITY,NONE,NEW_ABLATION_P0_TRAIN,
MATCHABILITY_TARGET,530102,20,7,truck,889,540,5040,585,0.6580427446569179,585,0.11607142857142858,0.6580427446569179,0.19733513240006748,0.22724770399608452,0.3073671116986525,0.25456252179413874,0.494488188976378,MATCHABILITY_TARGET,EXACT_DP,MATCHABILITY,NONE,NEW_ABLATION_P0_TRAIN,
MATCHABILITY_TARGET,530102,20,8,traffic light,5158,1123,6712,2199,0.42632803412175263,2197,0.32732419547079855,0.42594028693291974,0.3701769165964617,0.08831631562649099,0.2557573698041067,0.04550294816989215,0.17981775882124854,MATCHABILITY_TARGET,EXACT_DP,MATCHABILITY,NONE,NEW_ABLATION_P0_TRAIN,
MATCHABILITY_TARGET,530102,30,1,person,2771,631,6310,1822,0.6575243594370264,1821,0.2885895404120444,0.6571634788884879,0.40105715229600264,0.27388646447595255,0.5272894115535497,0.24331172443944946,0.3659328762179719,MATCHABILITY_TARGET,EXACT_DP,MATCHABILITY,NONE,NEW_ABLATION_P0_TRAIN,
MATCHABILITY_TARGET,530102,30,2,bicycle,244,125,387,95,0.38934426229508196,91,0.2351421188630491,0.3729508196721312,0.28843106180665606,0.10997213408887484,0.24591240404215128,0.08383581610972718,0.19918032786885245,MATCHABILITY_TARGET,EXACT_DP,MATCHABILITY,NONE,NEW_ABLATION_P0_TRAIN,
MATCHABILITY_TARGET,530102,30,3,car,20453,1988,31808,14136,0.6911455532195766,14108,0.4435362173038229,0.6897765608957122,0.5399054744455712,0.3622644570809547,0.5992661716289648,0.36563120605899063,0.43253312472497923,MATCHABILITY_TARGET,EXACT_DP,MATCHABILITY,NONE,NEW_ABLATION_P0_TRAIN,
MATCHABILITY_TARGET,530102,30,4,motorcycle,95,66,246,29,0.30526315789473685,29,0.11788617886178862,0.30526315789473685,0.17008797653958946,0.08581484028734386,0.1903476567608881,0.07395300759910897,0.16526315789473683,MATCHABILITY_TARGET,EXACT_DP,MATCHABILITY,NONE,NEW_ABLATION_P0_TRAIN,
MATCHABILITY_TARGET,530102,30,5,bus,350,258,1567,220,0.6285714285714286,220,0.14039566049776644,0.6285714285714286,0.2295252999478352,0.29396293009752034,0.36773554460108954,0.3368583006596767,0.5045714285714286,MATCHABILITY_TARGET,EXACT_DP,MATCHABILITY,NONE,NEW_ABLATION_P0_TRAIN,
MATCHABILITY_TARGET,530102,30,6,train,6,5,192,0,0,0,0,0,0,0,0,0,0,MATCHABILITY_TARGET,EXACT_DP,MATCHABILITY,NONE,NEW_ABLATION_P0_TRAIN,
MATCHABILITY_TARGET,530102,30,7,truck,889,540,8202,645,0.7255343082114736,645,0.07863935625457205,0.7255343082114736,0.14189858101418984,0.2296202268166513,0.3122056523247274,0.25671072479639356,0.5359955005624297,MATCHABILITY_TARGET,EXACT_DP,MATCHABILITY,NONE,NEW_ABLATION_P0_TRAIN,
MATCHABILITY_TARGET,530102,30,8,traffic light,5158,1123,11288,2601,0.5042652190771617,2599,0.23024450744153083,0.5038774718883288,0.3160646965827557,0.09371000777504193,0.2767713916526533,0.04687169398111092,0.20835595191934858,MATCHABILITY_TARGET,EXACT_DP,MATCHABILITY,NONE,NEW_ABLATION_P0_TRAIN,
MATCHABILITY_TARGET,530102,40,1,person,2771,631,8326,1859,0.6708769397329484,1858,0.2231563776122988,0.6705160591844099,0.33486527890420836,0.2749424397472603,0.5320850559988145,0.24322446697280453,0.37159870083002533,MATCHABILITY_TARGET,EXACT_DP,MATCHABILITY,NONE,NEW_ABLATION_P0_TRAIN,
MATCHABILITY_TARGET,530102,40,2,bicycle,244,125,498,97,0.3975409836065574,93,0.18674698795180722,0.38114754098360654,0.25067385444743934,0.11000627047148936,0.24689180210352246,0.08498433173817596,0.2012295081967213,MATCHABILITY_TARGET,EXACT_DP,MATCHABILITY,NONE,NEW_ABLATION_P0_TRAIN,
MATCHABILITY_TARGET,530102,40,3,car,20453,1988,41311,14871,0.7270816017210189,14844,0.3593231826874198,0.7257615019801497,0.4806683504954342,0.36725680624184587,0.615585024258267,0.36815089024984277,0.44730846330611646,MATCHABILITY_TARGET,EXACT_DP,MATCHABILITY,NONE,NEW_ABLATION_P0_TRAIN,
MATCHABILITY_TARGET,530102,40,4,motorcycle,95,66,377,31,0.3263157894736842,31,0.08222811671087533,0.3263157894736842,0.13135593220338984,0.08542768968989223,0.18961823030515654,0.0737445355263618,0.17789473684210527,MATCHABILITY_TARGET,EXACT_DP,MATCHABILITY,NONE,NEW_ABLATION_P0_TRAIN,
MATCHABILITY_TARGET,530102,40,5,bus,350,258,2038,229,0.6542857142857142,229,0.11236506378802748,0.6542857142857142,0.1917922948073702,0.2959138191440977,0.3717722418115274,0.33909337677405477,0.5202857142857142,MATCHABILITY_TARGET,EXACT_DP,MATCHABILITY,NONE,NEW_ABLATION_P0_TRAIN,
MATCHABILITY_TARGET,530102,40,6,train,6,5,373,0,0,0,0,0,0,0,0,0,0,MATCHABILITY_TARGET,EXACT_DP,MATCHABILITY,NONE,NEW_ABLATION_P0_TRAIN,
MATCHABILITY_TARGET,530102,40,7,truck,889,540,10745,669,0.7525309336332958,669,0.06226151698464402,0.7525309336332958,0.11500773594636411,0.23019207636715852,0.3135177885177121,0.25730161233832377,0.5534308211473566,MATCHABILITY_TARGET,EXACT_DP,MATCHABILITY,NONE,NEW_ABLATION_P0_TRAIN,
MATCHABILITY_TARGET,530102,40,8,traffic light,5158,1123,16332,2788,0.540519581233036,2786,0.17058535390644133,0.5401318340442032,0.2592833876221498,0.095513902149453,0.2836269161314565,0.047269290767422985,0.2215199689802249,MATCHABILITY_TARGET,EXACT_DP,MATCHABILITY,NONE,NEW_ABLATION_P0_TRAIN,
MATCHABILITY_TARGET,530103,10,1,person,2771,631,2244,1444,0.5211115120894984,1443,0.643048128342246,0.5207506315409599,0.5754735792622133,0.24875070259573287,0.4640955022490301,0.22932694961886274,0.3038975099242151,MATCHABILITY_TARGET,EXACT_DP,MATCHABILITY,NONE,NEW_ABLATION_P0_TRAIN,
MATCHABILITY_TARGET,530103,10,2,bicycle,244,125,124,56,0.22950819672131148,54,0.43548387096774194,0.22131147540983606,0.29347826086956524,0.0905844496609744,0.18957734619605304,0.07479619319837826,0.12336065573770491,MATCHABILITY_TARGET,EXACT_DP,MATCHABILITY,NONE,NEW_ABLATION_P0_TRAIN,
MATCHABILITY_TARGET,530103,10,3,car,20453,1988,12881,10261,0.5016867941133331,10253,0.7959785730921513,0.5012956534493718,0.6151676966460671,0.315391384119657,0.4812930442736637,0.3390958699283294,0.3487899085708698,MATCHABILITY_TARGET,EXACT_DP,MATCHABILITY,NONE,NEW_ABLATION_P0_TRAIN,
MATCHABILITY_TARGET,530103,10,4,motorcycle,95,66,47,19,0.2,19,0.40425531914893614,0.2,0.26760563380281693,0.07704265589005149,0.166990765010567,0.06955035565668369,0.10421052631578949,MATCHABILITY_TARGET,EXACT_DP,MATCHABILITY,NONE,NEW_ABLATION_P0_TRAIN,
MATCHABILITY_TARGET,530103,10,5,bus,350,258,515,161,0.46,161,0.312621359223301,0.46,0.37225433526011564,0.270805917321817,0.33227238076176735,0.31375554473181727,0.3848571428571429,MATCHABILITY_TARGET,EXACT_DP,MATCHABILITY,NONE,NEW_ABLATION_P0_TRAIN,
MATCHABILITY_TARGET,530103,10,6,train,6,5,68,0,0,0,0,0,0,0,0,0,0,MATCHABILITY_TARGET,EXACT_DP,MATCHABILITY,NONE,NEW_ABLATION_P0_TRAIN,
MATCHABILITY_TARGET,530103,10,7,truck,889,540,1648,446,0.5016872890888638,446,0.27063106796116504,0.5016872890888638,0.3515963736696886,0.21610554566520132,0.29006072029097085,0.24217253447672984,0.39077615298087737,MATCHABILITY_TARGET,EXACT_DP,MATCHABILITY,NONE,NEW_ABLATION_P0_TRAIN,
MATCHABILITY_TARGET,530103,10,8,traffic light,5158,1123,2473,1236,0.23962776269872044,1236,0.4997978164173069,0.23962776269872044,0.3239418162757175,0.06599787330152497,0.17217679837483993,0.03982667924338857,0.1077937184955409,MATCHABILITY_TARGET,EXACT_DP,MATCHABILITY,NONE,NEW_ABLATION_P0_TRAIN,
MATCHABILITY_TARGET,530103,15,1,person,2771,631,3401,1651,0.5958137856369542,1650,0.4851514260511614,0.5954529050884158,0.5346727154893065,0.26576246776022683,0.5049492796492929,0.23933224137502626,0.3385420425839047,MATCHABILITY_TARGET,EXACT_DP,MATCHABILITY,NONE,NEW_ABLATION_P0_TRAIN,
MATCHABILITY_TARGET,530103,15,2,bicycle,244,125,224,73,0.29918032786885246,69,0.3080357142857143,0.2827868852459016,0.2948717948717949,0.09851264043068696,0.21622558878453077,0.07776985427984821,0.1495901639344262,MATCHABILITY_TARGET,EXACT_DP,MATCHABILITY,NONE,NEW_ABLATION_P0_TRAIN,
MATCHABILITY_TARGET,530103,15,3,car,20453,1988,17637,11911,0.5823595560553464,11894,0.6743777286386574,0.5815283821444287,0.6245208716198477,0.33997087584572294,0.5418127229027262,0.35465160796992284,0.3857282550237129,MATCHABILITY_TARGET,EXACT_DP,MATCHABILITY,NONE,NEW_ABLATION_P0_TRAIN,
MATCHABILITY_TARGET,530103,15,4,motorcycle,95,66,99,21,0.22105263157894736,21,0.21212121212121213,0.22105263157894736,0.21649484536082475,0.07860141541342047,0.17122408938401773,0.07087351592302087,0.12000000000000002,MATCHABILITY_TARGET,EXACT_DP,MATCHABILITY,NONE,NEW_ABLATION_P0_TRAIN,
MATCHABILITY_TARGET,530103,15,5,bus,350,258,818,186,0.5314285714285715,186,0.2273838630806846,0.5314285714285715,0.3184931506849315,0.28326807355811046,0.3497915524072667,0.3273563870726055,0.44057142857142856,MATCHABILITY_TARGET,EXACT_DP,MATCHABILITY,NONE,NEW_ABLATION_P0_TRAIN,
MATCHABILITY_TARGET,530103,15,6,train,6,5,85,0,0,0,0,0,0,0,0,0,0,MATCHABILITY_TARGET,EXACT_DP,MATCHABILITY,NONE,NEW_ABLATION_P0_TRAIN,
MATCHABILITY_TARGET,530103,15,7,truck,889,540,3260,523,0.5883014623172104,523,0.16042944785276073,0.5883014623172104,0.2521089419137142,0.2233207521339291,0.30032740337072306,0.25053123381689757,0.4496062992125984,MATCHABILITY_TARGET,EXACT_DP,MATCHABILITY,NONE,NEW_ABLATION_P0_TRAIN,
MATCHABILITY_TARGET,530103,15,8,traffic light,5158,1123,4476,1816,0.3520744474602559,1815,0.4054959785522788,0.3518805738658395,0.3767905335270915,0.0812093794005392,0.2301401251561064,0.0447551019471208,0.1522489336952307,MATCHABILITY_TARGET,EXACT_DP,MATCHABILITY,NONE,NEW_ABLATION_P0_TRAIN,
MATCHABILITY_TARGET,530103,20,1,person,2771,631,4462,1744,0.6293756766510286,1743,0.39063200358583594,0.6290147961024901,0.48195769390294485,0.27111372984691895,0.5177991125518936,0.24172371821902236,0.35402381811620354,MATCHABILITY_TARGET,EXACT_DP,MATCHABILITY,NONE,NEW_ABLATION_P0_TRAIN,
MATCHABILITY_TARGET,530103,20,2,bicycle,244,125,307,83,0.3401639344262295,79,0.25732899022801303,0.3237704918032787,0.2867513611615245,0.10499804491763477,0.23125582445388077,0.08110492935306544,0.17459016393442622,MATCHABILITY_TARGET,EXACT_DP,MATCHABILITY,NONE,NEW_ABLATION_P0_TRAIN,
MATCHABILITY_TARGET,530103,20,3,car,20453,1988,22302,12902,0.6308121058035496,12879,0.5774818401937046,0.6296875763946609,0.6024558531165946,0.3504442786743424,0.5677624755794471,0.35887635051317673,0.406918300493815,MATCHABILITY_TARGET,EXACT_DP,MATCHABILITY,NONE,NEW_ABLATION_P0_TRAIN,
MATCHABILITY_TARGET,530103,20,4,motorcycle,95,66,164,25,0.2631578947368421,25,0.1524390243902439,0.2631578947368421,0.19305019305019305,0.08255242029210065,0.18185786771142254,0.07197816627517933,0.14421052631578948,MATCHABILITY_TARGET,EXACT_DP,MATCHABILITY,NONE,NEW_ABLATION_P0_TRAIN,
MATCHABILITY_TARGET,530103,20,5,bus,350,258,1121,207,0.5914285714285714,207,0.18465655664585193,0.5914285714285714,0.28144119646498983,0.2912731671700832,0.36342030721829444,0.33490300694932773,0.47971428571428565,MATCHABILITY_TARGET,EXACT_DP,MATCHABILITY,NONE,NEW_ABLATION_P0_TRAIN,
MATCHABILITY_TARGET,530103,20,6,train,6,5,112,0,0,0,0,0,0,0,0,0,0,MATCHABILITY_TARGET,EXACT_DP,MATCHABILITY,NONE,NEW_ABLATION_P0_TRAIN,
MATCHABILITY_TARGET,530103,20,7,truck,889,540,4976,578,0.6501687289088864,578,0.11615755627009647,0.6501687289088864,0.19710144927536233,0.2266766685129829,0.3073037340551368,0.25359931343049874,0.48976377952755906,MATCHABILITY_TARGET,EXACT_DP,MATCHABILITY,NONE,NEW_ABLATION_P0_TRAIN,
MATCHABILITY_TARGET,530103,20,8,traffic light,5158,1123,6556,2169,0.4205118262892594,2167,0.33053691275167785,0.42012407910042654,0.3699846337715554,0.08802398007771634,0.25560590518766824,0.0455626561795441,0.17778208607987595,MATCHABILITY_TARGET,EXACT_DP,MATCHABILITY,NONE,NEW_ABLATION_P0_TRAIN,
MATCHABILITY_TARGET,530103,30,1,person,2771,631,6390,1821,0.6571634788884879,1820,0.28482003129890454,0.6568025983399495,0.39733653531273877,0.2739022894724819,0.5273741144711788,0.24333922667703606,0.365680259833995,MATCHABILITY_TARGET,EXACT_DP,MATCHABILITY,NONE,NEW_ABLATION_P0_TRAIN,
MATCHABILITY_TARGET,530103,30,2,bicycle,244,125,411,92,0.3770491803278688,88,0.2141119221411192,0.36065573770491804,0.26870229007633584,0.10872717013889326,0.2421902552810022,0.08387216958819478,0.19221311475409836,MATCHABILITY_TARGET,EXACT_DP,MATCHABILITY,NONE,NEW_ABLATION_P0_TRAIN,
MATCHABILITY_TARGET,530103,30,3,car,20453,1988,31925,14126,0.690656627389625,14098,0.44159749412685984,0.6892876350657605,0.5383176142655314,0.3622968195689951,0.5993538357012224,0.3656463638006781,0.4324206717840903,MATCHABILITY_TARGET,EXACT_DP,MATCHABILITY,NONE,NEW_ABLATION_P0_TRAIN,
MATCHABILITY_TARGET,530103,30,4,motorcycle,95,66,273,30,0.3157894736842105,30,0.10989010989010989,0.3157894736842105,0.16304347826086954,0.08538537809401507,0.189227138211271,0.07398221414370157,0.1736842105263158,MATCHABILITY_TARGET,EXACT_DP,MATCHABILITY,NONE,NEW_ABLATION_P0_TRAIN,
MATCHABILITY_TARGET,530103,30,5,bus,350,258,1576,222,0.6342857142857142,222,0.14086294416243655,0.6342857142857142,0.23052959501557632,0.2941762495516968,0.3694630332857393,0.33693554586614194,0.5042857142857143,MATCHABILITY_TARGET,EXACT_DP,MATCHABILITY,NONE,NEW_ABLATION_P0_TRAIN,
MATCHABILITY_TARGET,530103,30,6,train,6,5,195,0,0,0,0,0,0,0,0,0,0,MATCHABILITY_TARGET,EXACT_DP,MATCHABILITY,NONE,NEW_ABLATION_P0_TRAIN,
MATCHABILITY_TARGET,530103,30,7,truck,889,540,8098,642,0.7221597300337458,642,0.07927883428006915,0.7221597300337458,0.14287303883387115,0.22943930858143607,0.3123602954695321,0.2560655162122898,0.532845894263217,MATCHABILITY_TARGET,EXACT_DP,MATCHABILITY,NONE,NEW_ABLATION_P0_TRAIN,
MATCHABILITY_TARGET,530103,30,8,traffic light,5158,1123,11132,2582,0.5005816207832493,2580,0.23176428314768235,0.5001938735944165,0.3167587476979742,0.09379544312569918,0.27698792665697985,0.04694756679403963,0.20703761147731678,MATCHABILITY_TARGET,EXACT_DP,MATCHABILITY,NONE,NEW_ABLATION_P0_TRAIN,
MATCHABILITY_TARGET,530103,40,1,person,2771,631,8347,1858,0.6705160591844099,1857,0.2224751407691386,0.6701551786358715,0.3340528872099298,0.27495909077926395,0.5320991610348924,0.24322590157717627,0.37130999639119455,MATCHABILITY_TARGET,EXACT_DP,MATCHABILITY,NONE,NEW_ABLATION_P0_TRAIN,
MATCHABILITY_TARGET,530103,40,2,bicycle,244,125,495,97,0.3975409836065574,93,0.18787878787878787,0.38114754098360654,0.25169147496617045,0.11005574537036471,0.24702150067112885,0.08501005012837667,0.2012295081967213,MATCHABILITY_TARGET,EXACT_DP,MATCHABILITY,NONE,NEW_ABLATION_P0_TRAIN,
MATCHABILITY_TARGET,530103,40,3,car,20453,1988,41357,14870,0.7270327091380238,14844,0.35892351959764973,0.7257615019801497,0.48031062934800195,0.36757947558396253,0.6156328672718369,0.3681301783083681,0.44718623184862843,MATCHABILITY_TARGET,EXACT_DP,MATCHABILITY,NONE,NEW_ABLATION_P0_TRAIN,
MATCHABILITY_TARGET,530103,40,4,motorcycle,95,66,386,31,0.3263157894736842,31,0.08031088082901554,0.3263157894736842,0.12889812889812888,0.0853710512900399,0.1895296659061624,0.07370076871473456,0.17789473684210527,MATCHABILITY_TARGET,EXACT_DP,MATCHABILITY,NONE,NEW_ABLATION_P0_TRAIN,
MATCHABILITY_TARGET,530103,40,5,bus,350,258,2054,231,0.66,231,0.1124634858812074,0.66,0.19217970049916808,0.296346407748698,0.3730723065184823,0.33929434125929325,0.5245714285714287,MATCHABILITY_TARGET,EXACT_DP,MATCHABILITY,NONE,NEW_ABLATION_P0_TRAIN,
MATCHABILITY_TARGET,530103,40,6,train,6,5,376,0,0,0,0,0,0,0,0,0,0,MATCHABILITY_TARGET,EXACT_DP,MATCHABILITY,NONE,NEW_ABLATION_P0_TRAIN,
MATCHABILITY_TARGET,530103,40,7,truck,889,540,10705,672,0.7559055118110236,672,0.06277440448388603,0.7559055118110236,0.11592202863550112,0.23033027635350353,0.3135723616437981,0.25732004399261443,0.5561304836895388,MATCHABILITY_TARGET,EXACT_DP,MATCHABILITY,NONE,NEW_ABLATION_P0_TRAIN,
MATCHABILITY_TARGET,530103,40,8,traffic light,5158,1123,16280,2787,0.5403257076386196,2785,0.17106879606879608,0.5399379604497867,0.25981901296762755,0.09534020579771475,0.28190562811546666,0.047279040922997714,0.22134548274525007,MATCHABILITY_TARGET,EXACT_DP,MATCHABILITY,NONE,NEW_ABLATION_P0_TRAIN,
NEXT_SLOT_GREEDY,530101,10,1,person,2771,631,1859,1247,0.4500180440274269,1247,0.6707907477138246,0.4500180440274269,0.5386609071274299,0.22524181127969561,0.4094332808673585,0.21396837918345044,0.26907253699025624,FULL,NEXT_SLOT_GREEDY,PREFIX_MARGINAL,NONE,NEW_ABLATION_P0_SOLVER_REPLAY,LEARN_QUALITY
NEXT_SLOT_GREEDY,530101,10,2,bicycle,244,125,100,48,0.19672131147540983,48,0.48,0.19672131147540983,0.27906976744186046,0.08353268288969398,0.17411245577999096,0.07116150914428271,0.10778688524590166,FULL,NEXT_SLOT_GREEDY,PREFIX_MARGINAL,NONE,NEW_ABLATION_P0_SOLVER_REPLAY,LEARN_QUALITY
NEXT_SLOT_GREEDY,530101,10,3,car,20453,1988,13361,10507,0.5137143695301423,10500,0.7858693211585959,0.5133721214491762,0.6210445377654226,0.31787575317419703,0.49140505887747926,0.3387977408694301,0.3498459883635653,FULL,NEXT_SLOT_GREEDY,PREFIX_MARGINAL,NONE,NEW_ABLATION_P0_SOLVER_REPLAY,LEARN_QUALITY
NEXT_SLOT_GREEDY,530101,10,4,motorcycle,95,66,44,18,0.18947368421052632,18,0.4090909090909091,0.18947368421052632,0.2589928057553957,0.07100039036161682,0.15839008108955693,0.06461312797946461,0.08842105263157896,FULL,NEXT_SLOT_GREEDY,PREFIX_MARGINAL,NONE,NEW_ABLATION_P0_SOLVER_REPLAY,LEARN_QUALITY
NEXT_SLOT_GREEDY,530101,10,5,bus,350,258,407,146,0.41714285714285715,146,0.35872235872235875,0.41714285714285715,0.3857331571994716,0.2532779718260978,0.3079294345644776,0.2909565161717693,0.3491428571428571,FULL,NEXT_SLOT_GREEDY,PREFIX_MARGINAL,NONE,NEW_ABLATION_P0_SOLVER_REPLAY,LEARN_QUALITY
NEXT_SLOT_GREEDY,530101,10,6,train,6,5,62,0,0,0,0,0,0,0,0,0,0,FULL,NEXT_SLOT_GREEDY,PREFIX_MARGINAL,NONE,NEW_ABLATION_P0_SOLVER_REPLAY,LEARN_QUALITY
NEXT_SLOT_GREEDY,530101,10,7,truck,889,540,1354,398,0.44769403824521936,398,0.29394387001477107,0.44769403824521936,0.35488185465893896,0.20413265735193964,0.2696642174001796,0.22926953617944948,0.3539932508436446,FULL,NEXT_SLOT_GREEDY,PREFIX_MARGINAL,NONE,NEW_ABLATION_P0_SOLVER_REPLAY,LEARN_QUALITY
NEXT_SLOT_GREEDY,530101,10,8,traffic light,5158,1123,2813,1316,0.25513765025203566,1316,0.46782794169925346,0.25513765025203566,0.33019696399447995,0.0661266545588396,0.17951982430246785,0.03928002205051448,0.11124466847615352,FULL,NEXT_SLOT_GREEDY,PREFIX_MARGINAL,NONE,NEW_ABLATION_P0_SOLVER_REPLAY,LEARN_QUALITY
NEXT_SLOT_GREEDY,530101,15,1,person,2771,631,2771,1398,0.5045110068567304,1397,0.504150126308192,0.504150126308192,0.504150126308192,0.23952224738442762,0.44166045330672093,0.22238266566486828,0.2946228798267774,FULL,NEXT_SLOT_GREEDY,PREFIX_MARGINAL,NONE,NEW_ABLATION_P0_SOLVER_REPLAY,LEARN_QUALITY
NEXT_SLOT_GREEDY,530101,15,2,bicycle,244,125,173,59,0.24180327868852458,58,0.3352601156069364,0.23770491803278687,0.27817745803357313,0.09133457816190489,0.1928051625145315,0.07524711162841699,0.13073770491803277,FULL,NEXT_SLOT_GREEDY,PREFIX_MARGINAL,NONE,NEW_ABLATION_P0_SOLVER_REPLAY,LEARN_QUALITY
NEXT_SLOT_GREEDY,530101,15,3,car,20453,1988,17858,11492,0.5618735637803746,11478,0.6427371486168664,0.5611890676184422,0.5992012737855968,0.33327071173973727,0.5274600978380927,0.3488333942923441,0.372141006209358,FULL,NEXT_SLOT_GREEDY,PREFIX_MARGINAL,NONE,NEW_ABLATION_P0_SOLVER_REPLAY,LEARN_QUALITY
NEXT_SLOT_GREEDY,530101,15,4,motorcycle,95,66,114,22,0.23157894736842105,22,0.19298245614035087,0.23157894736842105,0.21052631578947367,0.07855940166746575,0.1742281209374978,0.07239385592694608,0.12210526315789474,FULL,NEXT_SLOT_GREEDY,PREFIX_MARGINAL,NONE,NEW_ABLATION_P0_SOLVER_REPLAY,LEARN_QUALITY
NEXT_SLOT_GREEDY,530101,15,5,bus,350,258,668,168,0.48,168,0.25149700598802394,0.48,0.33005893909626716,0.26718591062581726,0.328420535045176,0.3046028175725805,0.3965714285714285,FULL,NEXT_SLOT_GREEDY,PREFIX_MARGINAL,NONE,NEW_ABLATION_P0_SOLVER_REPLAY,LEARN_QUALITY
NEXT_SLOT_GREEDY,530101,15,6,train,6,5,66,0,0,0,0,0,0,0,0,0,0,FULL,NEXT_SLOT_GREEDY,PREFIX_MARGINAL,NONE,NEW_ABLATION_P0_SOLVER_REPLAY,LEARN_QUALITY
NEXT_SLOT_GREEDY,530101,15,7,truck,889,540,3007,465,0.5230596175478065,465,0.15463917525773196,0.5230596175478065,0.2387063655030801,0.2122130385969656,0.28364779253705397,0.2372484415964668,0.40427446569178843,FULL,NEXT_SLOT_GREEDY,PREFIX_MARGINAL,NONE,NEW_ABLATION_P0_SOLVER_REPLAY,LEARN_QUALITY
NEXT_SLOT_GREEDY,530101,15,8,traffic light,5158,1123,5343,1735,0.33637068631252426,1735,0.324723937862624,0.33637068631252426,0.330444719550519,0.07573961772097876,0.21268858567911497,0.042051451678112584,0.14257464133385028,FULL,NEXT_SLOT_GREEDY,PREFIX_MARGINAL,NONE,NEW_ABLATION_P0_SOLVER_REPLAY,LEARN_QUALITY
NEXT_SLOT_GREEDY,530101,20,1,person,2771,631,3789,1472,0.5312161674485745,1471,0.38822908419107943,0.5308552869000361,0.44847560975609757,0.2460628836021897,0.4579047811688736,0.22613790172232245,0.30714543486106105,FULL,NEXT_SLOT_GREEDY,PREFIX_MARGINAL,NONE,NEW_ABLATION_P0_SOLVER_REPLAY,LEARN_QUALITY
NEXT_SLOT_GREEDY,530101,20,2,bicycle,244,125,233,67,0.27459016393442626,64,0.27467811158798283,0.26229508196721313,0.26834381551362685,0.09586594609652416,0.2083343271559364,0.07493977366612858,0.14057377049180325,FULL,NEXT_SLOT_GREEDY,PREFIX_MARGINAL,NONE,NEW_ABLATION_P0_SOLVER_REPLAY,LEARN_QUALITY
NEXT_SLOT_GREEDY,530101,20,3,car,20453,1988,22227,12141,0.5936048501442331,12123,0.5454177351869348,0.5927247836503202,0.5680880974695407,0.340664096262255,0.5466398314576335,0.3531370998199653,0.3866523248423215,FULL,NEXT_SLOT_GREEDY,PREFIX_MARGINAL,NONE,NEW_ABLATION_P0_SOLVER_REPLAY,LEARN_QUALITY
NEXT_SLOT_GREEDY,530101,20,4,motorcycle,95,66,188,22,0.23157894736842105,22,0.11702127659574468,0.23157894736842105,0.15547703180212016,0.07872168379911558,0.1740552465071976,0.0721974395241722,0.12421052631578947,FULL,NEXT_SLOT_GREEDY,PREFIX_MARGINAL,NONE,NEW_ABLATION_P0_SOLVER_REPLAY,LEARN_QUALITY
NEXT_SLOT_GREEDY,530101,20,5,bus,350,258,966,178,0.5085714285714286,178,0.18426501035196688,0.5085714285714286,0.270516717325228,0.27162028628912077,0.333505681137747,0.31039799280319263,0.4162857142857142,FULL,NEXT_SLOT_GREEDY,PREFIX_MARGINAL,NONE,NEW_ABLATION_P0_SOLVER_REPLAY,LEARN_QUALITY
NEXT_SLOT_GREEDY,530101,20,6,train,6,5,90,0,0,0,0,0,0,0,0,0,0,FULL,NEXT_SLOT_GREEDY,PREFIX_MARGINAL,NONE,NEW_ABLATION_P0_SOLVER_REPLAY,LEARN_QUALITY
NEXT_SLOT_GREEDY,530101,20,7,truck,889,540,4480,495,0.5568053993250843,495,0.11049107142857142,0.5568053993250843,0.18439187930713355,0.2153637911330596,0.28830211496057434,0.24156785596739344,0.4246344206974128,FULL,NEXT_SLOT_GREEDY,PREFIX_MARGINAL,NONE,NEW_ABLATION_P0_SOLVER_REPLAY,LEARN_QUALITY
NEXT_SLOT_GREEDY,530101,20,8,traffic light,5158,1123,8027,1954,0.3788290034897247,1954,0.24342842905194967,0.3788290034897247,0.2963974213120971,0.07913437768421255,0.2266344196574995,0.042803092943632194,0.1572508724311749,FULL,NEXT_SLOT_GREEDY,PREFIX_MARGINAL,NONE,NEW_ABLATION_P0_SOLVER_REPLAY,LEARN_QUALITY
NEXT_SLOT_GREEDY,530101,30,1,person,2771,631,6495,1684,0.6077228437387224,1683,0.25912240184757507,0.6073619631901841,0.3632635441398662,0.2648407496180455,0.5021239531482827,0.2385894966879569,0.343774810537712,FULL,NEXT_SLOT_GREEDY,PREFIX_MARGINAL,NONE,NEW_ABLATION_P0_SOLVER_REPLAY,LEARN_QUALITY
NEXT_SLOT_GREEDY,530101,30,2,bicycle,244,125,359,77,0.3155737704918033,73,0.20334261838440112,0.29918032786885246,0.24212271973466007,0.09891692462060707,0.21723739657722874,0.07765534393573646,0.15409836065573773,FULL,NEXT_SLOT_GREEDY,PREFIX_MARGINAL,NONE,NEW_ABLATION_P0_SOLVER_REPLAY,LEARN_QUALITY
NEXT_SLOT_GREEDY,530101,30,3,car,20453,1988,30656,13364,0.6534004791473134,13341,0.4351839770354906,0.6522759497384247,0.5220606938112661,0.3547579864410264,0.5816679174198187,0.36161182031221756,0.4145748789908571,FULL,NEXT_SLOT_GREEDY,PREFIX_MARGINAL,NONE,NEW_ABLATION_P0_SOLVER_REPLAY,LEARN_QUALITY
NEXT_SLOT_GREEDY,530101,30,4,motorcycle,95,66,302,27,0.28421052631578947,27,0.08940397350993377,0.28421052631578947,0.13602015113350127,0.08223054364230709,0.18696800823612475,0.07215979333857311,0.14421052631578948,FULL,NEXT_SLOT_GREEDY,PREFIX_MARGINAL,NONE,NEW_ABLATION_P0_SOLVER_REPLAY,LEARN_QUALITY
NEXT_SLOT_GREEDY,530101,30,5,bus,350,258,1543,204,0.5828571428571429,204,0.1322099805573558,0.5828571428571429,0.21553090332805072,0.28626410580199185,0.3577576400710766,0.32747213111981754,0.46771428571428564,FULL,NEXT_SLOT_GREEDY,PREFIX_MARGINAL,NONE,NEW_ABLATION_P0_SOLVER_REPLAY,LEARN_QUALITY
NEXT_SLOT_GREEDY,530101,30,6,train,6,5,324,0,0,0,0,0,0,0,0,0,0,FULL,NEXT_SLOT_GREEDY,PREFIX_MARGINAL,NONE,NEW_ABLATION_P0_SOLVER_REPLAY,LEARN_QUALITY
NEXT_SLOT_GREEDY,530101,30,7,truck,889,540,7383,575,0.6467941507311586,575,0.0778816199376947,0.6467941507311586,0.13902321083172148,0.22451821357904161,0.3024455004576152,0.2512836028630494,0.48560179977502804,FULL,NEXT_SLOT_GREEDY,PREFIX_MARGINAL,NONE,NEW_ABLATION_P0_SOLVER_REPLAY,LEARN_QUALITY
NEXT_SLOT_GREEDY,530101,30,8,traffic light,5158,1123,12938,2347,0.4550213260953858,2347,0.1814036172515072,0.4550213260953858,0.259394341290893,0.08775664207332406,0.2574409920545843,0.04528056832047406,0.18743699108181464,FULL,NEXT_SLOT_GREEDY,PREFIX_MARGINAL,NONE,NEW_ABLATION_P0_SOLVER_REPLAY,LEARN_QUALITY
NEXT_SLOT_GREEDY,530101,40,1,person,2771,631,8624,1821,0.6571634788884879,1820,0.21103896103896103,0.6568025983399495,0.3194383501535761,0.2734046421034817,0.525915636418022,0.2430572791244735,0.3661854926019488,FULL,NEXT_SLOT_GREEDY,PREFIX_MARGINAL,NONE,NEW_ABLATION_P0_SOLVER_REPLAY,LEARN_QUALITY
NEXT_SLOT_GREEDY,530101,40,2,bicycle,244,125,478,92,0.3770491803278688,88,0.18410041841004185,0.36065573770491804,0.2437673130193906,0.10689786877506882,0.24062781582416037,0.08218930526097107,0.18565573770491806,FULL,NEXT_SLOT_GREEDY,PREFIX_MARGINAL,NONE,NEW_ABLATION_P0_SOLVER_REPLAY,LEARN_QUALITY
NEXT_SLOT_GREEDY,530101,40,3,car,20453,1988,40052,14480,0.7079646017699115,14453,0.36085588734644963,0.7066445020290422,0.47774564085612764,0.36391746633608224,0.6066748311199891,0.36525182830131325,0.4381508825111231,FULL,NEXT_SLOT_GREEDY,PREFIX_MARGINAL,NONE,NEW_ABLATION_P0_SOLVER_REPLAY,LEARN_QUALITY
NEXT_SLOT_GREEDY,530101,40,4,motorcycle,95,66,419,30,0.3157894736842105,30,0.07159904534606205,0.3157894736842105,0.11673151750972764,0.08476547595167828,0.18846897400052193,0.07309035987356322,0.16947368421052633,FULL,NEXT_SLOT_GREEDY,PREFIX_MARGINAL,NONE,NEW_ABLATION_P0_SOLVER_REPLAY,LEARN_QUALITY
NEXT_SLOT_GREEDY,530101,40,5,bus,350,258,2039,226,0.6457142857142857,226,0.11083864639529181,0.6457142857142857,0.1892005023022185,0.2952302390003762,0.3712320416409236,0.33709494051581745,0.5117142857142857,FULL,NEXT_SLOT_GREEDY,PREFIX_MARGINAL,NONE,NEW_ABLATION_P0_SOLVER_REPLAY,LEARN_QUALITY
NEXT_SLOT_GREEDY,530101,40,6,train,6,5,597,0,0,0,0,0,0,0,0,0,0,FULL,NEXT_SLOT_GREEDY,PREFIX_MARGINAL,NONE,NEW_ABLATION_P0_SOLVER_REPLAY,LEARN_QUALITY
NEXT_SLOT_GREEDY,530101,40,7,truck,889,540,10243,637,0.7165354330708661,637,0.06218881187152202,0.7165354330708661,0.11444484369385555,0.2284737466096064,0.30997788879480465,0.2554093483831061,0.5318335208098988,FULL,NEXT_SLOT_GREEDY,PREFIX_MARGINAL,NONE,NEW_ABLATION_P0_SOLVER_REPLAY,LEARN_QUALITY
NEXT_SLOT_GREEDY,530101,40,8,traffic light,5158,1123,17548,2671,0.5178363706863125,2670,0.1521540916343743,0.5176424970918961,0.23518012860036994,0.09365469710983144,0.2762445255329489,0.04665002636491341,0.21318340442031794,FULL,NEXT_SLOT_GREEDY,PREFIX_MARGINAL,NONE,NEW_ABLATION_P0_SOLVER_REPLAY,LEARN_QUALITY
NEXT_SLOT_GREEDY,530102,10,1,person,2771,631,1855,1256,0.45326596896427285,1256,0.6770889487870619,0.45326596896427285,0.5430177258971033,0.22602400811911985,0.4098984039878373,0.21401255731446286,0.2707686755683869,FULL,NEXT_SLOT_GREEDY,PREFIX_MARGINAL,NONE,NEW_ABLATION_P0_SOLVER_REPLAY,LEARN_QUALITY
NEXT_SLOT_GREEDY,530102,10,2,bicycle,244,125,109,51,0.20901639344262296,51,0.46788990825688076,0.20901639344262296,0.28895184135977336,0.08497877896058614,0.18029666218798687,0.07096708616737529,0.11065573770491803,FULL,NEXT_SLOT_GREEDY,PREFIX_MARGINAL,NONE,NEW_ABLATION_P0_SOLVER_REPLAY,LEARN_QUALITY
NEXT_SLOT_GREEDY,530102,10,3,car,20453,1988,13324,10500,0.5133721214491762,10495,0.7876763734614229,0.5131276585342004,0.6214287828996062,0.3179202062114582,0.49153942684718727,0.33886671180783484,0.34983132058866667,FULL,NEXT_SLOT_GREEDY,PREFIX_MARGINAL,NONE,NEW_ABLATION_P0_SOLVER_REPLAY,LEARN_QUALITY
NEXT_SLOT_GREEDY,530102,10,4,motorcycle,95,66,48,18,0.18947368421052632,18,0.375,0.18947368421052632,0.2517482517482517,0.07095532816308926,0.1582758388961068,0.06461312797946461,0.08842105263157896,FULL,NEXT_SLOT_GREEDY,PREFIX_MARGINAL,NONE,NEW_ABLATION_P0_SOLVER_REPLAY,LEARN_QUALITY
NEXT_SLOT_GREEDY,530102,10,5,bus,350,258,415,143,0.4085714285714286,143,0.344578313253012,0.4085714285714286,0.3738562091503268,0.25117880340459214,0.3037623915920307,0.2872072112575291,0.34199999999999997,FULL,NEXT_SLOT_GREEDY,PREFIX_MARGINAL,NONE,NEW_ABLATION_P0_SOLVER_REPLAY,LEARN_QUALITY
NEXT_SLOT_GREEDY,530102,10,6,train,6,5,62,0,0,0,0,0,0,0,0,0,0,FULL,NEXT_SLOT_GREEDY,PREFIX_MARGINAL,NONE,NEW_ABLATION_P0_SOLVER_REPLAY,LEARN_QUALITY
NEXT_SLOT_GREEDY,530102,10,7,truck,889,540,1484,403,0.453318335208099,403,0.2715633423180593,0.453318335208099,0.3396544458491361,0.2042078426074599,0.27082859307056695,0.23060877145607633,0.35849268841394827,FULL,NEXT_SLOT_GREEDY,PREFIX_MARGINAL,NONE,NEW_ABLATION_P0_SOLVER_REPLAY,LEARN_QUALITY
NEXT_SLOT_GREEDY,530102,10,8,traffic light,5158,1123,2703,1275,0.2471888328809616,1275,0.4716981132075472,0.2471888328809616,0.3243862104058008,0.06447690396907697,0.1742222687221209,0.03910449175476878,0.10763861962000776,FULL,NEXT_SLOT_GREEDY,PREFIX_MARGINAL,NONE,NEW_ABLATION_P0_SOLVER_REPLAY,LEARN_QUALITY
NEXT_SLOT_GREEDY,530102,15,1,person,2771,631,2732,1402,0.5059545290508841,1401,0.5128111273792094,0.5055936485023457,0.5091768126476467,0.2397610702594397,0.44228209344386726,0.22246018857085925,0.2950559364850235,FULL,NEXT_SLOT_GREEDY,PREFIX_MARGINAL,NONE,NEW_ABLATION_P0_SOLVER_REPLAY,LEARN_QUALITY
NEXT_SLOT_GREEDY,530102,15,2,bicycle,244,125,167,58,0.23770491803278687,57,0.3413173652694611,0.2336065573770492,0.2773722627737226,0.09038133272189268,0.19210593538177648,0.0733911811948483,0.1278688524590164,FULL,NEXT_SLOT_GREEDY,PREFIX_MARGINAL,NONE,NEW_ABLATION_P0_SOLVER_REPLAY,LEARN_QUALITY
NEXT_SLOT_GREEDY,530102,15,3,car,20453,1988,17877,11509,0.5627047376912923,11494,0.6429490406667785,0.5619713489463648,0.5997391077484998,0.33330456549213977,0.5276484419961591,0.3487406150229607,0.3723952476409329,FULL,NEXT_SLOT_GREEDY,PREFIX_MARGINAL,NONE,NEW_ABLATION_P0_SOLVER_REPLAY,LEARN_QUALITY
NEXT_SLOT_GREEDY,530102,15,4,motorcycle,95,66,119,21,0.22105263157894736,21,0.17647058823529413,0.22105263157894736,0.19626168224299065,0.07677531178822612,0.17101798625943368,0.07078489916396066,0.11578947368421053,FULL,NEXT_SLOT_GREEDY,PREFIX_MARGINAL,NONE,NEW_ABLATION_P0_SOLVER_REPLAY,LEARN_QUALITY
NEXT_SLOT_GREEDY,530102,15,5,bus,350,258,688,169,0.4828571428571429,169,0.24563953488372092,0.4828571428571429,0.32562620423892097,0.26699695233667103,0.32780457660500995,0.3039840140698063,0.3974285714285714,FULL,NEXT_SLOT_GREEDY,PREFIX_MARGINAL,NONE,NEW_ABLATION_P0_SOLVER_REPLAY,LEARN_QUALITY
NEXT_SLOT_GREEDY,530102,15,6,train,6,5,71,0,0,0,0,0,0,0,0,0,0,FULL,NEXT_SLOT_GREEDY,PREFIX_MARGINAL,NONE,NEW_ABLATION_P0_SOLVER_REPLAY,LEARN_QUALITY
NEXT_SLOT_GREEDY,530102,15,7,truck,889,540,3084,468,0.5264341957255343,468,0.1517509727626459,0.5264341957255343,0.23559023408004023,0.2124937635970592,0.28384376326826016,0.237326401464041,0.40506186726659166,FULL,NEXT_SLOT_GREEDY,PREFIX_MARGINAL,NONE,NEW_ABLATION_P0_SOLVER_REPLAY,LEARN_QUALITY
NEXT_SLOT_GREEDY,530102,15,8,traffic light,5158,1123,5262,1721,0.33365645599069405,1721,0.32706195362979856,0.33365645599069405,0.3303262955854127,0.07497251636596532,0.21246556619611884,0.04191816283607816,0.1409073284218689,FULL,NEXT_SLOT_GREEDY,PREFIX_MARGINAL,NONE,NEW_ABLATION_P0_SOLVER_REPLAY,LEARN_QUALITY
NEXT_SLOT_GREEDY,530102,20,1,person,2771,631,3685,1471,0.5308552869000361,1470,0.3989145183175034,0.5304944063514977,0.4553903345724907,0.24640684801089396,0.45855151445297776,0.22647710015033853,0.3074341392998917,FULL,NEXT_SLOT_GREEDY,PREFIX_MARGINAL,NONE,NEW_ABLATION_P0_SOLVER_REPLAY,LEARN_QUALITY
NEXT_SLOT_GREEDY,530102,20,2,bicycle,244,125,238,67,0.27459016393442626,64,0.2689075630252101,0.26229508196721313,0.26556016597510373,0.09565883368274537,0.20779582252245293,0.07486223551444655,0.14057377049180325,FULL,NEXT_SLOT_GREEDY,PREFIX_MARGINAL,NONE,NEW_ABLATION_P0_SOLVER_REPLAY,LEARN_QUALITY
NEXT_SLOT_GREEDY,530102,20,3,car,20453,1988,22262,12151,0.5940937759741847,12133,0.5450094331147246,0.5932137094802719,0.5680908346014281,0.3407734783206086,0.5468035665576869,0.35325450703846584,0.3869896836649881,FULL,NEXT_SLOT_GREEDY,PREFIX_MARGINAL,NONE,NEW_ABLATION_P0_SOLVER_REPLAY,LEARN_QUALITY
NEXT_SLOT_GREEDY,530102,20,4,motorcycle,95,66,196,22,0.23157894736842105,22,0.11224489795918367,0.23157894736842105,0.15120274914089346,0.07842462430346196,0.17352466119641036,0.07193296286727302,0.12421052631578947,FULL,NEXT_SLOT_GREEDY,PREFIX_MARGINAL,NONE,NEW_ABLATION_P0_SOLVER_REPLAY,LEARN_QUALITY
NEXT_SLOT_GREEDY,530102,20,5,bus,350,258,971,179,0.5114285714285715,179,0.184346035015448,0.5114285714285715,0.2710068130204391,0.2725154339043328,0.3365558167921927,0.31111875713349857,0.41628571428571426,FULL,NEXT_SLOT_GREEDY,PREFIX_MARGINAL,NONE,NEW_ABLATION_P0_SOLVER_REPLAY,LEARN_QUALITY
NEXT_SLOT_GREEDY,530102,20,6,train,6,5,97,0,0,0,0,0,0,0,0,0,0,FULL,NEXT_SLOT_GREEDY,PREFIX_MARGINAL,NONE,NEW_ABLATION_P0_SOLVER_REPLAY,LEARN_QUALITY
NEXT_SLOT_GREEDY,530102,20,7,truck,889,540,4560,503,0.5658042744656918,503,0.11030701754385965,0.5658042744656918,0.18462103138190494,0.2169404067789308,0.2906019587519177,0.2436217191504519,0.4321709786276715,FULL,NEXT_SLOT_GREEDY,PREFIX_MARGINAL,NONE,NEW_ABLATION_P0_SOLVER_REPLAY,LEARN_QUALITY
NEXT_SLOT_GREEDY,530102,20,8,traffic light,5158,1123,7991,1945,0.37708414113997674,1945,0.2433988236766362,0.37708414113997674,0.2958399878317743,0.07912905365810194,0.22689935821108914,0.042861755229508317,0.15690189996122528,FULL,NEXT_SLOT_GREEDY,PREFIX_MARGINAL,NONE,NEW_ABLATION_P0_SOLVER_REPLAY,LEARN_QUALITY
NEXT_SLOT_GREEDY,530102,30,1,person,2771,631,6402,1685,0.6080837242872609,1684,0.26304279912527334,0.6077228437387224,0.36716450452414695,0.264797553479062,0.502470912809751,0.23853584817639206,0.34334175387946597,FULL,NEXT_SLOT_GREEDY,PREFIX_MARGINAL,NONE,NEW_ABLATION_P0_SOLVER_REPLAY,LEARN_QUALITY
NEXT_SLOT_GREEDY,530102,30,2,bicycle,244,125,361,76,0.3114754098360656,72,0.1994459833795014,0.29508196721311475,0.23801652892561986,0.09829459096834381,0.21627226224257529,0.07753861440917395,0.1512295081967213,FULL,NEXT_SLOT_GREEDY,PREFIX_MARGINAL,NONE,NEW_ABLATION_P0_SOLVER_REPLAY,LEARN_QUALITY
NEXT_SLOT_GREEDY,530102,30,3,car,20453,1988,30745,13416,0.6559428934630617,13394,0.43564807285737517,0.6548672566371682,0.5232235634204461,0.3551398794511221,0.5822647300534864,0.3620430801103306,0.4163154549454847,FULL,NEXT_SLOT_GREEDY,PREFIX_MARGINAL,NONE,NEW_ABLATION_P0_SOLVER_REPLAY,LEARN_QUALITY
NEXT_SLOT_GREEDY,530102,30,4,motorcycle,95,66,311,27,0.28421052631578947,27,0.08681672025723473,0.28421052631578947,0.1330049261083744,0.08205204579727396,0.18655113174223317,0.07203362703770619,0.14421052631578948,FULL,NEXT_SLOT_GREEDY,PREFIX_MARGINAL,NONE,NEW_ABLATION_P0_SOLVER_REPLAY,LEARN_QUALITY
NEXT_SLOT_GREEDY,530102,30,5,bus,350,258,1558,207,0.5914285714285714,207,0.13286264441591783,0.5914285714285714,0.2169811320754717,0.287819941489785,0.35957638052500224,0.3293435162465207,0.47400000000000003,FULL,NEXT_SLOT_GREEDY,PREFIX_MARGINAL,NONE,NEW_ABLATION_P0_SOLVER_REPLAY,LEARN_QUALITY
NEXT_SLOT_GREEDY,530102,30,6,train,6,5,347,0,0,0,0,0,0,0,0,0,0,FULL,NEXT_SLOT_GREEDY,PREFIX_MARGINAL,NONE,NEW_ABLATION_P0_SOLVER_REPLAY,LEARN_QUALITY
NEXT_SLOT_GREEDY,530102,30,7,truck,889,540,7410,588,0.6614173228346457,588,0.07935222672064778,0.6614173228346457,0.14170381973731774,0.2258926319005379,0.3056094017035755,0.25260106403699095,0.4947131608548932,FULL,NEXT_SLOT_GREEDY,PREFIX_MARGINAL,NONE,NEW_ABLATION_P0_SOLVER_REPLAY,LEARN_QUALITY
NEXT_SLOT_GREEDY,530102,30,8,traffic light,5158,1123,12866,2328,0.45133772780147347,2328,0.18094201772112545,0.45133772780147347,0.2583222370173103,0.08702244962514094,0.25549234142083266,0.0444503418008254,0.18516867002714232,FULL,NEXT_SLOT_GREEDY,PREFIX_MARGINAL,NONE,NEW_ABLATION_P0_SOLVER_REPLAY,LEARN_QUALITY
NEXT_SLOT_GREEDY,530102,40,1,person,2771,631,8663,1819,0.656441717791411,1818,0.2098580168532841,0.6560808372428726,0.31799895049851323,0.27301643761068384,0.5256826620066397,0.24294299865797578,0.3652472031757488,FULL,NEXT_SLOT_GREEDY,PREFIX_MARGINAL,NONE,NEW_ABLATION_P0_SOLVER_REPLAY,LEARN_QUALITY
NEXT_SLOT_GREEDY,530102,40,2,bicycle,244,125,479,93,0.38114754098360654,89,0.18580375782881003,0.36475409836065575,0.24619640387275246,0.10701571554464288,0.2410513586740228,0.08221733452131151,0.1864754098360656,FULL,NEXT_SLOT_GREEDY,PREFIX_MARGINAL,NONE,NEW_ABLATION_P0_SOLVER_REPLAY,LEARN_QUALITY
NEXT_SLOT_GREEDY,530102,40,3,car,20453,1988,40062,14438,0.7059111132841148,14411,0.35971743797114475,0.7045910135432455,0.4762786086094356,0.36382419271010213,0.6064435142233934,0.36522634381379454,0.437202366401017,FULL,NEXT_SLOT_GREEDY,PREFIX_MARGINAL,NONE,NEW_ABLATION_P0_SOLVER_REPLAY,LEARN_QUALITY
NEXT_SLOT_GREEDY,530102,40,4,motorcycle,95,66,423,30,0.3157894736842105,30,0.07092198581560284,0.3157894736842105,0.11583011583011583,0.08465993663296174,0.18822430384476252,0.07301059424971088,0.16947368421052633,FULL,NEXT_SLOT_GREEDY,PREFIX_MARGINAL,NONE,NEW_ABLATION_P0_SOLVER_REPLAY,LEARN_QUALITY
NEXT_SLOT_GREEDY,530102,40,5,bus,350,258,2077,224,0.64,224,0.10784785748675975,0.64,0.184590028842192,0.2940510293543726,0.3700007620303462,0.33615488067945354,0.5094285714285715,FULL,NEXT_SLOT_GREEDY,PREFIX_MARGINAL,NONE,NEW_ABLATION_P0_SOLVER_REPLAY,LEARN_QUALITY
NEXT_SLOT_GREEDY,530102,40,6,train,6,5,671,0,0,0,0,0,0,0,0,0,0,FULL,NEXT_SLOT_GREEDY,PREFIX_MARGINAL,NONE,NEW_ABLATION_P0_SOLVER_REPLAY,LEARN_QUALITY
NEXT_SLOT_GREEDY,530102,40,7,truck,889,540,10197,636,0.7154105736782902,636,0.06237128567225655,0.7154105736782902,0.11473931084250405,0.22850566387278753,0.3100814583062645,0.25544219708236715,0.5310461192350957,FULL,NEXT_SLOT_GREEDY,PREFIX_MARGINAL,NONE,NEW_ABLATION_P0_SOLVER_REPLAY,LEARN_QUALITY
NEXT_SLOT_GREEDY,530102,40,8,traffic light,5158,1123,17428,2637,0.5112446684761536,2636,0.15125086068395685,0.5110507948817371,0.23341893208182057,0.09306330807624222,0.2754810121287135,0.04662834589289863,0.21008142690965492,FULL,NEXT_SLOT_GREEDY,PREFIX_MARGINAL,NONE,NEW_ABLATION_P0_SOLVER_REPLAY,LEARN_QUALITY
NEXT_SLOT_GREEDY,530103,10,1,person,2771,631,1859,1250,0.45110068567304223,1250,0.6724045185583647,0.45110068567304223,0.5399568034557236,0.2253210978561152,0.4095483208403936,0.2139134224121876,0.2694695055936485,FULL,NEXT_SLOT_GREEDY,PREFIX_MARGINAL,NONE,NEW_ABLATION_P0_SOLVER_REPLAY,LEARN_QUALITY
NEXT_SLOT_GREEDY,530103,10,2,bicycle,244,125,104,48,0.19672131147540983,48,0.46153846153846156,0.19672131147540983,0.27586206896551724,0.08368832730841734,0.17270670544886027,0.07106044769589025,0.10819672131147542,FULL,NEXT_SLOT_GREEDY,PREFIX_MARGINAL,NONE,NEW_ABLATION_P0_SOLVER_REPLAY,LEARN_QUALITY
NEXT_SLOT_GREEDY,530103,10,3,car,20453,1988,13390,10492,0.5129809807852149,10485,0.7830470500373413,0.5126387327042488,0.619625919687971,0.31783941616231937,0.4912603361611969,0.3388004112318588,0.34954285434899524,FULL,NEXT_SLOT_GREEDY,PREFIX_MARGINAL,NONE,NEW_ABLATION_P0_SOLVER_REPLAY,LEARN_QUALITY
NEXT_SLOT_GREEDY,530103,10,4,motorcycle,95,66,45,17,0.17894736842105263,17,0.37777777777777777,0.17894736842105263,0.24285714285714288,0.06885085346451718,0.153102538165224,0.06471185580096471,0.08315789473684211,FULL,NEXT_SLOT_GREEDY,PREFIX_MARGINAL,NONE,NEW_ABLATION_P0_SOLVER_REPLAY,LEARN_QUALITY
NEXT_SLOT_GREEDY,530103,10,5,bus,350,258,410,146,0.41714285714285715,146,0.35609756097560974,0.41714285714285715,0.3842105263157895,0.2530278418345071,0.3075512048721349,0.290702490557405,0.3491428571428571,FULL,NEXT_SLOT_GREEDY,PREFIX_MARGINAL,NONE,NEW_ABLATION_P0_SOLVER_REPLAY,LEARN_QUALITY
NEXT_SLOT_GREEDY,530103,10,6,train,6,5,61,0,0,0,0,0,0,0,0,0,0,FULL,NEXT_SLOT_GREEDY,PREFIX_MARGINAL,NONE,NEW_ABLATION_P0_SOLVER_REPLAY,LEARN_QUALITY
NEXT_SLOT_GREEDY,530103,10,7,truck,889,540,1434,398,0.44769403824521936,398,0.2775453277545328,0.44769403824521936,0.3426603529918209,0.20360430462708506,0.268465474339045,0.22837559459482223,0.3548931383577053,FULL,NEXT_SLOT_GREEDY,PREFIX_MARGINAL,NONE,NEW_ABLATION_P0_SOLVER_REPLAY,LEARN_QUALITY
NEXT_SLOT_GREEDY,530103,10,8,traffic light,5158,1123,2697,1283,0.24873982163629313,1283,0.4757137560252132,0.24873982163629313,0.3266709102482495,0.06503849999019144,0.17467116364083257,0.039411337755227316,0.10886002326483131,FULL,NEXT_SLOT_GREEDY,PREFIX_MARGINAL,NONE,NEW_ABLATION_P0_SOLVER_REPLAY,LEARN_QUALITY
NEXT_SLOT_GREEDY,530103,15,1,person,2771,631,2779,1403,0.5063154095994226,1402,0.5044980208708169,0.5059545290508841,0.5052252252252252,0.23953732647503312,0.44179675066122837,0.22239643801293607,0.29523637675929265,FULL,NEXT_SLOT_GREEDY,PREFIX_MARGINAL,NONE,NEW_ABLATION_P0_SOLVER_REPLAY,LEARN_QUALITY
NEXT_SLOT_GREEDY,530103,15,2,bicycle,244,125,174,58,0.23770491803278687,57,0.3275862068965517,0.2336065573770492,0.2727272727272727,0.09035904965292806,0.1923922469076659,0.07335276850215648,0.1278688524590164,FULL,NEXT_SLOT_GREEDY,PREFIX_MARGINAL,NONE,NEW_ABLATION_P0_SOLVER_REPLAY,LEARN_QUALITY
NEXT_SLOT_GREEDY,530103,15,3,car,20453,1988,17849,11488,0.5616779934483939,11474,0.6428371337329822,0.5609934972864616,0.5991332045324005,0.3327824804122215,0.5274333696810569,0.34431970714866994,0.3718818755194837,FULL,NEXT_SLOT_GREEDY,PREFIX_MARGINAL,NONE,NEW_ABLATION_P0_SOLVER_REPLAY,LEARN_QUALITY
NEXT_SLOT_GREEDY,530103,15,4,motorcycle,95,66,118,22,0.23157894736842105,22,0.1864406779661017,0.23157894736842105,0.20657276995305165,0.07860066641957242,0.1742281209374978,0.07254928195522256,0.12210526315789474,FULL,NEXT_SLOT_GREEDY,PREFIX_MARGINAL,NONE,NEW_ABLATION_P0_SOLVER_REPLAY,LEARN_QUALITY
NEXT_SLOT_GREEDY,530103,15,5,bus,350,258,703,172,0.49142857142857144,172,0.24466571834992887,0.49142857142857144,0.32668566001899335,0.26791135539427907,0.33064474113643416,0.30428361887892735,0.40285714285714286,FULL,NEXT_SLOT_GREEDY,PREFIX_MARGINAL,NONE,NEW_ABLATION_P0_SOLVER_REPLAY,LEARN_QUALITY
NEXT_SLOT_GREEDY,530103,15,6,train,6,5,67,0,0,0,0,0,0,0,0,0,0,FULL,NEXT_SLOT_GREEDY,PREFIX_MARGINAL,NONE,NEW_ABLATION_P0_SOLVER_REPLAY,LEARN_QUALITY
NEXT_SLOT_GREEDY,530103,15,7,truck,889,540,3068,470,0.5286839145106862,470,0.15319426336375488,0.5286839145106862,0.23755370229972203,0.21315230203235871,0.28394970343522874,0.23878630105056264,0.40753655793025867,FULL,NEXT_SLOT_GREEDY,PREFIX_MARGINAL,NONE,NEW_ABLATION_P0_SOLVER_REPLAY,LEARN_QUALITY
NEXT_SLOT_GREEDY,530103,15,8,traffic light,5158,1123,5242,1739,0.33714618069019,1739,0.33174360930942387,0.33714618069019,0.33442307692307693,0.07578851666492557,0.21291620646067108,0.04203446807551085,0.1422838309422257,FULL,NEXT_SLOT_GREEDY,PREFIX_MARGINAL,NONE,NEW_ABLATION_P0_SOLVER_REPLAY,LEARN_QUALITY
NEXT_SLOT_GREEDY,530103,20,1,person,2771,631,3760,1485,0.5359076145795741,1484,0.3946808510638298,0.5355467340310357,0.4544480171489818,0.2474828100247934,0.4603393254119084,0.22666873264842705,0.3095633345362685,FULL,NEXT_SLOT_GREEDY,PREFIX_MARGINAL,NONE,NEW_ABLATION_P0_SOLVER_REPLAY,LEARN_QUALITY
NEXT_SLOT_GREEDY,530103,20,2,bicycle,244,125,234,64,0.26229508196721313,63,0.2692307692307692,0.2581967213114754,0.2635983263598326,0.09203075771215703,0.19941438944746592,0.0736417735973116,0.1360655737704918,FULL,NEXT_SLOT_GREEDY,PREFIX_MARGINAL,NONE,NEW_ABLATION_P0_SOLVER_REPLAY,LEARN_QUALITY
NEXT_SLOT_GREEDY,530103,20,3,car,20453,1988,22248,12105,0.5918447171564074,12086,0.5432398417835311,0.5909157580794994,0.5660757359312428,0.33938464802420815,0.5459414904086445,0.3528533543383206,0.38565980540751965,FULL,NEXT_SLOT_GREEDY,PREFIX_MARGINAL,NONE,NEW_ABLATION_P0_SOLVER_REPLAY,LEARN_QUALITY
NEXT_SLOT_GREEDY,530103,20,4,motorcycle,95,66,207,23,0.24210526315789474,23,0.1111111111111111,0.24210526315789474,0.15231788079470196,0.0788664235439428,0.1747107173020209,0.07196704544936944,0.12842105263157894,FULL,NEXT_SLOT_GREEDY,PREFIX_MARGINAL,NONE,NEW_ABLATION_P0_SOLVER_REPLAY,LEARN_QUALITY
NEXT_SLOT_GREEDY,530103,20,5,bus,350,258,973,178,0.5085714285714286,178,0.1829393627954779,0.5085714285714286,0.26908541194255475,0.27123502531221294,0.33297239477774015,0.30972227627585974,0.4145714285714286,FULL,NEXT_SLOT_GREEDY,PREFIX_MARGINAL,NONE,NEW_ABLATION_P0_SOLVER_REPLAY,LEARN_QUALITY
NEXT_SLOT_GREEDY,530103,20,6,train,6,5,94,0,0,0,0,0,0,0,0,0,0,FULL,NEXT_SLOT_GREEDY,PREFIX_MARGINAL,NONE,NEW_ABLATION_P0_SOLVER_REPLAY,LEARN_QUALITY
NEXT_SLOT_GREEDY,530103,20,7,truck,889,540,4523,499,0.5613048368953881,499,0.11032500552730488,0.5613048368953881,0.18440502586844051,0.21527671621158226,0.288944380494333,0.2410531541213275,0.42733408323959504,FULL,NEXT_SLOT_GREEDY,PREFIX_MARGINAL,NONE,NEW_ABLATION_P0_SOLVER_REPLAY,LEARN_QUALITY
NEXT_SLOT_GREEDY,530103,20,8,traffic light,5158,1123,7961,1964,0.3807677394338891,1964,0.24670267554327346,0.3807677394338891,0.29941306502019965,0.0796151959217959,0.23031261595664415,0.042784950322293076,0.15822024040325705,FULL,NEXT_SLOT_GREEDY,PREFIX_MARGINAL,NONE,NEW_ABLATION_P0_SOLVER_REPLAY,LEARN_QUALITY
NEXT_SLOT_GREEDY,530103,30,1,person,2771,631,6407,1705,0.6153013352580295,1704,0.26595910722647104,0.6149404547094912,0.3713227282632382,0.26593713815596265,0.5071514653153798,0.24039084348784145,0.34666185492601953,FULL,NEXT_SLOT_GREEDY,PREFIX_MARGINAL,NONE,NEW_ABLATION_P0_SOLVER_REPLAY,LEARN_QUALITY
NEXT_SLOT_GREEDY,530103,30,2,bicycle,244,125,360,78,0.319672131147541,74,0.20555555555555555,0.30327868852459017,0.24503311258278146,0.09991943783480285,0.21979450143385004,0.07886387214990119,0.1569672131147541,FULL,NEXT_SLOT_GREEDY,PREFIX_MARGINAL,NONE,NEW_ABLATION_P0_SOLVER_REPLAY,LEARN_QUALITY
NEXT_SLOT_GREEDY,530103,30,3,car,20453,1988,30675,13422,0.6562362489610326,13398,0.4367726161369193,0.6550628269691487,0.5240963855421688,0.35505877874698255,0.5819837522356363,0.36201544901502825,0.41633990123698233,FULL,NEXT_SLOT_GREEDY,PREFIX_MARGINAL,NONE,NEW_ABLATION_P0_SOLVER_REPLAY,LEARN_QUALITY
NEXT_SLOT_GREEDY,530103,30,4,motorcycle,95,66,304,27,0.28421052631578947,27,0.08881578947368421,0.28421052631578947,0.13533834586466167,0.08350560127882428,0.18642436903314033,0.07192710160817271,0.14842105263157895,FULL,NEXT_SLOT_GREEDY,PREFIX_MARGINAL,NONE,NEW_ABLATION_P0_SOLVER_REPLAY,LEARN_QUALITY
NEXT_SLOT_GREEDY,530103,30,5,bus,350,258,1556,207,0.5914285714285714,207,0.13303341902313626,0.5914285714285714,0.21720881427072405,0.2870548241162378,0.3589813888388269,0.32789739633012605,0.47457142857142864,FULL,NEXT_SLOT_GREEDY,PREFIX_MARGINAL,NONE,NEW_ABLATION_P0_SOLVER_REPLAY,LEARN_QUALITY
NEXT_SLOT_GREEDY,530103,30,6,train,6,5,312,0,0,0,0,0,0,0,0,0,0,FULL,NEXT_SLOT_GREEDY,PREFIX_MARGINAL,NONE,NEW_ABLATION_P0_SOLVER_REPLAY,LEARN_QUALITY
NEXT_SLOT_GREEDY,530103,30,7,truck,889,540,7409,584,0.6569178852643419,584,0.07882305304359563,0.6569178852643419,0.14075680886960715,0.2256994671117824,0.30422814780558816,0.2533302172415907,0.4949381327334083,FULL,NEXT_SLOT_GREEDY,PREFIX_MARGINAL,NONE,NEW_ABLATION_P0_SOLVER_REPLAY,LEARN_QUALITY
NEXT_SLOT_GREEDY,530103,30,8,traffic light,5158,1123,12977,2366,0.45870492438929816,2366,0.18232257070201124,0.45870492438929816,0.26093189964157704,0.08851728084924743,0.2581399795923836,0.045603599703212906,0.1894532764637456,FULL,NEXT_SLOT_GREEDY,PREFIX_MARGINAL,NONE,NEW_ABLATION_P0_SOLVER_REPLAY,LEARN_QUALITY
NEXT_SLOT_GREEDY,530103,40,1,person,2771,631,8725,1829,0.6600505232767954,1828,0.20951289398280803,0.6596896427282569,0.3180236604036187,0.27362009274116234,0.5261547084005259,0.24289181846839286,0.36687116564417177,FULL,NEXT_SLOT_GREEDY,PREFIX_MARGINAL,NONE,NEW_ABLATION_P0_SOLVER_REPLAY,LEARN_QUALITY
NEXT_SLOT_GREEDY,530103,40,2,bicycle,244,125,485,94,0.38524590163934425,90,0.18556701030927836,0.36885245901639346,0.24691358024691357,0.10802028725058074,0.24210677497337207,0.08238462059653592,0.1901639344262295,FULL,NEXT_SLOT_GREEDY,PREFIX_MARGINAL,NONE,NEW_ABLATION_P0_SOLVER_REPLAY,LEARN_QUALITY
NEXT_SLOT_GREEDY,530103,40,3,car,20453,1988,39936,14498,0.7088446682638244,14474,0.36242988782051283,0.7076712462719406,0.47935882362681953,0.36397233166857734,0.6067776466214998,0.3652592815109865,0.4386349190827751,FULL,NEXT_SLOT_GREEDY,PREFIX_MARGINAL,NONE,NEW_ABLATION_P0_SOLVER_REPLAY,LEARN_QUALITY
NEXT_SLOT_GREEDY,530103,40,4,motorcycle,95,66,425,30,0.3157894736842105,30,0.07058823529411765,0.3157894736842105,0.11538461538461539,0.08483956986622707,0.18866629239164978,0.07309345096560092,0.16947368421052633,FULL,NEXT_SLOT_GREEDY,PREFIX_MARGINAL,NONE,NEW_ABLATION_P0_SOLVER_REPLAY,LEARN_QUALITY
NEXT_SLOT_GREEDY,530103,40,5,bus,350,258,2065,225,0.6428571428571429,225,0.1089588377723971,0.6428571428571429,0.18633540372670807,0.2942328718444895,0.36976087451985507,0.33633935788228303,0.5102857142857143,FULL,NEXT_SLOT_GREEDY,PREFIX_MARGINAL,NONE,NEW_ABLATION_P0_SOLVER_REPLAY,LEARN_QUALITY
NEXT_SLOT_GREEDY,530103,40,6,train,6,5,605,0,0,0,0,0,0,0,0,0,0,FULL,NEXT_SLOT_GREEDY,PREFIX_MARGINAL,NONE,NEW_ABLATION_P0_SOLVER_REPLAY,LEARN_QUALITY
NEXT_SLOT_GREEDY,530103,40,7,truck,889,540,10244,642,0.7221597300337458,642,0.0626708317063647,0.7221597300337458,0.11533279439504177,0.22899905912166854,0.3111911879978743,0.2559890386958126,0.5359955005624296,FULL,NEXT_SLOT_GREEDY,PREFIX_MARGINAL,NONE,NEW_ABLATION_P0_SOLVER_REPLAY,LEARN_QUALITY
NEXT_SLOT_GREEDY,530103,40,8,traffic light,5158,1123,17515,2683,0.5201628538193098,2682,0.15312589209249214,0.5199689802248934,0.23658095532130727,0.09355638431228173,0.2762289054007012,0.04663125634874993,0.21331911593640945,FULL,NEXT_SLOT_GREEDY,PREFIX_MARGINAL,NONE,NEW_ABLATION_P0_SOLVER_REPLAY,LEARN_QUALITY
