comparison,comparison_family,method_a,method_b,metric,budget_scope,seed_aggregation,point_estimate_a_minus_b,ci95_low,ci95_high,bootstrap_strict_positive_fraction,bootstrap_resamples,bootstrap_unit
FULL_MINUS_NO_EMBED,PRIMARY,FULL,NO_EMBED,coverage_per_image,10,530101,0.023499999999999962,,,,0,not computed for individual seed or full-DEV nonlinear metric
FULL_MINUS_NO_EMBED,PRIMARY,FULL,NO_EMBED,coverage_per_image,10,530102,0.019999999999999983,,,,0,not computed for individual seed or full-DEV nonlinear metric
FULL_MINUS_NO_EMBED,PRIMARY,FULL,NO_EMBED,coverage_per_image,10,530103,0.014500000000000028,,,,0,not computed for individual seed or full-DEV nonlinear metric
FULL_MINUS_NO_EMBED,PRIMARY,FULL,NO_EMBED,coverage_per_image,10,THREE_SEED_MEAN,0.019333333333333324,0.0003333333333333855,0.038499999999999916,0.9764,5000,"50 frozen 40-image groups, paired resampling"
FULL_MINUS_NO_EMBED,PRIMARY,FULL,NO_EMBED,coverage_per_image,15,530101,0.03050000000000013,,,,0,not computed for individual seed or full-DEV nonlinear metric
FULL_MINUS_NO_EMBED,PRIMARY,FULL,NO_EMBED,coverage_per_image,15,530102,0.0010000000000000852,,,,0,not computed for individual seed or full-DEV nonlinear metric
FULL_MINUS_NO_EMBED,PRIMARY,FULL,NO_EMBED,coverage_per_image,15,530103,0.023499999999999906,,,,0,not computed for individual seed or full-DEV nonlinear metric
FULL_MINUS_NO_EMBED,PRIMARY,FULL,NO_EMBED,coverage_per_image,15,THREE_SEED_MEAN,0.01833333333333337,0.0013333333333334046,0.03500000000000005,0.984,5000,"50 frozen 40-image groups, paired resampling"
FULL_MINUS_NO_EMBED,PRIMARY,FULL,NO_EMBED,coverage_per_image,20,530101,0.02600000000000005,,,,0,not computed for individual seed or full-DEV nonlinear metric
FULL_MINUS_NO_EMBED,PRIMARY,FULL,NO_EMBED,coverage_per_image,20,530102,0.02250000000000014,,,,0,not computed for individual seed or full-DEV nonlinear metric
FULL_MINUS_NO_EMBED,PRIMARY,FULL,NO_EMBED,coverage_per_image,20,530103,0.0345000000000001,,,,0,not computed for individual seed or full-DEV nonlinear metric
FULL_MINUS_NO_EMBED,PRIMARY,FULL,NO_EMBED,coverage_per_image,20,THREE_SEED_MEAN,0.027666666666666766,0.011333333333333416,0.044166666666666785,0.9992,5000,"50 frozen 40-image groups, paired resampling"
FULL_MINUS_NO_EMBED,PRIMARY,FULL,NO_EMBED,coverage_per_image,30,530101,0.02550000000000001,,,,0,not computed for individual seed or full-DEV nonlinear metric
FULL_MINUS_NO_EMBED,PRIMARY,FULL,NO_EMBED,coverage_per_image,30,530102,0.03700000000000017,,,,0,not computed for individual seed or full-DEV nonlinear metric
FULL_MINUS_NO_EMBED,PRIMARY,FULL,NO_EMBED,coverage_per_image,30,530103,0.029500000000000064,,,,0,not computed for individual seed or full-DEV nonlinear metric
FULL_MINUS_NO_EMBED,PRIMARY,FULL,NO_EMBED,coverage_per_image,30,THREE_SEED_MEAN,0.030666666666666748,0.014833333333333485,0.04666666666666674,1,5000,"50 frozen 40-image groups, paired resampling"
FULL_MINUS_NO_EMBED,PRIMARY,FULL,NO_EMBED,coverage_per_image,40,530101,0.010500000000000008,,,,0,not computed for individual seed or full-DEV nonlinear metric
FULL_MINUS_NO_EMBED,PRIMARY,FULL,NO_EMBED,coverage_per_image,40,530102,0.007499999999999823,,,,0,not computed for individual seed or full-DEV nonlinear metric
FULL_MINUS_NO_EMBED,PRIMARY,FULL,NO_EMBED,coverage_per_image,40,530103,0.020499999999999935,,,,0,not computed for individual seed or full-DEV nonlinear metric
FULL_MINUS_NO_EMBED,PRIMARY,FULL,NO_EMBED,coverage_per_image,40,THREE_SEED_MEAN,0.012833333333333254,0.003999999999999951,0.021837499999999916,0.9974,5000,"50 frozen 40-image groups, paired resampling"
FULL_MINUS_NO_EMBED,PRIMARY,FULL,NO_EMBED,coverage_per_image,CORE_10_15_20,530101,0.026666666666666717,,,,0,not computed for individual seed or full-DEV nonlinear metric
FULL_MINUS_NO_EMBED,PRIMARY,FULL,NO_EMBED,coverage_per_image,CORE_10_15_20,530102,0.014500000000000068,,,,0,not computed for individual seed or full-DEV nonlinear metric
FULL_MINUS_NO_EMBED,PRIMARY,FULL,NO_EMBED,coverage_per_image,CORE_10_15_20,530103,0.02416666666666668,,,,0,not computed for individual seed or full-DEV nonlinear metric
FULL_MINUS_NO_EMBED,PRIMARY,FULL,NO_EMBED,coverage_per_image,CORE_10_15_20,THREE_SEED_MEAN,0.021777777777777823,0.01110972222222226,0.03261111111111116,1,5000,"50 frozen 40-image groups, paired resampling"
FULL_MINUS_NO_EMBED,PRIMARY,FULL,NO_EMBED,quality_per_image,10,530101,0.0077108441211943025,,,,0,not computed for individual seed or full-DEV nonlinear metric
FULL_MINUS_NO_EMBED,PRIMARY,FULL,NO_EMBED,quality_per_image,10,530102,0.017721603437946563,,,,0,not computed for individual seed or full-DEV nonlinear metric
FULL_MINUS_NO_EMBED,PRIMARY,FULL,NO_EMBED,quality_per_image,10,530103,0.009194015005831951,,,,0,not computed for individual seed or full-DEV nonlinear metric
FULL_MINUS_NO_EMBED,PRIMARY,FULL,NO_EMBED,quality_per_image,10,THREE_SEED_MEAN,0.011542154188324272,0.00034658571299191773,0.02203419201352335,0.9788,5000,"50 frozen 40-image groups, paired resampling"
FULL_MINUS_NO_EMBED,PRIMARY,FULL,NO_EMBED,quality_per_image,15,530101,0.024267193100430066,,,,0,not computed for individual seed or full-DEV nonlinear metric
FULL_MINUS_NO_EMBED,PRIMARY,FULL,NO_EMBED,quality_per_image,15,530102,0.007812855890126657,,,,0,not computed for individual seed or full-DEV nonlinear metric
FULL_MINUS_NO_EMBED,PRIMARY,FULL,NO_EMBED,quality_per_image,15,530103,0.01772778221253989,,,,0,not computed for individual seed or full-DEV nonlinear metric
FULL_MINUS_NO_EMBED,PRIMARY,FULL,NO_EMBED,quality_per_image,15,THREE_SEED_MEAN,0.0166026104010322,0.005907305619291048,0.027525447581855704,0.9984,5000,"50 frozen 40-image groups, paired resampling"
FULL_MINUS_NO_EMBED,PRIMARY,FULL,NO_EMBED,quality_per_image,20,530101,0.012095242787434533,,,,0,not computed for individual seed or full-DEV nonlinear metric
FULL_MINUS_NO_EMBED,PRIMARY,FULL,NO_EMBED,quality_per_image,20,530102,0.019753281909194412,,,,0,not computed for individual seed or full-DEV nonlinear metric
FULL_MINUS_NO_EMBED,PRIMARY,FULL,NO_EMBED,quality_per_image,20,530103,0.021038355760725463,,,,0,not computed for individual seed or full-DEV nonlinear metric
FULL_MINUS_NO_EMBED,PRIMARY,FULL,NO_EMBED,quality_per_image,20,THREE_SEED_MEAN,0.01762896015245147,0.0081784517725812,0.02766063876097615,0.9998,5000,"50 frozen 40-image groups, paired resampling"
FULL_MINUS_NO_EMBED,PRIMARY,FULL,NO_EMBED,quality_per_image,30,530101,0.012225138467568649,,,,0,not computed for individual seed or full-DEV nonlinear metric
FULL_MINUS_NO_EMBED,PRIMARY,FULL,NO_EMBED,quality_per_image,30,530102,0.012199052257821013,,,,0,not computed for individual seed or full-DEV nonlinear metric
FULL_MINUS_NO_EMBED,PRIMARY,FULL,NO_EMBED,quality_per_image,30,530103,0.015151152121989125,,,,0,not computed for individual seed or full-DEV nonlinear metric
FULL_MINUS_NO_EMBED,PRIMARY,FULL,NO_EMBED,quality_per_image,30,THREE_SEED_MEAN,0.013191780949126264,0.005254051379657957,0.02138802867013977,0.9986,5000,"50 frozen 40-image groups, paired resampling"
FULL_MINUS_NO_EMBED,PRIMARY,FULL,NO_EMBED,quality_per_image,40,530101,0.01219519432369463,,,,0,not computed for individual seed or full-DEV nonlinear metric
FULL_MINUS_NO_EMBED,PRIMARY,FULL,NO_EMBED,quality_per_image,40,530102,0.0021124067727004638,,,,0,not computed for individual seed or full-DEV nonlinear metric
FULL_MINUS_NO_EMBED,PRIMARY,FULL,NO_EMBED,quality_per_image,40,530103,0.008198889913018377,,,,0,not computed for individual seed or full-DEV nonlinear metric
FULL_MINUS_NO_EMBED,PRIMARY,FULL,NO_EMBED,quality_per_image,40,THREE_SEED_MEAN,0.00750216366980449,0.001156228449926987,0.014198146377507256,0.9888,5000,"50 frozen 40-image groups, paired resampling"
FULL_MINUS_NO_EMBED,PRIMARY,FULL,NO_EMBED,quality_per_image,CORE_10_15_20,530101,0.014691093336352969,,,,0,not computed for individual seed or full-DEV nonlinear metric
FULL_MINUS_NO_EMBED,PRIMARY,FULL,NO_EMBED,quality_per_image,CORE_10_15_20,530102,0.015095913745755878,,,,0,not computed for individual seed or full-DEV nonlinear metric
FULL_MINUS_NO_EMBED,PRIMARY,FULL,NO_EMBED,quality_per_image,CORE_10_15_20,530103,0.015986717659699102,,,,0,not computed for individual seed or full-DEV nonlinear metric
FULL_MINUS_NO_EMBED,PRIMARY,FULL,NO_EMBED,quality_per_image,CORE_10_15_20,THREE_SEED_MEAN,0.015257908247269317,0.008660968246885049,0.022014795170767123,1,5000,"50 frozen 40-image groups, paired resampling"
FULL_MINUS_NO_EMBED,PRIMARY,FULL,NO_EMBED,AP,10,530101,-0.0004479569664052885,,,,0,not computed for individual seed or full-DEV nonlinear metric
FULL_MINUS_NO_EMBED,PRIMARY,FULL,NO_EMBED,AP,10,530102,0.0004583870135194401,,,,0,not computed for individual seed or full-DEV nonlinear metric
FULL_MINUS_NO_EMBED,PRIMARY,FULL,NO_EMBED,AP,10,530103,0.0005037161970984916,,,,0,not computed for individual seed or full-DEV nonlinear metric
FULL_MINUS_NO_EMBED,PRIMARY,FULL,NO_EMBED,AP,10,THREE_SEED_MEAN,0.0001713820814042144,,,,0,full-DEV point estimate only; no COCO bootstrap
FULL_MINUS_NO_EMBED,PRIMARY,FULL,NO_EMBED,AP,15,530101,0.00030486534855578284,,,,0,not computed for individual seed or full-DEV nonlinear metric
FULL_MINUS_NO_EMBED,PRIMARY,FULL,NO_EMBED,AP,15,530102,0.00025536003191370393,,,,0,not computed for individual seed or full-DEV nonlinear metric
FULL_MINUS_NO_EMBED,PRIMARY,FULL,NO_EMBED,AP,15,530103,0.0001992010819831802,,,,0,not computed for individual seed or full-DEV nonlinear metric
FULL_MINUS_NO_EMBED,PRIMARY,FULL,NO_EMBED,AP,15,THREE_SEED_MEAN,0.000253142154150889,,,,0,full-DEV point estimate only; no COCO bootstrap
FULL_MINUS_NO_EMBED,PRIMARY,FULL,NO_EMBED,AP,20,530101,0.00014606285139318054,,,,0,not computed for individual seed or full-DEV nonlinear metric
FULL_MINUS_NO_EMBED,PRIMARY,FULL,NO_EMBED,AP,20,530102,0.0005260075450879975,,,,0,not computed for individual seed or full-DEV nonlinear metric
FULL_MINUS_NO_EMBED,PRIMARY,FULL,NO_EMBED,AP,20,530103,0.0004350650235050435,,,,0,not computed for individual seed or full-DEV nonlinear metric
FULL_MINUS_NO_EMBED,PRIMARY,FULL,NO_EMBED,AP,20,THREE_SEED_MEAN,0.00036904513999540717,,,,0,full-DEV point estimate only; no COCO bootstrap
FULL_MINUS_NO_EMBED,PRIMARY,FULL,NO_EMBED,AP,30,530101,0.00003716857169328014,,,,0,not computed for individual seed or full-DEV nonlinear metric
FULL_MINUS_NO_EMBED,PRIMARY,FULL,NO_EMBED,AP,30,530102,0.00005756312745180958,,,,0,not computed for individual seed or full-DEV nonlinear metric
FULL_MINUS_NO_EMBED,PRIMARY,FULL,NO_EMBED,AP,30,530103,0.00007119127311014384,,,,0,not computed for individual seed or full-DEV nonlinear metric
FULL_MINUS_NO_EMBED,PRIMARY,FULL,NO_EMBED,AP,30,THREE_SEED_MEAN,0.000055307657418411184,,,,0,full-DEV point estimate only; no COCO bootstrap
FULL_MINUS_NO_EMBED,PRIMARY,FULL,NO_EMBED,AP,40,530101,0.000051278107004809614,,,,0,not computed for individual seed or full-DEV nonlinear metric
FULL_MINUS_NO_EMBED,PRIMARY,FULL,NO_EMBED,AP,40,530102,-0.000058301091332202404,,,,0,not computed for individual seed or full-DEV nonlinear metric
FULL_MINUS_NO_EMBED,PRIMARY,FULL,NO_EMBED,AP,40,530103,0.00005132560215684312,,,,0,not computed for individual seed or full-DEV nonlinear metric
FULL_MINUS_NO_EMBED,PRIMARY,FULL,NO_EMBED,AP,40,THREE_SEED_MEAN,0.000014767539276483443,,,,0,full-DEV point estimate only; no COCO bootstrap
FULL_MINUS_NO_EMBED,PRIMARY,FULL,NO_EMBED,AP,CORE_10_15_20,530101,9.904111812249667e-7,,,,0,not computed for individual seed or full-DEV nonlinear metric
FULL_MINUS_NO_EMBED,PRIMARY,FULL,NO_EMBED,AP,CORE_10_15_20,530102,0.00041325153017371385,,,,0,not computed for individual seed or full-DEV nonlinear metric
FULL_MINUS_NO_EMBED,PRIMARY,FULL,NO_EMBED,AP,CORE_10_15_20,530103,0.00037932743419557174,,,,0,not computed for individual seed or full-DEV nonlinear metric
FULL_MINUS_NO_EMBED,PRIMARY,FULL,NO_EMBED,AP,CORE_10_15_20,THREE_SEED_MEAN,0.0002645231251835035,,,,0,full-DEV point estimate only; no COCO bootstrap
FULL_MINUS_NO_EMBED,PRIMARY,FULL,NO_EMBED,AP50,10,530101,-0.0017927311734441953,,,,0,not computed for individual seed or full-DEV nonlinear metric
FULL_MINUS_NO_EMBED,PRIMARY,FULL,NO_EMBED,AP50,10,530102,0.0015982214434182018,,,,0,not computed for individual seed or full-DEV nonlinear metric
FULL_MINUS_NO_EMBED,PRIMARY,FULL,NO_EMBED,AP50,10,530103,-0.000780103393533127,,,,0,not computed for individual seed or full-DEV nonlinear metric
FULL_MINUS_NO_EMBED,PRIMARY,FULL,NO_EMBED,AP50,10,THREE_SEED_MEAN,-0.0003248710411863735,,,,0,full-DEV point estimate only; no COCO bootstrap
FULL_MINUS_NO_EMBED,PRIMARY,FULL,NO_EMBED,AP50,15,530101,0.00047559585851636443,,,,0,not computed for individual seed or full-DEV nonlinear metric
FULL_MINUS_NO_EMBED,PRIMARY,FULL,NO_EMBED,AP50,15,530102,-0.00010616670432306297,,,,0,not computed for individual seed or full-DEV nonlinear metric
FULL_MINUS_NO_EMBED,PRIMARY,FULL,NO_EMBED,AP50,15,530103,-0.0002382092217650955,,,,0,not computed for individual seed or full-DEV nonlinear metric
FULL_MINUS_NO_EMBED,PRIMARY,FULL,NO_EMBED,AP50,15,THREE_SEED_MEAN,0.00004373997747606865,,,,0,full-DEV point estimate only; no COCO bootstrap
FULL_MINUS_NO_EMBED,PRIMARY,FULL,NO_EMBED,AP50,20,530101,0.0010955376184872967,,,,0,not computed for individual seed or full-DEV nonlinear metric
FULL_MINUS_NO_EMBED,PRIMARY,FULL,NO_EMBED,AP50,20,530102,0.0013168354470927124,,,,0,not computed for individual seed or full-DEV nonlinear metric
FULL_MINUS_NO_EMBED,PRIMARY,FULL,NO_EMBED,AP50,20,530103,0.0010667104450479692,,,,0,not computed for individual seed or full-DEV nonlinear metric
FULL_MINUS_NO_EMBED,PRIMARY,FULL,NO_EMBED,AP50,20,THREE_SEED_MEAN,0.0011596945035426594,,,,0,full-DEV point estimate only; no COCO bootstrap
FULL_MINUS_NO_EMBED,PRIMARY,FULL,NO_EMBED,AP50,30,530101,-0.00016827666068841562,,,,0,not computed for individual seed or full-DEV nonlinear metric
FULL_MINUS_NO_EMBED,PRIMARY,FULL,NO_EMBED,AP50,30,530102,0.0003414682753067888,,,,0,not computed for individual seed or full-DEV nonlinear metric
FULL_MINUS_NO_EMBED,PRIMARY,FULL,NO_EMBED,AP50,30,530103,0.00042453243225659687,,,,0,not computed for individual seed or full-DEV nonlinear metric
FULL_MINUS_NO_EMBED,PRIMARY,FULL,NO_EMBED,AP50,30,THREE_SEED_MEAN,0.00019924134895832335,,,,0,full-DEV point estimate only; no COCO bootstrap
FULL_MINUS_NO_EMBED,PRIMARY,FULL,NO_EMBED,AP50,40,530101,0.00006646571980251093,,,,0,not computed for individual seed or full-DEV nonlinear metric
FULL_MINUS_NO_EMBED,PRIMARY,FULL,NO_EMBED,AP50,40,530102,-0.00013877487412072842,,,,0,not computed for individual seed or full-DEV nonlinear metric
FULL_MINUS_NO_EMBED,PRIMARY,FULL,NO_EMBED,AP50,40,530103,0.0004889869721791396,,,,0,not computed for individual seed or full-DEV nonlinear metric
FULL_MINUS_NO_EMBED,PRIMARY,FULL,NO_EMBED,AP50,40,THREE_SEED_MEAN,0.0001388926059536407,,,,0,full-DEV point estimate only; no COCO bootstrap
FULL_MINUS_NO_EMBED,PRIMARY,FULL,NO_EMBED,AP50,CORE_10_15_20,530101,-0.0000738658988135114,,,,0,not computed for individual seed or full-DEV nonlinear metric
FULL_MINUS_NO_EMBED,PRIMARY,FULL,NO_EMBED,AP50,CORE_10_15_20,530102,0.0009362967287292837,,,,0,not computed for individual seed or full-DEV nonlinear metric
FULL_MINUS_NO_EMBED,PRIMARY,FULL,NO_EMBED,AP50,CORE_10_15_20,530103,0.000016132609916582236,,,,0,not computed for individual seed or full-DEV nonlinear metric
FULL_MINUS_NO_EMBED,PRIMARY,FULL,NO_EMBED,AP50,CORE_10_15_20,THREE_SEED_MEAN,0.0002928544799441182,,,,0,full-DEV point estimate only; no COCO bootstrap
FULL_MINUS_NO_EMBED,PRIMARY,FULL,NO_EMBED,AP75,10,530101,-0.0006524162153855595,,,,0,not computed for individual seed or full-DEV nonlinear metric
FULL_MINUS_NO_EMBED,PRIMARY,FULL,NO_EMBED,AP75,10,530102,0.0003967278111037531,,,,0,not computed for individual seed or full-DEV nonlinear metric
FULL_MINUS_NO_EMBED,PRIMARY,FULL,NO_EMBED,AP75,10,530103,0.0010641409858003215,,,,0,not computed for individual seed or full-DEV nonlinear metric
FULL_MINUS_NO_EMBED,PRIMARY,FULL,NO_EMBED,AP75,10,THREE_SEED_MEAN,0.000269484193839505,,,,0,full-DEV point estimate only; no COCO bootstrap
FULL_MINUS_NO_EMBED,PRIMARY,FULL,NO_EMBED,AP75,15,530101,0.000046431215140030346,,,,0,not computed for individual seed or full-DEV nonlinear metric
FULL_MINUS_NO_EMBED,PRIMARY,FULL,NO_EMBED,AP75,15,530102,0.0002481033854281889,,,,0,not computed for individual seed or full-DEV nonlinear metric
FULL_MINUS_NO_EMBED,PRIMARY,FULL,NO_EMBED,AP75,15,530103,0.0004265890162170327,,,,0,not computed for individual seed or full-DEV nonlinear metric
FULL_MINUS_NO_EMBED,PRIMARY,FULL,NO_EMBED,AP75,15,THREE_SEED_MEAN,0.00024037453892841731,,,,0,full-DEV point estimate only; no COCO bootstrap
FULL_MINUS_NO_EMBED,PRIMARY,FULL,NO_EMBED,AP75,20,530101,-0.0000725268835434778,,,,0,not computed for individual seed or full-DEV nonlinear metric
FULL_MINUS_NO_EMBED,PRIMARY,FULL,NO_EMBED,AP75,20,530102,0.0005417528591850906,,,,0,not computed for individual seed or full-DEV nonlinear metric
FULL_MINUS_NO_EMBED,PRIMARY,FULL,NO_EMBED,AP75,20,530103,0.0007460804084409578,,,,0,not computed for individual seed or full-DEV nonlinear metric
FULL_MINUS_NO_EMBED,PRIMARY,FULL,NO_EMBED,AP75,20,THREE_SEED_MEAN,0.00040510212802752354,,,,0,full-DEV point estimate only; no COCO bootstrap
FULL_MINUS_NO_EMBED,PRIMARY,FULL,NO_EMBED,AP75,30,530101,0.000024344667660630703,,,,0,not computed for individual seed or full-DEV nonlinear metric
FULL_MINUS_NO_EMBED,PRIMARY,FULL,NO_EMBED,AP75,30,530102,0.000049929548247673594,,,,0,not computed for individual seed or full-DEV nonlinear metric
FULL_MINUS_NO_EMBED,PRIMARY,FULL,NO_EMBED,AP75,30,530103,-0.00013055002400766402,,,,0,not computed for individual seed or full-DEV nonlinear metric
FULL_MINUS_NO_EMBED,PRIMARY,FULL,NO_EMBED,AP75,30,THREE_SEED_MEAN,-0.000018758602699786575,,,,0,full-DEV point estimate only; no COCO bootstrap
FULL_MINUS_NO_EMBED,PRIMARY,FULL,NO_EMBED,AP75,40,530101,0.000032243189705349895,,,,0,not computed for individual seed or full-DEV nonlinear metric
FULL_MINUS_NO_EMBED,PRIMARY,FULL,NO_EMBED,AP75,40,530102,-0.00012426464473605514,,,,0,not computed for individual seed or full-DEV nonlinear metric
FULL_MINUS_NO_EMBED,PRIMARY,FULL,NO_EMBED,AP75,40,530103,0.00000895925859648039,,,,0,not computed for individual seed or full-DEV nonlinear metric
FULL_MINUS_NO_EMBED,PRIMARY,FULL,NO_EMBED,AP75,40,THREE_SEED_MEAN,-0.000027687398811408286,,,,0,full-DEV point estimate only; no COCO bootstrap
FULL_MINUS_NO_EMBED,PRIMARY,FULL,NO_EMBED,AP75,CORE_10_15_20,530101,-0.000226170627929669,,,,0,not computed for individual seed or full-DEV nonlinear metric
FULL_MINUS_NO_EMBED,PRIMARY,FULL,NO_EMBED,AP75,CORE_10_15_20,530102,0.0003955280185723442,,,,0,not computed for individual seed or full-DEV nonlinear metric
FULL_MINUS_NO_EMBED,PRIMARY,FULL,NO_EMBED,AP75,CORE_10_15_20,530103,0.0007456034701527706,,,,0,not computed for individual seed or full-DEV nonlinear metric
FULL_MINUS_NO_EMBED,PRIMARY,FULL,NO_EMBED,AP75,CORE_10_15_20,THREE_SEED_MEAN,0.00030498695359848195,,,,0,full-DEV point estimate only; no COCO bootstrap
FULL_MINUS_NO_EMBED,PRIMARY,FULL,NO_EMBED,AR100,10,530101,-0.0013039765326624542,,,,0,not computed for individual seed or full-DEV nonlinear metric
FULL_MINUS_NO_EMBED,PRIMARY,FULL,NO_EMBED,AR100,10,530102,0.0010227989810695226,,,,0,not computed for individual seed or full-DEV nonlinear metric
FULL_MINUS_NO_EMBED,PRIMARY,FULL,NO_EMBED,AR100,10,530103,0.0005923451102091137,,,,0,not computed for individual seed or full-DEV nonlinear metric
FULL_MINUS_NO_EMBED,PRIMARY,FULL,NO_EMBED,AR100,10,THREE_SEED_MEAN,0.0001037225195387274,,,,0,full-DEV point estimate only; no COCO bootstrap
FULL_MINUS_NO_EMBED,PRIMARY,FULL,NO_EMBED,AR100,15,530101,0.00007550899111047338,,,,0,not computed for individual seed or full-DEV nonlinear metric
FULL_MINUS_NO_EMBED,PRIMARY,FULL,NO_EMBED,AR100,15,530102,0.0009679130371978983,,,,0,not computed for individual seed or full-DEV nonlinear metric
FULL_MINUS_NO_EMBED,PRIMARY,FULL,NO_EMBED,AR100,15,530103,0.0018493632679170147,,,,0,not computed for individual seed or full-DEV nonlinear metric
FULL_MINUS_NO_EMBED,PRIMARY,FULL,NO_EMBED,AR100,15,THREE_SEED_MEAN,0.0009642617654084621,,,,0,full-DEV point estimate only; no COCO bootstrap
FULL_MINUS_NO_EMBED,PRIMARY,FULL,NO_EMBED,AR100,20,530101,-0.0004559061374796447,,,,0,not computed for individual seed or full-DEV nonlinear metric
FULL_MINUS_NO_EMBED,PRIMARY,FULL,NO_EMBED,AR100,20,530102,0.001591215737504481,,,,0,not computed for individual seed or full-DEV nonlinear metric
FULL_MINUS_NO_EMBED,PRIMARY,FULL,NO_EMBED,AR100,20,530103,0.0014762609908078872,,,,0,not computed for individual seed or full-DEV nonlinear metric
FULL_MINUS_NO_EMBED,PRIMARY,FULL,NO_EMBED,AR100,20,THREE_SEED_MEAN,0.0008705235302775746,,,,0,full-DEV point estimate only; no COCO bootstrap
FULL_MINUS_NO_EMBED,PRIMARY,FULL,NO_EMBED,AR100,30,530101,-0.000010769026275891935,,,,0,not computed for individual seed or full-DEV nonlinear metric
FULL_MINUS_NO_EMBED,PRIMARY,FULL,NO_EMBED,AR100,30,530102,-0.00018580080363306273,,,,0,not computed for individual seed or full-DEV nonlinear metric
FULL_MINUS_NO_EMBED,PRIMARY,FULL,NO_EMBED,AR100,30,530103,0.0005792505121942071,,,,0,not computed for individual seed or full-DEV nonlinear metric
FULL_MINUS_NO_EMBED,PRIMARY,FULL,NO_EMBED,AR100,30,THREE_SEED_MEAN,0.00012756022742841747,,,,0,full-DEV point estimate only; no COCO bootstrap
FULL_MINUS_NO_EMBED,PRIMARY,FULL,NO_EMBED,AR100,40,530101,0.0007256415946827466,,,,0,not computed for individual seed or full-DEV nonlinear metric
FULL_MINUS_NO_EMBED,PRIMARY,FULL,NO_EMBED,AR100,40,530102,-0.00044292378859422943,,,,0,not computed for individual seed or full-DEV nonlinear metric
FULL_MINUS_NO_EMBED,PRIMARY,FULL,NO_EMBED,AR100,40,530103,0.00010813601915182769,,,,0,not computed for individual seed or full-DEV nonlinear metric
FULL_MINUS_NO_EMBED,PRIMARY,FULL,NO_EMBED,AR100,40,THREE_SEED_MEAN,0.00013028460841344827,,,,0,full-DEV point estimate only; no COCO bootstrap
FULL_MINUS_NO_EMBED,PRIMARY,FULL,NO_EMBED,AR100,CORE_10_15_20,530101,-0.0005614578930105418,,,,0,not computed for individual seed or full-DEV nonlinear metric
FULL_MINUS_NO_EMBED,PRIMARY,FULL,NO_EMBED,AR100,CORE_10_15_20,530102,0.001193975918590634,,,,0,not computed for individual seed or full-DEV nonlinear metric
FULL_MINUS_NO_EMBED,PRIMARY,FULL,NO_EMBED,AR100,CORE_10_15_20,530103,0.001305989789644672,,,,0,not computed for individual seed or full-DEV nonlinear metric
FULL_MINUS_NO_EMBED,PRIMARY,FULL,NO_EMBED,AR100,CORE_10_15_20,THREE_SEED_MEAN,0.000646169271741588,,,,0,full-DEV point estimate only; no COCO bootstrap
FULL_MINUS_NO_PREFIX,PRIMARY,FULL,NO_PREFIX,coverage_per_image,10,530101,-0.004500000000000028,,,,0,not computed for individual seed or full-DEV nonlinear metric
FULL_MINUS_NO_PREFIX,PRIMARY,FULL,NO_PREFIX,coverage_per_image,10,530102,0.009499999999999958,,,,0,not computed for individual seed or full-DEV nonlinear metric
FULL_MINUS_NO_PREFIX,PRIMARY,FULL,NO_PREFIX,coverage_per_image,10,530103,0.030500000000000062,,,,0,not computed for individual seed or full-DEV nonlinear metric
FULL_MINUS_NO_PREFIX,PRIMARY,FULL,NO_PREFIX,coverage_per_image,10,THREE_SEED_MEAN,0.01183333333333333,-0.003000000000000019,0.026666666666666634,0.9426,5000,"50 frozen 40-image groups, paired resampling"
FULL_MINUS_NO_PREFIX,PRIMARY,FULL,NO_PREFIX,coverage_per_image,15,530101,-0.007999999999999811,,,,0,not computed for individual seed or full-DEV nonlinear metric
FULL_MINUS_NO_PREFIX,PRIMARY,FULL,NO_PREFIX,coverage_per_image,15,530102,-0.02049999999999999,,,,0,not computed for individual seed or full-DEV nonlinear metric
FULL_MINUS_NO_PREFIX,PRIMARY,FULL,NO_PREFIX,coverage_per_image,15,530103,0.047000000000000014,,,,0,not computed for individual seed or full-DEV nonlinear metric
FULL_MINUS_NO_PREFIX,PRIMARY,FULL,NO_PREFIX,coverage_per_image,15,THREE_SEED_MEAN,0.006166666666666737,-0.009666666666666589,0.021166666666666646,0.798,5000,"50 frozen 40-image groups, paired resampling"
FULL_MINUS_NO_PREFIX,PRIMARY,FULL,NO_PREFIX,coverage_per_image,20,530101,-0.011499999999999969,,,,0,not computed for individual seed or full-DEV nonlinear metric
FULL_MINUS_NO_PREFIX,PRIMARY,FULL,NO_PREFIX,coverage_per_image,20,530102,-0.015499999999999972,,,,0,not computed for individual seed or full-DEV nonlinear metric
FULL_MINUS_NO_PREFIX,PRIMARY,FULL,NO_PREFIX,coverage_per_image,20,530103,0.011000000000000067,,,,0,not computed for individual seed or full-DEV nonlinear metric
FULL_MINUS_NO_PREFIX,PRIMARY,FULL,NO_PREFIX,coverage_per_image,20,THREE_SEED_MEAN,-0.0053333333333332915,-0.01983333333333327,0.010833333333333275,0.2424,5000,"50 frozen 40-image groups, paired resampling"
FULL_MINUS_NO_PREFIX,PRIMARY,FULL,NO_PREFIX,coverage_per_image,30,530101,-0.023000000000000007,,,,0,not computed for individual seed or full-DEV nonlinear metric
FULL_MINUS_NO_PREFIX,PRIMARY,FULL,NO_PREFIX,coverage_per_image,30,530102,0.007000000000000206,,,,0,not computed for individual seed or full-DEV nonlinear metric
FULL_MINUS_NO_PREFIX,PRIMARY,FULL,NO_PREFIX,coverage_per_image,30,530103,0.009499999999999922,,,,0,not computed for individual seed or full-DEV nonlinear metric
FULL_MINUS_NO_PREFIX,PRIMARY,FULL,NO_PREFIX,coverage_per_image,30,THREE_SEED_MEAN,-0.002166666666666626,-0.012499999999999987,0.008166666666666749,0.348,5000,"50 frozen 40-image groups, paired resampling"
FULL_MINUS_NO_PREFIX,PRIMARY,FULL,NO_PREFIX,coverage_per_image,40,530101,-0.0009999999999999432,,,,0,not computed for individual seed or full-DEV nonlinear metric
FULL_MINUS_NO_PREFIX,PRIMARY,FULL,NO_PREFIX,coverage_per_image,40,530102,-7.105427357601002e-17,,,,0,not computed for individual seed or full-DEV nonlinear metric
FULL_MINUS_NO_PREFIX,PRIMARY,FULL,NO_PREFIX,coverage_per_image,40,530103,0.012500000000000072,,,,0,not computed for individual seed or full-DEV nonlinear metric
FULL_MINUS_NO_PREFIX,PRIMARY,FULL,NO_PREFIX,coverage_per_image,40,THREE_SEED_MEAN,0.003833333333333352,-0.0038333333333333166,0.010999999999999989,0.8374,5000,"50 frozen 40-image groups, paired resampling"
FULL_MINUS_NO_PREFIX,PRIMARY,FULL,NO_PREFIX,coverage_per_image,CORE_10_15_20,530101,-0.007999999999999934,,,,0,not computed for individual seed or full-DEV nonlinear metric
FULL_MINUS_NO_PREFIX,PRIMARY,FULL,NO_PREFIX,coverage_per_image,CORE_10_15_20,530102,-0.008833333333333335,,,,0,not computed for individual seed or full-DEV nonlinear metric
FULL_MINUS_NO_PREFIX,PRIMARY,FULL,NO_PREFIX,coverage_per_image,CORE_10_15_20,530103,0.029500000000000047,,,,0,not computed for individual seed or full-DEV nonlinear metric
FULL_MINUS_NO_PREFIX,PRIMARY,FULL,NO_PREFIX,coverage_per_image,CORE_10_15_20,THREE_SEED_MEAN,0.004222222222222259,-0.005001388888888858,0.013334722222222251,0.8208,5000,"50 frozen 40-image groups, paired resampling"
FULL_MINUS_NO_PREFIX,PRIMARY,FULL,NO_PREFIX,quality_per_image,10,530101,0.0046723893598571205,,,,0,not computed for individual seed or full-DEV nonlinear metric
FULL_MINUS_NO_PREFIX,PRIMARY,FULL,NO_PREFIX,quality_per_image,10,530102,0.01139771034805757,,,,0,not computed for individual seed or full-DEV nonlinear metric
FULL_MINUS_NO_PREFIX,PRIMARY,FULL,NO_PREFIX,quality_per_image,10,530103,0.0036325070909341405,,,,0,not computed for individual seed or full-DEV nonlinear metric
FULL_MINUS_NO_PREFIX,PRIMARY,FULL,NO_PREFIX,quality_per_image,10,THREE_SEED_MEAN,0.006567535599616277,-0.0024939885403350488,0.016201342184921537,0.9192,5000,"50 frozen 40-image groups, paired resampling"
FULL_MINUS_NO_PREFIX,PRIMARY,FULL,NO_PREFIX,quality_per_image,15,530101,0.009552950698183063,,,,0,not computed for individual seed or full-DEV nonlinear metric
FULL_MINUS_NO_PREFIX,PRIMARY,FULL,NO_PREFIX,quality_per_image,15,530102,-0.012314779670465877,,,,0,not computed for individual seed or full-DEV nonlinear metric
FULL_MINUS_NO_PREFIX,PRIMARY,FULL,NO_PREFIX,quality_per_image,15,530103,0.016789078501321067,,,,0,not computed for individual seed or full-DEV nonlinear metric
FULL_MINUS_NO_PREFIX,PRIMARY,FULL,NO_PREFIX,quality_per_image,15,THREE_SEED_MEAN,0.004675749843012751,-0.006039231323325528,0.015156887985287727,0.8108,5000,"50 frozen 40-image groups, paired resampling"
FULL_MINUS_NO_PREFIX,PRIMARY,FULL,NO_PREFIX,quality_per_image,20,530101,0.0003448005354966632,,,,0,not computed for individual seed or full-DEV nonlinear metric
FULL_MINUS_NO_PREFIX,PRIMARY,FULL,NO_PREFIX,quality_per_image,20,530102,0.010437723214143374,,,,0,not computed for individual seed or full-DEV nonlinear metric
FULL_MINUS_NO_PREFIX,PRIMARY,FULL,NO_PREFIX,quality_per_image,20,530103,0.00007401172492132346,,,,0,not computed for individual seed or full-DEV nonlinear metric
FULL_MINUS_NO_PREFIX,PRIMARY,FULL,NO_PREFIX,quality_per_image,20,THREE_SEED_MEAN,0.0036188451581871204,-0.0046989693327371546,0.012623540843342579,0.7932,5000,"50 frozen 40-image groups, paired resampling"
FULL_MINUS_NO_PREFIX,PRIMARY,FULL,NO_PREFIX,quality_per_image,30,530101,-0.007396047035035682,,,,0,not computed for individual seed or full-DEV nonlinear metric
FULL_MINUS_NO_PREFIX,PRIMARY,FULL,NO_PREFIX,quality_per_image,30,530102,0.0008167889086742796,,,,0,not computed for individual seed or full-DEV nonlinear metric
FULL_MINUS_NO_PREFIX,PRIMARY,FULL,NO_PREFIX,quality_per_image,30,530103,0.0023324648265358227,,,,0,not computed for individual seed or full-DEV nonlinear metric
FULL_MINUS_NO_PREFIX,PRIMARY,FULL,NO_PREFIX,quality_per_image,30,THREE_SEED_MEAN,-0.0014155977666085267,-0.006362897355542554,0.0036643101607112026,0.2824,5000,"50 frozen 40-image groups, paired resampling"
FULL_MINUS_NO_PREFIX,PRIMARY,FULL,NO_PREFIX,quality_per_image,40,530101,0.0031121837630456286,,,,0,not computed for individual seed or full-DEV nonlinear metric
FULL_MINUS_NO_PREFIX,PRIMARY,FULL,NO_PREFIX,quality_per_image,40,530102,-0.0012437712176295434,,,,0,not computed for individual seed or full-DEV nonlinear metric
FULL_MINUS_NO_PREFIX,PRIMARY,FULL,NO_PREFIX,quality_per_image,40,530103,0.003169572112984671,,,,0,not computed for individual seed or full-DEV nonlinear metric
FULL_MINUS_NO_PREFIX,PRIMARY,FULL,NO_PREFIX,quality_per_image,40,THREE_SEED_MEAN,0.0016793282194669187,-0.002053236338926986,0.005523590706829018,0.8126,5000,"50 frozen 40-image groups, paired resampling"
FULL_MINUS_NO_PREFIX,PRIMARY,FULL,NO_PREFIX,quality_per_image,CORE_10_15_20,530101,0.004856713531178949,,,,0,not computed for individual seed or full-DEV nonlinear metric
FULL_MINUS_NO_PREFIX,PRIMARY,FULL,NO_PREFIX,quality_per_image,CORE_10_15_20,530102,0.0031735512972450234,,,,0,not computed for individual seed or full-DEV nonlinear metric
FULL_MINUS_NO_PREFIX,PRIMARY,FULL,NO_PREFIX,quality_per_image,CORE_10_15_20,530103,0.006831865772392176,,,,0,not computed for individual seed or full-DEV nonlinear metric
FULL_MINUS_NO_PREFIX,PRIMARY,FULL,NO_PREFIX,quality_per_image,CORE_10_15_20,THREE_SEED_MEAN,0.004954043533605383,-0.0007826036714120864,0.010911518644852422,0.9534,5000,"50 frozen 40-image groups, paired resampling"
FULL_MINUS_NO_PREFIX,PRIMARY,FULL,NO_PREFIX,AP,10,530101,-0.0000070374035614217956,,,,0,not computed for individual seed or full-DEV nonlinear metric
FULL_MINUS_NO_PREFIX,PRIMARY,FULL,NO_PREFIX,AP,10,530102,0.0011291649003942195,,,,0,not computed for individual seed or full-DEV nonlinear metric
FULL_MINUS_NO_PREFIX,PRIMARY,FULL,NO_PREFIX,AP,10,530103,0.00055664201698441,,,,0,not computed for individual seed or full-DEV nonlinear metric
FULL_MINUS_NO_PREFIX,PRIMARY,FULL,NO_PREFIX,AP,10,THREE_SEED_MEAN,0.0005595898379390692,,,,0,full-DEV point estimate only; no COCO bootstrap
FULL_MINUS_NO_PREFIX,PRIMARY,FULL,NO_PREFIX,AP,15,530101,0.000428179725104616,,,,0,not computed for individual seed or full-DEV nonlinear metric
FULL_MINUS_NO_PREFIX,PRIMARY,FULL,NO_PREFIX,AP,15,530102,0.00017075679421385548,,,,0,not computed for individual seed or full-DEV nonlinear metric
FULL_MINUS_NO_PREFIX,PRIMARY,FULL,NO_PREFIX,AP,15,530103,0.0004877695919424385,,,,0,not computed for individual seed or full-DEV nonlinear metric
FULL_MINUS_NO_PREFIX,PRIMARY,FULL,NO_PREFIX,AP,15,THREE_SEED_MEAN,0.00036223537042030335,,,,0,full-DEV point estimate only; no COCO bootstrap
FULL_MINUS_NO_PREFIX,PRIMARY,FULL,NO_PREFIX,AP,20,530101,0.00015042273501755798,,,,0,not computed for individual seed or full-DEV nonlinear metric
FULL_MINUS_NO_PREFIX,PRIMARY,FULL,NO_PREFIX,AP,20,530102,0.0006099408202986101,,,,0,not computed for individual seed or full-DEV nonlinear metric
FULL_MINUS_NO_PREFIX,PRIMARY,FULL,NO_PREFIX,AP,20,530103,0.00005129423758370999,,,,0,not computed for individual seed or full-DEV nonlinear metric
FULL_MINUS_NO_PREFIX,PRIMARY,FULL,NO_PREFIX,AP,20,THREE_SEED_MEAN,0.0002705525976332927,,,,0,full-DEV point estimate only; no COCO bootstrap
FULL_MINUS_NO_PREFIX,PRIMARY,FULL,NO_PREFIX,AP,30,530101,-0.00002211681827657408,,,,0,not computed for individual seed or full-DEV nonlinear metric
FULL_MINUS_NO_PREFIX,PRIMARY,FULL,NO_PREFIX,AP,30,530102,0.00012196152565585594,,,,0,not computed for individual seed or full-DEV nonlinear metric
FULL_MINUS_NO_PREFIX,PRIMARY,FULL,NO_PREFIX,AP,30,530103,0.00009879259415510044,,,,0,not computed for individual seed or full-DEV nonlinear metric
FULL_MINUS_NO_PREFIX,PRIMARY,FULL,NO_PREFIX,AP,30,THREE_SEED_MEAN,0.0000662124338447941,,,,0,full-DEV point estimate only; no COCO bootstrap
FULL_MINUS_NO_PREFIX,PRIMARY,FULL,NO_PREFIX,AP,40,530101,0.000011980259974564422,,,,0,not computed for individual seed or full-DEV nonlinear metric
FULL_MINUS_NO_PREFIX,PRIMARY,FULL,NO_PREFIX,AP,40,530102,-0.0000017053201685213182,,,,0,not computed for individual seed or full-DEV nonlinear metric
FULL_MINUS_NO_PREFIX,PRIMARY,FULL,NO_PREFIX,AP,40,530103,0.00001936903828486658,,,,0,not computed for individual seed or full-DEV nonlinear metric
FULL_MINUS_NO_PREFIX,PRIMARY,FULL,NO_PREFIX,AP,40,THREE_SEED_MEAN,0.000009881326030303228,,,,0,full-DEV point estimate only; no COCO bootstrap
FULL_MINUS_NO_PREFIX,PRIMARY,FULL,NO_PREFIX,AP,CORE_10_15_20,530101,0.00019052168552025073,,,,0,not computed for individual seed or full-DEV nonlinear metric
FULL_MINUS_NO_PREFIX,PRIMARY,FULL,NO_PREFIX,AP,CORE_10_15_20,530102,0.0006366208383022284,,,,0,not computed for individual seed or full-DEV nonlinear metric
FULL_MINUS_NO_PREFIX,PRIMARY,FULL,NO_PREFIX,AP,CORE_10_15_20,530103,0.00036523528217018614,,,,0,not computed for individual seed or full-DEV nonlinear metric
FULL_MINUS_NO_PREFIX,PRIMARY,FULL,NO_PREFIX,AP,CORE_10_15_20,THREE_SEED_MEAN,0.00039745926866422175,,,,0,full-DEV point estimate only; no COCO bootstrap
FULL_MINUS_NO_PREFIX,PRIMARY,FULL,NO_PREFIX,AP50,10,530101,-0.0003169679524779867,,,,0,not computed for individual seed or full-DEV nonlinear metric
FULL_MINUS_NO_PREFIX,PRIMARY,FULL,NO_PREFIX,AP50,10,530102,0.002171943611140037,,,,0,not computed for individual seed or full-DEV nonlinear metric
FULL_MINUS_NO_PREFIX,PRIMARY,FULL,NO_PREFIX,AP50,10,530103,0.0004513202651577619,,,,0,not computed for individual seed or full-DEV nonlinear metric
FULL_MINUS_NO_PREFIX,PRIMARY,FULL,NO_PREFIX,AP50,10,THREE_SEED_MEAN,0.0007687653079399374,,,,0,full-DEV point estimate only; no COCO bootstrap
FULL_MINUS_NO_PREFIX,PRIMARY,FULL,NO_PREFIX,AP50,15,530101,0.0008228058030658736,,,,0,not computed for individual seed or full-DEV nonlinear metric
FULL_MINUS_NO_PREFIX,PRIMARY,FULL,NO_PREFIX,AP50,15,530102,-0.00009034398080315365,,,,0,not computed for individual seed or full-DEV nonlinear metric
FULL_MINUS_NO_PREFIX,PRIMARY,FULL,NO_PREFIX,AP50,15,530103,0.0015848823346448215,,,,0,not computed for individual seed or full-DEV nonlinear metric
FULL_MINUS_NO_PREFIX,PRIMARY,FULL,NO_PREFIX,AP50,15,THREE_SEED_MEAN,0.0007724480523025138,,,,0,full-DEV point estimate only; no COCO bootstrap
FULL_MINUS_NO_PREFIX,PRIMARY,FULL,NO_PREFIX,AP50,20,530101,0.00027934328369033645,,,,0,not computed for individual seed or full-DEV nonlinear metric
FULL_MINUS_NO_PREFIX,PRIMARY,FULL,NO_PREFIX,AP50,20,530102,0.000858107779149575,,,,0,not computed for individual seed or full-DEV nonlinear metric
FULL_MINUS_NO_PREFIX,PRIMARY,FULL,NO_PREFIX,AP50,20,530103,0.00010004239059385744,,,,0,not computed for individual seed or full-DEV nonlinear metric
FULL_MINUS_NO_PREFIX,PRIMARY,FULL,NO_PREFIX,AP50,20,THREE_SEED_MEAN,0.00041249781781125633,,,,0,full-DEV point estimate only; no COCO bootstrap
FULL_MINUS_NO_PREFIX,PRIMARY,FULL,NO_PREFIX,AP50,30,530101,-0.000902757055745329,,,,0,not computed for individual seed or full-DEV nonlinear metric
FULL_MINUS_NO_PREFIX,PRIMARY,FULL,NO_PREFIX,AP50,30,530102,0.00041053389731599,,,,0,not computed for individual seed or full-DEV nonlinear metric
FULL_MINUS_NO_PREFIX,PRIMARY,FULL,NO_PREFIX,AP50,30,530103,0.0002367488965323572,,,,0,not computed for individual seed or full-DEV nonlinear metric
FULL_MINUS_NO_PREFIX,PRIMARY,FULL,NO_PREFIX,AP50,30,THREE_SEED_MEAN,-0.00008515808729899395,,,,0,full-DEV point estimate only; no COCO bootstrap
FULL_MINUS_NO_PREFIX,PRIMARY,FULL,NO_PREFIX,AP50,40,530101,-0.00014076779884886204,,,,0,not computed for individual seed or full-DEV nonlinear metric
FULL_MINUS_NO_PREFIX,PRIMARY,FULL,NO_PREFIX,AP50,40,530102,-0.000005521775016503749,,,,0,not computed for individual seed or full-DEV nonlinear metric
FULL_MINUS_NO_PREFIX,PRIMARY,FULL,NO_PREFIX,AP50,40,530103,0.0003073553908004012,,,,0,not computed for individual seed or full-DEV nonlinear metric
FULL_MINUS_NO_PREFIX,PRIMARY,FULL,NO_PREFIX,AP50,40,THREE_SEED_MEAN,0.0000536886056450118,,,,0,full-DEV point estimate only; no COCO bootstrap
FULL_MINUS_NO_PREFIX,PRIMARY,FULL,NO_PREFIX,AP50,CORE_10_15_20,530101,0.0002617270447594078,,,,0,not computed for individual seed or full-DEV nonlinear metric
FULL_MINUS_NO_PREFIX,PRIMARY,FULL,NO_PREFIX,AP50,CORE_10_15_20,530102,0.0009799024698288195,,,,0,not computed for individual seed or full-DEV nonlinear metric
FULL_MINUS_NO_PREFIX,PRIMARY,FULL,NO_PREFIX,AP50,CORE_10_15_20,530103,0.0007120816634654803,,,,0,not computed for individual seed or full-DEV nonlinear metric
FULL_MINUS_NO_PREFIX,PRIMARY,FULL,NO_PREFIX,AP50,CORE_10_15_20,THREE_SEED_MEAN,0.0006512370593512359,,,,0,full-DEV point estimate only; no COCO bootstrap
FULL_MINUS_NO_PREFIX,PRIMARY,FULL,NO_PREFIX,AP75,10,530101,-0.00014962216588121358,,,,0,not computed for individual seed or full-DEV nonlinear metric
FULL_MINUS_NO_PREFIX,PRIMARY,FULL,NO_PREFIX,AP75,10,530102,0.0013289933500210405,,,,0,not computed for individual seed or full-DEV nonlinear metric
FULL_MINUS_NO_PREFIX,PRIMARY,FULL,NO_PREFIX,AP75,10,530103,0.000514550495120697,,,,0,not computed for individual seed or full-DEV nonlinear metric
FULL_MINUS_NO_PREFIX,PRIMARY,FULL,NO_PREFIX,AP75,10,THREE_SEED_MEAN,0.0005646405597535079,,,,0,full-DEV point estimate only; no COCO bootstrap
FULL_MINUS_NO_PREFIX,PRIMARY,FULL,NO_PREFIX,AP75,15,530101,-0.00024418088523872616,,,,0,not computed for individual seed or full-DEV nonlinear metric
FULL_MINUS_NO_PREFIX,PRIMARY,FULL,NO_PREFIX,AP75,15,530102,0.00015291792418850592,,,,0,not computed for individual seed or full-DEV nonlinear metric
FULL_MINUS_NO_PREFIX,PRIMARY,FULL,NO_PREFIX,AP75,15,530103,0.0010663854172300868,,,,0,not computed for individual seed or full-DEV nonlinear metric
FULL_MINUS_NO_PREFIX,PRIMARY,FULL,NO_PREFIX,AP75,15,THREE_SEED_MEAN,0.0003250408187266222,,,,0,full-DEV point estimate only; no COCO bootstrap
FULL_MINUS_NO_PREFIX,PRIMARY,FULL,NO_PREFIX,AP75,20,530101,-0.0000514749143692983,,,,0,not computed for individual seed or full-DEV nonlinear metric
FULL_MINUS_NO_PREFIX,PRIMARY,FULL,NO_PREFIX,AP75,20,530102,0.0005860883256147975,,,,0,not computed for individual seed or full-DEV nonlinear metric
FULL_MINUS_NO_PREFIX,PRIMARY,FULL,NO_PREFIX,AP75,20,530103,0.00023451265122947929,,,,0,not computed for individual seed or full-DEV nonlinear metric
FULL_MINUS_NO_PREFIX,PRIMARY,FULL,NO_PREFIX,AP75,20,THREE_SEED_MEAN,0.0002563753541583262,,,,0,full-DEV point estimate only; no COCO bootstrap
FULL_MINUS_NO_PREFIX,PRIMARY,FULL,NO_PREFIX,AP75,30,530101,0.00007374052673844722,,,,0,not computed for individual seed or full-DEV nonlinear metric
FULL_MINUS_NO_PREFIX,PRIMARY,FULL,NO_PREFIX,AP75,30,530102,0.00004447933441048546,,,,0,not computed for individual seed or full-DEV nonlinear metric
FULL_MINUS_NO_PREFIX,PRIMARY,FULL,NO_PREFIX,AP75,30,530103,0.000019480532960053365,,,,0,not computed for individual seed or full-DEV nonlinear metric
FULL_MINUS_NO_PREFIX,PRIMARY,FULL,NO_PREFIX,AP75,30,THREE_SEED_MEAN,0.00004590013136966201,,,,0,full-DEV point estimate only; no COCO bootstrap
FULL_MINUS_NO_PREFIX,PRIMARY,FULL,NO_PREFIX,AP75,40,530101,0.000009823610839870822,,,,0,not computed for individual seed or full-DEV nonlinear metric
FULL_MINUS_NO_PREFIX,PRIMARY,FULL,NO_PREFIX,AP75,40,530102,-0.000012223707375413895,,,,0,not computed for individual seed or full-DEV nonlinear metric
FULL_MINUS_NO_PREFIX,PRIMARY,FULL,NO_PREFIX,AP75,40,530103,0.000003922322400790046,,,,0,not computed for individual seed or full-DEV nonlinear metric
FULL_MINUS_NO_PREFIX,PRIMARY,FULL,NO_PREFIX,AP75,40,THREE_SEED_MEAN,5.074086217489911e-7,,,,0,full-DEV point estimate only; no COCO bootstrap
FULL_MINUS_NO_PREFIX,PRIMARY,FULL,NO_PREFIX,AP75,CORE_10_15_20,530101,-0.00014842598849641267,,,,0,not computed for individual seed or full-DEV nonlinear metric
FULL_MINUS_NO_PREFIX,PRIMARY,FULL,NO_PREFIX,AP75,CORE_10_15_20,530102,0.0006893331999414479,,,,0,not computed for individual seed or full-DEV nonlinear metric
FULL_MINUS_NO_PREFIX,PRIMARY,FULL,NO_PREFIX,AP75,CORE_10_15_20,530103,0.000605149521193421,,,,0,not computed for individual seed or full-DEV nonlinear metric
FULL_MINUS_NO_PREFIX,PRIMARY,FULL,NO_PREFIX,AP75,CORE_10_15_20,THREE_SEED_MEAN,0.0003820189108794854,,,,0,full-DEV point estimate only; no COCO bootstrap
FULL_MINUS_NO_PREFIX,PRIMARY,FULL,NO_PREFIX,AR100,10,530101,0.00048342079450369724,,,,0,not computed for individual seed or full-DEV nonlinear metric
FULL_MINUS_NO_PREFIX,PRIMARY,FULL,NO_PREFIX,AR100,10,530102,0.003787281943643389,,,,0,not computed for individual seed or full-DEV nonlinear metric
FULL_MINUS_NO_PREFIX,PRIMARY,FULL,NO_PREFIX,AR100,10,530103,0.0005860551959457894,,,,0,not computed for individual seed or full-DEV nonlinear metric
FULL_MINUS_NO_PREFIX,PRIMARY,FULL,NO_PREFIX,AR100,10,THREE_SEED_MEAN,0.001618919311364292,,,,0,full-DEV point estimate only; no COCO bootstrap
FULL_MINUS_NO_PREFIX,PRIMARY,FULL,NO_PREFIX,AR100,15,530101,0.0008235682483902496,,,,0,not computed for individual seed or full-DEV nonlinear metric
FULL_MINUS_NO_PREFIX,PRIMARY,FULL,NO_PREFIX,AR100,15,530102,0.0019895444781696803,,,,0,not computed for individual seed or full-DEV nonlinear metric
FULL_MINUS_NO_PREFIX,PRIMARY,FULL,NO_PREFIX,AR100,15,530103,0.0021502461065631695,,,,0,not computed for individual seed or full-DEV nonlinear metric
FULL_MINUS_NO_PREFIX,PRIMARY,FULL,NO_PREFIX,AR100,15,THREE_SEED_MEAN,0.0016544529443743665,,,,0,full-DEV point estimate only; no COCO bootstrap
FULL_MINUS_NO_PREFIX,PRIMARY,FULL,NO_PREFIX,AR100,20,530101,0.0007824115614348259,,,,0,not computed for individual seed or full-DEV nonlinear metric
FULL_MINUS_NO_PREFIX,PRIMARY,FULL,NO_PREFIX,AR100,20,530102,0.0035413477706087715,,,,0,not computed for individual seed or full-DEV nonlinear metric
FULL_MINUS_NO_PREFIX,PRIMARY,FULL,NO_PREFIX,AR100,20,530103,0.0004426639857717518,,,,0,not computed for individual seed or full-DEV nonlinear metric
FULL_MINUS_NO_PREFIX,PRIMARY,FULL,NO_PREFIX,AR100,20,THREE_SEED_MEAN,0.0015888077726051164,,,,0,full-DEV point estimate only; no COCO bootstrap
FULL_MINUS_NO_PREFIX,PRIMARY,FULL,NO_PREFIX,AR100,30,530101,-0.00043809841489367285,,,,0,not computed for individual seed or full-DEV nonlinear metric
FULL_MINUS_NO_PREFIX,PRIMARY,FULL,NO_PREFIX,AR100,30,530102,0.0005852065462260692,,,,0,not computed for individual seed or full-DEV nonlinear metric
FULL_MINUS_NO_PREFIX,PRIMARY,FULL,NO_PREFIX,AR100,30,530103,0.0002532595909772728,,,,0,not computed for individual seed or full-DEV nonlinear metric
FULL_MINUS_NO_PREFIX,PRIMARY,FULL,NO_PREFIX,AR100,30,THREE_SEED_MEAN,0.00013345590743655636,,,,0,full-DEV point estimate only; no COCO bootstrap
FULL_MINUS_NO_PREFIX,PRIMARY,FULL,NO_PREFIX,AR100,40,530101,0.0002855288102738829,,,,0,not computed for individual seed or full-DEV nonlinear metric
FULL_MINUS_NO_PREFIX,PRIMARY,FULL,NO_PREFIX,AR100,40,530102,0.00011674068901085244,,,,0,not computed for individual seed or full-DEV nonlinear metric
FULL_MINUS_NO_PREFIX,PRIMARY,FULL,NO_PREFIX,AR100,40,530103,-0.00003974609672613427,,,,0,not computed for individual seed or full-DEV nonlinear metric
FULL_MINUS_NO_PREFIX,PRIMARY,FULL,NO_PREFIX,AR100,40,THREE_SEED_MEAN,0.00012084113418620035,,,,0,full-DEV point estimate only; no COCO bootstrap
FULL_MINUS_NO_PREFIX,PRIMARY,FULL,NO_PREFIX,AR100,CORE_10_15_20,530101,0.0006964668681095909,,,,0,not computed for individual seed or full-DEV nonlinear metric
FULL_MINUS_NO_PREFIX,PRIMARY,FULL,NO_PREFIX,AR100,CORE_10_15_20,530102,0.0031060580641406135,,,,0,not computed for individual seed or full-DEV nonlinear metric
FULL_MINUS_NO_PREFIX,PRIMARY,FULL,NO_PREFIX,AR100,CORE_10_15_20,530103,0.0010596550960935702,,,,0,not computed for individual seed or full-DEV nonlinear metric
FULL_MINUS_NO_PREFIX,PRIMARY,FULL,NO_PREFIX,AR100,CORE_10_15_20,THREE_SEED_MEAN,0.0016207266761145915,,,,0,full-DEV point estimate only; no COCO bootstrap
FULL_MINUS_MATCHABILITY_TARGET,PRIMARY,FULL,MATCHABILITY_TARGET,coverage_per_image,10,530101,0.1865,,,,0,not computed for individual seed or full-DEV nonlinear metric
FULL_MINUS_MATCHABILITY_TARGET,PRIMARY,FULL,MATCHABILITY_TARGET,coverage_per_image,10,530102,0.13950000000000004,,,,0,not computed for individual seed or full-DEV nonlinear metric
FULL_MINUS_MATCHABILITY_TARGET,PRIMARY,FULL,MATCHABILITY_TARGET,coverage_per_image,10,530103,0.16849999999999996,,,,0,not computed for individual seed or full-DEV nonlinear metric
FULL_MINUS_MATCHABILITY_TARGET,PRIMARY,FULL,MATCHABILITY_TARGET,coverage_per_image,10,THREE_SEED_MEAN,0.16483333333333336,0.13916666666666663,0.19099999999999995,1,5000,"50 frozen 40-image groups, paired resampling"
FULL_MINUS_MATCHABILITY_TARGET,PRIMARY,FULL,MATCHABILITY_TARGET,coverage_per_image,15,530101,0.2260000000000001,,,,0,not computed for individual seed or full-DEV nonlinear metric
FULL_MINUS_MATCHABILITY_TARGET,PRIMARY,FULL,MATCHABILITY_TARGET,coverage_per_image,15,530102,0.16350000000000015,,,,0,not computed for individual seed or full-DEV nonlinear metric
FULL_MINUS_MATCHABILITY_TARGET,PRIMARY,FULL,MATCHABILITY_TARGET,coverage_per_image,15,530103,0.2364999999999999,,,,0,not computed for individual seed or full-DEV nonlinear metric
FULL_MINUS_MATCHABILITY_TARGET,PRIMARY,FULL,MATCHABILITY_TARGET,coverage_per_image,15,THREE_SEED_MEAN,0.2086666666666667,0.1824958333333333,0.23616666666666666,1,5000,"50 frozen 40-image groups, paired resampling"
FULL_MINUS_MATCHABILITY_TARGET,PRIMARY,FULL,MATCHABILITY_TARGET,coverage_per_image,20,530101,0.1955,,,,0,not computed for individual seed or full-DEV nonlinear metric
FULL_MINUS_MATCHABILITY_TARGET,PRIMARY,FULL,MATCHABILITY_TARGET,coverage_per_image,20,530102,0.15700000000000003,,,,0,not computed for individual seed or full-DEV nonlinear metric
FULL_MINUS_MATCHABILITY_TARGET,PRIMARY,FULL,MATCHABILITY_TARGET,coverage_per_image,20,530103,0.20750000000000013,,,,0,not computed for individual seed or full-DEV nonlinear metric
FULL_MINUS_MATCHABILITY_TARGET,PRIMARY,FULL,MATCHABILITY_TARGET,coverage_per_image,20,THREE_SEED_MEAN,0.18666666666666673,0.15966666666666673,0.2136708333333334,1,5000,"50 frozen 40-image groups, paired resampling"
FULL_MINUS_MATCHABILITY_TARGET,PRIMARY,FULL,MATCHABILITY_TARGET,coverage_per_image,30,530101,0.12899999999999998,,,,0,not computed for individual seed or full-DEV nonlinear metric
FULL_MINUS_MATCHABILITY_TARGET,PRIMARY,FULL,MATCHABILITY_TARGET,coverage_per_image,30,530102,0.1470000000000001,,,,0,not computed for individual seed or full-DEV nonlinear metric
FULL_MINUS_MATCHABILITY_TARGET,PRIMARY,FULL,MATCHABILITY_TARGET,coverage_per_image,30,530103,0.16750000000000004,,,,0,not computed for individual seed or full-DEV nonlinear metric
FULL_MINUS_MATCHABILITY_TARGET,PRIMARY,FULL,MATCHABILITY_TARGET,coverage_per_image,30,THREE_SEED_MEAN,0.14783333333333337,0.12533333333333332,0.17033333333333334,1,5000,"50 frozen 40-image groups, paired resampling"
FULL_MINUS_MATCHABILITY_TARGET,PRIMARY,FULL,MATCHABILITY_TARGET,coverage_per_image,40,530101,0.055999999999999946,,,,0,not computed for individual seed or full-DEV nonlinear metric
FULL_MINUS_MATCHABILITY_TARGET,PRIMARY,FULL,MATCHABILITY_TARGET,coverage_per_image,40,530102,0.04799999999999997,,,,0,not computed for individual seed or full-DEV nonlinear metric
FULL_MINUS_MATCHABILITY_TARGET,PRIMARY,FULL,MATCHABILITY_TARGET,coverage_per_image,40,530103,0.06050000000000004,,,,0,not computed for individual seed or full-DEV nonlinear metric
FULL_MINUS_MATCHABILITY_TARGET,PRIMARY,FULL,MATCHABILITY_TARGET,coverage_per_image,40,THREE_SEED_MEAN,0.054833333333333324,0.04316666666666655,0.06667083333333343,1,5000,"50 frozen 40-image groups, paired resampling"
FULL_MINUS_MATCHABILITY_TARGET,PRIMARY,FULL,MATCHABILITY_TARGET,coverage_per_image,CORE_10_15_20,530101,0.20266666666666666,,,,0,not computed for individual seed or full-DEV nonlinear metric
FULL_MINUS_MATCHABILITY_TARGET,PRIMARY,FULL,MATCHABILITY_TARGET,coverage_per_image,CORE_10_15_20,530102,0.1533333333333334,,,,0,not computed for individual seed or full-DEV nonlinear metric
FULL_MINUS_MATCHABILITY_TARGET,PRIMARY,FULL,MATCHABILITY_TARGET,coverage_per_image,CORE_10_15_20,530103,0.2041666666666667,,,,0,not computed for individual seed or full-DEV nonlinear metric
FULL_MINUS_MATCHABILITY_TARGET,PRIMARY,FULL,MATCHABILITY_TARGET,coverage_per_image,CORE_10_15_20,THREE_SEED_MEAN,0.18672222222222226,0.17022083333333335,0.20383333333333337,1,5000,"50 frozen 40-image groups, paired resampling"
FULL_MINUS_MATCHABILITY_TARGET,PRIMARY,FULL,MATCHABILITY_TARGET,quality_per_image,10,530101,0.054665826450889,,,,0,not computed for individual seed or full-DEV nonlinear metric
FULL_MINUS_MATCHABILITY_TARGET,PRIMARY,FULL,MATCHABILITY_TARGET,quality_per_image,10,530102,0.048993255340038996,,,,0,not computed for individual seed or full-DEV nonlinear metric
FULL_MINUS_MATCHABILITY_TARGET,PRIMARY,FULL,MATCHABILITY_TARGET,quality_per_image,10,530103,0.05177446649726192,,,,0,not computed for individual seed or full-DEV nonlinear metric
FULL_MINUS_MATCHABILITY_TARGET,PRIMARY,FULL,MATCHABILITY_TARGET,quality_per_image,10,THREE_SEED_MEAN,0.051811182762729974,0.03790190383874647,0.06581807610308037,1,5000,"50 frozen 40-image groups, paired resampling"
FULL_MINUS_MATCHABILITY_TARGET,PRIMARY,FULL,MATCHABILITY_TARGET,quality_per_image,15,530101,0.07964728610377189,,,,0,not computed for individual seed or full-DEV nonlinear metric
FULL_MINUS_MATCHABILITY_TARGET,PRIMARY,FULL,MATCHABILITY_TARGET,quality_per_image,15,530102,0.058716496134682314,,,,0,not computed for individual seed or full-DEV nonlinear metric
FULL_MINUS_MATCHABILITY_TARGET,PRIMARY,FULL,MATCHABILITY_TARGET,quality_per_image,15,530103,0.08475442877732166,,,,0,not computed for individual seed or full-DEV nonlinear metric
FULL_MINUS_MATCHABILITY_TARGET,PRIMARY,FULL,MATCHABILITY_TARGET,quality_per_image,15,THREE_SEED_MEAN,0.07437273700525861,0.05766795235878323,0.09205776089678286,1,5000,"50 frozen 40-image groups, paired resampling"
FULL_MINUS_MATCHABILITY_TARGET,PRIMARY,FULL,MATCHABILITY_TARGET,quality_per_image,20,530101,0.05731477012000624,,,,0,not computed for individual seed or full-DEV nonlinear metric
FULL_MINUS_MATCHABILITY_TARGET,PRIMARY,FULL,MATCHABILITY_TARGET,quality_per_image,20,530102,0.05972535532755705,,,,0,not computed for individual seed or full-DEV nonlinear metric
FULL_MINUS_MATCHABILITY_TARGET,PRIMARY,FULL,MATCHABILITY_TARGET,quality_per_image,20,530103,0.06153139122410369,,,,0,not computed for individual seed or full-DEV nonlinear metric
FULL_MINUS_MATCHABILITY_TARGET,PRIMARY,FULL,MATCHABILITY_TARGET,quality_per_image,20,THREE_SEED_MEAN,0.05952383889055566,0.046717934082324795,0.07224134427086716,1,5000,"50 frozen 40-image groups, paired resampling"
FULL_MINUS_MATCHABILITY_TARGET,PRIMARY,FULL,MATCHABILITY_TARGET,quality_per_image,30,530101,0.035112392200383036,,,,0,not computed for individual seed or full-DEV nonlinear metric
FULL_MINUS_MATCHABILITY_TARGET,PRIMARY,FULL,MATCHABILITY_TARGET,quality_per_image,30,530102,0.03683751301307847,,,,0,not computed for individual seed or full-DEV nonlinear metric
FULL_MINUS_MATCHABILITY_TARGET,PRIMARY,FULL,MATCHABILITY_TARGET,quality_per_image,30,530103,0.05544756523608159,,,,0,not computed for individual seed or full-DEV nonlinear metric
FULL_MINUS_MATCHABILITY_TARGET,PRIMARY,FULL,MATCHABILITY_TARGET,quality_per_image,30,THREE_SEED_MEAN,0.04246582348318103,0.03292975196960406,0.05178625239609131,1,5000,"50 frozen 40-image groups, paired resampling"
FULL_MINUS_MATCHABILITY_TARGET,PRIMARY,FULL,MATCHABILITY_TARGET,quality_per_image,40,530101,0.014008390715673204,,,,0,not computed for individual seed or full-DEV nonlinear metric
FULL_MINUS_MATCHABILITY_TARGET,PRIMARY,FULL,MATCHABILITY_TARGET,quality_per_image,40,530102,0.009254251414660485,,,,0,not computed for individual seed or full-DEV nonlinear metric
FULL_MINUS_MATCHABILITY_TARGET,PRIMARY,FULL,MATCHABILITY_TARGET,quality_per_image,40,530103,0.011617083834629475,,,,0,not computed for individual seed or full-DEV nonlinear metric
FULL_MINUS_MATCHABILITY_TARGET,PRIMARY,FULL,MATCHABILITY_TARGET,quality_per_image,40,THREE_SEED_MEAN,0.011626575321654389,0.005105765904743435,0.017834939011571304,0.9992,5000,"50 frozen 40-image groups, paired resampling"
FULL_MINUS_MATCHABILITY_TARGET,PRIMARY,FULL,MATCHABILITY_TARGET,quality_per_image,CORE_10_15_20,530101,0.06387596089155573,,,,0,not computed for individual seed or full-DEV nonlinear metric
FULL_MINUS_MATCHABILITY_TARGET,PRIMARY,FULL,MATCHABILITY_TARGET,quality_per_image,CORE_10_15_20,530102,0.05581170226742613,,,,0,not computed for individual seed or full-DEV nonlinear metric
FULL_MINUS_MATCHABILITY_TARGET,PRIMARY,FULL,MATCHABILITY_TARGET,quality_per_image,CORE_10_15_20,530103,0.06602009549956242,,,,0,not computed for individual seed or full-DEV nonlinear metric
FULL_MINUS_MATCHABILITY_TARGET,PRIMARY,FULL,MATCHABILITY_TARGET,quality_per_image,CORE_10_15_20,THREE_SEED_MEAN,0.061902586219514756,0.05332631605400143,0.07042635942156082,1,5000,"50 frozen 40-image groups, paired resampling"
FULL_MINUS_MATCHABILITY_TARGET,PRIMARY,FULL,MATCHABILITY_TARGET,AP,10,530101,-0.00021254673023002324,,,,0,not computed for individual seed or full-DEV nonlinear metric
FULL_MINUS_MATCHABILITY_TARGET,PRIMARY,FULL,MATCHABILITY_TARGET,AP,10,530102,0.0005952938512157335,,,,0,not computed for individual seed or full-DEV nonlinear metric
FULL_MINUS_MATCHABILITY_TARGET,PRIMARY,FULL,MATCHABILITY_TARGET,AP,10,530103,0.00037127775056036705,,,,0,not computed for individual seed or full-DEV nonlinear metric
FULL_MINUS_MATCHABILITY_TARGET,PRIMARY,FULL,MATCHABILITY_TARGET,AP,10,THREE_SEED_MEAN,0.00025134162384869246,,,,0,full-DEV point estimate only; no COCO bootstrap
FULL_MINUS_MATCHABILITY_TARGET,PRIMARY,FULL,MATCHABILITY_TARGET,AP,15,530101,0.0005471007922861759,,,,0,not computed for individual seed or full-DEV nonlinear metric
FULL_MINUS_MATCHABILITY_TARGET,PRIMARY,FULL,MATCHABILITY_TARGET,AP,15,530102,0.0012437623370422368,,,,0,not computed for individual seed or full-DEV nonlinear metric
FULL_MINUS_MATCHABILITY_TARGET,PRIMARY,FULL,MATCHABILITY_TARGET,AP,15,530103,0.0015050853293536448,,,,0,not computed for individual seed or full-DEV nonlinear metric
FULL_MINUS_MATCHABILITY_TARGET,PRIMARY,FULL,MATCHABILITY_TARGET,AP,15,THREE_SEED_MEAN,0.0010986494862273526,,,,0,full-DEV point estimate only; no COCO bootstrap
FULL_MINUS_MATCHABILITY_TARGET,PRIMARY,FULL,MATCHABILITY_TARGET,AP,20,530101,0.0006076752963793952,,,,0,not computed for individual seed or full-DEV nonlinear metric
FULL_MINUS_MATCHABILITY_TARGET,PRIMARY,FULL,MATCHABILITY_TARGET,AP,20,530102,0.0007299554475201087,,,,0,not computed for individual seed or full-DEV nonlinear metric
FULL_MINUS_MATCHABILITY_TARGET,PRIMARY,FULL,MATCHABILITY_TARGET,AP,20,530103,0.0005321008375500091,,,,0,not computed for individual seed or full-DEV nonlinear metric
FULL_MINUS_MATCHABILITY_TARGET,PRIMARY,FULL,MATCHABILITY_TARGET,AP,20,THREE_SEED_MEAN,0.000623243860483171,,,,0,full-DEV point estimate only; no COCO bootstrap
FULL_MINUS_MATCHABILITY_TARGET,PRIMARY,FULL,MATCHABILITY_TARGET,AP,30,530101,0.0003450329285584752,,,,0,not computed for individual seed or full-DEV nonlinear metric
FULL_MINUS_MATCHABILITY_TARGET,PRIMARY,FULL,MATCHABILITY_TARGET,AP,30,530102,0.0003003852793001527,,,,0,not computed for individual seed or full-DEV nonlinear metric
FULL_MINUS_MATCHABILITY_TARGET,PRIMARY,FULL,MATCHABILITY_TARGET,AP,30,530103,0.000527091993822254,,,,0,not computed for individual seed or full-DEV nonlinear metric
FULL_MINUS_MATCHABILITY_TARGET,PRIMARY,FULL,MATCHABILITY_TARGET,AP,30,THREE_SEED_MEAN,0.00039083673389362733,,,,0,full-DEV point estimate only; no COCO bootstrap
FULL_MINUS_MATCHABILITY_TARGET,PRIMARY,FULL,MATCHABILITY_TARGET,AP,40,530101,0.000041018797359820836,,,,0,not computed for individual seed or full-DEV nonlinear metric
FULL_MINUS_MATCHABILITY_TARGET,PRIMARY,FULL,MATCHABILITY_TARGET,AP,40,530102,0.00012011747333071088,,,,0,not computed for individual seed or full-DEV nonlinear metric
FULL_MINUS_MATCHABILITY_TARGET,PRIMARY,FULL,MATCHABILITY_TARGET,AP,40,530103,0.00007520063100821539,,,,0,not computed for individual seed or full-DEV nonlinear metric
FULL_MINUS_MATCHABILITY_TARGET,PRIMARY,FULL,MATCHABILITY_TARGET,AP,40,THREE_SEED_MEAN,0.0000787789672329157,,,,0,full-DEV point estimate only; no COCO bootstrap
FULL_MINUS_MATCHABILITY_TARGET,PRIMARY,FULL,MATCHABILITY_TARGET,AP,CORE_10_15_20,530101,0.0003140764528118493,,,,0,not computed for individual seed or full-DEV nonlinear metric
FULL_MINUS_MATCHABILITY_TARGET,PRIMARY,FULL,MATCHABILITY_TARGET,AP,CORE_10_15_20,530102,0.0008563372119260263,,,,0,not computed for individual seed or full-DEV nonlinear metric
FULL_MINUS_MATCHABILITY_TARGET,PRIMARY,FULL,MATCHABILITY_TARGET,AP,CORE_10_15_20,530103,0.0008028213058213404,,,,0,not computed for individual seed or full-DEV nonlinear metric
FULL_MINUS_MATCHABILITY_TARGET,PRIMARY,FULL,MATCHABILITY_TARGET,AP,CORE_10_15_20,THREE_SEED_MEAN,0.0006577449901864052,,,,0,full-DEV point estimate only; no COCO bootstrap
FULL_MINUS_MATCHABILITY_TARGET,PRIMARY,FULL,MATCHABILITY_TARGET,AP50,10,530101,0.0006170145658740411,,,,0,not computed for individual seed or full-DEV nonlinear metric
FULL_MINUS_MATCHABILITY_TARGET,PRIMARY,FULL,MATCHABILITY_TARGET,AP50,10,530102,0.0021581807950430965,,,,0,not computed for individual seed or full-DEV nonlinear metric
FULL_MINUS_MATCHABILITY_TARGET,PRIMARY,FULL,MATCHABILITY_TARGET,AP50,10,530103,0.0016098269510070318,,,,0,not computed for individual seed or full-DEV nonlinear metric
FULL_MINUS_MATCHABILITY_TARGET,PRIMARY,FULL,MATCHABILITY_TARGET,AP50,10,THREE_SEED_MEAN,0.0014616741039747232,,,,0,full-DEV point estimate only; no COCO bootstrap
FULL_MINUS_MATCHABILITY_TARGET,PRIMARY,FULL,MATCHABILITY_TARGET,AP50,15,530101,0.0019772752570588192,,,,0,not computed for individual seed or full-DEV nonlinear metric
FULL_MINUS_MATCHABILITY_TARGET,PRIMARY,FULL,MATCHABILITY_TARGET,AP50,15,530102,0.0038703074827583506,,,,0,not computed for individual seed or full-DEV nonlinear metric
FULL_MINUS_MATCHABILITY_TARGET,PRIMARY,FULL,MATCHABILITY_TARGET,AP50,15,530103,0.0048646653579962895,,,,0,not computed for individual seed or full-DEV nonlinear metric
FULL_MINUS_MATCHABILITY_TARGET,PRIMARY,FULL,MATCHABILITY_TARGET,AP50,15,THREE_SEED_MEAN,0.0035707493659378198,,,,0,full-DEV point estimate only; no COCO bootstrap
FULL_MINUS_MATCHABILITY_TARGET,PRIMARY,FULL,MATCHABILITY_TARGET,AP50,20,530101,0.003199310199728689,,,,0,not computed for individual seed or full-DEV nonlinear metric
FULL_MINUS_MATCHABILITY_TARGET,PRIMARY,FULL,MATCHABILITY_TARGET,AP50,20,530102,0.0018610101494382358,,,,0,not computed for individual seed or full-DEV nonlinear metric
FULL_MINUS_MATCHABILITY_TARGET,PRIMARY,FULL,MATCHABILITY_TARGET,AP50,20,530103,0.0027115107730658616,,,,0,not computed for individual seed or full-DEV nonlinear metric
FULL_MINUS_MATCHABILITY_TARGET,PRIMARY,FULL,MATCHABILITY_TARGET,AP50,20,THREE_SEED_MEAN,0.0025906103740775954,,,,0,full-DEV point estimate only; no COCO bootstrap
FULL_MINUS_MATCHABILITY_TARGET,PRIMARY,FULL,MATCHABILITY_TARGET,AP50,30,530101,0.0005534553829295019,,,,0,not computed for individual seed or full-DEV nonlinear metric
FULL_MINUS_MATCHABILITY_TARGET,PRIMARY,FULL,MATCHABILITY_TARGET,AP50,30,530102,0.0013763636219076836,,,,0,not computed for individual seed or full-DEV nonlinear metric
FULL_MINUS_MATCHABILITY_TARGET,PRIMARY,FULL,MATCHABILITY_TARGET,AP50,30,530103,0.0017465014857752093,,,,0,not computed for individual seed or full-DEV nonlinear metric
FULL_MINUS_MATCHABILITY_TARGET,PRIMARY,FULL,MATCHABILITY_TARGET,AP50,30,THREE_SEED_MEAN,0.001225440163537465,,,,0,full-DEV point estimate only; no COCO bootstrap
FULL_MINUS_MATCHABILITY_TARGET,PRIMARY,FULL,MATCHABILITY_TARGET,AP50,40,530101,-0.00021038034283393792,,,,0,not computed for individual seed or full-DEV nonlinear metric
FULL_MINUS_MATCHABILITY_TARGET,PRIMARY,FULL,MATCHABILITY_TARGET,AP50,40,530102,-0.00005217231703746883,,,,0,not computed for individual seed or full-DEV nonlinear metric
FULL_MINUS_MATCHABILITY_TARGET,PRIMARY,FULL,MATCHABILITY_TARGET,AP50,40,530103,0.0004508540054289356,,,,0,not computed for individual seed or full-DEV nonlinear metric
FULL_MINUS_MATCHABILITY_TARGET,PRIMARY,FULL,MATCHABILITY_TARGET,AP50,40,THREE_SEED_MEAN,0.00006276711518584295,,,,0,full-DEV point estimate only; no COCO bootstrap
FULL_MINUS_MATCHABILITY_TARGET,PRIMARY,FULL,MATCHABILITY_TARGET,AP50,CORE_10_15_20,530101,0.0019312000075538498,,,,0,not computed for individual seed or full-DEV nonlinear metric
FULL_MINUS_MATCHABILITY_TARGET,PRIMARY,FULL,MATCHABILITY_TARGET,AP50,CORE_10_15_20,530102,0.002629832809079894,,,,0,not computed for individual seed or full-DEV nonlinear metric
FULL_MINUS_MATCHABILITY_TARGET,PRIMARY,FULL,MATCHABILITY_TARGET,AP50,CORE_10_15_20,530103,0.0030620010273563945,,,,0,not computed for individual seed or full-DEV nonlinear metric
FULL_MINUS_MATCHABILITY_TARGET,PRIMARY,FULL,MATCHABILITY_TARGET,AP50,CORE_10_15_20,THREE_SEED_MEAN,0.0025410112813300458,,,,0,full-DEV point estimate only; no COCO bootstrap
FULL_MINUS_MATCHABILITY_TARGET,PRIMARY,FULL,MATCHABILITY_TARGET,AP75,10,530101,-0.00042153540708164683,,,,0,not computed for individual seed or full-DEV nonlinear metric
FULL_MINUS_MATCHABILITY_TARGET,PRIMARY,FULL,MATCHABILITY_TARGET,AP75,10,530102,0.0006241702834889618,,,,0,not computed for individual seed or full-DEV nonlinear metric
FULL_MINUS_MATCHABILITY_TARGET,PRIMARY,FULL,MATCHABILITY_TARGET,AP75,10,530103,0.00011834169797170224,,,,0,not computed for individual seed or full-DEV nonlinear metric
FULL_MINUS_MATCHABILITY_TARGET,PRIMARY,FULL,MATCHABILITY_TARGET,AP75,10,THREE_SEED_MEAN,0.00010699219145967238,,,,0,full-DEV point estimate only; no COCO bootstrap
FULL_MINUS_MATCHABILITY_TARGET,PRIMARY,FULL,MATCHABILITY_TARGET,AP75,15,530101,-0.0005865469631979869,,,,0,not computed for individual seed or full-DEV nonlinear metric
FULL_MINUS_MATCHABILITY_TARGET,PRIMARY,FULL,MATCHABILITY_TARGET,AP75,15,530102,-0.00020634433380142814,,,,0,not computed for individual seed or full-DEV nonlinear metric
FULL_MINUS_MATCHABILITY_TARGET,PRIMARY,FULL,MATCHABILITY_TARGET,AP75,15,530103,0.00034180245483000915,,,,0,not computed for individual seed or full-DEV nonlinear metric
FULL_MINUS_MATCHABILITY_TARGET,PRIMARY,FULL,MATCHABILITY_TARGET,AP75,15,THREE_SEED_MEAN,-0.00015036294738980197,,,,0,full-DEV point estimate only; no COCO bootstrap
FULL_MINUS_MATCHABILITY_TARGET,PRIMARY,FULL,MATCHABILITY_TARGET,AP75,20,530101,-0.00014146290262515016,,,,0,not computed for individual seed or full-DEV nonlinear metric
FULL_MINUS_MATCHABILITY_TARGET,PRIMARY,FULL,MATCHABILITY_TARGET,AP75,20,530102,0.0007097498301732175,,,,0,not computed for individual seed or full-DEV nonlinear metric
FULL_MINUS_MATCHABILITY_TARGET,PRIMARY,FULL,MATCHABILITY_TARGET,AP75,20,530103,0.00028237499710545566,,,,0,not computed for individual seed or full-DEV nonlinear metric
FULL_MINUS_MATCHABILITY_TARGET,PRIMARY,FULL,MATCHABILITY_TARGET,AP75,20,THREE_SEED_MEAN,0.0002835539748845077,,,,0,full-DEV point estimate only; no COCO bootstrap
FULL_MINUS_MATCHABILITY_TARGET,PRIMARY,FULL,MATCHABILITY_TARGET,AP75,30,530101,0.000250641797334028,,,,0,not computed for individual seed or full-DEV nonlinear metric
FULL_MINUS_MATCHABILITY_TARGET,PRIMARY,FULL,MATCHABILITY_TARGET,AP75,30,530102,0.00007857382305470617,,,,0,not computed for individual seed or full-DEV nonlinear metric
FULL_MINUS_MATCHABILITY_TARGET,PRIMARY,FULL,MATCHABILITY_TARGET,AP75,30,530103,0.00015354551704774289,,,,0,not computed for individual seed or full-DEV nonlinear metric
FULL_MINUS_MATCHABILITY_TARGET,PRIMARY,FULL,MATCHABILITY_TARGET,AP75,30,THREE_SEED_MEAN,0.00016092037914549237,,,,0,full-DEV point estimate only; no COCO bootstrap
FULL_MINUS_MATCHABILITY_TARGET,PRIMARY,FULL,MATCHABILITY_TARGET,AP75,40,530101,-0.00014135461915426584,,,,0,not computed for individual seed or full-DEV nonlinear metric
FULL_MINUS_MATCHABILITY_TARGET,PRIMARY,FULL,MATCHABILITY_TARGET,AP75,40,530102,-0.000005428451118755229,,,,0,not computed for individual seed or full-DEV nonlinear metric
FULL_MINUS_MATCHABILITY_TARGET,PRIMARY,FULL,MATCHABILITY_TARGET,AP75,40,530103,-0.000023059938436431615,,,,0,not computed for individual seed or full-DEV nonlinear metric
FULL_MINUS_MATCHABILITY_TARGET,PRIMARY,FULL,MATCHABILITY_TARGET,AP75,40,THREE_SEED_MEAN,-0.00005661433623648423,,,,0,full-DEV point estimate only; no COCO bootstrap
FULL_MINUS_MATCHABILITY_TARGET,PRIMARY,FULL,MATCHABILITY_TARGET,AP75,CORE_10_15_20,530101,-0.00038318175763492796,,,,0,not computed for individual seed or full-DEV nonlinear metric
FULL_MINUS_MATCHABILITY_TARGET,PRIMARY,FULL,MATCHABILITY_TARGET,AP75,CORE_10_15_20,530102,0.000375858593286917,,,,0,not computed for individual seed or full-DEV nonlinear metric
FULL_MINUS_MATCHABILITY_TARGET,PRIMARY,FULL,MATCHABILITY_TARGET,AP75,CORE_10_15_20,530103,0.000247506383302389,,,,0,not computed for individual seed or full-DEV nonlinear metric
FULL_MINUS_MATCHABILITY_TARGET,PRIMARY,FULL,MATCHABILITY_TARGET,AP75,CORE_10_15_20,THREE_SEED_MEAN,0.00008006107298479268,,,,0,full-DEV point estimate only; no COCO bootstrap
FULL_MINUS_MATCHABILITY_TARGET,PRIMARY,FULL,MATCHABILITY_TARGET,AR100,10,530101,-0.002246885312586988,,,,0,not computed for individual seed or full-DEV nonlinear metric
FULL_MINUS_MATCHABILITY_TARGET,PRIMARY,FULL,MATCHABILITY_TARGET,AR100,10,530102,0.0015711174326164257,,,,0,not computed for individual seed or full-DEV nonlinear metric
FULL_MINUS_MATCHABILITY_TARGET,PRIMARY,FULL,MATCHABILITY_TARGET,AR100,10,530103,0.00020605794071398842,,,,0,not computed for individual seed or full-DEV nonlinear metric
FULL_MINUS_MATCHABILITY_TARGET,PRIMARY,FULL,MATCHABILITY_TARGET,AR100,10,THREE_SEED_MEAN,-0.00015656997975219134,,,,0,full-DEV point estimate only; no COCO bootstrap
FULL_MINUS_MATCHABILITY_TARGET,PRIMARY,FULL,MATCHABILITY_TARGET,AR100,15,530101,0.00017983610912425396,,,,0,not computed for individual seed or full-DEV nonlinear metric
FULL_MINUS_MATCHABILITY_TARGET,PRIMARY,FULL,MATCHABILITY_TARGET,AR100,15,530102,0.004453418530076969,,,,0,not computed for individual seed or full-DEV nonlinear metric
FULL_MINUS_MATCHABILITY_TARGET,PRIMARY,FULL,MATCHABILITY_TARGET,AR100,15,530103,0.004631089557440404,,,,0,not computed for individual seed or full-DEV nonlinear metric
FULL_MINUS_MATCHABILITY_TARGET,PRIMARY,FULL,MATCHABILITY_TARGET,AR100,15,THREE_SEED_MEAN,0.0030881147322138758,,,,0,full-DEV point estimate only; no COCO bootstrap
FULL_MINUS_MATCHABILITY_TARGET,PRIMARY,FULL,MATCHABILITY_TARGET,AR100,20,530101,-0.000049680635774429494,,,,0,not computed for individual seed or full-DEV nonlinear metric
FULL_MINUS_MATCHABILITY_TARGET,PRIMARY,FULL,MATCHABILITY_TARGET,AR100,20,530102,0.0024419363206349964,,,,0,not computed for individual seed or full-DEV nonlinear metric
FULL_MINUS_MATCHABILITY_TARGET,PRIMARY,FULL,MATCHABILITY_TARGET,AR100,20,530103,0.0007684631408180209,,,,0,not computed for individual seed or full-DEV nonlinear metric
FULL_MINUS_MATCHABILITY_TARGET,PRIMARY,FULL,MATCHABILITY_TARGET,AR100,20,THREE_SEED_MEAN,0.0010535729418928625,,,,0,full-DEV point estimate only; no COCO bootstrap
FULL_MINUS_MATCHABILITY_TARGET,PRIMARY,FULL,MATCHABILITY_TARGET,AR100,30,530101,0.0018586646830477949,,,,0,not computed for individual seed or full-DEV nonlinear metric
FULL_MINUS_MATCHABILITY_TARGET,PRIMARY,FULL,MATCHABILITY_TARGET,AR100,30,530102,0.002204421194244355,,,,0,not computed for individual seed or full-DEV nonlinear metric
FULL_MINUS_MATCHABILITY_TARGET,PRIMARY,FULL,MATCHABILITY_TARGET,AR100,30,530103,0.003092757232876331,,,,0,not computed for individual seed or full-DEV nonlinear metric
FULL_MINUS_MATCHABILITY_TARGET,PRIMARY,FULL,MATCHABILITY_TARGET,AR100,30,THREE_SEED_MEAN,0.002385281036722827,,,,0,full-DEV point estimate only; no COCO bootstrap
FULL_MINUS_MATCHABILITY_TARGET,PRIMARY,FULL,MATCHABILITY_TARGET,AR100,40,530101,0.00031490832634778476,,,,0,not computed for individual seed or full-DEV nonlinear metric
FULL_MINUS_MATCHABILITY_TARGET,PRIMARY,FULL,MATCHABILITY_TARGET,AR100,40,530102,0.0005780403255454813,,,,0,not computed for individual seed or full-DEV nonlinear metric
FULL_MINUS_MATCHABILITY_TARGET,PRIMARY,FULL,MATCHABILITY_TARGET,AR100,40,530103,-0.00010767129018257604,,,,0,not computed for individual seed or full-DEV nonlinear metric
FULL_MINUS_MATCHABILITY_TARGET,PRIMARY,FULL,MATCHABILITY_TARGET,AR100,40,THREE_SEED_MEAN,0.00026175912057023004,,,,0,full-DEV point estimate only; no COCO bootstrap
FULL_MINUS_MATCHABILITY_TARGET,PRIMARY,FULL,MATCHABILITY_TARGET,AR100,CORE_10_15_20,530101,-0.0007055766130790545,,,,0,not computed for individual seed or full-DEV nonlinear metric
FULL_MINUS_MATCHABILITY_TARGET,PRIMARY,FULL,MATCHABILITY_TARGET,AR100,CORE_10_15_20,530102,0.0028221574277761305,,,,0,not computed for individual seed or full-DEV nonlinear metric
FULL_MINUS_MATCHABILITY_TARGET,PRIMARY,FULL,MATCHABILITY_TARGET,AR100,CORE_10_15_20,530103,0.0018685368796574713,,,,0,not computed for individual seed or full-DEV nonlinear metric
FULL_MINUS_MATCHABILITY_TARGET,PRIMARY,FULL,MATCHABILITY_TARGET,AR100,CORE_10_15_20,THREE_SEED_MEAN,0.0013283725647848493,,,,0,full-DEV point estimate only; no COCO bootstrap
FULL_DP_MINUS_NEXT_SLOT_GREEDY,PRIMARY,FULL,NEXT_SLOT_GREEDY,coverage_per_image,10,530101,0.14699999999999996,,,,0,not computed for individual seed or full-DEV nonlinear metric
FULL_DP_MINUS_NEXT_SLOT_GREEDY,PRIMARY,FULL,NEXT_SLOT_GREEDY,coverage_per_image,10,530102,0.1445,,,,0,not computed for individual seed or full-DEV nonlinear metric
FULL_DP_MINUS_NEXT_SLOT_GREEDY,PRIMARY,FULL,NEXT_SLOT_GREEDY,coverage_per_image,10,530103,0.16299999999999998,,,,0,not computed for individual seed or full-DEV nonlinear metric
FULL_DP_MINUS_NEXT_SLOT_GREEDY,PRIMARY,FULL,NEXT_SLOT_GREEDY,coverage_per_image,10,THREE_SEED_MEAN,0.1515,0.10682916666666663,0.19399999999999998,1,5000,"50 frozen 40-image groups, paired resampling"
FULL_DP_MINUS_NEXT_SLOT_GREEDY,PRIMARY,FULL,NEXT_SLOT_GREEDY,coverage_per_image,15,530101,0.6675000000000001,,,,0,not computed for individual seed or full-DEV nonlinear metric
FULL_DP_MINUS_NEXT_SLOT_GREEDY,PRIMARY,FULL,NEXT_SLOT_GREEDY,coverage_per_image,15,530102,0.6185,,,,0,not computed for individual seed or full-DEV nonlinear metric
FULL_DP_MINUS_NEXT_SLOT_GREEDY,PRIMARY,FULL,NEXT_SLOT_GREEDY,coverage_per_image,15,530103,0.6510000000000001,,,,0,not computed for individual seed or full-DEV nonlinear metric
FULL_DP_MINUS_NEXT_SLOT_GREEDY,PRIMARY,FULL,NEXT_SLOT_GREEDY,coverage_per_image,15,THREE_SEED_MEAN,0.6456666666666667,0.5770000000000001,0.7126708333333334,1,5000,"50 frozen 40-image groups, paired resampling"
FULL_DP_MINUS_NEXT_SLOT_GREEDY,PRIMARY,FULL,NEXT_SLOT_GREEDY,coverage_per_image,20,530101,0.8925000000000002,,,,0,not computed for individual seed or full-DEV nonlinear metric
FULL_DP_MINUS_NEXT_SLOT_GREEDY,PRIMARY,FULL,NEXT_SLOT_GREEDY,coverage_per_image,20,530102,0.868,,,,0,not computed for individual seed or full-DEV nonlinear metric
FULL_DP_MINUS_NEXT_SLOT_GREEDY,PRIMARY,FULL,NEXT_SLOT_GREEDY,coverage_per_image,20,530103,0.9025000000000002,,,,0,not computed for individual seed or full-DEV nonlinear metric
FULL_DP_MINUS_NEXT_SLOT_GREEDY,PRIMARY,FULL,NEXT_SLOT_GREEDY,coverage_per_image,20,THREE_SEED_MEAN,0.8876666666666667,0.8074958333333333,0.9660041666666667,1,5000,"50 frozen 40-image groups, paired resampling"
FULL_DP_MINUS_NEXT_SLOT_GREEDY,PRIMARY,FULL,NEXT_SLOT_GREEDY,coverage_per_image,30,530101,0.7735000000000001,,,,0,not computed for individual seed or full-DEV nonlinear metric
FULL_DP_MINUS_NEXT_SLOT_GREEDY,PRIMARY,FULL,NEXT_SLOT_GREEDY,coverage_per_image,30,530102,0.7575000000000002,,,,0,not computed for individual seed or full-DEV nonlinear metric
FULL_DP_MINUS_NEXT_SLOT_GREEDY,PRIMARY,FULL,NEXT_SLOT_GREEDY,coverage_per_image,30,530103,0.7304999999999999,,,,0,not computed for individual seed or full-DEV nonlinear metric
FULL_DP_MINUS_NEXT_SLOT_GREEDY,PRIMARY,FULL,NEXT_SLOT_GREEDY,coverage_per_image,30,THREE_SEED_MEAN,0.7538333333333332,0.6959958333333333,0.8106708333333333,1,5000,"50 frozen 40-image groups, paired resampling"
FULL_DP_MINUS_NEXT_SLOT_GREEDY,PRIMARY,FULL,NEXT_SLOT_GREEDY,coverage_per_image,40,530101,0.34550000000000014,,,,0,not computed for individual seed or full-DEV nonlinear metric
FULL_DP_MINUS_NEXT_SLOT_GREEDY,PRIMARY,FULL,NEXT_SLOT_GREEDY,coverage_per_image,40,530102,0.38149999999999984,,,,0,not computed for individual seed or full-DEV nonlinear metric
FULL_DP_MINUS_NEXT_SLOT_GREEDY,PRIMARY,FULL,NEXT_SLOT_GREEDY,coverage_per_image,40,530103,0.33299999999999996,,,,0,not computed for individual seed or full-DEV nonlinear metric
FULL_DP_MINUS_NEXT_SLOT_GREEDY,PRIMARY,FULL,NEXT_SLOT_GREEDY,coverage_per_image,40,THREE_SEED_MEAN,0.35333333333333333,0.3138333333333334,0.39317083333333336,1,5000,"50 frozen 40-image groups, paired resampling"
FULL_DP_MINUS_NEXT_SLOT_GREEDY,PRIMARY,FULL,NEXT_SLOT_GREEDY,coverage_per_image,CORE_10_15_20,530101,0.569,,,,0,not computed for individual seed or full-DEV nonlinear metric
FULL_DP_MINUS_NEXT_SLOT_GREEDY,PRIMARY,FULL,NEXT_SLOT_GREEDY,coverage_per_image,CORE_10_15_20,530102,0.5436666666666667,,,,0,not computed for individual seed or full-DEV nonlinear metric
FULL_DP_MINUS_NEXT_SLOT_GREEDY,PRIMARY,FULL,NEXT_SLOT_GREEDY,coverage_per_image,CORE_10_15_20,530103,0.5721666666666667,,,,0,not computed for individual seed or full-DEV nonlinear metric
FULL_DP_MINUS_NEXT_SLOT_GREEDY,PRIMARY,FULL,NEXT_SLOT_GREEDY,coverage_per_image,CORE_10_15_20,THREE_SEED_MEAN,0.5616111111111112,0.5099444444444444,0.6127805555555556,1,5000,"50 frozen 40-image groups, paired resampling"
FULL_DP_MINUS_NEXT_SLOT_GREEDY,PRIMARY,FULL,NEXT_SLOT_GREEDY,quality_per_image,10,530101,0.19161737655854416,,,,0,not computed for individual seed or full-DEV nonlinear metric
FULL_DP_MINUS_NEXT_SLOT_GREEDY,PRIMARY,FULL,NEXT_SLOT_GREEDY,quality_per_image,10,530102,0.2014722332503104,,,,0,not computed for individual seed or full-DEV nonlinear metric
FULL_DP_MINUS_NEXT_SLOT_GREEDY,PRIMARY,FULL,NEXT_SLOT_GREEDY,quality_per_image,10,530103,0.20096329946530617,,,,0,not computed for individual seed or full-DEV nonlinear metric
FULL_DP_MINUS_NEXT_SLOT_GREEDY,PRIMARY,FULL,NEXT_SLOT_GREEDY,quality_per_image,10,THREE_SEED_MEAN,0.19801763642472023,0.16652292746052344,0.22922201194474512,1,5000,"50 frozen 40-image groups, paired resampling"
FULL_DP_MINUS_NEXT_SLOT_GREEDY,PRIMARY,FULL,NEXT_SLOT_GREEDY,quality_per_image,15,530101,0.4131654621440702,,,,0,not computed for individual seed or full-DEV nonlinear metric
FULL_DP_MINUS_NEXT_SLOT_GREEDY,PRIMARY,FULL,NEXT_SLOT_GREEDY,quality_per_image,15,530102,0.39694143373815416,,,,0,not computed for individual seed or full-DEV nonlinear metric
FULL_DP_MINUS_NEXT_SLOT_GREEDY,PRIMARY,FULL,NEXT_SLOT_GREEDY,quality_per_image,15,530103,0.4033106362725984,,,,0,not computed for individual seed or full-DEV nonlinear metric
FULL_DP_MINUS_NEXT_SLOT_GREEDY,PRIMARY,FULL,NEXT_SLOT_GREEDY,quality_per_image,15,THREE_SEED_MEAN,0.4044725107182743,0.36159233714076605,0.44524933341409423,1,5000,"50 frozen 40-image groups, paired resampling"
FULL_DP_MINUS_NEXT_SLOT_GREEDY,PRIMARY,FULL,NEXT_SLOT_GREEDY,quality_per_image,20,530101,0.5119689880490307,,,,0,not computed for individual seed or full-DEV nonlinear metric
FULL_DP_MINUS_NEXT_SLOT_GREEDY,PRIMARY,FULL,NEXT_SLOT_GREEDY,quality_per_image,20,530102,0.5089149116377669,,,,0,not computed for individual seed or full-DEV nonlinear metric
FULL_DP_MINUS_NEXT_SLOT_GREEDY,PRIMARY,FULL,NEXT_SLOT_GREEDY,quality_per_image,20,530103,0.5128553099778117,,,,0,not computed for individual seed or full-DEV nonlinear metric
FULL_DP_MINUS_NEXT_SLOT_GREEDY,PRIMARY,FULL,NEXT_SLOT_GREEDY,quality_per_image,20,THREE_SEED_MEAN,0.5112464032215364,0.4613451725588283,0.5599127315379512,1,5000,"50 frozen 40-image groups, paired resampling"
FULL_DP_MINUS_NEXT_SLOT_GREEDY,PRIMARY,FULL,NEXT_SLOT_GREEDY,quality_per_image,30,530101,0.3867004290380342,,,,0,not computed for individual seed or full-DEV nonlinear metric
FULL_DP_MINUS_NEXT_SLOT_GREEDY,PRIMARY,FULL,NEXT_SLOT_GREEDY,quality_per_image,30,530102,0.36985209684189685,,,,0,not computed for individual seed or full-DEV nonlinear metric
FULL_DP_MINUS_NEXT_SLOT_GREEDY,PRIMARY,FULL,NEXT_SLOT_GREEDY,quality_per_image,30,530103,0.35096508715211505,,,,0,not computed for individual seed or full-DEV nonlinear metric
FULL_DP_MINUS_NEXT_SLOT_GREEDY,PRIMARY,FULL,NEXT_SLOT_GREEDY,quality_per_image,30,THREE_SEED_MEAN,0.3691725376773487,0.3366129087507414,0.4010300473247625,1,5000,"50 frozen 40-image groups, paired resampling"
FULL_DP_MINUS_NEXT_SLOT_GREEDY,PRIMARY,FULL,NEXT_SLOT_GREEDY,quality_per_image,40,530101,0.1554942826696611,,,,0,not computed for individual seed or full-DEV nonlinear metric
FULL_DP_MINUS_NEXT_SLOT_GREEDY,PRIMARY,FULL,NEXT_SLOT_GREEDY,quality_per_image,40,530102,0.1727367778555501,,,,0,not computed for individual seed or full-DEV nonlinear metric
FULL_DP_MINUS_NEXT_SLOT_GREEDY,PRIMARY,FULL,NEXT_SLOT_GREEDY,quality_per_image,40,530103,0.14567829365151336,,,,0,not computed for individual seed or full-DEV nonlinear metric
FULL_DP_MINUS_NEXT_SLOT_GREEDY,PRIMARY,FULL,NEXT_SLOT_GREEDY,quality_per_image,40,THREE_SEED_MEAN,0.15796978472557485,0.13970575381264336,0.17754065878751535,1,5000,"50 frozen 40-image groups, paired resampling"
FULL_DP_MINUS_NEXT_SLOT_GREEDY,PRIMARY,FULL,NEXT_SLOT_GREEDY,quality_per_image,CORE_10_15_20,530101,0.37225060891721506,,,,0,not computed for individual seed or full-DEV nonlinear metric
FULL_DP_MINUS_NEXT_SLOT_GREEDY,PRIMARY,FULL,NEXT_SLOT_GREEDY,quality_per_image,CORE_10_15_20,530102,0.36910952620874377,,,,0,not computed for individual seed or full-DEV nonlinear metric
FULL_DP_MINUS_NEXT_SLOT_GREEDY,PRIMARY,FULL,NEXT_SLOT_GREEDY,quality_per_image,CORE_10_15_20,530103,0.37237641523857207,,,,0,not computed for individual seed or full-DEV nonlinear metric
FULL_DP_MINUS_NEXT_SLOT_GREEDY,PRIMARY,FULL,NEXT_SLOT_GREEDY,quality_per_image,CORE_10_15_20,THREE_SEED_MEAN,0.37124551678817697,0.3340266664562513,0.4057140127454084,1,5000,"50 frozen 40-image groups, paired resampling"
FULL_DP_MINUS_NEXT_SLOT_GREEDY,PRIMARY,FULL,NEXT_SLOT_GREEDY,AP,10,530101,0.007383494642177468,,,,0,not computed for individual seed or full-DEV nonlinear metric
FULL_DP_MINUS_NEXT_SLOT_GREEDY,PRIMARY,FULL,NEXT_SLOT_GREEDY,AP,10,530102,0.008386738477979022,,,,0,not computed for individual seed or full-DEV nonlinear metric
FULL_DP_MINUS_NEXT_SLOT_GREEDY,PRIMARY,FULL,NEXT_SLOT_GREEDY,AP,10,530103,0.008784801164536199,,,,0,not computed for individual seed or full-DEV nonlinear metric
FULL_DP_MINUS_NEXT_SLOT_GREEDY,PRIMARY,FULL,NEXT_SLOT_GREEDY,AP,10,THREE_SEED_MEAN,0.008185011428230896,,,,0,full-DEV point estimate only; no COCO bootstrap
FULL_DP_MINUS_NEXT_SLOT_GREEDY,PRIMARY,FULL,NEXT_SLOT_GREEDY,AP,15,530101,0.010548764008183137,,,,0,not computed for individual seed or full-DEV nonlinear metric
FULL_DP_MINUS_NEXT_SLOT_GREEDY,PRIMARY,FULL,NEXT_SLOT_GREEDY,AP,15,530102,0.01075891836489723,,,,0,not computed for individual seed or full-DEV nonlinear metric
FULL_DP_MINUS_NEXT_SLOT_GREEDY,PRIMARY,FULL,NEXT_SLOT_GREEDY,AP,15,530103,0.01056932376576833,,,,0,not computed for individual seed or full-DEV nonlinear metric
FULL_DP_MINUS_NEXT_SLOT_GREEDY,PRIMARY,FULL,NEXT_SLOT_GREEDY,AP,15,THREE_SEED_MEAN,0.010625668712949565,,,,0,full-DEV point estimate only; no COCO bootstrap
FULL_DP_MINUS_NEXT_SLOT_GREEDY,PRIMARY,FULL,NEXT_SLOT_GREEDY,AP,20,530101,0.011322555270747409,,,,0,not computed for individual seed or full-DEV nonlinear metric
FULL_DP_MINUS_NEXT_SLOT_GREEDY,PRIMARY,FULL,NEXT_SLOT_GREEDY,AP,20,530102,0.011358714585875729,,,,0,not computed for individual seed or full-DEV nonlinear metric
FULL_DP_MINUS_NEXT_SLOT_GREEDY,PRIMARY,FULL,NEXT_SLOT_GREEDY,AP,20,530103,0.011930939930185847,,,,0,not computed for individual seed or full-DEV nonlinear metric
FULL_DP_MINUS_NEXT_SLOT_GREEDY,PRIMARY,FULL,NEXT_SLOT_GREEDY,AP,20,THREE_SEED_MEAN,0.01153740326226966,,,,0,full-DEV point estimate only; no COCO bootstrap
FULL_DP_MINUS_NEXT_SLOT_GREEDY,PRIMARY,FULL,NEXT_SLOT_GREEDY,AP,30,530101,0.006516782245400393,,,,0,not computed for individual seed or full-DEV nonlinear metric
FULL_DP_MINUS_NEXT_SLOT_GREEDY,PRIMARY,FULL,NEXT_SLOT_GREEDY,AP,30,530102,0.00632688126818437,,,,0,not computed for individual seed or full-DEV nonlinear metric
FULL_DP_MINUS_NEXT_SLOT_GREEDY,PRIMARY,FULL,NEXT_SLOT_GREEDY,AP,30,530103,0.005780858298744473,,,,0,not computed for individual seed or full-DEV nonlinear metric
FULL_DP_MINUS_NEXT_SLOT_GREEDY,PRIMARY,FULL,NEXT_SLOT_GREEDY,AP,30,THREE_SEED_MEAN,0.006208173937443079,,,,0,full-DEV point estimate only; no COCO bootstrap
FULL_DP_MINUS_NEXT_SLOT_GREEDY,PRIMARY,FULL,NEXT_SLOT_GREEDY,AP,40,530101,0.0017483890102102662,,,,0,not computed for individual seed or full-DEV nonlinear metric
FULL_DP_MINUS_NEXT_SLOT_GREEDY,PRIMARY,FULL,NEXT_SLOT_GREEDY,AP,40,530102,0.0020097074745062393,,,,0,not computed for individual seed or full-DEV nonlinear metric
FULL_DP_MINUS_NEXT_SLOT_GREEDY,PRIMARY,FULL,NEXT_SLOT_GREEDY,AP,40,530103,0.001667907645828276,,,,0,not computed for individual seed or full-DEV nonlinear metric
FULL_DP_MINUS_NEXT_SLOT_GREEDY,PRIMARY,FULL,NEXT_SLOT_GREEDY,AP,40,THREE_SEED_MEAN,0.0018086680435149272,,,,0,full-DEV point estimate only; no COCO bootstrap
FULL_DP_MINUS_NEXT_SLOT_GREEDY,PRIMARY,FULL,NEXT_SLOT_GREEDY,AP,CORE_10_15_20,530101,0.009751604640369338,,,,0,not computed for individual seed or full-DEV nonlinear metric
FULL_DP_MINUS_NEXT_SLOT_GREEDY,PRIMARY,FULL,NEXT_SLOT_GREEDY,AP,CORE_10_15_20,530102,0.010168123809583993,,,,0,not computed for individual seed or full-DEV nonlinear metric
FULL_DP_MINUS_NEXT_SLOT_GREEDY,PRIMARY,FULL,NEXT_SLOT_GREEDY,AP,CORE_10_15_20,530103,0.010428354953496791,,,,0,not computed for individual seed or full-DEV nonlinear metric
FULL_DP_MINUS_NEXT_SLOT_GREEDY,PRIMARY,FULL,NEXT_SLOT_GREEDY,AP,CORE_10_15_20,THREE_SEED_MEAN,0.01011602780115004,,,,0,full-DEV point estimate only; no COCO bootstrap
FULL_DP_MINUS_NEXT_SLOT_GREEDY,PRIMARY,FULL,NEXT_SLOT_GREEDY,AP50,10,530101,0.01313829737271846,,,,0,not computed for individual seed or full-DEV nonlinear metric
FULL_DP_MINUS_NEXT_SLOT_GREEDY,PRIMARY,FULL,NEXT_SLOT_GREEDY,AP50,10,530102,0.014790609978258706,,,,0,not computed for individual seed or full-DEV nonlinear metric
FULL_DP_MINUS_NEXT_SLOT_GREEDY,PRIMARY,FULL,NEXT_SLOT_GREEDY,AP50,10,530103,0.016504928662157692,,,,0,not computed for individual seed or full-DEV nonlinear metric
FULL_DP_MINUS_NEXT_SLOT_GREEDY,PRIMARY,FULL,NEXT_SLOT_GREEDY,AP50,10,THREE_SEED_MEAN,0.014811278671044953,,,,0,full-DEV point estimate only; no COCO bootstrap
FULL_DP_MINUS_NEXT_SLOT_GREEDY,PRIMARY,FULL,NEXT_SLOT_GREEDY,AP50,15,530101,0.023899336676052874,,,,0,not computed for individual seed or full-DEV nonlinear metric
FULL_DP_MINUS_NEXT_SLOT_GREEDY,PRIMARY,FULL,NEXT_SLOT_GREEDY,AP50,15,530102,0.023448107748205382,,,,0,not computed for individual seed or full-DEV nonlinear metric
FULL_DP_MINUS_NEXT_SLOT_GREEDY,PRIMARY,FULL,NEXT_SLOT_GREEDY,AP50,15,530103,0.023753368162356403,,,,0,not computed for individual seed or full-DEV nonlinear metric
FULL_DP_MINUS_NEXT_SLOT_GREEDY,PRIMARY,FULL,NEXT_SLOT_GREEDY,AP50,15,THREE_SEED_MEAN,0.023700270862204886,,,,0,full-DEV point estimate only; no COCO bootstrap
FULL_DP_MINUS_NEXT_SLOT_GREEDY,PRIMARY,FULL,NEXT_SLOT_GREEDY,AP50,20,530101,0.026317958201888647,,,,0,not computed for individual seed or full-DEV nonlinear metric
FULL_DP_MINUS_NEXT_SLOT_GREEDY,PRIMARY,FULL,NEXT_SLOT_GREEDY,AP50,20,530102,0.02589787340281624,,,,0,not computed for individual seed or full-DEV nonlinear metric
FULL_DP_MINUS_NEXT_SLOT_GREEDY,PRIMARY,FULL,NEXT_SLOT_GREEDY,AP50,20,530103,0.02675774989293922,,,,0,not computed for individual seed or full-DEV nonlinear metric
FULL_DP_MINUS_NEXT_SLOT_GREEDY,PRIMARY,FULL,NEXT_SLOT_GREEDY,AP50,20,THREE_SEED_MEAN,0.026324527165881368,,,,0,full-DEV point estimate only; no COCO bootstrap
FULL_DP_MINUS_NEXT_SLOT_GREEDY,PRIMARY,FULL,NEXT_SLOT_GREEDY,AP50,30,530101,0.015030945478194113,,,,0,not computed for individual seed or full-DEV nonlinear metric
FULL_DP_MINUS_NEXT_SLOT_GREEDY,PRIMARY,FULL,NEXT_SLOT_GREEDY,AP50,30,530102,0.015287747630228776,,,,0,not computed for individual seed or full-DEV nonlinear metric
FULL_DP_MINUS_NEXT_SLOT_GREEDY,PRIMARY,FULL,NEXT_SLOT_GREEDY,AP50,30,530103,0.014278125838540323,,,,0,not computed for individual seed or full-DEV nonlinear metric
FULL_DP_MINUS_NEXT_SLOT_GREEDY,PRIMARY,FULL,NEXT_SLOT_GREEDY,AP50,30,THREE_SEED_MEAN,0.014865606315654404,,,,0,full-DEV point estimate only; no COCO bootstrap
FULL_DP_MINUS_NEXT_SLOT_GREEDY,PRIMARY,FULL,NEXT_SLOT_GREEDY,AP50,40,530101,0.004205539458597696,,,,0,not computed for individual seed or full-DEV nonlinear metric
FULL_DP_MINUS_NEXT_SLOT_GREEDY,PRIMARY,FULL,NEXT_SLOT_GREEDY,AP50,40,530102,0.004464326172001709,,,,0,not computed for individual seed or full-DEV nonlinear metric
FULL_DP_MINUS_NEXT_SLOT_GREEDY,PRIMARY,FULL,NEXT_SLOT_GREEDY,AP50,40,530103,0.004444241612465039,,,,0,not computed for individual seed or full-DEV nonlinear metric
FULL_DP_MINUS_NEXT_SLOT_GREEDY,PRIMARY,FULL,NEXT_SLOT_GREEDY,AP50,40,THREE_SEED_MEAN,0.004371369081021481,,,,0,full-DEV point estimate only; no COCO bootstrap
FULL_DP_MINUS_NEXT_SLOT_GREEDY,PRIMARY,FULL,NEXT_SLOT_GREEDY,AP50,CORE_10_15_20,530101,0.021118530750219994,,,,0,not computed for individual seed or full-DEV nonlinear metric
FULL_DP_MINUS_NEXT_SLOT_GREEDY,PRIMARY,FULL,NEXT_SLOT_GREEDY,AP50,CORE_10_15_20,530102,0.02137886370976011,,,,0,not computed for individual seed or full-DEV nonlinear metric
FULL_DP_MINUS_NEXT_SLOT_GREEDY,PRIMARY,FULL,NEXT_SLOT_GREEDY,AP50,CORE_10_15_20,530103,0.022338682239151104,,,,0,not computed for individual seed or full-DEV nonlinear metric
FULL_DP_MINUS_NEXT_SLOT_GREEDY,PRIMARY,FULL,NEXT_SLOT_GREEDY,AP50,CORE_10_15_20,THREE_SEED_MEAN,0.021612025566377067,,,,0,full-DEV point estimate only; no COCO bootstrap
FULL_DP_MINUS_NEXT_SLOT_GREEDY,PRIMARY,FULL,NEXT_SLOT_GREEDY,AP75,10,530101,0.006835938994089602,,,,0,not computed for individual seed or full-DEV nonlinear metric
FULL_DP_MINUS_NEXT_SLOT_GREEDY,PRIMARY,FULL,NEXT_SLOT_GREEDY,AP75,10,530102,0.008059842532114003,,,,0,not computed for individual seed or full-DEV nonlinear metric
FULL_DP_MINUS_NEXT_SLOT_GREEDY,PRIMARY,FULL,NEXT_SLOT_GREEDY,AP75,10,530103,0.007811912548700922,,,,0,not computed for individual seed or full-DEV nonlinear metric
FULL_DP_MINUS_NEXT_SLOT_GREEDY,PRIMARY,FULL,NEXT_SLOT_GREEDY,AP75,10,THREE_SEED_MEAN,0.007569231358301509,,,,0,full-DEV point estimate only; no COCO bootstrap
FULL_DP_MINUS_NEXT_SLOT_GREEDY,PRIMARY,FULL,NEXT_SLOT_GREEDY,AP75,15,530101,0.0074283094344586575,,,,0,not computed for individual seed or full-DEV nonlinear metric
FULL_DP_MINUS_NEXT_SLOT_GREEDY,PRIMARY,FULL,NEXT_SLOT_GREEDY,AP75,15,530102,0.008274871421041663,,,,0,not computed for individual seed or full-DEV nonlinear metric
FULL_DP_MINUS_NEXT_SLOT_GREEDY,PRIMARY,FULL,NEXT_SLOT_GREEDY,AP75,15,530103,0.008785222299886958,,,,0,not computed for individual seed or full-DEV nonlinear metric
FULL_DP_MINUS_NEXT_SLOT_GREEDY,PRIMARY,FULL,NEXT_SLOT_GREEDY,AP75,15,THREE_SEED_MEAN,0.00816280105179576,,,,0,full-DEV point estimate only; no COCO bootstrap
FULL_DP_MINUS_NEXT_SLOT_GREEDY,PRIMARY,FULL,NEXT_SLOT_GREEDY,AP75,20,530101,0.008201980575170215,,,,0,not computed for individual seed or full-DEV nonlinear metric
FULL_DP_MINUS_NEXT_SLOT_GREEDY,PRIMARY,FULL,NEXT_SLOT_GREEDY,AP75,20,530102,0.008415904099283111,,,,0,not computed for individual seed or full-DEV nonlinear metric
FULL_DP_MINUS_NEXT_SLOT_GREEDY,PRIMARY,FULL,NEXT_SLOT_GREEDY,AP75,20,530103,0.008914481767968663,,,,0,not computed for individual seed or full-DEV nonlinear metric
FULL_DP_MINUS_NEXT_SLOT_GREEDY,PRIMARY,FULL,NEXT_SLOT_GREEDY,AP75,20,THREE_SEED_MEAN,0.008510788814140663,,,,0,full-DEV point estimate only; no COCO bootstrap
FULL_DP_MINUS_NEXT_SLOT_GREEDY,PRIMARY,FULL,NEXT_SLOT_GREEDY,AP75,30,530101,0.004377647843404081,,,,0,not computed for individual seed or full-DEV nonlinear metric
FULL_DP_MINUS_NEXT_SLOT_GREEDY,PRIMARY,FULL,NEXT_SLOT_GREEDY,AP75,30,530102,0.003906871551369401,,,,0,not computed for individual seed or full-DEV nonlinear metric
FULL_DP_MINUS_NEXT_SLOT_GREEDY,PRIMARY,FULL,NEXT_SLOT_GREEDY,AP75,30,530103,0.003498560960323832,,,,0,not computed for individual seed or full-DEV nonlinear metric
FULL_DP_MINUS_NEXT_SLOT_GREEDY,PRIMARY,FULL,NEXT_SLOT_GREEDY,AP75,30,THREE_SEED_MEAN,0.003927693451699105,,,,0,full-DEV point estimate only; no COCO bootstrap
FULL_DP_MINUS_NEXT_SLOT_GREEDY,PRIMARY,FULL,NEXT_SLOT_GREEDY,AP75,40,530101,0.0013822344501478179,,,,0,not computed for individual seed or full-DEV nonlinear metric
FULL_DP_MINUS_NEXT_SLOT_GREEDY,PRIMARY,FULL,NEXT_SLOT_GREEDY,AP75,40,530102,0.0015127977325655184,,,,0,not computed for individual seed or full-DEV nonlinear metric
FULL_DP_MINUS_NEXT_SLOT_GREEDY,PRIMARY,FULL,NEXT_SLOT_GREEDY,AP75,40,530103,0.0013983776159634531,,,,0,not computed for individual seed or full-DEV nonlinear metric
FULL_DP_MINUS_NEXT_SLOT_GREEDY,PRIMARY,FULL,NEXT_SLOT_GREEDY,AP75,40,THREE_SEED_MEAN,0.0014311365995589298,,,,0,full-DEV point estimate only; no COCO bootstrap
FULL_DP_MINUS_NEXT_SLOT_GREEDY,PRIMARY,FULL,NEXT_SLOT_GREEDY,AP75,CORE_10_15_20,530101,0.007488743001239491,,,,0,not computed for individual seed or full-DEV nonlinear metric
FULL_DP_MINUS_NEXT_SLOT_GREEDY,PRIMARY,FULL,NEXT_SLOT_GREEDY,AP75,CORE_10_15_20,530102,0.008250206017479592,,,,0,not computed for individual seed or full-DEV nonlinear metric
FULL_DP_MINUS_NEXT_SLOT_GREEDY,PRIMARY,FULL,NEXT_SLOT_GREEDY,AP75,CORE_10_15_20,530103,0.008503872205518848,,,,0,not computed for individual seed or full-DEV nonlinear metric
FULL_DP_MINUS_NEXT_SLOT_GREEDY,PRIMARY,FULL,NEXT_SLOT_GREEDY,AP75,CORE_10_15_20,THREE_SEED_MEAN,0.00808094040807931,,,,0,full-DEV point estimate only; no COCO bootstrap
FULL_DP_MINUS_NEXT_SLOT_GREEDY,PRIMARY,FULL,NEXT_SLOT_GREEDY,AR100,10,530101,0.014823398315209346,,,,0,not computed for individual seed or full-DEV nonlinear metric
FULL_DP_MINUS_NEXT_SLOT_GREEDY,PRIMARY,FULL,NEXT_SLOT_GREEDY,AR100,10,530102,0.018336446052819033,,,,0,not computed for individual seed or full-DEV nonlinear metric
FULL_DP_MINUS_NEXT_SLOT_GREEDY,PRIMARY,FULL,NEXT_SLOT_GREEDY,AR100,10,530103,0.01775888545643714,,,,0,not computed for individual seed or full-DEV nonlinear metric
FULL_DP_MINUS_NEXT_SLOT_GREEDY,PRIMARY,FULL,NEXT_SLOT_GREEDY,AR100,10,THREE_SEED_MEAN,0.016972909941488507,,,,0,full-DEV point estimate only; no COCO bootstrap
FULL_DP_MINUS_NEXT_SLOT_GREEDY,PRIMARY,FULL,NEXT_SLOT_GREEDY,AR100,15,530101,0.024664735416801864,,,,0,not computed for individual seed or full-DEV nonlinear metric
FULL_DP_MINUS_NEXT_SLOT_GREEDY,PRIMARY,FULL,NEXT_SLOT_GREEDY,AR100,15,530102,0.02716390472023056,,,,0,not computed for individual seed or full-DEV nonlinear metric
FULL_DP_MINUS_NEXT_SLOT_GREEDY,PRIMARY,FULL,NEXT_SLOT_GREEDY,AR100,15,530103,0.025445742481938816,,,,0,not computed for individual seed or full-DEV nonlinear metric
FULL_DP_MINUS_NEXT_SLOT_GREEDY,PRIMARY,FULL,NEXT_SLOT_GREEDY,AR100,15,THREE_SEED_MEAN,0.025758127539657078,,,,0,full-DEV point estimate only; no COCO bootstrap
FULL_DP_MINUS_NEXT_SLOT_GREEDY,PRIMARY,FULL,NEXT_SLOT_GREEDY,AR100,20,530101,0.033166136236151805,,,,0,not computed for individual seed or full-DEV nonlinear metric
FULL_DP_MINUS_NEXT_SLOT_GREEDY,PRIMARY,FULL,NEXT_SLOT_GREEDY,AR100,20,530102,0.03504108926813229,,,,0,not computed for individual seed or full-DEV nonlinear metric
FULL_DP_MINUS_NEXT_SLOT_GREEDY,PRIMARY,FULL,NEXT_SLOT_GREEDY,AR100,20,530103,0.0341643933435449,,,,0,not computed for individual seed or full-DEV nonlinear metric
FULL_DP_MINUS_NEXT_SLOT_GREEDY,PRIMARY,FULL,NEXT_SLOT_GREEDY,AR100,20,THREE_SEED_MEAN,0.03412387294927633,,,,0,full-DEV point estimate only; no COCO bootstrap
FULL_DP_MINUS_NEXT_SLOT_GREEDY,PRIMARY,FULL,NEXT_SLOT_GREEDY,AR100,30,530101,0.028627497997331997,,,,0,not computed for individual seed or full-DEV nonlinear metric
FULL_DP_MINUS_NEXT_SLOT_GREEDY,PRIMARY,FULL,NEXT_SLOT_GREEDY,AR100,30,530102,0.027561082886775667,,,,0,not computed for individual seed or full-DEV nonlinear metric
FULL_DP_MINUS_NEXT_SLOT_GREEDY,PRIMARY,FULL,NEXT_SLOT_GREEDY,AR100,30,530103,0.02569458438873018,,,,0,not computed for individual seed or full-DEV nonlinear metric
FULL_DP_MINUS_NEXT_SLOT_GREEDY,PRIMARY,FULL,NEXT_SLOT_GREEDY,AR100,30,THREE_SEED_MEAN,0.02729438842427928,,,,0,full-DEV point estimate only; no COCO bootstrap
FULL_DP_MINUS_NEXT_SLOT_GREEDY,PRIMARY,FULL,NEXT_SLOT_GREEDY,AR100,40,530101,0.010470389914776501,,,,0,not computed for individual seed or full-DEV nonlinear metric
FULL_DP_MINUS_NEXT_SLOT_GREEDY,PRIMARY,FULL,NEXT_SLOT_GREEDY,AR100,40,530102,0.011117181874493565,,,,0,not computed for individual seed or full-DEV nonlinear metric
FULL_DP_MINUS_NEXT_SLOT_GREEDY,PRIMARY,FULL,NEXT_SLOT_GREEDY,AR100,40,530103,0.00925780797689385,,,,0,not computed for individual seed or full-DEV nonlinear metric
FULL_DP_MINUS_NEXT_SLOT_GREEDY,PRIMARY,FULL,NEXT_SLOT_GREEDY,AR100,40,THREE_SEED_MEAN,0.010281793255387972,,,,0,full-DEV point estimate only; no COCO bootstrap
FULL_DP_MINUS_NEXT_SLOT_GREEDY,PRIMARY,FULL,NEXT_SLOT_GREEDY,AR100,CORE_10_15_20,530101,0.02421808998938767,,,,0,not computed for individual seed or full-DEV nonlinear metric
FULL_DP_MINUS_NEXT_SLOT_GREEDY,PRIMARY,FULL,NEXT_SLOT_GREEDY,AR100,CORE_10_15_20,530102,0.026847146680393962,,,,0,not computed for individual seed or full-DEV nonlinear metric
FULL_DP_MINUS_NEXT_SLOT_GREEDY,PRIMARY,FULL,NEXT_SLOT_GREEDY,AR100,CORE_10_15_20,530103,0.025789673760640286,,,,0,not computed for individual seed or full-DEV nonlinear metric
FULL_DP_MINUS_NEXT_SLOT_GREEDY,PRIMARY,FULL,NEXT_SLOT_GREEDY,AR100,CORE_10_15_20,THREE_SEED_MEAN,0.025618303476807307,,,,0,full-DEV point estimate only; no COCO bootstrap
FULL_MINUS_S_ADAPT,REFERENCE,FULL,S_ADAPT,coverage_per_image,10,530101,0.07800000000000001,,,,0,not computed for individual seed or full-DEV nonlinear metric
FULL_MINUS_S_ADAPT,REFERENCE,FULL,S_ADAPT,coverage_per_image,10,530102,0.05850000000000003,,,,0,not computed for individual seed or full-DEV nonlinear metric
FULL_MINUS_S_ADAPT,REFERENCE,FULL,S_ADAPT,coverage_per_image,10,530103,0.07100000000000004,,,,0,not computed for individual seed or full-DEV nonlinear metric
FULL_MINUS_S_ADAPT,REFERENCE,FULL,S_ADAPT,coverage_per_image,10,THREE_SEED_MEAN,0.0691666666666667,0.03733333333333335,0.10016666666666665,1,5000,"50 frozen 40-image groups, paired resampling"
FULL_MINUS_S_ADAPT,REFERENCE,FULL,S_ADAPT,coverage_per_image,15,530101,0.11100000000000007,,,,0,not computed for individual seed or full-DEV nonlinear metric
FULL_MINUS_S_ADAPT,REFERENCE,FULL,S_ADAPT,coverage_per_image,15,530102,0.06649999999999999,,,,0,not computed for individual seed or full-DEV nonlinear metric
FULL_MINUS_S_ADAPT,REFERENCE,FULL,S_ADAPT,coverage_per_image,15,530103,0.10099999999999991,,,,0,not computed for individual seed or full-DEV nonlinear metric
FULL_MINUS_S_ADAPT,REFERENCE,FULL,S_ADAPT,coverage_per_image,15,THREE_SEED_MEAN,0.09283333333333332,0.0655,0.1215,1,5000,"50 frozen 40-image groups, paired resampling"
FULL_MINUS_S_ADAPT,REFERENCE,FULL,S_ADAPT,coverage_per_image,20,530101,0.12350000000000003,,,,0,not computed for individual seed or full-DEV nonlinear metric
FULL_MINUS_S_ADAPT,REFERENCE,FULL,S_ADAPT,coverage_per_image,20,530102,0.1035000000000001,,,,0,not computed for individual seed or full-DEV nonlinear metric
FULL_MINUS_S_ADAPT,REFERENCE,FULL,S_ADAPT,coverage_per_image,20,530103,0.1280000000000001,,,,0,not computed for individual seed or full-DEV nonlinear metric
FULL_MINUS_S_ADAPT,REFERENCE,FULL,S_ADAPT,coverage_per_image,20,THREE_SEED_MEAN,0.11833333333333342,0.08833333333333354,0.14816666666666667,1,5000,"50 frozen 40-image groups, paired resampling"
FULL_MINUS_S_ADAPT,REFERENCE,FULL,S_ADAPT,coverage_per_image,30,530101,0.09750000000000007,,,,0,not computed for individual seed or full-DEV nonlinear metric
FULL_MINUS_S_ADAPT,REFERENCE,FULL,S_ADAPT,coverage_per_image,30,530102,0.10600000000000026,,,,0,not computed for individual seed or full-DEV nonlinear metric
FULL_MINUS_S_ADAPT,REFERENCE,FULL,S_ADAPT,coverage_per_image,30,530103,0.11000000000000011,,,,0,not computed for individual seed or full-DEV nonlinear metric
FULL_MINUS_S_ADAPT,REFERENCE,FULL,S_ADAPT,coverage_per_image,30,THREE_SEED_MEAN,0.10450000000000015,0.08416666666666694,0.12483750000000013,1,5000,"50 frozen 40-image groups, paired resampling"
FULL_MINUS_S_ADAPT,REFERENCE,FULL,S_ADAPT,coverage_per_image,40,530101,0.06050000000000022,,,,0,not computed for individual seed or full-DEV nonlinear metric
FULL_MINUS_S_ADAPT,REFERENCE,FULL,S_ADAPT,coverage_per_image,40,530102,0.05650000000000009,,,,0,not computed for individual seed or full-DEV nonlinear metric
FULL_MINUS_S_ADAPT,REFERENCE,FULL,S_ADAPT,coverage_per_image,40,530103,0.07000000000000017,,,,0,not computed for individual seed or full-DEV nonlinear metric
FULL_MINUS_S_ADAPT,REFERENCE,FULL,S_ADAPT,coverage_per_image,40,THREE_SEED_MEAN,0.0623333333333335,0.04716666666666684,0.07700000000000033,1,5000,"50 frozen 40-image groups, paired resampling"
FULL_MINUS_S_ADAPT,REFERENCE,FULL,S_ADAPT,coverage_per_image,CORE_10_15_20,530101,0.1041666666666667,,,,0,not computed for individual seed or full-DEV nonlinear metric
FULL_MINUS_S_ADAPT,REFERENCE,FULL,S_ADAPT,coverage_per_image,CORE_10_15_20,530102,0.07616666666666672,,,,0,not computed for individual seed or full-DEV nonlinear metric
FULL_MINUS_S_ADAPT,REFERENCE,FULL,S_ADAPT,coverage_per_image,CORE_10_15_20,530103,0.10000000000000003,,,,0,not computed for individual seed or full-DEV nonlinear metric
FULL_MINUS_S_ADAPT,REFERENCE,FULL,S_ADAPT,coverage_per_image,CORE_10_15_20,THREE_SEED_MEAN,0.09344444444444448,0.07433194444444446,0.11194583333333337,1,5000,"50 frozen 40-image groups, paired resampling"
FULL_MINUS_S_ADAPT,REFERENCE,FULL,S_ADAPT,quality_per_image,10,530101,0.12976923881662591,,,,0,not computed for individual seed or full-DEV nonlinear metric
FULL_MINUS_S_ADAPT,REFERENCE,FULL,S_ADAPT,quality_per_image,10,530102,0.13450579835782694,,,,0,not computed for individual seed or full-DEV nonlinear metric
FULL_MINUS_S_ADAPT,REFERENCE,FULL,S_ADAPT,quality_per_image,10,530103,0.13045835595164504,,,,0,not computed for individual seed or full-DEV nonlinear metric
FULL_MINUS_S_ADAPT,REFERENCE,FULL,S_ADAPT,quality_per_image,10,THREE_SEED_MEAN,0.1315777977086993,0.10846081488231106,0.15504150782223838,1,5000,"50 frozen 40-image groups, paired resampling"
FULL_MINUS_S_ADAPT,REFERENCE,FULL,S_ADAPT,quality_per_image,15,530101,0.12264815056671641,,,,0,not computed for individual seed or full-DEV nonlinear metric
FULL_MINUS_S_ADAPT,REFERENCE,FULL,S_ADAPT,quality_per_image,15,530102,0.10328612923915709,,,,0,not computed for individual seed or full-DEV nonlinear metric
FULL_MINUS_S_ADAPT,REFERENCE,FULL,S_ADAPT,quality_per_image,15,530103,0.11755762737651664,,,,0,not computed for individual seed or full-DEV nonlinear metric
FULL_MINUS_S_ADAPT,REFERENCE,FULL,S_ADAPT,quality_per_image,15,THREE_SEED_MEAN,0.11449730239413004,0.09037829123034141,0.13817966674116405,1,5000,"50 frozen 40-image groups, paired resampling"
FULL_MINUS_S_ADAPT,REFERENCE,FULL,S_ADAPT,quality_per_image,20,530101,0.10504875331461844,,,,0,not computed for individual seed or full-DEV nonlinear metric
FULL_MINUS_S_ADAPT,REFERENCE,FULL,S_ADAPT,quality_per_image,20,530102,0.11303506755070025,,,,0,not computed for individual seed or full-DEV nonlinear metric
FULL_MINUS_S_ADAPT,REFERENCE,FULL,S_ADAPT,quality_per_image,20,530103,0.10991485198734507,,,,0,not computed for individual seed or full-DEV nonlinear metric
FULL_MINUS_S_ADAPT,REFERENCE,FULL,S_ADAPT,quality_per_image,20,THREE_SEED_MEAN,0.10933289095088793,0.09221076456627429,0.12644837166006218,1,5000,"50 frozen 40-image groups, paired resampling"
FULL_MINUS_S_ADAPT,REFERENCE,FULL,S_ADAPT,quality_per_image,30,530101,0.06125148596419731,,,,0,not computed for individual seed or full-DEV nonlinear metric
FULL_MINUS_S_ADAPT,REFERENCE,FULL,S_ADAPT,quality_per_image,30,530102,0.060579864018947785,,,,0,not computed for individual seed or full-DEV nonlinear metric
FULL_MINUS_S_ADAPT,REFERENCE,FULL,S_ADAPT,quality_per_image,30,530103,0.06811511675593865,,,,0,not computed for individual seed or full-DEV nonlinear metric
FULL_MINUS_S_ADAPT,REFERENCE,FULL,S_ADAPT,quality_per_image,30,THREE_SEED_MEAN,0.06331548891302792,0.050318848195378664,0.07662858234082115,1,5000,"50 frozen 40-image groups, paired resampling"
FULL_MINUS_S_ADAPT,REFERENCE,FULL,S_ADAPT,quality_per_image,40,530101,0.03245488178269266,,,,0,not computed for individual seed or full-DEV nonlinear metric
FULL_MINUS_S_ADAPT,REFERENCE,FULL,S_ADAPT,quality_per_image,40,530102,0.028430135654660127,,,,0,not computed for individual seed or full-DEV nonlinear metric
FULL_MINUS_S_ADAPT,REFERENCE,FULL,S_ADAPT,quality_per_image,40,530103,0.03381945612697462,,,,0,not computed for individual seed or full-DEV nonlinear metric
FULL_MINUS_S_ADAPT,REFERENCE,FULL,S_ADAPT,quality_per_image,40,THREE_SEED_MEAN,0.0315681578547758,0.022200182423648067,0.04074127700273946,1,5000,"50 frozen 40-image groups, paired resampling"
FULL_MINUS_S_ADAPT,REFERENCE,FULL,S_ADAPT,quality_per_image,CORE_10_15_20,530101,0.11915538089932026,,,,0,not computed for individual seed or full-DEV nonlinear metric
FULL_MINUS_S_ADAPT,REFERENCE,FULL,S_ADAPT,quality_per_image,CORE_10_15_20,530102,0.11694233171589477,,,,0,not computed for individual seed or full-DEV nonlinear metric
FULL_MINUS_S_ADAPT,REFERENCE,FULL,S_ADAPT,quality_per_image,CORE_10_15_20,530103,0.11931027843850224,,,,0,not computed for individual seed or full-DEV nonlinear metric
FULL_MINUS_S_ADAPT,REFERENCE,FULL,S_ADAPT,quality_per_image,CORE_10_15_20,THREE_SEED_MEAN,0.11846933035123909,0.10472812500493264,0.13244977604864883,1,5000,"50 frozen 40-image groups, paired resampling"
FULL_MINUS_S_ADAPT,REFERENCE,FULL,S_ADAPT,AP,10,530101,0.006356596836634448,,,,0,not computed for individual seed or full-DEV nonlinear metric
FULL_MINUS_S_ADAPT,REFERENCE,FULL,S_ADAPT,AP,10,530102,0.00717908442159873,,,,0,not computed for individual seed or full-DEV nonlinear metric
FULL_MINUS_S_ADAPT,REFERENCE,FULL,S_ADAPT,AP,10,530103,0.007280705834127182,,,,0,not computed for individual seed or full-DEV nonlinear metric
FULL_MINUS_S_ADAPT,REFERENCE,FULL,S_ADAPT,AP,10,THREE_SEED_MEAN,0.006938795697453454,,,,0,full-DEV point estimate only; no COCO bootstrap
FULL_MINUS_S_ADAPT,REFERENCE,FULL,S_ADAPT,AP,15,530101,0.004257774743071374,,,,0,not computed for individual seed or full-DEV nonlinear metric
FULL_MINUS_S_ADAPT,REFERENCE,FULL,S_ADAPT,AP,15,530102,0.004075429932797553,,,,0,not computed for individual seed or full-DEV nonlinear metric
FULL_MINUS_S_ADAPT,REFERENCE,FULL,S_ADAPT,AP,15,530103,0.004316608394909244,,,,0,not computed for individual seed or full-DEV nonlinear metric
FULL_MINUS_S_ADAPT,REFERENCE,FULL,S_ADAPT,AP,15,THREE_SEED_MEAN,0.004216604356926057,,,,0,full-DEV point estimate only; no COCO bootstrap
FULL_MINUS_S_ADAPT,REFERENCE,FULL,S_ADAPT,AP,20,530101,0.0027656636814853697,,,,0,not computed for individual seed or full-DEV nonlinear metric
FULL_MINUS_S_ADAPT,REFERENCE,FULL,S_ADAPT,AP,20,530102,0.003103774720688457,,,,0,not computed for individual seed or full-DEV nonlinear metric
FULL_MINUS_S_ADAPT,REFERENCE,FULL,S_ADAPT,AP,20,530103,0.0029313623264506927,,,,0,not computed for individual seed or full-DEV nonlinear metric
FULL_MINUS_S_ADAPT,REFERENCE,FULL,S_ADAPT,AP,20,THREE_SEED_MEAN,0.0029336002428748398,,,,0,full-DEV point estimate only; no COCO bootstrap
FULL_MINUS_S_ADAPT,REFERENCE,FULL,S_ADAPT,AP,30,530101,0.0010591321316290314,,,,0,not computed for individual seed or full-DEV nonlinear metric
FULL_MINUS_S_ADAPT,REFERENCE,FULL,S_ADAPT,AP,30,530102,0.001085972021278303,,,,0,not computed for individual seed or full-DEV nonlinear metric
FULL_MINUS_S_ADAPT,REFERENCE,FULL,S_ADAPT,AP,30,530103,0.0011241284746601465,,,,0,not computed for individual seed or full-DEV nonlinear metric
FULL_MINUS_S_ADAPT,REFERENCE,FULL,S_ADAPT,AP,30,THREE_SEED_MEAN,0.0010897442091891603,,,,0,full-DEV point estimate only; no COCO bootstrap
FULL_MINUS_S_ADAPT,REFERENCE,FULL,S_ADAPT,AP,40,530101,0.00032550629192024116,,,,0,not computed for individual seed or full-DEV nonlinear metric
FULL_MINUS_S_ADAPT,REFERENCE,FULL,S_ADAPT,AP,40,530102,0.00031084324567468014,,,,0,not computed for individual seed or full-DEV nonlinear metric
FULL_MINUS_S_ADAPT,REFERENCE,FULL,S_ADAPT,AP,40,530103,0.0003570825423959978,,,,0,not computed for individual seed or full-DEV nonlinear metric
FULL_MINUS_S_ADAPT,REFERENCE,FULL,S_ADAPT,AP,40,THREE_SEED_MEAN,0.0003311440266636397,,,,0,full-DEV point estimate only; no COCO bootstrap
FULL_MINUS_S_ADAPT,REFERENCE,FULL,S_ADAPT,AP,CORE_10_15_20,530101,0.004460011753730397,,,,0,not computed for individual seed or full-DEV nonlinear metric
FULL_MINUS_S_ADAPT,REFERENCE,FULL,S_ADAPT,AP,CORE_10_15_20,530102,0.00478609635836158,,,,0,not computed for individual seed or full-DEV nonlinear metric
FULL_MINUS_S_ADAPT,REFERENCE,FULL,S_ADAPT,AP,CORE_10_15_20,530103,0.004842892185162373,,,,0,not computed for individual seed or full-DEV nonlinear metric
FULL_MINUS_S_ADAPT,REFERENCE,FULL,S_ADAPT,AP,CORE_10_15_20,THREE_SEED_MEAN,0.0046963334324181165,,,,0,full-DEV point estimate only; no COCO bootstrap
FULL_MINUS_S_ADAPT,REFERENCE,FULL,S_ADAPT,AP50,10,530101,0.013164005885168056,,,,0,not computed for individual seed or full-DEV nonlinear metric
FULL_MINUS_S_ADAPT,REFERENCE,FULL,S_ADAPT,AP50,10,530102,0.014612472543499094,,,,0,not computed for individual seed or full-DEV nonlinear metric
FULL_MINUS_S_ADAPT,REFERENCE,FULL,S_ADAPT,AP50,10,530103,0.01488706099787937,,,,0,not computed for individual seed or full-DEV nonlinear metric
FULL_MINUS_S_ADAPT,REFERENCE,FULL,S_ADAPT,AP50,10,THREE_SEED_MEAN,0.01422117980884884,,,,0,full-DEV point estimate only; no COCO bootstrap
FULL_MINUS_S_ADAPT,REFERENCE,FULL,S_ADAPT,AP50,15,530101,0.009087367987286099,,,,0,not computed for individual seed or full-DEV nonlinear metric
FULL_MINUS_S_ADAPT,REFERENCE,FULL,S_ADAPT,AP50,15,530102,0.008168340970993282,,,,0,not computed for individual seed or full-DEV nonlinear metric
FULL_MINUS_S_ADAPT,REFERENCE,FULL,S_ADAPT,AP50,15,530103,0.009247698393788972,,,,0,not computed for individual seed or full-DEV nonlinear metric
FULL_MINUS_S_ADAPT,REFERENCE,FULL,S_ADAPT,AP50,15,THREE_SEED_MEAN,0.008834469117356117,,,,0,full-DEV point estimate only; no COCO bootstrap
FULL_MINUS_S_ADAPT,REFERENCE,FULL,S_ADAPT,AP50,20,530101,0.006724236177317322,,,,0,not computed for individual seed or full-DEV nonlinear metric
FULL_MINUS_S_ADAPT,REFERENCE,FULL,S_ADAPT,AP50,20,530102,0.006973688433153158,,,,0,not computed for individual seed or full-DEV nonlinear metric
FULL_MINUS_S_ADAPT,REFERENCE,FULL,S_ADAPT,AP50,20,530103,0.006821391837529778,,,,0,not computed for individual seed or full-DEV nonlinear metric
FULL_MINUS_S_ADAPT,REFERENCE,FULL,S_ADAPT,AP50,20,THREE_SEED_MEAN,0.006839772149333419,,,,0,full-DEV point estimate only; no COCO bootstrap
FULL_MINUS_S_ADAPT,REFERENCE,FULL,S_ADAPT,AP50,30,530101,0.001765664759440011,,,,0,not computed for individual seed or full-DEV nonlinear metric
FULL_MINUS_S_ADAPT,REFERENCE,FULL,S_ADAPT,AP50,30,530102,0.00234693597806529,,,,0,not computed for individual seed or full-DEV nonlinear metric
FULL_MINUS_S_ADAPT,REFERENCE,FULL,S_ADAPT,AP50,30,530103,0.0023956196560454557,,,,0,not computed for individual seed or full-DEV nonlinear metric
FULL_MINUS_S_ADAPT,REFERENCE,FULL,S_ADAPT,AP50,30,THREE_SEED_MEAN,0.002169406797850252,,,,0,full-DEV point estimate only; no COCO bootstrap
FULL_MINUS_S_ADAPT,REFERENCE,FULL,S_ADAPT,AP50,40,530101,0.0007295117460811018,,,,0,not computed for individual seed or full-DEV nonlinear metric
FULL_MINUS_S_ADAPT,REFERENCE,FULL,S_ADAPT,AP50,40,530102,0.0007162181948316415,,,,0,not computed for individual seed or full-DEV nonlinear metric
FULL_MINUS_S_ADAPT,REFERENCE,FULL,S_ADAPT,AP50,40,530103,0.001186298521711926,,,,0,not computed for individual seed or full-DEV nonlinear metric
FULL_MINUS_S_ADAPT,REFERENCE,FULL,S_ADAPT,AP50,40,THREE_SEED_MEAN,0.0008773428208748898,,,,0,full-DEV point estimate only; no COCO bootstrap
FULL_MINUS_S_ADAPT,REFERENCE,FULL,S_ADAPT,AP50,CORE_10_15_20,530101,0.00965853668325716,,,,0,not computed for individual seed or full-DEV nonlinear metric
FULL_MINUS_S_ADAPT,REFERENCE,FULL,S_ADAPT,AP50,CORE_10_15_20,530102,0.009918167315881845,,,,0,not computed for individual seed or full-DEV nonlinear metric
FULL_MINUS_S_ADAPT,REFERENCE,FULL,S_ADAPT,AP50,CORE_10_15_20,530103,0.010318717076399373,,,,0,not computed for individual seed or full-DEV nonlinear metric
FULL_MINUS_S_ADAPT,REFERENCE,FULL,S_ADAPT,AP50,CORE_10_15_20,THREE_SEED_MEAN,0.009965140358512793,,,,0,full-DEV point estimate only; no COCO bootstrap
FULL_MINUS_S_ADAPT,REFERENCE,FULL,S_ADAPT,AP75,10,530101,0.006026163409149049,,,,0,not computed for individual seed or full-DEV nonlinear metric
FULL_MINUS_S_ADAPT,REFERENCE,FULL,S_ADAPT,AP75,10,530102,0.006916707717067261,,,,0,not computed for individual seed or full-DEV nonlinear metric
FULL_MINUS_S_ADAPT,REFERENCE,FULL,S_ADAPT,AP75,10,530103,0.00686822802250972,,,,0,not computed for individual seed or full-DEV nonlinear metric
FULL_MINUS_S_ADAPT,REFERENCE,FULL,S_ADAPT,AP75,10,THREE_SEED_MEAN,0.00660369971624201,,,,0,full-DEV point estimate only; no COCO bootstrap
FULL_MINUS_S_ADAPT,REFERENCE,FULL,S_ADAPT,AP75,15,530101,0.0029977250468312677,,,,0,not computed for individual seed or full-DEV nonlinear metric
FULL_MINUS_S_ADAPT,REFERENCE,FULL,S_ADAPT,AP75,15,530102,0.003325002528766663,,,,0,not computed for individual seed or full-DEV nonlinear metric
FULL_MINUS_S_ADAPT,REFERENCE,FULL,S_ADAPT,AP75,15,530103,0.0037249935702909354,,,,0,not computed for individual seed or full-DEV nonlinear metric
FULL_MINUS_S_ADAPT,REFERENCE,FULL,S_ADAPT,AP75,15,THREE_SEED_MEAN,0.0033492403819629555,,,,0,full-DEV point estimate only; no COCO bootstrap
FULL_MINUS_S_ADAPT,REFERENCE,FULL,S_ADAPT,AP75,20,530101,0.0021826963809149225,,,,0,not computed for individual seed or full-DEV nonlinear metric
FULL_MINUS_S_ADAPT,REFERENCE,FULL,S_ADAPT,AP75,20,530102,0.002765104984674832,,,,0,not computed for individual seed or full-DEV nonlinear metric
FULL_MINUS_S_ADAPT,REFERENCE,FULL,S_ADAPT,AP75,20,530103,0.002583963861976152,,,,0,not computed for individual seed or full-DEV nonlinear metric
FULL_MINUS_S_ADAPT,REFERENCE,FULL,S_ADAPT,AP75,20,THREE_SEED_MEAN,0.0025105884091886355,,,,0,full-DEV point estimate only; no COCO bootstrap
FULL_MINUS_S_ADAPT,REFERENCE,FULL,S_ADAPT,AP75,30,530101,0.0006043158335698184,,,,0,not computed for individual seed or full-DEV nonlinear metric
FULL_MINUS_S_ADAPT,REFERENCE,FULL,S_ADAPT,AP75,30,530102,0.00044520644654943986,,,,0,not computed for individual seed or full-DEV nonlinear metric
FULL_MINUS_S_ADAPT,REFERENCE,FULL,S_ADAPT,AP75,30,530103,0.00047219432024558916,,,,0,not computed for individual seed or full-DEV nonlinear metric
FULL_MINUS_S_ADAPT,REFERENCE,FULL,S_ADAPT,AP75,30,THREE_SEED_MEAN,0.0005072388667882825,,,,0,full-DEV point estimate only; no COCO bootstrap
FULL_MINUS_S_ADAPT,REFERENCE,FULL,S_ADAPT,AP75,40,530101,0.00009927995236339027,,,,0,not computed for individual seed or full-DEV nonlinear metric
FULL_MINUS_S_ADAPT,REFERENCE,FULL,S_ADAPT,AP75,40,530102,0.00008979411895038147,,,,0,not computed for individual seed or full-DEV nonlinear metric
FULL_MINUS_S_ADAPT,REFERENCE,FULL,S_ADAPT,AP75,40,530103,0.00009614019870451962,,,,0,not computed for individual seed or full-DEV nonlinear metric
FULL_MINUS_S_ADAPT,REFERENCE,FULL,S_ADAPT,AP75,40,THREE_SEED_MEAN,0.00009507142333943046,,,,0,full-DEV point estimate only; no COCO bootstrap
FULL_MINUS_S_ADAPT,REFERENCE,FULL,S_ADAPT,AP75,CORE_10_15_20,530101,0.00373552827896508,,,,0,not computed for individual seed or full-DEV nonlinear metric
FULL_MINUS_S_ADAPT,REFERENCE,FULL,S_ADAPT,AP75,CORE_10_15_20,530102,0.004335605076836252,,,,0,not computed for individual seed or full-DEV nonlinear metric
FULL_MINUS_S_ADAPT,REFERENCE,FULL,S_ADAPT,AP75,CORE_10_15_20,530103,0.0043923951515922694,,,,0,not computed for individual seed or full-DEV nonlinear metric
FULL_MINUS_S_ADAPT,REFERENCE,FULL,S_ADAPT,AP75,CORE_10_15_20,THREE_SEED_MEAN,0.004154509502464533,,,,0,full-DEV point estimate only; no COCO bootstrap
FULL_MINUS_S_ADAPT,REFERENCE,FULL,S_ADAPT,AR100,10,530101,0.015069568738792422,,,,0,not computed for individual seed or full-DEV nonlinear metric
FULL_MINUS_S_ADAPT,REFERENCE,FULL,S_ADAPT,AR100,10,530102,0.018370223330595736,,,,0,not computed for individual seed or full-DEV nonlinear metric
FULL_MINUS_S_ADAPT,REFERENCE,FULL,S_ADAPT,AR100,10,530103,0.01722452526281995,,,,0,not computed for individual seed or full-DEV nonlinear metric
FULL_MINUS_S_ADAPT,REFERENCE,FULL,S_ADAPT,AR100,10,THREE_SEED_MEAN,0.0168881057774027,,,,0,full-DEV point estimate only; no COCO bootstrap
FULL_MINUS_S_ADAPT,REFERENCE,FULL,S_ADAPT,AR100,15,530101,0.013341468540936402,,,,0,not computed for individual seed or full-DEV nonlinear metric
FULL_MINUS_S_ADAPT,REFERENCE,FULL,S_ADAPT,AR100,15,530102,0.014775623804000743,,,,0,not computed for individual seed or full-DEV nonlinear metric
FULL_MINUS_S_ADAPT,REFERENCE,FULL,S_ADAPT,AR100,15,530103,0.014965289345596405,,,,0,not computed for individual seed or full-DEV nonlinear metric
FULL_MINUS_S_ADAPT,REFERENCE,FULL,S_ADAPT,AR100,15,THREE_SEED_MEAN,0.014360793896844517,,,,0,full-DEV point estimate only; no COCO bootstrap
FULL_MINUS_S_ADAPT,REFERENCE,FULL,S_ADAPT,AR100,20,530101,0.010500985800580176,,,,0,not computed for individual seed or full-DEV nonlinear metric
FULL_MINUS_S_ADAPT,REFERENCE,FULL,S_ADAPT,AR100,20,530102,0.013352644922786427,,,,0,not computed for individual seed or full-DEV nonlinear metric
FULL_MINUS_S_ADAPT,REFERENCE,FULL,S_ADAPT,AR100,20,530103,0.011884549737331107,,,,0,not computed for individual seed or full-DEV nonlinear metric
FULL_MINUS_S_ADAPT,REFERENCE,FULL,S_ADAPT,AR100,20,THREE_SEED_MEAN,0.01191272682023257,,,,0,full-DEV point estimate only; no COCO bootstrap
FULL_MINUS_S_ADAPT,REFERENCE,FULL,S_ADAPT,AR100,30,530101,0.006550797243660922,,,,0,not computed for individual seed or full-DEV nonlinear metric
FULL_MINUS_S_ADAPT,REFERENCE,FULL,S_ADAPT,AR100,30,530102,0.006930309776638666,,,,0,not computed for individual seed or full-DEV nonlinear metric
FULL_MINUS_S_ADAPT,REFERENCE,FULL,S_ADAPT,AR100,30,530103,0.007360534460895685,,,,0,not computed for individual seed or full-DEV nonlinear metric
FULL_MINUS_S_ADAPT,REFERENCE,FULL,S_ADAPT,AR100,30,THREE_SEED_MEAN,0.006947213827065091,,,,0,full-DEV point estimate only; no COCO bootstrap
FULL_MINUS_S_ADAPT,REFERENCE,FULL,S_ADAPT,AR100,40,530101,0.0024860015549541536,,,,0,not computed for individual seed or full-DEV nonlinear metric
FULL_MINUS_S_ADAPT,REFERENCE,FULL,S_ADAPT,AR100,40,530102,0.002227515167628813,,,,0,not computed for individual seed or full-DEV nonlinear metric
FULL_MINUS_S_ADAPT,REFERENCE,FULL,S_ADAPT,AR100,40,530103,0.0023417978889761493,,,,0,not computed for individual seed or full-DEV nonlinear metric
FULL_MINUS_S_ADAPT,REFERENCE,FULL,S_ADAPT,AR100,40,THREE_SEED_MEAN,0.002351771537186372,,,,0,full-DEV point estimate only; no COCO bootstrap
FULL_MINUS_S_ADAPT,REFERENCE,FULL,S_ADAPT,AR100,CORE_10_15_20,530101,0.012970674360103,,,,0,not computed for individual seed or full-DEV nonlinear metric
FULL_MINUS_S_ADAPT,REFERENCE,FULL,S_ADAPT,AR100,CORE_10_15_20,530102,0.01549949735246097,,,,0,not computed for individual seed or full-DEV nonlinear metric
FULL_MINUS_S_ADAPT,REFERENCE,FULL,S_ADAPT,AR100,CORE_10_15_20,530103,0.014691454781915822,,,,0,not computed for individual seed or full-DEV nonlinear metric
FULL_MINUS_S_ADAPT,REFERENCE,FULL,S_ADAPT,AR100,CORE_10_15_20,THREE_SEED_MEAN,0.014387208831493263,,,,0,full-DEV point estimate only; no COCO bootstrap
NO_EMBED_MINUS_S_ADAPT,REFERENCE,NO_EMBED,S_ADAPT,coverage_per_image,10,530101,0.05450000000000005,,,,0,not computed for individual seed or full-DEV nonlinear metric
NO_EMBED_MINUS_S_ADAPT,REFERENCE,NO_EMBED,S_ADAPT,coverage_per_image,10,530102,0.03850000000000005,,,,0,not computed for individual seed or full-DEV nonlinear metric
NO_EMBED_MINUS_S_ADAPT,REFERENCE,NO_EMBED,S_ADAPT,coverage_per_image,10,530103,0.0565,,,,0,not computed for individual seed or full-DEV nonlinear metric
NO_EMBED_MINUS_S_ADAPT,REFERENCE,NO_EMBED,S_ADAPT,coverage_per_image,10,THREE_SEED_MEAN,0.04983333333333337,0.0184958333333333,0.0796708333333333,0.9994,5000,"50 frozen 40-image groups, paired resampling"
NO_EMBED_MINUS_S_ADAPT,REFERENCE,NO_EMBED,S_ADAPT,coverage_per_image,15,530101,0.08049999999999993,,,,0,not computed for individual seed or full-DEV nonlinear metric
NO_EMBED_MINUS_S_ADAPT,REFERENCE,NO_EMBED,S_ADAPT,coverage_per_image,15,530102,0.0654999999999999,,,,0,not computed for individual seed or full-DEV nonlinear metric
NO_EMBED_MINUS_S_ADAPT,REFERENCE,NO_EMBED,S_ADAPT,coverage_per_image,15,530103,0.0775,,,,0,not computed for individual seed or full-DEV nonlinear metric
NO_EMBED_MINUS_S_ADAPT,REFERENCE,NO_EMBED,S_ADAPT,coverage_per_image,15,THREE_SEED_MEAN,0.07449999999999996,0.04833333333333328,0.10217083333333327,1,5000,"50 frozen 40-image groups, paired resampling"
NO_EMBED_MINUS_S_ADAPT,REFERENCE,NO_EMBED,S_ADAPT,coverage_per_image,20,530101,0.09749999999999998,,,,0,not computed for individual seed or full-DEV nonlinear metric
NO_EMBED_MINUS_S_ADAPT,REFERENCE,NO_EMBED,S_ADAPT,coverage_per_image,20,530102,0.08099999999999996,,,,0,not computed for individual seed or full-DEV nonlinear metric
NO_EMBED_MINUS_S_ADAPT,REFERENCE,NO_EMBED,S_ADAPT,coverage_per_image,20,530103,0.09350000000000001,,,,0,not computed for individual seed or full-DEV nonlinear metric
NO_EMBED_MINUS_S_ADAPT,REFERENCE,NO_EMBED,S_ADAPT,coverage_per_image,20,THREE_SEED_MEAN,0.09066666666666666,0.06283333333333334,0.11849999999999998,1,5000,"50 frozen 40-image groups, paired resampling"
NO_EMBED_MINUS_S_ADAPT,REFERENCE,NO_EMBED,S_ADAPT,coverage_per_image,30,530101,0.07200000000000006,,,,0,not computed for individual seed or full-DEV nonlinear metric
NO_EMBED_MINUS_S_ADAPT,REFERENCE,NO_EMBED,S_ADAPT,coverage_per_image,30,530102,0.06900000000000009,,,,0,not computed for individual seed or full-DEV nonlinear metric
NO_EMBED_MINUS_S_ADAPT,REFERENCE,NO_EMBED,S_ADAPT,coverage_per_image,30,530103,0.08050000000000004,,,,0,not computed for individual seed or full-DEV nonlinear metric
NO_EMBED_MINUS_S_ADAPT,REFERENCE,NO_EMBED,S_ADAPT,coverage_per_image,30,THREE_SEED_MEAN,0.0738333333333334,0.05399583333333337,0.0940000000000001,1,5000,"50 frozen 40-image groups, paired resampling"
NO_EMBED_MINUS_S_ADAPT,REFERENCE,NO_EMBED,S_ADAPT,coverage_per_image,40,530101,0.05000000000000021,,,,0,not computed for individual seed or full-DEV nonlinear metric
NO_EMBED_MINUS_S_ADAPT,REFERENCE,NO_EMBED,S_ADAPT,coverage_per_image,40,530102,0.04900000000000027,,,,0,not computed for individual seed or full-DEV nonlinear metric
NO_EMBED_MINUS_S_ADAPT,REFERENCE,NO_EMBED,S_ADAPT,coverage_per_image,40,530103,0.04950000000000024,,,,0,not computed for individual seed or full-DEV nonlinear metric
NO_EMBED_MINUS_S_ADAPT,REFERENCE,NO_EMBED,S_ADAPT,coverage_per_image,40,THREE_SEED_MEAN,0.04950000000000024,0.036495833333333436,0.06166666666666692,1,5000,"50 frozen 40-image groups, paired resampling"
NO_EMBED_MINUS_S_ADAPT,REFERENCE,NO_EMBED,S_ADAPT,coverage_per_image,CORE_10_15_20,530101,0.07749999999999999,,,,0,not computed for individual seed or full-DEV nonlinear metric
NO_EMBED_MINUS_S_ADAPT,REFERENCE,NO_EMBED,S_ADAPT,coverage_per_image,CORE_10_15_20,530102,0.061666666666666634,,,,0,not computed for individual seed or full-DEV nonlinear metric
NO_EMBED_MINUS_S_ADAPT,REFERENCE,NO_EMBED,S_ADAPT,coverage_per_image,CORE_10_15_20,530103,0.07583333333333335,,,,0,not computed for individual seed or full-DEV nonlinear metric
NO_EMBED_MINUS_S_ADAPT,REFERENCE,NO_EMBED,S_ADAPT,coverage_per_image,CORE_10_15_20,THREE_SEED_MEAN,0.07166666666666666,0.05310972222222222,0.08994722222222218,1,5000,"50 frozen 40-image groups, paired resampling"
NO_EMBED_MINUS_S_ADAPT,REFERENCE,NO_EMBED,S_ADAPT,quality_per_image,10,530101,0.12205839469543162,,,,0,not computed for individual seed or full-DEV nonlinear metric
NO_EMBED_MINUS_S_ADAPT,REFERENCE,NO_EMBED,S_ADAPT,quality_per_image,10,530102,0.11678419491988037,,,,0,not computed for individual seed or full-DEV nonlinear metric
NO_EMBED_MINUS_S_ADAPT,REFERENCE,NO_EMBED,S_ADAPT,quality_per_image,10,530103,0.12126434094581308,,,,0,not computed for individual seed or full-DEV nonlinear metric
NO_EMBED_MINUS_S_ADAPT,REFERENCE,NO_EMBED,S_ADAPT,quality_per_image,10,THREE_SEED_MEAN,0.12003564352037503,0.09849157826636885,0.1424588313838741,1,5000,"50 frozen 40-image groups, paired resampling"
NO_EMBED_MINUS_S_ADAPT,REFERENCE,NO_EMBED,S_ADAPT,quality_per_image,15,530101,0.09838095746628635,,,,0,not computed for individual seed or full-DEV nonlinear metric
NO_EMBED_MINUS_S_ADAPT,REFERENCE,NO_EMBED,S_ADAPT,quality_per_image,15,530102,0.09547327334903041,,,,0,not computed for individual seed or full-DEV nonlinear metric
NO_EMBED_MINUS_S_ADAPT,REFERENCE,NO_EMBED,S_ADAPT,quality_per_image,15,530103,0.09982984516397675,,,,0,not computed for individual seed or full-DEV nonlinear metric
NO_EMBED_MINUS_S_ADAPT,REFERENCE,NO_EMBED,S_ADAPT,quality_per_image,15,THREE_SEED_MEAN,0.09789469199309785,0.07574011494051151,0.12049909970627122,1,5000,"50 frozen 40-image groups, paired resampling"
NO_EMBED_MINUS_S_ADAPT,REFERENCE,NO_EMBED,S_ADAPT,quality_per_image,20,530101,0.0929535105271839,,,,0,not computed for individual seed or full-DEV nonlinear metric
NO_EMBED_MINUS_S_ADAPT,REFERENCE,NO_EMBED,S_ADAPT,quality_per_image,20,530102,0.09328178564150584,,,,0,not computed for individual seed or full-DEV nonlinear metric
NO_EMBED_MINUS_S_ADAPT,REFERENCE,NO_EMBED,S_ADAPT,quality_per_image,20,530103,0.08887649622661961,,,,0,not computed for individual seed or full-DEV nonlinear metric
NO_EMBED_MINUS_S_ADAPT,REFERENCE,NO_EMBED,S_ADAPT,quality_per_image,20,THREE_SEED_MEAN,0.09170393079843646,0.07342244951563734,0.11080615483310643,1,5000,"50 frozen 40-image groups, paired resampling"
NO_EMBED_MINUS_S_ADAPT,REFERENCE,NO_EMBED,S_ADAPT,quality_per_image,30,530101,0.04902634749662866,,,,0,not computed for individual seed or full-DEV nonlinear metric
NO_EMBED_MINUS_S_ADAPT,REFERENCE,NO_EMBED,S_ADAPT,quality_per_image,30,530102,0.04838081176112677,,,,0,not computed for individual seed or full-DEV nonlinear metric
NO_EMBED_MINUS_S_ADAPT,REFERENCE,NO_EMBED,S_ADAPT,quality_per_image,30,530103,0.05296396463394952,,,,0,not computed for individual seed or full-DEV nonlinear metric
NO_EMBED_MINUS_S_ADAPT,REFERENCE,NO_EMBED,S_ADAPT,quality_per_image,30,THREE_SEED_MEAN,0.05012370796390164,0.03746018287932802,0.0634361355637042,1,5000,"50 frozen 40-image groups, paired resampling"
NO_EMBED_MINUS_S_ADAPT,REFERENCE,NO_EMBED,S_ADAPT,quality_per_image,40,530101,0.02025968745899803,,,,0,not computed for individual seed or full-DEV nonlinear metric
NO_EMBED_MINUS_S_ADAPT,REFERENCE,NO_EMBED,S_ADAPT,quality_per_image,40,530102,0.026317728881959664,,,,0,not computed for individual seed or full-DEV nonlinear metric
NO_EMBED_MINUS_S_ADAPT,REFERENCE,NO_EMBED,S_ADAPT,quality_per_image,40,530103,0.02562056621395625,,,,0,not computed for individual seed or full-DEV nonlinear metric
NO_EMBED_MINUS_S_ADAPT,REFERENCE,NO_EMBED,S_ADAPT,quality_per_image,40,THREE_SEED_MEAN,0.024065994184971313,0.01632533951964607,0.031908793448149855,1,5000,"50 frozen 40-image groups, paired resampling"
NO_EMBED_MINUS_S_ADAPT,REFERENCE,NO_EMBED,S_ADAPT,quality_per_image,CORE_10_15_20,530101,0.10446428756296727,,,,0,not computed for individual seed or full-DEV nonlinear metric
NO_EMBED_MINUS_S_ADAPT,REFERENCE,NO_EMBED,S_ADAPT,quality_per_image,CORE_10_15_20,530102,0.10184641797013887,,,,0,not computed for individual seed or full-DEV nonlinear metric
NO_EMBED_MINUS_S_ADAPT,REFERENCE,NO_EMBED,S_ADAPT,quality_per_image,CORE_10_15_20,530103,0.10332356077880313,,,,0,not computed for individual seed or full-DEV nonlinear metric
NO_EMBED_MINUS_S_ADAPT,REFERENCE,NO_EMBED,S_ADAPT,quality_per_image,CORE_10_15_20,THREE_SEED_MEAN,0.10321142210396976,0.08920062547782263,0.11755947498068138,1,5000,"50 frozen 40-image groups, paired resampling"
NO_EMBED_MINUS_S_ADAPT,REFERENCE,NO_EMBED,S_ADAPT,AP,10,530101,0.006804553803039737,,,,0,not computed for individual seed or full-DEV nonlinear metric
NO_EMBED_MINUS_S_ADAPT,REFERENCE,NO_EMBED,S_ADAPT,AP,10,530102,0.00672069740807929,,,,0,not computed for individual seed or full-DEV nonlinear metric
NO_EMBED_MINUS_S_ADAPT,REFERENCE,NO_EMBED,S_ADAPT,AP,10,530103,0.006776989637028691,,,,0,not computed for individual seed or full-DEV nonlinear metric
NO_EMBED_MINUS_S_ADAPT,REFERENCE,NO_EMBED,S_ADAPT,AP,10,THREE_SEED_MEAN,0.006767413616049239,,,,0,full-DEV point estimate only; no COCO bootstrap
NO_EMBED_MINUS_S_ADAPT,REFERENCE,NO_EMBED,S_ADAPT,AP,15,530101,0.003952909394515591,,,,0,not computed for individual seed or full-DEV nonlinear metric
NO_EMBED_MINUS_S_ADAPT,REFERENCE,NO_EMBED,S_ADAPT,AP,15,530102,0.003820069900883849,,,,0,not computed for individual seed or full-DEV nonlinear metric
NO_EMBED_MINUS_S_ADAPT,REFERENCE,NO_EMBED,S_ADAPT,AP,15,530103,0.0041174073129260635,,,,0,not computed for individual seed or full-DEV nonlinear metric
NO_EMBED_MINUS_S_ADAPT,REFERENCE,NO_EMBED,S_ADAPT,AP,15,THREE_SEED_MEAN,0.003963462202775168,,,,0,full-DEV point estimate only; no COCO bootstrap
NO_EMBED_MINUS_S_ADAPT,REFERENCE,NO_EMBED,S_ADAPT,AP,20,530101,0.002619600830092189,,,,0,not computed for individual seed or full-DEV nonlinear metric
NO_EMBED_MINUS_S_ADAPT,REFERENCE,NO_EMBED,S_ADAPT,AP,20,530102,0.0025777671756004594,,,,0,not computed for individual seed or full-DEV nonlinear metric
NO_EMBED_MINUS_S_ADAPT,REFERENCE,NO_EMBED,S_ADAPT,AP,20,530103,0.0024962973029456492,,,,0,not computed for individual seed or full-DEV nonlinear metric
NO_EMBED_MINUS_S_ADAPT,REFERENCE,NO_EMBED,S_ADAPT,AP,20,THREE_SEED_MEAN,0.0025645551028794325,,,,0,full-DEV point estimate only; no COCO bootstrap
NO_EMBED_MINUS_S_ADAPT,REFERENCE,NO_EMBED,S_ADAPT,AP,30,530101,0.0010219635599357513,,,,0,not computed for individual seed or full-DEV nonlinear metric
NO_EMBED_MINUS_S_ADAPT,REFERENCE,NO_EMBED,S_ADAPT,AP,30,530102,0.0010284088938264935,,,,0,not computed for individual seed or full-DEV nonlinear metric
NO_EMBED_MINUS_S_ADAPT,REFERENCE,NO_EMBED,S_ADAPT,AP,30,530103,0.0010529372015500027,,,,0,not computed for individual seed or full-DEV nonlinear metric
NO_EMBED_MINUS_S_ADAPT,REFERENCE,NO_EMBED,S_ADAPT,AP,30,THREE_SEED_MEAN,0.0010344365517707492,,,,0,full-DEV point estimate only; no COCO bootstrap
NO_EMBED_MINUS_S_ADAPT,REFERENCE,NO_EMBED,S_ADAPT,AP,40,530101,0.00027422818491543155,,,,0,not computed for individual seed or full-DEV nonlinear metric
NO_EMBED_MINUS_S_ADAPT,REFERENCE,NO_EMBED,S_ADAPT,AP,40,530102,0.00036914433700688254,,,,0,not computed for individual seed or full-DEV nonlinear metric
NO_EMBED_MINUS_S_ADAPT,REFERENCE,NO_EMBED,S_ADAPT,AP,40,530103,0.0003057569402391547,,,,0,not computed for individual seed or full-DEV nonlinear metric
NO_EMBED_MINUS_S_ADAPT,REFERENCE,NO_EMBED,S_ADAPT,AP,40,THREE_SEED_MEAN,0.00031637648738715624,,,,0,full-DEV point estimate only; no COCO bootstrap
NO_EMBED_MINUS_S_ADAPT,REFERENCE,NO_EMBED,S_ADAPT,AP,CORE_10_15_20,530101,0.004459021342549173,,,,0,not computed for individual seed or full-DEV nonlinear metric
NO_EMBED_MINUS_S_ADAPT,REFERENCE,NO_EMBED,S_ADAPT,AP,CORE_10_15_20,530102,0.004372844828187866,,,,0,not computed for individual seed or full-DEV nonlinear metric
NO_EMBED_MINUS_S_ADAPT,REFERENCE,NO_EMBED,S_ADAPT,AP,CORE_10_15_20,530103,0.0044635647509668015,,,,0,not computed for individual seed or full-DEV nonlinear metric
NO_EMBED_MINUS_S_ADAPT,REFERENCE,NO_EMBED,S_ADAPT,AP,CORE_10_15_20,THREE_SEED_MEAN,0.004431810307234614,,,,0,full-DEV point estimate only; no COCO bootstrap
NO_EMBED_MINUS_S_ADAPT,REFERENCE,NO_EMBED,S_ADAPT,AP50,10,530101,0.014956737058612252,,,,0,not computed for individual seed or full-DEV nonlinear metric
NO_EMBED_MINUS_S_ADAPT,REFERENCE,NO_EMBED,S_ADAPT,AP50,10,530102,0.013014251100080892,,,,0,not computed for individual seed or full-DEV nonlinear metric
NO_EMBED_MINUS_S_ADAPT,REFERENCE,NO_EMBED,S_ADAPT,AP50,10,530103,0.015667164391412497,,,,0,not computed for individual seed or full-DEV nonlinear metric
NO_EMBED_MINUS_S_ADAPT,REFERENCE,NO_EMBED,S_ADAPT,AP50,10,THREE_SEED_MEAN,0.014546050850035214,,,,0,full-DEV point estimate only; no COCO bootstrap
NO_EMBED_MINUS_S_ADAPT,REFERENCE,NO_EMBED,S_ADAPT,AP50,15,530101,0.008611772128769735,,,,0,not computed for individual seed or full-DEV nonlinear metric
NO_EMBED_MINUS_S_ADAPT,REFERENCE,NO_EMBED,S_ADAPT,AP50,15,530102,0.008274507675316345,,,,0,not computed for individual seed or full-DEV nonlinear metric
NO_EMBED_MINUS_S_ADAPT,REFERENCE,NO_EMBED,S_ADAPT,AP50,15,530103,0.009485907615554068,,,,0,not computed for individual seed or full-DEV nonlinear metric
NO_EMBED_MINUS_S_ADAPT,REFERENCE,NO_EMBED,S_ADAPT,AP50,15,THREE_SEED_MEAN,0.008790729139880049,,,,0,full-DEV point estimate only; no COCO bootstrap
NO_EMBED_MINUS_S_ADAPT,REFERENCE,NO_EMBED,S_ADAPT,AP50,20,530101,0.005628698558830025,,,,0,not computed for individual seed or full-DEV nonlinear metric
NO_EMBED_MINUS_S_ADAPT,REFERENCE,NO_EMBED,S_ADAPT,AP50,20,530102,0.0056568529860604455,,,,0,not computed for individual seed or full-DEV nonlinear metric
NO_EMBED_MINUS_S_ADAPT,REFERENCE,NO_EMBED,S_ADAPT,AP50,20,530103,0.0057546813924818085,,,,0,not computed for individual seed or full-DEV nonlinear metric
NO_EMBED_MINUS_S_ADAPT,REFERENCE,NO_EMBED,S_ADAPT,AP50,20,THREE_SEED_MEAN,0.00568007764579076,,,,0,full-DEV point estimate only; no COCO bootstrap
NO_EMBED_MINUS_S_ADAPT,REFERENCE,NO_EMBED,S_ADAPT,AP50,30,530101,0.0019339414201284266,,,,0,not computed for individual seed or full-DEV nonlinear metric
NO_EMBED_MINUS_S_ADAPT,REFERENCE,NO_EMBED,S_ADAPT,AP50,30,530102,0.002005467702758501,,,,0,not computed for individual seed or full-DEV nonlinear metric
NO_EMBED_MINUS_S_ADAPT,REFERENCE,NO_EMBED,S_ADAPT,AP50,30,530103,0.001971087223788859,,,,0,not computed for individual seed or full-DEV nonlinear metric
NO_EMBED_MINUS_S_ADAPT,REFERENCE,NO_EMBED,S_ADAPT,AP50,30,THREE_SEED_MEAN,0.0019701654488919287,,,,0,full-DEV point estimate only; no COCO bootstrap
NO_EMBED_MINUS_S_ADAPT,REFERENCE,NO_EMBED,S_ADAPT,AP50,40,530101,0.0006630460262785909,,,,0,not computed for individual seed or full-DEV nonlinear metric
NO_EMBED_MINUS_S_ADAPT,REFERENCE,NO_EMBED,S_ADAPT,AP50,40,530102,0.0008549930689523699,,,,0,not computed for individual seed or full-DEV nonlinear metric
NO_EMBED_MINUS_S_ADAPT,REFERENCE,NO_EMBED,S_ADAPT,AP50,40,530103,0.0006973115495327864,,,,0,not computed for individual seed or full-DEV nonlinear metric
NO_EMBED_MINUS_S_ADAPT,REFERENCE,NO_EMBED,S_ADAPT,AP50,40,THREE_SEED_MEAN,0.0007384502149212491,,,,0,full-DEV point estimate only; no COCO bootstrap
NO_EMBED_MINUS_S_ADAPT,REFERENCE,NO_EMBED,S_ADAPT,AP50,CORE_10_15_20,530101,0.00973240258207067,,,,0,not computed for individual seed or full-DEV nonlinear metric
NO_EMBED_MINUS_S_ADAPT,REFERENCE,NO_EMBED,S_ADAPT,AP50,CORE_10_15_20,530102,0.00898187058715256,,,,0,not computed for individual seed or full-DEV nonlinear metric
NO_EMBED_MINUS_S_ADAPT,REFERENCE,NO_EMBED,S_ADAPT,AP50,CORE_10_15_20,530103,0.010302584466482792,,,,0,not computed for individual seed or full-DEV nonlinear metric
NO_EMBED_MINUS_S_ADAPT,REFERENCE,NO_EMBED,S_ADAPT,AP50,CORE_10_15_20,THREE_SEED_MEAN,0.009672285878568674,,,,0,full-DEV point estimate only; no COCO bootstrap
NO_EMBED_MINUS_S_ADAPT,REFERENCE,NO_EMBED,S_ADAPT,AP75,10,530101,0.0066785796245346085,,,,0,not computed for individual seed or full-DEV nonlinear metric
NO_EMBED_MINUS_S_ADAPT,REFERENCE,NO_EMBED,S_ADAPT,AP75,10,530102,0.006519979905963508,,,,0,not computed for individual seed or full-DEV nonlinear metric
NO_EMBED_MINUS_S_ADAPT,REFERENCE,NO_EMBED,S_ADAPT,AP75,10,530103,0.005804087036709399,,,,0,not computed for individual seed or full-DEV nonlinear metric
NO_EMBED_MINUS_S_ADAPT,REFERENCE,NO_EMBED,S_ADAPT,AP75,10,THREE_SEED_MEAN,0.006334215522402505,,,,0,full-DEV point estimate only; no COCO bootstrap
NO_EMBED_MINUS_S_ADAPT,REFERENCE,NO_EMBED,S_ADAPT,AP75,15,530101,0.0029512938316912374,,,,0,not computed for individual seed or full-DEV nonlinear metric
NO_EMBED_MINUS_S_ADAPT,REFERENCE,NO_EMBED,S_ADAPT,AP75,15,530102,0.003076899143338474,,,,0,not computed for individual seed or full-DEV nonlinear metric
NO_EMBED_MINUS_S_ADAPT,REFERENCE,NO_EMBED,S_ADAPT,AP75,15,530103,0.0032984045540739027,,,,0,not computed for individual seed or full-DEV nonlinear metric
NO_EMBED_MINUS_S_ADAPT,REFERENCE,NO_EMBED,S_ADAPT,AP75,15,THREE_SEED_MEAN,0.003108865843034538,,,,0,full-DEV point estimate only; no COCO bootstrap
NO_EMBED_MINUS_S_ADAPT,REFERENCE,NO_EMBED,S_ADAPT,AP75,20,530101,0.0022552232644584003,,,,0,not computed for individual seed or full-DEV nonlinear metric
NO_EMBED_MINUS_S_ADAPT,REFERENCE,NO_EMBED,S_ADAPT,AP75,20,530102,0.0022233521254897415,,,,0,not computed for individual seed or full-DEV nonlinear metric
NO_EMBED_MINUS_S_ADAPT,REFERENCE,NO_EMBED,S_ADAPT,AP75,20,530103,0.001837883453535194,,,,0,not computed for individual seed or full-DEV nonlinear metric
NO_EMBED_MINUS_S_ADAPT,REFERENCE,NO_EMBED,S_ADAPT,AP75,20,THREE_SEED_MEAN,0.002105486281161112,,,,0,full-DEV point estimate only; no COCO bootstrap
NO_EMBED_MINUS_S_ADAPT,REFERENCE,NO_EMBED,S_ADAPT,AP75,30,530101,0.0005799711659091877,,,,0,not computed for individual seed or full-DEV nonlinear metric
NO_EMBED_MINUS_S_ADAPT,REFERENCE,NO_EMBED,S_ADAPT,AP75,30,530102,0.00039527689830176627,,,,0,not computed for individual seed or full-DEV nonlinear metric
NO_EMBED_MINUS_S_ADAPT,REFERENCE,NO_EMBED,S_ADAPT,AP75,30,530103,0.0006027443442532532,,,,0,not computed for individual seed or full-DEV nonlinear metric
NO_EMBED_MINUS_S_ADAPT,REFERENCE,NO_EMBED,S_ADAPT,AP75,30,THREE_SEED_MEAN,0.000525997469488069,,,,0,full-DEV point estimate only; no COCO bootstrap
NO_EMBED_MINUS_S_ADAPT,REFERENCE,NO_EMBED,S_ADAPT,AP75,40,530101,0.00006703676265804037,,,,0,not computed for individual seed or full-DEV nonlinear metric
NO_EMBED_MINUS_S_ADAPT,REFERENCE,NO_EMBED,S_ADAPT,AP75,40,530102,0.00021405876368643662,,,,0,not computed for individual seed or full-DEV nonlinear metric
NO_EMBED_MINUS_S_ADAPT,REFERENCE,NO_EMBED,S_ADAPT,AP75,40,530103,0.00008718094010803923,,,,0,not computed for individual seed or full-DEV nonlinear metric
NO_EMBED_MINUS_S_ADAPT,REFERENCE,NO_EMBED,S_ADAPT,AP75,40,THREE_SEED_MEAN,0.00012275882215083875,,,,0,full-DEV point estimate only; no COCO bootstrap
NO_EMBED_MINUS_S_ADAPT,REFERENCE,NO_EMBED,S_ADAPT,AP75,CORE_10_15_20,530101,0.003961698906894749,,,,0,not computed for individual seed or full-DEV nonlinear metric
NO_EMBED_MINUS_S_ADAPT,REFERENCE,NO_EMBED,S_ADAPT,AP75,CORE_10_15_20,530102,0.003940077058263908,,,,0,not computed for individual seed or full-DEV nonlinear metric
NO_EMBED_MINUS_S_ADAPT,REFERENCE,NO_EMBED,S_ADAPT,AP75,CORE_10_15_20,530103,0.0036467916814394985,,,,0,not computed for individual seed or full-DEV nonlinear metric
NO_EMBED_MINUS_S_ADAPT,REFERENCE,NO_EMBED,S_ADAPT,AP75,CORE_10_15_20,THREE_SEED_MEAN,0.003849522548866052,,,,0,full-DEV point estimate only; no COCO bootstrap
NO_EMBED_MINUS_S_ADAPT,REFERENCE,NO_EMBED,S_ADAPT,AR100,10,530101,0.016373545271454876,,,,0,not computed for individual seed or full-DEV nonlinear metric
NO_EMBED_MINUS_S_ADAPT,REFERENCE,NO_EMBED,S_ADAPT,AR100,10,530102,0.017347424349526214,,,,0,not computed for individual seed or full-DEV nonlinear metric
NO_EMBED_MINUS_S_ADAPT,REFERENCE,NO_EMBED,S_ADAPT,AR100,10,530103,0.016632180152610837,,,,0,not computed for individual seed or full-DEV nonlinear metric
NO_EMBED_MINUS_S_ADAPT,REFERENCE,NO_EMBED,S_ADAPT,AR100,10,THREE_SEED_MEAN,0.016784383257863977,,,,0,full-DEV point estimate only; no COCO bootstrap
NO_EMBED_MINUS_S_ADAPT,REFERENCE,NO_EMBED,S_ADAPT,AR100,15,530101,0.013265959549825929,,,,0,not computed for individual seed or full-DEV nonlinear metric
NO_EMBED_MINUS_S_ADAPT,REFERENCE,NO_EMBED,S_ADAPT,AR100,15,530102,0.013807710766802844,,,,0,not computed for individual seed or full-DEV nonlinear metric
NO_EMBED_MINUS_S_ADAPT,REFERENCE,NO_EMBED,S_ADAPT,AR100,15,530103,0.01311592607767939,,,,0,not computed for individual seed or full-DEV nonlinear metric
NO_EMBED_MINUS_S_ADAPT,REFERENCE,NO_EMBED,S_ADAPT,AR100,15,THREE_SEED_MEAN,0.013396532131436054,,,,0,full-DEV point estimate only; no COCO bootstrap
NO_EMBED_MINUS_S_ADAPT,REFERENCE,NO_EMBED,S_ADAPT,AR100,20,530101,0.01095689193805982,,,,0,not computed for individual seed or full-DEV nonlinear metric
NO_EMBED_MINUS_S_ADAPT,REFERENCE,NO_EMBED,S_ADAPT,AR100,20,530102,0.011761429185281946,,,,0,not computed for individual seed or full-DEV nonlinear metric
NO_EMBED_MINUS_S_ADAPT,REFERENCE,NO_EMBED,S_ADAPT,AR100,20,530103,0.01040828874652322,,,,0,not computed for individual seed or full-DEV nonlinear metric
NO_EMBED_MINUS_S_ADAPT,REFERENCE,NO_EMBED,S_ADAPT,AR100,20,THREE_SEED_MEAN,0.011042203289954996,,,,0,full-DEV point estimate only; no COCO bootstrap
NO_EMBED_MINUS_S_ADAPT,REFERENCE,NO_EMBED,S_ADAPT,AR100,30,530101,0.006561566269936814,,,,0,not computed for individual seed or full-DEV nonlinear metric
NO_EMBED_MINUS_S_ADAPT,REFERENCE,NO_EMBED,S_ADAPT,AR100,30,530102,0.007116110580271728,,,,0,not computed for individual seed or full-DEV nonlinear metric
NO_EMBED_MINUS_S_ADAPT,REFERENCE,NO_EMBED,S_ADAPT,AR100,30,530103,0.0067812839487014775,,,,0,not computed for individual seed or full-DEV nonlinear metric
NO_EMBED_MINUS_S_ADAPT,REFERENCE,NO_EMBED,S_ADAPT,AR100,30,THREE_SEED_MEAN,0.006819653599636673,,,,0,full-DEV point estimate only; no COCO bootstrap
NO_EMBED_MINUS_S_ADAPT,REFERENCE,NO_EMBED,S_ADAPT,AR100,40,530101,0.001760359960271407,,,,0,not computed for individual seed or full-DEV nonlinear metric
NO_EMBED_MINUS_S_ADAPT,REFERENCE,NO_EMBED,S_ADAPT,AR100,40,530102,0.0026704389562230424,,,,0,not computed for individual seed or full-DEV nonlinear metric
NO_EMBED_MINUS_S_ADAPT,REFERENCE,NO_EMBED,S_ADAPT,AR100,40,530103,0.0022336618698243216,,,,0,not computed for individual seed or full-DEV nonlinear metric
NO_EMBED_MINUS_S_ADAPT,REFERENCE,NO_EMBED,S_ADAPT,AR100,40,THREE_SEED_MEAN,0.0022214869287729235,,,,0,full-DEV point estimate only; no COCO bootstrap
NO_EMBED_MINUS_S_ADAPT,REFERENCE,NO_EMBED,S_ADAPT,AR100,CORE_10_15_20,530101,0.013532132253113541,,,,0,not computed for individual seed or full-DEV nonlinear metric
NO_EMBED_MINUS_S_ADAPT,REFERENCE,NO_EMBED,S_ADAPT,AR100,CORE_10_15_20,530102,0.014305521433870335,,,,0,not computed for individual seed or full-DEV nonlinear metric
NO_EMBED_MINUS_S_ADAPT,REFERENCE,NO_EMBED,S_ADAPT,AR100,CORE_10_15_20,530103,0.013385464992271149,,,,0,not computed for individual seed or full-DEV nonlinear metric
NO_EMBED_MINUS_S_ADAPT,REFERENCE,NO_EMBED,S_ADAPT,AR100,CORE_10_15_20,THREE_SEED_MEAN,0.013741039559751674,,,,0,full-DEV point estimate only; no COCO bootstrap
NO_PREFIX_MINUS_S_ADAPT,REFERENCE,NO_PREFIX,S_ADAPT,coverage_per_image,10,530101,0.08250000000000003,,,,0,not computed for individual seed or full-DEV nonlinear metric
NO_PREFIX_MINUS_S_ADAPT,REFERENCE,NO_PREFIX,S_ADAPT,coverage_per_image,10,530102,0.04900000000000007,,,,0,not computed for individual seed or full-DEV nonlinear metric
NO_PREFIX_MINUS_S_ADAPT,REFERENCE,NO_PREFIX,S_ADAPT,coverage_per_image,10,530103,0.040499999999999974,,,,0,not computed for individual seed or full-DEV nonlinear metric
NO_PREFIX_MINUS_S_ADAPT,REFERENCE,NO_PREFIX,S_ADAPT,coverage_per_image,10,THREE_SEED_MEAN,0.05733333333333337,0.024999999999999988,0.08883333333333335,0.9996,5000,"50 frozen 40-image groups, paired resampling"
NO_PREFIX_MINUS_S_ADAPT,REFERENCE,NO_PREFIX,S_ADAPT,coverage_per_image,15,530101,0.11899999999999988,,,,0,not computed for individual seed or full-DEV nonlinear metric
NO_PREFIX_MINUS_S_ADAPT,REFERENCE,NO_PREFIX,S_ADAPT,coverage_per_image,15,530102,0.08699999999999998,,,,0,not computed for individual seed or full-DEV nonlinear metric
NO_PREFIX_MINUS_S_ADAPT,REFERENCE,NO_PREFIX,S_ADAPT,coverage_per_image,15,530103,0.053999999999999895,,,,0,not computed for individual seed or full-DEV nonlinear metric
NO_PREFIX_MINUS_S_ADAPT,REFERENCE,NO_PREFIX,S_ADAPT,coverage_per_image,15,THREE_SEED_MEAN,0.08666666666666657,0.05966666666666656,0.11383333333333333,1,5000,"50 frozen 40-image groups, paired resampling"
NO_PREFIX_MINUS_S_ADAPT,REFERENCE,NO_PREFIX,S_ADAPT,coverage_per_image,20,530101,0.135,,,,0,not computed for individual seed or full-DEV nonlinear metric
NO_PREFIX_MINUS_S_ADAPT,REFERENCE,NO_PREFIX,S_ADAPT,coverage_per_image,20,530102,0.11900000000000008,,,,0,not computed for individual seed or full-DEV nonlinear metric
NO_PREFIX_MINUS_S_ADAPT,REFERENCE,NO_PREFIX,S_ADAPT,coverage_per_image,20,530103,0.11700000000000005,,,,0,not computed for individual seed or full-DEV nonlinear metric
NO_PREFIX_MINUS_S_ADAPT,REFERENCE,NO_PREFIX,S_ADAPT,coverage_per_image,20,THREE_SEED_MEAN,0.12366666666666672,0.09749999999999998,0.15083333333333335,1,5000,"50 frozen 40-image groups, paired resampling"
NO_PREFIX_MINUS_S_ADAPT,REFERENCE,NO_PREFIX,S_ADAPT,coverage_per_image,30,530101,0.12050000000000008,,,,0,not computed for individual seed or full-DEV nonlinear metric
NO_PREFIX_MINUS_S_ADAPT,REFERENCE,NO_PREFIX,S_ADAPT,coverage_per_image,30,530102,0.09900000000000006,,,,0,not computed for individual seed or full-DEV nonlinear metric
NO_PREFIX_MINUS_S_ADAPT,REFERENCE,NO_PREFIX,S_ADAPT,coverage_per_image,30,530103,0.10050000000000019,,,,0,not computed for individual seed or full-DEV nonlinear metric
NO_PREFIX_MINUS_S_ADAPT,REFERENCE,NO_PREFIX,S_ADAPT,coverage_per_image,30,THREE_SEED_MEAN,0.10666666666666678,0.0871625,0.12683333333333344,1,5000,"50 frozen 40-image groups, paired resampling"
NO_PREFIX_MINUS_S_ADAPT,REFERENCE,NO_PREFIX,S_ADAPT,coverage_per_image,40,530101,0.061500000000000166,,,,0,not computed for individual seed or full-DEV nonlinear metric
NO_PREFIX_MINUS_S_ADAPT,REFERENCE,NO_PREFIX,S_ADAPT,coverage_per_image,40,530102,0.05650000000000016,,,,0,not computed for individual seed or full-DEV nonlinear metric
NO_PREFIX_MINUS_S_ADAPT,REFERENCE,NO_PREFIX,S_ADAPT,coverage_per_image,40,530103,0.05750000000000011,,,,0,not computed for individual seed or full-DEV nonlinear metric
NO_PREFIX_MINUS_S_ADAPT,REFERENCE,NO_PREFIX,S_ADAPT,coverage_per_image,40,THREE_SEED_MEAN,0.05850000000000014,0.045000000000000144,0.07050000000000016,1,5000,"50 frozen 40-image groups, paired resampling"
NO_PREFIX_MINUS_S_ADAPT,REFERENCE,NO_PREFIX,S_ADAPT,coverage_per_image,CORE_10_15_20,530101,0.11216666666666664,,,,0,not computed for individual seed or full-DEV nonlinear metric
NO_PREFIX_MINUS_S_ADAPT,REFERENCE,NO_PREFIX,S_ADAPT,coverage_per_image,CORE_10_15_20,530102,0.08500000000000005,,,,0,not computed for individual seed or full-DEV nonlinear metric
NO_PREFIX_MINUS_S_ADAPT,REFERENCE,NO_PREFIX,S_ADAPT,coverage_per_image,CORE_10_15_20,530103,0.07049999999999997,,,,0,not computed for individual seed or full-DEV nonlinear metric
NO_PREFIX_MINUS_S_ADAPT,REFERENCE,NO_PREFIX,S_ADAPT,coverage_per_image,CORE_10_15_20,THREE_SEED_MEAN,0.08922222222222222,0.07105555555555561,0.107725,1,5000,"50 frozen 40-image groups, paired resampling"
NO_PREFIX_MINUS_S_ADAPT,REFERENCE,NO_PREFIX,S_ADAPT,quality_per_image,10,530101,0.1250968494567688,,,,0,not computed for individual seed or full-DEV nonlinear metric
NO_PREFIX_MINUS_S_ADAPT,REFERENCE,NO_PREFIX,S_ADAPT,quality_per_image,10,530102,0.12310808800976938,,,,0,not computed for individual seed or full-DEV nonlinear metric
NO_PREFIX_MINUS_S_ADAPT,REFERENCE,NO_PREFIX,S_ADAPT,quality_per_image,10,530103,0.12682584886071088,,,,0,not computed for individual seed or full-DEV nonlinear metric
NO_PREFIX_MINUS_S_ADAPT,REFERENCE,NO_PREFIX,S_ADAPT,quality_per_image,10,THREE_SEED_MEAN,0.12501026210908303,0.10373312498555466,0.14694122614300095,1,5000,"50 frozen 40-image groups, paired resampling"
NO_PREFIX_MINUS_S_ADAPT,REFERENCE,NO_PREFIX,S_ADAPT,quality_per_image,15,530101,0.11309519986853335,,,,0,not computed for individual seed or full-DEV nonlinear metric
NO_PREFIX_MINUS_S_ADAPT,REFERENCE,NO_PREFIX,S_ADAPT,quality_per_image,15,530102,0.11560090890962296,,,,0,not computed for individual seed or full-DEV nonlinear metric
NO_PREFIX_MINUS_S_ADAPT,REFERENCE,NO_PREFIX,S_ADAPT,quality_per_image,15,530103,0.10076854887519557,,,,0,not computed for individual seed or full-DEV nonlinear metric
NO_PREFIX_MINUS_S_ADAPT,REFERENCE,NO_PREFIX,S_ADAPT,quality_per_image,15,THREE_SEED_MEAN,0.1098215525511173,0.08645077664775405,0.1333423419456441,1,5000,"50 frozen 40-image groups, paired resampling"
NO_PREFIX_MINUS_S_ADAPT,REFERENCE,NO_PREFIX,S_ADAPT,quality_per_image,20,530101,0.10470395277912177,,,,0,not computed for individual seed or full-DEV nonlinear metric
NO_PREFIX_MINUS_S_ADAPT,REFERENCE,NO_PREFIX,S_ADAPT,quality_per_image,20,530102,0.10259734433655687,,,,0,not computed for individual seed or full-DEV nonlinear metric
NO_PREFIX_MINUS_S_ADAPT,REFERENCE,NO_PREFIX,S_ADAPT,quality_per_image,20,530103,0.10984084026242374,,,,0,not computed for individual seed or full-DEV nonlinear metric
NO_PREFIX_MINUS_S_ADAPT,REFERENCE,NO_PREFIX,S_ADAPT,quality_per_image,20,THREE_SEED_MEAN,0.10571404579270079,0.08951212741124578,0.1226138402684052,1,5000,"50 frozen 40-image groups, paired resampling"
NO_PREFIX_MINUS_S_ADAPT,REFERENCE,NO_PREFIX,S_ADAPT,quality_per_image,30,530101,0.06864753299923299,,,,0,not computed for individual seed or full-DEV nonlinear metric
NO_PREFIX_MINUS_S_ADAPT,REFERENCE,NO_PREFIX,S_ADAPT,quality_per_image,30,530102,0.059763075110273504,,,,0,not computed for individual seed or full-DEV nonlinear metric
NO_PREFIX_MINUS_S_ADAPT,REFERENCE,NO_PREFIX,S_ADAPT,quality_per_image,30,530103,0.06578265192940283,,,,0,not computed for individual seed or full-DEV nonlinear metric
NO_PREFIX_MINUS_S_ADAPT,REFERENCE,NO_PREFIX,S_ADAPT,quality_per_image,30,THREE_SEED_MEAN,0.06473108667963644,0.05107334369723204,0.07874460237587154,1,5000,"50 frozen 40-image groups, paired resampling"
NO_PREFIX_MINUS_S_ADAPT,REFERENCE,NO_PREFIX,S_ADAPT,quality_per_image,40,530101,0.02934269801964703,,,,0,not computed for individual seed or full-DEV nonlinear metric
NO_PREFIX_MINUS_S_ADAPT,REFERENCE,NO_PREFIX,S_ADAPT,quality_per_image,40,530102,0.02967390687228967,,,,0,not computed for individual seed or full-DEV nonlinear metric
NO_PREFIX_MINUS_S_ADAPT,REFERENCE,NO_PREFIX,S_ADAPT,quality_per_image,40,530103,0.030649884013989954,,,,0,not computed for individual seed or full-DEV nonlinear metric
NO_PREFIX_MINUS_S_ADAPT,REFERENCE,NO_PREFIX,S_ADAPT,quality_per_image,40,THREE_SEED_MEAN,0.029888829635308884,0.022255605306541203,0.03769168644412468,1,5000,"50 frozen 40-image groups, paired resampling"
NO_PREFIX_MINUS_S_ADAPT,REFERENCE,NO_PREFIX,S_ADAPT,quality_per_image,CORE_10_15_20,530101,0.1142986673681413,,,,0,not computed for individual seed or full-DEV nonlinear metric
NO_PREFIX_MINUS_S_ADAPT,REFERENCE,NO_PREFIX,S_ADAPT,quality_per_image,CORE_10_15_20,530102,0.11376878041864974,,,,0,not computed for individual seed or full-DEV nonlinear metric
NO_PREFIX_MINUS_S_ADAPT,REFERENCE,NO_PREFIX,S_ADAPT,quality_per_image,CORE_10_15_20,530103,0.11247841266611008,,,,0,not computed for individual seed or full-DEV nonlinear metric
NO_PREFIX_MINUS_S_ADAPT,REFERENCE,NO_PREFIX,S_ADAPT,quality_per_image,CORE_10_15_20,THREE_SEED_MEAN,0.11351528681763372,0.10055110737194038,0.12692431047719255,1,5000,"50 frozen 40-image groups, paired resampling"
NO_PREFIX_MINUS_S_ADAPT,REFERENCE,NO_PREFIX,S_ADAPT,AP,10,530101,0.00636363424019587,,,,0,not computed for individual seed or full-DEV nonlinear metric
NO_PREFIX_MINUS_S_ADAPT,REFERENCE,NO_PREFIX,S_ADAPT,AP,10,530102,0.006049919521204511,,,,0,not computed for individual seed or full-DEV nonlinear metric
NO_PREFIX_MINUS_S_ADAPT,REFERENCE,NO_PREFIX,S_ADAPT,AP,10,530103,0.0067240638171427725,,,,0,not computed for individual seed or full-DEV nonlinear metric
NO_PREFIX_MINUS_S_ADAPT,REFERENCE,NO_PREFIX,S_ADAPT,AP,10,THREE_SEED_MEAN,0.006379205859514385,,,,0,full-DEV point estimate only; no COCO bootstrap
NO_PREFIX_MINUS_S_ADAPT,REFERENCE,NO_PREFIX,S_ADAPT,AP,15,530101,0.003829595017966758,,,,0,not computed for individual seed or full-DEV nonlinear metric
NO_PREFIX_MINUS_S_ADAPT,REFERENCE,NO_PREFIX,S_ADAPT,AP,15,530102,0.0039046731385836975,,,,0,not computed for individual seed or full-DEV nonlinear metric
NO_PREFIX_MINUS_S_ADAPT,REFERENCE,NO_PREFIX,S_ADAPT,AP,15,530103,0.0038288388029668052,,,,0,not computed for individual seed or full-DEV nonlinear metric
NO_PREFIX_MINUS_S_ADAPT,REFERENCE,NO_PREFIX,S_ADAPT,AP,15,THREE_SEED_MEAN,0.0038543689865057538,,,,0,full-DEV point estimate only; no COCO bootstrap
NO_PREFIX_MINUS_S_ADAPT,REFERENCE,NO_PREFIX,S_ADAPT,AP,20,530101,0.0026152409464678117,,,,0,not computed for individual seed or full-DEV nonlinear metric
NO_PREFIX_MINUS_S_ADAPT,REFERENCE,NO_PREFIX,S_ADAPT,AP,20,530102,0.002493833900389847,,,,0,not computed for individual seed or full-DEV nonlinear metric
NO_PREFIX_MINUS_S_ADAPT,REFERENCE,NO_PREFIX,S_ADAPT,AP,20,530103,0.0028800680888669827,,,,0,not computed for individual seed or full-DEV nonlinear metric
NO_PREFIX_MINUS_S_ADAPT,REFERENCE,NO_PREFIX,S_ADAPT,AP,20,THREE_SEED_MEAN,0.0026630476452415472,,,,0,full-DEV point estimate only; no COCO bootstrap
NO_PREFIX_MINUS_S_ADAPT,REFERENCE,NO_PREFIX,S_ADAPT,AP,30,530101,0.0010812489499056055,,,,0,not computed for individual seed or full-DEV nonlinear metric
NO_PREFIX_MINUS_S_ADAPT,REFERENCE,NO_PREFIX,S_ADAPT,AP,30,530102,0.0009640104956224471,,,,0,not computed for individual seed or full-DEV nonlinear metric
NO_PREFIX_MINUS_S_ADAPT,REFERENCE,NO_PREFIX,S_ADAPT,AP,30,530103,0.001025335880505046,,,,0,not computed for individual seed or full-DEV nonlinear metric
NO_PREFIX_MINUS_S_ADAPT,REFERENCE,NO_PREFIX,S_ADAPT,AP,30,THREE_SEED_MEAN,0.0010235317753443662,,,,0,full-DEV point estimate only; no COCO bootstrap
NO_PREFIX_MINUS_S_ADAPT,REFERENCE,NO_PREFIX,S_ADAPT,AP,40,530101,0.00031352603194567674,,,,0,not computed for individual seed or full-DEV nonlinear metric
NO_PREFIX_MINUS_S_ADAPT,REFERENCE,NO_PREFIX,S_ADAPT,AP,40,530102,0.00031254856584320145,,,,0,not computed for individual seed or full-DEV nonlinear metric
NO_PREFIX_MINUS_S_ADAPT,REFERENCE,NO_PREFIX,S_ADAPT,AP,40,530103,0.0003377135041111312,,,,0,not computed for individual seed or full-DEV nonlinear metric
NO_PREFIX_MINUS_S_ADAPT,REFERENCE,NO_PREFIX,S_ADAPT,AP,40,THREE_SEED_MEAN,0.00032126270063333645,,,,0,full-DEV point estimate only; no COCO bootstrap
NO_PREFIX_MINUS_S_ADAPT,REFERENCE,NO_PREFIX,S_ADAPT,AP,CORE_10_15_20,530101,0.004269490068210147,,,,0,not computed for individual seed or full-DEV nonlinear metric
NO_PREFIX_MINUS_S_ADAPT,REFERENCE,NO_PREFIX,S_ADAPT,AP,CORE_10_15_20,530102,0.004149475520059352,,,,0,not computed for individual seed or full-DEV nonlinear metric
NO_PREFIX_MINUS_S_ADAPT,REFERENCE,NO_PREFIX,S_ADAPT,AP,CORE_10_15_20,530103,0.004477656902992187,,,,0,not computed for individual seed or full-DEV nonlinear metric
NO_PREFIX_MINUS_S_ADAPT,REFERENCE,NO_PREFIX,S_ADAPT,AP,CORE_10_15_20,THREE_SEED_MEAN,0.004298874163753896,,,,0,full-DEV point estimate only; no COCO bootstrap
NO_PREFIX_MINUS_S_ADAPT,REFERENCE,NO_PREFIX,S_ADAPT,AP50,10,530101,0.013480973837646043,,,,0,not computed for individual seed or full-DEV nonlinear metric
NO_PREFIX_MINUS_S_ADAPT,REFERENCE,NO_PREFIX,S_ADAPT,AP50,10,530102,0.012440528932359057,,,,0,not computed for individual seed or full-DEV nonlinear metric
NO_PREFIX_MINUS_S_ADAPT,REFERENCE,NO_PREFIX,S_ADAPT,AP50,10,530103,0.014435740732721608,,,,0,not computed for individual seed or full-DEV nonlinear metric
NO_PREFIX_MINUS_S_ADAPT,REFERENCE,NO_PREFIX,S_ADAPT,AP50,10,THREE_SEED_MEAN,0.013452414500908902,,,,0,full-DEV point estimate only; no COCO bootstrap
NO_PREFIX_MINUS_S_ADAPT,REFERENCE,NO_PREFIX,S_ADAPT,AP50,15,530101,0.008264562184220225,,,,0,not computed for individual seed or full-DEV nonlinear metric
NO_PREFIX_MINUS_S_ADAPT,REFERENCE,NO_PREFIX,S_ADAPT,AP50,15,530102,0.008258684951796436,,,,0,not computed for individual seed or full-DEV nonlinear metric
NO_PREFIX_MINUS_S_ADAPT,REFERENCE,NO_PREFIX,S_ADAPT,AP50,15,530103,0.007662816059144151,,,,0,not computed for individual seed or full-DEV nonlinear metric
NO_PREFIX_MINUS_S_ADAPT,REFERENCE,NO_PREFIX,S_ADAPT,AP50,15,THREE_SEED_MEAN,0.008062021065053604,,,,0,full-DEV point estimate only; no COCO bootstrap
NO_PREFIX_MINUS_S_ADAPT,REFERENCE,NO_PREFIX,S_ADAPT,AP50,20,530101,0.006444892893626986,,,,0,not computed for individual seed or full-DEV nonlinear metric
NO_PREFIX_MINUS_S_ADAPT,REFERENCE,NO_PREFIX,S_ADAPT,AP50,20,530102,0.006115580654003583,,,,0,not computed for individual seed or full-DEV nonlinear metric
NO_PREFIX_MINUS_S_ADAPT,REFERENCE,NO_PREFIX,S_ADAPT,AP50,20,530103,0.00672134944693592,,,,0,not computed for individual seed or full-DEV nonlinear metric
NO_PREFIX_MINUS_S_ADAPT,REFERENCE,NO_PREFIX,S_ADAPT,AP50,20,THREE_SEED_MEAN,0.006427274331522163,,,,0,full-DEV point estimate only; no COCO bootstrap
NO_PREFIX_MINUS_S_ADAPT,REFERENCE,NO_PREFIX,S_ADAPT,AP50,30,530101,0.00266842181518534,,,,0,not computed for individual seed or full-DEV nonlinear metric
NO_PREFIX_MINUS_S_ADAPT,REFERENCE,NO_PREFIX,S_ADAPT,AP50,30,530102,0.0019364020807492999,,,,0,not computed for individual seed or full-DEV nonlinear metric
NO_PREFIX_MINUS_S_ADAPT,REFERENCE,NO_PREFIX,S_ADAPT,AP50,30,530103,0.0021588707595130985,,,,0,not computed for individual seed or full-DEV nonlinear metric
NO_PREFIX_MINUS_S_ADAPT,REFERENCE,NO_PREFIX,S_ADAPT,AP50,30,THREE_SEED_MEAN,0.002254564885149246,,,,0,full-DEV point estimate only; no COCO bootstrap
NO_PREFIX_MINUS_S_ADAPT,REFERENCE,NO_PREFIX,S_ADAPT,AP50,40,530101,0.0008702795449299638,,,,0,not computed for individual seed or full-DEV nonlinear metric
NO_PREFIX_MINUS_S_ADAPT,REFERENCE,NO_PREFIX,S_ADAPT,AP50,40,530102,0.0007217399698481453,,,,0,not computed for individual seed or full-DEV nonlinear metric
NO_PREFIX_MINUS_S_ADAPT,REFERENCE,NO_PREFIX,S_ADAPT,AP50,40,530103,0.0008789431309115248,,,,0,not computed for individual seed or full-DEV nonlinear metric
NO_PREFIX_MINUS_S_ADAPT,REFERENCE,NO_PREFIX,S_ADAPT,AP50,40,THREE_SEED_MEAN,0.0008236542152298779,,,,0,full-DEV point estimate only; no COCO bootstrap
NO_PREFIX_MINUS_S_ADAPT,REFERENCE,NO_PREFIX,S_ADAPT,AP50,CORE_10_15_20,530101,0.009396809638497752,,,,0,not computed for individual seed or full-DEV nonlinear metric
NO_PREFIX_MINUS_S_ADAPT,REFERENCE,NO_PREFIX,S_ADAPT,AP50,CORE_10_15_20,530102,0.008938264846053026,,,,0,not computed for individual seed or full-DEV nonlinear metric
NO_PREFIX_MINUS_S_ADAPT,REFERENCE,NO_PREFIX,S_ADAPT,AP50,CORE_10_15_20,530103,0.009606635412933892,,,,0,not computed for individual seed or full-DEV nonlinear metric
NO_PREFIX_MINUS_S_ADAPT,REFERENCE,NO_PREFIX,S_ADAPT,AP50,CORE_10_15_20,THREE_SEED_MEAN,0.009313903299161557,,,,0,full-DEV point estimate only; no COCO bootstrap
NO_PREFIX_MINUS_S_ADAPT,REFERENCE,NO_PREFIX,S_ADAPT,AP75,10,530101,0.006175785575030263,,,,0,not computed for individual seed or full-DEV nonlinear metric
NO_PREFIX_MINUS_S_ADAPT,REFERENCE,NO_PREFIX,S_ADAPT,AP75,10,530102,0.00558771436704622,,,,0,not computed for individual seed or full-DEV nonlinear metric
NO_PREFIX_MINUS_S_ADAPT,REFERENCE,NO_PREFIX,S_ADAPT,AP75,10,530103,0.006353677527389023,,,,0,not computed for individual seed or full-DEV nonlinear metric
NO_PREFIX_MINUS_S_ADAPT,REFERENCE,NO_PREFIX,S_ADAPT,AP75,10,THREE_SEED_MEAN,0.006039059156488502,,,,0,full-DEV point estimate only; no COCO bootstrap
NO_PREFIX_MINUS_S_ADAPT,REFERENCE,NO_PREFIX,S_ADAPT,AP75,15,530101,0.003241905932069994,,,,0,not computed for individual seed or full-DEV nonlinear metric
NO_PREFIX_MINUS_S_ADAPT,REFERENCE,NO_PREFIX,S_ADAPT,AP75,15,530102,0.003172084604578157,,,,0,not computed for individual seed or full-DEV nonlinear metric
NO_PREFIX_MINUS_S_ADAPT,REFERENCE,NO_PREFIX,S_ADAPT,AP75,15,530103,0.0026586081530608485,,,,0,not computed for individual seed or full-DEV nonlinear metric
NO_PREFIX_MINUS_S_ADAPT,REFERENCE,NO_PREFIX,S_ADAPT,AP75,15,THREE_SEED_MEAN,0.003024199563236333,,,,0,full-DEV point estimate only; no COCO bootstrap
NO_PREFIX_MINUS_S_ADAPT,REFERENCE,NO_PREFIX,S_ADAPT,AP75,20,530101,0.0022341712952842208,,,,0,not computed for individual seed or full-DEV nonlinear metric
NO_PREFIX_MINUS_S_ADAPT,REFERENCE,NO_PREFIX,S_ADAPT,AP75,20,530102,0.0021790166590600346,,,,0,not computed for individual seed or full-DEV nonlinear metric
NO_PREFIX_MINUS_S_ADAPT,REFERENCE,NO_PREFIX,S_ADAPT,AP75,20,530103,0.0023494512107466725,,,,0,not computed for individual seed or full-DEV nonlinear metric
NO_PREFIX_MINUS_S_ADAPT,REFERENCE,NO_PREFIX,S_ADAPT,AP75,20,THREE_SEED_MEAN,0.0022542130550303094,,,,0,full-DEV point estimate only; no COCO bootstrap
NO_PREFIX_MINUS_S_ADAPT,REFERENCE,NO_PREFIX,S_ADAPT,AP75,30,530101,0.0005305753068313712,,,,0,not computed for individual seed or full-DEV nonlinear metric
NO_PREFIX_MINUS_S_ADAPT,REFERENCE,NO_PREFIX,S_ADAPT,AP75,30,530102,0.0004007271121389544,,,,0,not computed for individual seed or full-DEV nonlinear metric
NO_PREFIX_MINUS_S_ADAPT,REFERENCE,NO_PREFIX,S_ADAPT,AP75,30,530103,0.0004527137872855358,,,,0,not computed for individual seed or full-DEV nonlinear metric
NO_PREFIX_MINUS_S_ADAPT,REFERENCE,NO_PREFIX,S_ADAPT,AP75,30,THREE_SEED_MEAN,0.00046133873541862047,,,,0,full-DEV point estimate only; no COCO bootstrap
NO_PREFIX_MINUS_S_ADAPT,REFERENCE,NO_PREFIX,S_ADAPT,AP75,40,530101,0.00008945634152351944,,,,0,not computed for individual seed or full-DEV nonlinear metric
NO_PREFIX_MINUS_S_ADAPT,REFERENCE,NO_PREFIX,S_ADAPT,AP75,40,530102,0.00010201782632579537,,,,0,not computed for individual seed or full-DEV nonlinear metric
NO_PREFIX_MINUS_S_ADAPT,REFERENCE,NO_PREFIX,S_ADAPT,AP75,40,530103,0.00009221787630372957,,,,0,not computed for individual seed or full-DEV nonlinear metric
NO_PREFIX_MINUS_S_ADAPT,REFERENCE,NO_PREFIX,S_ADAPT,AP75,40,THREE_SEED_MEAN,0.00009456401471768146,,,,0,full-DEV point estimate only; no COCO bootstrap
NO_PREFIX_MINUS_S_ADAPT,REFERENCE,NO_PREFIX,S_ADAPT,AP75,CORE_10_15_20,530101,0.0038839542674614924,,,,0,not computed for individual seed or full-DEV nonlinear metric
NO_PREFIX_MINUS_S_ADAPT,REFERENCE,NO_PREFIX,S_ADAPT,AP75,CORE_10_15_20,530102,0.003646271876894804,,,,0,not computed for individual seed or full-DEV nonlinear metric
NO_PREFIX_MINUS_S_ADAPT,REFERENCE,NO_PREFIX,S_ADAPT,AP75,CORE_10_15_20,530103,0.003787245630398848,,,,0,not computed for individual seed or full-DEV nonlinear metric
NO_PREFIX_MINUS_S_ADAPT,REFERENCE,NO_PREFIX,S_ADAPT,AP75,CORE_10_15_20,THREE_SEED_MEAN,0.003772490591585048,,,,0,full-DEV point estimate only; no COCO bootstrap
NO_PREFIX_MINUS_S_ADAPT,REFERENCE,NO_PREFIX,S_ADAPT,AR100,10,530101,0.014586147944288724,,,,0,not computed for individual seed or full-DEV nonlinear metric
NO_PREFIX_MINUS_S_ADAPT,REFERENCE,NO_PREFIX,S_ADAPT,AR100,10,530102,0.014582941386952347,,,,0,not computed for individual seed or full-DEV nonlinear metric
NO_PREFIX_MINUS_S_ADAPT,REFERENCE,NO_PREFIX,S_ADAPT,AR100,10,530103,0.01663847006687416,,,,0,not computed for individual seed or full-DEV nonlinear metric
NO_PREFIX_MINUS_S_ADAPT,REFERENCE,NO_PREFIX,S_ADAPT,AR100,10,THREE_SEED_MEAN,0.015269186466038412,,,,0,full-DEV point estimate only; no COCO bootstrap
NO_PREFIX_MINUS_S_ADAPT,REFERENCE,NO_PREFIX,S_ADAPT,AR100,15,530101,0.012517900292546152,,,,0,not computed for individual seed or full-DEV nonlinear metric
NO_PREFIX_MINUS_S_ADAPT,REFERENCE,NO_PREFIX,S_ADAPT,AR100,15,530102,0.012786079325831062,,,,0,not computed for individual seed or full-DEV nonlinear metric
NO_PREFIX_MINUS_S_ADAPT,REFERENCE,NO_PREFIX,S_ADAPT,AR100,15,530103,0.012815043239033236,,,,0,not computed for individual seed or full-DEV nonlinear metric
NO_PREFIX_MINUS_S_ADAPT,REFERENCE,NO_PREFIX,S_ADAPT,AR100,15,THREE_SEED_MEAN,0.01270634095247015,,,,0,full-DEV point estimate only; no COCO bootstrap
NO_PREFIX_MINUS_S_ADAPT,REFERENCE,NO_PREFIX,S_ADAPT,AR100,20,530101,0.00971857423914535,,,,0,not computed for individual seed or full-DEV nonlinear metric
NO_PREFIX_MINUS_S_ADAPT,REFERENCE,NO_PREFIX,S_ADAPT,AR100,20,530102,0.009811297152177656,,,,0,not computed for individual seed or full-DEV nonlinear metric
NO_PREFIX_MINUS_S_ADAPT,REFERENCE,NO_PREFIX,S_ADAPT,AR100,20,530103,0.011441885751559355,,,,0,not computed for individual seed or full-DEV nonlinear metric
NO_PREFIX_MINUS_S_ADAPT,REFERENCE,NO_PREFIX,S_ADAPT,AR100,20,THREE_SEED_MEAN,0.010323919047627453,,,,0,full-DEV point estimate only; no COCO bootstrap
NO_PREFIX_MINUS_S_ADAPT,REFERENCE,NO_PREFIX,S_ADAPT,AR100,30,530101,0.006988895658554595,,,,0,not computed for individual seed or full-DEV nonlinear metric
NO_PREFIX_MINUS_S_ADAPT,REFERENCE,NO_PREFIX,S_ADAPT,AR100,30,530102,0.0063451032304125965,,,,0,not computed for individual seed or full-DEV nonlinear metric
NO_PREFIX_MINUS_S_ADAPT,REFERENCE,NO_PREFIX,S_ADAPT,AR100,30,530103,0.007107274869918412,,,,0,not computed for individual seed or full-DEV nonlinear metric
NO_PREFIX_MINUS_S_ADAPT,REFERENCE,NO_PREFIX,S_ADAPT,AR100,30,THREE_SEED_MEAN,0.006813757919628534,,,,0,full-DEV point estimate only; no COCO bootstrap
NO_PREFIX_MINUS_S_ADAPT,REFERENCE,NO_PREFIX,S_ADAPT,AR100,40,530101,0.0022004727446802708,,,,0,not computed for individual seed or full-DEV nonlinear metric
NO_PREFIX_MINUS_S_ADAPT,REFERENCE,NO_PREFIX,S_ADAPT,AR100,40,530102,0.0021107744786179605,,,,0,not computed for individual seed or full-DEV nonlinear metric
NO_PREFIX_MINUS_S_ADAPT,REFERENCE,NO_PREFIX,S_ADAPT,AR100,40,530103,0.0023815439857022835,,,,0,not computed for individual seed or full-DEV nonlinear metric
NO_PREFIX_MINUS_S_ADAPT,REFERENCE,NO_PREFIX,S_ADAPT,AR100,40,THREE_SEED_MEAN,0.0022309304030001718,,,,0,full-DEV point estimate only; no COCO bootstrap
NO_PREFIX_MINUS_S_ADAPT,REFERENCE,NO_PREFIX,S_ADAPT,AR100,CORE_10_15_20,530101,0.012274207491993408,,,,0,not computed for individual seed or full-DEV nonlinear metric
NO_PREFIX_MINUS_S_ADAPT,REFERENCE,NO_PREFIX,S_ADAPT,AR100,CORE_10_15_20,530102,0.012393439288320355,,,,0,not computed for individual seed or full-DEV nonlinear metric
NO_PREFIX_MINUS_S_ADAPT,REFERENCE,NO_PREFIX,S_ADAPT,AR100,CORE_10_15_20,530103,0.013631799685822251,,,,0,not computed for individual seed or full-DEV nonlinear metric
NO_PREFIX_MINUS_S_ADAPT,REFERENCE,NO_PREFIX,S_ADAPT,AR100,CORE_10_15_20,THREE_SEED_MEAN,0.012766482155378671,,,,0,full-DEV point estimate only; no COCO bootstrap
MATCHABILITY_TARGET_MINUS_S_ADAPT,REFERENCE,MATCHABILITY_TARGET,S_ADAPT,coverage_per_image,10,530101,-0.10849999999999996,,,,0,not computed for individual seed or full-DEV nonlinear metric
MATCHABILITY_TARGET_MINUS_S_ADAPT,REFERENCE,MATCHABILITY_TARGET,S_ADAPT,coverage_per_image,10,530102,-0.081,,,,0,not computed for individual seed or full-DEV nonlinear metric
MATCHABILITY_TARGET_MINUS_S_ADAPT,REFERENCE,MATCHABILITY_TARGET,S_ADAPT,coverage_per_image,10,530103,-0.0974999999999999,,,,0,not computed for individual seed or full-DEV nonlinear metric
MATCHABILITY_TARGET_MINUS_S_ADAPT,REFERENCE,MATCHABILITY_TARGET,S_ADAPT,coverage_per_image,10,THREE_SEED_MEAN,-0.09566666666666662,-0.12849999999999986,-0.06383333333333333,0,5000,"50 frozen 40-image groups, paired resampling"
MATCHABILITY_TARGET_MINUS_S_ADAPT,REFERENCE,MATCHABILITY_TARGET,S_ADAPT,coverage_per_image,15,530101,-0.11500000000000002,,,,0,not computed for individual seed or full-DEV nonlinear metric
MATCHABILITY_TARGET_MINUS_S_ADAPT,REFERENCE,MATCHABILITY_TARGET,S_ADAPT,coverage_per_image,15,530102,-0.09700000000000017,,,,0,not computed for individual seed or full-DEV nonlinear metric
MATCHABILITY_TARGET_MINUS_S_ADAPT,REFERENCE,MATCHABILITY_TARGET,S_ADAPT,coverage_per_image,15,530103,-0.13549999999999998,,,,0,not computed for individual seed or full-DEV nonlinear metric
MATCHABILITY_TARGET_MINUS_S_ADAPT,REFERENCE,MATCHABILITY_TARGET,S_ADAPT,coverage_per_image,15,THREE_SEED_MEAN,-0.11583333333333339,-0.14700000000000008,-0.08383333333333338,0,5000,"50 frozen 40-image groups, paired resampling"
MATCHABILITY_TARGET_MINUS_S_ADAPT,REFERENCE,MATCHABILITY_TARGET,S_ADAPT,coverage_per_image,20,530101,-0.07199999999999998,,,,0,not computed for individual seed or full-DEV nonlinear metric
MATCHABILITY_TARGET_MINUS_S_ADAPT,REFERENCE,MATCHABILITY_TARGET,S_ADAPT,coverage_per_image,20,530102,-0.05349999999999992,,,,0,not computed for individual seed or full-DEV nonlinear metric
MATCHABILITY_TARGET_MINUS_S_ADAPT,REFERENCE,MATCHABILITY_TARGET,S_ADAPT,coverage_per_image,20,530103,-0.07950000000000003,,,,0,not computed for individual seed or full-DEV nonlinear metric
MATCHABILITY_TARGET_MINUS_S_ADAPT,REFERENCE,MATCHABILITY_TARGET,S_ADAPT,coverage_per_image,20,THREE_SEED_MEAN,-0.0683333333333333,-0.1008333333333333,-0.034329166666666654,0,5000,"50 frozen 40-image groups, paired resampling"
MATCHABILITY_TARGET_MINUS_S_ADAPT,REFERENCE,MATCHABILITY_TARGET,S_ADAPT,coverage_per_image,30,530101,-0.03149999999999992,,,,0,not computed for individual seed or full-DEV nonlinear metric
MATCHABILITY_TARGET_MINUS_S_ADAPT,REFERENCE,MATCHABILITY_TARGET,S_ADAPT,coverage_per_image,30,530102,-0.040999999999999835,,,,0,not computed for individual seed or full-DEV nonlinear metric
MATCHABILITY_TARGET_MINUS_S_ADAPT,REFERENCE,MATCHABILITY_TARGET,S_ADAPT,coverage_per_image,30,530103,-0.057499999999999926,,,,0,not computed for individual seed or full-DEV nonlinear metric
MATCHABILITY_TARGET_MINUS_S_ADAPT,REFERENCE,MATCHABILITY_TARGET,S_ADAPT,coverage_per_image,30,THREE_SEED_MEAN,-0.043333333333333224,-0.07283750000000001,-0.014166666666666588,0.0028,5000,"50 frozen 40-image groups, paired resampling"
MATCHABILITY_TARGET_MINUS_S_ADAPT,REFERENCE,MATCHABILITY_TARGET,S_ADAPT,coverage_per_image,40,530101,0.004500000000000277,,,,0,not computed for individual seed or full-DEV nonlinear metric
MATCHABILITY_TARGET_MINUS_S_ADAPT,REFERENCE,MATCHABILITY_TARGET,S_ADAPT,coverage_per_image,40,530102,0.00850000000000012,,,,0,not computed for individual seed or full-DEV nonlinear metric
MATCHABILITY_TARGET_MINUS_S_ADAPT,REFERENCE,MATCHABILITY_TARGET,S_ADAPT,coverage_per_image,40,530103,0.009500000000000135,,,,0,not computed for individual seed or full-DEV nonlinear metric
MATCHABILITY_TARGET_MINUS_S_ADAPT,REFERENCE,MATCHABILITY_TARGET,S_ADAPT,coverage_per_image,40,THREE_SEED_MEAN,0.0075000000000001775,-0.010999999999999826,0.026000000000000176,0.7812,5000,"50 frozen 40-image groups, paired resampling"
MATCHABILITY_TARGET_MINUS_S_ADAPT,REFERENCE,MATCHABILITY_TARGET,S_ADAPT,coverage_per_image,CORE_10_15_20,530101,-0.09849999999999999,,,,0,not computed for individual seed or full-DEV nonlinear metric
MATCHABILITY_TARGET_MINUS_S_ADAPT,REFERENCE,MATCHABILITY_TARGET,S_ADAPT,coverage_per_image,CORE_10_15_20,530102,-0.0771666666666667,,,,0,not computed for individual seed or full-DEV nonlinear metric
MATCHABILITY_TARGET_MINUS_S_ADAPT,REFERENCE,MATCHABILITY_TARGET,S_ADAPT,coverage_per_image,CORE_10_15_20,530103,-0.10416666666666664,,,,0,not computed for individual seed or full-DEV nonlinear metric
MATCHABILITY_TARGET_MINUS_S_ADAPT,REFERENCE,MATCHABILITY_TARGET,S_ADAPT,coverage_per_image,CORE_10_15_20,THREE_SEED_MEAN,-0.09327777777777778,-0.11627916666666668,-0.06944444444444443,0,5000,"50 frozen 40-image groups, paired resampling"
MATCHABILITY_TARGET_MINUS_S_ADAPT,REFERENCE,MATCHABILITY_TARGET,S_ADAPT,quality_per_image,10,530101,0.0751034123657369,,,,0,not computed for individual seed or full-DEV nonlinear metric
MATCHABILITY_TARGET_MINUS_S_ADAPT,REFERENCE,MATCHABILITY_TARGET,S_ADAPT,quality_per_image,10,530102,0.08551254301778793,,,,0,not computed for individual seed or full-DEV nonlinear metric
MATCHABILITY_TARGET_MINUS_S_ADAPT,REFERENCE,MATCHABILITY_TARGET,S_ADAPT,quality_per_image,10,530103,0.07868388945438311,,,,0,not computed for individual seed or full-DEV nonlinear metric
MATCHABILITY_TARGET_MINUS_S_ADAPT,REFERENCE,MATCHABILITY_TARGET,S_ADAPT,quality_per_image,10,THREE_SEED_MEAN,0.07976661494596932,0.05964337462317718,0.09997873647416648,1,5000,"50 frozen 40-image groups, paired resampling"
MATCHABILITY_TARGET_MINUS_S_ADAPT,REFERENCE,MATCHABILITY_TARGET,S_ADAPT,quality_per_image,15,530101,0.043000864462944516,,,,0,not computed for individual seed or full-DEV nonlinear metric
MATCHABILITY_TARGET_MINUS_S_ADAPT,REFERENCE,MATCHABILITY_TARGET,S_ADAPT,quality_per_image,15,530102,0.044569633104474767,,,,0,not computed for individual seed or full-DEV nonlinear metric
MATCHABILITY_TARGET_MINUS_S_ADAPT,REFERENCE,MATCHABILITY_TARGET,S_ADAPT,quality_per_image,15,530103,0.032803198599194984,,,,0,not computed for individual seed or full-DEV nonlinear metric
MATCHABILITY_TARGET_MINUS_S_ADAPT,REFERENCE,MATCHABILITY_TARGET,S_ADAPT,quality_per_image,15,THREE_SEED_MEAN,0.040124565388871415,0.015375159984430026,0.0643703581577421,0.9994,5000,"50 frozen 40-image groups, paired resampling"
MATCHABILITY_TARGET_MINUS_S_ADAPT,REFERENCE,MATCHABILITY_TARGET,S_ADAPT,quality_per_image,20,530101,0.04773398319461219,,,,0,not computed for individual seed or full-DEV nonlinear metric
MATCHABILITY_TARGET_MINUS_S_ADAPT,REFERENCE,MATCHABILITY_TARGET,S_ADAPT,quality_per_image,20,530102,0.0533097122231432,,,,0,not computed for individual seed or full-DEV nonlinear metric
MATCHABILITY_TARGET_MINUS_S_ADAPT,REFERENCE,MATCHABILITY_TARGET,S_ADAPT,quality_per_image,20,530103,0.048383460763241376,,,,0,not computed for individual seed or full-DEV nonlinear metric
MATCHABILITY_TARGET_MINUS_S_ADAPT,REFERENCE,MATCHABILITY_TARGET,S_ADAPT,quality_per_image,20,THREE_SEED_MEAN,0.04980905206033226,0.031216812830508023,0.06926237535379945,1,5000,"50 frozen 40-image groups, paired resampling"
MATCHABILITY_TARGET_MINUS_S_ADAPT,REFERENCE,MATCHABILITY_TARGET,S_ADAPT,quality_per_image,30,530101,0.02613909376381427,,,,0,not computed for individual seed or full-DEV nonlinear metric
MATCHABILITY_TARGET_MINUS_S_ADAPT,REFERENCE,MATCHABILITY_TARGET,S_ADAPT,quality_per_image,30,530102,0.023742351005869314,,,,0,not computed for individual seed or full-DEV nonlinear metric
MATCHABILITY_TARGET_MINUS_S_ADAPT,REFERENCE,MATCHABILITY_TARGET,S_ADAPT,quality_per_image,30,530103,0.012667551519857056,,,,0,not computed for individual seed or full-DEV nonlinear metric
MATCHABILITY_TARGET_MINUS_S_ADAPT,REFERENCE,MATCHABILITY_TARGET,S_ADAPT,quality_per_image,30,THREE_SEED_MEAN,0.02084966542984688,0.0068213254961149395,0.03442095232070315,0.9988,5000,"50 frozen 40-image groups, paired resampling"
MATCHABILITY_TARGET_MINUS_S_ADAPT,REFERENCE,MATCHABILITY_TARGET,S_ADAPT,quality_per_image,40,530101,0.018446491067019455,,,,0,not computed for individual seed or full-DEV nonlinear metric
MATCHABILITY_TARGET_MINUS_S_ADAPT,REFERENCE,MATCHABILITY_TARGET,S_ADAPT,quality_per_image,40,530102,0.019175884239999642,,,,0,not computed for individual seed or full-DEV nonlinear metric
MATCHABILITY_TARGET_MINUS_S_ADAPT,REFERENCE,MATCHABILITY_TARGET,S_ADAPT,quality_per_image,40,530103,0.02220237229234515,,,,0,not computed for individual seed or full-DEV nonlinear metric
MATCHABILITY_TARGET_MINUS_S_ADAPT,REFERENCE,MATCHABILITY_TARGET,S_ADAPT,quality_per_image,40,THREE_SEED_MEAN,0.019941582533121418,0.010541692247619376,0.029622443769286765,1,5000,"50 frozen 40-image groups, paired resampling"
MATCHABILITY_TARGET_MINUS_S_ADAPT,REFERENCE,MATCHABILITY_TARGET,S_ADAPT,quality_per_image,CORE_10_15_20,530101,0.05527942000776454,,,,0,not computed for individual seed or full-DEV nonlinear metric
MATCHABILITY_TARGET_MINUS_S_ADAPT,REFERENCE,MATCHABILITY_TARGET,S_ADAPT,quality_per_image,CORE_10_15_20,530102,0.06113062944846863,,,,0,not computed for individual seed or full-DEV nonlinear metric
MATCHABILITY_TARGET_MINUS_S_ADAPT,REFERENCE,MATCHABILITY_TARGET,S_ADAPT,quality_per_image,CORE_10_15_20,530103,0.05329018293893983,,,,0,not computed for individual seed or full-DEV nonlinear metric
MATCHABILITY_TARGET_MINUS_S_ADAPT,REFERENCE,MATCHABILITY_TARGET,S_ADAPT,quality_per_image,CORE_10_15_20,THREE_SEED_MEAN,0.056566744131724335,0.04291771809040118,0.07038435045184938,1,5000,"50 frozen 40-image groups, paired resampling"
MATCHABILITY_TARGET_MINUS_S_ADAPT,REFERENCE,MATCHABILITY_TARGET,S_ADAPT,AP,10,530101,0.0065691435668644715,,,,0,not computed for individual seed or full-DEV nonlinear metric
MATCHABILITY_TARGET_MINUS_S_ADAPT,REFERENCE,MATCHABILITY_TARGET,S_ADAPT,AP,10,530102,0.006583790570382997,,,,0,not computed for individual seed or full-DEV nonlinear metric
MATCHABILITY_TARGET_MINUS_S_ADAPT,REFERENCE,MATCHABILITY_TARGET,S_ADAPT,AP,10,530103,0.006909428083566815,,,,0,not computed for individual seed or full-DEV nonlinear metric
MATCHABILITY_TARGET_MINUS_S_ADAPT,REFERENCE,MATCHABILITY_TARGET,S_ADAPT,AP,10,THREE_SEED_MEAN,0.006687454073604761,,,,0,full-DEV point estimate only; no COCO bootstrap
MATCHABILITY_TARGET_MINUS_S_ADAPT,REFERENCE,MATCHABILITY_TARGET,S_ADAPT,AP,15,530101,0.0037106739507851982,,,,0,not computed for individual seed or full-DEV nonlinear metric
MATCHABILITY_TARGET_MINUS_S_ADAPT,REFERENCE,MATCHABILITY_TARGET,S_ADAPT,AP,15,530102,0.002831667595755316,,,,0,not computed for individual seed or full-DEV nonlinear metric
MATCHABILITY_TARGET_MINUS_S_ADAPT,REFERENCE,MATCHABILITY_TARGET,S_ADAPT,AP,15,530103,0.002811523065555599,,,,0,not computed for individual seed or full-DEV nonlinear metric
MATCHABILITY_TARGET_MINUS_S_ADAPT,REFERENCE,MATCHABILITY_TARGET,S_ADAPT,AP,15,THREE_SEED_MEAN,0.0031179548706987046,,,,0,full-DEV point estimate only; no COCO bootstrap
MATCHABILITY_TARGET_MINUS_S_ADAPT,REFERENCE,MATCHABILITY_TARGET,S_ADAPT,AP,20,530101,0.0021579883851059745,,,,0,not computed for individual seed or full-DEV nonlinear metric
MATCHABILITY_TARGET_MINUS_S_ADAPT,REFERENCE,MATCHABILITY_TARGET,S_ADAPT,AP,20,530102,0.0023738192731683483,,,,0,not computed for individual seed or full-DEV nonlinear metric
MATCHABILITY_TARGET_MINUS_S_ADAPT,REFERENCE,MATCHABILITY_TARGET,S_ADAPT,AP,20,530103,0.0023992614889006836,,,,0,not computed for individual seed or full-DEV nonlinear metric
MATCHABILITY_TARGET_MINUS_S_ADAPT,REFERENCE,MATCHABILITY_TARGET,S_ADAPT,AP,20,THREE_SEED_MEAN,0.0023103563823916686,,,,0,full-DEV point estimate only; no COCO bootstrap
MATCHABILITY_TARGET_MINUS_S_ADAPT,REFERENCE,MATCHABILITY_TARGET,S_ADAPT,AP,30,530101,0.0007140992030705562,,,,0,not computed for individual seed or full-DEV nonlinear metric
MATCHABILITY_TARGET_MINUS_S_ADAPT,REFERENCE,MATCHABILITY_TARGET,S_ADAPT,AP,30,530102,0.0007855867419781504,,,,0,not computed for individual seed or full-DEV nonlinear metric
MATCHABILITY_TARGET_MINUS_S_ADAPT,REFERENCE,MATCHABILITY_TARGET,S_ADAPT,AP,30,530103,0.0005970364808378925,,,,0,not computed for individual seed or full-DEV nonlinear metric
MATCHABILITY_TARGET_MINUS_S_ADAPT,REFERENCE,MATCHABILITY_TARGET,S_ADAPT,AP,30,THREE_SEED_MEAN,0.000698907475295533,,,,0,full-DEV point estimate only; no COCO bootstrap
MATCHABILITY_TARGET_MINUS_S_ADAPT,REFERENCE,MATCHABILITY_TARGET,S_ADAPT,AP,40,530101,0.00028448749456042033,,,,0,not computed for individual seed or full-DEV nonlinear metric
MATCHABILITY_TARGET_MINUS_S_ADAPT,REFERENCE,MATCHABILITY_TARGET,S_ADAPT,AP,40,530102,0.00019072577234396926,,,,0,not computed for individual seed or full-DEV nonlinear metric
MATCHABILITY_TARGET_MINUS_S_ADAPT,REFERENCE,MATCHABILITY_TARGET,S_ADAPT,AP,40,530103,0.0002818819113877824,,,,0,not computed for individual seed or full-DEV nonlinear metric
MATCHABILITY_TARGET_MINUS_S_ADAPT,REFERENCE,MATCHABILITY_TARGET,S_ADAPT,AP,40,THREE_SEED_MEAN,0.000252365059430724,,,,0,full-DEV point estimate only; no COCO bootstrap
MATCHABILITY_TARGET_MINUS_S_ADAPT,REFERENCE,MATCHABILITY_TARGET,S_ADAPT,AP,CORE_10_15_20,530101,0.004145935300918548,,,,0,not computed for individual seed or full-DEV nonlinear metric
MATCHABILITY_TARGET_MINUS_S_ADAPT,REFERENCE,MATCHABILITY_TARGET,S_ADAPT,AP,CORE_10_15_20,530102,0.0039297591464355535,,,,0,not computed for individual seed or full-DEV nonlinear metric
MATCHABILITY_TARGET_MINUS_S_ADAPT,REFERENCE,MATCHABILITY_TARGET,S_ADAPT,AP,CORE_10_15_20,530103,0.004040070879341033,,,,0,not computed for individual seed or full-DEV nonlinear metric
MATCHABILITY_TARGET_MINUS_S_ADAPT,REFERENCE,MATCHABILITY_TARGET,S_ADAPT,AP,CORE_10_15_20,THREE_SEED_MEAN,0.004038588442231711,,,,0,full-DEV point estimate only; no COCO bootstrap
MATCHABILITY_TARGET_MINUS_S_ADAPT,REFERENCE,MATCHABILITY_TARGET,S_ADAPT,AP50,10,530101,0.012546991319294015,,,,0,not computed for individual seed or full-DEV nonlinear metric
MATCHABILITY_TARGET_MINUS_S_ADAPT,REFERENCE,MATCHABILITY_TARGET,S_ADAPT,AP50,10,530102,0.012454291748455998,,,,0,not computed for individual seed or full-DEV nonlinear metric
MATCHABILITY_TARGET_MINUS_S_ADAPT,REFERENCE,MATCHABILITY_TARGET,S_ADAPT,AP50,10,530103,0.013277234046872338,,,,0,not computed for individual seed or full-DEV nonlinear metric
MATCHABILITY_TARGET_MINUS_S_ADAPT,REFERENCE,MATCHABILITY_TARGET,S_ADAPT,AP50,10,THREE_SEED_MEAN,0.012759505704874117,,,,0,full-DEV point estimate only; no COCO bootstrap
MATCHABILITY_TARGET_MINUS_S_ADAPT,REFERENCE,MATCHABILITY_TARGET,S_ADAPT,AP50,15,530101,0.00711009273022728,,,,0,not computed for individual seed or full-DEV nonlinear metric
MATCHABILITY_TARGET_MINUS_S_ADAPT,REFERENCE,MATCHABILITY_TARGET,S_ADAPT,AP50,15,530102,0.004298033488234931,,,,0,not computed for individual seed or full-DEV nonlinear metric
MATCHABILITY_TARGET_MINUS_S_ADAPT,REFERENCE,MATCHABILITY_TARGET,S_ADAPT,AP50,15,530103,0.004383033035792683,,,,0,not computed for individual seed or full-DEV nonlinear metric
MATCHABILITY_TARGET_MINUS_S_ADAPT,REFERENCE,MATCHABILITY_TARGET,S_ADAPT,AP50,15,THREE_SEED_MEAN,0.005263719751418298,,,,0,full-DEV point estimate only; no COCO bootstrap
MATCHABILITY_TARGET_MINUS_S_ADAPT,REFERENCE,MATCHABILITY_TARGET,S_ADAPT,AP50,20,530101,0.0035249259775886332,,,,0,not computed for individual seed or full-DEV nonlinear metric
MATCHABILITY_TARGET_MINUS_S_ADAPT,REFERENCE,MATCHABILITY_TARGET,S_ADAPT,AP50,20,530102,0.005112678283714922,,,,0,not computed for individual seed or full-DEV nonlinear metric
MATCHABILITY_TARGET_MINUS_S_ADAPT,REFERENCE,MATCHABILITY_TARGET,S_ADAPT,AP50,20,530103,0.004109881064463916,,,,0,not computed for individual seed or full-DEV nonlinear metric
MATCHABILITY_TARGET_MINUS_S_ADAPT,REFERENCE,MATCHABILITY_TARGET,S_ADAPT,AP50,20,THREE_SEED_MEAN,0.0042491617752558235,,,,0,full-DEV point estimate only; no COCO bootstrap
MATCHABILITY_TARGET_MINUS_S_ADAPT,REFERENCE,MATCHABILITY_TARGET,S_ADAPT,AP50,30,530101,0.001212209376510509,,,,0,not computed for individual seed or full-DEV nonlinear metric
MATCHABILITY_TARGET_MINUS_S_ADAPT,REFERENCE,MATCHABILITY_TARGET,S_ADAPT,AP50,30,530102,0.0009705723561576063,,,,0,not computed for individual seed or full-DEV nonlinear metric
MATCHABILITY_TARGET_MINUS_S_ADAPT,REFERENCE,MATCHABILITY_TARGET,S_ADAPT,AP50,30,530103,0.0006491181702702464,,,,0,not computed for individual seed or full-DEV nonlinear metric
MATCHABILITY_TARGET_MINUS_S_ADAPT,REFERENCE,MATCHABILITY_TARGET,S_ADAPT,AP50,30,THREE_SEED_MEAN,0.0009439666343127873,,,,0,full-DEV point estimate only; no COCO bootstrap
MATCHABILITY_TARGET_MINUS_S_ADAPT,REFERENCE,MATCHABILITY_TARGET,S_ADAPT,AP50,40,530101,0.0009398920889150397,,,,0,not computed for individual seed or full-DEV nonlinear metric
MATCHABILITY_TARGET_MINUS_S_ADAPT,REFERENCE,MATCHABILITY_TARGET,S_ADAPT,AP50,40,530102,0.0007683905118691103,,,,0,not computed for individual seed or full-DEV nonlinear metric
MATCHABILITY_TARGET_MINUS_S_ADAPT,REFERENCE,MATCHABILITY_TARGET,S_ADAPT,AP50,40,530103,0.0007354445162829903,,,,0,not computed for individual seed or full-DEV nonlinear metric
MATCHABILITY_TARGET_MINUS_S_ADAPT,REFERENCE,MATCHABILITY_TARGET,S_ADAPT,AP50,40,THREE_SEED_MEAN,0.0008145757056890468,,,,0,full-DEV point estimate only; no COCO bootstrap
MATCHABILITY_TARGET_MINUS_S_ADAPT,REFERENCE,MATCHABILITY_TARGET,S_ADAPT,AP50,CORE_10_15_20,530101,0.00772733667570331,,,,0,not computed for individual seed or full-DEV nonlinear metric
MATCHABILITY_TARGET_MINUS_S_ADAPT,REFERENCE,MATCHABILITY_TARGET,S_ADAPT,AP50,CORE_10_15_20,530102,0.007288334506801951,,,,0,not computed for individual seed or full-DEV nonlinear metric
MATCHABILITY_TARGET_MINUS_S_ADAPT,REFERENCE,MATCHABILITY_TARGET,S_ADAPT,AP50,CORE_10_15_20,530103,0.007256716049042979,,,,0,not computed for individual seed or full-DEV nonlinear metric
MATCHABILITY_TARGET_MINUS_S_ADAPT,REFERENCE,MATCHABILITY_TARGET,S_ADAPT,AP50,CORE_10_15_20,THREE_SEED_MEAN,0.007424129077182747,,,,0,full-DEV point estimate only; no COCO bootstrap
MATCHABILITY_TARGET_MINUS_S_ADAPT,REFERENCE,MATCHABILITY_TARGET,S_ADAPT,AP75,10,530101,0.006447698816230696,,,,0,not computed for individual seed or full-DEV nonlinear metric
MATCHABILITY_TARGET_MINUS_S_ADAPT,REFERENCE,MATCHABILITY_TARGET,S_ADAPT,AP75,10,530102,0.006292537433578299,,,,0,not computed for individual seed or full-DEV nonlinear metric
MATCHABILITY_TARGET_MINUS_S_ADAPT,REFERENCE,MATCHABILITY_TARGET,S_ADAPT,AP75,10,530103,0.006749886324538018,,,,0,not computed for individual seed or full-DEV nonlinear metric
MATCHABILITY_TARGET_MINUS_S_ADAPT,REFERENCE,MATCHABILITY_TARGET,S_ADAPT,AP75,10,THREE_SEED_MEAN,0.006496707524782337,,,,0,full-DEV point estimate only; no COCO bootstrap
MATCHABILITY_TARGET_MINUS_S_ADAPT,REFERENCE,MATCHABILITY_TARGET,S_ADAPT,AP75,15,530101,0.0035842720100292547,,,,0,not computed for individual seed or full-DEV nonlinear metric
MATCHABILITY_TARGET_MINUS_S_ADAPT,REFERENCE,MATCHABILITY_TARGET,S_ADAPT,AP75,15,530102,0.003531346862568091,,,,0,not computed for individual seed or full-DEV nonlinear metric
MATCHABILITY_TARGET_MINUS_S_ADAPT,REFERENCE,MATCHABILITY_TARGET,S_ADAPT,AP75,15,530103,0.003383191115460926,,,,0,not computed for individual seed or full-DEV nonlinear metric
MATCHABILITY_TARGET_MINUS_S_ADAPT,REFERENCE,MATCHABILITY_TARGET,S_ADAPT,AP75,15,THREE_SEED_MEAN,0.0034996033293527573,,,,0,full-DEV point estimate only; no COCO bootstrap
MATCHABILITY_TARGET_MINUS_S_ADAPT,REFERENCE,MATCHABILITY_TARGET,S_ADAPT,AP75,20,530101,0.0023241592835400726,,,,0,not computed for individual seed or full-DEV nonlinear metric
MATCHABILITY_TARGET_MINUS_S_ADAPT,REFERENCE,MATCHABILITY_TARGET,S_ADAPT,AP75,20,530102,0.0020553551545016147,,,,0,not computed for individual seed or full-DEV nonlinear metric
MATCHABILITY_TARGET_MINUS_S_ADAPT,REFERENCE,MATCHABILITY_TARGET,S_ADAPT,AP75,20,530103,0.002301588864870696,,,,0,not computed for individual seed or full-DEV nonlinear metric
MATCHABILITY_TARGET_MINUS_S_ADAPT,REFERENCE,MATCHABILITY_TARGET,S_ADAPT,AP75,20,THREE_SEED_MEAN,0.002227034434304128,,,,0,full-DEV point estimate only; no COCO bootstrap
MATCHABILITY_TARGET_MINUS_S_ADAPT,REFERENCE,MATCHABILITY_TARGET,S_ADAPT,AP75,30,530101,0.0003536740362357904,,,,0,not computed for individual seed or full-DEV nonlinear metric
MATCHABILITY_TARGET_MINUS_S_ADAPT,REFERENCE,MATCHABILITY_TARGET,S_ADAPT,AP75,30,530102,0.0003666326234947337,,,,0,not computed for individual seed or full-DEV nonlinear metric
MATCHABILITY_TARGET_MINUS_S_ADAPT,REFERENCE,MATCHABILITY_TARGET,S_ADAPT,AP75,30,530103,0.0003186488031978463,,,,0,not computed for individual seed or full-DEV nonlinear metric
MATCHABILITY_TARGET_MINUS_S_ADAPT,REFERENCE,MATCHABILITY_TARGET,S_ADAPT,AP75,30,THREE_SEED_MEAN,0.0003463184876427901,,,,0,full-DEV point estimate only; no COCO bootstrap
MATCHABILITY_TARGET_MINUS_S_ADAPT,REFERENCE,MATCHABILITY_TARGET,S_ADAPT,AP75,40,530101,0.0002406345715176561,,,,0,not computed for individual seed or full-DEV nonlinear metric
MATCHABILITY_TARGET_MINUS_S_ADAPT,REFERENCE,MATCHABILITY_TARGET,S_ADAPT,AP75,40,530102,0.0000952225700691367,,,,0,not computed for individual seed or full-DEV nonlinear metric
MATCHABILITY_TARGET_MINUS_S_ADAPT,REFERENCE,MATCHABILITY_TARGET,S_ADAPT,AP75,40,530103,0.00011920013714095123,,,,0,not computed for individual seed or full-DEV nonlinear metric
MATCHABILITY_TARGET_MINUS_S_ADAPT,REFERENCE,MATCHABILITY_TARGET,S_ADAPT,AP75,40,THREE_SEED_MEAN,0.00015168575957591468,,,,0,full-DEV point estimate only; no COCO bootstrap
MATCHABILITY_TARGET_MINUS_S_ADAPT,REFERENCE,MATCHABILITY_TARGET,S_ADAPT,AP75,CORE_10_15_20,530101,0.004118710036600008,,,,0,not computed for individual seed or full-DEV nonlinear metric
MATCHABILITY_TARGET_MINUS_S_ADAPT,REFERENCE,MATCHABILITY_TARGET,S_ADAPT,AP75,CORE_10_15_20,530102,0.003959746483549335,,,,0,not computed for individual seed or full-DEV nonlinear metric
MATCHABILITY_TARGET_MINUS_S_ADAPT,REFERENCE,MATCHABILITY_TARGET,S_ADAPT,AP75,CORE_10_15_20,530103,0.00414488876828988,,,,0,not computed for individual seed or full-DEV nonlinear metric
MATCHABILITY_TARGET_MINUS_S_ADAPT,REFERENCE,MATCHABILITY_TARGET,S_ADAPT,AP75,CORE_10_15_20,THREE_SEED_MEAN,0.004074448429479741,,,,0,full-DEV point estimate only; no COCO bootstrap
MATCHABILITY_TARGET_MINUS_S_ADAPT,REFERENCE,MATCHABILITY_TARGET,S_ADAPT,AR100,10,530101,0.01731645405137941,,,,0,not computed for individual seed or full-DEV nonlinear metric
MATCHABILITY_TARGET_MINUS_S_ADAPT,REFERENCE,MATCHABILITY_TARGET,S_ADAPT,AR100,10,530102,0.01679910589797931,,,,0,not computed for individual seed or full-DEV nonlinear metric
MATCHABILITY_TARGET_MINUS_S_ADAPT,REFERENCE,MATCHABILITY_TARGET,S_ADAPT,AR100,10,530103,0.017018467322105962,,,,0,not computed for individual seed or full-DEV nonlinear metric
MATCHABILITY_TARGET_MINUS_S_ADAPT,REFERENCE,MATCHABILITY_TARGET,S_ADAPT,AR100,10,THREE_SEED_MEAN,0.017044675757154893,,,,0,full-DEV point estimate only; no COCO bootstrap
MATCHABILITY_TARGET_MINUS_S_ADAPT,REFERENCE,MATCHABILITY_TARGET,S_ADAPT,AR100,15,530101,0.013161632431812148,,,,0,not computed for individual seed or full-DEV nonlinear metric
MATCHABILITY_TARGET_MINUS_S_ADAPT,REFERENCE,MATCHABILITY_TARGET,S_ADAPT,AR100,15,530102,0.010322205273923774,,,,0,not computed for individual seed or full-DEV nonlinear metric
MATCHABILITY_TARGET_MINUS_S_ADAPT,REFERENCE,MATCHABILITY_TARGET,S_ADAPT,AR100,15,530103,0.010334199788156001,,,,0,not computed for individual seed or full-DEV nonlinear metric
MATCHABILITY_TARGET_MINUS_S_ADAPT,REFERENCE,MATCHABILITY_TARGET,S_ADAPT,AR100,15,THREE_SEED_MEAN,0.011272679164630641,,,,0,full-DEV point estimate only; no COCO bootstrap
MATCHABILITY_TARGET_MINUS_S_ADAPT,REFERENCE,MATCHABILITY_TARGET,S_ADAPT,AR100,20,530101,0.010550666436354605,,,,0,not computed for individual seed or full-DEV nonlinear metric
MATCHABILITY_TARGET_MINUS_S_ADAPT,REFERENCE,MATCHABILITY_TARGET,S_ADAPT,AR100,20,530102,0.010910708602151431,,,,0,not computed for individual seed or full-DEV nonlinear metric
MATCHABILITY_TARGET_MINUS_S_ADAPT,REFERENCE,MATCHABILITY_TARGET,S_ADAPT,AR100,20,530103,0.011116086596513086,,,,0,not computed for individual seed or full-DEV nonlinear metric
MATCHABILITY_TARGET_MINUS_S_ADAPT,REFERENCE,MATCHABILITY_TARGET,S_ADAPT,AR100,20,THREE_SEED_MEAN,0.010859153878339708,,,,0,full-DEV point estimate only; no COCO bootstrap
MATCHABILITY_TARGET_MINUS_S_ADAPT,REFERENCE,MATCHABILITY_TARGET,S_ADAPT,AR100,30,530101,0.004692132560613127,,,,0,not computed for individual seed or full-DEV nonlinear metric
MATCHABILITY_TARGET_MINUS_S_ADAPT,REFERENCE,MATCHABILITY_TARGET,S_ADAPT,AR100,30,530102,0.004725888582394311,,,,0,not computed for individual seed or full-DEV nonlinear metric
MATCHABILITY_TARGET_MINUS_S_ADAPT,REFERENCE,MATCHABILITY_TARGET,S_ADAPT,AR100,30,530103,0.004267777228019354,,,,0,not computed for individual seed or full-DEV nonlinear metric
MATCHABILITY_TARGET_MINUS_S_ADAPT,REFERENCE,MATCHABILITY_TARGET,S_ADAPT,AR100,30,THREE_SEED_MEAN,0.004561932790342264,,,,0,full-DEV point estimate only; no COCO bootstrap
MATCHABILITY_TARGET_MINUS_S_ADAPT,REFERENCE,MATCHABILITY_TARGET,S_ADAPT,AR100,40,530101,0.002171093228606369,,,,0,not computed for individual seed or full-DEV nonlinear metric
MATCHABILITY_TARGET_MINUS_S_ADAPT,REFERENCE,MATCHABILITY_TARGET,S_ADAPT,AR100,40,530102,0.0016494748420833316,,,,0,not computed for individual seed or full-DEV nonlinear metric
MATCHABILITY_TARGET_MINUS_S_ADAPT,REFERENCE,MATCHABILITY_TARGET,S_ADAPT,AR100,40,530103,0.0024494691791587253,,,,0,not computed for individual seed or full-DEV nonlinear metric
MATCHABILITY_TARGET_MINUS_S_ADAPT,REFERENCE,MATCHABILITY_TARGET,S_ADAPT,AR100,40,THREE_SEED_MEAN,0.002090012416616142,,,,0,full-DEV point estimate only; no COCO bootstrap
MATCHABILITY_TARGET_MINUS_S_ADAPT,REFERENCE,MATCHABILITY_TARGET,S_ADAPT,AR100,CORE_10_15_20,530101,0.013676250973182055,,,,0,not computed for individual seed or full-DEV nonlinear metric
MATCHABILITY_TARGET_MINUS_S_ADAPT,REFERENCE,MATCHABILITY_TARGET,S_ADAPT,AR100,CORE_10_15_20,530102,0.012677339924684838,,,,0,not computed for individual seed or full-DEV nonlinear metric
MATCHABILITY_TARGET_MINUS_S_ADAPT,REFERENCE,MATCHABILITY_TARGET,S_ADAPT,AR100,CORE_10_15_20,530103,0.01282291790225835,,,,0,not computed for individual seed or full-DEV nonlinear metric
MATCHABILITY_TARGET_MINUS_S_ADAPT,REFERENCE,MATCHABILITY_TARGET,S_ADAPT,AR100,CORE_10_15_20,THREE_SEED_MEAN,0.013058836266708415,,,,0,full-DEV point estimate only; no COCO bootstrap
NEXT_SLOT_GREEDY_MINUS_S_ADAPT,REFERENCE,NEXT_SLOT_GREEDY,S_ADAPT,coverage_per_image,10,530101,-0.06899999999999996,,,,0,not computed for individual seed or full-DEV nonlinear metric
NEXT_SLOT_GREEDY_MINUS_S_ADAPT,REFERENCE,NEXT_SLOT_GREEDY,S_ADAPT,coverage_per_image,10,530102,-0.08599999999999997,,,,0,not computed for individual seed or full-DEV nonlinear metric
NEXT_SLOT_GREEDY_MINUS_S_ADAPT,REFERENCE,NEXT_SLOT_GREEDY,S_ADAPT,coverage_per_image,10,530103,-0.09199999999999996,,,,0,not computed for individual seed or full-DEV nonlinear metric
NEXT_SLOT_GREEDY_MINUS_S_ADAPT,REFERENCE,NEXT_SLOT_GREEDY,S_ADAPT,coverage_per_image,10,THREE_SEED_MEAN,-0.0823333333333333,-0.1156666666666666,-0.04632916666666667,0,5000,"50 frozen 40-image groups, paired resampling"
NEXT_SLOT_GREEDY_MINUS_S_ADAPT,REFERENCE,NEXT_SLOT_GREEDY,S_ADAPT,coverage_per_image,15,530101,-0.5565000000000001,,,,0,not computed for individual seed or full-DEV nonlinear metric
NEXT_SLOT_GREEDY_MINUS_S_ADAPT,REFERENCE,NEXT_SLOT_GREEDY,S_ADAPT,coverage_per_image,15,530102,-0.552,,,,0,not computed for individual seed or full-DEV nonlinear metric
NEXT_SLOT_GREEDY_MINUS_S_ADAPT,REFERENCE,NEXT_SLOT_GREEDY,S_ADAPT,coverage_per_image,15,530103,-0.5500000000000002,,,,0,not computed for individual seed or full-DEV nonlinear metric
NEXT_SLOT_GREEDY_MINUS_S_ADAPT,REFERENCE,NEXT_SLOT_GREEDY,S_ADAPT,coverage_per_image,15,THREE_SEED_MEAN,-0.5528333333333335,-0.6168375,-0.4861625000000002,0,5000,"50 frozen 40-image groups, paired resampling"
NEXT_SLOT_GREEDY_MINUS_S_ADAPT,REFERENCE,NEXT_SLOT_GREEDY,S_ADAPT,coverage_per_image,20,530101,-0.7689999999999999,,,,0,not computed for individual seed or full-DEV nonlinear metric
NEXT_SLOT_GREEDY_MINUS_S_ADAPT,REFERENCE,NEXT_SLOT_GREEDY,S_ADAPT,coverage_per_image,20,530102,-0.7645000000000001,,,,0,not computed for individual seed or full-DEV nonlinear metric
NEXT_SLOT_GREEDY_MINUS_S_ADAPT,REFERENCE,NEXT_SLOT_GREEDY,S_ADAPT,coverage_per_image,20,530103,-0.7744999999999999,,,,0,not computed for individual seed or full-DEV nonlinear metric
NEXT_SLOT_GREEDY_MINUS_S_ADAPT,REFERENCE,NEXT_SLOT_GREEDY,S_ADAPT,coverage_per_image,20,THREE_SEED_MEAN,-0.7693333333333333,-0.8440083333333334,-0.6933291666666667,0,5000,"50 frozen 40-image groups, paired resampling"
NEXT_SLOT_GREEDY_MINUS_S_ADAPT,REFERENCE,NEXT_SLOT_GREEDY,S_ADAPT,coverage_per_image,30,530101,-0.6759999999999999,,,,0,not computed for individual seed or full-DEV nonlinear metric
NEXT_SLOT_GREEDY_MINUS_S_ADAPT,REFERENCE,NEXT_SLOT_GREEDY,S_ADAPT,coverage_per_image,30,530102,-0.6515000000000001,,,,0,not computed for individual seed or full-DEV nonlinear metric
NEXT_SLOT_GREEDY_MINUS_S_ADAPT,REFERENCE,NEXT_SLOT_GREEDY,S_ADAPT,coverage_per_image,30,530103,-0.6204999999999998,,,,0,not computed for individual seed or full-DEV nonlinear metric
NEXT_SLOT_GREEDY_MINUS_S_ADAPT,REFERENCE,NEXT_SLOT_GREEDY,S_ADAPT,coverage_per_image,30,THREE_SEED_MEAN,-0.6493333333333333,-0.7041666666666666,-0.5925,0,5000,"50 frozen 40-image groups, paired resampling"
NEXT_SLOT_GREEDY_MINUS_S_ADAPT,REFERENCE,NEXT_SLOT_GREEDY,S_ADAPT,coverage_per_image,40,530101,-0.285,,,,0,not computed for individual seed or full-DEV nonlinear metric
NEXT_SLOT_GREEDY_MINUS_S_ADAPT,REFERENCE,NEXT_SLOT_GREEDY,S_ADAPT,coverage_per_image,40,530102,-0.3249999999999998,,,,0,not computed for individual seed or full-DEV nonlinear metric
NEXT_SLOT_GREEDY_MINUS_S_ADAPT,REFERENCE,NEXT_SLOT_GREEDY,S_ADAPT,coverage_per_image,40,530103,-0.2629999999999998,,,,0,not computed for individual seed or full-DEV nonlinear metric
NEXT_SLOT_GREEDY_MINUS_S_ADAPT,REFERENCE,NEXT_SLOT_GREEDY,S_ADAPT,coverage_per_image,40,THREE_SEED_MEAN,-0.29099999999999987,-0.3283333333333332,-0.25433333333333313,0,5000,"50 frozen 40-image groups, paired resampling"
NEXT_SLOT_GREEDY_MINUS_S_ADAPT,REFERENCE,NEXT_SLOT_GREEDY,S_ADAPT,coverage_per_image,CORE_10_15_20,530101,-0.4648333333333333,,,,0,not computed for individual seed or full-DEV nonlinear metric
NEXT_SLOT_GREEDY_MINUS_S_ADAPT,REFERENCE,NEXT_SLOT_GREEDY,S_ADAPT,coverage_per_image,CORE_10_15_20,530102,-0.4675,,,,0,not computed for individual seed or full-DEV nonlinear metric
NEXT_SLOT_GREEDY_MINUS_S_ADAPT,REFERENCE,NEXT_SLOT_GREEDY,S_ADAPT,coverage_per_image,CORE_10_15_20,530103,-0.47216666666666673,,,,0,not computed for individual seed or full-DEV nonlinear metric
NEXT_SLOT_GREEDY_MINUS_S_ADAPT,REFERENCE,NEXT_SLOT_GREEDY,S_ADAPT,coverage_per_image,CORE_10_15_20,THREE_SEED_MEAN,-0.4681666666666667,-0.5162819444444445,-0.4171652777777778,0,5000,"50 frozen 40-image groups, paired resampling"
NEXT_SLOT_GREEDY_MINUS_S_ADAPT,REFERENCE,NEXT_SLOT_GREEDY,S_ADAPT,quality_per_image,10,530101,-0.06184813774191822,,,,0,not computed for individual seed or full-DEV nonlinear metric
NEXT_SLOT_GREEDY_MINUS_S_ADAPT,REFERENCE,NEXT_SLOT_GREEDY,S_ADAPT,quality_per_image,10,530102,-0.06696643489248347,,,,0,not computed for individual seed or full-DEV nonlinear metric
NEXT_SLOT_GREEDY_MINUS_S_ADAPT,REFERENCE,NEXT_SLOT_GREEDY,S_ADAPT,quality_per_image,10,530103,-0.07050494351366111,,,,0,not computed for individual seed or full-DEV nonlinear metric
NEXT_SLOT_GREEDY_MINUS_S_ADAPT,REFERENCE,NEXT_SLOT_GREEDY,S_ADAPT,quality_per_image,10,THREE_SEED_MEAN,-0.06643983871602094,-0.09495000727500366,-0.036851699590643994,0,5000,"50 frozen 40-image groups, paired resampling"
NEXT_SLOT_GREEDY_MINUS_S_ADAPT,REFERENCE,NEXT_SLOT_GREEDY,S_ADAPT,quality_per_image,15,530101,-0.2905173115773539,,,,0,not computed for individual seed or full-DEV nonlinear metric
NEXT_SLOT_GREEDY_MINUS_S_ADAPT,REFERENCE,NEXT_SLOT_GREEDY,S_ADAPT,quality_per_image,15,530102,-0.29365530449899707,,,,0,not computed for individual seed or full-DEV nonlinear metric
NEXT_SLOT_GREEDY_MINUS_S_ADAPT,REFERENCE,NEXT_SLOT_GREEDY,S_ADAPT,quality_per_image,15,530103,-0.28575300889608174,,,,0,not computed for individual seed or full-DEV nonlinear metric
NEXT_SLOT_GREEDY_MINUS_S_ADAPT,REFERENCE,NEXT_SLOT_GREEDY,S_ADAPT,quality_per_image,15,THREE_SEED_MEAN,-0.28997520832414425,-0.3293475849121875,-0.24888004664970315,0,5000,"50 frozen 40-image groups, paired resampling"
NEXT_SLOT_GREEDY_MINUS_S_ADAPT,REFERENCE,NEXT_SLOT_GREEDY,S_ADAPT,quality_per_image,20,530101,-0.4069202347344122,,,,0,not computed for individual seed or full-DEV nonlinear metric
NEXT_SLOT_GREEDY_MINUS_S_ADAPT,REFERENCE,NEXT_SLOT_GREEDY,S_ADAPT,quality_per_image,20,530102,-0.3958798440870667,,,,0,not computed for individual seed or full-DEV nonlinear metric
NEXT_SLOT_GREEDY_MINUS_S_ADAPT,REFERENCE,NEXT_SLOT_GREEDY,S_ADAPT,quality_per_image,20,530103,-0.40294045799046674,,,,0,not computed for individual seed or full-DEV nonlinear metric
NEXT_SLOT_GREEDY_MINUS_S_ADAPT,REFERENCE,NEXT_SLOT_GREEDY,S_ADAPT,quality_per_image,20,THREE_SEED_MEAN,-0.40191351227064853,-0.44310745959143205,-0.3588459393298236,0,5000,"50 frozen 40-image groups, paired resampling"
NEXT_SLOT_GREEDY_MINUS_S_ADAPT,REFERENCE,NEXT_SLOT_GREEDY,S_ADAPT,quality_per_image,30,530101,-0.32544894307383687,,,,0,not computed for individual seed or full-DEV nonlinear metric
NEXT_SLOT_GREEDY_MINUS_S_ADAPT,REFERENCE,NEXT_SLOT_GREEDY,S_ADAPT,quality_per_image,30,530102,-0.30927223282294913,,,,0,not computed for individual seed or full-DEV nonlinear metric
NEXT_SLOT_GREEDY_MINUS_S_ADAPT,REFERENCE,NEXT_SLOT_GREEDY,S_ADAPT,quality_per_image,30,530103,-0.2828499703961764,,,,0,not computed for individual seed or full-DEV nonlinear metric
NEXT_SLOT_GREEDY_MINUS_S_ADAPT,REFERENCE,NEXT_SLOT_GREEDY,S_ADAPT,quality_per_image,30,THREE_SEED_MEAN,-0.3058570487643208,-0.33940529683185916,-0.2707682472815905,0,5000,"50 frozen 40-image groups, paired resampling"
NEXT_SLOT_GREEDY_MINUS_S_ADAPT,REFERENCE,NEXT_SLOT_GREEDY,S_ADAPT,quality_per_image,40,530101,-0.12303940088696842,,,,0,not computed for individual seed or full-DEV nonlinear metric
NEXT_SLOT_GREEDY_MINUS_S_ADAPT,REFERENCE,NEXT_SLOT_GREEDY,S_ADAPT,quality_per_image,40,530102,-0.14430664220088998,,,,0,not computed for individual seed or full-DEV nonlinear metric
NEXT_SLOT_GREEDY_MINUS_S_ADAPT,REFERENCE,NEXT_SLOT_GREEDY,S_ADAPT,quality_per_image,40,530103,-0.11185883752453873,,,,0,not computed for individual seed or full-DEV nonlinear metric
NEXT_SLOT_GREEDY_MINUS_S_ADAPT,REFERENCE,NEXT_SLOT_GREEDY,S_ADAPT,quality_per_image,40,THREE_SEED_MEAN,-0.12640162687079906,-0.14581262040710072,-0.10756275700845273,0,5000,"50 frozen 40-image groups, paired resampling"
NEXT_SLOT_GREEDY_MINUS_S_ADAPT,REFERENCE,NEXT_SLOT_GREEDY,S_ADAPT,quality_per_image,CORE_10_15_20,530101,-0.25309522801789475,,,,0,not computed for individual seed or full-DEV nonlinear metric
NEXT_SLOT_GREEDY_MINUS_S_ADAPT,REFERENCE,NEXT_SLOT_GREEDY,S_ADAPT,quality_per_image,CORE_10_15_20,530102,-0.2521671944928491,,,,0,not computed for individual seed or full-DEV nonlinear metric
NEXT_SLOT_GREEDY_MINUS_S_ADAPT,REFERENCE,NEXT_SLOT_GREEDY,S_ADAPT,quality_per_image,CORE_10_15_20,530103,-0.25306613680006984,,,,0,not computed for individual seed or full-DEV nonlinear metric
NEXT_SLOT_GREEDY_MINUS_S_ADAPT,REFERENCE,NEXT_SLOT_GREEDY,S_ADAPT,quality_per_image,CORE_10_15_20,THREE_SEED_MEAN,-0.2527761864369379,-0.2821489376522358,-0.22151114124565657,0,5000,"50 frozen 40-image groups, paired resampling"
NEXT_SLOT_GREEDY_MINUS_S_ADAPT,REFERENCE,NEXT_SLOT_GREEDY,S_ADAPT,AP,10,530101,-0.00102689780554302,,,,0,not computed for individual seed or full-DEV nonlinear metric
NEXT_SLOT_GREEDY_MINUS_S_ADAPT,REFERENCE,NEXT_SLOT_GREEDY,S_ADAPT,AP,10,530102,-0.0012076540563802918,,,,0,not computed for individual seed or full-DEV nonlinear metric
NEXT_SLOT_GREEDY_MINUS_S_ADAPT,REFERENCE,NEXT_SLOT_GREEDY,S_ADAPT,AP,10,530103,-0.0015040953304090166,,,,0,not computed for individual seed or full-DEV nonlinear metric
NEXT_SLOT_GREEDY_MINUS_S_ADAPT,REFERENCE,NEXT_SLOT_GREEDY,S_ADAPT,AP,10,THREE_SEED_MEAN,-0.0012462157307774429,,,,0,full-DEV point estimate only; no COCO bootstrap
NEXT_SLOT_GREEDY_MINUS_S_ADAPT,REFERENCE,NEXT_SLOT_GREEDY,S_ADAPT,AP,15,530101,-0.006290989265111763,,,,0,not computed for individual seed or full-DEV nonlinear metric
NEXT_SLOT_GREEDY_MINUS_S_ADAPT,REFERENCE,NEXT_SLOT_GREEDY,S_ADAPT,AP,15,530102,-0.006683488432099677,,,,0,not computed for individual seed or full-DEV nonlinear metric
NEXT_SLOT_GREEDY_MINUS_S_ADAPT,REFERENCE,NEXT_SLOT_GREEDY,S_ADAPT,AP,15,530103,-0.0062527153708590855,,,,0,not computed for individual seed or full-DEV nonlinear metric
NEXT_SLOT_GREEDY_MINUS_S_ADAPT,REFERENCE,NEXT_SLOT_GREEDY,S_ADAPT,AP,15,THREE_SEED_MEAN,-0.006409064356023508,,,,0,full-DEV point estimate only; no COCO bootstrap
NEXT_SLOT_GREEDY_MINUS_S_ADAPT,REFERENCE,NEXT_SLOT_GREEDY,S_ADAPT,AP,20,530101,-0.008556891589262039,,,,0,not computed for individual seed or full-DEV nonlinear metric
NEXT_SLOT_GREEDY_MINUS_S_ADAPT,REFERENCE,NEXT_SLOT_GREEDY,S_ADAPT,AP,20,530102,-0.008254939865187272,,,,0,not computed for individual seed or full-DEV nonlinear metric
NEXT_SLOT_GREEDY_MINUS_S_ADAPT,REFERENCE,NEXT_SLOT_GREEDY,S_ADAPT,AP,20,530103,-0.008999577603735154,,,,0,not computed for individual seed or full-DEV nonlinear metric
NEXT_SLOT_GREEDY_MINUS_S_ADAPT,REFERENCE,NEXT_SLOT_GREEDY,S_ADAPT,AP,20,THREE_SEED_MEAN,-0.008603803019394821,,,,0,full-DEV point estimate only; no COCO bootstrap
NEXT_SLOT_GREEDY_MINUS_S_ADAPT,REFERENCE,NEXT_SLOT_GREEDY,S_ADAPT,AP,30,530101,-0.005457650113771362,,,,0,not computed for individual seed or full-DEV nonlinear metric
NEXT_SLOT_GREEDY_MINUS_S_ADAPT,REFERENCE,NEXT_SLOT_GREEDY,S_ADAPT,AP,30,530102,-0.005240909246906067,,,,0,not computed for individual seed or full-DEV nonlinear metric
NEXT_SLOT_GREEDY_MINUS_S_ADAPT,REFERENCE,NEXT_SLOT_GREEDY,S_ADAPT,AP,30,530103,-0.004656729824084327,,,,0,not computed for individual seed or full-DEV nonlinear metric
NEXT_SLOT_GREEDY_MINUS_S_ADAPT,REFERENCE,NEXT_SLOT_GREEDY,S_ADAPT,AP,30,THREE_SEED_MEAN,-0.005118429728253919,,,,0,full-DEV point estimate only; no COCO bootstrap
NEXT_SLOT_GREEDY_MINUS_S_ADAPT,REFERENCE,NEXT_SLOT_GREEDY,S_ADAPT,AP,40,530101,-0.001422882718290025,,,,0,not computed for individual seed or full-DEV nonlinear metric
NEXT_SLOT_GREEDY_MINUS_S_ADAPT,REFERENCE,NEXT_SLOT_GREEDY,S_ADAPT,AP,40,530102,-0.0016988642288315592,,,,0,not computed for individual seed or full-DEV nonlinear metric
NEXT_SLOT_GREEDY_MINUS_S_ADAPT,REFERENCE,NEXT_SLOT_GREEDY,S_ADAPT,AP,40,530103,-0.0013108251034322782,,,,0,not computed for individual seed or full-DEV nonlinear metric
NEXT_SLOT_GREEDY_MINUS_S_ADAPT,REFERENCE,NEXT_SLOT_GREEDY,S_ADAPT,AP,40,THREE_SEED_MEAN,-0.0014775240168512875,,,,0,full-DEV point estimate only; no COCO bootstrap
NEXT_SLOT_GREEDY_MINUS_S_ADAPT,REFERENCE,NEXT_SLOT_GREEDY,S_ADAPT,AP,CORE_10_15_20,530101,-0.0052915928866389406,,,,0,not computed for individual seed or full-DEV nonlinear metric
NEXT_SLOT_GREEDY_MINUS_S_ADAPT,REFERENCE,NEXT_SLOT_GREEDY,S_ADAPT,AP,CORE_10_15_20,530102,-0.005382027451222414,,,,0,not computed for individual seed or full-DEV nonlinear metric
NEXT_SLOT_GREEDY_MINUS_S_ADAPT,REFERENCE,NEXT_SLOT_GREEDY,S_ADAPT,AP,CORE_10_15_20,530103,-0.005585462768334419,,,,0,not computed for individual seed or full-DEV nonlinear metric
NEXT_SLOT_GREEDY_MINUS_S_ADAPT,REFERENCE,NEXT_SLOT_GREEDY,S_ADAPT,AP,CORE_10_15_20,THREE_SEED_MEAN,-0.005419694368731925,,,,0,full-DEV point estimate only; no COCO bootstrap
NEXT_SLOT_GREEDY_MINUS_S_ADAPT,REFERENCE,NEXT_SLOT_GREEDY,S_ADAPT,AP50,10,530101,0.000025708512449595933,,,,0,not computed for individual seed or full-DEV nonlinear metric
NEXT_SLOT_GREEDY_MINUS_S_ADAPT,REFERENCE,NEXT_SLOT_GREEDY,S_ADAPT,AP50,10,530102,-0.00017813743475961208,,,,0,not computed for individual seed or full-DEV nonlinear metric
NEXT_SLOT_GREEDY_MINUS_S_ADAPT,REFERENCE,NEXT_SLOT_GREEDY,S_ADAPT,AP50,10,530103,-0.0016178676642783218,,,,0,not computed for individual seed or full-DEV nonlinear metric
NEXT_SLOT_GREEDY_MINUS_S_ADAPT,REFERENCE,NEXT_SLOT_GREEDY,S_ADAPT,AP50,10,THREE_SEED_MEAN,-0.0005900988621961126,,,,0,full-DEV point estimate only; no COCO bootstrap
NEXT_SLOT_GREEDY_MINUS_S_ADAPT,REFERENCE,NEXT_SLOT_GREEDY,S_ADAPT,AP50,15,530101,-0.014811968688766775,,,,0,not computed for individual seed or full-DEV nonlinear metric
NEXT_SLOT_GREEDY_MINUS_S_ADAPT,REFERENCE,NEXT_SLOT_GREEDY,S_ADAPT,AP50,15,530102,-0.0152797667772121,,,,0,not computed for individual seed or full-DEV nonlinear metric
NEXT_SLOT_GREEDY_MINUS_S_ADAPT,REFERENCE,NEXT_SLOT_GREEDY,S_ADAPT,AP50,15,530103,-0.01450566976856743,,,,0,not computed for individual seed or full-DEV nonlinear metric
NEXT_SLOT_GREEDY_MINUS_S_ADAPT,REFERENCE,NEXT_SLOT_GREEDY,S_ADAPT,AP50,15,THREE_SEED_MEAN,-0.01486580174484877,,,,0,full-DEV point estimate only; no COCO bootstrap
NEXT_SLOT_GREEDY_MINUS_S_ADAPT,REFERENCE,NEXT_SLOT_GREEDY,S_ADAPT,AP50,20,530101,-0.019593722024571325,,,,0,not computed for individual seed or full-DEV nonlinear metric
NEXT_SLOT_GREEDY_MINUS_S_ADAPT,REFERENCE,NEXT_SLOT_GREEDY,S_ADAPT,AP50,20,530102,-0.018924184969663083,,,,0,not computed for individual seed or full-DEV nonlinear metric
NEXT_SLOT_GREEDY_MINUS_S_ADAPT,REFERENCE,NEXT_SLOT_GREEDY,S_ADAPT,AP50,20,530103,-0.019936358055409442,,,,0,not computed for individual seed or full-DEV nonlinear metric
NEXT_SLOT_GREEDY_MINUS_S_ADAPT,REFERENCE,NEXT_SLOT_GREEDY,S_ADAPT,AP50,20,THREE_SEED_MEAN,-0.01948475501654795,,,,0,full-DEV point estimate only; no COCO bootstrap
NEXT_SLOT_GREEDY_MINUS_S_ADAPT,REFERENCE,NEXT_SLOT_GREEDY,S_ADAPT,AP50,30,530101,-0.013265280718754102,,,,0,not computed for individual seed or full-DEV nonlinear metric
NEXT_SLOT_GREEDY_MINUS_S_ADAPT,REFERENCE,NEXT_SLOT_GREEDY,S_ADAPT,AP50,30,530102,-0.012940811652163486,,,,0,not computed for individual seed or full-DEV nonlinear metric
NEXT_SLOT_GREEDY_MINUS_S_ADAPT,REFERENCE,NEXT_SLOT_GREEDY,S_ADAPT,AP50,30,530103,-0.011882506182494867,,,,0,not computed for individual seed or full-DEV nonlinear metric
NEXT_SLOT_GREEDY_MINUS_S_ADAPT,REFERENCE,NEXT_SLOT_GREEDY,S_ADAPT,AP50,30,THREE_SEED_MEAN,-0.012696199517804152,,,,0,full-DEV point estimate only; no COCO bootstrap
NEXT_SLOT_GREEDY_MINUS_S_ADAPT,REFERENCE,NEXT_SLOT_GREEDY,S_ADAPT,AP50,40,530101,-0.003476027712516594,,,,0,not computed for individual seed or full-DEV nonlinear metric
NEXT_SLOT_GREEDY_MINUS_S_ADAPT,REFERENCE,NEXT_SLOT_GREEDY,S_ADAPT,AP50,40,530102,-0.0037481079771700676,,,,0,not computed for individual seed or full-DEV nonlinear metric
NEXT_SLOT_GREEDY_MINUS_S_ADAPT,REFERENCE,NEXT_SLOT_GREEDY,S_ADAPT,AP50,40,530103,-0.0032579430907531126,,,,0,not computed for individual seed or full-DEV nonlinear metric
NEXT_SLOT_GREEDY_MINUS_S_ADAPT,REFERENCE,NEXT_SLOT_GREEDY,S_ADAPT,AP50,40,THREE_SEED_MEAN,-0.0034940262601465912,,,,0,full-DEV point estimate only; no COCO bootstrap
NEXT_SLOT_GREEDY_MINUS_S_ADAPT,REFERENCE,NEXT_SLOT_GREEDY,S_ADAPT,AP50,CORE_10_15_20,530101,-0.011459994066962834,,,,0,not computed for individual seed or full-DEV nonlinear metric
NEXT_SLOT_GREEDY_MINUS_S_ADAPT,REFERENCE,NEXT_SLOT_GREEDY,S_ADAPT,AP50,CORE_10_15_20,530102,-0.011460696393878264,,,,0,not computed for individual seed or full-DEV nonlinear metric
NEXT_SLOT_GREEDY_MINUS_S_ADAPT,REFERENCE,NEXT_SLOT_GREEDY,S_ADAPT,AP50,CORE_10_15_20,530103,-0.012019965162751731,,,,0,not computed for individual seed or full-DEV nonlinear metric
NEXT_SLOT_GREEDY_MINUS_S_ADAPT,REFERENCE,NEXT_SLOT_GREEDY,S_ADAPT,AP50,CORE_10_15_20,THREE_SEED_MEAN,-0.011646885207864277,,,,0,full-DEV point estimate only; no COCO bootstrap
NEXT_SLOT_GREEDY_MINUS_S_ADAPT,REFERENCE,NEXT_SLOT_GREEDY,S_ADAPT,AP75,10,530101,-0.000809775584940553,,,,0,not computed for individual seed or full-DEV nonlinear metric
NEXT_SLOT_GREEDY_MINUS_S_ADAPT,REFERENCE,NEXT_SLOT_GREEDY,S_ADAPT,AP75,10,530102,-0.0011431348150467424,,,,0,not computed for individual seed or full-DEV nonlinear metric
NEXT_SLOT_GREEDY_MINUS_S_ADAPT,REFERENCE,NEXT_SLOT_GREEDY,S_ADAPT,AP75,10,530103,-0.0009436845261912019,,,,0,not computed for individual seed or full-DEV nonlinear metric
NEXT_SLOT_GREEDY_MINUS_S_ADAPT,REFERENCE,NEXT_SLOT_GREEDY,S_ADAPT,AP75,10,THREE_SEED_MEAN,-0.0009655316420594992,,,,0,full-DEV point estimate only; no COCO bootstrap
NEXT_SLOT_GREEDY_MINUS_S_ADAPT,REFERENCE,NEXT_SLOT_GREEDY,S_ADAPT,AP75,15,530101,-0.00443058438762739,,,,0,not computed for individual seed or full-DEV nonlinear metric
NEXT_SLOT_GREEDY_MINUS_S_ADAPT,REFERENCE,NEXT_SLOT_GREEDY,S_ADAPT,AP75,15,530102,-0.004949868892275,,,,0,not computed for individual seed or full-DEV nonlinear metric
NEXT_SLOT_GREEDY_MINUS_S_ADAPT,REFERENCE,NEXT_SLOT_GREEDY,S_ADAPT,AP75,15,530103,-0.0050602287295960224,,,,0,not computed for individual seed or full-DEV nonlinear metric
NEXT_SLOT_GREEDY_MINUS_S_ADAPT,REFERENCE,NEXT_SLOT_GREEDY,S_ADAPT,AP75,15,THREE_SEED_MEAN,-0.004813560669832804,,,,0,full-DEV point estimate only; no COCO bootstrap
NEXT_SLOT_GREEDY_MINUS_S_ADAPT,REFERENCE,NEXT_SLOT_GREEDY,S_ADAPT,AP75,20,530101,-0.006019284194255292,,,,0,not computed for individual seed or full-DEV nonlinear metric
NEXT_SLOT_GREEDY_MINUS_S_ADAPT,REFERENCE,NEXT_SLOT_GREEDY,S_ADAPT,AP75,20,530102,-0.005650799114608279,,,,0,not computed for individual seed or full-DEV nonlinear metric
NEXT_SLOT_GREEDY_MINUS_S_ADAPT,REFERENCE,NEXT_SLOT_GREEDY,S_ADAPT,AP75,20,530103,-0.006330517905992511,,,,0,not computed for individual seed or full-DEV nonlinear metric
NEXT_SLOT_GREEDY_MINUS_S_ADAPT,REFERENCE,NEXT_SLOT_GREEDY,S_ADAPT,AP75,20,THREE_SEED_MEAN,-0.0060002004049520274,,,,0,full-DEV point estimate only; no COCO bootstrap
NEXT_SLOT_GREEDY_MINUS_S_ADAPT,REFERENCE,NEXT_SLOT_GREEDY,S_ADAPT,AP75,30,530101,-0.0037733320098342626,,,,0,not computed for individual seed or full-DEV nonlinear metric
NEXT_SLOT_GREEDY_MINUS_S_ADAPT,REFERENCE,NEXT_SLOT_GREEDY,S_ADAPT,AP75,30,530102,-0.003461665104819961,,,,0,not computed for individual seed or full-DEV nonlinear metric
NEXT_SLOT_GREEDY_MINUS_S_ADAPT,REFERENCE,NEXT_SLOT_GREEDY,S_ADAPT,AP75,30,530103,-0.003026366640078243,,,,0,not computed for individual seed or full-DEV nonlinear metric
NEXT_SLOT_GREEDY_MINUS_S_ADAPT,REFERENCE,NEXT_SLOT_GREEDY,S_ADAPT,AP75,30,THREE_SEED_MEAN,-0.0034204545849108223,,,,0,full-DEV point estimate only; no COCO bootstrap
NEXT_SLOT_GREEDY_MINUS_S_ADAPT,REFERENCE,NEXT_SLOT_GREEDY,S_ADAPT,AP75,40,530101,-0.0012829544977844276,,,,0,not computed for individual seed or full-DEV nonlinear metric
NEXT_SLOT_GREEDY_MINUS_S_ADAPT,REFERENCE,NEXT_SLOT_GREEDY,S_ADAPT,AP75,40,530102,-0.001423003613615137,,,,0,not computed for individual seed or full-DEV nonlinear metric
NEXT_SLOT_GREEDY_MINUS_S_ADAPT,REFERENCE,NEXT_SLOT_GREEDY,S_ADAPT,AP75,40,530103,-0.0013022374172589335,,,,0,not computed for individual seed or full-DEV nonlinear metric
NEXT_SLOT_GREEDY_MINUS_S_ADAPT,REFERENCE,NEXT_SLOT_GREEDY,S_ADAPT,AP75,40,THREE_SEED_MEAN,-0.0013360651762194993,,,,0,full-DEV point estimate only; no COCO bootstrap
NEXT_SLOT_GREEDY_MINUS_S_ADAPT,REFERENCE,NEXT_SLOT_GREEDY,S_ADAPT,AP75,CORE_10_15_20,530101,-0.0037532147222744117,,,,0,not computed for individual seed or full-DEV nonlinear metric
NEXT_SLOT_GREEDY_MINUS_S_ADAPT,REFERENCE,NEXT_SLOT_GREEDY,S_ADAPT,AP75,CORE_10_15_20,530102,-0.003914600940643341,,,,0,not computed for individual seed or full-DEV nonlinear metric
NEXT_SLOT_GREEDY_MINUS_S_ADAPT,REFERENCE,NEXT_SLOT_GREEDY,S_ADAPT,AP75,CORE_10_15_20,530103,-0.004111477053926578,,,,0,not computed for individual seed or full-DEV nonlinear metric
NEXT_SLOT_GREEDY_MINUS_S_ADAPT,REFERENCE,NEXT_SLOT_GREEDY,S_ADAPT,AP75,CORE_10_15_20,THREE_SEED_MEAN,-0.003926430905614777,,,,0,full-DEV point estimate only; no COCO bootstrap
NEXT_SLOT_GREEDY_MINUS_S_ADAPT,REFERENCE,NEXT_SLOT_GREEDY,S_ADAPT,AR100,10,530101,0.0002461704235830753,,,,0,not computed for individual seed or full-DEV nonlinear metric
NEXT_SLOT_GREEDY_MINUS_S_ADAPT,REFERENCE,NEXT_SLOT_GREEDY,S_ADAPT,AR100,10,530102,0.00003377727777670314,,,,0,not computed for individual seed or full-DEV nonlinear metric
NEXT_SLOT_GREEDY_MINUS_S_ADAPT,REFERENCE,NEXT_SLOT_GREEDY,S_ADAPT,AR100,10,530103,-0.0005343601936171893,,,,0,not computed for individual seed or full-DEV nonlinear metric
NEXT_SLOT_GREEDY_MINUS_S_ADAPT,REFERENCE,NEXT_SLOT_GREEDY,S_ADAPT,AR100,10,THREE_SEED_MEAN,-0.00008480416408580364,,,,0,full-DEV point estimate only; no COCO bootstrap
NEXT_SLOT_GREEDY_MINUS_S_ADAPT,REFERENCE,NEXT_SLOT_GREEDY,S_ADAPT,AR100,15,530101,-0.011323266875865462,,,,0,not computed for individual seed or full-DEV nonlinear metric
NEXT_SLOT_GREEDY_MINUS_S_ADAPT,REFERENCE,NEXT_SLOT_GREEDY,S_ADAPT,AR100,15,530102,-0.012388280916229816,,,,0,not computed for individual seed or full-DEV nonlinear metric
NEXT_SLOT_GREEDY_MINUS_S_ADAPT,REFERENCE,NEXT_SLOT_GREEDY,S_ADAPT,AR100,15,530103,-0.01048045313634241,,,,0,not computed for individual seed or full-DEV nonlinear metric
NEXT_SLOT_GREEDY_MINUS_S_ADAPT,REFERENCE,NEXT_SLOT_GREEDY,S_ADAPT,AR100,15,THREE_SEED_MEAN,-0.011397333642812563,,,,0,full-DEV point estimate only; no COCO bootstrap
NEXT_SLOT_GREEDY_MINUS_S_ADAPT,REFERENCE,NEXT_SLOT_GREEDY,S_ADAPT,AR100,20,530101,-0.02266515043557163,,,,0,not computed for individual seed or full-DEV nonlinear metric
NEXT_SLOT_GREEDY_MINUS_S_ADAPT,REFERENCE,NEXT_SLOT_GREEDY,S_ADAPT,AR100,20,530102,-0.021688444345345864,,,,0,not computed for individual seed or full-DEV nonlinear metric
NEXT_SLOT_GREEDY_MINUS_S_ADAPT,REFERENCE,NEXT_SLOT_GREEDY,S_ADAPT,AR100,20,530103,-0.022279843606213795,,,,0,not computed for individual seed or full-DEV nonlinear metric
NEXT_SLOT_GREEDY_MINUS_S_ADAPT,REFERENCE,NEXT_SLOT_GREEDY,S_ADAPT,AR100,20,THREE_SEED_MEAN,-0.022211146129043763,,,,0,full-DEV point estimate only; no COCO bootstrap
NEXT_SLOT_GREEDY_MINUS_S_ADAPT,REFERENCE,NEXT_SLOT_GREEDY,S_ADAPT,AR100,30,530101,-0.022076700753671075,,,,0,not computed for individual seed or full-DEV nonlinear metric
NEXT_SLOT_GREEDY_MINUS_S_ADAPT,REFERENCE,NEXT_SLOT_GREEDY,S_ADAPT,AR100,30,530102,-0.020630773110137002,,,,0,not computed for individual seed or full-DEV nonlinear metric
NEXT_SLOT_GREEDY_MINUS_S_ADAPT,REFERENCE,NEXT_SLOT_GREEDY,S_ADAPT,AR100,30,530103,-0.018334049927834495,,,,0,not computed for individual seed or full-DEV nonlinear metric
NEXT_SLOT_GREEDY_MINUS_S_ADAPT,REFERENCE,NEXT_SLOT_GREEDY,S_ADAPT,AR100,30,THREE_SEED_MEAN,-0.02034717459721419,,,,0,full-DEV point estimate only; no COCO bootstrap
NEXT_SLOT_GREEDY_MINUS_S_ADAPT,REFERENCE,NEXT_SLOT_GREEDY,S_ADAPT,AR100,40,530101,-0.007984388359822348,,,,0,not computed for individual seed or full-DEV nonlinear metric
NEXT_SLOT_GREEDY_MINUS_S_ADAPT,REFERENCE,NEXT_SLOT_GREEDY,S_ADAPT,AR100,40,530102,-0.008889666706864752,,,,0,not computed for individual seed or full-DEV nonlinear metric
NEXT_SLOT_GREEDY_MINUS_S_ADAPT,REFERENCE,NEXT_SLOT_GREEDY,S_ADAPT,AR100,40,530103,-0.006916010087917701,,,,0,not computed for individual seed or full-DEV nonlinear metric
NEXT_SLOT_GREEDY_MINUS_S_ADAPT,REFERENCE,NEXT_SLOT_GREEDY,S_ADAPT,AR100,40,THREE_SEED_MEAN,-0.0079300217182016,,,,0,full-DEV point estimate only; no COCO bootstrap
NEXT_SLOT_GREEDY_MINUS_S_ADAPT,REFERENCE,NEXT_SLOT_GREEDY,S_ADAPT,AR100,CORE_10_15_20,530101,-0.011247415629284671,,,,0,not computed for individual seed or full-DEV nonlinear metric
NEXT_SLOT_GREEDY_MINUS_S_ADAPT,REFERENCE,NEXT_SLOT_GREEDY,S_ADAPT,AR100,CORE_10_15_20,530102,-0.011347649327932993,,,,0,not computed for individual seed or full-DEV nonlinear metric
NEXT_SLOT_GREEDY_MINUS_S_ADAPT,REFERENCE,NEXT_SLOT_GREEDY,S_ADAPT,AR100,CORE_10_15_20,530103,-0.011098218978724464,,,,0,not computed for individual seed or full-DEV nonlinear metric
NEXT_SLOT_GREEDY_MINUS_S_ADAPT,REFERENCE,NEXT_SLOT_GREEDY,S_ADAPT,AR100,CORE_10_15_20,THREE_SEED_MEAN,-0.011231094645314042,,,,0,full-DEV point estimate only; no COCO bootstrap
