sample_order,phase,timing_scope,policy,seed,budget,profile_group_id,elapsed_ms,amortized_ms_per_image,output_records,predicted_objective,selection_digest
0,MEASURED,FULL_POLICY_PATH,FULL_DP,530101,15,4,133.8203,3.3455075,600,93.15287583446096,f4a94ff0a77b6bd17929b939cf25ec2bc7ef76ebdf3f58bce2d75db46d2d99f4
1,MEASURED,FULL_POLICY_PATH,NO_PREFIX_DP,530101,15,0,65.7119,1.6427975,600,94.08364844578004,b733158971e4092df6cb7bfcc910b3d53143c113e838b39d49ee6d54f3db9191
2,MEASURED,FULL_POLICY_PATH,NO_EMBED_DP,530101,15,1,128.1609,3.2040224999999998,600,81.19884760996587,4677e3bdde76ee627010870d24b619d935e3292ef7db9a7c22bc2fe43c826b0d
3,MEASURED,FULL_POLICY_PATH,FULL_DP,530101,15,0,135.9074,3.397685,600,97.20164785567786,5dfc6e9b928df4d0f08ff5efa0db383122234cf621cb1aff31d5dc76cea53281
4,MEASURED,FULL_POLICY_PATH,NO_EMBED_DP,530101,15,4,136.2051,3.4051275,600,91.78795051111094,d6bff5ecbf83e666eccc9a63d39d4614ab32cafe9ff333da54eaccf3edbb4ec6
5,MEASURED,FULL_POLICY_PATH,FULL_NEXT_SLOT_GREEDY,530101,15,0,108.8465,2.7211625,600,79.12127307035414,ab38e837f2c907f127edbde2f7c8ed95a36a472fad62c78ed720b04f7d3651d6
6,MEASURED,FULL_POLICY_PATH,S_ADAPT_FAST,-1,15,4,1.1374,0.028435,600,357.80318182706833,5938eba45c73290974057dd22f17b06e25d6b2d6c0e2628f2227edfdebb7b23b
7,MEASURED,FULL_POLICY_PATH,FULL_DP,530101,15,0,143.1912,3.5797800000000004,600,97.20164785567786,5dfc6e9b928df4d0f08ff5efa0db383122234cf621cb1aff31d5dc76cea53281
8,MEASURED,FULL_POLICY_PATH,FULL_DP,530101,15,3,137.9751,3.4493774999999998,600,130.3358717953731,189881a5e1bfcc51a0b294aead80a5689fa4ff9cc9441444624324248e655954
9,MEASURED,FULL_POLICY_PATH,NO_PREFIX_DP,530101,15,0,62.9284,1.57321,600,94.08364844578004,b733158971e4092df6cb7bfcc910b3d53143c113e838b39d49ee6d54f3db9191
10,MEASURED,FULL_POLICY_PATH,FULL_DP,530101,15,4,132.14,3.3034999999999997,600,93.15287583446096,f4a94ff0a77b6bd17929b939cf25ec2bc7ef76ebdf3f58bce2d75db46d2d99f4
11,MEASURED,FULL_POLICY_PATH,FULL_DP,530101,15,2,139.8341,3.4958525000000003,600,97.01479891499869,7e6d95d769c7d9687624018c1d858390f954fe241d6b8975ccdd997e695297b3
12,MEASURED,FULL_POLICY_PATH,FULL_NEXT_SLOT_GREEDY,530101,15,3,123.8742,3.096855,600,119.1855570835663,5f1975b28559b7b33f8074ff952ca72e66c70bcdf7a314a2d50a53a27172945b
13,MEASURED,FULL_POLICY_PATH,NO_PREFIX_DP,530101,15,0,61.5244,1.53811,600,94.08364844578004,b733158971e4092df6cb7bfcc910b3d53143c113e838b39d49ee6d54f3db9191
14,MEASURED,FULL_POLICY_PATH,FULL_NEXT_SLOT_GREEDY,530101,15,0,109.7649,2.7441225,600,79.12127307035414,ab38e837f2c907f127edbde2f7c8ed95a36a472fad62c78ed720b04f7d3651d6
15,MEASURED,FULL_POLICY_PATH,S_ADAPT_FAST,-1,15,2,1.1285,0.0282125,600,363.60913959145546,f3eef135fbf7cda7d4259deff31d97d81321154c3d403ba8eae0e13e337b36ae
16,MEASURED,FULL_POLICY_PATH,NO_EMBED_DP,530101,15,2,129.045,3.2261249999999997,600,90.5785843672236,2c38bfe7fb4e8cff8e1084994138bfdfb70f1baed15fb308f7ecb7d750be6b75
17,MEASURED,FULL_POLICY_PATH,NO_PREFIX_DP,530101,15,0,68.6927,1.7173175,600,94.08364844578004,b733158971e4092df6cb7bfcc910b3d53143c113e838b39d49ee6d54f3db9191
18,MEASURED,FULL_POLICY_PATH,FULL_NEXT_SLOT_GREEDY,530101,15,3,120.8956,3.02239,600,119.1855570835663,5f1975b28559b7b33f8074ff952ca72e66c70bcdf7a314a2d50a53a27172945b
19,MEASURED,FULL_POLICY_PATH,NO_PREFIX_DP,530101,15,4,61.8474,1.546185,600,92.91179714465501,aa6e049188fd5834fc3d4e105f2487f1c89f58cab1287992b795624079e74360
20,MEASURED,FULL_POLICY_PATH,NO_EMBED_DP,530101,15,4,134.6333,3.3658325,600,91.78795051111094,d6bff5ecbf83e666eccc9a63d39d4614ab32cafe9ff333da54eaccf3edbb4ec6
21,MEASURED,FULL_POLICY_PATH,FULL_DP,530101,15,3,136.634,3.41585,600,130.3358717953731,189881a5e1bfcc51a0b294aead80a5689fa4ff9cc9441444624324248e655954
22,MEASURED,FULL_POLICY_PATH,NO_EMBED_DP,530101,15,3,130.0432,3.2510800000000004,600,129.98035955217418,d8d52a3f931c04c90625844d57e4f46003a009fb3fd52c409a81f4859c4ccae6
23,MEASURED,FULL_POLICY_PATH,FULL_NEXT_SLOT_GREEDY,530101,15,2,115.8163,2.8954075,600,68.69790992373238,0904e6cfb8b018038439d5b1a66e5ae2acf3fa4974b7a19eea42986962a33c60
24,MEASURED,FULL_POLICY_PATH,FULL_DP,530101,15,0,137.6181,3.4404525,600,97.20164785567786,5dfc6e9b928df4d0f08ff5efa0db383122234cf621cb1aff31d5dc76cea53281
25,MEASURED,FULL_POLICY_PATH,S_ADAPT_FAST,-1,15,1,1.1784,0.029459999999999997,600,353.76666152477264,106a9662fdc268276fd832a53813a5d41c26843d15913d386057929c37645238
26,MEASURED,FULL_POLICY_PATH,FULL_NEXT_SLOT_GREEDY,530101,15,2,110.4089,2.7602225000000002,600,68.69790992373238,0904e6cfb8b018038439d5b1a66e5ae2acf3fa4974b7a19eea42986962a33c60
27,MEASURED,FULL_POLICY_PATH,FULL_DP,530101,15,3,137.8468,3.44617,600,130.3358717953731,189881a5e1bfcc51a0b294aead80a5689fa4ff9cc9441444624324248e655954
28,MEASURED,FULL_POLICY_PATH,NO_PREFIX_DP,530101,15,3,68.7358,1.718395,600,125.34074133885542,29119f3c9f537c11011ef313aae78fb6145a44dee7bf88514850e46c0121538a
29,MEASURED,FULL_POLICY_PATH,NO_PREFIX_DP,530101,15,2,66.5109,1.6627725000000002,600,94.03389088808336,d4377bf6884a9f804811d8b258a5bb09ef9cecc203170abee78a6ca069445970
30,MEASURED,FULL_POLICY_PATH,NO_PREFIX_DP,530101,15,0,65.4062,1.635155,600,94.08364844578004,b733158971e4092df6cb7bfcc910b3d53143c113e838b39d49ee6d54f3db9191
31,MEASURED,FULL_POLICY_PATH,S_ADAPT_FAST,-1,15,2,1.1495,0.0287375,600,363.60913959145546,f3eef135fbf7cda7d4259deff31d97d81321154c3d403ba8eae0e13e337b36ae
32,MEASURED,FULL_POLICY_PATH,NO_PREFIX_DP,530101,15,2,58.2177,1.4554425,600,94.03389088808336,d4377bf6884a9f804811d8b258a5bb09ef9cecc203170abee78a6ca069445970
33,MEASURED,FULL_POLICY_PATH,FULL_NEXT_SLOT_GREEDY,530101,15,1,110.6499,2.7662475,600,67.07440195907775,2bf74be3014a89749800b5ce98bd2fe88e6e01f0853b07dbb3580a7eeb8ae530
34,MEASURED,FULL_POLICY_PATH,NO_EMBED_DP,530101,15,2,132.6526,3.3163150000000003,600,90.5785843672236,2c38bfe7fb4e8cff8e1084994138bfdfb70f1baed15fb308f7ecb7d750be6b75
35,MEASURED,FULL_POLICY_PATH,S_ADAPT_FAST,-1,15,3,1.1843,0.0296075,600,386.0996204018593,252c151f42ca3b8e280b1fc6e087a8dee2153f14747c336e7dcac0134425feea
36,MEASURED,FULL_POLICY_PATH,NO_PREFIX_DP,530101,15,1,73.1637,1.8290925000000002,600,84.8545323544316,e20679a26c7d8bd9c21ac0cb888850bff141701c33937ace1eca0f4c8c1d5abb
37,MEASURED,FULL_POLICY_PATH,NO_PREFIX_DP,530101,15,1,59.5927,1.4898175,600,84.8545323544316,e20679a26c7d8bd9c21ac0cb888850bff141701c33937ace1eca0f4c8c1d5abb
38,MEASURED,FULL_POLICY_PATH,FULL_NEXT_SLOT_GREEDY,530101,15,1,107.4669,2.6866725,600,67.07440195907775,2bf74be3014a89749800b5ce98bd2fe88e6e01f0853b07dbb3580a7eeb8ae530
39,MEASURED,FULL_POLICY_PATH,NO_EMBED_DP,530101,15,1,125.3666,3.1341650000000003,600,81.19884760996587,4677e3bdde76ee627010870d24b619d935e3292ef7db9a7c22bc2fe43c826b0d
40,MEASURED,FULL_POLICY_PATH,NO_PREFIX_DP,530101,15,1,69.5872,1.73968,600,84.8545323544316,e20679a26c7d8bd9c21ac0cb888850bff141701c33937ace1eca0f4c8c1d5abb
41,MEASURED,FULL_POLICY_PATH,S_ADAPT_FAST,-1,15,3,1.9851,0.049627500000000005,600,386.0996204018593,252c151f42ca3b8e280b1fc6e087a8dee2153f14747c336e7dcac0134425feea
42,MEASURED,FULL_POLICY_PATH,FULL_DP,530101,15,0,134.1581,3.3539524999999997,600,97.20164785567786,5dfc6e9b928df4d0f08ff5efa0db383122234cf621cb1aff31d5dc76cea53281
43,MEASURED,FULL_POLICY_PATH,S_ADAPT_FAST,-1,15,0,1.5872,0.03968,600,371.3841568529606,b3004c94c0a1acc4bea41b0fbb2b1d0eba865c9be972d407e019303ca1057a20
44,MEASURED,FULL_POLICY_PATH,FULL_NEXT_SLOT_GREEDY,530101,15,1,117.1372,2.92843,600,67.07440195907775,2bf74be3014a89749800b5ce98bd2fe88e6e01f0853b07dbb3580a7eeb8ae530
45,MEASURED,FULL_POLICY_PATH,S_ADAPT_FAST,-1,15,2,1.1595,0.0289875,600,363.60913959145546,f3eef135fbf7cda7d4259deff31d97d81321154c3d403ba8eae0e13e337b36ae
46,MEASURED,FULL_POLICY_PATH,NO_EMBED_DP,530101,15,0,149.6301,3.7407525,600,95.54677765648798,965c287b4cd26a8c99ebf6da47e213336fc6727a72a31f68b5b319f015816662
47,MEASURED,FULL_POLICY_PATH,FULL_DP,530101,15,2,134.8393,3.3709825,600,97.01479891499869,7e6d95d769c7d9687624018c1d858390f954fe241d6b8975ccdd997e695297b3
48,MEASURED,FULL_POLICY_PATH,FULL_DP,530101,15,1,140.0118,3.500295,600,83.67778409735129,ef43848fe57bfab6314f95d3543e966a8b08c097b3706610f18e7b16785f617f
49,MEASURED,FULL_POLICY_PATH,FULL_NEXT_SLOT_GREEDY,530101,15,4,116.8181,2.9204525,600,75.07457333232126,b386b02cb26639373bfd804a9b1dc38723d62ad9d6fbfe9b679c7848fd9ed066
50,MEASURED,FULL_POLICY_PATH,NO_EMBED_DP,530101,15,3,128.7985,3.2199625,600,129.98035955217418,d8d52a3f931c04c90625844d57e4f46003a009fb3fd52c409a81f4859c4ccae6
51,MEASURED,FULL_POLICY_PATH,S_ADAPT_FAST,-1,15,1,1.1597,0.028992499999999997,600,353.76666152477264,106a9662fdc268276fd832a53813a5d41c26843d15913d386057929c37645238
52,MEASURED,FULL_POLICY_PATH,NO_PREFIX_DP,530101,15,0,62.822,1.5705500000000001,600,94.08364844578004,b733158971e4092df6cb7bfcc910b3d53143c113e838b39d49ee6d54f3db9191
53,MEASURED,FULL_POLICY_PATH,FULL_DP,530101,15,0,137.4559,3.4363975000000004,600,97.20164785567786,5dfc6e9b928df4d0f08ff5efa0db383122234cf621cb1aff31d5dc76cea53281
54,MEASURED,FULL_POLICY_PATH,NO_PREFIX_DP,530101,15,4,61.7049,1.5426225,600,92.91179714465501,aa6e049188fd5834fc3d4e105f2487f1c89f58cab1287992b795624079e74360
55,MEASURED,FULL_POLICY_PATH,S_ADAPT_FAST,-1,15,3,1.1925,0.0298125,600,386.0996204018593,252c151f42ca3b8e280b1fc6e087a8dee2153f14747c336e7dcac0134425feea
56,MEASURED,FULL_POLICY_PATH,FULL_DP,530101,15,2,135.258,3.38145,600,97.01479891499869,7e6d95d769c7d9687624018c1d858390f954fe241d6b8975ccdd997e695297b3
57,MEASURED,FULL_POLICY_PATH,NO_PREFIX_DP,530101,15,0,60.4774,1.511935,600,94.08364844578004,b733158971e4092df6cb7bfcc910b3d53143c113e838b39d49ee6d54f3db9191
58,MEASURED,FULL_POLICY_PATH,NO_EMBED_DP,530101,15,3,132.9625,3.3240625,600,129.98035955217418,d8d52a3f931c04c90625844d57e4f46003a009fb3fd52c409a81f4859c4ccae6
59,MEASURED,FULL_POLICY_PATH,S_ADAPT_FAST,-1,15,2,1.2141,0.030352499999999998,600,363.60913959145546,f3eef135fbf7cda7d4259deff31d97d81321154c3d403ba8eae0e13e337b36ae
60,MEASURED,FULL_POLICY_PATH,FULL_DP,530101,15,3,131.5166,3.2879150000000004,600,130.3358717953731,189881a5e1bfcc51a0b294aead80a5689fa4ff9cc9441444624324248e655954
61,MEASURED,FULL_POLICY_PATH,FULL_NEXT_SLOT_GREEDY,530101,15,4,110.3719,2.7592974999999997,600,75.07457333232126,b386b02cb26639373bfd804a9b1dc38723d62ad9d6fbfe9b679c7848fd9ed066
62,MEASURED,FULL_POLICY_PATH,FULL_NEXT_SLOT_GREEDY,530101,15,0,119.8754,2.996885,600,79.12127307035414,ab38e837f2c907f127edbde2f7c8ed95a36a472fad62c78ed720b04f7d3651d6
63,MEASURED,FULL_POLICY_PATH,NO_PREFIX_DP,530101,15,2,64.4283,1.6107074999999997,600,94.03389088808336,d4377bf6884a9f804811d8b258a5bb09ef9cecc203170abee78a6ca069445970
64,MEASURED,FULL_POLICY_PATH,FULL_NEXT_SLOT_GREEDY,530101,15,4,113.5791,2.8394775,600,75.07457333232126,b386b02cb26639373bfd804a9b1dc38723d62ad9d6fbfe9b679c7848fd9ed066
65,MEASURED,FULL_POLICY_PATH,FULL_DP,530101,15,2,132.3607,3.3090175000000004,600,97.01479891499869,7e6d95d769c7d9687624018c1d858390f954fe241d6b8975ccdd997e695297b3
66,MEASURED,FULL_POLICY_PATH,NO_PREFIX_DP,530101,15,0,66.9676,1.67419,600,94.08364844578004,b733158971e4092df6cb7bfcc910b3d53143c113e838b39d49ee6d54f3db9191
67,MEASURED,FULL_POLICY_PATH,NO_EMBED_DP,530101,15,4,139.5343,3.4883575,600,91.78795051111094,d6bff5ecbf83e666eccc9a63d39d4614ab32cafe9ff333da54eaccf3edbb4ec6
68,MEASURED,FULL_POLICY_PATH,FULL_NEXT_SLOT_GREEDY,530101,15,3,113.4755,2.8368875,600,119.1855570835663,5f1975b28559b7b33f8074ff952ca72e66c70bcdf7a314a2d50a53a27172945b
69,MEASURED,FULL_POLICY_PATH,NO_PREFIX_DP,530101,15,2,68.3062,1.7076550000000001,600,94.03389088808336,d4377bf6884a9f804811d8b258a5bb09ef9cecc203170abee78a6ca069445970
70,MEASURED,FULL_POLICY_PATH,NO_PREFIX_DP,530101,15,3,58.2734,1.456835,600,125.34074133885542,29119f3c9f537c11011ef313aae78fb6145a44dee7bf88514850e46c0121538a
71,MEASURED,FULL_POLICY_PATH,FULL_NEXT_SLOT_GREEDY,530101,15,0,116.2007,2.9050175,600,79.12127307035414,ab38e837f2c907f127edbde2f7c8ed95a36a472fad62c78ed720b04f7d3651d6
72,MEASURED,FULL_POLICY_PATH,S_ADAPT_FAST,-1,15,4,1.1637,0.0290925,600,357.80318182706833,5938eba45c73290974057dd22f17b06e25d6b2d6c0e2628f2227edfdebb7b23b
73,MEASURED,FULL_POLICY_PATH,NO_PREFIX_DP,530101,15,3,69.2544,1.73136,600,125.34074133885542,29119f3c9f537c11011ef313aae78fb6145a44dee7bf88514850e46c0121538a
74,MEASURED,FULL_POLICY_PATH,FULL_DP,530101,15,4,147.8788,3.6969700000000003,600,93.15287583446096,f4a94ff0a77b6bd17929b939cf25ec2bc7ef76ebdf3f58bce2d75db46d2d99f4
75,MEASURED,FULL_POLICY_PATH,NO_EMBED_DP,530101,15,3,142.4015,3.5600375,600,129.98035955217418,d8d52a3f931c04c90625844d57e4f46003a009fb3fd52c409a81f4859c4ccae6
76,MEASURED,FULL_POLICY_PATH,FULL_NEXT_SLOT_GREEDY,530101,15,3,112.236,2.8059000000000003,600,119.1855570835663,5f1975b28559b7b33f8074ff952ca72e66c70bcdf7a314a2d50a53a27172945b
77,MEASURED,FULL_POLICY_PATH,NO_PREFIX_DP,530101,15,2,61.9495,1.5487375,600,94.03389088808336,d4377bf6884a9f804811d8b258a5bb09ef9cecc203170abee78a6ca069445970
78,MEASURED,FULL_POLICY_PATH,S_ADAPT_FAST,-1,15,0,1.1673,0.0291825,600,371.3841568529606,b3004c94c0a1acc4bea41b0fbb2b1d0eba865c9be972d407e019303ca1057a20
79,MEASURED,FULL_POLICY_PATH,FULL_NEXT_SLOT_GREEDY,530101,15,2,110.1768,2.75442,600,68.69790992373238,0904e6cfb8b018038439d5b1a66e5ae2acf3fa4974b7a19eea42986962a33c60
80,MEASURED,FULL_POLICY_PATH,S_ADAPT_FAST,-1,15,0,1.1518,0.028794999999999998,600,371.3841568529606,b3004c94c0a1acc4bea41b0fbb2b1d0eba865c9be972d407e019303ca1057a20
81,MEASURED,FULL_POLICY_PATH,S_ADAPT_FAST,-1,15,2,1.2826,0.032064999999999996,600,363.60913959145546,f3eef135fbf7cda7d4259deff31d97d81321154c3d403ba8eae0e13e337b36ae
82,MEASURED,FULL_POLICY_PATH,FULL_DP,530101,15,1,145.7672,3.64418,600,83.67778409735129,ef43848fe57bfab6314f95d3543e966a8b08c097b3706610f18e7b16785f617f
83,MEASURED,FULL_POLICY_PATH,NO_PREFIX_DP,530101,15,4,70.9346,1.773365,600,92.91179714465501,aa6e049188fd5834fc3d4e105f2487f1c89f58cab1287992b795624079e74360
84,MEASURED,FULL_POLICY_PATH,NO_EMBED_DP,530101,15,3,128.4946,3.2123649999999997,600,129.98035955217418,d8d52a3f931c04c90625844d57e4f46003a009fb3fd52c409a81f4859c4ccae6
85,MEASURED,FULL_POLICY_PATH,NO_EMBED_DP,530101,15,1,135.8745,3.3968625,600,81.19884760996587,4677e3bdde76ee627010870d24b619d935e3292ef7db9a7c22bc2fe43c826b0d
86,MEASURED,FULL_POLICY_PATH,S_ADAPT_FAST,-1,15,0,1.1757,0.0293925,600,371.3841568529606,b3004c94c0a1acc4bea41b0fbb2b1d0eba865c9be972d407e019303ca1057a20
87,MEASURED,FULL_POLICY_PATH,NO_PREFIX_DP,530101,15,1,73.3723,1.8343075,600,84.8545323544316,e20679a26c7d8bd9c21ac0cb888850bff141701c33937ace1eca0f4c8c1d5abb
88,MEASURED,FULL_POLICY_PATH,FULL_NEXT_SLOT_GREEDY,530101,15,3,111.7289,2.7932224999999997,600,119.1855570835663,5f1975b28559b7b33f8074ff952ca72e66c70bcdf7a314a2d50a53a27172945b
89,MEASURED,FULL_POLICY_PATH,FULL_NEXT_SLOT_GREEDY,530101,15,1,112.6982,2.817455,600,67.07440195907775,2bf74be3014a89749800b5ce98bd2fe88e6e01f0853b07dbb3580a7eeb8ae530
90,MEASURED,FULL_POLICY_PATH,S_ADAPT_FAST,-1,15,0,1.146,0.02865,600,371.3841568529606,b3004c94c0a1acc4bea41b0fbb2b1d0eba865c9be972d407e019303ca1057a20
91,MEASURED,FULL_POLICY_PATH,FULL_DP,530101,15,4,138.1784,3.45446,600,93.15287583446096,f4a94ff0a77b6bd17929b939cf25ec2bc7ef76ebdf3f58bce2d75db46d2d99f4
92,MEASURED,FULL_POLICY_PATH,FULL_NEXT_SLOT_GREEDY,530101,15,1,122.6128,3.06532,600,67.07440195907775,2bf74be3014a89749800b5ce98bd2fe88e6e01f0853b07dbb3580a7eeb8ae530
93,MEASURED,FULL_POLICY_PATH,NO_PREFIX_DP,530101,15,4,59.4968,1.48742,600,92.91179714465501,aa6e049188fd5834fc3d4e105f2487f1c89f58cab1287992b795624079e74360
94,MEASURED,FULL_POLICY_PATH,NO_EMBED_DP,530101,15,4,126.6126,3.165315,600,91.78795051111094,d6bff5ecbf83e666eccc9a63d39d4614ab32cafe9ff333da54eaccf3edbb4ec6
95,MEASURED,FULL_POLICY_PATH,NO_EMBED_DP,530101,15,1,144.4202,3.610505,600,81.19884760996587,4677e3bdde76ee627010870d24b619d935e3292ef7db9a7c22bc2fe43c826b0d
96,MEASURED,FULL_POLICY_PATH,FULL_NEXT_SLOT_GREEDY,530101,15,0,124.1727,3.1043175,600,79.12127307035414,ab38e837f2c907f127edbde2f7c8ed95a36a472fad62c78ed720b04f7d3651d6
97,MEASURED,FULL_POLICY_PATH,FULL_NEXT_SLOT_GREEDY,530101,15,0,115.3917,2.8847925,600,79.12127307035414,ab38e837f2c907f127edbde2f7c8ed95a36a472fad62c78ed720b04f7d3651d6
98,MEASURED,FULL_POLICY_PATH,NO_PREFIX_DP,530101,15,3,63.9368,1.59842,600,125.34074133885542,29119f3c9f537c11011ef313aae78fb6145a44dee7bf88514850e46c0121538a
99,MEASURED,FULL_POLICY_PATH,FULL_DP,530101,15,2,144.5761,3.6144024999999997,600,97.01479891499869,7e6d95d769c7d9687624018c1d858390f954fe241d6b8975ccdd997e695297b3
100,MEASURED,FULL_POLICY_PATH,FULL_NEXT_SLOT_GREEDY,530101,15,0,112.9731,2.8243275,600,79.12127307035414,ab38e837f2c907f127edbde2f7c8ed95a36a472fad62c78ed720b04f7d3651d6
101,MEASURED,FULL_POLICY_PATH,NO_PREFIX_DP,530101,15,1,59.9298,1.498245,600,84.8545323544316,e20679a26c7d8bd9c21ac0cb888850bff141701c33937ace1eca0f4c8c1d5abb
102,MEASURED,FULL_POLICY_PATH,NO_EMBED_DP,530101,15,3,131.1471,3.2786774999999997,600,129.98035955217418,d8d52a3f931c04c90625844d57e4f46003a009fb3fd52c409a81f4859c4ccae6
103,MEASURED,FULL_POLICY_PATH,FULL_NEXT_SLOT_GREEDY,530101,15,3,114.4734,2.861835,600,119.1855570835663,5f1975b28559b7b33f8074ff952ca72e66c70bcdf7a314a2d50a53a27172945b
104,MEASURED,FULL_POLICY_PATH,FULL_DP,530101,15,3,135.1142,3.3778550000000003,600,130.3358717953731,189881a5e1bfcc51a0b294aead80a5689fa4ff9cc9441444624324248e655954
105,MEASURED,FULL_POLICY_PATH,FULL_DP,530101,15,3,135.8857,3.3971425,600,130.3358717953731,189881a5e1bfcc51a0b294aead80a5689fa4ff9cc9441444624324248e655954
106,MEASURED,FULL_POLICY_PATH,NO_EMBED_DP,530101,15,3,132.5408,3.3135199999999996,600,129.98035955217418,d8d52a3f931c04c90625844d57e4f46003a009fb3fd52c409a81f4859c4ccae6
107,MEASURED,FULL_POLICY_PATH,S_ADAPT_FAST,-1,15,4,1.2333,0.030832500000000002,600,357.80318182706833,5938eba45c73290974057dd22f17b06e25d6b2d6c0e2628f2227edfdebb7b23b
108,MEASURED,FULL_POLICY_PATH,S_ADAPT_FAST,-1,15,3,0.8492,0.02123,600,386.0996204018593,252c151f42ca3b8e280b1fc6e087a8dee2153f14747c336e7dcac0134425feea
109,MEASURED,FULL_POLICY_PATH,FULL_DP,530101,15,1,133.92,3.348,600,83.67778409735129,ef43848fe57bfab6314f95d3543e966a8b08c097b3706610f18e7b16785f617f
110,MEASURED,FULL_POLICY_PATH,NO_EMBED_DP,530101,15,3,128.6635,3.2165875,600,129.98035955217418,d8d52a3f931c04c90625844d57e4f46003a009fb3fd52c409a81f4859c4ccae6
111,MEASURED,FULL_POLICY_PATH,S_ADAPT_FAST,-1,15,1,1.6023,0.0400575,600,353.76666152477264,106a9662fdc268276fd832a53813a5d41c26843d15913d386057929c37645238
112,MEASURED,FULL_POLICY_PATH,FULL_NEXT_SLOT_GREEDY,530101,15,1,117.6266,2.940665,600,67.07440195907775,2bf74be3014a89749800b5ce98bd2fe88e6e01f0853b07dbb3580a7eeb8ae530
113,MEASURED,FULL_POLICY_PATH,FULL_DP,530101,15,4,132.2358,3.3058950000000005,600,93.15287583446096,f4a94ff0a77b6bd17929b939cf25ec2bc7ef76ebdf3f58bce2d75db46d2d99f4
114,MEASURED,FULL_POLICY_PATH,FULL_DP,530101,15,0,135.9773,3.3994325000000005,600,97.20164785567786,5dfc6e9b928df4d0f08ff5efa0db383122234cf621cb1aff31d5dc76cea53281
115,MEASURED,FULL_POLICY_PATH,S_ADAPT_FAST,-1,15,0,1.1925,0.0298125,600,371.3841568529606,b3004c94c0a1acc4bea41b0fbb2b1d0eba865c9be972d407e019303ca1057a20
116,MEASURED,FULL_POLICY_PATH,S_ADAPT_FAST,-1,15,2,0.8999,0.0224975,600,363.60913959145546,f3eef135fbf7cda7d4259deff31d97d81321154c3d403ba8eae0e13e337b36ae
117,MEASURED,FULL_POLICY_PATH,S_ADAPT_FAST,-1,15,4,0.8028,0.020069999999999998,600,357.80318182706833,5938eba45c73290974057dd22f17b06e25d6b2d6c0e2628f2227edfdebb7b23b
118,MEASURED,FULL_POLICY_PATH,NO_PREFIX_DP,530101,15,0,61.1609,1.5290225,600,94.08364844578004,b733158971e4092df6cb7bfcc910b3d53143c113e838b39d49ee6d54f3db9191
119,MEASURED,FULL_POLICY_PATH,FULL_NEXT_SLOT_GREEDY,530101,15,1,113.2379,2.8309474999999997,600,67.07440195907775,2bf74be3014a89749800b5ce98bd2fe88e6e01f0853b07dbb3580a7eeb8ae530
120,MEASURED,FULL_POLICY_PATH,FULL_DP,530101,15,4,140.4306,3.510765,600,93.15287583446096,f4a94ff0a77b6bd17929b939cf25ec2bc7ef76ebdf3f58bce2d75db46d2d99f4
121,MEASURED,FULL_POLICY_PATH,FULL_NEXT_SLOT_GREEDY,530101,15,0,111.94,2.7984999999999998,600,79.12127307035414,ab38e837f2c907f127edbde2f7c8ed95a36a472fad62c78ed720b04f7d3651d6
122,MEASURED,FULL_POLICY_PATH,S_ADAPT_FAST,-1,15,2,1.1752,0.02938,600,363.60913959145546,f3eef135fbf7cda7d4259deff31d97d81321154c3d403ba8eae0e13e337b36ae
123,MEASURED,FULL_POLICY_PATH,S_ADAPT_FAST,-1,15,3,0.877,0.021925,600,386.0996204018593,252c151f42ca3b8e280b1fc6e087a8dee2153f14747c336e7dcac0134425feea
124,MEASURED,FULL_POLICY_PATH,FULL_NEXT_SLOT_GREEDY,530101,15,2,110.595,2.764875,600,68.69790992373238,0904e6cfb8b018038439d5b1a66e5ae2acf3fa4974b7a19eea42986962a33c60
125,MEASURED,FULL_POLICY_PATH,FULL_DP,530101,15,4,131.9856,3.29964,600,93.15287583446096,f4a94ff0a77b6bd17929b939cf25ec2bc7ef76ebdf3f58bce2d75db46d2d99f4
126,MEASURED,FULL_POLICY_PATH,FULL_DP,530101,15,0,141.6818,3.5420450000000003,600,97.20164785567786,5dfc6e9b928df4d0f08ff5efa0db383122234cf621cb1aff31d5dc76cea53281
127,MEASURED,FULL_POLICY_PATH,S_ADAPT_FAST,-1,15,4,1.4735,0.0368375,600,357.80318182706833,5938eba45c73290974057dd22f17b06e25d6b2d6c0e2628f2227edfdebb7b23b
128,MEASURED,FULL_POLICY_PATH,S_ADAPT_FAST,-1,15,3,1.0391,0.025977499999999997,600,386.0996204018593,252c151f42ca3b8e280b1fc6e087a8dee2153f14747c336e7dcac0134425feea
129,MEASURED,FULL_POLICY_PATH,FULL_NEXT_SLOT_GREEDY,530101,15,1,116.3471,2.9086775,600,67.07440195907775,2bf74be3014a89749800b5ce98bd2fe88e6e01f0853b07dbb3580a7eeb8ae530
130,MEASURED,FULL_POLICY_PATH,NO_EMBED_DP,530101,15,2,125.6363,3.1409075,600,90.5785843672236,2c38bfe7fb4e8cff8e1084994138bfdfb70f1baed15fb308f7ecb7d750be6b75
131,MEASURED,FULL_POLICY_PATH,NO_EMBED_DP,530101,15,4,124.7216,3.1180399999999997,600,91.78795051111094,d6bff5ecbf83e666eccc9a63d39d4614ab32cafe9ff333da54eaccf3edbb4ec6
132,MEASURED,FULL_POLICY_PATH,S_ADAPT_FAST,-1,15,3,1.5141,0.0378525,600,386.0996204018593,252c151f42ca3b8e280b1fc6e087a8dee2153f14747c336e7dcac0134425feea
133,MEASURED,FULL_POLICY_PATH,FULL_DP,530101,15,2,136.6942,3.4173549999999997,600,97.01479891499869,7e6d95d769c7d9687624018c1d858390f954fe241d6b8975ccdd997e695297b3
134,MEASURED,FULL_POLICY_PATH,FULL_DP,530101,15,0,133.7365,3.3434125000000003,600,97.20164785567786,5dfc6e9b928df4d0f08ff5efa0db383122234cf621cb1aff31d5dc76cea53281
135,MEASURED,FULL_POLICY_PATH,FULL_NEXT_SLOT_GREEDY,530101,15,2,118.6455,2.9661375,600,68.69790992373238,0904e6cfb8b018038439d5b1a66e5ae2acf3fa4974b7a19eea42986962a33c60
136,MEASURED,FULL_POLICY_PATH,S_ADAPT_FAST,-1,15,3,1.183,0.029575,600,386.0996204018593,252c151f42ca3b8e280b1fc6e087a8dee2153f14747c336e7dcac0134425feea
137,MEASURED,FULL_POLICY_PATH,FULL_DP,530101,15,3,141.182,3.5295499999999995,600,130.3358717953731,189881a5e1bfcc51a0b294aead80a5689fa4ff9cc9441444624324248e655954
138,MEASURED,FULL_POLICY_PATH,FULL_DP,530101,15,2,146.6513,3.6662825,600,97.01479891499869,7e6d95d769c7d9687624018c1d858390f954fe241d6b8975ccdd997e695297b3
139,MEASURED,FULL_POLICY_PATH,FULL_NEXT_SLOT_GREEDY,530101,15,1,115.2466,2.881165,600,67.07440195907775,2bf74be3014a89749800b5ce98bd2fe88e6e01f0853b07dbb3580a7eeb8ae530
140,MEASURED,FULL_POLICY_PATH,FULL_NEXT_SLOT_GREEDY,530101,15,3,118.0095,2.9502375,600,119.1855570835663,5f1975b28559b7b33f8074ff952ca72e66c70bcdf7a314a2d50a53a27172945b
141,MEASURED,FULL_POLICY_PATH,FULL_NEXT_SLOT_GREEDY,530101,15,1,117.4786,2.936965,600,67.07440195907775,2bf74be3014a89749800b5ce98bd2fe88e6e01f0853b07dbb3580a7eeb8ae530
142,MEASURED,FULL_POLICY_PATH,FULL_DP,530101,15,3,147.313,3.682825,600,130.3358717953731,189881a5e1bfcc51a0b294aead80a5689fa4ff9cc9441444624324248e655954
143,MEASURED,FULL_POLICY_PATH,FULL_DP,530101,15,1,140.8151,3.5203775,600,83.67778409735129,ef43848fe57bfab6314f95d3543e966a8b08c097b3706610f18e7b16785f617f
144,MEASURED,FULL_POLICY_PATH,FULL_NEXT_SLOT_GREEDY,530101,15,4,112.2655,2.8066375,600,75.07457333232126,b386b02cb26639373bfd804a9b1dc38723d62ad9d6fbfe9b679c7848fd9ed066
145,MEASURED,FULL_POLICY_PATH,S_ADAPT_FAST,-1,15,3,1.4669,0.036672500000000004,600,386.0996204018593,252c151f42ca3b8e280b1fc6e087a8dee2153f14747c336e7dcac0134425feea
146,MEASURED,FULL_POLICY_PATH,NO_PREFIX_DP,530101,15,1,60.5709,1.5142725000000001,600,84.8545323544316,e20679a26c7d8bd9c21ac0cb888850bff141701c33937ace1eca0f4c8c1d5abb
147,MEASURED,FULL_POLICY_PATH,FULL_NEXT_SLOT_GREEDY,530101,15,0,113.6514,2.841285,600,79.12127307035414,ab38e837f2c907f127edbde2f7c8ed95a36a472fad62c78ed720b04f7d3651d6
148,MEASURED,FULL_POLICY_PATH,NO_PREFIX_DP,530101,15,0,62.9908,1.57477,600,94.08364844578004,b733158971e4092df6cb7bfcc910b3d53143c113e838b39d49ee6d54f3db9191
149,MEASURED,FULL_POLICY_PATH,NO_EMBED_DP,530101,15,0,127.6513,3.1912825000000002,600,95.54677765648798,965c287b4cd26a8c99ebf6da47e213336fc6727a72a31f68b5b319f015816662
150,MEASURED,FULL_POLICY_PATH,FULL_DP,530101,15,0,132.3246,3.308115,600,97.20164785567786,5dfc6e9b928df4d0f08ff5efa0db383122234cf621cb1aff31d5dc76cea53281
151,MEASURED,FULL_POLICY_PATH,S_ADAPT_FAST,-1,15,4,1.1846,0.029615000000000002,600,357.80318182706833,5938eba45c73290974057dd22f17b06e25d6b2d6c0e2628f2227edfdebb7b23b
152,MEASURED,FULL_POLICY_PATH,NO_EMBED_DP,530101,15,4,140.6793,3.5169825,600,91.78795051111094,d6bff5ecbf83e666eccc9a63d39d4614ab32cafe9ff333da54eaccf3edbb4ec6
153,MEASURED,FULL_POLICY_PATH,FULL_DP,530101,15,4,134.8194,3.370485,600,93.15287583446096,f4a94ff0a77b6bd17929b939cf25ec2bc7ef76ebdf3f58bce2d75db46d2d99f4
154,MEASURED,FULL_POLICY_PATH,FULL_DP,530101,15,3,135.0532,3.3763300000000003,600,130.3358717953731,189881a5e1bfcc51a0b294aead80a5689fa4ff9cc9441444624324248e655954
155,MEASURED,FULL_POLICY_PATH,NO_EMBED_DP,530101,15,3,133.5702,3.339255,600,129.98035955217418,d8d52a3f931c04c90625844d57e4f46003a009fb3fd52c409a81f4859c4ccae6
156,MEASURED,FULL_POLICY_PATH,S_ADAPT_FAST,-1,15,0,1.1919,0.029797499999999998,600,371.3841568529606,b3004c94c0a1acc4bea41b0fbb2b1d0eba865c9be972d407e019303ca1057a20
157,MEASURED,FULL_POLICY_PATH,S_ADAPT_FAST,-1,15,2,0.7226,0.018065,600,363.60913959145546,f3eef135fbf7cda7d4259deff31d97d81321154c3d403ba8eae0e13e337b36ae
158,MEASURED,FULL_POLICY_PATH,FULL_NEXT_SLOT_GREEDY,530101,15,2,112.8369,2.8209225,600,68.69790992373238,0904e6cfb8b018038439d5b1a66e5ae2acf3fa4974b7a19eea42986962a33c60
159,MEASURED,FULL_POLICY_PATH,FULL_DP,530101,15,1,140.701,3.517525,600,83.67778409735129,ef43848fe57bfab6314f95d3543e966a8b08c097b3706610f18e7b16785f617f
160,MEASURED,FULL_POLICY_PATH,FULL_DP,530101,15,0,135.1026,3.3775649999999997,600,97.20164785567786,5dfc6e9b928df4d0f08ff5efa0db383122234cf621cb1aff31d5dc76cea53281
161,MEASURED,FULL_POLICY_PATH,FULL_NEXT_SLOT_GREEDY,530101,15,2,112.0465,2.8011624999999998,600,68.69790992373238,0904e6cfb8b018038439d5b1a66e5ae2acf3fa4974b7a19eea42986962a33c60
162,MEASURED,FULL_POLICY_PATH,FULL_NEXT_SLOT_GREEDY,530101,15,2,111.3128,2.78282,600,68.69790992373238,0904e6cfb8b018038439d5b1a66e5ae2acf3fa4974b7a19eea42986962a33c60
163,MEASURED,FULL_POLICY_PATH,NO_EMBED_DP,530101,15,0,132.6524,3.31631,600,95.54677765648798,965c287b4cd26a8c99ebf6da47e213336fc6727a72a31f68b5b319f015816662
164,MEASURED,FULL_POLICY_PATH,NO_EMBED_DP,530101,15,2,125.4514,3.136285,600,90.5785843672236,2c38bfe7fb4e8cff8e1084994138bfdfb70f1baed15fb308f7ecb7d750be6b75
165,MEASURED,FULL_POLICY_PATH,S_ADAPT_FAST,-1,15,4,1.1841,0.029602499999999997,600,357.80318182706833,5938eba45c73290974057dd22f17b06e25d6b2d6c0e2628f2227edfdebb7b23b
166,MEASURED,FULL_POLICY_PATH,S_ADAPT_FAST,-1,15,4,0.8189,0.020472499999999998,600,357.80318182706833,5938eba45c73290974057dd22f17b06e25d6b2d6c0e2628f2227edfdebb7b23b
167,MEASURED,FULL_POLICY_PATH,FULL_NEXT_SLOT_GREEDY,530101,15,1,108.1715,2.7042875,600,67.07440195907775,2bf74be3014a89749800b5ce98bd2fe88e6e01f0853b07dbb3580a7eeb8ae530
168,MEASURED,FULL_POLICY_PATH,NO_EMBED_DP,530101,15,0,135.5173,3.3879325000000002,600,95.54677765648798,965c287b4cd26a8c99ebf6da47e213336fc6727a72a31f68b5b319f015816662
169,MEASURED,FULL_POLICY_PATH,NO_EMBED_DP,530101,15,1,138.9235,3.4730874999999997,600,81.19884760996587,4677e3bdde76ee627010870d24b619d935e3292ef7db9a7c22bc2fe43c826b0d
170,MEASURED,FULL_POLICY_PATH,NO_PREFIX_DP,530101,15,0,67.8622,1.696555,600,94.08364844578004,b733158971e4092df6cb7bfcc910b3d53143c113e838b39d49ee6d54f3db9191
171,MEASURED,FULL_POLICY_PATH,NO_EMBED_DP,530101,15,0,128.4964,3.2124099999999998,600,95.54677765648798,965c287b4cd26a8c99ebf6da47e213336fc6727a72a31f68b5b319f015816662
172,MEASURED,FULL_POLICY_PATH,NO_PREFIX_DP,530101,15,2,65.4818,1.637045,600,94.03389088808336,d4377bf6884a9f804811d8b258a5bb09ef9cecc203170abee78a6ca069445970
173,MEASURED,FULL_POLICY_PATH,FULL_DP,530101,15,3,135.6391,3.3909775000000004,600,130.3358717953731,189881a5e1bfcc51a0b294aead80a5689fa4ff9cc9441444624324248e655954
174,MEASURED,FULL_POLICY_PATH,NO_EMBED_DP,530101,15,0,131.0761,3.2769025,600,95.54677765648798,965c287b4cd26a8c99ebf6da47e213336fc6727a72a31f68b5b319f015816662
175,MEASURED,FULL_POLICY_PATH,FULL_NEXT_SLOT_GREEDY,530101,15,3,115.9456,2.89864,600,119.1855570835663,5f1975b28559b7b33f8074ff952ca72e66c70bcdf7a314a2d50a53a27172945b
176,MEASURED,FULL_POLICY_PATH,S_ADAPT_FAST,-1,15,3,1.1792,0.02948,600,386.0996204018593,252c151f42ca3b8e280b1fc6e087a8dee2153f14747c336e7dcac0134425feea
177,MEASURED,FULL_POLICY_PATH,NO_EMBED_DP,530101,15,0,135.4632,3.38658,600,95.54677765648798,965c287b4cd26a8c99ebf6da47e213336fc6727a72a31f68b5b319f015816662
178,MEASURED,FULL_POLICY_PATH,FULL_DP,530101,15,1,131.7177,3.2929425,600,83.67778409735129,ef43848fe57bfab6314f95d3543e966a8b08c097b3706610f18e7b16785f617f
179,MEASURED,FULL_POLICY_PATH,NO_PREFIX_DP,530101,15,0,62.1705,1.5542624999999999,600,94.08364844578004,b733158971e4092df6cb7bfcc910b3d53143c113e838b39d49ee6d54f3db9191
180,MEASURED,FULL_POLICY_PATH,NO_EMBED_DP,530101,15,2,140.4721,3.5118025000000004,600,90.5785843672236,2c38bfe7fb4e8cff8e1084994138bfdfb70f1baed15fb308f7ecb7d750be6b75
181,MEASURED,FULL_POLICY_PATH,FULL_DP,530101,15,3,132.6642,3.316605,600,130.3358717953731,189881a5e1bfcc51a0b294aead80a5689fa4ff9cc9441444624324248e655954
182,MEASURED,FULL_POLICY_PATH,FULL_DP,530101,15,2,139.094,3.47735,600,97.01479891499869,7e6d95d769c7d9687624018c1d858390f954fe241d6b8975ccdd997e695297b3
183,MEASURED,FULL_POLICY_PATH,NO_EMBED_DP,530101,15,1,129.6869,3.2421725,600,81.19884760996587,4677e3bdde76ee627010870d24b619d935e3292ef7db9a7c22bc2fe43c826b0d
184,MEASURED,FULL_POLICY_PATH,FULL_NEXT_SLOT_GREEDY,530101,15,4,114.6709,2.8667725,600,75.07457333232126,b386b02cb26639373bfd804a9b1dc38723d62ad9d6fbfe9b679c7848fd9ed066
185,MEASURED,FULL_POLICY_PATH,FULL_NEXT_SLOT_GREEDY,530101,15,1,111.3064,2.78266,600,67.07440195907775,2bf74be3014a89749800b5ce98bd2fe88e6e01f0853b07dbb3580a7eeb8ae530
186,MEASURED,FULL_POLICY_PATH,NO_PREFIX_DP,530101,15,1,58.2947,1.4573675,600,84.8545323544316,e20679a26c7d8bd9c21ac0cb888850bff141701c33937ace1eca0f4c8c1d5abb
187,MEASURED,FULL_POLICY_PATH,S_ADAPT_FAST,-1,15,0,1.1992,0.02998,600,371.3841568529606,b3004c94c0a1acc4bea41b0fbb2b1d0eba865c9be972d407e019303ca1057a20
188,MEASURED,FULL_POLICY_PATH,FULL_NEXT_SLOT_GREEDY,530101,15,4,112.0935,2.8023375,600,75.07457333232126,b386b02cb26639373bfd804a9b1dc38723d62ad9d6fbfe9b679c7848fd9ed066
189,MEASURED,FULL_POLICY_PATH,FULL_NEXT_SLOT_GREEDY,530101,15,3,113.7434,2.843585,600,119.1855570835663,5f1975b28559b7b33f8074ff952ca72e66c70bcdf7a314a2d50a53a27172945b
190,MEASURED,FULL_POLICY_PATH,NO_PREFIX_DP,530101,15,1,64.0323,1.6008075000000002,600,84.8545323544316,e20679a26c7d8bd9c21ac0cb888850bff141701c33937ace1eca0f4c8c1d5abb
191,MEASURED,FULL_POLICY_PATH,S_ADAPT_FAST,-1,15,1,1.1595,0.0289875,600,353.76666152477264,106a9662fdc268276fd832a53813a5d41c26843d15913d386057929c37645238
192,MEASURED,FULL_POLICY_PATH,NO_EMBED_DP,530101,15,4,124.6904,3.11726,600,91.78795051111094,d6bff5ecbf83e666eccc9a63d39d4614ab32cafe9ff333da54eaccf3edbb4ec6
193,MEASURED,FULL_POLICY_PATH,NO_EMBED_DP,530101,15,0,134.495,3.362375,600,95.54677765648798,965c287b4cd26a8c99ebf6da47e213336fc6727a72a31f68b5b319f015816662
194,MEASURED,FULL_POLICY_PATH,FULL_DP,530101,15,1,133.6426,3.3410649999999995,600,83.67778409735129,ef43848fe57bfab6314f95d3543e966a8b08c097b3706610f18e7b16785f617f
195,MEASURED,FULL_POLICY_PATH,S_ADAPT_FAST,-1,15,4,1.1979,0.0299475,600,357.80318182706833,5938eba45c73290974057dd22f17b06e25d6b2d6c0e2628f2227edfdebb7b23b
196,MEASURED,FULL_POLICY_PATH,S_ADAPT_FAST,-1,15,2,0.8552,0.02138,600,363.60913959145546,f3eef135fbf7cda7d4259deff31d97d81321154c3d403ba8eae0e13e337b36ae
197,MEASURED,FULL_POLICY_PATH,FULL_NEXT_SLOT_GREEDY,530101,15,0,108.2619,2.7065475,600,79.12127307035414,ab38e837f2c907f127edbde2f7c8ed95a36a472fad62c78ed720b04f7d3651d6
198,MEASURED,FULL_POLICY_PATH,NO_EMBED_DP,530101,15,4,128.5028,3.2125700000000004,600,91.78795051111094,d6bff5ecbf83e666eccc9a63d39d4614ab32cafe9ff333da54eaccf3edbb4ec6
199,MEASURED,FULL_POLICY_PATH,NO_EMBED_DP,530101,15,2,124.9136,3.12284,600,90.5785843672236,2c38bfe7fb4e8cff8e1084994138bfdfb70f1baed15fb308f7ecb7d750be6b75
200,MEASURED,FULL_POLICY_PATH,NO_EMBED_DP,530101,15,2,123.5815,3.0895375,600,90.5785843672236,2c38bfe7fb4e8cff8e1084994138bfdfb70f1baed15fb308f7ecb7d750be6b75
201,MEASURED,FULL_POLICY_PATH,FULL_DP,530101,15,2,142.7132,3.56783,600,97.01479891499869,7e6d95d769c7d9687624018c1d858390f954fe241d6b8975ccdd997e695297b3
202,MEASURED,FULL_POLICY_PATH,FULL_NEXT_SLOT_GREEDY,530101,15,2,120.4031,3.0100775,600,68.69790992373238,0904e6cfb8b018038439d5b1a66e5ae2acf3fa4974b7a19eea42986962a33c60
203,MEASURED,FULL_POLICY_PATH,NO_EMBED_DP,530101,15,4,125.5032,3.1375800000000003,600,91.78795051111094,d6bff5ecbf83e666eccc9a63d39d4614ab32cafe9ff333da54eaccf3edbb4ec6
204,MEASURED,FULL_POLICY_PATH,FULL_DP,530101,15,2,135.8363,3.3959075,600,97.01479891499869,7e6d95d769c7d9687624018c1d858390f954fe241d6b8975ccdd997e695297b3
205,MEASURED,FULL_POLICY_PATH,NO_PREFIX_DP,530101,15,2,58.7835,1.4695874999999998,600,94.03389088808336,d4377bf6884a9f804811d8b258a5bb09ef9cecc203170abee78a6ca069445970
206,MEASURED,FULL_POLICY_PATH,NO_PREFIX_DP,530101,15,3,66.43,1.6607500000000002,600,125.34074133885542,29119f3c9f537c11011ef313aae78fb6145a44dee7bf88514850e46c0121538a
207,MEASURED,FULL_POLICY_PATH,NO_EMBED_DP,530101,15,1,126.2706,3.156765,600,81.19884760996587,4677e3bdde76ee627010870d24b619d935e3292ef7db9a7c22bc2fe43c826b0d
208,MEASURED,FULL_POLICY_PATH,NO_EMBED_DP,530101,15,4,138.9092,3.47273,600,91.78795051111094,d6bff5ecbf83e666eccc9a63d39d4614ab32cafe9ff333da54eaccf3edbb4ec6
209,MEASURED,FULL_POLICY_PATH,NO_PREFIX_DP,530101,15,2,70.9768,1.7744199999999999,600,94.03389088808336,d4377bf6884a9f804811d8b258a5bb09ef9cecc203170abee78a6ca069445970
210,MEASURED,FULL_POLICY_PATH,NO_EMBED_DP,530101,15,3,138.4063,3.4601574999999998,600,129.98035955217418,d8d52a3f931c04c90625844d57e4f46003a009fb3fd52c409a81f4859c4ccae6
211,MEASURED,FULL_POLICY_PATH,NO_PREFIX_DP,530101,15,1,59.9154,1.497885,600,84.8545323544316,e20679a26c7d8bd9c21ac0cb888850bff141701c33937ace1eca0f4c8c1d5abb
212,MEASURED,FULL_POLICY_PATH,FULL_DP,530101,15,2,134.7045,3.3676125,600,97.01479891499869,7e6d95d769c7d9687624018c1d858390f954fe241d6b8975ccdd997e695297b3
213,MEASURED,FULL_POLICY_PATH,S_ADAPT_FAST,-1,15,0,1.2185,0.030462499999999997,600,371.3841568529606,b3004c94c0a1acc4bea41b0fbb2b1d0eba865c9be972d407e019303ca1057a20
214,MEASURED,FULL_POLICY_PATH,S_ADAPT_FAST,-1,15,4,0.9824,0.024560000000000002,600,357.80318182706833,5938eba45c73290974057dd22f17b06e25d6b2d6c0e2628f2227edfdebb7b23b
215,MEASURED,FULL_POLICY_PATH,NO_EMBED_DP,530101,15,1,126.6857,3.1671424999999997,600,81.19884760996587,4677e3bdde76ee627010870d24b619d935e3292ef7db9a7c22bc2fe43c826b0d
216,MEASURED,FULL_POLICY_PATH,FULL_NEXT_SLOT_GREEDY,530101,15,4,112.5569,2.8139225,600,75.07457333232126,b386b02cb26639373bfd804a9b1dc38723d62ad9d6fbfe9b679c7848fd9ed066
217,MEASURED,FULL_POLICY_PATH,NO_PREFIX_DP,530101,15,1,58.2904,1.45726,600,84.8545323544316,e20679a26c7d8bd9c21ac0cb888850bff141701c33937ace1eca0f4c8c1d5abb
218,MEASURED,FULL_POLICY_PATH,FULL_NEXT_SLOT_GREEDY,530101,15,2,115.5772,2.88943,600,68.69790992373238,0904e6cfb8b018038439d5b1a66e5ae2acf3fa4974b7a19eea42986962a33c60
219,MEASURED,FULL_POLICY_PATH,S_ADAPT_FAST,-1,15,0,1.185,0.029625000000000002,600,371.3841568529606,b3004c94c0a1acc4bea41b0fbb2b1d0eba865c9be972d407e019303ca1057a20
220,MEASURED,FULL_POLICY_PATH,NO_EMBED_DP,530101,15,4,126.7421,3.1685524999999997,600,91.78795051111094,d6bff5ecbf83e666eccc9a63d39d4614ab32cafe9ff333da54eaccf3edbb4ec6
221,MEASURED,FULL_POLICY_PATH,FULL_DP,530101,15,2,135.9842,3.3996049999999998,600,97.01479891499869,7e6d95d769c7d9687624018c1d858390f954fe241d6b8975ccdd997e695297b3
222,MEASURED,FULL_POLICY_PATH,S_ADAPT_FAST,-1,15,1,1.7187,0.0429675,600,353.76666152477264,106a9662fdc268276fd832a53813a5d41c26843d15913d386057929c37645238
223,MEASURED,FULL_POLICY_PATH,FULL_NEXT_SLOT_GREEDY,530101,15,1,118.164,2.9541,600,67.07440195907775,2bf74be3014a89749800b5ce98bd2fe88e6e01f0853b07dbb3580a7eeb8ae530
224,MEASURED,FULL_POLICY_PATH,FULL_DP,530101,15,3,146.1901,3.6547525,600,130.3358717953731,189881a5e1bfcc51a0b294aead80a5689fa4ff9cc9441444624324248e655954
225,MEASURED,FULL_POLICY_PATH,S_ADAPT_FAST,-1,15,0,1.1556,0.02889,600,371.3841568529606,b3004c94c0a1acc4bea41b0fbb2b1d0eba865c9be972d407e019303ca1057a20
226,MEASURED,FULL_POLICY_PATH,NO_EMBED_DP,530101,15,0,130.0283,3.2507075,600,95.54677765648798,965c287b4cd26a8c99ebf6da47e213336fc6727a72a31f68b5b319f015816662
227,MEASURED,FULL_POLICY_PATH,FULL_DP,530101,15,1,143.267,3.5816749999999997,600,83.67778409735129,ef43848fe57bfab6314f95d3543e966a8b08c097b3706610f18e7b16785f617f
228,MEASURED,FULL_POLICY_PATH,S_ADAPT_FAST,-1,15,4,1.2066,0.030164999999999997,600,357.80318182706833,5938eba45c73290974057dd22f17b06e25d6b2d6c0e2628f2227edfdebb7b23b
229,MEASURED,FULL_POLICY_PATH,S_ADAPT_FAST,-1,15,0,0.8704,0.021759999999999998,600,371.3841568529606,b3004c94c0a1acc4bea41b0fbb2b1d0eba865c9be972d407e019303ca1057a20
230,MEASURED,FULL_POLICY_PATH,FULL_DP,530101,15,2,137.5492,3.4387300000000005,600,97.01479891499869,7e6d95d769c7d9687624018c1d858390f954fe241d6b8975ccdd997e695297b3
231,MEASURED,FULL_POLICY_PATH,NO_EMBED_DP,530101,15,4,123.9133,3.0978325,600,91.78795051111094,d6bff5ecbf83e666eccc9a63d39d4614ab32cafe9ff333da54eaccf3edbb4ec6
232,MEASURED,FULL_POLICY_PATH,FULL_DP,530101,15,3,138.9533,3.4738325000000003,600,130.3358717953731,189881a5e1bfcc51a0b294aead80a5689fa4ff9cc9441444624324248e655954
233,MEASURED,FULL_POLICY_PATH,FULL_NEXT_SLOT_GREEDY,530101,15,4,111.9457,2.7986425,600,75.07457333232126,b386b02cb26639373bfd804a9b1dc38723d62ad9d6fbfe9b679c7848fd9ed066
234,MEASURED,FULL_POLICY_PATH,FULL_NEXT_SLOT_GREEDY,530101,15,3,114.003,2.850075,600,119.1855570835663,5f1975b28559b7b33f8074ff952ca72e66c70bcdf7a314a2d50a53a27172945b
235,MEASURED,FULL_POLICY_PATH,NO_EMBED_DP,530101,15,4,130.0556,3.25139,600,91.78795051111094,d6bff5ecbf83e666eccc9a63d39d4614ab32cafe9ff333da54eaccf3edbb4ec6
236,MEASURED,FULL_POLICY_PATH,NO_PREFIX_DP,530101,15,0,66.7144,1.66786,600,94.08364844578004,b733158971e4092df6cb7bfcc910b3d53143c113e838b39d49ee6d54f3db9191
237,MEASURED,FULL_POLICY_PATH,NO_PREFIX_DP,530101,15,2,62.7237,1.5680925000000001,600,94.03389088808336,d4377bf6884a9f804811d8b258a5bb09ef9cecc203170abee78a6ca069445970
238,MEASURED,FULL_POLICY_PATH,NO_PREFIX_DP,530101,15,1,62.2854,1.5571350000000002,600,84.8545323544316,e20679a26c7d8bd9c21ac0cb888850bff141701c33937ace1eca0f4c8c1d5abb
239,MEASURED,FULL_POLICY_PATH,NO_PREFIX_DP,530101,15,3,62.6031,1.5650775,600,125.34074133885542,29119f3c9f537c11011ef313aae78fb6145a44dee7bf88514850e46c0121538a
240,MEASURED,FULL_POLICY_PATH,S_ADAPT_FAST,-1,15,3,1.2022,0.030055,600,386.0996204018593,252c151f42ca3b8e280b1fc6e087a8dee2153f14747c336e7dcac0134425feea
241,MEASURED,FULL_POLICY_PATH,FULL_DP,530101,15,0,272.9059,6.8226474999999995,600,97.20164785567786,5dfc6e9b928df4d0f08ff5efa0db383122234cf621cb1aff31d5dc76cea53281
242,MEASURED,FULL_POLICY_PATH,FULL_NEXT_SLOT_GREEDY,530101,15,2,110.2864,2.75716,600,68.69790992373238,0904e6cfb8b018038439d5b1a66e5ae2acf3fa4974b7a19eea42986962a33c60
243,MEASURED,FULL_POLICY_PATH,S_ADAPT_FAST,-1,15,1,1.1857,0.0296425,600,353.76666152477264,106a9662fdc268276fd832a53813a5d41c26843d15913d386057929c37645238
244,MEASURED,FULL_POLICY_PATH,NO_PREFIX_DP,530101,15,3,58.8251,1.4706275,600,125.34074133885542,29119f3c9f537c11011ef313aae78fb6145a44dee7bf88514850e46c0121538a
245,MEASURED,FULL_POLICY_PATH,S_ADAPT_FAST,-1,15,0,1.8043,0.0451075,600,371.3841568529606,b3004c94c0a1acc4bea41b0fbb2b1d0eba865c9be972d407e019303ca1057a20
246,MEASURED,FULL_POLICY_PATH,S_ADAPT_FAST,-1,15,0,0.8047,0.0201175,600,371.3841568529606,b3004c94c0a1acc4bea41b0fbb2b1d0eba865c9be972d407e019303ca1057a20
247,MEASURED,FULL_POLICY_PATH,FULL_NEXT_SLOT_GREEDY,530101,15,2,116.604,2.9151,600,68.69790992373238,0904e6cfb8b018038439d5b1a66e5ae2acf3fa4974b7a19eea42986962a33c60
248,MEASURED,FULL_POLICY_PATH,NO_PREFIX_DP,530101,15,0,72.3441,1.8086025,600,94.08364844578004,b733158971e4092df6cb7bfcc910b3d53143c113e838b39d49ee6d54f3db9191
249,MEASURED,FULL_POLICY_PATH,FULL_DP,530101,15,3,136.483,3.412075,600,130.3358717953731,189881a5e1bfcc51a0b294aead80a5689fa4ff9cc9441444624324248e655954
250,MEASURED,FULL_POLICY_PATH,NO_EMBED_DP,530101,15,3,129.3614,3.234035,600,129.98035955217418,d8d52a3f931c04c90625844d57e4f46003a009fb3fd52c409a81f4859c4ccae6
251,MEASURED,FULL_POLICY_PATH,S_ADAPT_FAST,-1,15,3,1.8471,0.046177499999999996,600,386.0996204018593,252c151f42ca3b8e280b1fc6e087a8dee2153f14747c336e7dcac0134425feea
252,MEASURED,FULL_POLICY_PATH,S_ADAPT_FAST,-1,15,2,1.1613,0.0290325,600,363.60913959145546,f3eef135fbf7cda7d4259deff31d97d81321154c3d403ba8eae0e13e337b36ae
253,MEASURED,FULL_POLICY_PATH,NO_PREFIX_DP,530101,15,0,59.5845,1.4896125,600,94.08364844578004,b733158971e4092df6cb7bfcc910b3d53143c113e838b39d49ee6d54f3db9191
254,MEASURED,FULL_POLICY_PATH,NO_EMBED_DP,530101,15,2,126.2236,3.15559,600,90.5785843672236,2c38bfe7fb4e8cff8e1084994138bfdfb70f1baed15fb308f7ecb7d750be6b75
255,MEASURED,FULL_POLICY_PATH,FULL_NEXT_SLOT_GREEDY,530101,15,2,124.8936,3.1223400000000003,600,68.69790992373238,0904e6cfb8b018038439d5b1a66e5ae2acf3fa4974b7a19eea42986962a33c60
256,MEASURED,FULL_POLICY_PATH,FULL_DP,530101,15,4,138.4994,3.462485,600,93.15287583446096,f4a94ff0a77b6bd17929b939cf25ec2bc7ef76ebdf3f58bce2d75db46d2d99f4
257,MEASURED,FULL_POLICY_PATH,FULL_NEXT_SLOT_GREEDY,530101,15,1,112.7367,2.8184175,600,67.07440195907775,2bf74be3014a89749800b5ce98bd2fe88e6e01f0853b07dbb3580a7eeb8ae530
258,MEASURED,FULL_POLICY_PATH,FULL_DP,530101,15,1,138.9398,3.4734949999999998,600,83.67778409735129,ef43848fe57bfab6314f95d3543e966a8b08c097b3706610f18e7b16785f617f
259,MEASURED,FULL_POLICY_PATH,NO_EMBED_DP,530101,15,0,132.2655,3.3066375,600,95.54677765648798,965c287b4cd26a8c99ebf6da47e213336fc6727a72a31f68b5b319f015816662
260,MEASURED,FULL_POLICY_PATH,NO_PREFIX_DP,530101,15,4,67.5703,1.6892575,600,92.91179714465501,aa6e049188fd5834fc3d4e105f2487f1c89f58cab1287992b795624079e74360
261,MEASURED,FULL_POLICY_PATH,NO_EMBED_DP,530101,15,4,128.2961,3.2074024999999997,600,91.78795051111094,d6bff5ecbf83e666eccc9a63d39d4614ab32cafe9ff333da54eaccf3edbb4ec6
262,MEASURED,FULL_POLICY_PATH,NO_PREFIX_DP,530101,15,4,61.0452,1.52613,600,92.91179714465501,aa6e049188fd5834fc3d4e105f2487f1c89f58cab1287992b795624079e74360
263,MEASURED,FULL_POLICY_PATH,FULL_DP,530101,15,4,135.9446,3.3986150000000004,600,93.15287583446096,f4a94ff0a77b6bd17929b939cf25ec2bc7ef76ebdf3f58bce2d75db46d2d99f4
264,MEASURED,FULL_POLICY_PATH,NO_PREFIX_DP,530101,15,2,66.8886,1.672215,600,94.03389088808336,d4377bf6884a9f804811d8b258a5bb09ef9cecc203170abee78a6ca069445970
265,MEASURED,FULL_POLICY_PATH,NO_EMBED_DP,530101,15,1,129.1712,3.22928,600,81.19884760996587,4677e3bdde76ee627010870d24b619d935e3292ef7db9a7c22bc2fe43c826b0d
266,MEASURED,FULL_POLICY_PATH,FULL_DP,530101,15,3,130.4491,3.2612274999999995,600,130.3358717953731,189881a5e1bfcc51a0b294aead80a5689fa4ff9cc9441444624324248e655954
267,MEASURED,FULL_POLICY_PATH,FULL_DP,530101,15,1,145.2262,3.630655,600,83.67778409735129,ef43848fe57bfab6314f95d3543e966a8b08c097b3706610f18e7b16785f617f
268,MEASURED,FULL_POLICY_PATH,S_ADAPT_FAST,-1,15,1,1.3565,0.0339125,600,353.76666152477264,106a9662fdc268276fd832a53813a5d41c26843d15913d386057929c37645238
269,MEASURED,FULL_POLICY_PATH,FULL_NEXT_SLOT_GREEDY,530101,15,4,113.6694,2.841735,600,75.07457333232126,b386b02cb26639373bfd804a9b1dc38723d62ad9d6fbfe9b679c7848fd9ed066
270,MEASURED,FULL_POLICY_PATH,NO_PREFIX_DP,530101,15,3,82.2625,2.0565625,600,125.34074133885542,29119f3c9f537c11011ef313aae78fb6145a44dee7bf88514850e46c0121538a
271,MEASURED,FULL_POLICY_PATH,NO_EMBED_DP,530101,15,1,177.4717,4.4367925,600,81.19884760996587,4677e3bdde76ee627010870d24b619d935e3292ef7db9a7c22bc2fe43c826b0d
272,MEASURED,FULL_POLICY_PATH,FULL_NEXT_SLOT_GREEDY,530101,15,2,201.4314,5.035785,600,68.69790992373238,0904e6cfb8b018038439d5b1a66e5ae2acf3fa4974b7a19eea42986962a33c60
273,MEASURED,FULL_POLICY_PATH,FULL_DP,530101,15,0,146.5043,3.6626075,600,97.20164785567786,5dfc6e9b928df4d0f08ff5efa0db383122234cf621cb1aff31d5dc76cea53281
274,MEASURED,FULL_POLICY_PATH,S_ADAPT_FAST,-1,15,3,1.5098,0.037745,600,386.0996204018593,252c151f42ca3b8e280b1fc6e087a8dee2153f14747c336e7dcac0134425feea
275,MEASURED,FULL_POLICY_PATH,NO_EMBED_DP,530101,15,0,136.8644,3.42161,600,95.54677765648798,965c287b4cd26a8c99ebf6da47e213336fc6727a72a31f68b5b319f015816662
276,MEASURED,FULL_POLICY_PATH,FULL_NEXT_SLOT_GREEDY,530101,15,4,123.8722,3.0968050000000003,600,75.07457333232126,b386b02cb26639373bfd804a9b1dc38723d62ad9d6fbfe9b679c7848fd9ed066
277,MEASURED,FULL_POLICY_PATH,FULL_DP,530101,15,0,140.6945,3.5173625,600,97.20164785567786,5dfc6e9b928df4d0f08ff5efa0db383122234cf621cb1aff31d5dc76cea53281
278,MEASURED,FULL_POLICY_PATH,FULL_NEXT_SLOT_GREEDY,530101,15,4,114.148,2.8537,600,75.07457333232126,b386b02cb26639373bfd804a9b1dc38723d62ad9d6fbfe9b679c7848fd9ed066
279,MEASURED,FULL_POLICY_PATH,S_ADAPT_FAST,-1,15,4,1.2183,0.0304575,600,357.80318182706833,5938eba45c73290974057dd22f17b06e25d6b2d6c0e2628f2227edfdebb7b23b
280,MEASURED,FULL_POLICY_PATH,S_ADAPT_FAST,-1,15,4,0.812,0.020300000000000002,600,357.80318182706833,5938eba45c73290974057dd22f17b06e25d6b2d6c0e2628f2227edfdebb7b23b
281,MEASURED,FULL_POLICY_PATH,NO_EMBED_DP,530101,15,2,127.2405,3.1810125,600,90.5785843672236,2c38bfe7fb4e8cff8e1084994138bfdfb70f1baed15fb308f7ecb7d750be6b75
282,MEASURED,FULL_POLICY_PATH,NO_PREFIX_DP,530101,15,3,67.835,1.6958749999999998,600,125.34074133885542,29119f3c9f537c11011ef313aae78fb6145a44dee7bf88514850e46c0121538a
283,MEASURED,FULL_POLICY_PATH,FULL_DP,530101,15,1,134.5478,3.363695,600,83.67778409735129,ef43848fe57bfab6314f95d3543e966a8b08c097b3706610f18e7b16785f617f
284,MEASURED,FULL_POLICY_PATH,FULL_DP,530101,15,4,136.9653,3.4241325000000002,600,93.15287583446096,f4a94ff0a77b6bd17929b939cf25ec2bc7ef76ebdf3f58bce2d75db46d2d99f4
285,MEASURED,FULL_POLICY_PATH,FULL_DP,530101,15,2,130.7288,3.2682200000000003,600,97.01479891499869,7e6d95d769c7d9687624018c1d858390f954fe241d6b8975ccdd997e695297b3
286,MEASURED,FULL_POLICY_PATH,NO_EMBED_DP,530101,15,0,137.4229,3.4355725,600,95.54677765648798,965c287b4cd26a8c99ebf6da47e213336fc6727a72a31f68b5b319f015816662
287,MEASURED,FULL_POLICY_PATH,S_ADAPT_FAST,-1,15,2,1.2282,0.030705,600,363.60913959145546,f3eef135fbf7cda7d4259deff31d97d81321154c3d403ba8eae0e13e337b36ae
288,MEASURED,FULL_POLICY_PATH,FULL_DP,530101,15,4,134.4817,3.3620425,600,93.15287583446096,f4a94ff0a77b6bd17929b939cf25ec2bc7ef76ebdf3f58bce2d75db46d2d99f4
289,MEASURED,FULL_POLICY_PATH,S_ADAPT_FAST,-1,15,2,1.2355,0.030887500000000002,600,363.60913959145546,f3eef135fbf7cda7d4259deff31d97d81321154c3d403ba8eae0e13e337b36ae
290,MEASURED,FULL_POLICY_PATH,NO_EMBED_DP,530101,15,1,125.7781,3.1444525,600,81.19884760996587,4677e3bdde76ee627010870d24b619d935e3292ef7db9a7c22bc2fe43c826b0d
291,MEASURED,FULL_POLICY_PATH,NO_PREFIX_DP,530101,15,1,68.1279,1.7031975,600,84.8545323544316,e20679a26c7d8bd9c21ac0cb888850bff141701c33937ace1eca0f4c8c1d5abb
292,MEASURED,FULL_POLICY_PATH,NO_PREFIX_DP,530101,15,3,63.7584,1.59396,600,125.34074133885542,29119f3c9f537c11011ef313aae78fb6145a44dee7bf88514850e46c0121538a
293,MEASURED,FULL_POLICY_PATH,NO_PREFIX_DP,530101,15,0,67.4124,1.68531,600,94.08364844578004,b733158971e4092df6cb7bfcc910b3d53143c113e838b39d49ee6d54f3db9191
294,MEASURED,FULL_POLICY_PATH,FULL_DP,530101,15,0,132.8232,3.3205800000000005,600,97.20164785567786,5dfc6e9b928df4d0f08ff5efa0db383122234cf621cb1aff31d5dc76cea53281
295,MEASURED,FULL_POLICY_PATH,S_ADAPT_FAST,-1,15,4,1.211,0.030275000000000003,600,357.80318182706833,5938eba45c73290974057dd22f17b06e25d6b2d6c0e2628f2227edfdebb7b23b
296,MEASURED,FULL_POLICY_PATH,NO_EMBED_DP,530101,15,2,131.5717,3.2892924999999997,600,90.5785843672236,2c38bfe7fb4e8cff8e1084994138bfdfb70f1baed15fb308f7ecb7d750be6b75
297,MEASURED,FULL_POLICY_PATH,NO_EMBED_DP,530101,15,2,135.35,3.38375,600,90.5785843672236,2c38bfe7fb4e8cff8e1084994138bfdfb70f1baed15fb308f7ecb7d750be6b75
298,MEASURED,FULL_POLICY_PATH,NO_EMBED_DP,530101,15,3,130.2291,3.2557275,600,129.98035955217418,d8d52a3f931c04c90625844d57e4f46003a009fb3fd52c409a81f4859c4ccae6
299,MEASURED,FULL_POLICY_PATH,FULL_DP,530101,15,4,135.6882,3.3922049999999997,600,93.15287583446096,f4a94ff0a77b6bd17929b939cf25ec2bc7ef76ebdf3f58bce2d75db46d2d99f4
300,MEASURED,FULL_POLICY_PATH,S_ADAPT_FAST,-1,15,1,1.2467,0.031167499999999997,600,353.76666152477264,106a9662fdc268276fd832a53813a5d41c26843d15913d386057929c37645238
301,MEASURED,FULL_POLICY_PATH,S_ADAPT_FAST,-1,15,2,0.8483,0.0212075,600,363.60913959145546,f3eef135fbf7cda7d4259deff31d97d81321154c3d403ba8eae0e13e337b36ae
302,MEASURED,FULL_POLICY_PATH,S_ADAPT_FAST,-1,15,2,0.7348,0.01837,600,363.60913959145546,f3eef135fbf7cda7d4259deff31d97d81321154c3d403ba8eae0e13e337b36ae
303,MEASURED,FULL_POLICY_PATH,S_ADAPT_FAST,-1,15,4,0.8982,0.022455,600,357.80318182706833,5938eba45c73290974057dd22f17b06e25d6b2d6c0e2628f2227edfdebb7b23b
304,MEASURED,FULL_POLICY_PATH,S_ADAPT_FAST,-1,15,1,0.9851,0.0246275,600,353.76666152477264,106a9662fdc268276fd832a53813a5d41c26843d15913d386057929c37645238
305,MEASURED,FULL_POLICY_PATH,S_ADAPT_FAST,-1,15,3,0.7074,0.017685,600,386.0996204018593,252c151f42ca3b8e280b1fc6e087a8dee2153f14747c336e7dcac0134425feea
306,MEASURED,FULL_POLICY_PATH,FULL_NEXT_SLOT_GREEDY,530101,15,0,112.4714,2.811785,600,79.12127307035414,ab38e837f2c907f127edbde2f7c8ed95a36a472fad62c78ed720b04f7d3651d6
307,MEASURED,FULL_POLICY_PATH,NO_EMBED_DP,530101,15,1,125.5675,3.1391875,600,81.19884760996587,4677e3bdde76ee627010870d24b619d935e3292ef7db9a7c22bc2fe43c826b0d
308,MEASURED,FULL_POLICY_PATH,NO_PREFIX_DP,530101,15,3,59.2879,1.4821975,600,125.34074133885542,29119f3c9f537c11011ef313aae78fb6145a44dee7bf88514850e46c0121538a
309,MEASURED,FULL_POLICY_PATH,S_ADAPT_FAST,-1,15,4,1.2119,0.030297499999999998,600,357.80318182706833,5938eba45c73290974057dd22f17b06e25d6b2d6c0e2628f2227edfdebb7b23b
310,MEASURED,FULL_POLICY_PATH,FULL_NEXT_SLOT_GREEDY,530101,15,4,113.4929,2.8373225,600,75.07457333232126,b386b02cb26639373bfd804a9b1dc38723d62ad9d6fbfe9b679c7848fd9ed066
311,MEASURED,FULL_POLICY_PATH,S_ADAPT_FAST,-1,15,1,1.2292,0.03073,600,353.76666152477264,106a9662fdc268276fd832a53813a5d41c26843d15913d386057929c37645238
312,MEASURED,FULL_POLICY_PATH,FULL_NEXT_SLOT_GREEDY,530101,15,4,122.0936,3.05234,600,75.07457333232126,b386b02cb26639373bfd804a9b1dc38723d62ad9d6fbfe9b679c7848fd9ed066
313,MEASURED,FULL_POLICY_PATH,FULL_NEXT_SLOT_GREEDY,530101,15,0,113.5495,2.8387374999999997,600,79.12127307035414,ab38e837f2c907f127edbde2f7c8ed95a36a472fad62c78ed720b04f7d3651d6
314,MEASURED,FULL_POLICY_PATH,NO_PREFIX_DP,530101,15,1,63.8399,1.5959975,600,84.8545323544316,e20679a26c7d8bd9c21ac0cb888850bff141701c33937ace1eca0f4c8c1d5abb
315,MEASURED,FULL_POLICY_PATH,FULL_DP,530101,15,4,135.8063,3.3951575,600,93.15287583446096,f4a94ff0a77b6bd17929b939cf25ec2bc7ef76ebdf3f58bce2d75db46d2d99f4
316,MEASURED,FULL_POLICY_PATH,FULL_DP,530101,15,1,132.9574,3.323935,600,83.67778409735129,ef43848fe57bfab6314f95d3543e966a8b08c097b3706610f18e7b16785f617f
317,MEASURED,FULL_POLICY_PATH,FULL_DP,530101,15,1,135.4905,3.3872625,600,83.67778409735129,ef43848fe57bfab6314f95d3543e966a8b08c097b3706610f18e7b16785f617f
318,MEASURED,FULL_POLICY_PATH,NO_EMBED_DP,530101,15,1,141.168,3.5292000000000003,600,81.19884760996587,4677e3bdde76ee627010870d24b619d935e3292ef7db9a7c22bc2fe43c826b0d
319,MEASURED,FULL_POLICY_PATH,FULL_NEXT_SLOT_GREEDY,530101,15,3,110.7726,2.7693149999999997,600,119.1855570835663,5f1975b28559b7b33f8074ff952ca72e66c70bcdf7a314a2d50a53a27172945b
320,MEASURED,FULL_POLICY_PATH,NO_PREFIX_DP,530101,15,2,59.1353,1.4783825,600,94.03389088808336,d4377bf6884a9f804811d8b258a5bb09ef9cecc203170abee78a6ca069445970
321,MEASURED,FULL_POLICY_PATH,NO_PREFIX_DP,530101,15,4,61.3893,1.5347325,600,92.91179714465501,aa6e049188fd5834fc3d4e105f2487f1c89f58cab1287992b795624079e74360
322,MEASURED,FULL_POLICY_PATH,NO_PREFIX_DP,530101,15,3,59.7948,1.4948700000000001,600,125.34074133885542,29119f3c9f537c11011ef313aae78fb6145a44dee7bf88514850e46c0121538a
323,MEASURED,FULL_POLICY_PATH,NO_EMBED_DP,530101,15,2,126.8244,3.17061,600,90.5785843672236,2c38bfe7fb4e8cff8e1084994138bfdfb70f1baed15fb308f7ecb7d750be6b75
324,MEASURED,FULL_POLICY_PATH,FULL_NEXT_SLOT_GREEDY,530101,15,4,110.4611,2.7615275,600,75.07457333232126,b386b02cb26639373bfd804a9b1dc38723d62ad9d6fbfe9b679c7848fd9ed066
325,MEASURED,FULL_POLICY_PATH,NO_PREFIX_DP,530101,15,2,59.8246,1.495615,600,94.03389088808336,d4377bf6884a9f804811d8b258a5bb09ef9cecc203170abee78a6ca069445970
326,MEASURED,FULL_POLICY_PATH,FULL_NEXT_SLOT_GREEDY,530101,15,3,112.0829,2.8020725,600,119.1855570835663,5f1975b28559b7b33f8074ff952ca72e66c70bcdf7a314a2d50a53a27172945b
327,MEASURED,FULL_POLICY_PATH,NO_EMBED_DP,530101,15,4,132.9117,3.3227925,600,91.78795051111094,d6bff5ecbf83e666eccc9a63d39d4614ab32cafe9ff333da54eaccf3edbb4ec6
328,MEASURED,FULL_POLICY_PATH,FULL_DP,530101,15,4,146.1653,3.6541325000000002,600,93.15287583446096,f4a94ff0a77b6bd17929b939cf25ec2bc7ef76ebdf3f58bce2d75db46d2d99f4
329,MEASURED,FULL_POLICY_PATH,NO_PREFIX_DP,530101,15,2,62.9733,1.5743325000000001,600,94.03389088808336,d4377bf6884a9f804811d8b258a5bb09ef9cecc203170abee78a6ca069445970
330,MEASURED,FULL_POLICY_PATH,S_ADAPT_FAST,-1,15,2,1.2988,0.03247,600,363.60913959145546,f3eef135fbf7cda7d4259deff31d97d81321154c3d403ba8eae0e13e337b36ae
331,MEASURED,FULL_POLICY_PATH,NO_EMBED_DP,530101,15,2,134.682,3.36705,600,90.5785843672236,2c38bfe7fb4e8cff8e1084994138bfdfb70f1baed15fb308f7ecb7d750be6b75
332,MEASURED,FULL_POLICY_PATH,FULL_DP,530101,15,4,135.3833,3.3845824999999996,600,93.15287583446096,f4a94ff0a77b6bd17929b939cf25ec2bc7ef76ebdf3f58bce2d75db46d2d99f4
333,MEASURED,FULL_POLICY_PATH,S_ADAPT_FAST,-1,15,4,1.4829,0.0370725,600,357.80318182706833,5938eba45c73290974057dd22f17b06e25d6b2d6c0e2628f2227edfdebb7b23b
334,MEASURED,FULL_POLICY_PATH,FULL_DP,530101,15,0,132.5339,3.3133475,600,97.20164785567786,5dfc6e9b928df4d0f08ff5efa0db383122234cf621cb1aff31d5dc76cea53281
335,MEASURED,FULL_POLICY_PATH,FULL_NEXT_SLOT_GREEDY,530101,15,0,113.3767,2.8344175,600,79.12127307035414,ab38e837f2c907f127edbde2f7c8ed95a36a472fad62c78ed720b04f7d3651d6
336,MEASURED,FULL_POLICY_PATH,FULL_DP,530101,15,4,136.7351,3.4183774999999996,600,93.15287583446096,f4a94ff0a77b6bd17929b939cf25ec2bc7ef76ebdf3f58bce2d75db46d2d99f4
337,MEASURED,FULL_POLICY_PATH,S_ADAPT_FAST,-1,15,3,1.419,0.035475,600,386.0996204018593,252c151f42ca3b8e280b1fc6e087a8dee2153f14747c336e7dcac0134425feea
338,MEASURED,FULL_POLICY_PATH,NO_PREFIX_DP,530101,15,4,62.2793,1.5569825,600,92.91179714465501,aa6e049188fd5834fc3d4e105f2487f1c89f58cab1287992b795624079e74360
339,MEASURED,FULL_POLICY_PATH,FULL_DP,530101,15,2,132.0372,3.30093,600,97.01479891499869,7e6d95d769c7d9687624018c1d858390f954fe241d6b8975ccdd997e695297b3
340,MEASURED,FULL_POLICY_PATH,S_ADAPT_FAST,-1,15,3,1.2209,0.0305225,600,386.0996204018593,252c151f42ca3b8e280b1fc6e087a8dee2153f14747c336e7dcac0134425feea
341,MEASURED,FULL_POLICY_PATH,FULL_NEXT_SLOT_GREEDY,530101,15,0,115.7041,2.8926024999999997,600,79.12127307035414,ab38e837f2c907f127edbde2f7c8ed95a36a472fad62c78ed720b04f7d3651d6
342,MEASURED,FULL_POLICY_PATH,FULL_NEXT_SLOT_GREEDY,530101,15,1,124.3765,3.1094125,600,67.07440195907775,2bf74be3014a89749800b5ce98bd2fe88e6e01f0853b07dbb3580a7eeb8ae530
343,MEASURED,FULL_POLICY_PATH,NO_EMBED_DP,530101,15,3,124.8266,3.120665,600,129.98035955217418,d8d52a3f931c04c90625844d57e4f46003a009fb3fd52c409a81f4859c4ccae6
344,MEASURED,FULL_POLICY_PATH,NO_PREFIX_DP,530101,15,1,65.2257,1.6306425,600,84.8545323544316,e20679a26c7d8bd9c21ac0cb888850bff141701c33937ace1eca0f4c8c1d5abb
345,MEASURED,FULL_POLICY_PATH,NO_PREFIX_DP,530101,15,4,65.2,1.6300000000000001,600,92.91179714465501,aa6e049188fd5834fc3d4e105f2487f1c89f58cab1287992b795624079e74360
346,MEASURED,FULL_POLICY_PATH,S_ADAPT_FAST,-1,15,3,1.232,0.0308,600,386.0996204018593,252c151f42ca3b8e280b1fc6e087a8dee2153f14747c336e7dcac0134425feea
347,MEASURED,FULL_POLICY_PATH,NO_PREFIX_DP,530101,15,4,66.2642,1.656605,600,92.91179714465501,aa6e049188fd5834fc3d4e105f2487f1c89f58cab1287992b795624079e74360
348,MEASURED,FULL_POLICY_PATH,NO_PREFIX_DP,530101,15,3,58.9328,1.47332,600,125.34074133885542,29119f3c9f537c11011ef313aae78fb6145a44dee7bf88514850e46c0121538a
349,MEASURED,FULL_POLICY_PATH,NO_EMBED_DP,530101,15,0,130.231,3.255775,600,95.54677765648798,965c287b4cd26a8c99ebf6da47e213336fc6727a72a31f68b5b319f015816662
350,MEASURED,FULL_POLICY_PATH,FULL_NEXT_SLOT_GREEDY,530101,15,4,110.2349,2.7558724999999997,600,75.07457333232126,b386b02cb26639373bfd804a9b1dc38723d62ad9d6fbfe9b679c7848fd9ed066
351,MEASURED,FULL_POLICY_PATH,FULL_DP,530101,15,1,137.5413,3.4385325,600,83.67778409735129,ef43848fe57bfab6314f95d3543e966a8b08c097b3706610f18e7b16785f617f
352,MEASURED,FULL_POLICY_PATH,FULL_DP,530101,15,3,140.8361,3.5209024999999996,600,130.3358717953731,189881a5e1bfcc51a0b294aead80a5689fa4ff9cc9441444624324248e655954
353,MEASURED,FULL_POLICY_PATH,NO_PREFIX_DP,530101,15,3,64.3386,1.608465,600,125.34074133885542,29119f3c9f537c11011ef313aae78fb6145a44dee7bf88514850e46c0121538a
354,MEASURED,FULL_POLICY_PATH,FULL_DP,530101,15,3,134.9404,3.3735100000000005,600,130.3358717953731,189881a5e1bfcc51a0b294aead80a5689fa4ff9cc9441444624324248e655954
355,MEASURED,FULL_POLICY_PATH,S_ADAPT_FAST,-1,15,1,1.2301,0.0307525,600,353.76666152477264,106a9662fdc268276fd832a53813a5d41c26843d15913d386057929c37645238
356,MEASURED,FULL_POLICY_PATH,NO_PREFIX_DP,530101,15,4,67.5238,1.688095,600,92.91179714465501,aa6e049188fd5834fc3d4e105f2487f1c89f58cab1287992b795624079e74360
357,MEASURED,FULL_POLICY_PATH,S_ADAPT_FAST,-1,15,0,3.4297,0.0857425,600,371.3841568529606,b3004c94c0a1acc4bea41b0fbb2b1d0eba865c9be972d407e019303ca1057a20
358,MEASURED,FULL_POLICY_PATH,S_ADAPT_FAST,-1,15,0,0.9485,0.0237125,600,371.3841568529606,b3004c94c0a1acc4bea41b0fbb2b1d0eba865c9be972d407e019303ca1057a20
359,MEASURED,FULL_POLICY_PATH,FULL_DP,530101,15,0,134.1188,3.35297,600,97.20164785567786,5dfc6e9b928df4d0f08ff5efa0db383122234cf621cb1aff31d5dc76cea53281
360,MEASURED,FULL_POLICY_PATH,FULL_NEXT_SLOT_GREEDY,530101,15,0,113.9665,2.8491625,600,79.12127307035414,ab38e837f2c907f127edbde2f7c8ed95a36a472fad62c78ed720b04f7d3651d6
361,MEASURED,FULL_POLICY_PATH,FULL_DP,530101,15,1,138.997,3.4749250000000003,600,83.67778409735129,ef43848fe57bfab6314f95d3543e966a8b08c097b3706610f18e7b16785f617f
362,MEASURED,FULL_POLICY_PATH,FULL_DP,530101,15,3,135.0907,3.3772675,600,130.3358717953731,189881a5e1bfcc51a0b294aead80a5689fa4ff9cc9441444624324248e655954
363,MEASURED,FULL_POLICY_PATH,FULL_DP,530101,15,1,134.1904,3.35476,600,83.67778409735129,ef43848fe57bfab6314f95d3543e966a8b08c097b3706610f18e7b16785f617f
364,MEASURED,FULL_POLICY_PATH,FULL_NEXT_SLOT_GREEDY,530101,15,4,116.3503,2.9087575,600,75.07457333232126,b386b02cb26639373bfd804a9b1dc38723d62ad9d6fbfe9b679c7848fd9ed066
365,MEASURED,FULL_POLICY_PATH,FULL_NEXT_SLOT_GREEDY,530101,15,0,120.7253,3.0181325,600,79.12127307035414,ab38e837f2c907f127edbde2f7c8ed95a36a472fad62c78ed720b04f7d3651d6
366,MEASURED,FULL_POLICY_PATH,NO_EMBED_DP,530101,15,1,123.7402,3.093505,600,81.19884760996587,4677e3bdde76ee627010870d24b619d935e3292ef7db9a7c22bc2fe43c826b0d
367,MEASURED,FULL_POLICY_PATH,FULL_NEXT_SLOT_GREEDY,530101,15,3,112.4663,2.8116575,600,119.1855570835663,5f1975b28559b7b33f8074ff952ca72e66c70bcdf7a314a2d50a53a27172945b
368,MEASURED,FULL_POLICY_PATH,FULL_DP,530101,15,0,133.5184,3.3379600000000003,600,97.20164785567786,5dfc6e9b928df4d0f08ff5efa0db383122234cf621cb1aff31d5dc76cea53281
369,MEASURED,FULL_POLICY_PATH,S_ADAPT_FAST,-1,15,1,1.2235,0.0305875,600,353.76666152477264,106a9662fdc268276fd832a53813a5d41c26843d15913d386057929c37645238
370,MEASURED,FULL_POLICY_PATH,S_ADAPT_FAST,-1,15,1,0.8349,0.0208725,600,353.76666152477264,106a9662fdc268276fd832a53813a5d41c26843d15913d386057929c37645238
371,MEASURED,FULL_POLICY_PATH,FULL_NEXT_SLOT_GREEDY,530101,15,4,113.7229,2.8430725,600,75.07457333232126,b386b02cb26639373bfd804a9b1dc38723d62ad9d6fbfe9b679c7848fd9ed066
372,MEASURED,FULL_POLICY_PATH,NO_EMBED_DP,530101,15,3,132.2239,3.3055974999999997,600,129.98035955217418,d8d52a3f931c04c90625844d57e4f46003a009fb3fd52c409a81f4859c4ccae6
373,MEASURED,FULL_POLICY_PATH,S_ADAPT_FAST,-1,15,0,1.2924,0.03231,600,371.3841568529606,b3004c94c0a1acc4bea41b0fbb2b1d0eba865c9be972d407e019303ca1057a20
374,MEASURED,FULL_POLICY_PATH,S_ADAPT_FAST,-1,15,1,0.8853,0.0221325,600,353.76666152477264,106a9662fdc268276fd832a53813a5d41c26843d15913d386057929c37645238
375,MEASURED,FULL_POLICY_PATH,FULL_NEXT_SLOT_GREEDY,530101,15,1,114.9561,2.8739025000000002,600,67.07440195907775,2bf74be3014a89749800b5ce98bd2fe88e6e01f0853b07dbb3580a7eeb8ae530
376,MEASURED,FULL_POLICY_PATH,FULL_DP,530101,15,2,132.8728,3.32182,600,97.01479891499869,7e6d95d769c7d9687624018c1d858390f954fe241d6b8975ccdd997e695297b3
377,MEASURED,FULL_POLICY_PATH,NO_EMBED_DP,530101,15,3,130.5018,3.2625450000000003,600,129.98035955217418,d8d52a3f931c04c90625844d57e4f46003a009fb3fd52c409a81f4859c4ccae6
378,MEASURED,FULL_POLICY_PATH,S_ADAPT_FAST,-1,15,3,1.2375,0.0309375,600,386.0996204018593,252c151f42ca3b8e280b1fc6e087a8dee2153f14747c336e7dcac0134425feea
379,MEASURED,FULL_POLICY_PATH,NO_PREFIX_DP,530101,15,2,65.2871,1.6321774999999998,600,94.03389088808336,d4377bf6884a9f804811d8b258a5bb09ef9cecc203170abee78a6ca069445970
380,MEASURED,FULL_POLICY_PATH,NO_PREFIX_DP,530101,15,1,79.9811,1.9995275,600,84.8545323544316,e20679a26c7d8bd9c21ac0cb888850bff141701c33937ace1eca0f4c8c1d5abb
381,MEASURED,FULL_POLICY_PATH,S_ADAPT_FAST,-1,15,2,1.4374,0.035935,600,363.60913959145546,f3eef135fbf7cda7d4259deff31d97d81321154c3d403ba8eae0e13e337b36ae
382,MEASURED,FULL_POLICY_PATH,NO_PREFIX_DP,530101,15,4,59.4624,1.48656,600,92.91179714465501,aa6e049188fd5834fc3d4e105f2487f1c89f58cab1287992b795624079e74360
383,MEASURED,FULL_POLICY_PATH,NO_EMBED_DP,530101,15,2,134.2319,3.3557975,600,90.5785843672236,2c38bfe7fb4e8cff8e1084994138bfdfb70f1baed15fb308f7ecb7d750be6b75
384,MEASURED,FULL_POLICY_PATH,NO_PREFIX_DP,530101,15,0,68.0813,1.7020325,600,94.08364844578004,b733158971e4092df6cb7bfcc910b3d53143c113e838b39d49ee6d54f3db9191
385,MEASURED,FULL_POLICY_PATH,FULL_DP,530101,15,1,134.002,3.3500500000000004,600,83.67778409735129,ef43848fe57bfab6314f95d3543e966a8b08c097b3706610f18e7b16785f617f
386,MEASURED,FULL_POLICY_PATH,NO_PREFIX_DP,530101,15,3,62.1509,1.5537725,600,125.34074133885542,29119f3c9f537c11011ef313aae78fb6145a44dee7bf88514850e46c0121538a
387,MEASURED,FULL_POLICY_PATH,NO_EMBED_DP,530101,15,2,128.6983,3.2174574999999996,600,90.5785843672236,2c38bfe7fb4e8cff8e1084994138bfdfb70f1baed15fb308f7ecb7d750be6b75
388,MEASURED,FULL_POLICY_PATH,FULL_DP,530101,15,2,141.8115,3.5452874999999997,600,97.01479891499869,7e6d95d769c7d9687624018c1d858390f954fe241d6b8975ccdd997e695297b3
389,MEASURED,FULL_POLICY_PATH,FULL_DP,530101,15,4,140.2345,3.5058625,600,93.15287583446096,f4a94ff0a77b6bd17929b939cf25ec2bc7ef76ebdf3f58bce2d75db46d2d99f4
390,MEASURED,FULL_POLICY_PATH,FULL_NEXT_SLOT_GREEDY,530101,15,2,123.4244,3.08561,600,68.69790992373238,0904e6cfb8b018038439d5b1a66e5ae2acf3fa4974b7a19eea42986962a33c60
391,MEASURED,FULL_POLICY_PATH,FULL_NEXT_SLOT_GREEDY,530101,15,3,134.3152,3.35788,600,119.1855570835663,5f1975b28559b7b33f8074ff952ca72e66c70bcdf7a314a2d50a53a27172945b
392,MEASURED,FULL_POLICY_PATH,NO_PREFIX_DP,530101,15,0,61.9197,1.5479924999999999,600,94.08364844578004,b733158971e4092df6cb7bfcc910b3d53143c113e838b39d49ee6d54f3db9191
393,MEASURED,FULL_POLICY_PATH,NO_PREFIX_DP,530101,15,4,67.1203,1.6780075,600,92.91179714465501,aa6e049188fd5834fc3d4e105f2487f1c89f58cab1287992b795624079e74360
394,MEASURED,FULL_POLICY_PATH,NO_EMBED_DP,530101,15,1,128.2405,3.2060125,600,81.19884760996587,4677e3bdde76ee627010870d24b619d935e3292ef7db9a7c22bc2fe43c826b0d
395,MEASURED,FULL_POLICY_PATH,FULL_NEXT_SLOT_GREEDY,530101,15,4,114.5964,2.86491,600,75.07457333232126,b386b02cb26639373bfd804a9b1dc38723d62ad9d6fbfe9b679c7848fd9ed066
396,MEASURED,FULL_POLICY_PATH,NO_PREFIX_DP,530101,15,3,61.2961,1.5324025000000001,600,125.34074133885542,29119f3c9f537c11011ef313aae78fb6145a44dee7bf88514850e46c0121538a
397,MEASURED,FULL_POLICY_PATH,NO_PREFIX_DP,530101,15,4,62.9151,1.5728775000000002,600,92.91179714465501,aa6e049188fd5834fc3d4e105f2487f1c89f58cab1287992b795624079e74360
398,MEASURED,FULL_POLICY_PATH,FULL_DP,530101,15,2,133.8209,3.3455225,600,97.01479891499869,7e6d95d769c7d9687624018c1d858390f954fe241d6b8975ccdd997e695297b3
399,MEASURED,FULL_POLICY_PATH,FULL_NEXT_SLOT_GREEDY,530101,15,0,118.7336,2.96834,600,79.12127307035414,ab38e837f2c907f127edbde2f7c8ed95a36a472fad62c78ed720b04f7d3651d6
400,MEASURED,FULL_POLICY_PATH,NO_PREFIX_DP,530101,15,4,62.9977,1.5749425000000001,600,92.91179714465501,aa6e049188fd5834fc3d4e105f2487f1c89f58cab1287992b795624079e74360
401,MEASURED,FULL_POLICY_PATH,FULL_NEXT_SLOT_GREEDY,530101,15,2,109.1814,2.729535,600,68.69790992373238,0904e6cfb8b018038439d5b1a66e5ae2acf3fa4974b7a19eea42986962a33c60
402,MEASURED,FULL_POLICY_PATH,NO_EMBED_DP,530101,15,0,127.0659,3.1766475,600,95.54677765648798,965c287b4cd26a8c99ebf6da47e213336fc6727a72a31f68b5b319f015816662
403,MEASURED,FULL_POLICY_PATH,NO_EMBED_DP,530101,15,3,135.2718,3.3817950000000003,600,129.98035955217418,d8d52a3f931c04c90625844d57e4f46003a009fb3fd52c409a81f4859c4ccae6
404,MEASURED,FULL_POLICY_PATH,FULL_NEXT_SLOT_GREEDY,530101,15,1,113.7008,2.84252,600,67.07440195907775,2bf74be3014a89749800b5ce98bd2fe88e6e01f0853b07dbb3580a7eeb8ae530
405,MEASURED,FULL_POLICY_PATH,FULL_NEXT_SLOT_GREEDY,530101,15,0,114.9079,2.8726975,600,79.12127307035414,ab38e837f2c907f127edbde2f7c8ed95a36a472fad62c78ed720b04f7d3651d6
406,MEASURED,FULL_POLICY_PATH,FULL_NEXT_SLOT_GREEDY,530101,15,2,118.7041,2.9676025,600,68.69790992373238,0904e6cfb8b018038439d5b1a66e5ae2acf3fa4974b7a19eea42986962a33c60
407,MEASURED,FULL_POLICY_PATH,NO_PREFIX_DP,530101,15,1,63.7324,1.59331,600,84.8545323544316,e20679a26c7d8bd9c21ac0cb888850bff141701c33937ace1eca0f4c8c1d5abb
408,MEASURED,FULL_POLICY_PATH,FULL_NEXT_SLOT_GREEDY,530101,15,4,110.8488,2.77122,600,75.07457333232126,b386b02cb26639373bfd804a9b1dc38723d62ad9d6fbfe9b679c7848fd9ed066
409,MEASURED,FULL_POLICY_PATH,NO_EMBED_DP,530101,15,1,138.9461,3.4736525,600,81.19884760996587,4677e3bdde76ee627010870d24b619d935e3292ef7db9a7c22bc2fe43c826b0d
410,MEASURED,FULL_POLICY_PATH,NO_EMBED_DP,530101,15,1,134.8623,3.3715575,600,81.19884760996587,4677e3bdde76ee627010870d24b619d935e3292ef7db9a7c22bc2fe43c826b0d
411,MEASURED,FULL_POLICY_PATH,NO_EMBED_DP,530101,15,0,126.6365,3.1659125,600,95.54677765648798,965c287b4cd26a8c99ebf6da47e213336fc6727a72a31f68b5b319f015816662
412,MEASURED,FULL_POLICY_PATH,NO_EMBED_DP,530101,15,0,134.3686,3.359215,600,95.54677765648798,965c287b4cd26a8c99ebf6da47e213336fc6727a72a31f68b5b319f015816662
413,MEASURED,FULL_POLICY_PATH,FULL_DP,530101,15,2,145.6878,3.642195,600,97.01479891499869,7e6d95d769c7d9687624018c1d858390f954fe241d6b8975ccdd997e695297b3
414,MEASURED,FULL_POLICY_PATH,NO_EMBED_DP,530101,15,1,129.2763,3.2319074999999997,600,81.19884760996587,4677e3bdde76ee627010870d24b619d935e3292ef7db9a7c22bc2fe43c826b0d
415,MEASURED,FULL_POLICY_PATH,NO_PREFIX_DP,530101,15,4,63.2865,1.5821625,600,92.91179714465501,aa6e049188fd5834fc3d4e105f2487f1c89f58cab1287992b795624079e74360
416,MEASURED,FULL_POLICY_PATH,FULL_NEXT_SLOT_GREEDY,530101,15,2,115.988,2.8997,600,68.69790992373238,0904e6cfb8b018038439d5b1a66e5ae2acf3fa4974b7a19eea42986962a33c60
417,MEASURED,FULL_POLICY_PATH,FULL_NEXT_SLOT_GREEDY,530101,15,1,123.082,3.07705,600,67.07440195907775,2bf74be3014a89749800b5ce98bd2fe88e6e01f0853b07dbb3580a7eeb8ae530
418,MEASURED,FULL_POLICY_PATH,FULL_NEXT_SLOT_GREEDY,530101,15,1,112.3581,2.8089524999999997,600,67.07440195907775,2bf74be3014a89749800b5ce98bd2fe88e6e01f0853b07dbb3580a7eeb8ae530
419,MEASURED,FULL_POLICY_PATH,NO_EMBED_DP,530101,15,2,134.4103,3.3602575000000003,600,90.5785843672236,2c38bfe7fb4e8cff8e1084994138bfdfb70f1baed15fb308f7ecb7d750be6b75
420,MEASURED,FULL_POLICY_PATH,FULL_DP,530101,15,4,137.2044,3.43011,600,93.15287583446096,f4a94ff0a77b6bd17929b939cf25ec2bc7ef76ebdf3f58bce2d75db46d2d99f4
421,MEASURED,FULL_POLICY_PATH,NO_PREFIX_DP,530101,15,4,56.9027,1.4225675,600,92.91179714465501,aa6e049188fd5834fc3d4e105f2487f1c89f58cab1287992b795624079e74360
422,MEASURED,FULL_POLICY_PATH,FULL_NEXT_SLOT_GREEDY,530101,15,3,117.9585,2.9489625,600,119.1855570835663,5f1975b28559b7b33f8074ff952ca72e66c70bcdf7a314a2d50a53a27172945b
423,MEASURED,FULL_POLICY_PATH,NO_EMBED_DP,530101,15,3,128.4896,3.21224,600,129.98035955217418,d8d52a3f931c04c90625844d57e4f46003a009fb3fd52c409a81f4859c4ccae6
424,MEASURED,FULL_POLICY_PATH,NO_PREFIX_DP,530101,15,2,61.8238,1.545595,600,94.03389088808336,d4377bf6884a9f804811d8b258a5bb09ef9cecc203170abee78a6ca069445970
425,MEASURED,FULL_POLICY_PATH,S_ADAPT_FAST,-1,15,2,1.2204,0.03051,600,363.60913959145546,f3eef135fbf7cda7d4259deff31d97d81321154c3d403ba8eae0e13e337b36ae
426,MEASURED,FULL_POLICY_PATH,S_ADAPT_FAST,-1,15,1,1.0285,0.0257125,600,353.76666152477264,106a9662fdc268276fd832a53813a5d41c26843d15913d386057929c37645238
427,MEASURED,FULL_POLICY_PATH,FULL_NEXT_SLOT_GREEDY,530101,15,0,112.0202,2.8005050000000002,600,79.12127307035414,ab38e837f2c907f127edbde2f7c8ed95a36a472fad62c78ed720b04f7d3651d6
428,MEASURED,FULL_POLICY_PATH,S_ADAPT_FAST,-1,15,2,1.4015,0.0350375,600,363.60913959145546,f3eef135fbf7cda7d4259deff31d97d81321154c3d403ba8eae0e13e337b36ae
429,MEASURED,FULL_POLICY_PATH,NO_PREFIX_DP,530101,15,1,58.7612,1.46903,600,84.8545323544316,e20679a26c7d8bd9c21ac0cb888850bff141701c33937ace1eca0f4c8c1d5abb
430,MEASURED,FULL_POLICY_PATH,NO_EMBED_DP,530101,15,3,127.5674,3.189185,600,129.98035955217418,d8d52a3f931c04c90625844d57e4f46003a009fb3fd52c409a81f4859c4ccae6
431,MEASURED,FULL_POLICY_PATH,NO_EMBED_DP,530101,15,3,133.1694,3.3292349999999997,600,129.98035955217418,d8d52a3f931c04c90625844d57e4f46003a009fb3fd52c409a81f4859c4ccae6
432,MEASURED,FULL_POLICY_PATH,FULL_DP,530101,15,3,135.5021,3.3875525000000004,600,130.3358717953731,189881a5e1bfcc51a0b294aead80a5689fa4ff9cc9441444624324248e655954
433,MEASURED,FULL_POLICY_PATH,FULL_DP,530101,15,3,137.4838,3.4370950000000002,600,130.3358717953731,189881a5e1bfcc51a0b294aead80a5689fa4ff9cc9441444624324248e655954
434,MEASURED,FULL_POLICY_PATH,NO_PREFIX_DP,530101,15,2,60.8295,1.5207375,600,94.03389088808336,d4377bf6884a9f804811d8b258a5bb09ef9cecc203170abee78a6ca069445970
435,MEASURED,FULL_POLICY_PATH,FULL_NEXT_SLOT_GREEDY,530101,15,3,118.3566,2.958915,600,119.1855570835663,5f1975b28559b7b33f8074ff952ca72e66c70bcdf7a314a2d50a53a27172945b
436,MEASURED,FULL_POLICY_PATH,NO_PREFIX_DP,530101,15,4,69.2925,1.7323125000000001,600,92.91179714465501,aa6e049188fd5834fc3d4e105f2487f1c89f58cab1287992b795624079e74360
437,MEASURED,FULL_POLICY_PATH,S_ADAPT_FAST,-1,15,2,1.2999,0.0324975,600,363.60913959145546,f3eef135fbf7cda7d4259deff31d97d81321154c3d403ba8eae0e13e337b36ae
438,MEASURED,FULL_POLICY_PATH,NO_EMBED_DP,530101,15,4,130.4983,3.2624575,600,91.78795051111094,d6bff5ecbf83e666eccc9a63d39d4614ab32cafe9ff333da54eaccf3edbb4ec6
439,MEASURED,FULL_POLICY_PATH,NO_PREFIX_DP,530101,15,3,57.9292,1.4482300000000001,600,125.34074133885542,29119f3c9f537c11011ef313aae78fb6145a44dee7bf88514850e46c0121538a
440,MEASURED,FULL_POLICY_PATH,S_ADAPT_FAST,-1,15,4,1.6209,0.0405225,600,357.80318182706833,5938eba45c73290974057dd22f17b06e25d6b2d6c0e2628f2227edfdebb7b23b
441,MEASURED,FULL_POLICY_PATH,NO_PREFIX_DP,530101,15,1,63.9749,1.5993724999999999,600,84.8545323544316,e20679a26c7d8bd9c21ac0cb888850bff141701c33937ace1eca0f4c8c1d5abb
442,MEASURED,FULL_POLICY_PATH,FULL_DP,530101,15,2,131.6095,3.2902375,600,97.01479891499869,7e6d95d769c7d9687624018c1d858390f954fe241d6b8975ccdd997e695297b3
443,MEASURED,FULL_POLICY_PATH,NO_PREFIX_DP,530101,15,0,67.3843,1.6846074999999998,600,94.08364844578004,b733158971e4092df6cb7bfcc910b3d53143c113e838b39d49ee6d54f3db9191
444,MEASURED,FULL_POLICY_PATH,NO_EMBED_DP,530101,15,0,136.7047,3.4176175,600,95.54677765648798,965c287b4cd26a8c99ebf6da47e213336fc6727a72a31f68b5b319f015816662
445,MEASURED,FULL_POLICY_PATH,NO_PREFIX_DP,530101,15,1,65.2657,1.6316424999999999,600,84.8545323544316,e20679a26c7d8bd9c21ac0cb888850bff141701c33937ace1eca0f4c8c1d5abb
446,MEASURED,FULL_POLICY_PATH,NO_EMBED_DP,530101,15,2,131.7191,3.2929775,600,90.5785843672236,2c38bfe7fb4e8cff8e1084994138bfdfb70f1baed15fb308f7ecb7d750be6b75
447,MEASURED,FULL_POLICY_PATH,FULL_DP,530101,15,1,149.0291,3.7257275,600,83.67778409735129,ef43848fe57bfab6314f95d3543e966a8b08c097b3706610f18e7b16785f617f
448,MEASURED,FULL_POLICY_PATH,NO_PREFIX_DP,530101,15,0,64.1741,1.6043524999999998,600,94.08364844578004,b733158971e4092df6cb7bfcc910b3d53143c113e838b39d49ee6d54f3db9191
449,MEASURED,FULL_POLICY_PATH,FULL_NEXT_SLOT_GREEDY,530101,15,0,116.7396,2.91849,600,79.12127307035414,ab38e837f2c907f127edbde2f7c8ed95a36a472fad62c78ed720b04f7d3651d6
450,MEASURED,FULL_POLICY_PATH,FULL_NEXT_SLOT_GREEDY,530101,15,2,108.7302,2.718255,600,68.69790992373238,0904e6cfb8b018038439d5b1a66e5ae2acf3fa4974b7a19eea42986962a33c60
451,MEASURED,FULL_POLICY_PATH,S_ADAPT_FAST,-1,15,1,1.7435,0.0435875,600,353.76666152477264,106a9662fdc268276fd832a53813a5d41c26843d15913d386057929c37645238
452,MEASURED,FULL_POLICY_PATH,S_ADAPT_FAST,-1,15,0,0.9586,0.023965,600,371.3841568529606,b3004c94c0a1acc4bea41b0fbb2b1d0eba865c9be972d407e019303ca1057a20
453,MEASURED,FULL_POLICY_PATH,S_ADAPT_FAST,-1,15,1,0.7235,0.0180875,600,353.76666152477264,106a9662fdc268276fd832a53813a5d41c26843d15913d386057929c37645238
454,MEASURED,FULL_POLICY_PATH,NO_PREFIX_DP,530101,15,2,59.639,1.4909750000000002,600,94.03389088808336,d4377bf6884a9f804811d8b258a5bb09ef9cecc203170abee78a6ca069445970
455,MEASURED,FULL_POLICY_PATH,FULL_DP,530101,15,0,144.4822,3.6120550000000002,600,97.20164785567786,5dfc6e9b928df4d0f08ff5efa0db383122234cf621cb1aff31d5dc76cea53281
456,MEASURED,FULL_POLICY_PATH,NO_PREFIX_DP,530101,15,2,66.0471,1.6511775,600,94.03389088808336,d4377bf6884a9f804811d8b258a5bb09ef9cecc203170abee78a6ca069445970
457,MEASURED,FULL_POLICY_PATH,S_ADAPT_FAST,-1,15,2,1.2376,0.030940000000000002,600,363.60913959145546,f3eef135fbf7cda7d4259deff31d97d81321154c3d403ba8eae0e13e337b36ae
458,MEASURED,FULL_POLICY_PATH,S_ADAPT_FAST,-1,15,4,0.8248,0.02062,600,357.80318182706833,5938eba45c73290974057dd22f17b06e25d6b2d6c0e2628f2227edfdebb7b23b
459,MEASURED,FULL_POLICY_PATH,FULL_DP,530101,15,1,146.8277,3.6706925,600,83.67778409735129,ef43848fe57bfab6314f95d3543e966a8b08c097b3706610f18e7b16785f617f
460,MEASURED,FULL_POLICY_PATH,NO_EMBED_DP,530101,15,4,196.281,4.907025,600,91.78795051111094,d6bff5ecbf83e666eccc9a63d39d4614ab32cafe9ff333da54eaccf3edbb4ec6
461,MEASURED,FULL_POLICY_PATH,NO_EMBED_DP,530101,15,0,204.5277,5.1131925,600,95.54677765648798,965c287b4cd26a8c99ebf6da47e213336fc6727a72a31f68b5b319f015816662
462,MEASURED,FULL_POLICY_PATH,FULL_DP,530101,15,0,213.8317,5.3457925,600,97.20164785567786,5dfc6e9b928df4d0f08ff5efa0db383122234cf621cb1aff31d5dc76cea53281
463,MEASURED,FULL_POLICY_PATH,NO_PREFIX_DP,530101,15,3,86.2049,2.1551225,600,125.34074133885542,29119f3c9f537c11011ef313aae78fb6145a44dee7bf88514850e46c0121538a
464,MEASURED,FULL_POLICY_PATH,FULL_DP,530101,15,1,213.367,5.334175,600,83.67778409735129,ef43848fe57bfab6314f95d3543e966a8b08c097b3706610f18e7b16785f617f
465,MEASURED,FULL_POLICY_PATH,FULL_NEXT_SLOT_GREEDY,530101,15,3,170.7464,4.26866,600,119.1855570835663,5f1975b28559b7b33f8074ff952ca72e66c70bcdf7a314a2d50a53a27172945b
466,MEASURED,FULL_POLICY_PATH,NO_EMBED_DP,530101,15,1,191.9273,4.7981825,600,81.19884760996587,4677e3bdde76ee627010870d24b619d935e3292ef7db9a7c22bc2fe43c826b0d
467,MEASURED,FULL_POLICY_PATH,NO_PREFIX_DP,530101,15,4,94.3154,2.357885,600,92.91179714465501,aa6e049188fd5834fc3d4e105f2487f1c89f58cab1287992b795624079e74360
468,MEASURED,FULL_POLICY_PATH,FULL_DP,530101,15,4,206.6726,5.166815,600,93.15287583446096,f4a94ff0a77b6bd17929b939cf25ec2bc7ef76ebdf3f58bce2d75db46d2d99f4
469,MEASURED,FULL_POLICY_PATH,NO_EMBED_DP,530101,15,4,199.6776,4.9919400000000005,600,91.78795051111094,d6bff5ecbf83e666eccc9a63d39d4614ab32cafe9ff333da54eaccf3edbb4ec6
470,MEASURED,FULL_POLICY_PATH,S_ADAPT_FAST,-1,15,4,1.9798,0.049495,600,357.80318182706833,5938eba45c73290974057dd22f17b06e25d6b2d6c0e2628f2227edfdebb7b23b
471,MEASURED,FULL_POLICY_PATH,NO_PREFIX_DP,530101,15,1,69.5634,1.739085,600,84.8545323544316,e20679a26c7d8bd9c21ac0cb888850bff141701c33937ace1eca0f4c8c1d5abb
472,MEASURED,FULL_POLICY_PATH,NO_EMBED_DP,530101,15,3,141.4743,3.5368575,600,129.98035955217418,d8d52a3f931c04c90625844d57e4f46003a009fb3fd52c409a81f4859c4ccae6
473,MEASURED,FULL_POLICY_PATH,S_ADAPT_FAST,-1,15,3,1.2235,0.0305875,600,386.0996204018593,252c151f42ca3b8e280b1fc6e087a8dee2153f14747c336e7dcac0134425feea
474,MEASURED,FULL_POLICY_PATH,FULL_NEXT_SLOT_GREEDY,530101,15,3,114.4124,2.86031,600,119.1855570835663,5f1975b28559b7b33f8074ff952ca72e66c70bcdf7a314a2d50a53a27172945b
475,MEASURED,FULL_POLICY_PATH,NO_EMBED_DP,530101,15,2,128.0878,3.2021949999999997,600,90.5785843672236,2c38bfe7fb4e8cff8e1084994138bfdfb70f1baed15fb308f7ecb7d750be6b75
476,MEASURED,FULL_POLICY_PATH,S_ADAPT_FAST,-1,15,3,1.2235,0.0305875,600,386.0996204018593,252c151f42ca3b8e280b1fc6e087a8dee2153f14747c336e7dcac0134425feea
477,MEASURED,FULL_POLICY_PATH,NO_EMBED_DP,530101,15,2,130.3291,3.2582275000000003,600,90.5785843672236,2c38bfe7fb4e8cff8e1084994138bfdfb70f1baed15fb308f7ecb7d750be6b75
478,MEASURED,FULL_POLICY_PATH,FULL_NEXT_SLOT_GREEDY,530101,15,2,119.587,2.989675,600,68.69790992373238,0904e6cfb8b018038439d5b1a66e5ae2acf3fa4974b7a19eea42986962a33c60
479,MEASURED,FULL_POLICY_PATH,NO_EMBED_DP,530101,15,0,137.7521,3.4438025000000003,600,95.54677765648798,965c287b4cd26a8c99ebf6da47e213336fc6727a72a31f68b5b319f015816662
480,MEASURED,FULL_POLICY_PATH,NO_PREFIX_DP,530101,15,4,61.0447,1.5261175,600,92.91179714465501,aa6e049188fd5834fc3d4e105f2487f1c89f58cab1287992b795624079e74360
481,MEASURED,FULL_POLICY_PATH,FULL_NEXT_SLOT_GREEDY,530101,15,1,118.6973,2.9674325,600,67.07440195907775,2bf74be3014a89749800b5ce98bd2fe88e6e01f0853b07dbb3580a7eeb8ae530
482,MEASURED,FULL_POLICY_PATH,FULL_DP,530101,15,0,139.1138,3.477845,600,97.20164785567786,5dfc6e9b928df4d0f08ff5efa0db383122234cf621cb1aff31d5dc76cea53281
483,MEASURED,FULL_POLICY_PATH,FULL_NEXT_SLOT_GREEDY,530101,15,3,113.8922,2.847305,600,119.1855570835663,5f1975b28559b7b33f8074ff952ca72e66c70bcdf7a314a2d50a53a27172945b
484,MEASURED,FULL_POLICY_PATH,S_ADAPT_FAST,-1,15,1,1.8436,0.04609,600,353.76666152477264,106a9662fdc268276fd832a53813a5d41c26843d15913d386057929c37645238
485,MEASURED,FULL_POLICY_PATH,NO_PREFIX_DP,530101,15,3,60.0618,1.501545,600,125.34074133885542,29119f3c9f537c11011ef313aae78fb6145a44dee7bf88514850e46c0121538a
486,MEASURED,FULL_POLICY_PATH,NO_EMBED_DP,530101,15,1,126.5623,3.1640574999999997,600,81.19884760996587,4677e3bdde76ee627010870d24b619d935e3292ef7db9a7c22bc2fe43c826b0d
487,MEASURED,FULL_POLICY_PATH,S_ADAPT_FAST,-1,15,0,1.3669,0.0341725,600,371.3841568529606,b3004c94c0a1acc4bea41b0fbb2b1d0eba865c9be972d407e019303ca1057a20
488,MEASURED,FULL_POLICY_PATH,NO_EMBED_DP,530101,15,4,133.6331,3.3408275000000005,600,91.78795051111094,d6bff5ecbf83e666eccc9a63d39d4614ab32cafe9ff333da54eaccf3edbb4ec6
489,MEASURED,FULL_POLICY_PATH,S_ADAPT_FAST,-1,15,0,1.3326,0.033315,600,371.3841568529606,b3004c94c0a1acc4bea41b0fbb2b1d0eba865c9be972d407e019303ca1057a20
490,MEASURED,FULL_POLICY_PATH,S_ADAPT_FAST,-1,15,1,0.8498,0.021245,600,353.76666152477264,106a9662fdc268276fd832a53813a5d41c26843d15913d386057929c37645238
491,MEASURED,FULL_POLICY_PATH,S_ADAPT_FAST,-1,15,1,1.2148,0.03037,600,353.76666152477264,106a9662fdc268276fd832a53813a5d41c26843d15913d386057929c37645238
492,MEASURED,FULL_POLICY_PATH,NO_PREFIX_DP,530101,15,2,63.141,1.578525,600,94.03389088808336,d4377bf6884a9f804811d8b258a5bb09ef9cecc203170abee78a6ca069445970
493,MEASURED,FULL_POLICY_PATH,FULL_NEXT_SLOT_GREEDY,530101,15,3,109.3479,2.7336975,600,119.1855570835663,5f1975b28559b7b33f8074ff952ca72e66c70bcdf7a314a2d50a53a27172945b
494,MEASURED,FULL_POLICY_PATH,NO_EMBED_DP,530101,15,2,132.2866,3.307165,600,90.5785843672236,2c38bfe7fb4e8cff8e1084994138bfdfb70f1baed15fb308f7ecb7d750be6b75
495,MEASURED,FULL_POLICY_PATH,NO_EMBED_DP,530101,15,0,123.9755,3.0993874999999997,600,95.54677765648798,965c287b4cd26a8c99ebf6da47e213336fc6727a72a31f68b5b319f015816662
496,MEASURED,FULL_POLICY_PATH,FULL_NEXT_SLOT_GREEDY,530101,15,4,115.2287,2.8807175000000003,600,75.07457333232126,b386b02cb26639373bfd804a9b1dc38723d62ad9d6fbfe9b679c7848fd9ed066
497,MEASURED,FULL_POLICY_PATH,NO_PREFIX_DP,530101,15,3,70.1279,1.7531975,600,125.34074133885542,29119f3c9f537c11011ef313aae78fb6145a44dee7bf88514850e46c0121538a
498,MEASURED,FULL_POLICY_PATH,NO_EMBED_DP,530101,15,4,126.4391,3.1609775,600,91.78795051111094,d6bff5ecbf83e666eccc9a63d39d4614ab32cafe9ff333da54eaccf3edbb4ec6
499,MEASURED,FULL_POLICY_PATH,NO_PREFIX_DP,530101,15,2,69.859,1.7464749999999998,600,94.03389088808336,d4377bf6884a9f804811d8b258a5bb09ef9cecc203170abee78a6ca069445970
2000000,MEASURED,COMPONENT_FEATURE_FULL,DIAGNOSTIC,530101,15,0,104.6132,2.61533,0,,
2000001,MEASURED,COMPONENT_FEATURE_NO_EMBED,DIAGNOSTIC,530101,15,0,98.8103,2.4702574999999998,0,,
2000002,MEASURED,COMPONENT_FEATURE_NO_PREFIX,DIAGNOSTIC,530101,15,0,33.8047,0.8451175,0,,
2000003,MEASURED,COMPONENT_SINGLE_MODEL_TEMPERATURE,DIAGNOSTIC,530101,15,0,6.9634,0.174085,0,,
2000004,MEASURED,COMPONENT_EXACT_DP,DIAGNOSTIC,530101,15,0,25.2953,0.6323825000000001,0,,
2000005,MEASURED,COMPONENT_NEXT_SLOT_GREEDY,DIAGNOSTIC,530101,15,0,3.1541,0.0788525,0,,
2000006,MEASURED,COMPONENT_S_ADAPT_FAST,DIAGNOSTIC,530101,15,0,1.7521,0.0438025,0,,
2000007,MEASURED,COMPONENT_FEATURE_FULL,DIAGNOSTIC,530101,15,0,104.3932,2.6098299999999997,0,,
2000008,MEASURED,COMPONENT_FEATURE_NO_EMBED,DIAGNOSTIC,530101,15,0,99.6481,2.4912025,0,,
2000009,MEASURED,COMPONENT_FEATURE_NO_PREFIX,DIAGNOSTIC,530101,15,0,31.9958,0.799895,0,,
2000010,MEASURED,COMPONENT_SINGLE_MODEL_TEMPERATURE,DIAGNOSTIC,530101,15,0,0.9428,0.02357,0,,
2000011,MEASURED,COMPONENT_EXACT_DP,DIAGNOSTIC,530101,15,0,24.2339,0.6058475,0,,
2000012,MEASURED,COMPONENT_NEXT_SLOT_GREEDY,DIAGNOSTIC,530101,15,0,2.8232,0.07058,0,,
2000013,MEASURED,COMPONENT_S_ADAPT_FAST,DIAGNOSTIC,530101,15,0,1.2428,0.031069999999999997,0,,
2000014,MEASURED,COMPONENT_FEATURE_FULL,DIAGNOSTIC,530101,15,0,105.5038,2.637595,0,,
2000015,MEASURED,COMPONENT_FEATURE_NO_EMBED,DIAGNOSTIC,530101,15,0,100.912,2.5228,0,,
2000016,MEASURED,COMPONENT_FEATURE_NO_PREFIX,DIAGNOSTIC,530101,15,0,32.5074,0.8126849999999999,0,,
2000017,MEASURED,COMPONENT_SINGLE_MODEL_TEMPERATURE,DIAGNOSTIC,530101,15,0,0.9411,0.0235275,0,,
2000018,MEASURED,COMPONENT_EXACT_DP,DIAGNOSTIC,530101,15,0,24.2143,0.6053575,0,,
2000019,MEASURED,COMPONENT_NEXT_SLOT_GREEDY,DIAGNOSTIC,530101,15,0,2.8062,0.070155,0,,
2000020,MEASURED,COMPONENT_S_ADAPT_FAST,DIAGNOSTIC,530101,15,0,1.6254,0.040635,0,,
2000021,MEASURED,COMPONENT_FEATURE_FULL,DIAGNOSTIC,530101,15,0,105.1959,2.6298974999999998,0,,
2000022,MEASURED,COMPONENT_FEATURE_NO_EMBED,DIAGNOSTIC,530101,15,0,98.6206,2.465515,0,,
2000023,MEASURED,COMPONENT_FEATURE_NO_PREFIX,DIAGNOSTIC,530101,15,0,33.9286,0.848215,0,,
2000024,MEASURED,COMPONENT_SINGLE_MODEL_TEMPERATURE,DIAGNOSTIC,530101,15,0,9.8312,0.24578000000000003,0,,
2000025,MEASURED,COMPONENT_EXACT_DP,DIAGNOSTIC,530101,15,0,24.9901,0.6247525,0,,
2000026,MEASURED,COMPONENT_NEXT_SLOT_GREEDY,DIAGNOSTIC,530101,15,0,2.9535,0.0738375,0,,
2000027,MEASURED,COMPONENT_S_ADAPT_FAST,DIAGNOSTIC,530101,15,0,1.6638,0.041595,0,,
2000028,MEASURED,COMPONENT_FEATURE_FULL,DIAGNOSTIC,530101,15,0,104.3817,2.6095425,0,,
2000029,MEASURED,COMPONENT_FEATURE_NO_EMBED,DIAGNOSTIC,530101,15,0,100.0153,2.5003824999999997,0,,
2000030,MEASURED,COMPONENT_FEATURE_NO_PREFIX,DIAGNOSTIC,530101,15,0,31.9795,0.7994875,0,,
2000031,MEASURED,COMPONENT_SINGLE_MODEL_TEMPERATURE,DIAGNOSTIC,530101,15,0,2.0971,0.0524275,0,,
2000032,MEASURED,COMPONENT_EXACT_DP,DIAGNOSTIC,530101,15,0,25.0185,0.6254625,0,,
2000033,MEASURED,COMPONENT_NEXT_SLOT_GREEDY,DIAGNOSTIC,530101,15,0,3.2879,0.0821975,0,,
2000034,MEASURED,COMPONENT_S_ADAPT_FAST,DIAGNOSTIC,530101,15,0,1.5377,0.038442500000000004,0,,
2000035,MEASURED,COMPONENT_FEATURE_FULL,DIAGNOSTIC,530101,15,0,105.4979,2.6374475,0,,
2000036,MEASURED,COMPONENT_FEATURE_NO_EMBED,DIAGNOSTIC,530101,15,0,96.2654,2.406635,0,,
2000037,MEASURED,COMPONENT_FEATURE_NO_PREFIX,DIAGNOSTIC,530101,15,0,41.4089,1.0352225000000002,0,,
2000038,MEASURED,COMPONENT_SINGLE_MODEL_TEMPERATURE,DIAGNOSTIC,530101,15,0,0.9332,0.02333,0,,
2000039,MEASURED,COMPONENT_EXACT_DP,DIAGNOSTIC,530101,15,0,24.9359,0.6233975,0,,
2000040,MEASURED,COMPONENT_NEXT_SLOT_GREEDY,DIAGNOSTIC,530101,15,0,2.8208,0.07052,0,,
2000041,MEASURED,COMPONENT_S_ADAPT_FAST,DIAGNOSTIC,530101,15,0,1.2271,0.030677500000000003,0,,
2000042,MEASURED,COMPONENT_FEATURE_FULL,DIAGNOSTIC,530101,15,0,141.3483,3.5337075,0,,
2000043,MEASURED,COMPONENT_FEATURE_NO_EMBED,DIAGNOSTIC,530101,15,0,120.525,3.013125,0,,
2000044,MEASURED,COMPONENT_FEATURE_NO_PREFIX,DIAGNOSTIC,530101,15,0,37.6958,0.942395,0,,
2000045,MEASURED,COMPONENT_SINGLE_MODEL_TEMPERATURE,DIAGNOSTIC,530101,15,0,0.9262,0.023155000000000002,0,,
2000046,MEASURED,COMPONENT_EXACT_DP,DIAGNOSTIC,530101,15,0,29.8038,0.745095,0,,
2000047,MEASURED,COMPONENT_NEXT_SLOT_GREEDY,DIAGNOSTIC,530101,15,0,3.487,0.087175,0,,
2000048,MEASURED,COMPONENT_S_ADAPT_FAST,DIAGNOSTIC,530101,15,0,1.2797,0.0319925,0,,
2000049,MEASURED,COMPONENT_FEATURE_FULL,DIAGNOSTIC,530101,15,0,109.5648,2.73912,0,,
2000050,MEASURED,COMPONENT_FEATURE_NO_EMBED,DIAGNOSTIC,530101,15,0,97.2347,2.4308675,0,,
2000051,MEASURED,COMPONENT_FEATURE_NO_PREFIX,DIAGNOSTIC,530101,15,0,36.0578,0.901445,0,,
2000052,MEASURED,COMPONENT_SINGLE_MODEL_TEMPERATURE,DIAGNOSTIC,530101,15,0,3.7194,0.092985,0,,
2000053,MEASURED,COMPONENT_EXACT_DP,DIAGNOSTIC,530101,15,0,24.7132,0.61783,0,,
2000054,MEASURED,COMPONENT_NEXT_SLOT_GREEDY,DIAGNOSTIC,530101,15,0,2.8089,0.0702225,0,,
2000055,MEASURED,COMPONENT_S_ADAPT_FAST,DIAGNOSTIC,530101,15,0,1.2472,0.031180000000000003,0,,
2000056,MEASURED,COMPONENT_FEATURE_FULL,DIAGNOSTIC,530101,15,0,106.5729,2.6643225,0,,
2000057,MEASURED,COMPONENT_FEATURE_NO_EMBED,DIAGNOSTIC,530101,15,0,102.2525,2.5563124999999998,0,,
2000058,MEASURED,COMPONENT_FEATURE_NO_PREFIX,DIAGNOSTIC,530101,15,0,48.9172,1.22293,0,,
2000059,MEASURED,COMPONENT_SINGLE_MODEL_TEMPERATURE,DIAGNOSTIC,530101,15,0,1.2124,0.030309999999999997,0,,
2000060,MEASURED,COMPONENT_EXACT_DP,DIAGNOSTIC,530101,15,0,29.1017,0.7275425,0,,
2000061,MEASURED,COMPONENT_NEXT_SLOT_GREEDY,DIAGNOSTIC,530101,15,0,2.8274,0.070685,0,,
2000062,MEASURED,COMPONENT_S_ADAPT_FAST,DIAGNOSTIC,530101,15,0,1.2523,0.0313075,0,,
2000063,MEASURED,COMPONENT_FEATURE_FULL,DIAGNOSTIC,530101,15,0,106.4355,2.6608875000000003,0,,
2000064,MEASURED,COMPONENT_FEATURE_NO_EMBED,DIAGNOSTIC,530101,15,0,103.3529,2.5838225,0,,
2000065,MEASURED,COMPONENT_FEATURE_NO_PREFIX,DIAGNOSTIC,530101,15,0,33.5095,0.8377375,0,,
2000066,MEASURED,COMPONENT_SINGLE_MODEL_TEMPERATURE,DIAGNOSTIC,530101,15,0,0.891,0.022275,0,,
2000067,MEASURED,COMPONENT_EXACT_DP,DIAGNOSTIC,530101,15,0,24.8771,0.6219275,0,,
2000068,MEASURED,COMPONENT_NEXT_SLOT_GREEDY,DIAGNOSTIC,530101,15,0,3.2037,0.0800925,0,,
2000069,MEASURED,COMPONENT_S_ADAPT_FAST,DIAGNOSTIC,530101,15,0,1.233,0.030825,0,,
2000070,MEASURED,COMPONENT_FEATURE_FULL,DIAGNOSTIC,530101,15,1,106.804,2.6701,0,,
2000071,MEASURED,COMPONENT_FEATURE_NO_EMBED,DIAGNOSTIC,530101,15,1,99.2739,2.4818474999999998,0,,
2000072,MEASURED,COMPONENT_FEATURE_NO_PREFIX,DIAGNOSTIC,530101,15,1,33.0813,0.8270325,0,,
2000073,MEASURED,COMPONENT_SINGLE_MODEL_TEMPERATURE,DIAGNOSTIC,530101,15,1,0.9105,0.022762499999999998,0,,
2000074,MEASURED,COMPONENT_EXACT_DP,DIAGNOSTIC,530101,15,1,24.9911,0.6247775,0,,
2000075,MEASURED,COMPONENT_NEXT_SLOT_GREEDY,DIAGNOSTIC,530101,15,1,2.8333,0.07083249999999999,0,,
2000076,MEASURED,COMPONENT_S_ADAPT_FAST,DIAGNOSTIC,530101,15,1,1.6187,0.0404675,0,,
2000077,MEASURED,COMPONENT_FEATURE_FULL,DIAGNOSTIC,530101,15,1,105.6705,2.6417625,0,,
2000078,MEASURED,COMPONENT_FEATURE_NO_EMBED,DIAGNOSTIC,530101,15,1,96.2742,2.4068549999999997,0,,
2000079,MEASURED,COMPONENT_FEATURE_NO_PREFIX,DIAGNOSTIC,530101,15,1,35.2768,0.88192,0,,
2000080,MEASURED,COMPONENT_SINGLE_MODEL_TEMPERATURE,DIAGNOSTIC,530101,15,1,7.6404,0.19100999999999999,0,,
2000081,MEASURED,COMPONENT_EXACT_DP,DIAGNOSTIC,530101,15,1,24.5668,0.61417,0,,
2000082,MEASURED,COMPONENT_NEXT_SLOT_GREEDY,DIAGNOSTIC,530101,15,1,2.8421,0.07105249999999999,0,,
2000083,MEASURED,COMPONENT_S_ADAPT_FAST,DIAGNOSTIC,530101,15,1,1.2433,0.031082500000000002,0,,
2000084,MEASURED,COMPONENT_FEATURE_FULL,DIAGNOSTIC,530101,15,1,107.2291,2.6807275,0,,
2000085,MEASURED,COMPONENT_FEATURE_NO_EMBED,DIAGNOSTIC,530101,15,1,101.2847,2.5321175,0,,
2000086,MEASURED,COMPONENT_FEATURE_NO_PREFIX,DIAGNOSTIC,530101,15,1,31.6764,0.79191,0,,
2000087,MEASURED,COMPONENT_SINGLE_MODEL_TEMPERATURE,DIAGNOSTIC,530101,15,1,0.9145,0.0228625,0,,
2000088,MEASURED,COMPONENT_EXACT_DP,DIAGNOSTIC,530101,15,1,26.918,0.6729499999999999,0,,
2000089,MEASURED,COMPONENT_NEXT_SLOT_GREEDY,DIAGNOSTIC,530101,15,1,5.7251,0.14312750000000002,0,,
2000090,MEASURED,COMPONENT_S_ADAPT_FAST,DIAGNOSTIC,530101,15,1,2.6336,0.06584,0,,
2000091,MEASURED,COMPONENT_FEATURE_FULL,DIAGNOSTIC,530101,15,1,119.2083,2.9802074999999997,0,,
2000092,MEASURED,COMPONENT_FEATURE_NO_EMBED,DIAGNOSTIC,530101,15,1,98.0367,2.4509175,0,,
2000093,MEASURED,COMPONENT_FEATURE_NO_PREFIX,DIAGNOSTIC,530101,15,1,35.0143,0.8753575,0,,
2000094,MEASURED,COMPONENT_SINGLE_MODEL_TEMPERATURE,DIAGNOSTIC,530101,15,1,0.9289,0.0232225,0,,
2000095,MEASURED,COMPONENT_EXACT_DP,DIAGNOSTIC,530101,15,1,23.1125,0.5778125000000001,0,,
2000096,MEASURED,COMPONENT_NEXT_SLOT_GREEDY,DIAGNOSTIC,530101,15,1,3.2382,0.080955,0,,
2000097,MEASURED,COMPONENT_S_ADAPT_FAST,DIAGNOSTIC,530101,15,1,1.3095,0.0327375,0,,
2000098,MEASURED,COMPONENT_FEATURE_FULL,DIAGNOSTIC,530101,15,1,105.3715,2.6342875,0,,
2000099,MEASURED,COMPONENT_FEATURE_NO_EMBED,DIAGNOSTIC,530101,15,1,97.5803,2.4395075,0,,
2000100,MEASURED,COMPONENT_FEATURE_NO_PREFIX,DIAGNOSTIC,530101,15,1,32.9922,0.8248049999999999,0,,
2000101,MEASURED,COMPONENT_SINGLE_MODEL_TEMPERATURE,DIAGNOSTIC,530101,15,1,2.3536,0.05884,0,,
2000102,MEASURED,COMPONENT_EXACT_DP,DIAGNOSTIC,530101,15,1,24.9993,0.6249825,0,,
2000103,MEASURED,COMPONENT_NEXT_SLOT_GREEDY,DIAGNOSTIC,530101,15,1,3.3064,0.08266,0,,
2000104,MEASURED,COMPONENT_S_ADAPT_FAST,DIAGNOSTIC,530101,15,1,1.2703,0.0317575,0,,
2000105,MEASURED,COMPONENT_FEATURE_FULL,DIAGNOSTIC,530101,15,1,109.1801,2.7295024999999997,0,,
2000106,MEASURED,COMPONENT_FEATURE_NO_EMBED,DIAGNOSTIC,530101,15,1,97.4969,2.4374225,0,,
2000107,MEASURED,COMPONENT_FEATURE_NO_PREFIX,DIAGNOSTIC,530101,15,1,32.2057,0.8051425,0,,
2000108,MEASURED,COMPONENT_SINGLE_MODEL_TEMPERATURE,DIAGNOSTIC,530101,15,1,2.6483,0.0662075,0,,
2000109,MEASURED,COMPONENT_EXACT_DP,DIAGNOSTIC,530101,15,1,24.1327,0.6033175,0,,
2000110,MEASURED,COMPONENT_NEXT_SLOT_GREEDY,DIAGNOSTIC,530101,15,1,2.8455,0.07113749999999999,0,,
2000111,MEASURED,COMPONENT_S_ADAPT_FAST,DIAGNOSTIC,530101,15,1,1.3235,0.0330875,0,,
2000112,MEASURED,COMPONENT_FEATURE_FULL,DIAGNOSTIC,530101,15,1,106.8119,2.6702974999999998,0,,
2000113,MEASURED,COMPONENT_FEATURE_NO_EMBED,DIAGNOSTIC,530101,15,1,101.4366,2.535915,0,,
2000114,MEASURED,COMPONENT_FEATURE_NO_PREFIX,DIAGNOSTIC,530101,15,1,33.1821,0.8295524999999999,0,,
2000115,MEASURED,COMPONENT_SINGLE_MODEL_TEMPERATURE,DIAGNOSTIC,530101,15,1,0.9108,0.022770000000000002,0,,
2000116,MEASURED,COMPONENT_EXACT_DP,DIAGNOSTIC,530101,15,1,25.2546,0.631365,0,,
2000117,MEASURED,COMPONENT_NEXT_SLOT_GREEDY,DIAGNOSTIC,530101,15,1,2.8688,0.07171999999999999,0,,
2000118,MEASURED,COMPONENT_S_ADAPT_FAST,DIAGNOSTIC,530101,15,1,1.7611,0.044027500000000004,0,,
2000119,MEASURED,COMPONENT_FEATURE_FULL,DIAGNOSTIC,530101,15,1,106.3566,2.658915,0,,
2000120,MEASURED,COMPONENT_FEATURE_NO_EMBED,DIAGNOSTIC,530101,15,1,97.7068,2.44267,0,,
2000121,MEASURED,COMPONENT_FEATURE_NO_PREFIX,DIAGNOSTIC,530101,15,1,32.3158,0.807895,0,,
2000122,MEASURED,COMPONENT_SINGLE_MODEL_TEMPERATURE,DIAGNOSTIC,530101,15,1,2.2801,0.0570025,0,,
2000123,MEASURED,COMPONENT_EXACT_DP,DIAGNOSTIC,530101,15,1,31.0854,0.777135,0,,
2000124,MEASURED,COMPONENT_NEXT_SLOT_GREEDY,DIAGNOSTIC,530101,15,1,2.817,0.070425,0,,
2000125,MEASURED,COMPONENT_S_ADAPT_FAST,DIAGNOSTIC,530101,15,1,1.2433,0.031082500000000002,0,,
2000126,MEASURED,COMPONENT_FEATURE_FULL,DIAGNOSTIC,530101,15,1,118.0628,2.95157,0,,
2000127,MEASURED,COMPONENT_FEATURE_NO_EMBED,DIAGNOSTIC,530101,15,1,97.9674,2.449185,0,,
2000128,MEASURED,COMPONENT_FEATURE_NO_PREFIX,DIAGNOSTIC,530101,15,1,33.8947,0.8473675,0,,
2000129,MEASURED,COMPONENT_SINGLE_MODEL_TEMPERATURE,DIAGNOSTIC,530101,15,1,3.074,0.07685,0,,
2000130,MEASURED,COMPONENT_EXACT_DP,DIAGNOSTIC,530101,15,1,24.9711,0.6242775,0,,
2000131,MEASURED,COMPONENT_NEXT_SLOT_GREEDY,DIAGNOSTIC,530101,15,1,2.8727,0.0718175,0,,
2000132,MEASURED,COMPONENT_S_ADAPT_FAST,DIAGNOSTIC,530101,15,1,1.402,0.03505,0,,
2000133,MEASURED,COMPONENT_FEATURE_FULL,DIAGNOSTIC,530101,15,1,107.3868,2.6846699999999997,0,,
2000134,MEASURED,COMPONENT_FEATURE_NO_EMBED,DIAGNOSTIC,530101,15,1,97.1031,2.4275775,0,,
2000135,MEASURED,COMPONENT_FEATURE_NO_PREFIX,DIAGNOSTIC,530101,15,1,35.575,0.889375,0,,
2000136,MEASURED,COMPONENT_SINGLE_MODEL_TEMPERATURE,DIAGNOSTIC,530101,15,1,0.9432,0.02358,0,,
2000137,MEASURED,COMPONENT_EXACT_DP,DIAGNOSTIC,530101,15,1,24.0581,0.6014525,0,,
2000138,MEASURED,COMPONENT_NEXT_SLOT_GREEDY,DIAGNOSTIC,530101,15,1,2.8413,0.0710325,0,,
2000139,MEASURED,COMPONENT_S_ADAPT_FAST,DIAGNOSTIC,530101,15,1,1.2273,0.0306825,0,,
2000140,MEASURED,COMPONENT_FEATURE_FULL,DIAGNOSTIC,530101,15,2,118.6254,2.965635,0,,
2000141,MEASURED,COMPONENT_FEATURE_NO_EMBED,DIAGNOSTIC,530101,15,2,103.9512,2.59878,0,,
2000142,MEASURED,COMPONENT_FEATURE_NO_PREFIX,DIAGNOSTIC,530101,15,2,33.4285,0.8357125,0,,
2000143,MEASURED,COMPONENT_SINGLE_MODEL_TEMPERATURE,DIAGNOSTIC,530101,15,2,0.9358,0.023395,0,,
2000144,MEASURED,COMPONENT_EXACT_DP,DIAGNOSTIC,530101,15,2,23.8544,0.59636,0,,
2000145,MEASURED,COMPONENT_NEXT_SLOT_GREEDY,DIAGNOSTIC,530101,15,2,2.8052,0.07013,0,,
2000146,MEASURED,COMPONENT_S_ADAPT_FAST,DIAGNOSTIC,530101,15,2,1.709,0.042725,0,,
2000147,MEASURED,COMPONENT_FEATURE_FULL,DIAGNOSTIC,530101,15,2,104.8982,2.622455,0,,
2000148,MEASURED,COMPONENT_FEATURE_NO_EMBED,DIAGNOSTIC,530101,15,2,108.825,2.720625,0,,
2000149,MEASURED,COMPONENT_FEATURE_NO_PREFIX,DIAGNOSTIC,530101,15,2,33.329,0.833225,0,,
2000150,MEASURED,COMPONENT_SINGLE_MODEL_TEMPERATURE,DIAGNOSTIC,530101,15,2,8.9058,0.22264499999999998,0,,
2000151,MEASURED,COMPONENT_EXACT_DP,DIAGNOSTIC,530101,15,2,24.884,0.6221,0,,
2000152,MEASURED,COMPONENT_NEXT_SLOT_GREEDY,DIAGNOSTIC,530101,15,2,3.1062,0.077655,0,,
2000153,MEASURED,COMPONENT_S_ADAPT_FAST,DIAGNOSTIC,530101,15,2,1.5884,0.03971,0,,
2000154,MEASURED,COMPONENT_FEATURE_FULL,DIAGNOSTIC,530101,15,2,103.7557,2.5938925,0,,
2000155,MEASURED,COMPONENT_FEATURE_NO_EMBED,DIAGNOSTIC,530101,15,2,99.1721,2.4793025,0,,
2000156,MEASURED,COMPONENT_FEATURE_NO_PREFIX,DIAGNOSTIC,530101,15,2,32.7863,0.8196574999999999,0,,
2000157,MEASURED,COMPONENT_SINGLE_MODEL_TEMPERATURE,DIAGNOSTIC,530101,15,2,10.2258,0.255645,0,,
2000158,MEASURED,COMPONENT_EXACT_DP,DIAGNOSTIC,530101,15,2,24.111,0.6027750000000001,0,,
2000159,MEASURED,COMPONENT_NEXT_SLOT_GREEDY,DIAGNOSTIC,530101,15,2,2.7979,0.0699475,0,,
2000160,MEASURED,COMPONENT_S_ADAPT_FAST,DIAGNOSTIC,530101,15,2,1.5548,0.03887,0,,
2000161,MEASURED,COMPONENT_FEATURE_FULL,DIAGNOSTIC,530101,15,2,106.0065,2.6501625,0,,
2000162,MEASURED,COMPONENT_FEATURE_NO_EMBED,DIAGNOSTIC,530101,15,2,100.26,2.5065,0,,
2000163,MEASURED,COMPONENT_FEATURE_NO_PREFIX,DIAGNOSTIC,530101,15,2,32.621,0.815525,0,,
2000164,MEASURED,COMPONENT_SINGLE_MODEL_TEMPERATURE,DIAGNOSTIC,530101,15,2,0.9174,0.022935,0,,
2000165,MEASURED,COMPONENT_EXACT_DP,DIAGNOSTIC,530101,15,2,25.531,0.6382749999999999,0,,
2000166,MEASURED,COMPONENT_NEXT_SLOT_GREEDY,DIAGNOSTIC,530101,15,2,3.2483,0.0812075,0,,
2000167,MEASURED,COMPONENT_S_ADAPT_FAST,DIAGNOSTIC,530101,15,2,2.1011,0.052527500000000005,0,,
2000168,MEASURED,COMPONENT_FEATURE_FULL,DIAGNOSTIC,530101,15,2,109.2132,2.73033,0,,
2000169,MEASURED,COMPONENT_FEATURE_NO_EMBED,DIAGNOSTIC,530101,15,2,98.5281,2.4632025,0,,
2000170,MEASURED,COMPONENT_FEATURE_NO_PREFIX,DIAGNOSTIC,530101,15,2,33.0356,0.82589,0,,
2000171,MEASURED,COMPONENT_SINGLE_MODEL_TEMPERATURE,DIAGNOSTIC,530101,15,2,1.0943,0.0273575,0,,
2000172,MEASURED,COMPONENT_EXACT_DP,DIAGNOSTIC,530101,15,2,24.6325,0.6158125,0,,
2000173,MEASURED,COMPONENT_NEXT_SLOT_GREEDY,DIAGNOSTIC,530101,15,2,2.8104,0.07026,0,,
2000174,MEASURED,COMPONENT_S_ADAPT_FAST,DIAGNOSTIC,530101,15,2,1.2315,0.030787500000000002,0,,
2000175,MEASURED,COMPONENT_FEATURE_FULL,DIAGNOSTIC,530101,15,2,103.2326,2.5808150000000003,0,,
2000176,MEASURED,COMPONENT_FEATURE_NO_EMBED,DIAGNOSTIC,530101,15,2,99.0363,2.4759075,0,,
2000177,MEASURED,COMPONENT_FEATURE_NO_PREFIX,DIAGNOSTIC,530101,15,2,35.793,0.894825,0,,
2000178,MEASURED,COMPONENT_SINGLE_MODEL_TEMPERATURE,DIAGNOSTIC,530101,15,2,6.0691,0.1517275,0,,
2000179,MEASURED,COMPONENT_EXACT_DP,DIAGNOSTIC,530101,15,2,24.1946,0.604865,0,,
2000180,MEASURED,COMPONENT_NEXT_SLOT_GREEDY,DIAGNOSTIC,530101,15,2,3.2461,0.0811525,0,,
2000181,MEASURED,COMPONENT_S_ADAPT_FAST,DIAGNOSTIC,530101,15,2,1.2647,0.0316175,0,,
2000182,MEASURED,COMPONENT_FEATURE_FULL,DIAGNOSTIC,530101,15,2,104.7807,2.6195174999999997,0,,
2000183,MEASURED,COMPONENT_FEATURE_NO_EMBED,DIAGNOSTIC,530101,15,2,97.5912,2.43978,0,,
2000184,MEASURED,COMPONENT_FEATURE_NO_PREFIX,DIAGNOSTIC,530101,15,2,33.6824,0.84206,0,,
2000185,MEASURED,COMPONENT_SINGLE_MODEL_TEMPERATURE,DIAGNOSTIC,530101,15,2,0.9964,0.024909999999999998,0,,
2000186,MEASURED,COMPONENT_EXACT_DP,DIAGNOSTIC,530101,15,2,25.7093,0.6427324999999999,0,,
2000187,MEASURED,COMPONENT_NEXT_SLOT_GREEDY,DIAGNOSTIC,530101,15,2,3.3747,0.0843675,0,,
2000188,MEASURED,COMPONENT_S_ADAPT_FAST,DIAGNOSTIC,530101,15,2,1.3749,0.0343725,0,,
2000189,MEASURED,COMPONENT_FEATURE_FULL,DIAGNOSTIC,530101,15,2,108.433,2.7108250000000003,0,,
2000190,MEASURED,COMPONENT_FEATURE_NO_EMBED,DIAGNOSTIC,530101,15,2,101.1716,2.52929,0,,
2000191,MEASURED,COMPONENT_FEATURE_NO_PREFIX,DIAGNOSTIC,530101,15,2,44.5293,1.1132325,0,,
2000192,MEASURED,COMPONENT_SINGLE_MODEL_TEMPERATURE,DIAGNOSTIC,530101,15,2,0.8835,0.0220875,0,,
2000193,MEASURED,COMPONENT_EXACT_DP,DIAGNOSTIC,530101,15,2,24.3486,0.608715,0,,
2000194,MEASURED,COMPONENT_NEXT_SLOT_GREEDY,DIAGNOSTIC,530101,15,2,3.1464,0.07866,0,,
2000195,MEASURED,COMPONENT_S_ADAPT_FAST,DIAGNOSTIC,530101,15,2,1.53,0.03825,0,,
2000196,MEASURED,COMPONENT_FEATURE_FULL,DIAGNOSTIC,530101,15,2,106.3816,2.6595400000000002,0,,
2000197,MEASURED,COMPONENT_FEATURE_NO_EMBED,DIAGNOSTIC,530101,15,2,100.3688,2.50922,0,,
2000198,MEASURED,COMPONENT_FEATURE_NO_PREFIX,DIAGNOSTIC,530101,15,2,33.1834,0.829585,0,,
2000199,MEASURED,COMPONENT_SINGLE_MODEL_TEMPERATURE,DIAGNOSTIC,530101,15,2,2.4673,0.061682499999999994,0,,
2000200,MEASURED,COMPONENT_EXACT_DP,DIAGNOSTIC,530101,15,2,25.7394,0.643485,0,,
2000201,MEASURED,COMPONENT_NEXT_SLOT_GREEDY,DIAGNOSTIC,530101,15,2,2.7937,0.0698425,0,,
2000202,MEASURED,COMPONENT_S_ADAPT_FAST,DIAGNOSTIC,530101,15,2,1.2614,0.031535,0,,
2000203,MEASURED,COMPONENT_FEATURE_FULL,DIAGNOSTIC,530101,15,2,106.5697,2.6642425,0,,
2000204,MEASURED,COMPONENT_FEATURE_NO_EMBED,DIAGNOSTIC,530101,15,2,100.3567,2.5089175,0,,
2000205,MEASURED,COMPONENT_FEATURE_NO_PREFIX,DIAGNOSTIC,530101,15,2,32.2784,0.8069599999999999,0,,
2000206,MEASURED,COMPONENT_SINGLE_MODEL_TEMPERATURE,DIAGNOSTIC,530101,15,2,1.2625,0.0315625,0,,
2000207,MEASURED,COMPONENT_EXACT_DP,DIAGNOSTIC,530101,15,2,23.9811,0.5995275,0,,
2000208,MEASURED,COMPONENT_NEXT_SLOT_GREEDY,DIAGNOSTIC,530101,15,2,2.8209,0.0705225,0,,
2000209,MEASURED,COMPONENT_S_ADAPT_FAST,DIAGNOSTIC,530101,15,2,1.2179,0.0304475,0,,
2000210,MEASURED,COMPONENT_FEATURE_FULL,DIAGNOSTIC,530101,15,3,105.7942,2.644855,0,,
2000211,MEASURED,COMPONENT_FEATURE_NO_EMBED,DIAGNOSTIC,530101,15,3,116.3822,2.909555,0,,
2000212,MEASURED,COMPONENT_FEATURE_NO_PREFIX,DIAGNOSTIC,530101,15,3,40.3566,1.008915,0,,
2000213,MEASURED,COMPONENT_SINGLE_MODEL_TEMPERATURE,DIAGNOSTIC,530101,15,3,1.3699,0.0342475,0,,
2000214,MEASURED,COMPONENT_EXACT_DP,DIAGNOSTIC,530101,15,3,27.2009,0.6800225,0,,
2000215,MEASURED,COMPONENT_NEXT_SLOT_GREEDY,DIAGNOSTIC,530101,15,3,3.532,0.0883,0,,
2000216,MEASURED,COMPONENT_S_ADAPT_FAST,DIAGNOSTIC,530101,15,3,1.37,0.03425,0,,
2000217,MEASURED,COMPONENT_FEATURE_FULL,DIAGNOSTIC,530101,15,3,173.7796,4.3444899999999995,0,,
2000218,MEASURED,COMPONENT_FEATURE_NO_EMBED,DIAGNOSTIC,530101,15,3,167.161,4.179025,0,,
2000219,MEASURED,COMPONENT_FEATURE_NO_PREFIX,DIAGNOSTIC,530101,15,3,35.098,0.87745,0,,
2000220,MEASURED,COMPONENT_SINGLE_MODEL_TEMPERATURE,DIAGNOSTIC,530101,15,3,0.9533,0.0238325,0,,
2000221,MEASURED,COMPONENT_EXACT_DP,DIAGNOSTIC,530101,15,3,26.3537,0.6588425,0,,
2000222,MEASURED,COMPONENT_NEXT_SLOT_GREEDY,DIAGNOSTIC,530101,15,3,3.5921,0.0898025,0,,
2000223,MEASURED,COMPONENT_S_ADAPT_FAST,DIAGNOSTIC,530101,15,3,1.9043,0.047607500000000004,0,,
2000224,MEASURED,COMPONENT_FEATURE_FULL,DIAGNOSTIC,530101,15,3,113.3844,2.83461,0,,
2000225,MEASURED,COMPONENT_FEATURE_NO_EMBED,DIAGNOSTIC,530101,15,3,122.9058,3.072645,0,,
2000226,MEASURED,COMPONENT_FEATURE_NO_PREFIX,DIAGNOSTIC,530101,15,3,34.3743,0.8593575,0,,
2000227,MEASURED,COMPONENT_SINGLE_MODEL_TEMPERATURE,DIAGNOSTIC,530101,15,3,0.9658,0.024145,0,,
2000228,MEASURED,COMPONENT_EXACT_DP,DIAGNOSTIC,530101,15,3,25.3308,0.63327,0,,
2000229,MEASURED,COMPONENT_NEXT_SLOT_GREEDY,DIAGNOSTIC,530101,15,3,3.3059,0.0826475,0,,
2000230,MEASURED,COMPONENT_S_ADAPT_FAST,DIAGNOSTIC,530101,15,3,1.3467,0.0336675,0,,
2000231,MEASURED,COMPONENT_FEATURE_FULL,DIAGNOSTIC,530101,15,3,106.6963,2.6674075,0,,
2000232,MEASURED,COMPONENT_FEATURE_NO_EMBED,DIAGNOSTIC,530101,15,3,104.249,2.606225,0,,
2000233,MEASURED,COMPONENT_FEATURE_NO_PREFIX,DIAGNOSTIC,530101,15,3,33.4327,0.8358174999999999,0,,
2000234,MEASURED,COMPONENT_SINGLE_MODEL_TEMPERATURE,DIAGNOSTIC,530101,15,3,10.4598,0.261495,0,,
2000235,MEASURED,COMPONENT_EXACT_DP,DIAGNOSTIC,530101,15,3,25.2024,0.6300600000000001,0,,
2000236,MEASURED,COMPONENT_NEXT_SLOT_GREEDY,DIAGNOSTIC,530101,15,3,3.3349,0.0833725,0,,
2000237,MEASURED,COMPONENT_S_ADAPT_FAST,DIAGNOSTIC,530101,15,3,1.2692,0.03173,0,,
2000238,MEASURED,COMPONENT_FEATURE_FULL,DIAGNOSTIC,530101,15,3,113.1487,2.8287175,0,,
2000239,MEASURED,COMPONENT_FEATURE_NO_EMBED,DIAGNOSTIC,530101,15,3,98.4553,2.4613825,0,,
2000240,MEASURED,COMPONENT_FEATURE_NO_PREFIX,DIAGNOSTIC,530101,15,3,32.6726,0.8168150000000001,0,,
2000241,MEASURED,COMPONENT_SINGLE_MODEL_TEMPERATURE,DIAGNOSTIC,530101,15,3,2.9091,0.0727275,0,,
2000242,MEASURED,COMPONENT_EXACT_DP,DIAGNOSTIC,530101,15,3,24.7382,0.618455,0,,
2000243,MEASURED,COMPONENT_NEXT_SLOT_GREEDY,DIAGNOSTIC,530101,15,3,3.2674,0.081685,0,,
2000244,MEASURED,COMPONENT_S_ADAPT_FAST,DIAGNOSTIC,530101,15,3,1.3494,0.033735,0,,
2000245,MEASURED,COMPONENT_FEATURE_FULL,DIAGNOSTIC,530101,15,3,109.1463,2.7286574999999997,0,,
2000246,MEASURED,COMPONENT_FEATURE_NO_EMBED,DIAGNOSTIC,530101,15,3,99.1482,2.478705,0,,
2000247,MEASURED,COMPONENT_FEATURE_NO_PREFIX,DIAGNOSTIC,530101,15,3,34.4253,0.8606325,0,,
2000248,MEASURED,COMPONENT_SINGLE_MODEL_TEMPERATURE,DIAGNOSTIC,530101,15,3,0.9206,0.023015,0,,
2000249,MEASURED,COMPONENT_EXACT_DP,DIAGNOSTIC,530101,15,3,25.5744,0.63936,0,,
2000250,MEASURED,COMPONENT_NEXT_SLOT_GREEDY,DIAGNOSTIC,530101,15,3,2.786,0.06965,0,,
2000251,MEASURED,COMPONENT_S_ADAPT_FAST,DIAGNOSTIC,530101,15,3,1.8526,0.046315,0,,
2000252,MEASURED,COMPONENT_FEATURE_FULL,DIAGNOSTIC,530101,15,3,106.5515,2.6637875,0,,
2000253,MEASURED,COMPONENT_FEATURE_NO_EMBED,DIAGNOSTIC,530101,15,3,98.1219,2.4530475,0,,
2000254,MEASURED,COMPONENT_FEATURE_NO_PREFIX,DIAGNOSTIC,530101,15,3,50.8572,1.27143,0,,
2000255,MEASURED,COMPONENT_SINGLE_MODEL_TEMPERATURE,DIAGNOSTIC,530101,15,3,2.5329,0.0633225,0,,
2000256,MEASURED,COMPONENT_EXACT_DP,DIAGNOSTIC,530101,15,3,25.2231,0.6305775,0,,
2000257,MEASURED,COMPONENT_NEXT_SLOT_GREEDY,DIAGNOSTIC,530101,15,3,3.3011,0.0825275,0,,
2000258,MEASURED,COMPONENT_S_ADAPT_FAST,DIAGNOSTIC,530101,15,3,1.297,0.032424999999999995,0,,
2000259,MEASURED,COMPONENT_FEATURE_FULL,DIAGNOSTIC,530101,15,3,107.9011,2.6975275,0,,
2000260,MEASURED,COMPONENT_FEATURE_NO_EMBED,DIAGNOSTIC,530101,15,3,100.6713,2.5167825,0,,
2000261,MEASURED,COMPONENT_FEATURE_NO_PREFIX,DIAGNOSTIC,530101,15,3,32.1285,0.8032125000000001,0,,
2000262,MEASURED,COMPONENT_SINGLE_MODEL_TEMPERATURE,DIAGNOSTIC,530101,15,3,6.3246,0.158115,0,,
2000263,MEASURED,COMPONENT_EXACT_DP,DIAGNOSTIC,530101,15,3,23.8399,0.5959975,0,,
2000264,MEASURED,COMPONENT_NEXT_SLOT_GREEDY,DIAGNOSTIC,530101,15,3,3.1988,0.07997,0,,
2000265,MEASURED,COMPONENT_S_ADAPT_FAST,DIAGNOSTIC,530101,15,3,1.2568,0.03142,0,,
2000266,MEASURED,COMPONENT_FEATURE_FULL,DIAGNOSTIC,530101,15,3,108.781,2.719525,0,,
2000267,MEASURED,COMPONENT_FEATURE_NO_EMBED,DIAGNOSTIC,530101,15,3,96.6756,2.41689,0,,
2000268,MEASURED,COMPONENT_FEATURE_NO_PREFIX,DIAGNOSTIC,530101,15,3,32.6219,0.8155474999999999,0,,
2000269,MEASURED,COMPONENT_SINGLE_MODEL_TEMPERATURE,DIAGNOSTIC,530101,15,3,1.2152,0.03038,0,,
2000270,MEASURED,COMPONENT_EXACT_DP,DIAGNOSTIC,530101,15,3,24.5153,0.6128825,0,,
2000271,MEASURED,COMPONENT_NEXT_SLOT_GREEDY,DIAGNOSTIC,530101,15,3,3.057,0.07642499999999999,0,,
2000272,MEASURED,COMPONENT_S_ADAPT_FAST,DIAGNOSTIC,530101,15,3,1.2287,0.0307175,0,,
2000273,MEASURED,COMPONENT_FEATURE_FULL,DIAGNOSTIC,530101,15,3,103.5483,2.5887075,0,,
2000274,MEASURED,COMPONENT_FEATURE_NO_EMBED,DIAGNOSTIC,530101,15,3,97.3491,2.4337275000000003,0,,
2000275,MEASURED,COMPONENT_FEATURE_NO_PREFIX,DIAGNOSTIC,530101,15,3,33.9671,0.8491775,0,,
2000276,MEASURED,COMPONENT_SINGLE_MODEL_TEMPERATURE,DIAGNOSTIC,530101,15,3,0.9176,0.02294,0,,
2000277,MEASURED,COMPONENT_EXACT_DP,DIAGNOSTIC,530101,15,3,25.6182,0.640455,0,,
2000278,MEASURED,COMPONENT_NEXT_SLOT_GREEDY,DIAGNOSTIC,530101,15,3,3.3194,0.082985,0,,
2000279,MEASURED,COMPONENT_S_ADAPT_FAST,DIAGNOSTIC,530101,15,3,1.3413,0.0335325,0,,
2000280,MEASURED,COMPONENT_FEATURE_FULL,DIAGNOSTIC,530101,15,4,110.2543,2.7563575,0,,
2000281,MEASURED,COMPONENT_FEATURE_NO_EMBED,DIAGNOSTIC,530101,15,4,100.1145,2.5028625,0,,
2000282,MEASURED,COMPONENT_FEATURE_NO_PREFIX,DIAGNOSTIC,530101,15,4,33.077,0.8269249999999999,0,,
2000283,MEASURED,COMPONENT_SINGLE_MODEL_TEMPERATURE,DIAGNOSTIC,530101,15,4,1.4508,0.036270000000000004,0,,
2000284,MEASURED,COMPONENT_EXACT_DP,DIAGNOSTIC,530101,15,4,25.8158,0.6453949999999999,0,,
2000285,MEASURED,COMPONENT_NEXT_SLOT_GREEDY,DIAGNOSTIC,530101,15,4,2.8013,0.0700325,0,,
2000286,MEASURED,COMPONENT_S_ADAPT_FAST,DIAGNOSTIC,530101,15,4,1.3912,0.03478,0,,
2000287,MEASURED,COMPONENT_FEATURE_FULL,DIAGNOSTIC,530101,15,4,108.4229,2.7105725,0,,
2000288,MEASURED,COMPONENT_FEATURE_NO_EMBED,DIAGNOSTIC,530101,15,4,99.3949,2.4848725000000003,0,,
2000289,MEASURED,COMPONENT_FEATURE_NO_PREFIX,DIAGNOSTIC,530101,15,4,32.6294,0.8157349999999999,0,,
2000290,MEASURED,COMPONENT_SINGLE_MODEL_TEMPERATURE,DIAGNOSTIC,530101,15,4,3.0954,0.07738500000000001,0,,
2000291,MEASURED,COMPONENT_EXACT_DP,DIAGNOSTIC,530101,15,4,26.0655,0.6516375,0,,
2000292,MEASURED,COMPONENT_NEXT_SLOT_GREEDY,DIAGNOSTIC,530101,15,4,2.8152,0.07038,0,,
2000293,MEASURED,COMPONENT_S_ADAPT_FAST,DIAGNOSTIC,530101,15,4,1.2466,0.031164999999999998,0,,
2000294,MEASURED,COMPONENT_FEATURE_FULL,DIAGNOSTIC,530101,15,4,108.6957,2.7173925,0,,
2000295,MEASURED,COMPONENT_FEATURE_NO_EMBED,DIAGNOSTIC,530101,15,4,100.6277,2.5156925,0,,
2000296,MEASURED,COMPONENT_FEATURE_NO_PREFIX,DIAGNOSTIC,530101,15,4,32.0614,0.801535,0,,
2000297,MEASURED,COMPONENT_SINGLE_MODEL_TEMPERATURE,DIAGNOSTIC,530101,15,4,0.9262,0.023155000000000002,0,,
2000298,MEASURED,COMPONENT_EXACT_DP,DIAGNOSTIC,530101,15,4,24.4154,0.6103850000000001,0,,
2000299,MEASURED,COMPONENT_NEXT_SLOT_GREEDY,DIAGNOSTIC,530101,15,4,2.8017,0.0700425,0,,
2000300,MEASURED,COMPONENT_S_ADAPT_FAST,DIAGNOSTIC,530101,15,4,1.7009,0.042522500000000005,0,,
2000301,MEASURED,COMPONENT_FEATURE_FULL,DIAGNOSTIC,530101,15,4,109.2261,2.7306525,0,,
2000302,MEASURED,COMPONENT_FEATURE_NO_EMBED,DIAGNOSTIC,530101,15,4,100.2454,2.506135,0,,
2000303,MEASURED,COMPONENT_FEATURE_NO_PREFIX,DIAGNOSTIC,530101,15,4,33.4551,0.8363775,0,,
2000304,MEASURED,COMPONENT_SINGLE_MODEL_TEMPERATURE,DIAGNOSTIC,530101,15,4,1.9475,0.0486875,0,,
2000305,MEASURED,COMPONENT_EXACT_DP,DIAGNOSTIC,530101,15,4,24.5118,0.612795,0,,
2000306,MEASURED,COMPONENT_NEXT_SLOT_GREEDY,DIAGNOSTIC,530101,15,4,2.8079,0.0701975,0,,
2000307,MEASURED,COMPONENT_S_ADAPT_FAST,DIAGNOSTIC,530101,15,4,1.2324,0.030809999999999997,0,,
2000308,MEASURED,COMPONENT_FEATURE_FULL,DIAGNOSTIC,530101,15,4,108.3856,2.70964,0,,
2000309,MEASURED,COMPONENT_FEATURE_NO_EMBED,DIAGNOSTIC,530101,15,4,133.7471,3.3436774999999996,0,,
2000310,MEASURED,COMPONENT_FEATURE_NO_PREFIX,DIAGNOSTIC,530101,15,4,33.3108,0.83277,0,,
2000311,MEASURED,COMPONENT_SINGLE_MODEL_TEMPERATURE,DIAGNOSTIC,530101,15,4,4.0427,0.1010675,0,,
2000312,MEASURED,COMPONENT_EXACT_DP,DIAGNOSTIC,530101,15,4,24.4019,0.6100475000000001,0,,
2000313,MEASURED,COMPONENT_NEXT_SLOT_GREEDY,DIAGNOSTIC,530101,15,4,2.8319,0.0707975,0,,
2000314,MEASURED,COMPONENT_S_ADAPT_FAST,DIAGNOSTIC,530101,15,4,1.2493,0.031232500000000003,0,,
2000315,MEASURED,COMPONENT_FEATURE_FULL,DIAGNOSTIC,530101,15,4,106.1889,2.6547225,0,,
2000316,MEASURED,COMPONENT_FEATURE_NO_EMBED,DIAGNOSTIC,530101,15,4,98.1287,2.4532175,0,,
2000317,MEASURED,COMPONENT_FEATURE_NO_PREFIX,DIAGNOSTIC,530101,15,4,32.4212,0.81053,0,,
2000318,MEASURED,COMPONENT_SINGLE_MODEL_TEMPERATURE,DIAGNOSTIC,530101,15,4,1.232,0.0308,0,,
2000319,MEASURED,COMPONENT_EXACT_DP,DIAGNOSTIC,530101,15,4,24.5155,0.6128875,0,,
2000320,MEASURED,COMPONENT_NEXT_SLOT_GREEDY,DIAGNOSTIC,530101,15,4,3.8405,0.0960125,0,,
2000321,MEASURED,COMPONENT_S_ADAPT_FAST,DIAGNOSTIC,530101,15,4,1.2578,0.031445,0,,
2000322,MEASURED,COMPONENT_FEATURE_FULL,DIAGNOSTIC,530101,15,4,107.5999,2.6899975,0,,
2000323,MEASURED,COMPONENT_FEATURE_NO_EMBED,DIAGNOSTIC,530101,15,4,98.6807,2.4670175,0,,
2000324,MEASURED,COMPONENT_FEATURE_NO_PREFIX,DIAGNOSTIC,530101,15,4,31.7391,0.7934775000000001,0,,
2000325,MEASURED,COMPONENT_SINGLE_MODEL_TEMPERATURE,DIAGNOSTIC,530101,15,4,2.4161,0.060402500000000005,0,,
2000326,MEASURED,COMPONENT_EXACT_DP,DIAGNOSTIC,530101,15,4,25.5946,0.639865,0,,
2000327,MEASURED,COMPONENT_NEXT_SLOT_GREEDY,DIAGNOSTIC,530101,15,4,2.8249,0.0706225,0,,
2000328,MEASURED,COMPONENT_S_ADAPT_FAST,DIAGNOSTIC,530101,15,4,1.234,0.03085,0,,
2000329,MEASURED,COMPONENT_FEATURE_FULL,DIAGNOSTIC,530101,15,4,106.3083,2.6577075,0,,
2000330,MEASURED,COMPONENT_FEATURE_NO_EMBED,DIAGNOSTIC,530101,15,4,96.6286,2.415715,0,,
2000331,MEASURED,COMPONENT_FEATURE_NO_PREFIX,DIAGNOSTIC,530101,15,4,33.2131,0.8303274999999999,0,,
2000332,MEASURED,COMPONENT_SINGLE_MODEL_TEMPERATURE,DIAGNOSTIC,530101,15,4,5.6828,0.14207,0,,
2000333,MEASURED,COMPONENT_EXACT_DP,DIAGNOSTIC,530101,15,4,27.9812,0.69953,0,,
2000334,MEASURED,COMPONENT_NEXT_SLOT_GREEDY,DIAGNOSTIC,530101,15,4,2.8125,0.0703125,0,,
2000335,MEASURED,COMPONENT_S_ADAPT_FAST,DIAGNOSTIC,530101,15,4,1.2633,0.0315825,0,,
2000336,MEASURED,COMPONENT_FEATURE_FULL,DIAGNOSTIC,530101,15,4,101.4363,2.5359075,0,,
2000337,MEASURED,COMPONENT_FEATURE_NO_EMBED,DIAGNOSTIC,530101,15,4,102.9035,2.5725875,0,,
2000338,MEASURED,COMPONENT_FEATURE_NO_PREFIX,DIAGNOSTIC,530101,15,4,46.616,1.1654,0,,
2000339,MEASURED,COMPONENT_SINGLE_MODEL_TEMPERATURE,DIAGNOSTIC,530101,15,4,9.2165,0.2304125,0,,
2000340,MEASURED,COMPONENT_EXACT_DP,DIAGNOSTIC,530101,15,4,26.3969,0.6599225,0,,
2000341,MEASURED,COMPONENT_NEXT_SLOT_GREEDY,DIAGNOSTIC,530101,15,4,3.296,0.0824,0,,
2000342,MEASURED,COMPONENT_S_ADAPT_FAST,DIAGNOSTIC,530101,15,4,1.2763,0.0319075,0,,
2000343,MEASURED,COMPONENT_FEATURE_FULL,DIAGNOSTIC,530101,15,4,106.4799,2.6619975,0,,
2000344,MEASURED,COMPONENT_FEATURE_NO_EMBED,DIAGNOSTIC,530101,15,4,101.6323,2.5408075,0,,
2000345,MEASURED,COMPONENT_FEATURE_NO_PREFIX,DIAGNOSTIC,530101,15,4,31.0644,0.77661,0,,
2000346,MEASURED,COMPONENT_SINGLE_MODEL_TEMPERATURE,DIAGNOSTIC,530101,15,4,3.0362,0.075905,0,,
2000347,MEASURED,COMPONENT_EXACT_DP,DIAGNOSTIC,530101,15,4,32.7741,0.8193524999999999,0,,
2000348,MEASURED,COMPONENT_NEXT_SLOT_GREEDY,DIAGNOSTIC,530101,15,4,2.8198,0.070495,0,,
2000349,MEASURED,COMPONENT_S_ADAPT_FAST,DIAGNOSTIC,530101,15,4,1.2357,0.0308925,0,,
