seed,budget,group_id,total_capacity,dp_objective,greedy_objective,gap_dp_minus_greedy,normalized_gap_by_abs_dp,qa_tolerance,dp_not_worse,images_K_changed,l1_K_difference,max_abs_K_difference,prefix_slots_reallocated,selection_symmetric_difference,exact_selection_match
530101,10,0,400,74.92853639114175,71.08657736843053,3.8419590227112224,0.05127497756869877,7.492853639114175e-11,true,21,54,9,27,54,false
530101,15,0,600,100.07580336956154,89.21595082398517,10.859852545576373,0.10851626646925766,1.0007580336956154e-10,true,33,222,21,111,222,false
530101,20,0,800,115.31194098772283,100.22991666660106,15.082024321121779,0.1307932568989325,1.1531194098772283e-10,true,38,358,26,179,358,false
530101,30,0,1200,131.67156202718832,119.73963636810309,11.931925659085223,0.0906188509909334,1.3167156202718832e-10,true,35,500,41,250,500,false
530101,40,0,1600,139.61323461302024,132.66736087589337,6.945873737126874,0.04975082596130257,1.3961323461302023e-10,true,28,460,34,230,460,false
530102,10,0,400,78.13323457617437,73.80037666015546,4.332857916018909,0.05545473625304325,7.813323457617437e-11,true,21,64,9,32,64,false
530102,15,0,600,102.4530330355818,92.84434773604326,9.608685299538536,0.09378624541258287,1.024530330355818e-10,true,35,232,22,116,232,false
530102,20,0,800,117.09052129105143,102.88514038447661,14.205380906574817,0.12131964867817575,1.1709052129105142e-10,true,37,326,29,163,326,false
530102,30,0,1200,133.17933696351045,119.65646339879768,13.522873564712768,0.1015388263152104,1.3317933696351045e-10,true,34,488,43,244,488,false
530102,40,0,1600,141.06847376439006,134.30079217898185,6.767681585408212,0.0479744439335997,1.4106847376439006e-10,true,30,512,35,256,512,false
530103,10,0,400,73.17721343141413,69.03756660653067,4.139646824883457,0.05657016208690934,7.317721343141414e-11,true,19,72,9,36,72,false
530103,15,0,600,97.66004248317469,88.40860483537496,9.251437647799733,0.09473104263080381,9.766004248317469e-11,true,33,250,22,125,250,false
530103,20,0,800,112.8267874397492,98.36651422950956,14.460273210239635,0.12816347552181778,1.128267874397492e-10,true,36,364,32,182,364,false
530103,30,0,1200,129.1403373556963,116.20323634383922,12.937101011857067,0.10017862177503767,1.2914033735569628e-10,true,34,492,41,246,492,false
530103,40,0,1600,136.94488974544169,130.80486588210397,6.140023863337717,0.044835728260842915,1.369448897454417e-10,true,29,490,36,245,490,false
530101,10,1,400,84.45474676375696,74.28291472123422,10.171832042522738,0.12044121180039928,8.445474676375696e-11,true,30,108,15,54,108,false
530101,15,1,600,113.76968675171348,93.96305266208302,19.806634089630464,0.17409412520275008,1.1376968675171347e-10,true,37,262,20,131,262,false
530101,20,1,800,128.79600416603867,105.13278897390937,23.6632151921293,0.1837263146892634,1.2879600416603868e-10,true,35,378,38,189,378,false
530101,30,1,1200,145.0719309857307,130.36000404726482,14.711926938465865,0.10141125742589677,1.4507193098573068e-10,true,40,570,40,285,570,false
530101,40,1,1600,153.38971428640494,145.70335723598848,7.686357050416461,0.050109990009269544,1.5338971428640493e-10,true,33,450,39,225,450,false
530102,10,1,400,84.67713601338258,69.95541886875642,14.721717144626155,0.17385705088442646,8.467713601338258e-11,true,30,140,18,70,140,false
530102,15,1,600,113.28378288276063,92.52842731436809,20.755355568392545,0.18321559397316936,1.1328378288276063e-10,true,35,268,35,134,268,false
530102,20,1,800,127.02052867470256,112.23479672898961,14.785731945712953,0.11640427023870263,1.2702052867470257e-10,true,35,340,34,170,340,false
530102,30,1,1200,141.84254671840208,130.69526501796778,11.147281700434291,0.078589125465752,1.4184254671840208e-10,true,38,508,40,254,508,false
530102,40,1,1600,149.79683840964645,141.68401493930824,8.112823470338213,0.05415884311357917,1.4979683840964645e-10,true,34,454,39,227,454,false
530103,10,1,400,83.18527518291258,71.31283281686126,11.872442366051317,0.14272288382704157,8.318527518291258e-11,true,29,126,18,63,126,false
530103,15,1,600,111.73742983496511,92.22367840431163,19.513751430653485,0.17463934385706803,1.1173742983496511e-10,true,37,236,19,118,236,false
530103,20,1,800,126.50286531313103,102.90532226652442,23.597543046606603,0.18653761705867997,1.2650286531313103e-10,true,38,376,40,188,376,false
530103,30,1,1200,142.24085511519203,127.81160000318424,14.429255112007795,0.10144240977968276,1.4224085511519204e-10,true,40,602,41,301,602,false
530103,40,1,1600,150.42073154730434,144.4828407162434,5.93789083106094,0.03947521574972258,1.5042073154730433e-10,true,33,430,31,215,430,false
530101,10,2,400,84.96026653100319,79.52677681933591,5.433489711667278,0.06395330350905293,8.496026653100319e-11,true,24,64,10,32,64,false
530101,15,2,600,115.02846036369434,101.59965636011393,13.42880400358041,0.11674331692453786,1.1502846036369434e-10,true,33,244,21,122,244,false
530101,20,2,800,132.0468119171755,111.77779979959163,20.269012117583856,0.15349868598340194,1.3204681191717548e-10,true,39,430,35,215,430,false
530101,30,2,1200,150.5938649569072,130.7521357042195,19.841729252687685,0.13175655766830505,1.505938649569072e-10,true,38,584,38,292,584,false
530101,40,2,1600,160.00040920089847,151.2803500690765,8.720059131821984,0.054500230189242646,1.6000040920089848e-10,true,30,394,45,197,394,false
530102,10,2,400,87.58115551788406,80.89138409695353,6.689771420930526,0.07638368529591365,8.758115551788405e-11,true,27,80,10,40,80,false
530102,15,2,600,117.03700670733006,102.17433917190758,14.862667535422489,0.12699117957270548,1.1703700670733006e-10,true,32,242,24,121,242,false
530102,20,2,800,133.1772382843367,111.31566157900444,21.86157670533227,0.164154002492958,1.331772382843367e-10,true,38,418,30,209,418,false
530102,30,2,1200,150.44262453198098,135.178729270057,15.263895261923977,0.10145991077601275,1.5044262453198099e-10,true,37,576,32,288,576,false
530102,40,2,1600,159.6198932927643,149.1379490435879,10.481944249176394,0.06566815722618673,1.596198932927643e-10,true,28,426,44,213,426,false
530103,10,2,400,84.10752054609577,79.19429272717002,4.913227818925748,0.05841603446427856,8.410752054609577e-11,true,26,70,10,35,70,false
530103,15,2,600,113.71679458435719,100.78240760400098,12.934386980356209,0.1137420996400074,1.1371679458435719e-10,true,33,256,27,128,256,false
530103,20,2,800,130.19266796637189,109.8360574218476,20.356610544524287,0.15635758036529598,1.3019266796637188e-10,true,37,422,35,211,422,false
530103,30,2,1200,148.62602068480203,131.78081675531914,16.845203929482892,0.1133395340322492,1.4862602068480203e-10,true,39,588,32,294,588,false
530103,40,2,1600,157.76720831738425,149.1556633031779,8.611545014206342,0.05458387142708567,1.5776720831738424e-10,true,26,360,45,180,360,false
530101,10,3,400,78.8979558664748,67.49946879941406,11.398487067060742,0.14447125964012675,7.88979558664748e-11,true,29,104,21,52,104,false
530101,15,3,600,108.06609760657982,88.4058665432748,19.66023106330502,0.18192783397138204,1.0806609760657981e-10,true,35,236,24,118,236,false
530101,20,3,800,124.15889878062983,110.08886733902932,14.070031441600506,0.11332277895328424,1.2415889878062982e-10,true,38,336,26,168,336,false
530101,30,3,1200,142.43524027882458,127.54386634372095,14.89137393510363,0.10454838216970022,1.4243524027882459e-10,true,37,586,44,293,586,false
530101,40,3,1600,151.79010694279967,145.240447625201,6.5496593175986675,0.043149447941734635,1.5179010694279968e-10,true,36,500,37,250,500,false
530102,10,3,400,80.55669031396252,70.19917385920155,10.357516454760969,0.12857425515364984,8.055669031396252e-11,true,30,102,20,51,102,false
530102,15,3,600,108.01273575994001,89.82921621612552,18.183519543814498,0.16834606971003543,1.0801273575994001e-10,true,37,224,24,112,224,false
530102,20,3,800,123.21223112425238,108.97437344922713,14.237857675025253,0.11555555438864831,1.2321223112425239e-10,true,37,342,26,171,342,false
530102,30,3,1200,140.86863368838672,128.30421661163123,12.56441707675549,0.0891924394223134,1.4086863368838672e-10,true,37,552,44,276,552,false
530102,40,3,1600,150.0683058438179,144.67913134622003,5.389174497597878,0.03591147689243995,1.500683058438179e-10,true,35,434,37,217,434,false
530103,10,3,400,78.93304974825386,68.57002388766767,10.363025860586191,0.13128880606587026,7.893304974825386e-11,true,28,110,20,55,110,false
530103,15,3,600,107.60503598461106,88.65839736921438,18.94663861539668,0.17607576115774265,1.0760503598461106e-10,true,34,222,24,111,222,false
530103,20,3,800,123.96549913105088,108.6066216110076,15.35887752004328,0.12389638752477856,1.2396549913105088e-10,true,38,376,26,188,376,false
530103,30,3,1200,142.23198293123286,124.17313009310219,18.058852838130676,0.1269675952339206,1.4223198293123285e-10,true,37,534,44,267,534,false
530103,40,3,1600,151.41004530252584,145.29876057486692,6.111284727658926,0.04036247869451616,1.5141004530252584e-10,true,33,460,41,230,460,false
530101,10,4,400,64.83656242207937,50.376100902120506,14.460461519958862,0.22302942938002698,6.483656242207936e-11,true,34,160,25,80,160,false
530101,15,4,600,84.70306037418872,65.7659107698122,18.93714960437653,0.22357101999288778,8.470306037418872e-11,true,36,338,28,169,338,false
530101,20,4,800,95.69236530676868,71.28704543839487,24.40531986837381,0.25503936275517614,9.569236530676868e-11,true,38,588,41,294,588,false
530101,30,4,1200,108.53858614491087,89.39865313755172,19.139933007359147,0.17634219946264315,1.0853858614491087e-10,true,39,738,40,369,738,false
530101,40,4,1600,114.8910820996392,108.67122905123257,6.219853048406634,0.054136952448689366,1.148910820996392e-10,true,38,504,35,252,504,false
530102,10,4,400,67.51884694200284,51.52255237927811,15.996294562724728,0.23691599141888758,6.751884694200284e-11,true,34,180,25,90,180,false
530102,15,4,600,87.80491652233265,66.47528223906352,21.32963428326913,0.2429207284519662,8.780491652233265e-11,true,37,334,28,167,334,false
530102,20,4,800,98.53405666957826,80.27941642550662,18.254640244071638,0.1852622419199314,9.853405666957826e-11,true,37,474,37,237,474,false
530102,30,4,1200,111.02110984048858,94.54962479300318,16.4714850474854,0.14836354159268522,1.1102110984048857e-10,true,38,698,40,349,698,false
530102,40,4,1600,117.41321391849712,111.82471770831543,5.588496210181688,0.047596825124478465,1.174132139184971e-10,true,37,494,35,247,494,false
530103,10,4,400,65.72842358971174,50.59485689440172,15.133566695310016,0.23024387120215103,6.572842358971173e-11,true,32,168,25,84,168,false
530103,15,4,600,85.5695586149338,61.959319305614265,23.61023930931953,0.27591867588760727,8.55695586149338e-11,true,35,354,41,177,354,false
530103,20,4,800,96.30615479247467,71.48298288248859,24.823171909986087,0.257752705042334,9.630615479247466e-11,true,38,526,42,263,526,false
530103,30,4,1200,108.70963946460395,92.98282302839688,15.726816436207073,0.14466809487789492,1.0870963946460395e-10,true,39,674,39,337,674,false
530103,40,4,1600,114.66078750422031,107.99783412463341,6.662953379586895,0.058110130975174513,1.146607875042203e-10,true,36,492,35,246,492,false
530101,10,5,400,79.41653041947306,71.9344558424042,7.4820745770688575,0.09421306291711581,7.941653041947306e-11,true,23,90,12,45,90,false
530101,15,5,600,100.7214339464393,88.88956487337596,11.831869073063345,0.11747121351901309,1.0072143394643931e-10,true,33,184,23,92,184,false
530101,20,5,800,110.57048334026432,95.26712401478444,15.303359325479875,0.13840365767766474,1.1057048334026431e-10,true,34,358,36,179,358,false
530101,30,5,1200,121.69265284579382,110.03539630576738,11.657256540026438,0.0957926075849316,1.216926528457938e-10,true,33,542,45,271,542,false
530101,40,5,1600,126.70450171351898,120.9134140812462,5.791087632272777,0.045705460768604135,1.2670450171351898e-10,true,31,414,41,207,414,false
530102,10,5,400,81.15027177779477,73.38716826960177,7.763103508192998,0.09566330879888961,8.115027177779477e-11,true,26,102,12,51,102,false
530102,15,5,600,102.4052585586048,91.15030058050806,11.25495797809674,0.10990605498696845,1.024052585586048e-10,true,32,206,23,103,206,false
530102,20,5,800,112.46927652957693,97.3414510360674,15.127825493509533,0.13450629327673544,1.1246927652957693e-10,true,37,374,36,187,374,false
530102,30,5,1200,123.36698458865489,113.88907964801919,9.477904940635696,0.07682691582547853,1.233669845886549e-10,true,33,558,45,279,558,false
530102,40,5,1600,128.376540417162,124.0243642825741,4.352176134587907,0.03390164683084174,1.2837654041716201e-10,true,29,480,37,240,480,false
530103,10,5,400,80.42244675873039,73.58232356050772,6.8401231982226705,0.08505241352259815,8.042244675873039e-11,true,24,90,12,45,90,false
530103,15,5,600,102.55550276522871,90.53179133694672,12.023711428281985,0.11724101685510536,1.0255550276522871e-10,true,30,210,35,105,210,false
530103,20,5,800,112.81695406441438,97.36688411806409,15.450069946350283,0.13694812162300407,1.1281695406441437e-10,true,35,376,37,188,376,false
530103,30,5,1200,123.75199196212735,114.20223570999134,9.549756252136007,0.07716850533653295,1.2375199196212735e-10,true,33,504,45,252,504,false
530103,40,5,1600,128.44551313969018,124.31735688726383,4.128156252426351,0.03213935739379855,1.2844551313969017e-10,true,28,466,45,233,466,false
530101,10,6,400,78.39367394052776,74.0512883916682,4.342385548859568,0.05539204033419656,7.839367394052776e-11,true,22,94,17,47,94,false
530101,15,6,600,105.24883602638012,95.73255184452742,9.516284181852697,0.09041700166135315,1.0524883602638012e-10,true,32,196,18,98,196,false
530101,20,6,800,119.4092991629533,105.47726677715468,13.932032385798621,0.11667460142100079,1.194092991629533e-10,true,32,286,27,143,286,false
530101,30,6,1200,134.44707235020113,126.01367361172413,8.433398738476996,0.06272653313350024,1.3444707235020113e-10,true,36,506,33,253,506,false
530101,40,6,1600,141.26810234287987,136.1263474874781,5.141754855401757,0.03639713969486127,1.4126810234287988e-10,true,31,422,37,211,422,false
530102,10,6,400,79.81626735634545,75.24753790120891,4.568729455136534,0.057240580228327564,7.981626735634545e-11,true,19,102,17,51,102,false
530102,15,6,600,105.63425261713698,96.87013605620032,8.764116560936657,0.0829666168293111,1.0563425261713698e-10,true,33,166,18,83,166,false
530102,20,6,800,119.27858440959574,106.77204556945345,12.506538840142284,0.1048515029084815,1.1927858440959573e-10,true,33,288,29,144,288,false
530102,30,6,1200,133.5303644469356,126.6783101380143,6.852054308921311,0.05131457805347553,1.335303644469356e-10,true,38,440,30,220,440,false
530102,40,6,1600,140.64446355650202,135.1945580947261,5.449905461775927,0.03874952005904236,1.40644463556502e-10,true,30,476,44,238,476,false
530103,10,6,400,79.55114808665785,74.35660430360278,5.194543783055067,0.06529816235205643,7.955114808665785e-11,true,21,96,18,48,96,false
530103,15,6,600,105.67040957169625,95.9662445225958,9.704165049100453,0.09183427118749152,1.0567040957169626e-10,true,32,170,16,85,170,false
530103,20,6,800,120.15821978632239,106.01713950644964,14.141080279872753,0.11768716534765467,1.2015821978632238e-10,true,34,330,27,165,330,false
530103,30,6,1200,135.1024007495874,127.13095818255158,7.971442567035808,0.059002967547637404,1.351024007495874e-10,true,35,456,33,228,456,false
530103,40,6,1600,141.90245270989405,137.36439996230817,4.53805274758588,0.03198008674919449,1.4190245270989404e-10,true,30,366,38,183,366,false
530101,10,7,400,73.21225293727295,68.76064650349619,4.45160643377676,0.06080411755107199,7.321225293727294e-11,true,23,96,14,48,96,false
530101,15,7,600,97.30769830059857,85.04223355828859,12.265464742309987,0.12604824650584237,9.730769830059857e-11,true,34,262,23,131,262,false
530101,20,7,800,109.72758765740258,91.36480381165913,18.36278384574345,0.1673488339420778,1.0972758765740258e-10,true,39,498,34,249,498,false
530101,30,7,1200,123.20220680400269,109.92382124912004,13.278385554882647,0.1077771729852752,1.232022068040027e-10,true,37,546,41,273,546,false
530101,40,7,1600,129.0088080605462,121.59818333965562,7.410624720890567,0.05744278109609869,1.290088080605462e-10,true,31,502,41,251,502,false
530102,10,7,400,73.79864238790431,69.45033413084086,4.348308257063451,0.05892124999004242,7.37986423879043e-11,true,24,82,8,41,82,false
530102,15,7,600,96.8887782887374,86.72828094127141,10.160497347465991,0.10486763820250455,9.68887782887374e-11,true,32,242,21,121,242,false
530102,20,7,800,109.27412099400418,93.73053262090208,15.543588373102097,0.14224400280424096,1.0927412099400418e-10,true,37,444,34,222,444,false
530102,30,7,1200,123.17941394299342,113.87281811965916,9.306595823334263,0.07555317504304161,1.2317941394299342e-10,true,36,532,44,266,532,false
530102,40,7,1600,129.51439245216582,122.71658570008884,6.79780675207698,0.05248688291216474,1.2951439245216583e-10,true,34,494,41,247,494,false
530103,10,7,400,72.12693897784149,68.42007476403397,3.7068642138075205,0.051393616120965935,7.212693897784148e-11,true,24,88,13,44,88,false
530103,15,7,600,96.74870709750523,84.73636817712746,12.012338920377772,0.12416020100683622,9.674870709750523e-11,true,32,250,22,125,250,false
530103,20,7,800,109.39632702968936,91.99005161516443,17.406275414524927,0.15911206424509108,1.0939632702968936e-10,true,39,460,34,230,460,false
530103,30,7,1200,122.99116625645226,113.59688796114582,9.394278295306435,0.07638173196697856,1.2299116625645225e-10,true,36,460,41,230,460,false
530103,40,7,1600,128.8990882620608,121.8194264723339,7.0796617897268845,0.05492406412785047,1.2889908826206078e-10,true,34,504,41,252,504,false
530101,10,8,400,77.44726055161522,67.69355281472558,9.753707736889638,0.1259399966818609,7.744726055161521e-11,true,24,106,11,53,106,false
530101,15,8,600,105.65488333736077,86.86845764272745,18.786425694633323,0.17780934587422167,1.0565488333736077e-10,true,35,260,24,130,260,false
530101,20,8,800,119.23320162368871,98.52158866839453,20.711612955294186,0.17370675846365344,1.1923320162368872e-10,true,39,404,37,202,404,false
530101,30,8,1200,133.46092847737071,116.52605102904725,16.934877448323462,0.12689015160864026,1.334609284773707e-10,true,38,554,38,277,554,false
530101,40,8,1600,140.106403717708,135.882317691509,4.224086026198989,0.030149128905698326,1.4010640371770798e-10,true,26,348,34,174,348,false
530102,10,8,400,79.88204034977323,70.22504997090401,9.656990378869224,0.12089063244485139,7.988204034977323e-11,true,23,88,11,44,88,false
530102,15,8,600,107.5798410229907,88.56071175775531,19.019129265235392,0.17679082888002082,1.0757984102299071e-10,true,37,256,22,128,256,false
530102,20,8,800,121.30698464443952,96.51453759856535,24.79244704587417,0.2043777373458158,1.2130698464443952e-10,true,39,448,37,224,448,false
530102,30,8,1200,135.1419400929255,117.22367070541806,17.918269387507436,0.1325885167490313,1.351419400929255e-10,true,38,500,38,250,500,false
530102,40,8,1600,141.91893958107156,138.6901619369878,3.228777644083749,0.022750858015249623,1.4191893958107156e-10,true,29,348,39,174,348,false
530103,10,8,400,74.540830147155,62.927784077214,11.613046069941007,0.15579442899971835,7.4540830147155e-11,true,24,122,13,61,122,false
530103,15,8,600,102.79544742292197,85.09191190029229,17.70353552262968,0.17222100751012476,1.0279544742292196e-10,true,36,256,22,128,256,false
530103,20,8,800,116.29070181877383,95.17977770715092,21.110924111622907,0.18153578731102632,1.1629070181877382e-10,true,39,420,37,210,420,false
530103,30,8,1200,130.63892969149938,114.52199148544608,16.116938206053305,0.12337010295562784,1.306389296914994e-10,true,38,502,38,251,502,false
530103,40,8,1600,136.95094806804107,134.01211259780425,2.9388354702368247,0.021459037061771408,1.3695094806804107e-10,true,29,340,34,170,340,false
530101,10,9,400,84.26759741012954,63.57873821851429,20.68885919161525,0.2455138134640624,8.426759741012954e-11,true,29,160,35,80,160,false
530101,15,9,600,110.98536733533243,80.73450664209211,30.250860693240313,0.27256620777620194,1.1098536733533242e-10,true,35,278,42,139,278,false
530101,20,9,800,126.53615385108114,91.29634769425547,35.239806156825665,0.2784959482670776,1.2653615385108115e-10,true,37,460,44,230,460,false
530101,30,9,1200,142.04355997915994,129.81869938315427,12.22486059600567,0.08606416649793382,1.4204355997915993e-10,true,37,556,41,278,556,false
530101,40,9,1600,148.4445454138662,143.83508369065933,4.609461723206863,0.031051741984561284,1.4844454541386618e-10,true,27,324,38,162,324,false
530102,10,9,400,85.08378705837853,66.3445334263673,18.739253632011227,0.22024470560006532,8.508378705837853e-11,true,32,134,35,67,134,false
530102,15,9,600,111.67944517207529,82.03060109110403,29.64884408097126,0.2654816563181204,1.1167944517207529e-10,true,38,278,42,139,278,false
530102,20,9,800,126.3856297504075,92.69748292636214,33.68814682404536,0.26655045269445865,1.263856297504075e-10,true,38,460,42,230,460,false
530102,30,9,1200,141.40556262044285,130.1717756190325,11.233787001410349,0.07944374176823432,1.4140556262044284e-10,true,36,572,40,286,572,false
530102,40,9,1600,147.70248700477083,141.90287103275423,5.799615972016596,0.03926552686840857,1.4770248700477083e-10,true,29,414,38,207,414,false
530103,10,9,400,84.93008929857989,64.87972618562026,20.05036311295963,0.23608079631790627,8.493008929857988e-11,true,33,142,35,71,142,false
530103,15,9,600,111.88479072737707,82.38450578918372,29.500284938193346,0.2636666230182699,1.1188479072737706e-10,true,36,270,42,135,270,false
530103,20,9,800,127.40352198219085,93.26605413268496,34.137467849505896,0.26794759923731004,1.2740352198219085e-10,true,39,464,42,232,464,false
530103,30,9,1200,143.07693034596565,130.6617443018236,12.415186044142047,0.08677280127635978,1.4307693034596564e-10,true,35,546,40,273,546,false
530103,40,9,1600,149.3593657926118,143.65741273391268,5.701953058699132,0.03817606635138233,1.493593657926118e-10,true,30,372,38,186,372,false
530101,10,10,400,63.57835538711276,56.03490836405019,7.543447023062569,0.11864803638175918,6.357835538711276e-11,true,23,94,22,47,94,false
530101,15,10,600,86.47200167248145,67.9947657119126,18.477235960568848,0.21367882786560935,8.647200167248145e-11,true,34,340,40,170,340,false
530101,20,10,800,98.26118846471837,77.99375430174437,20.267434162974,0.2062608287121544,9.826118846471837e-11,true,36,482,44,241,482,false
530101,30,10,1200,111.46201480682853,97.48964919447718,13.972365612351354,0.1253554014483449,1.1146201480682853e-10,true,38,614,45,307,614,false
530101,40,10,1600,117.08996461229732,113.25621253465836,3.8337520776389624,0.03274193557349768,1.1708996461229732e-10,true,26,280,34,140,280,false
530102,10,10,400,64.44075790510216,56.20197221582784,8.238785689274323,0.1278505398928899,6.444075790510215e-11,true,30,118,23,59,118,false
530102,15,10,600,87.59170979849756,70.21266369197797,17.379046106519596,0.19840971418984327,8.759170979849756e-11,true,33,312,40,156,312,false
530102,20,10,800,98.7849898579203,78.44224183088181,20.342748027038482,0.20592954512924375,9.87849898579203e-11,true,37,460,42,230,460,false
530102,30,10,1200,112.10217992333214,100.58540618581074,11.516773737521405,0.10273461002629786,1.1210217992333214e-10,true,34,584,45,292,584,false
530102,40,10,1600,118.31960679592429,113.40422468275914,4.915382113165151,0.04154325936565291,1.1831960679592428e-10,true,33,420,34,210,420,false
530103,10,10,400,63.93011448300648,55.04773821418806,8.882376268818419,0.13893884502865203,6.393011448300647e-11,true,28,116,23,58,116,false
530103,15,10,600,87.41933623427275,70.55033414377799,16.86900209049476,0.19296648564441135,8.741933623427275e-11,true,33,310,40,155,310,false
530103,20,10,800,99.58831348877625,80.58013856451218,19.00817492426407,0.19086752509777483,9.958831348877625e-11,true,36,460,42,230,460,false
530103,30,10,1200,113.04163726739202,102.01048437817909,11.031152889212933,0.0975848647973801,1.1304163726739201e-10,true,33,532,40,266,532,false
530103,40,10,1600,118.62157183835318,114.53081204959173,4.090759788761446,0.03448579988752776,1.1862157183835317e-10,true,31,332,34,166,332,false
530101,10,11,400,75.09220229401282,68.30503983124228,6.787162462770539,0.09038438420272149,7.509220229401282e-11,true,28,96,9,48,96,false
530101,15,11,600,103.0933196624704,90.38427743806598,12.709042224404428,0.12327706844647245,1.030933196624704e-10,true,34,226,23,113,226,false
530101,20,11,800,118.88002344886819,99.78664035838624,19.09338309048195,0.16061052594504457,1.188800234488682e-10,true,37,372,39,186,372,false
530101,30,11,1200,134.05595808329963,120.10467530640241,13.951282776897216,0.10407059094104698,1.3405595808329963e-10,true,34,492,41,246,492,false
530101,40,11,1600,141.318394802766,136.18684169293707,5.131553109828928,0.03631199687054816,1.41318394802766e-10,true,31,448,37,224,448,false
530102,10,11,400,76.15388969442732,69.05178139972149,7.102108294705829,0.09325995458936534,7.615388969442732e-11,true,23,106,23,53,106,false
530102,15,11,600,103.4895263359788,90.57785801042895,12.91166832554984,0.12476304397830659,1.0348952633597879e-10,true,33,220,23,110,220,false
530102,20,11,800,118.34218997843448,99.45255024197952,18.889639736454953,0.15961881168412734,1.1834218997843448e-10,true,34,362,39,181,362,false
530102,30,11,1200,132.6199464447879,119.42877796562028,13.191168479167615,0.09946594635867494,1.326199464447879e-10,true,38,454,37,227,454,false
530102,40,11,1600,139.9668024196156,134.31496852671546,5.651833892900129,0.040379817179477515,1.3996680241961558e-10,true,30,512,39,256,512,false
530103,10,11,400,73.754698499304,66.61805633910083,7.136642160203166,0.09676186474100376,7.375469849930399e-11,true,27,114,23,57,114,false
530103,15,11,600,102.06708095526653,89.43624396005112,12.630836995215418,0.12375035003451505,1.0206708095526653e-10,true,34,246,39,123,246,false
530103,20,11,800,117.67309177128493,98.11312733683674,19.55996443444819,0.16622291587668891,1.1767309177128492e-10,true,35,364,39,182,364,false
530103,30,11,1200,131.93038104383086,123.92684853228566,8.003532511545203,0.06066481767293775,1.3193038104383086e-10,true,34,390,37,195,390,false
530103,40,11,1600,139.14327561345374,133.90418984945904,5.239085763994694,0.0376524538530278,1.3914327561345374e-10,true,30,444,39,222,444,false
530101,10,12,400,65.49213948361583,56.40531382640742,9.086825657208408,0.13874681341692402,6.549213948361582e-11,true,26,128,12,64,128,false
530101,15,12,600,85.51134415232104,69.53846397843482,15.972880173886224,0.18679252831570267,8.551134415232104e-11,true,34,284,38,142,284,false
530101,20,12,800,97.19681162506255,77.41268718739643,19.784124437666122,0.2035470516665046,9.719681162506254e-11,true,38,518,43,259,518,false
530101,30,12,1200,110.71307645407998,91.74997371167625,18.963102742403734,0.1712815084699501,1.1071307645407997e-10,true,39,700,44,350,700,false
530101,40,12,1600,117.45310627985693,110.27601276016414,7.177093519692789,0.061106034118772835,1.1745310627985693e-10,true,31,582,44,291,582,false
530102,10,12,400,64.88790069937947,57.190123009102514,7.697777690276958,0.11863194227750032,6.488790069937947e-11,true,26,116,12,58,116,false
530102,15,12,600,84.48046276729332,69.82290802191385,14.657554745379471,0.17350230177780412,8.448046276729332e-11,true,34,276,29,138,276,false
530102,20,12,800,95.3520216510095,76.5372884618962,18.814733189113298,0.19731866051016345,9.535202165100949e-11,true,38,500,42,250,500,false
530102,30,12,1200,108.41955252936494,93.67702465193845,14.742527877426483,0.13597665304358766,1.0841955252936493e-10,true,38,678,43,339,678,false
530102,40,12,1600,115.31581761123365,108.97485369877948,6.340963912454171,0.05498780690981683,1.1531581761123365e-10,true,32,526,44,263,526,false
530103,10,12,400,64.23563636552211,56.353952699540876,7.881683665981235,0.12269954984382558,6.423563636552211e-11,true,26,122,12,61,122,false
530103,15,12,600,84.87173949335308,69.17481948037101,15.696920012982062,0.18494872506073004,8.487173949335307e-11,true,33,272,39,136,272,false
530103,20,12,800,96.12079192161818,74.26673865767303,21.854053263945147,0.22736031223885528,9.612079192161818e-11,true,38,524,39,262,524,false
530103,30,12,1200,109.59895590928134,96.01818643602141,13.580769473259934,0.12391331067515993,1.0959895590928134e-10,true,38,642,44,321,642,false
530103,40,12,1600,116.45187969902402,110.41829187337605,6.03358782564797,0.05181185431477872,1.1645187969902402e-10,true,32,492,43,246,492,false
530101,10,13,400,88.31440687985757,75.92230912448296,12.392097755374607,0.14031796388818812,8.831440687985757e-11,true,28,140,19,70,140,false
530101,15,13,600,117.627526868973,93.43527034771844,24.192256521254563,0.20566832581800912,1.17627526868973e-10,true,35,304,43,152,304,false
530101,20,13,800,132.30187035121014,102.01640222104591,30.285468130164233,0.22891186685243423,1.3230187035121014e-10,true,38,462,43,231,462,false
530101,30,13,1200,146.24427353082453,134.4026411679767,11.841632362847832,0.08097159688342888,1.4624427353082453e-10,true,33,426,44,213,426,false
530101,40,13,1600,151.94980106739274,148.59670665392042,3.35309441347232,0.022067119469180194,1.5194980106739274e-10,true,32,392,35,196,392,false
530102,10,13,400,91.02530010247243,78.4051607823352,12.620139320137227,0.13864430335225492,9.102530010247242e-11,true,27,142,19,71,142,false
530102,15,13,600,119.66994620110557,97.10010471041531,22.569841490690266,0.18860074903653423,1.1966994620110557e-10,true,37,294,43,147,294,false
530102,20,13,800,134.06757601286483,105.80072547113963,28.266850541725205,0.21084031935516445,1.3406757601286483e-10,true,36,422,43,211,422,false
530102,30,13,1200,147.74468367387792,135.10732122839337,12.637362445484541,0.08553514164597245,1.477446836738779e-10,true,35,506,44,253,506,false
530102,40,13,1600,154.05853106092937,149.59613604892726,4.462395012002105,0.02896558198544195,1.5405853106092937e-10,true,32,496,42,248,496,false
530103,10,13,400,88.57774655080661,75.50066310841889,13.077083442387718,0.1476339594492499,8.85777465508066e-11,true,28,146,19,73,146,false
530103,15,13,600,117.18249892718502,94.73249172592138,22.450007201263645,0.1915815706850018,1.1718249892718503e-10,true,36,280,43,140,280,false
530103,20,13,800,131.73365145951192,102.75407938939746,28.979572070114457,0.21998609883687367,1.3173365145951192e-10,true,39,458,43,229,458,false
530103,30,13,1200,145.82830944213478,136.45564073510988,9.3726687070249,0.06427194241557062,1.4582830944213479e-10,true,34,388,33,194,388,false
530103,40,13,1600,151.53533305221086,148.31435912149598,3.2209739307148766,0.02125559673667067,1.5153533305221085e-10,true,31,376,40,188,376,false
530101,10,14,400,83.84593948851172,72.4784506071357,11.367488881376019,0.13557590207374984,8.384593948851171e-11,true,25,126,11,63,126,false
530101,15,14,600,116.13553533532745,87.62712822433919,28.50840711098826,0.2454753149298675,1.1613553533532744e-10,true,31,316,33,158,316,false
530101,20,14,800,133.48853728353893,104.11084949114898,29.37768779238995,0.22007648289672765,1.3348853728353893e-10,true,35,450,39,225,450,false
530101,30,14,1200,150.1978595799458,134.12515998943206,16.072699590513736,0.10701017734516198,1.501978595799458e-10,true,36,506,40,253,506,false
530101,40,14,1600,157.80100017176554,153.8234234394555,3.977576732310041,0.025206283407459208,1.5780100017176552e-10,true,32,408,33,204,408,false
530102,10,14,400,88.2089350671436,74.580567690767,13.628367376376602,0.1545009852573648,8.820893506714359e-11,true,26,128,11,64,128,false
530102,15,14,600,121.67278502458818,92.70018089536617,28.972604129222006,0.23811901834388924,1.2167278502458818e-10,true,32,288,33,144,288,false
530102,20,14,800,138.00795605714782,107.38266385385653,30.625292203291295,0.22190961360669412,1.3800795605714782e-10,true,36,436,36,218,436,false
530102,30,14,1200,154.83028580400168,141.99597665025834,12.834309153743334,0.08289275633056814,1.5483028580400167e-10,true,37,522,39,261,522,false
530102,40,14,1600,162.51333905712528,156.28399089797813,6.2293481591471505,0.03833130372736643,1.6251333905712529e-10,true,32,482,45,241,482,false
530103,10,14,400,85.59268343371647,73.97544560279017,11.6172378309263,0.13572699633751714,8.559268343371647e-11,true,27,126,11,63,126,false
530103,15,14,600,118.67506257902353,90.69882511277915,27.976237466244385,0.23573813114794462,1.1867506257902354e-10,true,32,308,22,154,308,false
530103,20,14,800,135.21676044676227,107.42210031157877,27.79466013518349,0.20555632336811416,1.3521676044676226e-10,true,33,426,35,213,426,false
530103,30,14,1200,152.43517785879692,139.07330480379034,13.361873055006583,0.08765609908878051,1.5243517785879692e-10,true,35,424,36,212,424,false
530103,40,14,1600,159.7887522788289,153.80340637999475,5.98534589883414,0.03745786742479724,1.5978875227882889e-10,true,33,450,35,225,450,false
530101,10,15,400,77.86371734650669,73.55610721328028,4.3076101332264045,0.055322431037511506,7.786371734650669e-11,true,25,68,9,34,68,false
530101,15,15,600,102.95973767363698,90.75891807371964,12.200819599917338,0.11850088078693094,1.0295973767363698e-10,true,34,226,23,113,226,false
530101,20,15,800,117.12705593989578,101.68332329406336,15.443732645832426,0.1318545277340313,1.1712705593989578e-10,true,36,352,28,176,352,false
530101,30,15,1200,131.37345977855037,117.01405171797641,14.359408060573955,0.10930219912590326,1.3137345977855037e-10,true,36,482,35,241,482,false
530101,40,15,1600,139.0178517816481,135.14334905815446,3.8745027234936344,0.027870540897000914,1.3901785178164808e-10,true,31,354,28,177,354,false
530102,10,15,400,79.54757500732828,74.9482300797972,4.599344927531078,0.057818794942615985,7.954757500732828e-11,true,28,72,9,36,72,false
530102,15,15,600,102.98665639699342,91.61818013978204,11.368476257211384,0.1103878565917135,1.0298665639699342e-10,true,33,212,23,106,212,false
530102,20,15,800,115.52628229172211,102.87579837447147,12.65048391725064,0.10950308160446269,1.1552628229172211e-10,true,34,326,24,163,326,false
530102,30,15,1200,128.98942796734357,117.2673319425747,11.722096024768874,0.09087640909405825,1.2898942796734357e-10,true,37,496,35,248,496,false
530102,40,15,1600,136.18635539889198,132.3511676134671,3.835187785424864,0.028161321846021495,1.3618635539889197e-10,true,32,400,31,200,400,false
530103,10,15,400,78.57499723622705,73.18270123394332,5.392296002283729,0.06862610489278652,7.857499723622704e-11,true,31,82,9,41,82,false
530103,15,15,600,103.59153275086739,91.87230502446126,11.719227726406132,0.11312920482208046,1.0359153275086738e-10,true,33,234,23,117,234,false
530103,20,15,800,117.1026967216822,101.16532098812483,15.93737573355736,0.13609742712787987,1.171026967216822e-10,true,36,364,29,182,364,false
530103,30,15,1200,131.5184183894434,119.24660172458891,12.271816664854498,0.09330873055754083,1.315184183894434e-10,true,39,540,35,270,540,false
530103,40,15,1600,138.71193900412683,135.06633043040233,3.645608573724502,0.026281865857386948,1.3871193900412682e-10,true,30,314,28,157,314,false
530101,10,16,400,75.87975979761836,69.55591481833947,6.3238449792788884,0.08334033998190615,7.587975979761836e-11,true,27,104,13,52,104,false
530101,15,16,600,99.02531389276935,84.94752321883088,14.077790673938466,0.14216355516108495,9.902531389276935e-11,true,37,278,25,139,278,false
530101,20,16,800,111.10349773565848,95.08780904173412,16.01568869392436,0.14415107553165857,1.1110349773565847e-10,true,33,400,33,200,400,false
530101,30,16,1200,125.05550807161963,106.13297921672131,18.922528854898317,0.1513130380795489,1.2505550807161962e-10,true,38,742,45,371,742,false
530101,40,16,1600,131.06681418171857,124.2539414841379,6.812872697580673,0.05198015027766612,1.3106681418171855e-10,true,36,462,34,231,462,false
530102,10,16,400,77.65840567336751,72.59925171075267,5.059153962614843,0.06514625066980805,7.765840567336751e-11,true,28,100,9,50,100,false
530102,15,16,600,100.55485267188202,86.55194933729288,14.002903334589135,0.13925636568014924,1.0055485267188202e-10,true,34,250,23,125,250,false
530102,20,16,800,112.63090954328878,95.78671050441504,16.84419903887374,0.14955218871245826,1.1263090954328878e-10,true,37,452,31,226,452,false
530102,30,16,1200,125.52125870498541,109.0301470427777,16.491111662207715,0.1313810252729144,1.2552125870498542e-10,true,38,668,38,334,668,false
530102,40,16,1600,131.98807672562313,124.49854141192334,7.48953531369979,0.05674402945706254,1.3198807672562313e-10,true,36,516,34,258,516,false
530103,10,16,400,73.7396257991137,68.8781567660428,4.86146903307089,0.06592749800920907,7.37396257991137e-11,true,25,82,13,41,82,false
530103,15,16,600,96.8287669442456,82.9930832704033,13.835683673842297,0.14288815308170702,9.682876694424559e-11,true,36,260,17,130,260,false
530103,20,16,800,108.8795750001483,93.80299659784045,15.076578402307845,0.13847021723116856,1.088795750001483e-10,true,37,432,25,216,432,false
530103,30,16,1200,122.86404792141755,104.76596659517129,18.09808132624626,0.14730168533777746,1.2286404792141754e-10,true,38,702,45,351,702,false
530103,40,16,1600,128.74432005556116,122.31956247789427,6.424757577666895,0.04990323126406054,1.2874432005556115e-10,true,35,520,38,260,520,false
530101,10,17,400,63.81722543655991,60.02672673789401,3.7904986986658997,0.05939616886719712,6.381722543655991e-11,true,22,70,9,35,70,false
530101,15,17,600,82.76287790501429,71.60710073555416,11.155777169460137,0.13479204024615304,8.27628779050143e-11,true,35,260,19,130,260,false
530101,20,17,800,93.3057171301998,78.574770150761,14.730946979438798,0.1578782890536394,9.33057171301998e-11,true,39,468,37,234,468,false
530101,30,17,1200,106.03849396690526,92.48183407875196,13.556659888153305,0.1278465902428259,1.0603849396690527e-10,true,37,596,37,298,596,false
530101,40,17,1600,112.78876232819692,106.91737542412949,5.871386904067435,0.05205648845567306,1.1278876232819692e-10,true,35,394,36,197,394,false
530102,10,17,400,64.65583680188162,60.54866391536989,4.1071728865117265,0.0635236212176315,6.465583680188162e-11,true,22,72,11,36,72,false
530102,15,17,600,83.02320816293654,72.42570672688015,10.59750143605639,0.1276450485418288,8.302320816293654e-11,true,34,244,19,122,244,false
530102,20,17,800,93.32860684518963,78.9487330251578,14.379873820031833,0.15407787929251623,9.332860684518963e-11,true,39,424,28,212,424,false
530102,30,17,1200,105.9989386293782,93.37407104300499,12.624867586373213,0.11910371697697508,1.059989386293782e-10,true,38,590,41,295,590,false
530102,40,17,1600,112.9133439745081,107.85448951271782,5.0588544617902755,0.04480298150528948,1.129133439745081e-10,true,34,440,37,220,440,false
530103,10,17,400,63.43701487179852,59.013216870737956,4.423798001060561,0.06973528010422192,6.343701487179851e-11,true,24,86,11,43,86,false
530103,15,17,600,82.4182433262113,71.32255014241329,11.095693183798005,0.13462666438886917,8.24182433262113e-11,true,33,246,20,123,246,false
530103,20,17,800,93.06154620375627,78.0031666900392,15.058379513717071,0.1618109748654624,9.306154620375626e-11,true,39,454,34,227,454,false
530103,30,17,1200,105.77196064592103,91.21665442197764,14.55530622394339,0.13761025261381216,1.0577196064592102e-10,true,39,594,41,297,594,false
530103,40,17,1600,112.40995915116575,107.32287054811484,5.0870886030509155,0.04525478562099593,1.1240995915116574e-10,true,34,438,36,219,438,false
530101,10,18,400,77.48019640832038,64.18520896565006,13.294987442670319,0.17159207202580876,7.748019640832037e-11,true,30,130,18,65,130,false
530101,15,18,600,106.81489668974254,84.13718393495643,22.677712754786114,0.21230852116682206,1.0681489668974254e-10,true,35,310,28,155,310,false
530101,20,18,800,121.52874895321031,91.08723590227595,30.44151305093436,0.25048816278570124,1.215287489532103e-10,true,36,484,37,242,484,false
530101,30,18,1200,138.93348000639057,112.99166599805334,25.941814008337232,0.1867211129178077,1.3893348000639056e-10,true,39,736,39,368,736,false
530101,40,18,1600,147.89430496023562,139.1346038026541,8.759701157581503,0.05922946904505029,1.478943049602356e-10,true,37,474,36,237,474,false
530102,10,18,400,77.1851184095756,66.46502196239132,10.720096447184275,0.138888125950641,7.718511840957559e-11,true,28,116,18,58,116,false
530102,15,18,600,106.61880744514832,82.28400893478579,24.334798510362532,0.22824114331687625,1.0661880744514831e-10,true,34,328,32,164,328,false
530102,20,18,800,120.87621810897096,90.60643971344314,30.269778395527823,0.25041963480557733,1.2087621810897097e-10,true,35,432,42,216,432,false
530102,30,18,1200,137.55903440287076,111.72376522966653,25.83526917320424,0.1878122312020611,1.3755903440287076e-10,true,39,718,42,359,718,false
530102,40,18,1600,146.08062441849663,137.93390713502015,8.146717283476477,0.05576863677784872,1.4608062441849662e-10,true,38,542,36,271,542,false
530103,10,18,400,75.25783470208349,64.36383233223722,10.894002369846262,0.14475572427736438,7.525783470208349e-11,true,27,120,18,60,120,false
530103,15,18,600,104.88744737691783,82.03336934167459,22.854078035243248,0.21789145037647903,1.0488744737691783e-10,true,36,316,32,158,316,false
530103,20,18,800,118.76911794836651,88.88698307110262,29.882134877263894,0.25159852488131473,1.1876911794836652e-10,true,35,436,32,218,436,false
530103,30,18,1200,135.63653808754023,109.65113210970424,25.985405977835995,0.19158116495914201,1.3563653808754023e-10,true,38,764,42,382,764,false
530103,40,18,1600,144.26757294154942,136.24265077290926,8.02492216864016,0.05562526633681908,1.4426757294154943e-10,true,35,422,36,211,422,false
530101,10,19,400,81.16466987154787,74.42469506186882,6.739974809679055,0.08304074692037576,8.116466987154787e-11,true,23,74,7,37,74,false
530101,15,19,600,108.51157108799771,99.41858496151657,9.092986126481136,0.08379738709254479,1.085115710879977e-10,true,27,194,26,97,194,false
530101,20,19,800,123.15233490460736,109.78268574770496,13.369649156902398,0.10856188124454483,1.2315233490460735e-10,true,35,370,26,185,370,false
530101,30,19,1200,139.36728234481743,125.45352228797758,13.913760056839848,0.099835196774627,1.3936728234481743e-10,true,39,532,37,266,532,false
530101,40,19,1600,146.93158614573161,142.92695816703485,4.00462797869676,0.027255051713147897,1.4693158614573162e-10,true,32,394,37,197,394,false
530102,10,19,400,82.90423435148634,75.01910927245237,7.885125079033969,0.09511124661743652,8.290423435148633e-11,true,22,106,13,53,106,false
530102,15,19,600,109.9903024651157,99.22797651483467,10.762325950281038,0.0978479530383544,1.099903024651157e-10,true,31,228,29,114,228,false
530102,20,19,800,124.12639252360678,110.09366360948152,14.032728914125258,0.11305193544117917,1.2412639252360678e-10,true,34,372,28,186,372,false
530102,30,19,1200,139.2207669970519,128.6168820764856,10.603884920566287,0.07616597113554785,1.392207669970519e-10,true,37,450,32,225,450,false
530102,40,19,1600,146.78869957604198,142.1868597870331,4.601839789008892,0.0313500957655461,1.4678869957604198e-10,true,33,406,30,203,406,false
530103,10,19,400,80.46743041165296,71.78818265300593,8.679247758647023,0.1078603817003473,8.046743041165296e-11,true,24,96,11,48,96,false
530103,15,19,600,108.20870847989919,97.88029910781502,10.328409372084167,0.09544896632790667,1.0820870847989918e-10,true,31,234,27,117,234,false
530103,20,19,800,123.7467658507911,107.08668941740136,16.660076433389747,0.13463039877323177,1.237467658507911e-10,true,36,414,26,207,414,false
530103,30,19,1200,139.6827955727441,127.66013445208817,12.02266112065594,0.08607116625464994,1.3968279557274412e-10,true,37,486,37,243,486,false
530103,40,19,1600,146.86847779865928,143.5250882028773,3.3433895957819857,0.0227645145227515,1.468684777986593e-10,true,29,290,29,145,290,false
530101,10,20,400,73.64708583606152,62.1959814923777,11.451104343683824,0.15548618405857895,7.364708583606152e-11,true,28,126,20,63,126,false
530101,15,20,600,98.2241483462877,75.28414777936027,22.940000566927438,0.23354746213785252,9.82241483462877e-11,true,37,346,27,173,346,false
530101,20,20,800,110.92352852393793,81.18471015850608,29.738818365431854,0.26810198666745483,1.1092352852393793e-10,true,37,542,40,271,542,false
530101,30,20,1200,123.92379570427921,106.71940122154014,17.204394482739076,0.1388304351473717,1.239237957042792e-10,true,36,652,45,326,652,false
530101,40,20,1600,129.46021349538987,123.31480268080867,6.145410814581197,0.047469493898216364,1.2946021349538986e-10,true,30,460,41,230,460,false
530102,10,20,400,75.07126702604876,64.89977280796666,10.171494218082103,0.13549117553261392,7.507126702604875e-11,true,26,112,20,56,112,false
530102,15,20,600,99.33104064076291,77.21895204004366,22.112088600719247,0.22261005681687193,9.93310406407629e-11,true,37,312,27,156,312,false
530102,20,20,800,111.09157706353758,82.37820925969977,28.713367803837812,0.2584657501748807,1.1109157706353758e-10,true,35,528,45,264,528,false
530102,30,20,1200,123.53789864177647,107.15785289523713,16.380045746539338,0.13259126087320497,1.2353789864177646e-10,true,37,590,45,295,590,false
530102,40,20,1600,129.17303008345036,123.9700809920655,5.202949091384852,0.0402789118442415,1.2917303008345036e-10,true,32,476,41,238,476,false
530103,10,20,400,74.5074355899369,64.18669620851979,10.320739381417113,0.1385195893496977,7.45074355899369e-11,true,21,100,20,50,100,false
530103,15,20,600,99.67306521895011,76.93273505641332,22.740330162536793,0.2281492007151932,9.967306521895012e-11,true,38,338,26,169,338,false
530103,20,20,800,111.96929687216878,82.58285227093279,29.386444601235993,0.2624509166542808,1.1196929687216878e-10,true,36,554,40,277,554,false
530103,30,20,1200,124.84278572949256,108.74906274243399,16.09372298705857,0.12891191824195755,1.2484278572949255e-10,true,35,586,43,293,586,false
530103,40,20,1600,130.2658098891855,124.37837346184368,5.887436427341825,0.04519556153951792,1.302658098891855e-10,true,29,470,44,235,470,false
530101,10,21,400,74.81170994652648,64.92443878813229,9.887271158394185,0.13216207951216938,7.481170994652647e-11,true,26,112,16,56,112,false
530101,15,21,600,95.45677379025793,76.07459798456105,19.382175805696875,0.20304662556776007,9.545677379025792e-11,true,33,300,39,150,300,false
530101,20,21,800,107.55005038701727,80.7063805362676,26.843669850749663,0.24959235029786703,1.0755005038701727e-10,true,36,578,44,289,578,false
530101,30,21,1200,121.32685983270055,105.08305749261,16.243802340090554,0.13388463496450315,1.2132685983270056e-10,true,38,770,44,385,770,false
530101,40,21,1600,127.70355917127817,118.06439509917722,9.639164072100954,0.07548077856759454,1.2770355917127816e-10,true,35,566,40,283,566,false
530102,10,21,400,77.56146039390012,68.52853073585024,9.03292965804988,0.11646157269571322,7.756146039390012e-11,true,23,86,20,43,86,false
530102,15,21,600,98.74125485325446,79.90305348178579,18.83820137146867,0.1907834916567072,9.874125485325446e-11,true,32,288,39,144,288,false
530102,20,21,800,110.44809806394967,84.55908289542245,25.889015168527223,0.23439982781358018,1.1044809806394967e-10,true,36,574,44,287,574,false
530102,30,21,1200,124.28941663224622,108.51897787915787,15.770438753088342,0.12688480789760814,1.242894166322462e-10,true,38,768,44,384,768,false
530102,40,21,1600,130.87281477563835,124.28270237589376,6.590112399744584,0.05035509025340622,1.3087281477563833e-10,true,32,474,34,237,474,false
530103,10,21,400,73.35532413548037,62.54568369493089,10.809640440549487,0.14735999830884938,7.335532413548037e-11,true,25,104,20,52,104,false
530103,15,21,600,95.18838913771145,75.2035838086818,19.984805329029655,0.20995003182706592,9.518838913771145e-11,true,32,286,39,143,286,false
530103,20,21,800,107.63440310285641,79.50656949619042,28.127833606665988,0.26132753836881295,1.076344031028564e-10,true,34,580,44,290,580,false
530103,30,21,1200,121.0424658048837,106.23064305049341,14.811822754390292,0.1223688121015846,1.210424658048837e-10,true,38,770,44,385,770,false
530103,40,21,1600,127.39469777116166,120.74234744800977,6.652350323151893,0.05221842383975407,1.2739469777116167e-10,true,34,478,42,239,478,false
530101,10,22,400,88.53348973193951,82.23696323848613,6.296526493453385,0.07112027903246468,8.853348973193951e-11,true,27,78,13,39,78,false
530101,15,22,600,117.74115125641883,99.65706988886143,18.084081367557403,0.153591851061262,1.1774115125641883e-10,true,37,264,24,132,264,false
530101,20,22,800,132.25177705407626,106.89484563311275,25.356931420963505,0.19173225483840073,1.3225177705407625e-10,true,39,508,32,254,508,false
530101,30,22,1200,148.38448650459551,131.09311156964566,17.291374934949857,0.1165308809719427,1.483844865045955e-10,true,36,624,41,312,624,false
530101,40,22,1600,156.24031373199387,148.0910349919868,8.149278740007077,0.05215861735906333,1.5624031373199385e-10,true,35,458,36,229,458,false
530102,10,22,400,88.28497521506773,82.0988434394921,6.186131775575632,0.07007004034951392,8.828497521506774e-11,true,24,86,12,43,86,false
530102,15,22,600,117.67821777292757,101.05688570880841,16.62133206411916,0.1412439139432903,1.1767821777292757e-10,true,34,238,24,119,238,false
530102,20,22,800,131.81233277547616,107.5036917967496,24.308640978726558,0.18441856286795957,1.3181233277547617e-10,true,38,466,39,233,466,false
530102,30,22,1200,147.47535778072495,129.24102396265405,18.234333818070894,0.12364325872789389,1.4747535778072495e-10,true,38,694,39,347,694,false
530102,40,22,1600,155.54352082315177,148.024817182977,7.5187036401747775,0.04833826314580672,1.5554352082315175e-10,true,33,480,38,240,480,false
530103,10,22,400,86.02618130173208,80.1250463464959,5.901134955236174,0.06859696508599247,8.602618130173208e-11,true,21,78,12,39,78,false
530103,15,22,600,115.59070326534713,98.17204085803876,17.418662407308375,0.1506925895876118,1.1559070326534713e-10,true,35,240,24,120,240,false
530103,20,22,800,130.08660394942555,105.5567891142131,24.52981483521245,0.18856526414317828,1.3008660394942555e-10,true,37,480,27,240,480,false
530103,30,22,1200,146.28043423097,130.39408035850948,15.886353872460518,0.10860204207062103,1.4628043423097e-10,true,38,652,44,326,652,false
530103,40,22,1600,154.12825789711923,147.3108219458152,6.81743595130402,0.044232226097401725,1.5412825789711923e-10,true,31,378,36,189,378,false
530101,10,23,400,58.72269644918934,52.79031319504828,5.932383254141065,0.10102368611894627,5.872269644918934e-11,true,25,110,14,55,110,false
530101,15,23,600,75.45638079807144,64.66143692413678,10.794943873934656,0.14306204140406587,7.545638079807144e-11,true,37,284,28,142,284,false
530101,20,23,800,85.06284799461223,70.02824802598919,15.034599968623041,0.1767469620765027,8.506284799461223e-11,true,38,504,38,252,504,false
530101,30,23,1200,96.08815598940484,85.12451948701364,10.963636502391196,0.11409977004450061,9.608815598940483e-11,true,36,650,45,325,650,false
530101,40,23,1600,101.20781514722859,96.70285770812544,4.504957439103151,0.044511952288958316,1.0120781514722859e-10,true,32,540,44,270,540,false
530102,10,23,400,59.60113624439817,53.73045433820197,5.870681906196197,0.09849949642105983,5.960113624439817e-11,true,25,124,14,62,124,false
530102,15,23,600,76.85611565698287,66.90307671452143,9.953038942461433,0.12950223749119613,7.685611565698287e-11,true,36,264,28,132,264,false
530102,20,23,800,86.24366569349841,71.69501335835062,14.548652335147793,0.16869241605351384,8.624366569349841e-11,true,39,486,38,243,486,false
530102,30,23,1200,97.33352049980033,84.06760898213658,13.265911517663753,0.13629334939848362,9.733352049980033e-11,true,36,676,45,338,676,false
530102,40,23,1600,102.90303229722076,98.2677120305102,4.635320266710565,0.045045516766912194,1.0290303229722076e-10,true,32,438,39,219,438,false
530103,10,23,400,57.78868991601678,52.68744519807433,5.10124471794245,0.08827410217044189,5.778868991601678e-11,true,26,114,14,57,114,false
530103,15,23,600,75.16471372122795,65.76029822089535,9.404415500332604,0.12511742591359884,7.516471372122795e-11,true,38,230,23,115,230,false
530103,20,23,800,84.53866366785024,70.49930896957423,14.039354698276014,0.1660702226549996,8.453866366785024e-11,true,38,466,38,233,466,false
530103,30,23,1200,94.84965843349153,84.87123805103943,9.9784203824521,0.10520249147179542,9.484965843349152e-11,true,35,602,43,301,602,false
530103,40,23,1600,100.08758947871786,95.80390096109278,4.28368851762508,0.04279939740716748,1.0008758947871785e-10,true,33,450,42,225,450,false
530101,10,24,400,73.4940822510694,56.27137113277238,17.22271111829702,0.2343414679220165,7.34940822510694e-11,true,30,144,23,72,144,false
530101,15,24,600,93.88108032575857,67.03449723017276,26.846583095585814,0.28596372136356635,9.388108032575857e-11,true,35,338,38,169,338,false
530101,20,24,800,104.8478085037357,74.36793810302817,30.47987040070754,0.2907058415018903,1.048478085037357e-10,true,39,554,45,277,554,false
530101,30,24,1200,116.78554998276515,103.38679274665824,13.398757236106903,0.11472958116893957,1.1678554998276514e-10,true,37,668,40,334,668,false
530101,40,24,1600,122.54959142761636,118.15211344568247,4.397477981933889,0.03588325289955169,1.2254959142761635e-10,true,32,426,33,213,426,false
530102,10,24,400,76.66855947288433,59.54676406619439,17.121795406689934,0.2233222526209778,7.666855947288433e-11,true,29,140,23,70,140,false
530102,15,24,600,95.81593367058954,69.67682758342929,26.139106087160258,0.2728054206205955,9.581593367058954e-11,true,37,332,38,166,332,false
530102,20,24,800,106.45591126035143,77.50125644218541,28.95465481816602,0.2719872900937717,1.0645591126035143e-10,true,38,500,38,250,500,false
530102,30,24,1200,118.4658728111516,105.5213983696178,12.9444744415338,0.10926753954000575,1.1846587281115158e-10,true,38,628,41,314,628,false
530102,40,24,1600,124.89954860982228,121.55823966531854,3.341308944503737,0.026751969736430032,1.2489954860982229e-10,true,28,376,38,188,376,false
530103,10,24,400,73.97651037327125,56.87434338841628,17.102166984854975,0.23118374871375694,7.397651037327125e-11,true,28,140,23,70,140,false
530103,15,24,600,94.62637596923736,68.26311136594369,26.363264603293672,0.27860376489388394,9.462637596923736e-11,true,38,330,38,165,330,false
530103,20,24,800,105.0394731481067,79.0958691641999,25.943603983906797,0.24698909092323854,1.050394731481067e-10,true,39,572,36,286,572,false
530103,30,24,1200,116.53132246825712,103.44754275386589,13.083779714391227,0.11227693496703618,1.165313224682571e-10,true,38,660,41,330,660,false
530103,40,24,1600,122.53300323985293,119.78341544007458,2.7495877997783538,0.02243956915343173,1.2253300323985293e-10,true,31,368,30,184,368,false
530101,10,25,400,79.19286627589784,67.158035596144,12.034830679753838,0.15196862098444605,7.919286627589783e-11,true,29,136,22,68,136,false
530101,15,25,600,105.44297860274867,83.41112665409062,22.031851948658044,0.20894565233842627,1.0544297860274866e-10,true,35,306,26,153,306,false
530101,20,25,800,120.97566109617276,91.03482217918386,29.940838916988895,0.247494732789157,1.2097566109617275e-10,true,37,474,40,237,474,false
530101,30,25,1200,136.99055394744812,124.28358488204047,12.706969065407648,0.09275799461532402,1.369905539474481e-10,true,35,482,38,241,482,false
530101,40,25,1600,144.64032949732663,137.96096400074367,6.67936549658296,0.04617913634320374,1.4464032949732663e-10,true,33,446,34,223,446,false
530102,10,25,400,80.83923278554981,69.05018527970438,11.789047505845431,0.14583324333519343,8.083923278554981e-11,true,30,132,15,66,132,false
530102,15,25,600,106.83656480948605,84.73785769742965,22.098707112056402,0.20684591601633237,1.0683656480948605e-10,true,33,292,22,146,292,false
530102,20,25,800,120.75715592764396,91.71707813661213,29.040077791031834,0.24048328703958755,1.2075715592764397e-10,true,38,492,39,246,492,false
530102,30,25,1200,136.15827601785645,123.25068685556778,12.907589162288673,0.09479841798669593,1.3615827601785644e-10,true,35,558,43,279,558,false
530102,40,25,1600,143.59375983584016,136.0971980338543,7.496561801985848,0.05220673802647203,1.4359375983584016e-10,true,32,540,45,270,540,false
530103,10,25,400,78.68635132200815,66.58341923794708,12.102932084061067,0.15381234331901142,7.868635132200815e-11,true,29,136,17,68,136,false
530103,15,25,600,105.42255102086649,83.31447901627553,22.108072004590966,0.2097091351945664,1.0542255102086649e-10,true,35,310,33,155,310,false
530103,20,25,800,120.54248400781765,100.14579551442819,20.396688493389462,0.16920746790041805,1.2054248400781765e-10,true,35,416,31,208,416,false
530103,30,25,1200,136.78506798978006,123.90615815278343,12.878909836996627,0.0941543549034086,1.3678506798978005e-10,true,35,508,39,254,508,false
530103,40,25,1600,144.37110446668362,138.13673876977487,6.234365696908753,0.04318291890845409,1.4437110446668362e-10,true,30,422,41,211,422,false
530101,10,26,400,75.73862102738437,69.02087776277094,6.717743264613432,0.08869640314925376,7.573862102738437e-11,true,26,114,14,57,114,false
530101,15,26,600,102.46888402534232,86.07515614316505,16.393727882177274,0.15998737605186392,1.0246888402534232e-10,true,30,276,29,138,276,false
530101,20,26,800,117.98558985501771,99.17631873346282,18.809271121554886,0.15942007108383296,1.179855898550177e-10,true,36,430,32,215,430,false
530101,30,26,1200,135.73668437737084,116.37435252716047,19.362331850210367,0.14264627089593426,1.3573668437737082e-10,true,37,568,45,284,568,false
530101,40,26,1600,143.51581796153963,136.0087524802017,7.507065481337918,0.0523082792403393,1.4351581796153963e-10,true,33,444,43,222,444,false
530102,10,26,400,78.15621875583118,70.27260768583281,7.883611069998366,0.10086991407078756,7.815621875583117e-11,true,25,112,14,56,112,false
530102,15,26,600,105.13192637008055,87.56980183267078,17.562124537409773,0.16704844231226576,1.0513192637008054e-10,true,34,326,25,163,326,false
530102,20,26,800,119.82236471682577,101.25415397551984,18.568210741305933,0.15496448250865255,1.1982236471682578e-10,true,36,424,29,212,424,false
530102,30,26,1200,137.42083119177576,120.69564411634528,16.725187075430483,0.12170780026857701,1.3742083119177575e-10,true,37,544,45,272,544,false
530102,40,26,1600,145.5521248044545,137.79696132016076,7.755163484293746,0.05328100496445934,1.455521248044545e-10,true,33,482,43,241,482,false
530103,10,26,400,77.06767855297517,70.23776329651334,6.829915256461831,0.08862230424868772,7.706767855297517e-11,true,28,112,19,56,112,false
530103,15,26,600,103.78142233157936,86.99652258074985,16.78489975082951,0.16173318281572713,1.0378142233157936e-10,true,32,296,29,148,296,false
530103,20,26,800,118.92217503814199,96.16102402013284,22.761151018009144,0.1913953475094863,1.1892217503814198e-10,true,36,472,38,236,472,false
530103,30,26,1200,137.25558321511176,118.39700140019774,18.858581814914018,0.13739755697484587,1.3725558321511175e-10,true,37,550,45,275,550,false
530103,40,26,1600,145.15184755031916,139.187762389316,5.964085161003169,0.04108859281956866,1.4515184755031915e-10,true,31,444,43,222,444,false
530101,10,27,400,69.2640704452287,64.46878634208032,4.795284103148376,0.0692319130585936,6.92640704452287e-11,true,23,68,8,34,68,false
530101,15,27,600,89.94108508829537,79.57523743589019,10.36584765240518,0.11525152984566511,8.994108508829537e-11,true,31,250,24,125,250,false
530101,20,27,800,102.17506844242375,89.01316268698442,13.161905755439335,0.12881719538907033,1.0217506844242375e-10,true,35,396,28,198,396,false
530101,30,27,1200,115.19391417210913,104.18705323454047,11.00686093756866,0.09555071564912283,1.1519391417210913e-10,true,37,566,37,283,566,false
530101,40,27,1600,121.55409997226077,115.32736381322236,6.22673615903841,0.051226047993933405,1.2155409997226078e-10,true,34,442,37,221,442,false
530102,10,27,400,68.34904933202886,64.39676242811443,3.952286903914427,0.05782504574006352,6.834904933202885e-11,true,23,58,9,29,58,false
530102,15,27,600,88.0725311162797,78.35577558604221,9.716755530237492,0.11032674327718288,8.80725311162797e-11,true,32,272,24,136,272,false
530102,20,27,800,99.41039588442801,87.003075379554,12.407320504874008,0.12480908454784187,9.941039588442801e-11,true,37,450,35,225,450,false
530102,30,27,1200,112.01258557695807,102.4957163191348,9.516869257823274,0.08496249960487452,1.1201258557695807e-10,true,37,546,37,273,546,false
530102,40,27,1600,118.5178956886185,113.422475540209,5.095420148409488,0.04299283343501695,1.185178956886185e-10,true,35,408,31,204,408,false
530103,10,27,400,67.56307008102117,63.858163633736055,3.7049064472851114,0.05483626547523985,6.756307008102116e-11,true,19,56,9,28,56,false
530103,15,27,600,86.87416699118786,77.6116731146276,9.262493876560256,0.10661965688257827,8.687416699118787e-11,true,33,258,25,129,258,false
530103,20,27,800,98.2796083873816,86.46322212767024,11.816386259711365,0.12023232950965344,9.82796083873816e-11,true,36,450,31,225,450,false
530103,30,27,1200,111.32174577262641,102.28983530473205,9.031910467894363,0.08113338867629648,1.1132174577262641e-10,true,36,544,37,272,544,false
530103,40,27,1600,117.33831222306324,111.85299163390381,5.4853205891594286,0.04674790769728892,1.1733831222306325e-10,true,35,422,37,211,422,false
530101,10,28,400,91.58595995674204,77.01243742102297,14.573522535719079,0.15912398082197812,9.158595995674205e-11,true,28,152,13,76,152,false
530101,15,28,600,126.02211428354751,94.80498510588528,31.21712917766223,0.24771151757876594,1.260221142835475e-10,true,36,304,22,152,304,false
530101,20,28,800,145.50817075156485,104.79600286244943,40.71216788911542,0.27979300185572287,1.4550817075156484e-10,true,39,546,38,273,546,false
530101,30,28,1200,165.55932177457314,148.16938299495294,17.389938779620195,0.10503750917328879,1.6555932177457312e-10,true,34,514,36,257,514,false
530101,40,28,1600,175.25885668006413,169.88814702913757,5.370709650926557,0.030644440758453725,1.7525885668006412e-10,true,31,368,35,184,368,false
530102,10,28,400,94.0043885515688,79.65365044995008,14.350738101618717,0.15266029940449227,9.400438855156879e-11,true,29,130,11,65,130,false
530102,15,28,600,128.46973507966626,98.38008567536284,30.08964940430343,0.23421585936675535,1.2846973507966626e-10,true,38,300,22,150,300,false
530102,20,28,800,147.30874522394032,108.70893998246845,38.59980524147187,0.2620333584594183,1.473087452239403e-10,true,37,488,34,244,488,false
530102,30,28,1200,165.84976409352734,150.9600404102229,14.889723683304453,0.08977838325357955,1.6584976409352734e-10,true,36,460,36,230,460,false
530102,40,28,1600,175.06665519004,169.655235232303,5.411419957736996,0.030910626308949245,1.7506665519004e-10,true,33,424,39,212,424,false
530103,10,28,400,91.6048391492507,76.13142550922166,15.473413640029037,0.16891480607065293,9.160483914925069e-11,true,31,156,12,78,156,false
530103,15,28,600,126.34563823865206,97.31152352483056,29.034114713821495,0.2297991059966745,1.2634563823865206e-10,true,38,306,26,153,306,false
530103,20,28,800,145.87423250560497,106.93403692057579,38.94019558502917,0.2669436192819932,1.4587423250560497e-10,true,37,528,39,264,528,false
530103,30,28,1200,166.92799085493107,148.50922490615616,18.418765948774904,0.11033958927105132,1.6692799085493108e-10,true,35,522,36,261,522,false
530103,40,28,1600,176.94130156198295,170.44688691355128,6.494414648431672,0.03670378024294493,1.7694130156198295e-10,true,31,430,40,215,430,false
530101,10,29,400,65.13242430200624,58.06977030263271,7.062653999373531,0.10843530046763487,6.513242430200624e-11,true,28,108,17,54,108,false
530101,15,29,600,84.89048246572686,71.2917753750381,13.598707090688762,0.16019118628733223,8.489048246572686e-11,true,32,284,22,142,284,false
530101,20,29,800,96.39043993467214,82.17436427541774,14.2160756592544,0.1474842906504964,9.639043993467214e-11,true,36,448,40,224,448,false
530101,30,29,1200,110.3870830827517,102.87728047692197,7.509802605829734,0.06803153408990804,1.103870830827517e-10,true,35,460,28,230,460,false
530101,40,29,1600,117.8931753086733,113.10162151950351,4.791553789169797,0.040643182072451024,1.178931753086733e-10,true,31,428,31,214,428,false
530102,10,29,400,67.78090610231574,60.62968470600473,7.1512213963110085,0.1055049542346954,6.778090610231574e-11,true,29,112,17,56,112,false
530102,15,29,600,86.7270517199862,74.55267735936067,12.174374360625535,0.14037574342931292,8.67270517199862e-11,true,28,254,22,127,254,false
530102,20,29,800,98.21767661382253,84.85856964461044,13.359106969212093,0.1360153022325924,9.821767661382253e-11,true,34,416,40,208,416,false
530102,30,29,1200,111.79280035142469,104.2258052872782,7.566995064146482,0.06768767792164934,1.1179280035142468e-10,true,37,428,37,214,428,false
530102,40,29,1600,118.85804000159072,113.87360472442549,4.9844352771652325,0.041936037958378955,1.1885804000159072e-10,true,31,430,29,215,430,false
530103,10,29,400,66.38363806927293,58.88399964973044,7.499638419542492,0.11297420023464876,6.638363806927293e-11,true,29,106,9,53,106,false
530103,15,29,600,85.99629760788503,73.45669960757931,12.539598000305716,0.14581555658921713,8.599629760788503e-11,true,31,286,25,143,286,false
530103,20,29,800,98.10561756622738,82.16964003469334,15.935977531534036,0.16243695240770756,9.810561756622738e-11,true,36,450,40,225,450,false
530103,30,29,1200,112.07423461435073,103.22337117094348,8.850863443407249,0.07897322229202113,1.1207423461435073e-10,true,36,442,28,221,442,false
530103,40,29,1600,119.37617765719145,113.40437150950711,5.971806147684333,0.050025107729897066,1.1937617765719144e-10,true,32,462,40,231,462,false
530101,10,30,400,67.79980210086804,56.38753959901895,11.412262501849085,0.16832294709165493,6.779980210086804e-11,true,21,114,17,57,114,false
530101,15,30,600,89.62369881734489,69.85812208644565,19.76557673089924,0.2205396227975586,8.962369881734489e-11,true,37,310,35,155,310,false
530101,20,30,800,101.54915075895337,78.90765435784186,22.64149640111151,0.2229609625673335,1.0154915075895337e-10,true,37,418,38,209,418,false
530101,30,30,1200,114.75116193598389,98.85711302176304,15.894048914220846,0.13850882767607742,1.1475116193598389e-10,true,38,594,39,297,594,false
530101,40,30,1600,121.18523026141726,114.05436086520605,7.13086939621121,0.05884272679788375,1.2118523026141725e-10,true,27,436,37,218,436,false
530102,10,30,400,66.53962746327605,57.63470158632418,8.904925876951872,0.1338289109278016,6.653962746327604e-11,true,23,106,17,53,106,false
530102,15,30,600,87.26327153842992,69.75227961228398,17.510991926145934,0.20066852431076068,8.726327153842992e-11,true,38,312,35,156,312,false
530102,20,30,800,98.86689422928832,81.73296571016049,17.133928519127835,0.17330299138750616,9.886689422928832e-11,true,36,404,29,202,404,false
530102,30,30,1200,111.52549377011005,99.44657733910968,12.078916431000366,0.10830632551063976,1.1152549377011004e-10,true,40,540,39,270,540,false
530102,40,30,1600,117.98228014141114,110.9463862461417,7.035893895269439,0.059635174763840476,1.1798228014141114e-10,true,30,438,37,219,438,false
530103,10,30,400,63.249639940021176,50.06631678319485,13.183323156826326,0.20843317320585386,6.324963994002117e-11,true,22,140,20,70,140,false
530103,15,30,600,84.66324430734149,67.95202847763599,16.711215829705495,0.19738454351029872,8.466324430734148e-11,true,38,286,32,143,286,false
530103,20,30,800,95.73283941273439,73.73495579399193,21.997883618742463,0.22978409241475295,9.573283941273439e-11,true,37,478,36,239,478,false
530103,30,30,1200,108.35302388094964,93.50645994558573,14.846563935363903,0.1370203008978893,1.0835302388094963e-10,true,39,594,40,297,594,false
530103,40,30,1600,114.39683883217573,106.07070300699546,8.326135825180273,0.07278291874301714,1.1439683883217573e-10,true,29,476,40,238,476,false
530101,10,31,400,68.22697200534459,62.08859496947504,6.138377035869553,0.08996994671533569,6.822697200534459e-11,true,26,80,13,40,80,false
530101,15,31,600,88.51288406500065,78.8595712999281,9.653312765072542,0.10906110299132836,8.851288406500065e-11,true,36,256,24,128,256,false
530101,20,31,800,99.74767720163874,91.044904704537,8.702772497101734,0.08724787124124388,9.974767720163873e-11,true,35,330,30,165,330,false
530101,30,31,1200,112.8757078090513,103.59196211676316,9.28374569228815,0.08224750809973395,1.1287570780905131e-10,true,35,476,35,238,476,false
530101,40,31,1600,118.2492038824583,115.47339502917312,2.7758088532851843,0.02347422868101831,1.182492038824583e-10,true,32,336,34,168,336,false
530102,10,31,400,70.37980081635038,63.596381451857404,6.783419364492978,0.09638304294429147,7.037980081635038e-11,true,28,94,12,47,94,false
530102,15,31,600,90.64368890309453,81.47094523839125,9.172743664703276,0.10119561301735727,9.064368890309452e-11,true,33,224,22,112,224,false
530102,20,31,800,101.38975038648834,92.40841160490618,8.981338781582167,0.08858231475416534,1.0138975038648834e-10,true,37,358,33,179,358,false
530102,30,31,1200,114.60802266343448,105.55604345281657,9.051979210617915,0.07898207298454626,1.1460802266343449e-10,true,35,500,45,250,500,false
530102,40,31,1600,120.2906802398379,114.97438635040047,5.316293889437432,0.04419539301663023,1.202906802398379e-10,true,31,346,34,173,346,false
530103,10,31,400,69.72998121607984,61.830350189643944,7.899631026435891,0.11328887357586473,6.972998121607984e-11,true,27,94,12,47,94,false
530103,15,31,600,90.41585541370303,78.62135226283667,11.794503150866362,0.1304472882206326,9.041585541370302e-11,true,33,254,24,127,254,false
530103,20,31,800,101.93304979651658,93.27433931575128,8.658710480765308,0.08494507422323007,1.0193304979651659e-10,true,35,340,30,170,340,false
530103,30,31,1200,115.57432619651286,105.03228599827554,10.542040198237316,0.09121437732037925,1.1557432619651286e-10,true,33,466,35,233,466,false
530103,40,31,1600,120.79319896972771,117.16522335952544,3.62797561020227,0.03003460162613531,1.2079319896972772e-10,true,26,288,32,144,288,false
530101,10,32,400,76.39792684316001,66.44291016945314,9.955016673706865,0.1303048012565036,7.639792684316e-11,true,27,108,10,54,108,false
530101,15,32,600,102.65956089913627,85.40996183067256,17.24959906846371,0.16802720484467648,1.0265956089913627e-10,true,36,266,19,133,266,false
530101,20,32,800,115.79722134261787,92.6289422841164,23.16827905850147,0.20007629535385615,1.1579722134261787e-10,true,38,444,37,222,444,false
530101,30,32,1200,129.16959783742894,116.92784190271695,12.241755934711989,0.09477273398434896,1.2916959783742894e-10,true,37,558,42,279,558,false
530101,40,32,1600,135.26283936884005,129.80320735497938,5.45963201386067,0.04036313328432453,1.3526283936884004e-10,true,30,412,34,206,412,false
530102,10,32,400,77.91419590192132,68.44190072517847,9.472295176742847,0.12157341890130789,7.791419590192132e-11,true,26,110,13,55,110,false
530102,15,32,600,102.11689730631342,84.67384953816037,17.44304776815305,0.1708145099221951,1.0211689730631341e-10,true,36,274,23,137,274,false
530102,20,32,800,115.21350468818319,92.57486532952582,22.63863935865737,0.19649293214304323,1.1521350468818319e-10,true,39,446,40,223,446,false
530102,30,32,1200,128.32532237763755,115.44638780726152,12.878934570376032,0.10036159918987558,1.2832532237763753e-10,true,34,608,42,304,608,false
530102,40,32,1600,134.2774033822851,128.7966777163907,5.480725665894397,0.04081644065078381,1.342774033822851e-10,true,34,398,34,199,398,false
530103,10,32,400,77.22216503986284,66.56140168906474,10.660763350798106,0.13805315281298983,7.722216503986284e-11,true,27,122,13,61,122,false
530103,15,32,600,102.60400041252838,85.93312256337785,16.67087784915053,0.16247785449031035,1.0260400041252838e-10,true,34,228,18,114,228,false
530103,20,32,800,115.67623218622074,92.27226890312721,23.403963283093532,0.20232300828589223,1.1567623218622075e-10,true,38,470,37,235,470,false
530103,30,32,1200,128.78643311800727,116.34198666175496,12.444446456252308,0.09662855127643326,1.2878643311800727e-10,true,35,602,43,301,602,false
530103,40,32,1600,134.55124527005432,130.86718264843435,3.6840626216199723,0.027380368083742262,1.345512452700543e-10,true,29,370,36,185,370,false
530101,10,33,400,68.40000579652018,55.53336521930217,12.866640577218007,0.1881087644275111,6.840000579652017e-11,true,29,154,22,77,154,false
530101,15,33,600,89.41908520877885,66.21666167649987,23.202423532278985,0.2594795448656754,8.941908520877886e-11,true,36,370,37,185,370,false
530101,20,33,800,100.44562273561723,81.41804410165034,19.027578633966897,0.1894316359016396,1.0044562273561723e-10,true,38,532,37,266,532,false
530101,30,33,1200,111.85843980863301,98.08162547167964,13.776814336953365,0.12316294023519983,1.1185843980863301e-10,true,34,546,45,273,546,false
530101,40,33,1600,116.96151458645956,111.81346436763113,5.1480502188284305,0.04401490727125392,1.1696151458645956e-10,true,28,476,42,238,476,false
530102,10,33,400,68.99123776554688,57.54759212037216,11.443645645174726,0.16587100066335525,6.899123776554688e-11,true,30,152,21,76,152,false
530102,15,33,600,89.50274014382721,67.61763107683296,21.885109066994247,0.2445188720683387,8.950274014382721e-11,true,34,374,34,187,374,false
530102,20,33,800,99.97816826265155,83.98267751789349,15.995490744758058,0.15998983600836214,9.997816826265155e-11,true,37,462,44,231,462,false
530102,30,33,1200,111.48821785487435,99.32767824672013,12.160539608154224,0.10907466136003496,1.1148821785487435e-10,true,36,608,45,304,608,false
530102,40,33,1600,116.76167548361961,112.7555269408968,4.006148542722812,0.03431047495789687,1.167616754836196e-10,true,30,508,35,254,508,false
530103,10,33,400,68.21170228012633,56.31175563663557,11.899946643490765,0.17445608664948753,6.821170228012633e-11,true,31,164,21,82,164,false
530103,15,33,600,89.50029069446784,66.0679997266536,23.43229096781424,0.26181245654057556,8.950029069446783e-11,true,34,380,34,190,380,false
530103,20,33,800,99.88847684550565,81.69159779880613,18.19687904669952,0.18217195437712058,9.988847684550565e-11,true,37,470,39,235,470,false
530103,30,33,1200,110.80316817768905,98.22522234125583,12.577945836433216,0.1135161209132815,1.1080316817768905e-10,true,34,566,42,283,566,false
530103,40,33,1600,115.61675239689981,112.55004165065698,3.0667107462428334,0.026524795781455154,1.1561675239689981e-10,true,30,456,41,228,456,false
530101,10,34,400,69.28576921815763,57.99542009298975,11.290349125167879,0.16295336333235128,6.928576921815762e-11,true,28,128,17,64,128,false
530101,15,34,600,91.05664540379496,76.26794133449413,14.788704069300834,0.16241213371873775,9.105664540379495e-11,true,32,234,29,117,234,false
530101,20,34,800,102.02115348552314,82.41663561717651,19.604517868346633,0.19216130379400703,1.0202115348552315e-10,true,38,470,35,235,470,false
530101,30,34,1200,115.32252082707295,95.31998306417216,20.002537762900786,0.17344866917100046,1.1532252082707295e-10,true,38,662,45,331,662,false
530101,40,34,1600,121.0210819558836,113.16419188181064,7.856890074072965,0.06492166444964584,1.210210819558836e-10,true,33,498,44,249,498,false
530102,10,34,400,71.09652095505628,60.856467124748235,10.240053830308042,0.14403030827318963,7.109652095505627e-11,true,30,126,14,63,126,false
530102,15,34,600,93.0807989730137,77.11826569141408,15.962533281599619,0.1714911502449343,9.30807989730137e-11,true,36,254,29,127,254,false
530102,20,34,800,103.4383599483642,83.3589432685059,20.079416679858298,0.1941196350162727,1.034383599483642e-10,true,38,454,43,227,454,false
530102,30,34,1200,116.26514392519388,100.77041266594716,15.49473125924672,0.13327064962149085,1.1626514392519387e-10,true,39,666,40,333,666,false
530102,40,34,1600,122.57015472691361,115.10891124639116,7.461243480522455,0.060873248444094,1.225701547269136e-10,true,34,586,41,293,586,false
530103,10,34,400,70.36475013227991,58.43706734984117,11.927682782438737,0.1695121884184294,7.036475013227991e-11,true,28,132,14,66,132,false
530103,15,34,600,92.82147915921196,77.5695974645416,15.25188169467036,0.16431414186483262,9.282147915921195e-11,true,35,232,19,116,232,false
530103,20,34,800,103.50836201096864,83.48127480261964,20.027087208349002,0.19348279519896913,1.0350836201096863e-10,true,37,478,43,239,478,false
530103,30,34,1200,116.97023148224191,102.46931171758463,14.500919764657283,0.12397102733663283,1.1697023148224192e-10,true,39,674,40,337,674,false
530103,40,34,1600,122.60414498545133,115.89920740889207,6.70493757655926,0.05468769083912207,1.2260414498545132e-10,true,30,504,44,252,504,false
530101,10,35,400,56.44314528582639,49.904192915098825,6.538952370727564,0.11585024784877784,5.644314528582639e-11,true,28,114,15,57,114,false
530101,15,35,600,75.10122279451588,67.63537029324677,7.4658525012691115,0.09941053185906702,7.510122279451587e-11,true,32,200,18,100,200,false
530101,20,35,800,86.3332260996594,74.98572859684633,11.34749750281307,0.13143835827140296,8.63332260996594e-11,true,37,330,26,165,330,false
530101,30,35,1200,98.97986150966439,87.70030507720287,11.279556432461519,0.11395809471162155,9.897986150966438e-11,true,38,632,37,316,632,false
530101,40,35,1600,106.4529562438688,100.5066663544789,5.946289889389902,0.055858381948245626,1.064529562438688e-10,true,33,426,36,213,426,false
530102,10,35,400,58.74939943518499,52.944449359594095,5.804950075590895,0.09880867092088627,5.874939943518499e-11,true,23,100,15,50,100,false
530102,15,35,600,78.01606730767962,70.02216176864461,7.993905539035012,0.1024648615971459,7.801606730767962e-11,true,32,188,18,94,188,false
530102,20,35,800,88.38934987898571,77.37260727521912,11.016742603766588,0.12463880115477333,8.838934987898572e-11,true,36,338,23,169,338,false
530102,30,35,1200,100.67728986792257,91.41150422285007,9.265785645072498,0.09203451599887304,1.0067728986792257e-10,true,39,612,32,306,612,false
530102,40,35,1600,108.07494317338764,101.76381165872476,6.3111315146628755,0.05839588094474176,1.0807494317338764e-10,true,35,458,37,229,458,false
530103,10,35,400,58.15546096273134,51.286602824696,6.868858138035343,0.11811200572268216,5.815546096273134e-11,true,26,102,15,51,102,false
530103,15,35,600,77.50720489724381,69.60050432988825,7.906700567355557,0.10201245907187556,7.75072048972438e-11,true,35,198,18,99,198,false
530103,20,35,800,88.46673749698766,76.90450749957766,11.56222999741,0.13069578832161297,8.846673749698767e-11,true,38,388,31,194,388,false
530103,30,35,1200,101.6750621521427,89.96269763179329,11.71236452034941,0.11519407288705143,1.016750621521427e-10,true,39,652,37,326,652,false
530103,40,35,1600,109.21443528451199,102.42919759070456,6.7852376938074315,0.06212766358340238,1.0921443528451199e-10,true,34,436,37,218,436,false
530101,10,36,400,81.63356260723135,74.5477754187876,7.08578718844376,0.08679992593899215,8.163356260723136e-11,true,26,104,10,52,104,false
530101,15,36,600,108.58100739712266,91.31293402278865,17.26807337433401,0.15903401329827413,1.0858100739712266e-10,true,35,292,26,146,292,false
530101,20,36,800,123.41142885230013,100.83378104877993,22.577647803520208,0.18294616644088393,1.2341142885230014e-10,true,36,478,41,239,478,false
530101,30,36,1200,137.57289715569112,120.5447553999305,17.02814175576063,0.1237754100394491,1.3757289715569112e-10,true,31,606,45,303,606,false
530101,40,36,1600,143.96616806571444,135.24586828607553,8.720299779638907,0.06057186835492114,1.4396616806571444e-10,true,33,470,43,235,470,false
530102,10,36,400,84.404852842188,78.54959977369086,5.855253068497149,0.06937104765107205,8.4404852842188e-11,true,23,82,12,41,82,false
530102,15,36,600,112.56284478599282,94.97297374161985,17.58987104437297,0.15626711529737236,1.1256284478599282e-10,true,35,276,21,138,276,false
530102,20,36,800,126.54726358169818,106.71631698495277,19.830946596745406,0.1567078262734829,1.2654726358169817e-10,true,36,438,36,219,438,false
530102,30,36,1200,139.8652977342268,124.40576558108175,15.459532153145048,0.11053157862303614,1.398652977342268e-10,true,33,626,43,313,626,false
530102,40,36,1600,146.38707211869416,138.52060682214147,7.86646529655269,0.05373743174652998,1.4638707211869415e-10,true,33,462,41,231,462,false
530103,10,36,400,81.46286090741745,74.13917296426577,7.323687943151683,0.08990216967060677,8.146286090741745e-11,true,25,108,15,54,108,false
530103,15,36,600,110.25167458440414,93.18799019649504,17.063684387909106,0.154770296707338,1.1025167458440414e-10,true,32,266,27,133,266,false
530103,20,36,800,125.57114944016152,103.59297394215304,21.978175498008483,0.17502567744258607,1.2557114944016152e-10,true,37,460,36,230,460,false
530103,30,36,1200,139.9015589226002,120.93139346641648,18.97016545618372,0.1355965266025296,1.399015589226002e-10,true,34,664,43,332,664,false
530103,40,36,1600,146.43630942317697,138.16707974184737,8.269229681329591,0.05646980392979497,1.4643630942317696e-10,true,33,474,43,237,474,false
530101,10,37,400,81.77483022272126,73.03137952340333,8.743450699317933,0.1069210498573258,8.177483022272126e-11,true,25,106,15,53,106,false
530101,15,37,600,105.71278172157174,87.67486784725455,18.037913874317198,0.17063134259228732,1.0571278172157175e-10,true,34,318,26,159,318,false
530101,20,37,800,118.82273607945581,95.61066000135925,23.21207607809656,0.19535045938156845,1.188227360794558e-10,true,37,464,32,232,464,false
530101,30,37,1200,133.4324751140897,118.62809672500232,14.804378389087375,0.1109503393115438,1.334324751140897e-10,true,39,644,45,322,644,false
530101,40,37,1600,140.30810677635904,130.87295848110537,9.435148295253668,0.0672459240740281,1.4030810677635903e-10,true,34,648,42,324,648,false
530102,10,37,400,81.51628544532174,72.77249211624748,8.743793329074265,0.10726437399971192,8.151628544532174e-11,true,27,108,12,54,108,false
530102,15,37,600,105.94323849016261,87.65049328102955,18.29274520913306,0.1726655279735633,1.0594323849016262e-10,true,35,302,26,151,302,false
530102,20,37,800,118.62158991201291,100.08459541049578,18.53699450151713,0.15626998858527247,1.186215899120129e-10,true,36,438,29,219,438,false
530102,30,37,1200,132.31507630617918,120.8608159872609,11.454260318918273,0.08656806645686341,1.323150763061792e-10,true,38,580,45,290,580,false
530102,40,37,1600,138.89671677847684,132.2125419830571,6.68417479541975,0.04812334625648629,1.3889671677847684e-10,true,34,680,38,340,680,false
530103,10,37,400,80.91590665762958,71.60104242826823,9.314864229361348,0.11511783793975504,8.091590665762958e-11,true,26,106,16,53,106,false
530103,15,37,600,105.48101534324826,86.751630889122,18.72938445412626,0.17756166257196643,1.0548101534324825e-10,true,35,332,27,166,332,false
530103,20,37,800,119.04031899390971,99.96211172100365,19.078207272906056,0.16026676872297468,1.190403189939097e-10,true,35,410,29,205,410,false
530103,30,37,1200,133.35389052628577,118.95982763381198,14.394062892473784,0.10793882979841918,1.3335389052628577e-10,true,37,608,39,304,608,false
530103,40,37,1600,140.0828261628585,133.33778379533555,6.745042367522956,0.04815038754059156,1.400828261628585e-10,true,34,588,39,294,588,false
530101,10,38,400,65.72970657239287,62.934553692682506,2.795152879710365,0.0425249559973596,6.572970657239287e-11,true,22,68,8,34,68,false
530101,15,38,600,87.90269826068156,76.9132227648535,10.98947549582806,0.1250186366661693,8.790269826068156e-11,true,34,276,24,138,276,false
530101,20,38,800,99.65742687751924,84.4914997378416,15.165927139677649,0.1521806012342346,9.965742687751924e-11,true,36,404,45,202,404,false
530101,30,38,1200,113.35153004255707,98.9162351338134,14.435294908743671,0.12734980201258894,1.1335153004255707e-10,true,34,600,44,300,600,false
530101,40,38,1600,118.81056625882499,112.64206612087554,6.168500137949451,0.05191878409628629,1.18810566258825e-10,true,30,490,40,245,490,false
530102,10,38,400,67.3473996032648,64.45064977660581,2.89674982665899,0.04301205159699387,6.734739960326481e-11,true,24,68,15,34,68,false
530102,15,38,600,89.94306321448782,79.21900382331296,10.724059391174862,0.11923164508641568,8.994306321448782e-11,true,33,260,24,130,260,false
530102,20,38,800,101.76118374255887,86.88728035946839,14.873903383090479,0.14616480308168692,1.0176118374255887e-10,true,35,402,33,201,402,false
530102,30,38,1200,115.08925250625022,101.8228709085309,13.266381597719317,0.11527037763147216,1.1508925250625022e-10,true,35,620,43,310,620,false
530102,40,38,1600,120.55890408981237,112.1846373084035,8.374266781408878,0.0694620347176541,1.2055890408981236e-10,true,31,548,41,274,548,false
530103,10,38,400,64.80027966576542,60.62035148723967,4.179928178525749,0.0645047860917496,6.480027966576541e-11,true,23,78,15,39,78,false
530103,15,38,600,86.92448601667444,76.87462146562743,10.049864551047008,0.11561603653450624,8.692448601667444e-11,true,34,240,19,120,240,false
530103,20,38,800,99.136699629375,83.9737849012184,15.162914728156608,0.1529495614121061,9.9136699629375e-11,true,34,412,34,206,412,false
530103,30,38,1200,112.89562449468245,98.98661992289207,13.909004571790376,0.12320233520162255,1.1289562449468245e-10,true,37,632,44,316,632,false
530103,40,38,1600,118.11832633809217,111.60190208711656,6.516424250975618,0.05516861314410722,1.1811832633809217e-10,true,32,438,43,219,438,false
530101,10,39,400,72.70018679035752,63.40443918152879,9.295747608828734,0.12786415027563122,7.270018679035751e-11,true,29,106,16,53,106,false
530101,15,39,600,94.99197256688643,77.82797160657472,17.16400096031171,0.18068896240917695,9.499197256688643e-11,true,36,270,32,135,270,false
530101,20,39,800,106.45864723156406,83.80037773914202,22.658269492422036,0.2128363461460936,1.0645864723156406e-10,true,36,476,44,238,476,false
530101,30,39,1200,119.22212437876603,102.4300590534273,16.792065325338726,0.1408468890555138,1.1922212437876602e-10,true,36,574,43,287,574,false
530101,40,39,1600,126.12503298212613,123.15915224048729,2.9658807416388413,0.023515401118342244,1.2612503298212613e-10,true,30,408,41,204,408,false
530102,10,39,400,73.2480611495731,62.627872170942624,10.62018897863048,0.14498935278223915,7.32480611495731e-11,true,27,102,15,51,102,false
530102,15,39,600,95.03582189310697,77.56977261668676,17.466049276420208,0.18378385043131862,9.503582189310697e-11,true,37,280,32,140,280,false
530102,20,39,800,105.84510244597917,84.305994793092,21.539107652887168,0.2034964977607747,1.0584510244597916e-10,true,34,462,44,231,462,false
530102,30,39,1200,118.04938047406104,104.13469293291983,13.914687541141205,0.11787175405125211,1.1804938047406103e-10,true,37,568,41,284,568,false
530102,40,39,1600,124.73794431992711,121.46485064144485,3.2730936784822546,0.026239759652343188,1.247379443199271e-10,true,31,436,41,218,436,false
530103,10,39,400,70.45431909465387,61.465874790911194,8.988444303742675,0.12757832903993993,7.045431909465387e-11,true,27,104,15,52,104,false
530103,15,39,600,91.85514989953438,74.92253663989598,16.9326132596384,0.18434038024169871,9.185514989953438e-11,true,35,288,27,144,288,false
530103,20,39,800,103.0843880553587,81.18289099128255,21.901497064076153,0.21246182353349707,1.030843880553587e-10,true,36,470,44,235,470,false
530103,30,39,1200,115.40926565865885,101.13589636324471,14.273369295414142,0.12367611225973733,1.1540926565865885e-10,true,37,514,40,257,514,false
530103,40,39,1600,122.15608600997744,117.74915028527232,4.4069357247051215,0.03607626822903586,1.2215608600997745e-10,true,34,480,41,240,480,false
530101,10,40,400,63.591633895551254,55.22370649649717,8.367927399054082,0.13158849500231956,6.359163389555125e-11,true,28,116,13,58,116,false
530101,15,40,600,84.67898520563325,66.72598820215613,17.952997003477122,0.21201242504123446,8.467898520563325e-11,true,37,316,21,158,316,false
530101,20,40,800,95.86291524166194,71.60592947222452,24.25698576943742,0.2530382651965852,9.586291524166194e-11,true,34,546,36,273,546,false
530101,30,40,1200,107.79975770862502,90.98315251781567,16.816605190809355,0.15599854348711456,1.0779975770862502e-10,true,38,690,45,345,690,false
530101,40,40,1600,113.22457716008697,107.15364346907813,6.0709336910088325,0.053618515019271895,1.1322457716008696e-10,true,30,538,43,269,538,false
530102,10,40,400,64.33148589503206,54.04456224373409,10.286923651297968,0.15990495957271783,6.433148589503206e-11,true,30,132,14,66,132,false
530102,15,40,600,86.07756712515433,66.61399373633473,19.463573388819597,0.22611667637539193,8.607756712515433e-11,true,34,328,31,164,328,false
530102,20,40,800,96.97440112413464,75.40554373135286,21.56885739278178,0.2224180520091276,9.697440112413465e-11,true,34,488,36,244,488,false
530102,30,40,1200,108.94247894081971,93.92041007927713,15.022068861542579,0.13788991225087638,1.0894247894081972e-10,true,37,676,45,338,676,false
530102,40,40,1600,114.85476981257857,110.15843503739696,4.696334775181612,0.04088933165636176,1.1485476981257856e-10,true,31,518,43,259,518,false
530103,10,40,400,62.34587787842934,54.023172685546555,8.322705192882786,0.13349246936760684,6.234587787842934e-11,true,28,114,12,57,114,false
530103,15,40,600,83.93916124179971,65.84536093645112,18.093800305348594,0.21555850734827586,8.39391612417997e-11,true,33,324,31,162,324,false
530103,20,40,800,95.27750210401057,71.34348840841326,23.9340136955973,0.25120320292895076,9.527750210401057e-11,true,35,544,37,272,544,false
530103,30,40,1200,107.31686508042537,91.59376656405155,15.723098516373824,0.14651097480895126,1.0731686508042537e-10,true,36,680,45,340,680,false
530103,40,40,1600,112.85686167667303,107.24602060952589,5.610841067147149,0.04971643712033934,1.1285686167667303e-10,true,32,490,43,245,490,false
530101,10,41,400,67.25082201015108,58.579072153606866,8.671749856544217,0.12894637711990006,6.725082201015108e-11,true,26,136,16,68,136,false
530101,15,41,600,86.96104029162701,68.76206175190262,18.198978539724393,0.20927737845239036,8.696104029162702e-11,true,32,314,29,157,314,false
530101,20,41,800,96.62955056138894,76.13962723754715,20.489923323841793,0.2120461412145812,9.662955056138894e-11,true,37,542,38,271,542,false
530101,30,41,1200,107.52732919741415,92.8140564536534,14.713272743760754,0.13683286708207928,1.0752732919741414e-10,true,36,572,39,286,572,false
530101,40,41,1600,111.5664873599919,108.70783876580686,2.8586485941850412,0.025622825113790954,1.1156648735999189e-10,true,27,442,33,221,442,false
530102,10,41,400,69.18092576814979,60.336418383644634,8.844507384505157,0.12784603973277675,6.918092576814978e-11,true,25,124,14,62,124,false
530102,15,41,600,88.8050207271668,72.75784229517525,16.047178431991554,0.18070125203047757,8.880502072716681e-11,true,31,296,32,148,296,false
530102,20,41,800,98.51641661257302,77.10934095338386,21.40707565918916,0.21729450172121986,9.851641661257302e-11,true,35,586,41,293,586,false
530102,30,41,1200,109.53661946186651,95.6013207765811,13.935298685285403,0.12722045607895324,1.095366194618665e-10,true,37,568,37,284,568,false
530102,40,41,1600,114.23905583551253,111.7470992997982,2.491956535714337,0.021813525308738445,1.1423905583551253e-10,true,30,394,35,197,394,false
530103,10,41,400,68.37836915069789,59.87011367396488,8.508255476733012,0.12442904945541794,6.837836915069789e-11,true,23,122,14,61,122,false
530103,15,41,600,88.81618883309604,72.16660712649593,16.649581706600102,0.18746111407558938,8.881618883309603e-11,true,31,302,37,151,302,false
530103,20,41,800,99.27938913196549,76.96388232206152,22.315506809903965,0.22477481987969775,9.927938913196548e-11,true,35,558,41,279,558,false
530103,30,41,1200,110.3056252249815,95.21917996631367,15.086445258667823,0.13676950044838798,1.103056252249815e-10,true,37,592,39,296,592,false
530103,40,41,1600,114.68657951645382,111.90736962559714,2.779209890856677,0.02423308727642322,1.1468657951645381e-10,true,30,438,32,219,438,false
530101,10,42,400,90.55386623087448,84.37605227363913,6.177813957235344,0.06822253112290648,9.055386623087448e-11,true,22,106,14,53,106,false
530101,15,42,600,119.31776094564272,98.86381979196321,20.45394115367951,0.17142411147823716,1.193177609456427e-10,true,37,326,28,163,326,false
530101,20,42,800,136.19255833344297,114.82500604650667,21.367552286936302,0.15689221605355042,1.3619255833344298e-10,true,38,464,37,232,464,false
530101,30,42,1200,153.04679548996205,137.4609560055772,15.585839484384849,0.10183708475887092,1.5304679548996205e-10,true,37,506,44,253,506,false
530101,40,42,1600,159.36761444825893,153.66079021860048,5.7068242296584515,0.035809184001504,1.5936761444825894e-10,true,30,364,44,182,364,false
530102,10,42,400,95.79050514685875,89.13115297417633,6.659352172682418,0.06951996090293922,9.579050514685874e-11,true,22,94,14,47,94,false
530102,15,42,600,123.14689159097624,107.3005203909729,15.846371200003333,0.128678612957897,1.2314689159097625e-10,true,37,280,21,140,280,false
530102,20,42,800,139.77178333014467,119.2156753731898,20.556107956954875,0.14706908266599705,1.3977178333014466e-10,true,37,430,37,215,430,false
530102,30,42,1200,156.08116768888382,139.51311217224367,16.568055516640158,0.10615025349928967,1.5608116768888382e-10,true,36,506,44,253,506,false
530102,40,42,1600,162.26152508490406,155.8703736546831,6.391151430220958,0.03938796598193416,1.6226152508490405e-10,true,30,508,44,254,508,false
530103,10,42,400,91.91129641821769,86.69349994344077,5.217796474776918,0.056769914886574284,9.191129641821769e-11,true,18,88,14,44,88,false
530103,15,42,600,119.67977507729145,101.11682113925905,18.562953938032408,0.15510518737225318,1.1967977507729145e-10,true,36,296,21,148,296,false
530103,20,42,800,136.58703525711817,116.7001233841778,19.886911872940374,0.14559882521429848,1.3658703525711818e-10,true,37,426,37,213,426,false
530103,30,42,1200,152.93474775383464,141.3826547746912,11.552092979143453,0.07553609071064622,1.5293474775383465e-10,true,36,416,35,208,416,false
530103,40,42,1600,158.79391850137387,153.2904903113411,5.503428190032764,0.03465767607457303,1.5879391850137387e-10,true,27,366,44,183,366,false
530101,10,43,400,77.57306251006858,71.19936788843847,6.373694621630108,0.08216376168986284,7.757306251006858e-11,true,23,100,14,50,100,false
530101,15,43,600,99.64113419063867,83.74955849476953,15.891575695869136,0.15948810523839016,9.964113419063866e-11,true,36,326,29,163,326,false
530101,20,43,800,112.79565814832078,89.12336198579266,23.672296162528127,0.20986885976940897,1.1279565814832078e-10,true,38,550,35,275,550,false
530101,30,43,1200,127.10993911223149,105.96030153845493,21.14963757377656,0.16638854303204823,1.271099391122315e-10,true,37,690,44,345,690,false
530101,40,43,1600,133.33773702736758,125.0458006661375,8.291936361230086,0.06218746879983545,1.333377370273676e-10,true,33,522,38,261,522,false
530102,10,43,400,78.50225972625196,72.52777391188775,5.974485814364215,0.07610590873687022,7.850225972625197e-11,true,23,102,14,51,102,false
530102,15,43,600,100.11131170047811,83.99001502922441,16.121296671253702,0.16103371734341895,1.001113117004781e-10,true,37,332,35,166,332,false
530102,20,43,800,112.41034518457754,89.50201232617104,22.908332858406496,0.2037920337384523,1.1241034518457754e-10,true,39,536,36,268,536,false
530102,30,43,1200,125.96736144309004,110.49274698989115,15.474614453198896,0.12284622203657151,1.2596736144309005e-10,true,37,588,45,294,588,false
530102,40,43,1600,132.20596111472702,123.62992043439232,8.5760406803347,0.0648687896371972,1.3220596111472702e-10,true,33,562,37,281,562,false
530103,10,43,400,77.26820153402257,70.66333083124864,6.604870702773923,0.0854798037439202,7.726820153402257e-11,true,24,106,14,53,106,false
530103,15,43,600,99.74372000660502,82.94379080010174,16.79992920650328,0.1684309468845837,9.974372000660501e-11,true,37,314,30,157,314,false
530103,20,43,800,112.53294846719032,87.96688631731392,24.5660621498764,0.21830106190667162,1.1253294846719032e-10,true,38,566,43,283,566,false
530103,30,43,1200,126.6322033676472,108.32543842972011,18.306764937927085,0.14456642505680523,1.266322033676472e-10,true,36,646,45,323,646,false
530103,40,43,1600,132.5361360428231,127.67743093987966,4.858705102943446,0.03665947452529908,1.325361360428231e-10,true,30,404,35,202,404,false
530101,10,44,400,63.040459624263214,53.35030577847463,9.690153845788586,0.15371324865878688,6.304045962426321e-11,true,28,104,14,52,104,false
530101,15,44,600,81.17946902230327,65.27341674412416,15.906052278179104,0.1959368849013914,8.117946902230327e-11,true,36,306,27,153,306,false
530101,20,44,800,91.48892220724879,71.93730558445404,19.551616622794754,0.21370474316556823,9.14889222072488e-11,true,36,518,44,259,518,false
530101,30,44,1200,103.98394546530095,90.97912094498894,13.004824520312013,0.12506569607566656,1.0398394546530094e-10,true,36,690,45,345,690,false
530101,40,44,1600,110.48194757973566,104.58186268337151,5.900084896364149,0.05340315794221506,1.1048194757973565e-10,true,34,442,38,221,442,false
530102,10,44,400,64.39061391009542,54.22528457433355,10.165329335761875,0.15786973781543823,6.439061391009542e-11,true,29,98,14,49,98,false
530102,15,44,600,81.67316659494351,65.73855884066451,15.934607754279,0.19510211760621918,8.167316659494351e-11,true,37,344,32,172,344,false
530102,20,44,800,92.37162425215728,71.23748975076353,21.134134501393746,0.22879466148285438,9.237162425215728e-11,true,37,540,41,270,540,false
530102,30,44,1200,104.23916848567161,91.76903051330397,12.470137972367638,0.11963005992398859,1.042391684856716e-10,true,38,690,40,345,690,false
530102,40,44,1600,110.98042645361524,103.57542541008503,7.405001043530206,0.06672348701620064,1.1098042645361524e-10,true,34,480,39,240,480,false
530103,10,44,400,62.68863070112952,52.53033072188577,10.15829997924375,0.16204373688865276,6.268863070112952e-11,true,28,108,15,54,108,false
530103,15,44,600,80.76869936752006,63.842865181331305,16.92583418618875,0.20955932581223694,8.076869936752006e-11,true,37,326,30,163,326,false
530103,20,44,800,91.87471564987258,70.70644619436091,21.168269455511677,0.23040364594087354,9.187471564987258e-11,true,36,538,36,269,538,false
530103,30,44,1200,103.73551959220919,90.65132258967247,13.084197002536712,0.1261303462302161,1.0373551959220918e-10,true,37,686,40,343,686,false
530103,40,44,1600,110.07885026787933,104.00088494367994,6.077965324199397,0.05521465121963513,1.1007885026787933e-10,true,33,518,45,259,518,false
530101,10,45,400,78.1166865803153,66.24980901725912,11.866877563056178,0.1519121980532969,7.81166865803153e-11,true,28,136,20,68,136,false
530101,15,45,600,104.9316361528267,83.10985298485593,21.821783167970764,0.2079619070857585,1.0493163615282669e-10,true,32,322,45,161,322,false
530101,20,45,800,119.15553041356588,94.64142160022966,24.51410881333622,0.20573202710988298,1.1915553041356588e-10,true,31,454,45,227,454,false
530101,30,45,1200,134.823527464136,125.54507965145773,9.278447812678266,0.06881920379324297,1.3482352746413599e-10,true,31,448,34,224,448,false
530101,40,45,1600,142.74273183849112,136.92025961919006,5.822472219301062,0.04078997329187314,1.4274273183849111e-10,true,31,516,45,258,516,false
530102,10,45,400,80.2595022332023,69.79333201458584,10.466170218616455,0.13040412570969992,8.02595022332023e-11,true,25,128,16,64,128,false
530102,15,45,600,107.22523352210303,85.44483585457138,21.780397667531645,0.20312753772685338,1.0722523352210302e-10,true,32,332,45,166,332,false
530102,20,45,800,122.06930806022979,98.02214871408803,24.047159346141754,0.1969959503192787,1.2206930806022977e-10,true,31,406,45,203,406,false
530102,30,45,1200,137.2338321509481,128.06476743197064,9.169064718977467,0.06681344224864394,1.372338321509481e-10,true,33,492,40,246,492,false
530102,40,45,1600,145.09703821177672,138.15630578007864,6.9407324316980805,0.04783510757516441,1.4509703821177672e-10,true,32,502,45,251,502,false
530103,10,45,400,77.11827843457448,66.27571785264008,10.842560581934393,0.14059650710606816,7.711827843457447e-11,true,31,142,20,71,142,false
530103,15,45,600,104.95985968272039,87.00039719938127,17.959462483339124,0.1711079124689017,1.0495985968272039e-10,true,31,288,45,144,288,false
530103,20,45,800,119.59260761057568,95.84469679198013,23.747910818595557,0.19857340092395065,1.1959260761057568e-10,true,30,406,45,203,406,false
530103,30,45,1200,134.55213186978915,125.27963406037279,9.272497809416365,0.06891379334212028,1.3455213186978914e-10,true,29,406,45,203,406,false
530103,40,45,1600,141.9509883599299,135.64048887249496,6.310499487434953,0.04445548115124141,1.419509883599299e-10,true,31,494,42,247,494,false
530101,10,46,400,109.68893619510074,101.02507438271505,8.66386181238569,0.07898574015683327,1.0968893619510074e-10,true,27,100,13,50,100,false
530101,15,46,600,144.976548893204,121.92800540075002,23.048543492453987,0.15898118467030511,1.4497654889320402e-10,true,33,296,25,148,296,false
530101,20,46,800,164.01006075816431,132.12618797659977,31.88387278156455,0.1944019326264251,1.640100607581643e-10,true,35,450,39,225,450,false
530101,30,46,1200,183.04767969382627,159.73007384748232,23.31760584634395,0.12738542157620364,1.8304767969382627e-10,true,36,536,33,268,536,false
530101,40,46,1600,192.27653348132202,183.80193601629892,8.474597465023095,0.044075048117332156,1.9227653348132202e-10,true,31,410,39,205,410,false
530102,10,46,400,112.67733172179071,105.38276807801672,7.294563643773984,0.06473851956119125,1.126773317217907e-10,true,22,80,12,40,80,false
530102,15,46,600,146.60595669676388,124.91482902197413,21.691127674789755,0.14795529570231,1.4660595669676387e-10,true,35,280,24,140,280,false
530102,20,46,800,164.49507059898474,133.94700057053439,30.548070028450354,0.1857081182871561,1.6449507059898473e-10,true,36,460,39,230,460,false
530102,30,46,1200,182.83597512058589,164.09798566037932,18.737989460206563,0.10248524366087303,1.828359751205859e-10,true,35,496,34,248,496,false
530102,40,46,1600,191.7293996340606,183.99632342590505,7.733076208155552,0.040333283382282994,1.917293996340606e-10,true,29,410,39,205,410,false
530103,10,46,400,106.97855880271,99.84019339627744,7.1383654064325555,0.0667270664918672,1.0697855880271e-10,true,22,78,12,39,78,false
530103,15,46,600,140.64951354314536,119.30935733946349,21.34015620368187,0.15172577327923434,1.4064951354314535e-10,true,33,286,25,143,286,false
530103,20,46,800,159.44061699950547,130.26925515694532,29.171361842560145,0.1829606683135868,1.5944061699950546e-10,true,33,414,40,207,414,false
530103,30,46,1200,179.0653264472237,157.79766226031353,21.267664186910167,0.11877042087865308,1.790653264472237e-10,true,36,520,35,260,520,false
530103,40,46,1600,187.85557975057287,180.05083397999152,7.8047457705813486,0.041546520901557346,1.8785557975057286e-10,true,31,418,38,209,418,false
530101,10,47,400,83.09366037594198,77.11095639361412,5.9827039823278625,0.07199952385368774,8.309366037594198e-11,true,20,74,13,37,74,false
530101,15,47,600,114.48728050027633,97.21314505808076,17.274135442195572,0.15088257286497322,1.1448728050027633e-10,true,36,284,28,142,284,false
530101,20,47,800,131.7890159333071,105.51485841238886,26.274157520918237,0.19936530624232363,1.317890159333071e-10,true,36,482,39,241,482,false
530101,30,47,1200,150.07523032605766,119.9105202542043,30.164710071853364,0.20099725988303777,1.5007523032605765e-10,true,39,752,43,376,752,false
530101,40,47,1600,158.14866990235527,148.23499364579877,9.9136762565565,0.06268580230663615,1.5814866990235527e-10,true,34,438,43,219,438,false
530102,10,47,400,82.71695186506152,77.0030189053137,5.713932959747822,0.06907813732146612,8.271695186506152e-11,true,27,86,12,43,86,false
530102,15,47,600,112.12381607302855,95.68266558320788,16.44115048982067,0.14663388266336042,1.1212381607302855e-10,true,34,272,28,136,272,false
530102,20,47,800,128.63796347706077,104.76072281724599,23.877240659814774,0.18561581678081104,1.2863796347706075e-10,true,34,442,33,221,442,false
530102,30,47,1200,146.18510415839353,120.74023915640645,25.444865001987083,0.17405921860832843,1.4618510415839354e-10,true,39,756,42,378,756,false
530102,40,47,1600,154.5203347076845,145.21682255486343,9.303512152821071,0.06020898265863253,1.545203347076845e-10,true,35,502,43,251,502,false
530103,10,47,400,80.43429340840962,74.09214753456496,6.3421458738446574,0.07884877960749972,8.043429340840961e-11,true,26,112,18,56,112,false
530103,15,47,600,110.87439156944924,95.31901370112469,15.555377868324555,0.14029730082966016,1.1087439156944924e-10,true,34,262,28,131,262,false
530103,20,47,800,128.15312275940317,105.07286872873433,23.08025403066884,0.1800990372587338,1.2815312275940316e-10,true,36,420,36,210,420,false
530103,30,47,1200,146.3822753820037,125.54447806476155,20.837797317242163,0.14235191564595648,1.463822753820037e-10,true,38,728,43,364,728,false
530103,40,47,1600,154.41655757011935,145.2304074725223,9.18615009759705,0.059489411253231,1.5441655757011934e-10,true,32,474,44,237,474,false
530101,10,48,400,64.70146238426517,55.76550129300191,8.935961091263259,0.13811065101113398,6.470146238426517e-11,true,25,116,13,58,116,false
530101,15,48,600,87.35048966982255,74.05676437235692,13.293725297465627,0.15218833171645382,8.735048966982255e-11,true,34,248,24,124,248,false
530101,20,48,800,100.91420357081095,83.63585886735811,17.278344703452845,0.17121816446114765,1.0091420357081095e-10,true,34,384,33,192,384,false
530101,30,48,1200,116.28344309051428,99.58452779225027,16.698915298264012,0.1436052704877829,1.1628344309051428e-10,true,38,670,43,335,670,false
530101,40,48,1600,123.06761421105317,117.9009466051968,5.166667605856375,0.041982349613082344,1.2306761421105317e-10,true,30,416,33,208,416,false
530102,10,48,400,65.62003727536474,56.98499922412723,8.635038051237508,0.1315914834824286,6.562003727536473e-11,true,28,136,13,68,136,false
530102,15,48,600,87.30977536908861,70.37911250045302,16.930662868635594,0.19391486001497343,8.730977536908861e-11,true,33,296,35,148,296,false
530102,20,48,800,99.93301710942346,83.29363022952387,16.63938687989959,0.166505398928164,9.993301710942346e-11,true,36,390,36,195,390,false
530102,30,48,1200,114.631605329593,95.6832903566364,18.948314972956595,0.1652974754953113,1.14631605329593e-10,true,37,700,41,350,700,false
530102,40,48,1600,121.43134421276469,112.94458472934434,8.486759483420343,0.06988936454948859,1.2143134421276467e-10,true,35,616,41,308,616,false
530103,10,48,400,65.90254814185391,56.31396603166892,9.588582110184994,0.14549637882811092,6.590254814185391e-11,true,27,124,13,62,124,false
530103,15,48,600,88.36883335884623,75.51203917804705,12.856794180799184,0.14549014275870992,8.836883335884623e-11,true,32,246,26,123,246,false
530103,20,48,800,101.11183609372972,83.80395125570354,17.307884838026183,0.17117565565698892,1.0111183609372972e-10,true,37,398,36,199,398,false
530103,30,48,1200,115.9433979600777,100.69789023513378,15.24550772494392,0.13149095156063428,1.159433979600777e-10,true,39,672,41,336,672,false
530103,40,48,1600,122.95496109836634,117.93189281994404,5.023068278422301,0.040852912591332925,1.2295496109836634e-10,true,33,480,41,240,480,false
530101,10,49,400,81.60585786558342,69.55018177476789,12.055676090815524,0.14773052334886247,8.160585786558341e-11,true,29,102,23,51,102,false
530101,15,49,600,113.23708775027607,87.79571847730777,25.441369272968302,0.22467346854658293,1.1323708775027607e-10,true,36,290,39,145,290,false
530101,20,49,800,128.80431169990968,94.63311608466545,34.17119561524423,0.2652954327713565,1.2880431169990967e-10,true,39,514,39,257,514,false
530101,30,49,1200,144.89172174798964,126.80938453592967,18.08233721205997,0.12479896707632891,1.4489172174798963e-10,true,38,572,45,286,572,false
530101,40,49,1600,154.00670828538932,148.10733657599442,5.899371709394899,0.03830593988453277,1.540067082853893e-10,true,37,450,35,225,450,false
530102,10,49,400,81.39667648195747,68.6061517320845,12.790524749872972,0.15713816955054843,8.139667648195747e-11,true,29,114,25,57,114,false
530102,15,49,600,111.88107361091569,86.17129866082514,25.709774950090548,0.2297955688153333,1.1188107361091569e-10,true,37,304,39,152,304,false
530102,20,49,800,126.85049650077069,94.73232432353272,32.118172177237966,0.25319705529921066,1.2685049650077068e-10,true,38,480,39,240,480,false
530102,30,49,1200,142.32929340562552,125.64993830166904,16.679355103956482,0.11718849089218647,1.4232929340562553e-10,true,38,628,45,314,628,false
530102,40,49,1600,150.9650684922455,144.5677381886623,6.397330303583203,0.042376228934787055,1.509650684922455e-10,true,34,480,41,240,480,false
530103,10,49,400,80.59232601944944,68.350480125866,12.241845893583445,0.15189840643920743,8.059232601944945e-11,true,26,108,25,54,108,false
530103,15,49,600,110.68160964247075,85.98649277574638,24.695116866724362,0.2231185193863349,1.1068160964247075e-10,true,37,296,39,148,296,false
530103,20,49,800,125.67648002497721,94.1144740643009,31.562005960676316,0.2511369347263992,1.2567648002497722e-10,true,37,488,39,244,488,false
530103,30,49,1200,141.77356279435176,126.27423772962273,15.499325064729035,0.10932450845727443,1.4177356279435175e-10,true,39,614,45,307,614,false
530103,40,49,1600,150.57403623098807,146.3290771220749,4.244959108913179,0.028191839809628267,1.5057403623098807e-10,true,33,434,35,217,434,false
