dataset_id,detector_id,candidate_asset_id,protocol_id,method,seed,budget,group_id,images,total_records,coverage_total,quality_total
bdd100k_road8_dev2k,yolov8n_ultralytics_8.4.77_f59b3d83,yolov8n_bdd100k_road8_top100_v1,PFX_EXACT,M11,830101,10,0,40,400,94,82.16824892138712
bdd100k_road8_dev2k,yolov8n_ultralytics_8.4.77_f59b3d83,yolov8n_bdd100k_road8_top100_v1,PFX_EXACT,M11,830101,10,1,40,400,95,74.72984619934923
bdd100k_road8_dev2k,yolov8n_ultralytics_8.4.77_f59b3d83,yolov8n_bdd100k_road8_top100_v1,PFX_EXACT,M11,830101,10,2,40,400,93,57.81424432276165
bdd100k_road8_dev2k,yolov8n_ultralytics_8.4.77_f59b3d83,yolov8n_bdd100k_road8_top100_v1,PFX_EXACT,M11,830101,10,3,40,400,93,69.72977713617506
bdd100k_road8_dev2k,yolov8n_ultralytics_8.4.77_f59b3d83,yolov8n_bdd100k_road8_top100_v1,PFX_EXACT,M11,830101,10,4,40,400,87,57.851562095747134
bdd100k_road8_dev2k,yolov8n_ultralytics_8.4.77_f59b3d83,yolov8n_bdd100k_road8_top100_v1,PFX_EXACT,M11,830101,10,5,40,400,103,66.38396794634676
bdd100k_road8_dev2k,yolov8n_ultralytics_8.4.77_f59b3d83,yolov8n_bdd100k_road8_top100_v1,PFX_EXACT,M11,830101,10,6,40,400,109,74.89161834825934
bdd100k_road8_dev2k,yolov8n_ultralytics_8.4.77_f59b3d83,yolov8n_bdd100k_road8_top100_v1,PFX_EXACT,M11,830101,10,7,40,400,93,60.60959717163815
bdd100k_road8_dev2k,yolov8n_ultralytics_8.4.77_f59b3d83,yolov8n_bdd100k_road8_top100_v1,PFX_EXACT,M11,830101,10,8,40,400,102,68.27050825739211
bdd100k_road8_dev2k,yolov8n_ultralytics_8.4.77_f59b3d83,yolov8n_bdd100k_road8_top100_v1,PFX_EXACT,M11,830101,10,9,40,400,97,82.35562488308474
bdd100k_road8_dev2k,yolov8n_ultralytics_8.4.77_f59b3d83,yolov8n_bdd100k_road8_top100_v1,PFX_EXACT,M11,830101,10,10,40,400,90,57.533373630707615
bdd100k_road8_dev2k,yolov8n_ultralytics_8.4.77_f59b3d83,yolov8n_bdd100k_road8_top100_v1,PFX_EXACT,M11,830101,10,11,40,400,110,81.431422093871
bdd100k_road8_dev2k,yolov8n_ultralytics_8.4.77_f59b3d83,yolov8n_bdd100k_road8_top100_v1,PFX_EXACT,M11,830101,10,12,40,400,108,71.0702742642596
bdd100k_road8_dev2k,yolov8n_ultralytics_8.4.77_f59b3d83,yolov8n_bdd100k_road8_top100_v1,PFX_EXACT,M11,830101,10,13,40,400,102,82.98367668455009
bdd100k_road8_dev2k,yolov8n_ultralytics_8.4.77_f59b3d83,yolov8n_bdd100k_road8_top100_v1,PFX_EXACT,M11,830101,10,14,40,400,109,77.87296773591001
bdd100k_road8_dev2k,yolov8n_ultralytics_8.4.77_f59b3d83,yolov8n_bdd100k_road8_top100_v1,PFX_EXACT,M11,830101,10,15,40,400,94,56.99439712071408
bdd100k_road8_dev2k,yolov8n_ultralytics_8.4.77_f59b3d83,yolov8n_bdd100k_road8_top100_v1,PFX_EXACT,M11,830101,10,16,40,400,96,68.02086582782582
bdd100k_road8_dev2k,yolov8n_ultralytics_8.4.77_f59b3d83,yolov8n_bdd100k_road8_top100_v1,PFX_EXACT,M11,830101,10,17,40,400,106,68.76147581900304
bdd100k_road8_dev2k,yolov8n_ultralytics_8.4.77_f59b3d83,yolov8n_bdd100k_road8_top100_v1,PFX_EXACT,M11,830101,10,18,40,400,102,70.97449831064101
bdd100k_road8_dev2k,yolov8n_ultralytics_8.4.77_f59b3d83,yolov8n_bdd100k_road8_top100_v1,PFX_EXACT,M11,830101,10,19,40,400,86,60.3547419169309
bdd100k_road8_dev2k,yolov8n_ultralytics_8.4.77_f59b3d83,yolov8n_bdd100k_road8_top100_v1,PFX_EXACT,M11,830101,10,20,40,400,105,77.15676756688603
bdd100k_road8_dev2k,yolov8n_ultralytics_8.4.77_f59b3d83,yolov8n_bdd100k_road8_top100_v1,PFX_EXACT,M11,830101,10,21,40,400,93,60.19732794816765
bdd100k_road8_dev2k,yolov8n_ultralytics_8.4.77_f59b3d83,yolov8n_bdd100k_road8_top100_v1,PFX_EXACT,M11,830101,10,22,40,400,91,63.87951711632189
bdd100k_road8_dev2k,yolov8n_ultralytics_8.4.77_f59b3d83,yolov8n_bdd100k_road8_top100_v1,PFX_EXACT,M11,830101,10,23,40,400,101,62.11997474048925
bdd100k_road8_dev2k,yolov8n_ultralytics_8.4.77_f59b3d83,yolov8n_bdd100k_road8_top100_v1,PFX_EXACT,M11,830101,10,24,40,400,107,71.63097402947852
bdd100k_road8_dev2k,yolov8n_ultralytics_8.4.77_f59b3d83,yolov8n_bdd100k_road8_top100_v1,PFX_EXACT,M11,830101,10,25,40,400,103,68.05403596793555
bdd100k_road8_dev2k,yolov8n_ultralytics_8.4.77_f59b3d83,yolov8n_bdd100k_road8_top100_v1,PFX_EXACT,M11,830101,10,26,40,400,98,80.6132637975249
bdd100k_road8_dev2k,yolov8n_ultralytics_8.4.77_f59b3d83,yolov8n_bdd100k_road8_top100_v1,PFX_EXACT,M11,830101,10,27,40,400,97,60.24367784511846
bdd100k_road8_dev2k,yolov8n_ultralytics_8.4.77_f59b3d83,yolov8n_bdd100k_road8_top100_v1,PFX_EXACT,M11,830101,10,28,40,400,93,82.00891510677204
bdd100k_road8_dev2k,yolov8n_ultralytics_8.4.77_f59b3d83,yolov8n_bdd100k_road8_top100_v1,PFX_EXACT,M11,830101,10,29,40,400,93,64.58727747034872
bdd100k_road8_dev2k,yolov8n_ultralytics_8.4.77_f59b3d83,yolov8n_bdd100k_road8_top100_v1,PFX_EXACT,M11,830101,10,30,40,400,100,70.30132519641653
bdd100k_road8_dev2k,yolov8n_ultralytics_8.4.77_f59b3d83,yolov8n_bdd100k_road8_top100_v1,PFX_EXACT,M11,830101,10,31,40,400,99,67.40463166135308
bdd100k_road8_dev2k,yolov8n_ultralytics_8.4.77_f59b3d83,yolov8n_bdd100k_road8_top100_v1,PFX_EXACT,M11,830101,10,32,40,400,101,64.53441861584139
bdd100k_road8_dev2k,yolov8n_ultralytics_8.4.77_f59b3d83,yolov8n_bdd100k_road8_top100_v1,PFX_EXACT,M11,830101,10,33,40,400,97,68.01036789862482
bdd100k_road8_dev2k,yolov8n_ultralytics_8.4.77_f59b3d83,yolov8n_bdd100k_road8_top100_v1,PFX_EXACT,M11,830101,10,34,40,400,97,71.68725940093181
bdd100k_road8_dev2k,yolov8n_ultralytics_8.4.77_f59b3d83,yolov8n_bdd100k_road8_top100_v1,PFX_EXACT,M11,830101,10,35,40,400,83,68.68466118295862
bdd100k_road8_dev2k,yolov8n_ultralytics_8.4.77_f59b3d83,yolov8n_bdd100k_road8_top100_v1,PFX_EXACT,M11,830101,10,36,40,400,93,64.40686450682377
bdd100k_road8_dev2k,yolov8n_ultralytics_8.4.77_f59b3d83,yolov8n_bdd100k_road8_top100_v1,PFX_EXACT,M11,830101,10,37,40,400,96,68.54890292978942
bdd100k_road8_dev2k,yolov8n_ultralytics_8.4.77_f59b3d83,yolov8n_bdd100k_road8_top100_v1,PFX_EXACT,M11,830101,10,38,40,400,99,75.65978185234555
bdd100k_road8_dev2k,yolov8n_ultralytics_8.4.77_f59b3d83,yolov8n_bdd100k_road8_top100_v1,PFX_EXACT,M11,830101,10,39,40,400,95,71.11226598106356
bdd100k_road8_dev2k,yolov8n_ultralytics_8.4.77_f59b3d83,yolov8n_bdd100k_road8_top100_v1,PFX_EXACT,M11,830101,10,40,40,400,106,76.35496732028669
bdd100k_road8_dev2k,yolov8n_ultralytics_8.4.77_f59b3d83,yolov8n_bdd100k_road8_top100_v1,PFX_EXACT,M11,830101,10,41,40,400,102,73.71120446338347
bdd100k_road8_dev2k,yolov8n_ultralytics_8.4.77_f59b3d83,yolov8n_bdd100k_road8_top100_v1,PFX_EXACT,M11,830101,10,42,40,400,90,66.11808844290327
bdd100k_road8_dev2k,yolov8n_ultralytics_8.4.77_f59b3d83,yolov8n_bdd100k_road8_top100_v1,PFX_EXACT,M11,830101,10,43,40,400,100,62.86287377742813
bdd100k_road8_dev2k,yolov8n_ultralytics_8.4.77_f59b3d83,yolov8n_bdd100k_road8_top100_v1,PFX_EXACT,M11,830101,10,44,40,400,94,70.18688958550226
bdd100k_road8_dev2k,yolov8n_ultralytics_8.4.77_f59b3d83,yolov8n_bdd100k_road8_top100_v1,PFX_EXACT,M11,830101,10,45,40,400,103,74.6793298268418
bdd100k_road8_dev2k,yolov8n_ultralytics_8.4.77_f59b3d83,yolov8n_bdd100k_road8_top100_v1,PFX_EXACT,M11,830101,10,46,40,400,100,70.70741379638189
bdd100k_road8_dev2k,yolov8n_ultralytics_8.4.77_f59b3d83,yolov8n_bdd100k_road8_top100_v1,PFX_EXACT,M11,830101,10,47,40,400,100,65.55727398270837
bdd100k_road8_dev2k,yolov8n_ultralytics_8.4.77_f59b3d83,yolov8n_bdd100k_road8_top100_v1,PFX_EXACT,M11,830101,10,48,40,400,111,78.65845708810718
bdd100k_road8_dev2k,yolov8n_ultralytics_8.4.77_f59b3d83,yolov8n_bdd100k_road8_top100_v1,PFX_EXACT,M11,830101,10,49,40,400,100,81.9864424315456
bdd100k_road8_dev2k,yolov8n_ultralytics_8.4.77_f59b3d83,yolov8n_bdd100k_road8_top100_v1,PFX_EXACT,M11,830101,15,0,40,600,126,108.67970392503506
bdd100k_road8_dev2k,yolov8n_ultralytics_8.4.77_f59b3d83,yolov8n_bdd100k_road8_top100_v1,PFX_EXACT,M11,830101,15,1,40,600,128,93.18774834943257
bdd100k_road8_dev2k,yolov8n_ultralytics_8.4.77_f59b3d83,yolov8n_bdd100k_road8_top100_v1,PFX_EXACT,M11,830101,15,2,40,600,122,72.90090468465513
bdd100k_road8_dev2k,yolov8n_ultralytics_8.4.77_f59b3d83,yolov8n_bdd100k_road8_top100_v1,PFX_EXACT,M11,830101,15,3,40,600,121,84.32071743282647
bdd100k_road8_dev2k,yolov8n_ultralytics_8.4.77_f59b3d83,yolov8n_bdd100k_road8_top100_v1,PFX_EXACT,M11,830101,15,4,40,600,120,73.54969155869497
bdd100k_road8_dev2k,yolov8n_ultralytics_8.4.77_f59b3d83,yolov8n_bdd100k_road8_top100_v1,PFX_EXACT,M11,830101,15,5,40,600,129,79.49387523453879
bdd100k_road8_dev2k,yolov8n_ultralytics_8.4.77_f59b3d83,yolov8n_bdd100k_road8_top100_v1,PFX_EXACT,M11,830101,15,6,40,600,133,88.88765340158655
bdd100k_road8_dev2k,yolov8n_ultralytics_8.4.77_f59b3d83,yolov8n_bdd100k_road8_top100_v1,PFX_EXACT,M11,830101,15,7,40,600,124,80.12522629618688
bdd100k_road8_dev2k,yolov8n_ultralytics_8.4.77_f59b3d83,yolov8n_bdd100k_road8_top100_v1,PFX_EXACT,M11,830101,15,8,40,600,129,80.06357098855977
bdd100k_road8_dev2k,yolov8n_ultralytics_8.4.77_f59b3d83,yolov8n_bdd100k_road8_top100_v1,PFX_EXACT,M11,830101,15,9,40,600,128,102.49685965230428
bdd100k_road8_dev2k,yolov8n_ultralytics_8.4.77_f59b3d83,yolov8n_bdd100k_road8_top100_v1,PFX_EXACT,M11,830101,15,10,40,600,123,72.48712095899847
bdd100k_road8_dev2k,yolov8n_ultralytics_8.4.77_f59b3d83,yolov8n_bdd100k_road8_top100_v1,PFX_EXACT,M11,830101,15,11,40,600,141,96.15349539682366
bdd100k_road8_dev2k,yolov8n_ultralytics_8.4.77_f59b3d83,yolov8n_bdd100k_road8_top100_v1,PFX_EXACT,M11,830101,15,12,40,600,131,85.00870424034191
bdd100k_road8_dev2k,yolov8n_ultralytics_8.4.77_f59b3d83,yolov8n_bdd100k_road8_top100_v1,PFX_EXACT,M11,830101,15,13,40,600,137,109.43356121268471
bdd100k_road8_dev2k,yolov8n_ultralytics_8.4.77_f59b3d83,yolov8n_bdd100k_road8_top100_v1,PFX_EXACT,M11,830101,15,14,40,600,138,95.64381474167881
bdd100k_road8_dev2k,yolov8n_ultralytics_8.4.77_f59b3d83,yolov8n_bdd100k_road8_top100_v1,PFX_EXACT,M11,830101,15,15,40,600,123,74.18166006147824
bdd100k_road8_dev2k,yolov8n_ultralytics_8.4.77_f59b3d83,yolov8n_bdd100k_road8_top100_v1,PFX_EXACT,M11,830101,15,16,40,600,129,89.02327338640373
bdd100k_road8_dev2k,yolov8n_ultralytics_8.4.77_f59b3d83,yolov8n_bdd100k_road8_top100_v1,PFX_EXACT,M11,830101,15,17,40,600,138,88.03402490778022
bdd100k_road8_dev2k,yolov8n_ultralytics_8.4.77_f59b3d83,yolov8n_bdd100k_road8_top100_v1,PFX_EXACT,M11,830101,15,18,40,600,131,87.86454507139157
bdd100k_road8_dev2k,yolov8n_ultralytics_8.4.77_f59b3d83,yolov8n_bdd100k_road8_top100_v1,PFX_EXACT,M11,830101,15,19,40,600,117,74.5877486614436
bdd100k_road8_dev2k,yolov8n_ultralytics_8.4.77_f59b3d83,yolov8n_bdd100k_road8_top100_v1,PFX_EXACT,M11,830101,15,20,40,600,133,95.316993215446
bdd100k_road8_dev2k,yolov8n_ultralytics_8.4.77_f59b3d83,yolov8n_bdd100k_road8_top100_v1,PFX_EXACT,M11,830101,15,21,40,600,120,75.40226206248063
bdd100k_road8_dev2k,yolov8n_ultralytics_8.4.77_f59b3d83,yolov8n_bdd100k_road8_top100_v1,PFX_EXACT,M11,830101,15,22,40,600,120,81.60205196323116
bdd100k_road8_dev2k,yolov8n_ultralytics_8.4.77_f59b3d83,yolov8n_bdd100k_road8_top100_v1,PFX_EXACT,M11,830101,15,23,40,600,125,74.1011581226604
bdd100k_road8_dev2k,yolov8n_ultralytics_8.4.77_f59b3d83,yolov8n_bdd100k_road8_top100_v1,PFX_EXACT,M11,830101,15,24,40,600,129,84.66057890594247
bdd100k_road8_dev2k,yolov8n_ultralytics_8.4.77_f59b3d83,yolov8n_bdd100k_road8_top100_v1,PFX_EXACT,M11,830101,15,25,40,600,130,85.73628056552955
bdd100k_road8_dev2k,yolov8n_ultralytics_8.4.77_f59b3d83,yolov8n_bdd100k_road8_top100_v1,PFX_EXACT,M11,830101,15,26,40,600,135,98.8310646690601
bdd100k_road8_dev2k,yolov8n_ultralytics_8.4.77_f59b3d83,yolov8n_bdd100k_road8_top100_v1,PFX_EXACT,M11,830101,15,27,40,600,121,72.91489512882755
bdd100k_road8_dev2k,yolov8n_ultralytics_8.4.77_f59b3d83,yolov8n_bdd100k_road8_top100_v1,PFX_EXACT,M11,830101,15,28,40,600,128,100.19468330938179
bdd100k_road8_dev2k,yolov8n_ultralytics_8.4.77_f59b3d83,yolov8n_bdd100k_road8_top100_v1,PFX_EXACT,M11,830101,15,29,40,600,124,82.55153023118105
bdd100k_road8_dev2k,yolov8n_ultralytics_8.4.77_f59b3d83,yolov8n_bdd100k_road8_top100_v1,PFX_EXACT,M11,830101,15,30,40,600,138,89.57060487928062
bdd100k_road8_dev2k,yolov8n_ultralytics_8.4.77_f59b3d83,yolov8n_bdd100k_road8_top100_v1,PFX_EXACT,M11,830101,15,31,40,600,126,82.81422043013002
bdd100k_road8_dev2k,yolov8n_ultralytics_8.4.77_f59b3d83,yolov8n_bdd100k_road8_top100_v1,PFX_EXACT,M11,830101,15,32,40,600,131,83.15548644115141
bdd100k_road8_dev2k,yolov8n_ultralytics_8.4.77_f59b3d83,yolov8n_bdd100k_road8_top100_v1,PFX_EXACT,M11,830101,15,33,40,600,128,85.52382865218553
bdd100k_road8_dev2k,yolov8n_ultralytics_8.4.77_f59b3d83,yolov8n_bdd100k_road8_top100_v1,PFX_EXACT,M11,830101,15,34,40,600,129,90.23050711506409
bdd100k_road8_dev2k,yolov8n_ultralytics_8.4.77_f59b3d83,yolov8n_bdd100k_road8_top100_v1,PFX_EXACT,M11,830101,15,35,40,600,116,87.34188418649539
bdd100k_road8_dev2k,yolov8n_ultralytics_8.4.77_f59b3d83,yolov8n_bdd100k_road8_top100_v1,PFX_EXACT,M11,830101,15,36,40,600,124,84.12829831880798
bdd100k_road8_dev2k,yolov8n_ultralytics_8.4.77_f59b3d83,yolov8n_bdd100k_road8_top100_v1,PFX_EXACT,M11,830101,15,37,40,600,123,85.33129484319107
bdd100k_road8_dev2k,yolov8n_ultralytics_8.4.77_f59b3d83,yolov8n_bdd100k_road8_top100_v1,PFX_EXACT,M11,830101,15,38,40,600,133,96.10770795457135
bdd100k_road8_dev2k,yolov8n_ultralytics_8.4.77_f59b3d83,yolov8n_bdd100k_road8_top100_v1,PFX_EXACT,M11,830101,15,39,40,600,125,87.10687949650635
bdd100k_road8_dev2k,yolov8n_ultralytics_8.4.77_f59b3d83,yolov8n_bdd100k_road8_top100_v1,PFX_EXACT,M11,830101,15,40,40,600,130,92.01689918895089
bdd100k_road8_dev2k,yolov8n_ultralytics_8.4.77_f59b3d83,yolov8n_bdd100k_road8_top100_v1,PFX_EXACT,M11,830101,15,41,40,600,129,92.04033493184633
bdd100k_road8_dev2k,yolov8n_ultralytics_8.4.77_f59b3d83,yolov8n_bdd100k_road8_top100_v1,PFX_EXACT,M11,830101,15,42,40,600,124,81.8235736859022
bdd100k_road8_dev2k,yolov8n_ultralytics_8.4.77_f59b3d83,yolov8n_bdd100k_road8_top100_v1,PFX_EXACT,M11,830101,15,43,40,600,129,80.20032844456125
bdd100k_road8_dev2k,yolov8n_ultralytics_8.4.77_f59b3d83,yolov8n_bdd100k_road8_top100_v1,PFX_EXACT,M11,830101,15,44,40,600,117,88.55292620239132
bdd100k_road8_dev2k,yolov8n_ultralytics_8.4.77_f59b3d83,yolov8n_bdd100k_road8_top100_v1,PFX_EXACT,M11,830101,15,45,40,600,135,91.30372647410083
bdd100k_road8_dev2k,yolov8n_ultralytics_8.4.77_f59b3d83,yolov8n_bdd100k_road8_top100_v1,PFX_EXACT,M11,830101,15,46,40,600,133,93.62598431329934
bdd100k_road8_dev2k,yolov8n_ultralytics_8.4.77_f59b3d83,yolov8n_bdd100k_road8_top100_v1,PFX_EXACT,M11,830101,15,47,40,600,127,80.08357392502312
bdd100k_road8_dev2k,yolov8n_ultralytics_8.4.77_f59b3d83,yolov8n_bdd100k_road8_top100_v1,PFX_EXACT,M11,830101,15,48,40,600,144,97.26977167352207
bdd100k_road8_dev2k,yolov8n_ultralytics_8.4.77_f59b3d83,yolov8n_bdd100k_road8_top100_v1,PFX_EXACT,M11,830101,15,49,40,600,132,99.03918826511945
bdd100k_road8_dev2k,yolov8n_ultralytics_8.4.77_f59b3d83,yolov8n_bdd100k_road8_top100_v1,PFX_EXACT,M11,830101,20,0,40,800,154,121.12573101738796
bdd100k_road8_dev2k,yolov8n_ultralytics_8.4.77_f59b3d83,yolov8n_bdd100k_road8_top100_v1,PFX_EXACT,M11,830101,20,1,40,800,149,104.17757643323331
bdd100k_road8_dev2k,yolov8n_ultralytics_8.4.77_f59b3d83,yolov8n_bdd100k_road8_top100_v1,PFX_EXACT,M11,830101,20,2,40,800,144,81.50848495395567
bdd100k_road8_dev2k,yolov8n_ultralytics_8.4.77_f59b3d83,yolov8n_bdd100k_road8_top100_v1,PFX_EXACT,M11,830101,20,3,40,800,143,93.484395793854
bdd100k_road8_dev2k,yolov8n_ultralytics_8.4.77_f59b3d83,yolov8n_bdd100k_road8_top100_v1,PFX_EXACT,M11,830101,20,4,40,800,145,86.77374380911158
bdd100k_road8_dev2k,yolov8n_ultralytics_8.4.77_f59b3d83,yolov8n_bdd100k_road8_top100_v1,PFX_EXACT,M11,830101,20,5,40,800,157,90.73617367499
bdd100k_road8_dev2k,yolov8n_ultralytics_8.4.77_f59b3d83,yolov8n_bdd100k_road8_top100_v1,PFX_EXACT,M11,830101,20,6,40,800,153,100.68071613275421
bdd100k_road8_dev2k,yolov8n_ultralytics_8.4.77_f59b3d83,yolov8n_bdd100k_road8_top100_v1,PFX_EXACT,M11,830101,20,7,40,800,145,89.77767428607106
bdd100k_road8_dev2k,yolov8n_ultralytics_8.4.77_f59b3d83,yolov8n_bdd100k_road8_top100_v1,PFX_EXACT,M11,830101,20,8,40,800,155,95.50828587846155
bdd100k_road8_dev2k,yolov8n_ultralytics_8.4.77_f59b3d83,yolov8n_bdd100k_road8_top100_v1,PFX_EXACT,M11,830101,20,9,40,800,158,114.30322939707624
bdd100k_road8_dev2k,yolov8n_ultralytics_8.4.77_f59b3d83,yolov8n_bdd100k_road8_top100_v1,PFX_EXACT,M11,830101,20,10,40,800,147,83.8933234830886
bdd100k_road8_dev2k,yolov8n_ultralytics_8.4.77_f59b3d83,yolov8n_bdd100k_road8_top100_v1,PFX_EXACT,M11,830101,20,11,40,800,163,112.54443799144306
bdd100k_road8_dev2k,yolov8n_ultralytics_8.4.77_f59b3d83,yolov8n_bdd100k_road8_top100_v1,PFX_EXACT,M11,830101,20,12,40,800,154,97.47952919743875
bdd100k_road8_dev2k,yolov8n_ultralytics_8.4.77_f59b3d83,yolov8n_bdd100k_road8_top100_v1,PFX_EXACT,M11,830101,20,13,40,800,160,121.52210879351509
bdd100k_road8_dev2k,yolov8n_ultralytics_8.4.77_f59b3d83,yolov8n_bdd100k_road8_top100_v1,PFX_EXACT,M11,830101,20,14,40,800,162,108.58907325692607
bdd100k_road8_dev2k,yolov8n_ultralytics_8.4.77_f59b3d83,yolov8n_bdd100k_road8_top100_v1,PFX_EXACT,M11,830101,20,15,40,800,141,83.52874270504137
bdd100k_road8_dev2k,yolov8n_ultralytics_8.4.77_f59b3d83,yolov8n_bdd100k_road8_top100_v1,PFX_EXACT,M11,830101,20,16,40,800,160,103.12767184122242
bdd100k_road8_dev2k,yolov8n_ultralytics_8.4.77_f59b3d83,yolov8n_bdd100k_road8_top100_v1,PFX_EXACT,M11,830101,20,17,40,800,157,103.83890113684463
bdd100k_road8_dev2k,yolov8n_ultralytics_8.4.77_f59b3d83,yolov8n_bdd100k_road8_top100_v1,PFX_EXACT,M11,830101,20,18,40,800,152,96.22288197389786
bdd100k_road8_dev2k,yolov8n_ultralytics_8.4.77_f59b3d83,yolov8n_bdd100k_road8_top100_v1,PFX_EXACT,M11,830101,20,19,40,800,140,84.59693147354447
bdd100k_road8_dev2k,yolov8n_ultralytics_8.4.77_f59b3d83,yolov8n_bdd100k_road8_top100_v1,PFX_EXACT,M11,830101,20,20,40,800,154,107.62569411620531
bdd100k_road8_dev2k,yolov8n_ultralytics_8.4.77_f59b3d83,yolov8n_bdd100k_road8_top100_v1,PFX_EXACT,M11,830101,20,21,40,800,142,85.54389758667433
bdd100k_road8_dev2k,yolov8n_ultralytics_8.4.77_f59b3d83,yolov8n_bdd100k_road8_top100_v1,PFX_EXACT,M11,830101,20,22,40,800,146,94.4101476788113
bdd100k_road8_dev2k,yolov8n_ultralytics_8.4.77_f59b3d83,yolov8n_bdd100k_road8_top100_v1,PFX_EXACT,M11,830101,20,23,40,800,150,86.17524237602134
bdd100k_road8_dev2k,yolov8n_ultralytics_8.4.77_f59b3d83,yolov8n_bdd100k_road8_top100_v1,PFX_EXACT,M11,830101,20,24,40,800,151,96.17633728055249
bdd100k_road8_dev2k,yolov8n_ultralytics_8.4.77_f59b3d83,yolov8n_bdd100k_road8_top100_v1,PFX_EXACT,M11,830101,20,25,40,800,151,96.87418728365131
bdd100k_road8_dev2k,yolov8n_ultralytics_8.4.77_f59b3d83,yolov8n_bdd100k_road8_top100_v1,PFX_EXACT,M11,830101,20,26,40,800,159,108.65700659055186
bdd100k_road8_dev2k,yolov8n_ultralytics_8.4.77_f59b3d83,yolov8n_bdd100k_road8_top100_v1,PFX_EXACT,M11,830101,20,27,40,800,144,84.62778270503033
bdd100k_road8_dev2k,yolov8n_ultralytics_8.4.77_f59b3d83,yolov8n_bdd100k_road8_top100_v1,PFX_EXACT,M11,830101,20,28,40,800,154,114.98217151024659
bdd100k_road8_dev2k,yolov8n_ultralytics_8.4.77_f59b3d83,yolov8n_bdd100k_road8_top100_v1,PFX_EXACT,M11,830101,20,29,40,800,147,95.43595667932722
bdd100k_road8_dev2k,yolov8n_ultralytics_8.4.77_f59b3d83,yolov8n_bdd100k_road8_top100_v1,PFX_EXACT,M11,830101,20,30,40,800,160,100.76831460740155
bdd100k_road8_dev2k,yolov8n_ultralytics_8.4.77_f59b3d83,yolov8n_bdd100k_road8_top100_v1,PFX_EXACT,M11,830101,20,31,40,800,149,91.40659268265529
bdd100k_road8_dev2k,yolov8n_ultralytics_8.4.77_f59b3d83,yolov8n_bdd100k_road8_top100_v1,PFX_EXACT,M11,830101,20,32,40,800,160,99.74429664577583
bdd100k_road8_dev2k,yolov8n_ultralytics_8.4.77_f59b3d83,yolov8n_bdd100k_road8_top100_v1,PFX_EXACT,M11,830101,20,33,40,800,148,94.7787551138647
bdd100k_road8_dev2k,yolov8n_ultralytics_8.4.77_f59b3d83,yolov8n_bdd100k_road8_top100_v1,PFX_EXACT,M11,830101,20,34,40,800,155,101.1145813546869
bdd100k_road8_dev2k,yolov8n_ultralytics_8.4.77_f59b3d83,yolov8n_bdd100k_road8_top100_v1,PFX_EXACT,M11,830101,20,35,40,800,139,98.96678678706603
bdd100k_road8_dev2k,yolov8n_ultralytics_8.4.77_f59b3d83,yolov8n_bdd100k_road8_top100_v1,PFX_EXACT,M11,830101,20,36,40,800,148,97.23126145150819
bdd100k_road8_dev2k,yolov8n_ultralytics_8.4.77_f59b3d83,yolov8n_bdd100k_road8_top100_v1,PFX_EXACT,M11,830101,20,37,40,800,144,99.94426005534638
bdd100k_road8_dev2k,yolov8n_ultralytics_8.4.77_f59b3d83,yolov8n_bdd100k_road8_top100_v1,PFX_EXACT,M11,830101,20,38,40,800,154,110.25377134234105
bdd100k_road8_dev2k,yolov8n_ultralytics_8.4.77_f59b3d83,yolov8n_bdd100k_road8_top100_v1,PFX_EXACT,M11,830101,20,39,40,800,142,94.77253680499788
bdd100k_road8_dev2k,yolov8n_ultralytics_8.4.77_f59b3d83,yolov8n_bdd100k_road8_top100_v1,PFX_EXACT,M11,830101,20,40,40,800,153,104.78321527660405
bdd100k_road8_dev2k,yolov8n_ultralytics_8.4.77_f59b3d83,yolov8n_bdd100k_road8_top100_v1,PFX_EXACT,M11,830101,20,41,40,800,151,103.29193257157651
bdd100k_road8_dev2k,yolov8n_ultralytics_8.4.77_f59b3d83,yolov8n_bdd100k_road8_top100_v1,PFX_EXACT,M11,830101,20,42,40,800,149,94.08177077594132
bdd100k_road8_dev2k,yolov8n_ultralytics_8.4.77_f59b3d83,yolov8n_bdd100k_road8_top100_v1,PFX_EXACT,M11,830101,20,43,40,800,148,89.77760829663812
bdd100k_road8_dev2k,yolov8n_ultralytics_8.4.77_f59b3d83,yolov8n_bdd100k_road8_top100_v1,PFX_EXACT,M11,830101,20,44,40,800,141,101.3160153001883
bdd100k_road8_dev2k,yolov8n_ultralytics_8.4.77_f59b3d83,yolov8n_bdd100k_road8_top100_v1,PFX_EXACT,M11,830101,20,45,40,800,154,100.74826296539517
bdd100k_road8_dev2k,yolov8n_ultralytics_8.4.77_f59b3d83,yolov8n_bdd100k_road8_top100_v1,PFX_EXACT,M11,830101,20,46,40,800,154,105.5450159225778
bdd100k_road8_dev2k,yolov8n_ultralytics_8.4.77_f59b3d83,yolov8n_bdd100k_road8_top100_v1,PFX_EXACT,M11,830101,20,47,40,800,148,89.49785149379979
bdd100k_road8_dev2k,yolov8n_ultralytics_8.4.77_f59b3d83,yolov8n_bdd100k_road8_top100_v1,PFX_EXACT,M11,830101,20,48,40,800,166,113.94363051261213
bdd100k_road8_dev2k,yolov8n_ultralytics_8.4.77_f59b3d83,yolov8n_bdd100k_road8_top100_v1,PFX_EXACT,M11,830101,20,49,40,800,152,112.30770197110314
bdd100k_road8_dev2k,yolov8n_ultralytics_8.4.77_f59b3d83,yolov8n_bdd100k_road8_top100_v1,PFX_EXACT,M11,830101,30,0,40,1200,187,136.83460664216958
bdd100k_road8_dev2k,yolov8n_ultralytics_8.4.77_f59b3d83,yolov8n_bdd100k_road8_top100_v1,PFX_EXACT,M11,830101,30,1,40,1200,171,114.86762120435634
bdd100k_road8_dev2k,yolov8n_ultralytics_8.4.77_f59b3d83,yolov8n_bdd100k_road8_top100_v1,PFX_EXACT,M11,830101,30,2,40,1200,172,96.30957081711445
bdd100k_road8_dev2k,yolov8n_ultralytics_8.4.77_f59b3d83,yolov8n_bdd100k_road8_top100_v1,PFX_EXACT,M11,830101,30,3,40,1200,175,105.00635363465
bdd100k_road8_dev2k,yolov8n_ultralytics_8.4.77_f59b3d83,yolov8n_bdd100k_road8_top100_v1,PFX_EXACT,M11,830101,30,4,40,1200,181,101.61660930019734
bdd100k_road8_dev2k,yolov8n_ultralytics_8.4.77_f59b3d83,yolov8n_bdd100k_road8_top100_v1,PFX_EXACT,M11,830101,30,5,40,1200,195,107.29175248076695
bdd100k_road8_dev2k,yolov8n_ultralytics_8.4.77_f59b3d83,yolov8n_bdd100k_road8_top100_v1,PFX_EXACT,M11,830101,30,6,40,1200,187,116.0290125129203
bdd100k_road8_dev2k,yolov8n_ultralytics_8.4.77_f59b3d83,yolov8n_bdd100k_road8_top100_v1,PFX_EXACT,M11,830101,30,7,40,1200,177,102.52596699165204
bdd100k_road8_dev2k,yolov8n_ultralytics_8.4.77_f59b3d83,yolov8n_bdd100k_road8_top100_v1,PFX_EXACT,M11,830101,30,8,40,1200,192,109.56883402936221
bdd100k_road8_dev2k,yolov8n_ultralytics_8.4.77_f59b3d83,yolov8n_bdd100k_road8_top100_v1,PFX_EXACT,M11,830101,30,9,40,1200,189,129.86580641483823
bdd100k_road8_dev2k,yolov8n_ultralytics_8.4.77_f59b3d83,yolov8n_bdd100k_road8_top100_v1,PFX_EXACT,M11,830101,30,10,40,1200,177,101.70342540017714
bdd100k_road8_dev2k,yolov8n_ultralytics_8.4.77_f59b3d83,yolov8n_bdd100k_road8_top100_v1,PFX_EXACT,M11,830101,30,11,40,1200,194,128.7866782383052
bdd100k_road8_dev2k,yolov8n_ultralytics_8.4.77_f59b3d83,yolov8n_bdd100k_road8_top100_v1,PFX_EXACT,M11,830101,30,12,40,1200,195,116.79843446406038
bdd100k_road8_dev2k,yolov8n_ultralytics_8.4.77_f59b3d83,yolov8n_bdd100k_road8_top100_v1,PFX_EXACT,M11,830101,30,13,40,1200,201,140.80749829349315
bdd100k_road8_dev2k,yolov8n_ultralytics_8.4.77_f59b3d83,yolov8n_bdd100k_road8_top100_v1,PFX_EXACT,M11,830101,30,14,40,1200,201,125.7825356638762
bdd100k_road8_dev2k,yolov8n_ultralytics_8.4.77_f59b3d83,yolov8n_bdd100k_road8_top100_v1,PFX_EXACT,M11,830101,30,15,40,1200,174,95.25729233863558
bdd100k_road8_dev2k,yolov8n_ultralytics_8.4.77_f59b3d83,yolov8n_bdd100k_road8_top100_v1,PFX_EXACT,M11,830101,30,16,40,1200,193,123.00486685143171
bdd100k_road8_dev2k,yolov8n_ultralytics_8.4.77_f59b3d83,yolov8n_bdd100k_road8_top100_v1,PFX_EXACT,M11,830101,30,17,40,1200,192,120.51453372234246
bdd100k_road8_dev2k,yolov8n_ultralytics_8.4.77_f59b3d83,yolov8n_bdd100k_road8_top100_v1,PFX_EXACT,M11,830101,30,18,40,1200,185,114.57490302304005
bdd100k_road8_dev2k,yolov8n_ultralytics_8.4.77_f59b3d83,yolov8n_bdd100k_road8_top100_v1,PFX_EXACT,M11,830101,30,19,40,1200,174,101.82333463065238
bdd100k_road8_dev2k,yolov8n_ultralytics_8.4.77_f59b3d83,yolov8n_bdd100k_road8_top100_v1,PFX_EXACT,M11,830101,30,20,40,1200,184,124.14586243306137
bdd100k_road8_dev2k,yolov8n_ultralytics_8.4.77_f59b3d83,yolov8n_bdd100k_road8_top100_v1,PFX_EXACT,M11,830101,30,21,40,1200,172,105.91164225304165
bdd100k_road8_dev2k,yolov8n_ultralytics_8.4.77_f59b3d83,yolov8n_bdd100k_road8_top100_v1,PFX_EXACT,M11,830101,30,22,40,1200,178,106.11373605573512
bdd100k_road8_dev2k,yolov8n_ultralytics_8.4.77_f59b3d83,yolov8n_bdd100k_road8_top100_v1,PFX_EXACT,M11,830101,30,23,40,1200,178,96.52950576727278
bdd100k_road8_dev2k,yolov8n_ultralytics_8.4.77_f59b3d83,yolov8n_bdd100k_road8_top100_v1,PFX_EXACT,M11,830101,30,24,40,1200,191,113.87245762734292
bdd100k_road8_dev2k,yolov8n_ultralytics_8.4.77_f59b3d83,yolov8n_bdd100k_road8_top100_v1,PFX_EXACT,M11,830101,30,25,40,1200,182,111.41065837131409
bdd100k_road8_dev2k,yolov8n_ultralytics_8.4.77_f59b3d83,yolov8n_bdd100k_road8_top100_v1,PFX_EXACT,M11,830101,30,26,40,1200,185,119.51199078330934
bdd100k_road8_dev2k,yolov8n_ultralytics_8.4.77_f59b3d83,yolov8n_bdd100k_road8_top100_v1,PFX_EXACT,M11,830101,30,27,40,1200,175,98.64196211629933
bdd100k_road8_dev2k,yolov8n_ultralytics_8.4.77_f59b3d83,yolov8n_bdd100k_road8_top100_v1,PFX_EXACT,M11,830101,30,28,40,1200,194,135.2850762951875
bdd100k_road8_dev2k,yolov8n_ultralytics_8.4.77_f59b3d83,yolov8n_bdd100k_road8_top100_v1,PFX_EXACT,M11,830101,30,29,40,1200,179,108.04588785531905
bdd100k_road8_dev2k,yolov8n_ultralytics_8.4.77_f59b3d83,yolov8n_bdd100k_road8_top100_v1,PFX_EXACT,M11,830101,30,30,40,1200,200,117.11820970161261
bdd100k_road8_dev2k,yolov8n_ultralytics_8.4.77_f59b3d83,yolov8n_bdd100k_road8_top100_v1,PFX_EXACT,M11,830101,30,31,40,1200,175,108.06908792736893
bdd100k_road8_dev2k,yolov8n_ultralytics_8.4.77_f59b3d83,yolov8n_bdd100k_road8_top100_v1,PFX_EXACT,M11,830101,30,32,40,1200,195,114.78458198714404
bdd100k_road8_dev2k,yolov8n_ultralytics_8.4.77_f59b3d83,yolov8n_bdd100k_road8_top100_v1,PFX_EXACT,M11,830101,30,33,40,1200,188,110.60474817720069
bdd100k_road8_dev2k,yolov8n_ultralytics_8.4.77_f59b3d83,yolov8n_bdd100k_road8_top100_v1,PFX_EXACT,M11,830101,30,34,40,1200,178,115.52021008473812
bdd100k_road8_dev2k,yolov8n_ultralytics_8.4.77_f59b3d83,yolov8n_bdd100k_road8_top100_v1,PFX_EXACT,M11,830101,30,35,40,1200,171,114.48064002140922
bdd100k_road8_dev2k,yolov8n_ultralytics_8.4.77_f59b3d83,yolov8n_bdd100k_road8_top100_v1,PFX_EXACT,M11,830101,30,36,40,1200,192,117.50610524668569
bdd100k_road8_dev2k,yolov8n_ultralytics_8.4.77_f59b3d83,yolov8n_bdd100k_road8_top100_v1,PFX_EXACT,M11,830101,30,37,40,1200,174,114.63769107115624
bdd100k_road8_dev2k,yolov8n_ultralytics_8.4.77_f59b3d83,yolov8n_bdd100k_road8_top100_v1,PFX_EXACT,M11,830101,30,38,40,1200,186,125.42460839263113
bdd100k_road8_dev2k,yolov8n_ultralytics_8.4.77_f59b3d83,yolov8n_bdd100k_road8_top100_v1,PFX_EXACT,M11,830101,30,39,40,1200,177,109.00202591096469
bdd100k_road8_dev2k,yolov8n_ultralytics_8.4.77_f59b3d83,yolov8n_bdd100k_road8_top100_v1,PFX_EXACT,M11,830101,30,40,40,1200,187,121.12645686401298
bdd100k_road8_dev2k,yolov8n_ultralytics_8.4.77_f59b3d83,yolov8n_bdd100k_road8_top100_v1,PFX_EXACT,M11,830101,30,41,40,1200,173,113.58536389572686
bdd100k_road8_dev2k,yolov8n_ultralytics_8.4.77_f59b3d83,yolov8n_bdd100k_road8_top100_v1,PFX_EXACT,M11,830101,30,42,40,1200,179,109.83424219111457
bdd100k_road8_dev2k,yolov8n_ultralytics_8.4.77_f59b3d83,yolov8n_bdd100k_road8_top100_v1,PFX_EXACT,M11,830101,30,43,40,1200,185,108.71495102202947
bdd100k_road8_dev2k,yolov8n_ultralytics_8.4.77_f59b3d83,yolov8n_bdd100k_road8_top100_v1,PFX_EXACT,M11,830101,30,44,40,1200,167,113.83647212193627
bdd100k_road8_dev2k,yolov8n_ultralytics_8.4.77_f59b3d83,yolov8n_bdd100k_road8_top100_v1,PFX_EXACT,M11,830101,30,45,40,1200,191,117.69574513057053
bdd100k_road8_dev2k,yolov8n_ultralytics_8.4.77_f59b3d83,yolov8n_bdd100k_road8_top100_v1,PFX_EXACT,M11,830101,30,46,40,1200,189,119.93101719696915
bdd100k_road8_dev2k,yolov8n_ultralytics_8.4.77_f59b3d83,yolov8n_bdd100k_road8_top100_v1,PFX_EXACT,M11,830101,30,47,40,1200,179,101.76596521566051
bdd100k_road8_dev2k,yolov8n_ultralytics_8.4.77_f59b3d83,yolov8n_bdd100k_road8_top100_v1,PFX_EXACT,M11,830101,30,48,40,1200,210,133.18352321902762
bdd100k_road8_dev2k,yolov8n_ultralytics_8.4.77_f59b3d83,yolov8n_bdd100k_road8_top100_v1,PFX_EXACT,M11,830101,30,49,40,1200,182,125.43843544487706
bdd100k_road8_dev2k,yolov8n_ultralytics_8.4.77_f59b3d83,yolov8n_bdd100k_road8_top100_v1,PFX_EXACT,M11,830101,40,0,40,1600,208,143.07047316133418
bdd100k_road8_dev2k,yolov8n_ultralytics_8.4.77_f59b3d83,yolov8n_bdd100k_road8_top100_v1,PFX_EXACT,M11,830101,40,1,40,1600,190,123.46044749749778
bdd100k_road8_dev2k,yolov8n_ultralytics_8.4.77_f59b3d83,yolov8n_bdd100k_road8_top100_v1,PFX_EXACT,M11,830101,40,2,40,1600,186,102.19089416592301
bdd100k_road8_dev2k,yolov8n_ultralytics_8.4.77_f59b3d83,yolov8n_bdd100k_road8_top100_v1,PFX_EXACT,M11,830101,40,3,40,1600,187,108.3121805249277
bdd100k_road8_dev2k,yolov8n_ultralytics_8.4.77_f59b3d83,yolov8n_bdd100k_road8_top100_v1,PFX_EXACT,M11,830101,40,4,40,1600,199,110.35932410923083
bdd100k_road8_dev2k,yolov8n_ultralytics_8.4.77_f59b3d83,yolov8n_bdd100k_road8_top100_v1,PFX_EXACT,M11,830101,40,5,40,1600,213,113.73049362709412
bdd100k_road8_dev2k,yolov8n_ultralytics_8.4.77_f59b3d83,yolov8n_bdd100k_road8_top100_v1,PFX_EXACT,M11,830101,40,6,40,1600,203,123.88279047241531
bdd100k_road8_dev2k,yolov8n_ultralytics_8.4.77_f59b3d83,yolov8n_bdd100k_road8_top100_v1,PFX_EXACT,M11,830101,40,7,40,1600,192,107.31638066409825
bdd100k_road8_dev2k,yolov8n_ultralytics_8.4.77_f59b3d83,yolov8n_bdd100k_road8_top100_v1,PFX_EXACT,M11,830101,40,8,40,1600,214,118.66902834991822
bdd100k_road8_dev2k,yolov8n_ultralytics_8.4.77_f59b3d83,yolov8n_bdd100k_road8_top100_v1,PFX_EXACT,M11,830101,40,9,40,1600,202,136.29318396678897
bdd100k_road8_dev2k,yolov8n_ultralytics_8.4.77_f59b3d83,yolov8n_bdd100k_road8_top100_v1,PFX_EXACT,M11,830101,40,10,40,1600,197,113.25522425803791
bdd100k_road8_dev2k,yolov8n_ultralytics_8.4.77_f59b3d83,yolov8n_bdd100k_road8_top100_v1,PFX_EXACT,M11,830101,40,11,40,1600,214,136.13147153501072
bdd100k_road8_dev2k,yolov8n_ultralytics_8.4.77_f59b3d83,yolov8n_bdd100k_road8_top100_v1,PFX_EXACT,M11,830101,40,12,40,1600,212,123.61622599679782
bdd100k_road8_dev2k,yolov8n_ultralytics_8.4.77_f59b3d83,yolov8n_bdd100k_road8_top100_v1,PFX_EXACT,M11,830101,40,13,40,1600,222,147.48324726616912
bdd100k_road8_dev2k,yolov8n_ultralytics_8.4.77_f59b3d83,yolov8n_bdd100k_road8_top100_v1,PFX_EXACT,M11,830101,40,14,40,1600,219,135.21702826658574
bdd100k_road8_dev2k,yolov8n_ultralytics_8.4.77_f59b3d83,yolov8n_bdd100k_road8_top100_v1,PFX_EXACT,M11,830101,40,15,40,1600,193,105.79318626601483
bdd100k_road8_dev2k,yolov8n_ultralytics_8.4.77_f59b3d83,yolov8n_bdd100k_road8_top100_v1,PFX_EXACT,M11,830101,40,16,40,1600,206,128.74753802196145
bdd100k_road8_dev2k,yolov8n_ultralytics_8.4.77_f59b3d83,yolov8n_bdd100k_road8_top100_v1,PFX_EXACT,M11,830101,40,17,40,1600,207,129.24245842005357
bdd100k_road8_dev2k,yolov8n_ultralytics_8.4.77_f59b3d83,yolov8n_bdd100k_road8_top100_v1,PFX_EXACT,M11,830101,40,18,40,1600,197,121.96251128566807
bdd100k_road8_dev2k,yolov8n_ultralytics_8.4.77_f59b3d83,yolov8n_bdd100k_road8_top100_v1,PFX_EXACT,M11,830101,40,19,40,1600,187,107.4433063289844
bdd100k_road8_dev2k,yolov8n_ultralytics_8.4.77_f59b3d83,yolov8n_bdd100k_road8_top100_v1,PFX_EXACT,M11,830101,40,20,40,1600,204,132.72302666881134
bdd100k_road8_dev2k,yolov8n_ultralytics_8.4.77_f59b3d83,yolov8n_bdd100k_road8_top100_v1,PFX_EXACT,M11,830101,40,21,40,1600,189,112.91594408230128
bdd100k_road8_dev2k,yolov8n_ultralytics_8.4.77_f59b3d83,yolov8n_bdd100k_road8_top100_v1,PFX_EXACT,M11,830101,40,22,40,1600,192,114.32131249628029
bdd100k_road8_dev2k,yolov8n_ultralytics_8.4.77_f59b3d83,yolov8n_bdd100k_road8_top100_v1,PFX_EXACT,M11,830101,40,23,40,1600,188,100.48180690386006
bdd100k_road8_dev2k,yolov8n_ultralytics_8.4.77_f59b3d83,yolov8n_bdd100k_road8_top100_v1,PFX_EXACT,M11,830101,40,24,40,1600,206,121.50637291559869
bdd100k_road8_dev2k,yolov8n_ultralytics_8.4.77_f59b3d83,yolov8n_bdd100k_road8_top100_v1,PFX_EXACT,M11,830101,40,25,40,1600,204,122.35366367486701
bdd100k_road8_dev2k,yolov8n_ultralytics_8.4.77_f59b3d83,yolov8n_bdd100k_road8_top100_v1,PFX_EXACT,M11,830101,40,26,40,1600,196,123.21178542808289
bdd100k_road8_dev2k,yolov8n_ultralytics_8.4.77_f59b3d83,yolov8n_bdd100k_road8_top100_v1,PFX_EXACT,M11,830101,40,27,40,1600,186,103.74674968565587
bdd100k_road8_dev2k,yolov8n_ultralytics_8.4.77_f59b3d83,yolov8n_bdd100k_road8_top100_v1,PFX_EXACT,M11,830101,40,28,40,1600,210,141.54825911480964
bdd100k_road8_dev2k,yolov8n_ultralytics_8.4.77_f59b3d83,yolov8n_bdd100k_road8_top100_v1,PFX_EXACT,M11,830101,40,29,40,1600,191,112.77501542004802
bdd100k_road8_dev2k,yolov8n_ultralytics_8.4.77_f59b3d83,yolov8n_bdd100k_road8_top100_v1,PFX_EXACT,M11,830101,40,30,40,1600,220,126.15992699885469
bdd100k_road8_dev2k,yolov8n_ultralytics_8.4.77_f59b3d83,yolov8n_bdd100k_road8_top100_v1,PFX_EXACT,M11,830101,40,31,40,1600,189,115.16699290106733
bdd100k_road8_dev2k,yolov8n_ultralytics_8.4.77_f59b3d83,yolov8n_bdd100k_road8_top100_v1,PFX_EXACT,M11,830101,40,32,40,1600,220,126.2804222574045
bdd100k_road8_dev2k,yolov8n_ultralytics_8.4.77_f59b3d83,yolov8n_bdd100k_road8_top100_v1,PFX_EXACT,M11,830101,40,33,40,1600,210,117.99000139604156
bdd100k_road8_dev2k,yolov8n_ultralytics_8.4.77_f59b3d83,yolov8n_bdd100k_road8_top100_v1,PFX_EXACT,M11,830101,40,34,40,1600,195,122.39056982329322
bdd100k_road8_dev2k,yolov8n_ultralytics_8.4.77_f59b3d83,yolov8n_bdd100k_road8_top100_v1,PFX_EXACT,M11,830101,40,35,40,1600,181,120.18124091532229
bdd100k_road8_dev2k,yolov8n_ultralytics_8.4.77_f59b3d83,yolov8n_bdd100k_road8_top100_v1,PFX_EXACT,M11,830101,40,36,40,1600,209,123.69531237752892
bdd100k_road8_dev2k,yolov8n_ultralytics_8.4.77_f59b3d83,yolov8n_bdd100k_road8_top100_v1,PFX_EXACT,M11,830101,40,37,40,1600,189,120.77432999618182
bdd100k_road8_dev2k,yolov8n_ultralytics_8.4.77_f59b3d83,yolov8n_bdd100k_road8_top100_v1,PFX_EXACT,M11,830101,40,38,40,1600,205,136.6537632114045
bdd100k_road8_dev2k,yolov8n_ultralytics_8.4.77_f59b3d83,yolov8n_bdd100k_road8_top100_v1,PFX_EXACT,M11,830101,40,39,40,1600,194,116.35611840694918
bdd100k_road8_dev2k,yolov8n_ultralytics_8.4.77_f59b3d83,yolov8n_bdd100k_road8_top100_v1,PFX_EXACT,M11,830101,40,40,40,1600,206,132.08851460674
bdd100k_road8_dev2k,yolov8n_ultralytics_8.4.77_f59b3d83,yolov8n_bdd100k_road8_top100_v1,PFX_EXACT,M11,830101,40,41,40,1600,193,121.4267429228499
bdd100k_road8_dev2k,yolov8n_ultralytics_8.4.77_f59b3d83,yolov8n_bdd100k_road8_top100_v1,PFX_EXACT,M11,830101,40,42,40,1600,194,116.83779933106835
bdd100k_road8_dev2k,yolov8n_ultralytics_8.4.77_f59b3d83,yolov8n_bdd100k_road8_top100_v1,PFX_EXACT,M11,830101,40,43,40,1600,206,117.04522693477236
bdd100k_road8_dev2k,yolov8n_ultralytics_8.4.77_f59b3d83,yolov8n_bdd100k_road8_top100_v1,PFX_EXACT,M11,830101,40,44,40,1600,187,122.08186279213999
bdd100k_road8_dev2k,yolov8n_ultralytics_8.4.77_f59b3d83,yolov8n_bdd100k_road8_top100_v1,PFX_EXACT,M11,830101,40,45,40,1600,215,125.81649290934868
bdd100k_road8_dev2k,yolov8n_ultralytics_8.4.77_f59b3d83,yolov8n_bdd100k_road8_top100_v1,PFX_EXACT,M11,830101,40,46,40,1600,210,127.56625847191013
bdd100k_road8_dev2k,yolov8n_ultralytics_8.4.77_f59b3d83,yolov8n_bdd100k_road8_top100_v1,PFX_EXACT,M11,830101,40,47,40,1600,195,106.62415511069965
bdd100k_road8_dev2k,yolov8n_ultralytics_8.4.77_f59b3d83,yolov8n_bdd100k_road8_top100_v1,PFX_EXACT,M11,830101,40,48,40,1600,236,143.60291714039514
bdd100k_road8_dev2k,yolov8n_ultralytics_8.4.77_f59b3d83,yolov8n_bdd100k_road8_top100_v1,PFX_EXACT,M11,830101,40,49,40,1600,203,134.2675248750614
bdd100k_road8_dev2k,yolov8n_ultralytics_8.4.77_f59b3d83,yolov8n_bdd100k_road8_top100_v1,PFX_EXACT,M11,830102,10,0,40,400,94,82.16824892138712
bdd100k_road8_dev2k,yolov8n_ultralytics_8.4.77_f59b3d83,yolov8n_bdd100k_road8_top100_v1,PFX_EXACT,M11,830102,10,1,40,400,94,74.06729199019532
bdd100k_road8_dev2k,yolov8n_ultralytics_8.4.77_f59b3d83,yolov8n_bdd100k_road8_top100_v1,PFX_EXACT,M11,830102,10,2,40,400,92,57.88202054535457
bdd100k_road8_dev2k,yolov8n_ultralytics_8.4.77_f59b3d83,yolov8n_bdd100k_road8_top100_v1,PFX_EXACT,M11,830102,10,3,40,400,93,69.82796939231852
bdd100k_road8_dev2k,yolov8n_ultralytics_8.4.77_f59b3d83,yolov8n_bdd100k_road8_top100_v1,PFX_EXACT,M11,830102,10,4,40,400,87,58.19044320871173
bdd100k_road8_dev2k,yolov8n_ultralytics_8.4.77_f59b3d83,yolov8n_bdd100k_road8_top100_v1,PFX_EXACT,M11,830102,10,5,40,400,101,63.53736659744422
bdd100k_road8_dev2k,yolov8n_ultralytics_8.4.77_f59b3d83,yolov8n_bdd100k_road8_top100_v1,PFX_EXACT,M11,830102,10,6,40,400,109,75.54458270944458
bdd100k_road8_dev2k,yolov8n_ultralytics_8.4.77_f59b3d83,yolov8n_bdd100k_road8_top100_v1,PFX_EXACT,M11,830102,10,7,40,400,93,61.05642378064134
bdd100k_road8_dev2k,yolov8n_ultralytics_8.4.77_f59b3d83,yolov8n_bdd100k_road8_top100_v1,PFX_EXACT,M11,830102,10,8,40,400,101,67.88554905348555
bdd100k_road8_dev2k,yolov8n_ultralytics_8.4.77_f59b3d83,yolov8n_bdd100k_road8_top100_v1,PFX_EXACT,M11,830102,10,9,40,400,96,81.47453398937682
bdd100k_road8_dev2k,yolov8n_ultralytics_8.4.77_f59b3d83,yolov8n_bdd100k_road8_top100_v1,PFX_EXACT,M11,830102,10,10,40,400,91,57.75191031526163
bdd100k_road8_dev2k,yolov8n_ultralytics_8.4.77_f59b3d83,yolov8n_bdd100k_road8_top100_v1,PFX_EXACT,M11,830102,10,11,40,400,110,81.431422093871
bdd100k_road8_dev2k,yolov8n_ultralytics_8.4.77_f59b3d83,yolov8n_bdd100k_road8_top100_v1,PFX_EXACT,M11,830102,10,12,40,400,108,70.93472181907376
bdd100k_road8_dev2k,yolov8n_ultralytics_8.4.77_f59b3d83,yolov8n_bdd100k_road8_top100_v1,PFX_EXACT,M11,830102,10,13,40,400,102,82.98367668455009
bdd100k_road8_dev2k,yolov8n_ultralytics_8.4.77_f59b3d83,yolov8n_bdd100k_road8_top100_v1,PFX_EXACT,M11,830102,10,14,40,400,108,77.4663104003525
bdd100k_road8_dev2k,yolov8n_ultralytics_8.4.77_f59b3d83,yolov8n_bdd100k_road8_top100_v1,PFX_EXACT,M11,830102,10,15,40,400,93,56.82442082765238
bdd100k_road8_dev2k,yolov8n_ultralytics_8.4.77_f59b3d83,yolov8n_bdd100k_road8_top100_v1,PFX_EXACT,M11,830102,10,16,40,400,97,68.56307560856916
bdd100k_road8_dev2k,yolov8n_ultralytics_8.4.77_f59b3d83,yolov8n_bdd100k_road8_top100_v1,PFX_EXACT,M11,830102,10,17,40,400,104,68.27051453828574
bdd100k_road8_dev2k,yolov8n_ultralytics_8.4.77_f59b3d83,yolov8n_bdd100k_road8_top100_v1,PFX_EXACT,M11,830102,10,18,40,400,104,71.45025157458304
bdd100k_road8_dev2k,yolov8n_ultralytics_8.4.77_f59b3d83,yolov8n_bdd100k_road8_top100_v1,PFX_EXACT,M11,830102,10,19,40,400,87,61.03250414286008
bdd100k_road8_dev2k,yolov8n_ultralytics_8.4.77_f59b3d83,yolov8n_bdd100k_road8_top100_v1,PFX_EXACT,M11,830102,10,20,40,400,103,76.86219079845566
bdd100k_road8_dev2k,yolov8n_ultralytics_8.4.77_f59b3d83,yolov8n_bdd100k_road8_top100_v1,PFX_EXACT,M11,830102,10,21,40,400,93,60.19732794816765
bdd100k_road8_dev2k,yolov8n_ultralytics_8.4.77_f59b3d83,yolov8n_bdd100k_road8_top100_v1,PFX_EXACT,M11,830102,10,22,40,400,93,64.35395067447232
bdd100k_road8_dev2k,yolov8n_ultralytics_8.4.77_f59b3d83,yolov8n_bdd100k_road8_top100_v1,PFX_EXACT,M11,830102,10,23,40,400,102,62.72996074382551
bdd100k_road8_dev2k,yolov8n_ultralytics_8.4.77_f59b3d83,yolov8n_bdd100k_road8_top100_v1,PFX_EXACT,M11,830102,10,24,40,400,105,70.05484221707508
bdd100k_road8_dev2k,yolov8n_ultralytics_8.4.77_f59b3d83,yolov8n_bdd100k_road8_top100_v1,PFX_EXACT,M11,830102,10,25,40,400,102,67.96766134678468
bdd100k_road8_dev2k,yolov8n_ultralytics_8.4.77_f59b3d83,yolov8n_bdd100k_road8_top100_v1,PFX_EXACT,M11,830102,10,26,40,400,98,80.6132637975249
bdd100k_road8_dev2k,yolov8n_ultralytics_8.4.77_f59b3d83,yolov8n_bdd100k_road8_top100_v1,PFX_EXACT,M11,830102,10,27,40,400,95,58.42198369639313
bdd100k_road8_dev2k,yolov8n_ultralytics_8.4.77_f59b3d83,yolov8n_bdd100k_road8_top100_v1,PFX_EXACT,M11,830102,10,28,40,400,94,80.68248698267263
bdd100k_road8_dev2k,yolov8n_ultralytics_8.4.77_f59b3d83,yolov8n_bdd100k_road8_top100_v1,PFX_EXACT,M11,830102,10,29,40,400,93,64.58727747034872
bdd100k_road8_dev2k,yolov8n_ultralytics_8.4.77_f59b3d83,yolov8n_bdd100k_road8_top100_v1,PFX_EXACT,M11,830102,10,30,40,400,104,72.50012631232427
bdd100k_road8_dev2k,yolov8n_ultralytics_8.4.77_f59b3d83,yolov8n_bdd100k_road8_top100_v1,PFX_EXACT,M11,830102,10,31,40,400,99,67.40463166135308
bdd100k_road8_dev2k,yolov8n_ultralytics_8.4.77_f59b3d83,yolov8n_bdd100k_road8_top100_v1,PFX_EXACT,M11,830102,10,32,40,400,102,65.04649673083026
bdd100k_road8_dev2k,yolov8n_ultralytics_8.4.77_f59b3d83,yolov8n_bdd100k_road8_top100_v1,PFX_EXACT,M11,830102,10,33,40,400,97,68.01036789862482
bdd100k_road8_dev2k,yolov8n_ultralytics_8.4.77_f59b3d83,yolov8n_bdd100k_road8_top100_v1,PFX_EXACT,M11,830102,10,34,40,400,96,71.75503562352472
bdd100k_road8_dev2k,yolov8n_ultralytics_8.4.77_f59b3d83,yolov8n_bdd100k_road8_top100_v1,PFX_EXACT,M11,830102,10,35,40,400,83,68.68466118295862
bdd100k_road8_dev2k,yolov8n_ultralytics_8.4.77_f59b3d83,yolov8n_bdd100k_road8_top100_v1,PFX_EXACT,M11,830102,10,36,40,400,95,65.73197292513157
bdd100k_road8_dev2k,yolov8n_ultralytics_8.4.77_f59b3d83,yolov8n_bdd100k_road8_top100_v1,PFX_EXACT,M11,830102,10,37,40,400,94,67.19469818372268
bdd100k_road8_dev2k,yolov8n_ultralytics_8.4.77_f59b3d83,yolov8n_bdd100k_road8_top100_v1,PFX_EXACT,M11,830102,10,38,40,400,100,74.90035509283979
bdd100k_road8_dev2k,yolov8n_ultralytics_8.4.77_f59b3d83,yolov8n_bdd100k_road8_top100_v1,PFX_EXACT,M11,830102,10,39,40,400,97,71.72225198439982
bdd100k_road8_dev2k,yolov8n_ultralytics_8.4.77_f59b3d83,yolov8n_bdd100k_road8_top100_v1,PFX_EXACT,M11,830102,10,40,40,400,106,76.093161629194
bdd100k_road8_dev2k,yolov8n_ultralytics_8.4.77_f59b3d83,yolov8n_bdd100k_road8_top100_v1,PFX_EXACT,M11,830102,10,41,40,400,102,72.08457512115345
bdd100k_road8_dev2k,yolov8n_ultralytics_8.4.77_f59b3d83,yolov8n_bdd100k_road8_top100_v1,PFX_EXACT,M11,830102,10,42,40,400,90,66.11808844290327
bdd100k_road8_dev2k,yolov8n_ultralytics_8.4.77_f59b3d83,yolov8n_bdd100k_road8_top100_v1,PFX_EXACT,M11,830102,10,43,40,400,97,62.74815379871779
bdd100k_road8_dev2k,yolov8n_ultralytics_8.4.77_f59b3d83,yolov8n_bdd100k_road8_top100_v1,PFX_EXACT,M11,830102,10,44,40,400,93,70.3224420306881
bdd100k_road8_dev2k,yolov8n_ultralytics_8.4.77_f59b3d83,yolov8n_bdd100k_road8_top100_v1,PFX_EXACT,M11,830102,10,45,40,400,103,72.23938581349677
bdd100k_road8_dev2k,yolov8n_ultralytics_8.4.77_f59b3d83,yolov8n_bdd100k_road8_top100_v1,PFX_EXACT,M11,830102,10,46,40,400,100,70.70741379638189
bdd100k_road8_dev2k,yolov8n_ultralytics_8.4.77_f59b3d83,yolov8n_bdd100k_road8_top100_v1,PFX_EXACT,M11,830102,10,47,40,400,100,65.96393131826586
bdd100k_road8_dev2k,yolov8n_ultralytics_8.4.77_f59b3d83,yolov8n_bdd100k_road8_top100_v1,PFX_EXACT,M11,830102,10,48,40,400,115,79.07337828494812
bdd100k_road8_dev2k,yolov8n_ultralytics_8.4.77_f59b3d83,yolov8n_bdd100k_road8_top100_v1,PFX_EXACT,M11,830102,10,49,40,400,99,81.30868020561643
bdd100k_road8_dev2k,yolov8n_ultralytics_8.4.77_f59b3d83,yolov8n_bdd100k_road8_top100_v1,PFX_EXACT,M11,830102,15,0,40,600,125,107.52750814095546
bdd100k_road8_dev2k,yolov8n_ultralytics_8.4.77_f59b3d83,yolov8n_bdd100k_road8_top100_v1,PFX_EXACT,M11,830102,15,1,40,600,128,93.57270755333913
bdd100k_road8_dev2k,yolov8n_ultralytics_8.4.77_f59b3d83,yolov8n_bdd100k_road8_top100_v1,PFX_EXACT,M11,830102,15,2,40,600,122,72.56202357169055
bdd100k_road8_dev2k,yolov8n_ultralytics_8.4.77_f59b3d83,yolov8n_bdd100k_road8_top100_v1,PFX_EXACT,M11,830102,15,3,40,600,119,83.27365806038216
bdd100k_road8_dev2k,yolov8n_ultralytics_8.4.77_f59b3d83,yolov8n_bdd100k_road8_top100_v1,PFX_EXACT,M11,830102,15,4,40,600,120,74.56633489758873
bdd100k_road8_dev2k,yolov8n_ultralytics_8.4.77_f59b3d83,yolov8n_bdd100k_road8_top100_v1,PFX_EXACT,M11,830102,15,5,40,600,129,79.49387523453879
bdd100k_road8_dev2k,yolov8n_ultralytics_8.4.77_f59b3d83,yolov8n_bdd100k_road8_top100_v1,PFX_EXACT,M11,830102,15,6,40,600,134,89.29431073714404
bdd100k_road8_dev2k,yolov8n_ultralytics_8.4.77_f59b3d83,yolov8n_bdd100k_road8_top100_v1,PFX_EXACT,M11,830102,15,7,40,600,121,78.91455348879335
bdd100k_road8_dev2k,yolov8n_ultralytics_8.4.77_f59b3d83,yolov8n_bdd100k_road8_top100_v1,PFX_EXACT,M11,830102,15,8,40,600,128,79.3858087626306
bdd100k_road8_dev2k,yolov8n_ultralytics_8.4.77_f59b3d83,yolov8n_bdd100k_road8_top100_v1,PFX_EXACT,M11,830102,15,9,40,600,130,101.20911142303885
bdd100k_road8_dev2k,yolov8n_ultralytics_8.4.77_f59b3d83,yolov8n_bdd100k_road8_top100_v1,PFX_EXACT,M11,830102,15,10,40,600,122,72.9615545171489
bdd100k_road8_dev2k,yolov8n_ultralytics_8.4.77_f59b3d83,yolov8n_bdd100k_road8_top100_v1,PFX_EXACT,M11,830102,15,11,40,600,140,95.61128561608031
bdd100k_road8_dev2k,yolov8n_ultralytics_8.4.77_f59b3d83,yolov8n_bdd100k_road8_top100_v1,PFX_EXACT,M11,830102,15,12,40,600,130,85.41536157589942
bdd100k_road8_dev2k,yolov8n_ultralytics_8.4.77_f59b3d83,yolov8n_bdd100k_road8_top100_v1,PFX_EXACT,M11,830102,15,13,40,600,137,109.43356121268471
bdd100k_road8_dev2k,yolov8n_ultralytics_8.4.77_f59b3d83,yolov8n_bdd100k_road8_top100_v1,PFX_EXACT,M11,830102,15,14,40,600,137,95.50826229649297
bdd100k_road8_dev2k,yolov8n_ultralytics_8.4.77_f59b3d83,yolov8n_bdd100k_road8_top100_v1,PFX_EXACT,M11,830102,15,15,40,600,124,74.77643804803922
bdd100k_road8_dev2k,yolov8n_ultralytics_8.4.77_f59b3d83,yolov8n_bdd100k_road8_top100_v1,PFX_EXACT,M11,830102,15,16,40,600,133,88.60272773986256
bdd100k_road8_dev2k,yolov8n_ultralytics_8.4.77_f59b3d83,yolov8n_bdd100k_road8_top100_v1,PFX_EXACT,M11,830102,15,17,40,600,138,88.69008900205846
bdd100k_road8_dev2k,yolov8n_ultralytics_8.4.77_f59b3d83,yolov8n_bdd100k_road8_top100_v1,PFX_EXACT,M11,830102,15,18,40,600,131,88.45932305795256
bdd100k_road8_dev2k,yolov8n_ultralytics_8.4.77_f59b3d83,yolov8n_bdd100k_road8_top100_v1,PFX_EXACT,M11,830102,15,19,40,600,117,74.92662977440818
bdd100k_road8_dev2k,yolov8n_ultralytics_8.4.77_f59b3d83,yolov8n_bdd100k_road8_top100_v1,PFX_EXACT,M11,830102,15,20,40,600,134,95.66413818969403
bdd100k_road8_dev2k,yolov8n_ultralytics_8.4.77_f59b3d83,yolov8n_bdd100k_road8_top100_v1,PFX_EXACT,M11,830102,15,21,40,600,119,75.38366366392268
bdd100k_road8_dev2k,yolov8n_ultralytics_8.4.77_f59b3d83,yolov8n_bdd100k_road8_top100_v1,PFX_EXACT,M11,830102,15,22,40,600,121,82.21203796656742
bdd100k_road8_dev2k,yolov8n_ultralytics_8.4.77_f59b3d83,yolov8n_bdd100k_road8_top100_v1,PFX_EXACT,M11,830102,15,23,40,600,128,75.45668257451874
bdd100k_road8_dev2k,yolov8n_ultralytics_8.4.77_f59b3d83,yolov8n_bdd100k_road8_top100_v1,PFX_EXACT,M11,830102,15,24,40,600,133,86.22563149176555
bdd100k_road8_dev2k,yolov8n_ultralytics_8.4.77_f59b3d83,yolov8n_bdd100k_road8_top100_v1,PFX_EXACT,M11,830102,15,25,40,600,131,86.21071412367998
bdd100k_road8_dev2k,yolov8n_ultralytics_8.4.77_f59b3d83,yolov8n_bdd100k_road8_top100_v1,PFX_EXACT,M11,830102,15,26,40,600,135,98.8310646690601
bdd100k_road8_dev2k,yolov8n_ultralytics_8.4.77_f59b3d83,yolov8n_bdd100k_road8_top100_v1,PFX_EXACT,M11,830102,15,27,40,600,121,72.3726853480842
bdd100k_road8_dev2k,yolov8n_ultralytics_8.4.77_f59b3d83,yolov8n_bdd100k_road8_top100_v1,PFX_EXACT,M11,830102,15,28,40,600,128,99.92357841901013
bdd100k_road8_dev2k,yolov8n_ultralytics_8.4.77_f59b3d83,yolov8n_bdd100k_road8_top100_v1,PFX_EXACT,M11,830102,15,29,40,600,123,83.41046895262187
bdd100k_road8_dev2k,yolov8n_ultralytics_8.4.77_f59b3d83,yolov8n_bdd100k_road8_top100_v1,PFX_EXACT,M11,830102,15,30,40,600,137,89.57060487928062
bdd100k_road8_dev2k,yolov8n_ultralytics_8.4.77_f59b3d83,yolov8n_bdd100k_road8_top100_v1,PFX_EXACT,M11,830102,15,31,40,600,126,82.81422043013002
bdd100k_road8_dev2k,yolov8n_ultralytics_8.4.77_f59b3d83,yolov8n_bdd100k_road8_top100_v1,PFX_EXACT,M11,830102,15,32,40,600,132,85.66395136639521
bdd100k_road8_dev2k,yolov8n_ultralytics_8.4.77_f59b3d83,yolov8n_bdd100k_road8_top100_v1,PFX_EXACT,M11,830102,15,33,40,600,128,84.99682688821746
bdd100k_road8_dev2k,yolov8n_ultralytics_8.4.77_f59b3d83,yolov8n_bdd100k_road8_top100_v1,PFX_EXACT,M11,830102,15,34,40,600,129,90.23050711506409
bdd100k_road8_dev2k,yolov8n_ultralytics_8.4.77_f59b3d83,yolov8n_bdd100k_road8_top100_v1,PFX_EXACT,M11,830102,15,35,40,600,114,86.7014821496086
bdd100k_road8_dev2k,yolov8n_ultralytics_8.4.77_f59b3d83,yolov8n_bdd100k_road8_top100_v1,PFX_EXACT,M11,830102,15,36,40,600,124,84.12297079869106
bdd100k_road8_dev2k,yolov8n_ultralytics_8.4.77_f59b3d83,yolov8n_bdd100k_road8_top100_v1,PFX_EXACT,M11,830102,15,37,40,600,123,85.33129484319107
bdd100k_road8_dev2k,yolov8n_ultralytics_8.4.77_f59b3d83,yolov8n_bdd100k_road8_top100_v1,PFX_EXACT,M11,830102,15,38,40,600,132,95.29439328345634
bdd100k_road8_dev2k,yolov8n_ultralytics_8.4.77_f59b3d83,yolov8n_bdd100k_road8_top100_v1,PFX_EXACT,M11,830102,15,39,40,600,122,85.41247393168342
bdd100k_road8_dev2k,yolov8n_ultralytics_8.4.77_f59b3d83,yolov8n_bdd100k_road8_top100_v1,PFX_EXACT,M11,830102,15,40,40,600,129,93.01701480527778
bdd100k_road8_dev2k,yolov8n_ultralytics_8.4.77_f59b3d83,yolov8n_bdd100k_road8_top100_v1,PFX_EXACT,M11,830102,15,41,40,600,131,93.26931548910814
bdd100k_road8_dev2k,yolov8n_ultralytics_8.4.77_f59b3d83,yolov8n_bdd100k_road8_top100_v1,PFX_EXACT,M11,830102,15,42,40,600,123,81.75579746330929
bdd100k_road8_dev2k,yolov8n_ultralytics_8.4.77_f59b3d83,yolov8n_bdd100k_road8_top100_v1,PFX_EXACT,M11,830102,15,43,40,600,126,78.4602988294125
bdd100k_road8_dev2k,yolov8n_ultralytics_8.4.77_f59b3d83,yolov8n_bdd100k_road8_top100_v1,PFX_EXACT,M11,830102,15,44,40,600,118,89.00256189579783
bdd100k_road8_dev2k,yolov8n_ultralytics_8.4.77_f59b3d83,yolov8n_bdd100k_road8_top100_v1,PFX_EXACT,M11,830102,15,45,40,600,132,89.73867388827773
bdd100k_road8_dev2k,yolov8n_ultralytics_8.4.77_f59b3d83,yolov8n_bdd100k_road8_top100_v1,PFX_EXACT,M11,830102,15,46,40,600,133,92.36170796209262
bdd100k_road8_dev2k,yolov8n_ultralytics_8.4.77_f59b3d83,yolov8n_bdd100k_road8_top100_v1,PFX_EXACT,M11,830102,15,47,40,600,128,80.55490775008055
bdd100k_road8_dev2k,yolov8n_ultralytics_8.4.77_f59b3d83,yolov8n_bdd100k_road8_top100_v1,PFX_EXACT,M11,830102,15,48,40,600,144,96.86311433796456
bdd100k_road8_dev2k,yolov8n_ultralytics_8.4.77_f59b3d83,yolov8n_bdd100k_road8_top100_v1,PFX_EXACT,M11,830102,15,49,40,600,128,98.74328551000384
bdd100k_road8_dev2k,yolov8n_ultralytics_8.4.77_f59b3d83,yolov8n_bdd100k_road8_top100_v1,PFX_EXACT,M11,830102,20,0,40,800,155,121.58495655876312
bdd100k_road8_dev2k,yolov8n_ultralytics_8.4.77_f59b3d83,yolov8n_bdd100k_road8_top100_v1,PFX_EXACT,M11,830102,20,1,40,800,149,103.57585429118049
bdd100k_road8_dev2k,yolov8n_ultralytics_8.4.77_f59b3d83,yolov8n_bdd100k_road8_top100_v1,PFX_EXACT,M11,830102,20,2,40,800,142,82.68977706579422
bdd100k_road8_dev2k,yolov8n_ultralytics_8.4.77_f59b3d83,yolov8n_bdd100k_road8_top100_v1,PFX_EXACT,M11,830102,20,3,40,800,145,93.8232769068186
bdd100k_road8_dev2k,yolov8n_ultralytics_8.4.77_f59b3d83,yolov8n_bdd100k_road8_top100_v1,PFX_EXACT,M11,830102,20,4,40,800,143,85.77201783830341
bdd100k_road8_dev2k,yolov8n_ultralytics_8.4.77_f59b3d83,yolov8n_bdd100k_road8_top100_v1,PFX_EXACT,M11,830102,20,5,40,800,152,90.53284500721124
bdd100k_road8_dev2k,yolov8n_ultralytics_8.4.77_f59b3d83,yolov8n_bdd100k_road8_top100_v1,PFX_EXACT,M11,830102,20,6,40,800,153,100.68071613275421
bdd100k_road8_dev2k,yolov8n_ultralytics_8.4.77_f59b3d83,yolov8n_bdd100k_road8_top100_v1,PFX_EXACT,M11,830102,20,7,40,800,146,90.38766028940732
bdd100k_road8_dev2k,yolov8n_ultralytics_8.4.77_f59b3d83,yolov8n_bdd100k_road8_top100_v1,PFX_EXACT,M11,830102,20,8,40,800,155,95.71161454624031
bdd100k_road8_dev2k,yolov8n_ultralytics_8.4.77_f59b3d83,yolov8n_bdd100k_road8_top100_v1,PFX_EXACT,M11,830102,20,9,40,800,157,114.79981512749377
bdd100k_road8_dev2k,yolov8n_ultralytics_8.4.77_f59b3d83,yolov8n_bdd100k_road8_top100_v1,PFX_EXACT,M11,830102,20,10,40,800,145,84.21699657927792
bdd100k_road8_dev2k,yolov8n_ultralytics_8.4.77_f59b3d83,yolov8n_bdd100k_road8_top100_v1,PFX_EXACT,M11,830102,20,11,40,800,161,113.14483414681067
bdd100k_road8_dev2k,yolov8n_ultralytics_8.4.77_f59b3d83,yolov8n_bdd100k_road8_top100_v1,PFX_EXACT,M11,830102,20,12,40,800,151,98.69950120411127
bdd100k_road8_dev2k,yolov8n_ultralytics_8.4.77_f59b3d83,yolov8n_bdd100k_road8_top100_v1,PFX_EXACT,M11,830102,20,13,40,800,160,119.74442834063427
bdd100k_road8_dev2k,yolov8n_ultralytics_8.4.77_f59b3d83,yolov8n_bdd100k_road8_top100_v1,PFX_EXACT,M11,830102,20,14,40,800,161,109.0635068150765
bdd100k_road8_dev2k,yolov8n_ultralytics_8.4.77_f59b3d83,yolov8n_bdd100k_road8_top100_v1,PFX_EXACT,M11,830102,20,15,40,800,141,82.83250933731745
bdd100k_road8_dev2k,yolov8n_ultralytics_8.4.77_f59b3d83,yolov8n_bdd100k_road8_top100_v1,PFX_EXACT,M11,830102,20,16,40,800,160,103.53432917677993
bdd100k_road8_dev2k,yolov8n_ultralytics_8.4.77_f59b3d83,yolov8n_bdd100k_road8_top100_v1,PFX_EXACT,M11,830102,20,17,40,800,160,101.51235739641834
bdd100k_road8_dev2k,yolov8n_ultralytics_8.4.77_f59b3d83,yolov8n_bdd100k_road8_top100_v1,PFX_EXACT,M11,830102,20,18,40,800,152,97.20571889745841
bdd100k_road8_dev2k,yolov8n_ultralytics_8.4.77_f59b3d83,yolov8n_bdd100k_road8_top100_v1,PFX_EXACT,M11,830102,20,19,40,800,141,86.30522534935108
bdd100k_road8_dev2k,yolov8n_ultralytics_8.4.77_f59b3d83,yolov8n_bdd100k_road8_top100_v1,PFX_EXACT,M11,830102,20,20,40,800,154,109.6950212772436
bdd100k_road8_dev2k,yolov8n_ultralytics_8.4.77_f59b3d83,yolov8n_bdd100k_road8_top100_v1,PFX_EXACT,M11,830102,20,21,40,800,142,85.5992748768953
bdd100k_road8_dev2k,yolov8n_ultralytics_8.4.77_f59b3d83,yolov8n_bdd100k_road8_top100_v1,PFX_EXACT,M11,830102,20,22,40,800,143,92.64102173590362
bdd100k_road8_dev2k,yolov8n_ultralytics_8.4.77_f59b3d83,yolov8n_bdd100k_road8_top100_v1,PFX_EXACT,M11,830102,20,23,40,800,149,86.18144184220733
bdd100k_road8_dev2k,yolov8n_ultralytics_8.4.77_f59b3d83,yolov8n_bdd100k_road8_top100_v1,PFX_EXACT,M11,830102,20,24,40,800,151,96.17633728055249
bdd100k_road8_dev2k,yolov8n_ultralytics_8.4.77_f59b3d83,yolov8n_bdd100k_road8_top100_v1,PFX_EXACT,M11,830102,20,25,40,800,152,96.50030102543148
bdd100k_road8_dev2k,yolov8n_ultralytics_8.4.77_f59b3d83,yolov8n_bdd100k_road8_top100_v1,PFX_EXACT,M11,830102,20,26,40,800,158,108.0470205872156
bdd100k_road8_dev2k,yolov8n_ultralytics_8.4.77_f59b3d83,yolov8n_bdd100k_road8_top100_v1,PFX_EXACT,M11,830102,20,27,40,800,143,84.49223025984449
bdd100k_road8_dev2k,yolov8n_ultralytics_8.4.77_f59b3d83,yolov8n_bdd100k_road8_top100_v1,PFX_EXACT,M11,830102,20,28,40,800,153,116.8190736757472
bdd100k_road8_dev2k,yolov8n_ultralytics_8.4.77_f59b3d83,yolov8n_bdd100k_road8_top100_v1,PFX_EXACT,M11,830102,20,29,40,800,144,94.60048983594511
bdd100k_road8_dev2k,yolov8n_ultralytics_8.4.77_f59b3d83,yolov8n_bdd100k_road8_top100_v1,PFX_EXACT,M11,830102,20,30,40,800,161,100.83609082999448
bdd100k_road8_dev2k,yolov8n_ultralytics_8.4.77_f59b3d83,yolov8n_bdd100k_road8_top100_v1,PFX_EXACT,M11,830102,20,31,40,800,149,94.0230031039377
bdd100k_road8_dev2k,yolov8n_ultralytics_8.4.77_f59b3d83,yolov8n_bdd100k_road8_top100_v1,PFX_EXACT,M11,830102,20,32,40,800,159,98.61557273975494
bdd100k_road8_dev2k,yolov8n_ultralytics_8.4.77_f59b3d83,yolov8n_bdd100k_road8_top100_v1,PFX_EXACT,M11,830102,20,33,40,800,146,94.62150453702793
bdd100k_road8_dev2k,yolov8n_ultralytics_8.4.77_f59b3d83,yolov8n_bdd100k_road8_top100_v1,PFX_EXACT,M11,830102,20,34,40,800,153,100.70792401912941
bdd100k_road8_dev2k,yolov8n_ultralytics_8.4.77_f59b3d83,yolov8n_bdd100k_road8_top100_v1,PFX_EXACT,M11,830102,20,35,40,800,141,101.47347796590206
bdd100k_road8_dev2k,yolov8n_ultralytics_8.4.77_f59b3d83,yolov8n_bdd100k_road8_top100_v1,PFX_EXACT,M11,830102,20,36,40,800,149,97.2990376741011
bdd100k_road8_dev2k,yolov8n_ultralytics_8.4.77_f59b3d83,yolov8n_bdd100k_road8_top100_v1,PFX_EXACT,M11,830102,20,37,40,800,144,99.94426005534638
bdd100k_road8_dev2k,yolov8n_ultralytics_8.4.77_f59b3d83,yolov8n_bdd100k_road8_top100_v1,PFX_EXACT,M11,830102,20,38,40,800,157,110.74341291726674
bdd100k_road8_dev2k,yolov8n_ultralytics_8.4.77_f59b3d83,yolov8n_bdd100k_road8_top100_v1,PFX_EXACT,M11,830102,20,39,40,800,140,94.36587946944037
bdd100k_road8_dev2k,yolov8n_ultralytics_8.4.77_f59b3d83,yolov8n_bdd100k_road8_top100_v1,PFX_EXACT,M11,830102,20,40,40,800,156,105.92846690519183
bdd100k_road8_dev2k,yolov8n_ultralytics_8.4.77_f59b3d83,yolov8n_bdd100k_road8_top100_v1,PFX_EXACT,M11,830102,20,41,40,800,153,102.94610730312009
bdd100k_road8_dev2k,yolov8n_ultralytics_8.4.77_f59b3d83,yolov8n_bdd100k_road8_top100_v1,PFX_EXACT,M11,830102,20,42,40,800,148,94.23918474470457
bdd100k_road8_dev2k,yolov8n_ultralytics_8.4.77_f59b3d83,yolov8n_bdd100k_road8_top100_v1,PFX_EXACT,M11,830102,20,43,40,800,152,92.97697906948892
bdd100k_road8_dev2k,yolov8n_ultralytics_8.4.77_f59b3d83,yolov8n_bdd100k_road8_top100_v1,PFX_EXACT,M11,830102,20,44,40,800,138,99.96359058142293
bdd100k_road8_dev2k,yolov8n_ultralytics_8.4.77_f59b3d83,yolov8n_bdd100k_road8_top100_v1,PFX_EXACT,M11,830102,20,45,40,800,153,100.54493429761642
bdd100k_road8_dev2k,yolov8n_ultralytics_8.4.77_f59b3d83,yolov8n_bdd100k_road8_top100_v1,PFX_EXACT,M11,830102,20,46,40,800,154,105.5450159225778
bdd100k_road8_dev2k,yolov8n_ultralytics_8.4.77_f59b3d83,yolov8n_bdd100k_road8_top100_v1,PFX_EXACT,M11,830102,20,47,40,800,147,89.07288640837402
bdd100k_road8_dev2k,yolov8n_ultralytics_8.4.77_f59b3d83,yolov8n_bdd100k_road8_top100_v1,PFX_EXACT,M11,830102,20,48,40,800,167,114.00917894818112
bdd100k_road8_dev2k,yolov8n_ultralytics_8.4.77_f59b3d83,yolov8n_bdd100k_road8_top100_v1,PFX_EXACT,M11,830102,20,49,40,800,151,112.1043733033244
bdd100k_road8_dev2k,yolov8n_ultralytics_8.4.77_f59b3d83,yolov8n_bdd100k_road8_top100_v1,PFX_EXACT,M11,830102,30,0,40,1200,186,136.08906819364748
bdd100k_road8_dev2k,yolov8n_ultralytics_8.4.77_f59b3d83,yolov8n_bdd100k_road8_top100_v1,PFX_EXACT,M11,830102,30,1,40,1200,176,116.85528383181807
bdd100k_road8_dev2k,yolov8n_ultralytics_8.4.77_f59b3d83,yolov8n_bdd100k_road8_top100_v1,PFX_EXACT,M11,830102,30,2,40,1200,172,96.12145016611098
bdd100k_road8_dev2k,yolov8n_ultralytics_8.4.77_f59b3d83,yolov8n_bdd100k_road8_top100_v1,PFX_EXACT,M11,830102,30,3,40,1200,175,105.14190607983583
bdd100k_road8_dev2k,yolov8n_ultralytics_8.4.77_f59b3d83,yolov8n_bdd100k_road8_top100_v1,PFX_EXACT,M11,830102,30,4,40,1200,183,103.21224131149745
bdd100k_road8_dev2k,yolov8n_ultralytics_8.4.77_f59b3d83,yolov8n_bdd100k_road8_top100_v1,PFX_EXACT,M11,830102,30,5,40,1200,193,106.3428853644661
bdd100k_road8_dev2k,yolov8n_ultralytics_8.4.77_f59b3d83,yolov8n_bdd100k_road8_top100_v1,PFX_EXACT,M11,830102,30,6,40,1200,187,116.93225557889534
bdd100k_road8_dev2k,yolov8n_ultralytics_8.4.77_f59b3d83,yolov8n_bdd100k_road8_top100_v1,PFX_EXACT,M11,830102,30,7,40,1200,178,102.05153343350162
bdd100k_road8_dev2k,yolov8n_ultralytics_8.4.77_f59b3d83,yolov8n_bdd100k_road8_top100_v1,PFX_EXACT,M11,830102,30,8,40,1200,191,110.1695208334195
bdd100k_road8_dev2k,yolov8n_ultralytics_8.4.77_f59b3d83,yolov8n_bdd100k_road8_top100_v1,PFX_EXACT,M11,830102,30,9,40,1200,188,129.76170534119848
bdd100k_road8_dev2k,yolov8n_ultralytics_8.4.77_f59b3d83,yolov8n_bdd100k_road8_top100_v1,PFX_EXACT,M11,830102,30,10,40,1200,178,104.00781696833634
bdd100k_road8_dev2k,yolov8n_ultralytics_8.4.77_f59b3d83,yolov8n_bdd100k_road8_top100_v1,PFX_EXACT,M11,830102,30,11,40,1200,193,128.1614842181937
bdd100k_road8_dev2k,yolov8n_ultralytics_8.4.77_f59b3d83,yolov8n_bdd100k_road8_top100_v1,PFX_EXACT,M11,830102,30,12,40,1200,196,117.1957926003389
bdd100k_road8_dev2k,yolov8n_ultralytics_8.4.77_f59b3d83,yolov8n_bdd100k_road8_top100_v1,PFX_EXACT,M11,830102,30,13,40,1200,199,139.99418362237816
bdd100k_road8_dev2k,yolov8n_ultralytics_8.4.77_f59b3d83,yolov8n_bdd100k_road8_top100_v1,PFX_EXACT,M11,830102,30,14,40,1200,200,125.61627653645014
bdd100k_road8_dev2k,yolov8n_ultralytics_8.4.77_f59b3d83,yolov8n_bdd100k_road8_top100_v1,PFX_EXACT,M11,830102,30,15,40,1200,177,96.42469613949045
bdd100k_road8_dev2k,yolov8n_ultralytics_8.4.77_f59b3d83,yolov8n_bdd100k_road8_top100_v1,PFX_EXACT,M11,830102,30,16,40,1200,195,123.66742106058561
bdd100k_road8_dev2k,yolov8n_ultralytics_8.4.77_f59b3d83,yolov8n_bdd100k_road8_top100_v1,PFX_EXACT,M11,830102,30,17,40,1200,190,121.32784839345749
bdd100k_road8_dev2k,yolov8n_ultralytics_8.4.77_f59b3d83,yolov8n_bdd100k_road8_top100_v1,PFX_EXACT,M11,830102,30,18,40,1200,185,114.57490302304005
bdd100k_road8_dev2k,yolov8n_ultralytics_8.4.77_f59b3d83,yolov8n_bdd100k_road8_top100_v1,PFX_EXACT,M11,830102,30,19,40,1200,173,101.7403503912842
bdd100k_road8_dev2k,yolov8n_ultralytics_8.4.77_f59b3d83,yolov8n_bdd100k_road8_top100_v1,PFX_EXACT,M11,830102,30,20,40,1200,184,124.14586243306137
bdd100k_road8_dev2k,yolov8n_ultralytics_8.4.77_f59b3d83,yolov8n_bdd100k_road8_top100_v1,PFX_EXACT,M11,830102,30,21,40,1200,173,106.11497092082041
bdd100k_road8_dev2k,yolov8n_ultralytics_8.4.77_f59b3d83,yolov8n_bdd100k_road8_top100_v1,PFX_EXACT,M11,830102,30,22,40,1200,176,105.36819760721302
bdd100k_road8_dev2k,yolov8n_ultralytics_8.4.77_f59b3d83,yolov8n_bdd100k_road8_top100_v1,PFX_EXACT,M11,830102,30,23,40,1200,178,96.06127167530835
bdd100k_road8_dev2k,yolov8n_ultralytics_8.4.77_f59b3d83,yolov8n_bdd100k_road8_top100_v1,PFX_EXACT,M11,830102,30,24,40,1200,191,113.38562513682054
bdd100k_road8_dev2k,yolov8n_ultralytics_8.4.77_f59b3d83,yolov8n_bdd100k_road8_top100_v1,PFX_EXACT,M11,830102,30,25,40,1200,184,109.9033381194991
bdd100k_road8_dev2k,yolov8n_ultralytics_8.4.77_f59b3d83,yolov8n_bdd100k_road8_top100_v1,PFX_EXACT,M11,830102,30,26,40,1200,185,119.6413437623092
bdd100k_road8_dev2k,yolov8n_ultralytics_8.4.77_f59b3d83,yolov8n_bdd100k_road8_top100_v1,PFX_EXACT,M11,830102,30,27,40,1200,176,98.91306700667099
bdd100k_road8_dev2k,yolov8n_ultralytics_8.4.77_f59b3d83,yolov8n_bdd100k_road8_top100_v1,PFX_EXACT,M11,830102,30,28,40,1200,191,132.35549070691678
bdd100k_road8_dev2k,yolov8n_ultralytics_8.4.77_f59b3d83,yolov8n_bdd100k_road8_top100_v1,PFX_EXACT,M11,830102,30,29,40,1200,178,108.24921652309781
bdd100k_road8_dev2k,yolov8n_ultralytics_8.4.77_f59b3d83,yolov8n_bdd100k_road8_top100_v1,PFX_EXACT,M11,830102,30,30,40,1200,202,117.67562749913122
bdd100k_road8_dev2k,yolov8n_ultralytics_8.4.77_f59b3d83,yolov8n_bdd100k_road8_top100_v1,PFX_EXACT,M11,830102,30,31,40,1200,175,107.93353548218309
bdd100k_road8_dev2k,yolov8n_ultralytics_8.4.77_f59b3d83,yolov8n_bdd100k_road8_top100_v1,PFX_EXACT,M11,830102,30,32,40,1200,194,113.79835468180082
bdd100k_road8_dev2k,yolov8n_ultralytics_8.4.77_f59b3d83,yolov8n_bdd100k_road8_top100_v1,PFX_EXACT,M11,830102,30,33,40,1200,187,111.47963960472264
bdd100k_road8_dev2k,yolov8n_ultralytics_8.4.77_f59b3d83,yolov8n_bdd100k_road8_top100_v1,PFX_EXACT,M11,830102,30,34,40,1200,177,115.51091088545915
bdd100k_road8_dev2k,yolov8n_ultralytics_8.4.77_f59b3d83,yolov8n_bdd100k_road8_top100_v1,PFX_EXACT,M11,830102,30,35,40,1200,169,113.26434904520906
bdd100k_road8_dev2k,yolov8n_ultralytics_8.4.77_f59b3d83,yolov8n_bdd100k_road8_top100_v1,PFX_EXACT,M11,830102,30,36,40,1200,191,117.01307328997731
bdd100k_road8_dev2k,yolov8n_ultralytics_8.4.77_f59b3d83,yolov8n_bdd100k_road8_top100_v1,PFX_EXACT,M11,830102,30,37,40,1200,174,113.97484621331265
bdd100k_road8_dev2k,yolov8n_ultralytics_8.4.77_f59b3d83,yolov8n_bdd100k_road8_top100_v1,PFX_EXACT,M11,830102,30,38,40,1200,186,125.30145487981726
bdd100k_road8_dev2k,yolov8n_ultralytics_8.4.77_f59b3d83,yolov8n_bdd100k_road8_top100_v1,PFX_EXACT,M11,830102,30,39,40,1200,178,108.86647346577885
bdd100k_road8_dev2k,yolov8n_ultralytics_8.4.77_f59b3d83,yolov8n_bdd100k_road8_top100_v1,PFX_EXACT,M11,830102,30,40,40,1200,186,120.44869463808381
bdd100k_road8_dev2k,yolov8n_ultralytics_8.4.77_f59b3d83,yolov8n_bdd100k_road8_top100_v1,PFX_EXACT,M11,830102,30,41,40,1200,173,114.08401402124184
bdd100k_road8_dev2k,yolov8n_ultralytics_8.4.77_f59b3d83,yolov8n_bdd100k_road8_top100_v1,PFX_EXACT,M11,830102,30,42,40,1200,177,109.04882511783647
bdd100k_road8_dev2k,yolov8n_ultralytics_8.4.77_f59b3d83,yolov8n_bdd100k_road8_top100_v1,PFX_EXACT,M11,830102,30,43,40,1200,180,107.02054545720654
bdd100k_road8_dev2k,yolov8n_ultralytics_8.4.77_f59b3d83,yolov8n_bdd100k_road8_top100_v1,PFX_EXACT,M11,830102,30,44,40,1200,167,113.35583909759987
bdd100k_road8_dev2k,yolov8n_ultralytics_8.4.77_f59b3d83,yolov8n_bdd100k_road8_top100_v1,PFX_EXACT,M11,830102,30,45,40,1200,190,117.62796890797762
bdd100k_road8_dev2k,yolov8n_ultralytics_8.4.77_f59b3d83,yolov8n_bdd100k_road8_top100_v1,PFX_EXACT,M11,830102,30,46,40,1200,188,119.41922344977637
bdd100k_road8_dev2k,yolov8n_ultralytics_8.4.77_f59b3d83,yolov8n_bdd100k_road8_top100_v1,PFX_EXACT,M11,830102,30,47,40,1200,178,101.96929388343928
bdd100k_road8_dev2k,yolov8n_ultralytics_8.4.77_f59b3d83,yolov8n_bdd100k_road8_top100_v1,PFX_EXACT,M11,830102,30,48,40,1200,208,132.2872243085444
bdd100k_road8_dev2k,yolov8n_ultralytics_8.4.77_f59b3d83,yolov8n_bdd100k_road8_top100_v1,PFX_EXACT,M11,830102,30,49,40,1200,181,125.16733055450538
bdd100k_road8_dev2k,yolov8n_ultralytics_8.4.77_f59b3d83,yolov8n_bdd100k_road8_top100_v1,PFX_EXACT,M11,830102,40,0,40,1600,207,143.202925873427
bdd100k_road8_dev2k,yolov8n_ultralytics_8.4.77_f59b3d83,yolov8n_bdd100k_road8_top100_v1,PFX_EXACT,M11,830102,40,1,40,1600,189,123.7011363543189
bdd100k_road8_dev2k,yolov8n_ultralytics_8.4.77_f59b3d83,yolov8n_bdd100k_road8_top100_v1,PFX_EXACT,M11,830102,40,2,40,1600,185,101.6334763684044
bdd100k_road8_dev2k,yolov8n_ultralytics_8.4.77_f59b3d83,yolov8n_bdd100k_road8_top100_v1,PFX_EXACT,M11,830102,40,3,40,1600,188,108.85439030567103
bdd100k_road8_dev2k,yolov8n_ultralytics_8.4.77_f59b3d83,yolov8n_bdd100k_road8_top100_v1,PFX_EXACT,M11,830102,40,4,40,1600,199,110.35932410923083
bdd100k_road8_dev2k,yolov8n_ultralytics_8.4.77_f59b3d83,yolov8n_bdd100k_road8_top100_v1,PFX_EXACT,M11,830102,40,5,40,1600,216,115.01824185635955
bdd100k_road8_dev2k,yolov8n_ultralytics_8.4.77_f59b3d83,yolov8n_bdd100k_road8_top100_v1,PFX_EXACT,M11,830102,40,6,40,1600,205,124.07991967400807
bdd100k_road8_dev2k,yolov8n_ultralytics_8.4.77_f59b3d83,yolov8n_bdd100k_road8_top100_v1,PFX_EXACT,M11,830102,40,7,40,1600,192,107.65216204396984
bdd100k_road8_dev2k,yolov8n_ultralytics_8.4.77_f59b3d83,yolov8n_bdd100k_road8_top100_v1,PFX_EXACT,M11,830102,40,8,40,1600,212,118.39792345954656
bdd100k_road8_dev2k,yolov8n_ultralytics_8.4.77_f59b3d83,yolov8n_bdd100k_road8_top100_v1,PFX_EXACT,M11,830102,40,9,40,1600,205,136.97094619271815
bdd100k_road8_dev2k,yolov8n_ultralytics_8.4.77_f59b3d83,yolov8n_bdd100k_road8_top100_v1,PFX_EXACT,M11,830102,40,10,40,1600,196,112.37723309742299
bdd100k_road8_dev2k,yolov8n_ultralytics_8.4.77_f59b3d83,yolov8n_bdd100k_road8_top100_v1,PFX_EXACT,M11,830102,40,11,40,1600,214,136.13147153501072
bdd100k_road8_dev2k,yolov8n_ultralytics_8.4.77_f59b3d83,yolov8n_bdd100k_road8_top100_v1,PFX_EXACT,M11,830102,40,12,40,1600,216,123.75177844198366
bdd100k_road8_dev2k,yolov8n_ultralytics_8.4.77_f59b3d83,yolov8n_bdd100k_road8_top100_v1,PFX_EXACT,M11,830102,40,13,40,1600,222,147.6713679171726
bdd100k_road8_dev2k,yolov8n_ultralytics_8.4.77_f59b3d83,yolov8n_bdd100k_road8_top100_v1,PFX_EXACT,M11,830102,40,14,40,1600,218,135.0814758213999
bdd100k_road8_dev2k,yolov8n_ultralytics_8.4.77_f59b3d83,yolov8n_bdd100k_road8_top100_v1,PFX_EXACT,M11,830102,40,15,40,1600,192,105.58985759823608
bdd100k_road8_dev2k,yolov8n_ultralytics_8.4.77_f59b3d83,yolov8n_bdd100k_road8_top100_v1,PFX_EXACT,M11,830102,40,16,40,1600,206,128.8768910009613
bdd100k_road8_dev2k,yolov8n_ultralytics_8.4.77_f59b3d83,yolov8n_bdd100k_road8_top100_v1,PFX_EXACT,M11,830102,40,17,40,1600,208,129.97559793620368
bdd100k_road8_dev2k,yolov8n_ultralytics_8.4.77_f59b3d83,yolov8n_bdd100k_road8_top100_v1,PFX_EXACT,M11,830102,40,18,40,1600,198,122.15063193667156
bdd100k_road8_dev2k,yolov8n_ultralytics_8.4.77_f59b3d83,yolov8n_bdd100k_road8_top100_v1,PFX_EXACT,M11,830102,40,19,40,1600,189,110.69760035143999
bdd100k_road8_dev2k,yolov8n_ultralytics_8.4.77_f59b3d83,yolov8n_bdd100k_road8_top100_v1,PFX_EXACT,M11,830102,40,20,40,1600,206,133.19746022696177
bdd100k_road8_dev2k,yolov8n_ultralytics_8.4.77_f59b3d83,yolov8n_bdd100k_road8_top100_v1,PFX_EXACT,M11,830102,40,21,40,1600,190,113.32260141785879
bdd100k_road8_dev2k,yolov8n_ultralytics_8.4.77_f59b3d83,yolov8n_bdd100k_road8_top100_v1,PFX_EXACT,M11,830102,40,22,40,1600,192,113.80951874908749
bdd100k_road8_dev2k,yolov8n_ultralytics_8.4.77_f59b3d83,yolov8n_bdd100k_road8_top100_v1,PFX_EXACT,M11,830102,40,23,40,1600,188,100.80548000004937
bdd100k_road8_dev2k,yolov8n_ultralytics_8.4.77_f59b3d83,yolov8n_bdd100k_road8_top100_v1,PFX_EXACT,M11,830102,40,24,40,1600,206,121.50637291559869
bdd100k_road8_dev2k,yolov8n_ultralytics_8.4.77_f59b3d83,yolov8n_bdd100k_road8_top100_v1,PFX_EXACT,M11,830102,40,25,40,1600,206,122.35366367486701
bdd100k_road8_dev2k,yolov8n_ultralytics_8.4.77_f59b3d83,yolov8n_bdd100k_road8_top100_v1,PFX_EXACT,M11,830102,40,26,40,1600,196,122.9468800038972
bdd100k_road8_dev2k,yolov8n_ultralytics_8.4.77_f59b3d83,yolov8n_bdd100k_road8_top100_v1,PFX_EXACT,M11,830102,40,27,40,1600,186,103.54962048406311
bdd100k_road8_dev2k,yolov8n_ultralytics_8.4.77_f59b3d83,yolov8n_bdd100k_road8_top100_v1,PFX_EXACT,M11,830102,40,28,40,1600,210,141.68381155999546
bdd100k_road8_dev2k,yolov8n_ultralytics_8.4.77_f59b3d83,yolov8n_bdd100k_road8_top100_v1,PFX_EXACT,M11,830102,40,29,40,1600,191,112.58689476904453
bdd100k_road8_dev2k,yolov8n_ultralytics_8.4.77_f59b3d83,yolov8n_bdd100k_road8_top100_v1,PFX_EXACT,M11,830102,40,30,40,1600,219,125.91052024013395
bdd100k_road8_dev2k,yolov8n_ultralytics_8.4.77_f59b3d83,yolov8n_bdd100k_road8_top100_v1,PFX_EXACT,M11,830102,40,31,40,1600,188,115.23476912366024
bdd100k_road8_dev2k,yolov8n_ultralytics_8.4.77_f59b3d83,yolov8n_bdd100k_road8_top100_v1,PFX_EXACT,M11,830102,40,32,40,1600,219,126.40977523640434
bdd100k_road8_dev2k,yolov8n_ultralytics_8.4.77_f59b3d83,yolov8n_bdd100k_road8_top100_v1,PFX_EXACT,M11,830102,40,33,40,1600,209,117.78667272826281
bdd100k_road8_dev2k,yolov8n_ultralytics_8.4.77_f59b3d83,yolov8n_bdd100k_road8_top100_v1,PFX_EXACT,M11,830102,40,34,40,1600,195,122.79722715885072
bdd100k_road8_dev2k,yolov8n_ultralytics_8.4.77_f59b3d83,yolov8n_bdd100k_road8_top100_v1,PFX_EXACT,M11,830102,40,35,40,1600,181,120.23690885423294
bdd100k_road8_dev2k,yolov8n_ultralytics_8.4.77_f59b3d83,yolov8n_bdd100k_road8_top100_v1,PFX_EXACT,M11,830102,40,36,40,1600,210,123.9664172679006
bdd100k_road8_dev2k,yolov8n_ultralytics_8.4.77_f59b3d83,yolov8n_bdd100k_road8_top100_v1,PFX_EXACT,M11,830102,40,37,40,1600,188,120.4478478155892
bdd100k_road8_dev2k,yolov8n_ultralytics_8.4.77_f59b3d83,yolov8n_bdd100k_road8_top100_v1,PFX_EXACT,M11,830102,40,38,40,1600,205,136.65066347831151
bdd100k_road8_dev2k,yolov8n_ultralytics_8.4.77_f59b3d83,yolov8n_bdd100k_road8_top100_v1,PFX_EXACT,M11,830102,40,39,40,1600,194,116.28834218435627
bdd100k_road8_dev2k,yolov8n_ultralytics_8.4.77_f59b3d83,yolov8n_bdd100k_road8_top100_v1,PFX_EXACT,M11,830102,40,40,40,1600,208,132.35961949711168
bdd100k_road8_dev2k,yolov8n_ultralytics_8.4.77_f59b3d83,yolov8n_bdd100k_road8_top100_v1,PFX_EXACT,M11,830102,40,41,40,1600,193,121.13348586021112
bdd100k_road8_dev2k,yolov8n_ultralytics_8.4.77_f59b3d83,yolov8n_bdd100k_road8_top100_v1,PFX_EXACT,M11,830102,40,42,40,1600,195,116.90867528675426
bdd100k_road8_dev2k,yolov8n_ultralytics_8.4.77_f59b3d83,yolov8n_bdd100k_road8_top100_v1,PFX_EXACT,M11,830102,40,43,40,1600,206,117.11300315736527
bdd100k_road8_dev2k,yolov8n_ultralytics_8.4.77_f59b3d83,yolov8n_bdd100k_road8_top100_v1,PFX_EXACT,M11,830102,40,44,40,1600,185,120.53127353378632
bdd100k_road8_dev2k,yolov8n_ultralytics_8.4.77_f59b3d83,yolov8n_bdd100k_road8_top100_v1,PFX_EXACT,M11,830102,40,45,40,1600,214,125.54538801897701
bdd100k_road8_dev2k,yolov8n_ultralytics_8.4.77_f59b3d83,yolov8n_bdd100k_road8_top100_v1,PFX_EXACT,M11,830102,40,46,40,1600,209,127.63403469450306
bdd100k_road8_dev2k,yolov8n_ultralytics_8.4.77_f59b3d83,yolov8n_bdd100k_road8_top100_v1,PFX_EXACT,M11,830102,40,47,40,1600,196,106.60894709392437
bdd100k_road8_dev2k,yolov8n_ultralytics_8.4.77_f59b3d83,yolov8n_bdd100k_road8_top100_v1,PFX_EXACT,M11,830102,40,48,40,1600,231,142.7280257128732
bdd100k_road8_dev2k,yolov8n_ultralytics_8.4.77_f59b3d83,yolov8n_bdd100k_road8_top100_v1,PFX_EXACT,M11,830102,40,49,40,1600,203,134.5203220155648
bdd100k_road8_dev2k,yolov8n_ultralytics_8.4.77_f59b3d83,yolov8n_bdd100k_road8_top100_v1,PFX_EXACT,M11,830103,10,0,40,400,92,83.77582582444302
bdd100k_road8_dev2k,yolov8n_ultralytics_8.4.77_f59b3d83,yolov8n_bdd100k_road8_top100_v1,PFX_EXACT,M11,830103,10,1,40,400,94,74.06729199019532
bdd100k_road8_dev2k,yolov8n_ultralytics_8.4.77_f59b3d83,yolov8n_bdd100k_road8_top100_v1,PFX_EXACT,M11,830103,10,2,40,400,95,58.97263957302724
bdd100k_road8_dev2k,yolov8n_ultralytics_8.4.77_f59b3d83,yolov8n_bdd100k_road8_top100_v1,PFX_EXACT,M11,830103,10,3,40,400,93,69.72977713617506
bdd100k_road8_dev2k,yolov8n_ultralytics_8.4.77_f59b3d83,yolov8n_bdd100k_road8_top100_v1,PFX_EXACT,M11,830103,10,4,40,400,88,58.80042921204798
bdd100k_road8_dev2k,yolov8n_ultralytics_8.4.77_f59b3d83,yolov8n_bdd100k_road8_top100_v1,PFX_EXACT,M11,830103,10,5,40,400,102,65.70620572041759
bdd100k_road8_dev2k,yolov8n_ultralytics_8.4.77_f59b3d83,yolov8n_bdd100k_road8_top100_v1,PFX_EXACT,M11,830103,10,6,40,400,109,75.29827568381684
bdd100k_road8_dev2k,yolov8n_ultralytics_8.4.77_f59b3d83,yolov8n_bdd100k_road8_top100_v1,PFX_EXACT,M11,830103,10,7,40,400,93,61.9651216234965
bdd100k_road8_dev2k,yolov8n_ultralytics_8.4.77_f59b3d83,yolov8n_bdd100k_road8_top100_v1,PFX_EXACT,M11,830103,10,8,40,400,99,66.56044063517774
bdd100k_road8_dev2k,yolov8n_ultralytics_8.4.77_f59b3d83,yolov8n_bdd100k_road8_top100_v1,PFX_EXACT,M11,830103,10,9,40,400,97,84.1178066705006
bdd100k_road8_dev2k,yolov8n_ultralytics_8.4.77_f59b3d83,yolov8n_bdd100k_road8_top100_v1,PFX_EXACT,M11,830103,10,10,40,400,91,57.3709165096235
bdd100k_road8_dev2k,yolov8n_ultralytics_8.4.77_f59b3d83,yolov8n_bdd100k_road8_top100_v1,PFX_EXACT,M11,830103,10,11,40,400,109,81.05014392043681
bdd100k_road8_dev2k,yolov8n_ultralytics_8.4.77_f59b3d83,yolov8n_bdd100k_road8_top100_v1,PFX_EXACT,M11,830103,10,12,40,400,110,72.01914138056044
bdd100k_road8_dev2k,yolov8n_ultralytics_8.4.77_f59b3d83,yolov8n_bdd100k_road8_top100_v1,PFX_EXACT,M11,830103,10,13,40,400,101,85.37415222517046
bdd100k_road8_dev2k,yolov8n_ultralytics_8.4.77_f59b3d83,yolov8n_bdd100k_road8_top100_v1,PFX_EXACT,M11,830103,10,14,40,400,109,77.87296773591001
bdd100k_road8_dev2k,yolov8n_ultralytics_8.4.77_f59b3d83,yolov8n_bdd100k_road8_top100_v1,PFX_EXACT,M11,830103,10,15,40,400,95,59.52927026518311
bdd100k_road8_dev2k,yolov8n_ultralytics_8.4.77_f59b3d83,yolov8n_bdd100k_road8_top100_v1,PFX_EXACT,M11,830103,10,16,40,400,94,67.34310360189664
bdd100k_road8_dev2k,yolov8n_ultralytics_8.4.77_f59b3d83,yolov8n_bdd100k_road8_top100_v1,PFX_EXACT,M11,830103,10,17,40,400,106,68.76147581900304
bdd100k_road8_dev2k,yolov8n_ultralytics_8.4.77_f59b3d83,yolov8n_bdd100k_road8_top100_v1,PFX_EXACT,M11,830103,10,18,40,400,103,71.25312237299028
bdd100k_road8_dev2k,yolov8n_ultralytics_8.4.77_f59b3d83,yolov8n_bdd100k_road8_top100_v1,PFX_EXACT,M11,830103,10,19,40,400,87,61.03250414286008
bdd100k_road8_dev2k,yolov8n_ultralytics_8.4.77_f59b3d83,yolov8n_bdd100k_road8_top100_v1,PFX_EXACT,M11,830103,10,20,40,400,105,77.15676756688603
bdd100k_road8_dev2k,yolov8n_ultralytics_8.4.77_f59b3d83,yolov8n_bdd100k_road8_top100_v1,PFX_EXACT,M11,830103,10,21,40,400,93,60.634401317275696
bdd100k_road8_dev2k,yolov8n_ultralytics_8.4.77_f59b3d83,yolov8n_bdd100k_road8_top100_v1,PFX_EXACT,M11,830103,10,22,40,400,91,60.45466550342524
bdd100k_road8_dev2k,yolov8n_ultralytics_8.4.77_f59b3d83,yolov8n_bdd100k_road8_top100_v1,PFX_EXACT,M11,830103,10,23,40,400,102,62.72996074382551
bdd100k_road8_dev2k,yolov8n_ultralytics_8.4.77_f59b3d83,yolov8n_bdd100k_road8_top100_v1,PFX_EXACT,M11,830103,10,24,40,400,106,69.87780079265195
bdd100k_road8_dev2k,yolov8n_ultralytics_8.4.77_f59b3d83,yolov8n_bdd100k_road8_top100_v1,PFX_EXACT,M11,830103,10,25,40,400,103,68.05403596793555
bdd100k_road8_dev2k,yolov8n_ultralytics_8.4.77_f59b3d83,yolov8n_bdd100k_road8_top100_v1,PFX_EXACT,M11,830103,10,26,40,400,98,78.81372182106666
bdd100k_road8_dev2k,yolov8n_ultralytics_8.4.77_f59b3d83,yolov8n_bdd100k_road8_top100_v1,PFX_EXACT,M11,830103,10,27,40,400,97,60.3792302903043
bdd100k_road8_dev2k,yolov8n_ultralytics_8.4.77_f59b3d83,yolov8n_bdd100k_road8_top100_v1,PFX_EXACT,M11,830103,10,28,40,400,93,82.00891510677204
bdd100k_road8_dev2k,yolov8n_ultralytics_8.4.77_f59b3d83,yolov8n_bdd100k_road8_top100_v1,PFX_EXACT,M11,830103,10,29,40,400,93,63.3646236360361
bdd100k_road8_dev2k,yolov8n_ultralytics_8.4.77_f59b3d83,yolov8n_bdd100k_road8_top100_v1,PFX_EXACT,M11,830103,10,30,40,400,104,73.0188642150089
bdd100k_road8_dev2k,yolov8n_ultralytics_8.4.77_f59b3d83,yolov8n_bdd100k_road8_top100_v1,PFX_EXACT,M11,830103,10,31,40,400,97,64.21914919948594
bdd100k_road8_dev2k,yolov8n_ultralytics_8.4.77_f59b3d83,yolov8n_bdd100k_road8_top100_v1,PFX_EXACT,M11,830103,10,32,40,400,101,64.436510727494
bdd100k_road8_dev2k,yolov8n_ultralytics_8.4.77_f59b3d83,yolov8n_bdd100k_road8_top100_v1,PFX_EXACT,M11,830103,10,33,40,400,97,68.01036789862482
bdd100k_road8_dev2k,yolov8n_ultralytics_8.4.77_f59b3d83,yolov8n_bdd100k_road8_top100_v1,PFX_EXACT,M11,830103,10,34,40,400,96,70.71711205843292
bdd100k_road8_dev2k,yolov8n_ultralytics_8.4.77_f59b3d83,yolov8n_bdd100k_road8_top100_v1,PFX_EXACT,M11,830103,10,35,40,400,87,69.25225012582527
bdd100k_road8_dev2k,yolov8n_ultralytics_8.4.77_f59b3d83,yolov8n_bdd100k_road8_top100_v1,PFX_EXACT,M11,830103,10,36,40,400,91,65.14058532035327
bdd100k_road8_dev2k,yolov8n_ultralytics_8.4.77_f59b3d83,yolov8n_bdd100k_road8_top100_v1,PFX_EXACT,M11,830103,10,37,40,400,95,68.47286284591307
bdd100k_road8_dev2k,yolov8n_ultralytics_8.4.77_f59b3d83,yolov8n_bdd100k_road8_top100_v1,PFX_EXACT,M11,830103,10,38,40,400,96,73.13949301121554
bdd100k_road8_dev2k,yolov8n_ultralytics_8.4.77_f59b3d83,yolov8n_bdd100k_road8_top100_v1,PFX_EXACT,M11,830103,10,39,40,400,93,70.29895130994855
bdd100k_road8_dev2k,yolov8n_ultralytics_8.4.77_f59b3d83,yolov8n_bdd100k_road8_top100_v1,PFX_EXACT,M11,830103,10,40,40,400,101,76.01753316987691
bdd100k_road8_dev2k,yolov8n_ultralytics_8.4.77_f59b3d83,yolov8n_bdd100k_road8_top100_v1,PFX_EXACT,M11,830103,10,41,40,400,100,71.94770297017601
bdd100k_road8_dev2k,yolov8n_ultralytics_8.4.77_f59b3d83,yolov8n_bdd100k_road8_top100_v1,PFX_EXACT,M11,830103,10,42,40,400,90,66.11808844290327
bdd100k_road8_dev2k,yolov8n_ultralytics_8.4.77_f59b3d83,yolov8n_bdd100k_road8_top100_v1,PFX_EXACT,M11,830103,10,43,40,400,99,64.03590202798323
bdd100k_road8_dev2k,yolov8n_ultralytics_8.4.77_f59b3d83,yolov8n_bdd100k_road8_top100_v1,PFX_EXACT,M11,830103,10,44,40,400,96,73.91458182811273
bdd100k_road8_dev2k,yolov8n_ultralytics_8.4.77_f59b3d83,yolov8n_bdd100k_road8_top100_v1,PFX_EXACT,M11,830103,10,45,40,400,101,71.6293998101605
bdd100k_road8_dev2k,yolov8n_ultralytics_8.4.77_f59b3d83,yolov8n_bdd100k_road8_top100_v1,PFX_EXACT,M11,830103,10,46,40,400,104,71.79183335786857
bdd100k_road8_dev2k,yolov8n_ultralytics_8.4.77_f59b3d83,yolov8n_bdd100k_road8_top100_v1,PFX_EXACT,M11,830103,10,47,40,400,99,65.15061664715085
bdd100k_road8_dev2k,yolov8n_ultralytics_8.4.77_f59b3d83,yolov8n_bdd100k_road8_top100_v1,PFX_EXACT,M11,830103,10,48,40,400,112,78.37346388675185
bdd100k_road8_dev2k,yolov8n_ultralytics_8.4.77_f59b3d83,yolov8n_bdd100k_road8_top100_v1,PFX_EXACT,M11,830103,10,49,40,400,99,81.51200887339517
bdd100k_road8_dev2k,yolov8n_ultralytics_8.4.77_f59b3d83,yolov8n_bdd100k_road8_top100_v1,PFX_EXACT,M11,830103,15,0,40,600,126,105.90087879872543
bdd100k_road8_dev2k,yolov8n_ultralytics_8.4.77_f59b3d83,yolov8n_bdd100k_road8_top100_v1,PFX_EXACT,M11,830103,15,1,40,600,127,92.71951425746812
bdd100k_road8_dev2k,yolov8n_ultralytics_8.4.77_f59b3d83,yolov8n_bdd100k_road8_top100_v1,PFX_EXACT,M11,830103,15,2,40,600,119,70.14125297338921
bdd100k_road8_dev2k,yolov8n_ultralytics_8.4.77_f59b3d83,yolov8n_bdd100k_road8_top100_v1,PFX_EXACT,M11,830103,15,3,40,600,119,83.27365806038216
bdd100k_road8_dev2k,yolov8n_ultralytics_8.4.77_f59b3d83,yolov8n_bdd100k_road8_top100_v1,PFX_EXACT,M11,830103,15,4,40,600,117,72.684099330452
bdd100k_road8_dev2k,yolov8n_ultralytics_8.4.77_f59b3d83,yolov8n_bdd100k_road8_top100_v1,PFX_EXACT,M11,830103,15,5,40,600,127,78.68056056342378
bdd100k_road8_dev2k,yolov8n_ultralytics_8.4.77_f59b3d83,yolov8n_bdd100k_road8_top100_v1,PFX_EXACT,M11,830103,15,6,40,600,133,88.88765340158655
bdd100k_road8_dev2k,yolov8n_ultralytics_8.4.77_f59b3d83,yolov8n_bdd100k_road8_top100_v1,PFX_EXACT,M11,830103,15,7,40,600,124,80.12522629618688
bdd100k_road8_dev2k,yolov8n_ultralytics_8.4.77_f59b3d83,yolov8n_bdd100k_road8_top100_v1,PFX_EXACT,M11,830103,15,8,40,600,128,79.79246609818811
bdd100k_road8_dev2k,yolov8n_ultralytics_8.4.77_f59b3d83,yolov8n_bdd100k_road8_top100_v1,PFX_EXACT,M11,830103,15,9,40,600,128,102.49685965230428
bdd100k_road8_dev2k,yolov8n_ultralytics_8.4.77_f59b3d83,yolov8n_bdd100k_road8_top100_v1,PFX_EXACT,M11,830103,15,10,40,600,124,72.89377829455599
bdd100k_road8_dev2k,yolov8n_ultralytics_8.4.77_f59b3d83,yolov8n_bdd100k_road8_top100_v1,PFX_EXACT,M11,830103,15,11,40,600,139,97.58374022676675
bdd100k_road8_dev2k,yolov8n_ultralytics_8.4.77_f59b3d83,yolov8n_bdd100k_road8_top100_v1,PFX_EXACT,M11,830103,15,12,40,600,131,84.73759934997024
bdd100k_road8_dev2k,yolov8n_ultralytics_8.4.77_f59b3d83,yolov8n_bdd100k_road8_top100_v1,PFX_EXACT,M11,830103,15,13,40,600,135,110.12653145538916
bdd100k_road8_dev2k,yolov8n_ultralytics_8.4.77_f59b3d83,yolov8n_bdd100k_road8_top100_v1,PFX_EXACT,M11,830103,15,14,40,600,139,93.82935539713499
bdd100k_road8_dev2k,yolov8n_ultralytics_8.4.77_f59b3d83,yolov8n_bdd100k_road8_top100_v1,PFX_EXACT,M11,830103,15,15,40,600,123,74.18166006147824
bdd100k_road8_dev2k,yolov8n_ultralytics_8.4.77_f59b3d83,yolov8n_bdd100k_road8_top100_v1,PFX_EXACT,M11,830103,15,16,40,600,128,88.1039142224211
bdd100k_road8_dev2k,yolov8n_ultralytics_8.4.77_f59b3d83,yolov8n_bdd100k_road8_top100_v1,PFX_EXACT,M11,830103,15,17,40,600,136,88.4499814426167
bdd100k_road8_dev2k,yolov8n_ultralytics_8.4.77_f59b3d83,yolov8n_bdd100k_road8_top100_v1,PFX_EXACT,M11,830103,15,18,40,600,135,87.94087580395761
bdd100k_road8_dev2k,yolov8n_ultralytics_8.4.77_f59b3d83,yolov8n_bdd100k_road8_top100_v1,PFX_EXACT,M11,830103,15,19,40,600,117,74.5877486614436
bdd100k_road8_dev2k,yolov8n_ultralytics_8.4.77_f59b3d83,yolov8n_bdd100k_road8_top100_v1,PFX_EXACT,M11,830103,15,20,40,600,134,96.4691889995256
bdd100k_road8_dev2k,yolov8n_ultralytics_8.4.77_f59b3d83,yolov8n_bdd100k_road8_top100_v1,PFX_EXACT,M11,830103,15,21,40,600,120,75.53781450766647
bdd100k_road8_dev2k,yolov8n_ultralytics_8.4.77_f59b3d83,yolov8n_bdd100k_road8_top100_v1,PFX_EXACT,M11,830103,15,22,40,600,120,82.00870929878867
bdd100k_road8_dev2k,yolov8n_ultralytics_8.4.77_f59b3d83,yolov8n_bdd100k_road8_top100_v1,PFX_EXACT,M11,830103,15,23,40,600,126,74.56732781952738
bdd100k_road8_dev2k,yolov8n_ultralytics_8.4.77_f59b3d83,yolov8n_bdd100k_road8_top100_v1,PFX_EXACT,M11,830103,15,24,40,600,127,85.44641388467345
bdd100k_road8_dev2k,yolov8n_ultralytics_8.4.77_f59b3d83,yolov8n_bdd100k_road8_top100_v1,PFX_EXACT,M11,830103,15,25,40,600,131,85.89043140927333
bdd100k_road8_dev2k,yolov8n_ultralytics_8.4.77_f59b3d83,yolov8n_bdd100k_road8_top100_v1,PFX_EXACT,M11,830103,15,26,40,600,135,98.8310646690601
bdd100k_road8_dev2k,yolov8n_ultralytics_8.4.77_f59b3d83,yolov8n_bdd100k_road8_top100_v1,PFX_EXACT,M11,830103,15,27,40,600,121,72.91489512882755
bdd100k_road8_dev2k,yolov8n_ultralytics_8.4.77_f59b3d83,yolov8n_bdd100k_road8_top100_v1,PFX_EXACT,M11,830103,15,28,40,600,128,102.02774105248356
bdd100k_road8_dev2k,yolov8n_ultralytics_8.4.77_f59b3d83,yolov8n_bdd100k_road8_top100_v1,PFX_EXACT,M11,830103,15,29,40,600,123,83.41046895262187
bdd100k_road8_dev2k,yolov8n_ultralytics_8.4.77_f59b3d83,yolov8n_bdd100k_road8_top100_v1,PFX_EXACT,M11,830103,15,30,40,600,138,89.57060487928062
bdd100k_road8_dev2k,yolov8n_ultralytics_8.4.77_f59b3d83,yolov8n_bdd100k_road8_top100_v1,PFX_EXACT,M11,830103,15,31,40,600,121,80.39287481534294
bdd100k_road8_dev2k,yolov8n_ultralytics_8.4.77_f59b3d83,yolov8n_bdd100k_road8_top100_v1,PFX_EXACT,M11,830103,15,32,40,600,133,84.35611535996013
bdd100k_road8_dev2k,yolov8n_ultralytics_8.4.77_f59b3d83,yolov8n_bdd100k_road8_top100_v1,PFX_EXACT,M11,830103,15,33,40,600,128,85.2032552890892
bdd100k_road8_dev2k,yolov8n_ultralytics_8.4.77_f59b3d83,yolov8n_bdd100k_road8_top100_v1,PFX_EXACT,M11,830103,15,34,40,600,127,89.57754275387884
bdd100k_road8_dev2k,yolov8n_ultralytics_8.4.77_f59b3d83,yolov8n_bdd100k_road8_top100_v1,PFX_EXACT,M11,830103,15,35,40,600,115,86.93035337143712
bdd100k_road8_dev2k,yolov8n_ultralytics_8.4.77_f59b3d83,yolov8n_bdd100k_road8_top100_v1,PFX_EXACT,M11,830103,15,36,40,600,120,84.20595503805924
bdd100k_road8_dev2k,yolov8n_ultralytics_8.4.77_f59b3d83,yolov8n_bdd100k_road8_top100_v1,PFX_EXACT,M11,830103,15,37,40,600,122,87.09347663060693
bdd100k_road8_dev2k,yolov8n_ultralytics_8.4.77_f59b3d83,yolov8n_bdd100k_road8_top100_v1,PFX_EXACT,M11,830103,15,38,40,600,132,93.66776394122633
bdd100k_road8_dev2k,yolov8n_ultralytics_8.4.77_f59b3d83,yolov8n_bdd100k_road8_top100_v1,PFX_EXACT,M11,830103,15,39,40,600,124,86.0307237963031
bdd100k_road8_dev2k,yolov8n_ultralytics_8.4.77_f59b3d83,yolov8n_bdd100k_road8_top100_v1,PFX_EXACT,M11,830103,15,40,40,600,129,91.14510749452194
bdd100k_road8_dev2k,yolov8n_ultralytics_8.4.77_f59b3d83,yolov8n_bdd100k_road8_top100_v1,PFX_EXACT,M11,830103,15,41,40,600,129,93.36498930953798
bdd100k_road8_dev2k,yolov8n_ultralytics_8.4.77_f59b3d83,yolov8n_bdd100k_road8_top100_v1,PFX_EXACT,M11,830103,15,42,40,600,125,82.43355968923846
bdd100k_road8_dev2k,yolov8n_ultralytics_8.4.77_f59b3d83,yolov8n_bdd100k_road8_top100_v1,PFX_EXACT,M11,830103,15,43,40,600,124,80.02845114832857
bdd100k_road8_dev2k,yolov8n_ultralytics_8.4.77_f59b3d83,yolov8n_bdd100k_road8_top100_v1,PFX_EXACT,M11,830103,15,44,40,600,117,88.55292620239132
bdd100k_road8_dev2k,yolov8n_ultralytics_8.4.77_f59b3d83,yolov8n_bdd100k_road8_top100_v1,PFX_EXACT,M11,830103,15,45,40,600,132,90.47549443490023
bdd100k_road8_dev2k,yolov8n_ultralytics_8.4.77_f59b3d83,yolov8n_bdd100k_road8_top100_v1,PFX_EXACT,M11,830103,15,46,40,600,135,93.24279885580054
bdd100k_road8_dev2k,yolov8n_ultralytics_8.4.77_f59b3d83,yolov8n_bdd100k_road8_top100_v1,PFX_EXACT,M11,830103,15,47,40,600,127,80.08357392502312
bdd100k_road8_dev2k,yolov8n_ultralytics_8.4.77_f59b3d83,yolov8n_bdd100k_road8_top100_v1,PFX_EXACT,M11,830103,15,48,40,600,142,96.38868077981414
bdd100k_road8_dev2k,yolov8n_ultralytics_8.4.77_f59b3d83,yolov8n_bdd100k_road8_top100_v1,PFX_EXACT,M11,830103,15,49,40,600,127,98.50627768365509
bdd100k_road8_dev2k,yolov8n_ultralytics_8.4.77_f59b3d83,yolov8n_bdd100k_road8_top100_v1,PFX_EXACT,M11,830103,20,0,40,800,153,121.19069815557758
bdd100k_road8_dev2k,yolov8n_ultralytics_8.4.77_f59b3d83,yolov8n_bdd100k_road8_top100_v1,PFX_EXACT,M11,830103,20,1,40,800,149,104.34412620934906
bdd100k_road8_dev2k,yolov8n_ultralytics_8.4.77_f59b3d83,yolov8n_bdd100k_road8_top100_v1,PFX_EXACT,M11,830103,20,2,40,800,142,82.2831197302367
bdd100k_road8_dev2k,yolov8n_ultralytics_8.4.77_f59b3d83,yolov8n_bdd100k_road8_top100_v1,PFX_EXACT,M11,830103,20,3,40,800,143,93.21329090348235
bdd100k_road8_dev2k,yolov8n_ultralytics_8.4.77_f59b3d83,yolov8n_bdd100k_road8_top100_v1,PFX_EXACT,M11,830103,20,4,40,800,143,85.92926841514019
bdd100k_road8_dev2k,yolov8n_ultralytics_8.4.77_f59b3d83,yolov8n_bdd100k_road8_top100_v1,PFX_EXACT,M11,830103,20,5,40,800,155,90.05146729356899
bdd100k_road8_dev2k,yolov8n_ultralytics_8.4.77_f59b3d83,yolov8n_bdd100k_road8_top100_v1,PFX_EXACT,M11,830103,20,6,40,800,153,100.34183501978961
bdd100k_road8_dev2k,yolov8n_ultralytics_8.4.77_f59b3d83,yolov8n_bdd100k_road8_top100_v1,PFX_EXACT,M11,830103,20,7,40,800,144,88.69280068396822
bdd100k_road8_dev2k,yolov8n_ultralytics_8.4.77_f59b3d83,yolov8n_bdd100k_road8_top100_v1,PFX_EXACT,M11,830103,20,8,40,800,154,93.7461040910457
bdd100k_road8_dev2k,yolov8n_ultralytics_8.4.77_f59b3d83,yolov8n_bdd100k_road8_top100_v1,PFX_EXACT,M11,830103,20,9,40,800,157,114.79981512749377
bdd100k_road8_dev2k,yolov8n_ultralytics_8.4.77_f59b3d83,yolov8n_bdd100k_road8_top100_v1,PFX_EXACT,M11,830103,20,10,40,800,147,83.37326587461236
bdd100k_road8_dev2k,yolov8n_ultralytics_8.4.77_f59b3d83,yolov8n_bdd100k_road8_top100_v1,PFX_EXACT,M11,830103,20,11,40,800,164,112.93588102933168
bdd100k_road8_dev2k,yolov8n_ultralytics_8.4.77_f59b3d83,yolov8n_bdd100k_road8_top100_v1,PFX_EXACT,M11,830103,20,12,40,800,153,97.14064808447417
bdd100k_road8_dev2k,yolov8n_ultralytics_8.4.77_f59b3d83,yolov8n_bdd100k_road8_top100_v1,PFX_EXACT,M11,830103,20,13,40,800,161,122.08291697281638
bdd100k_road8_dev2k,yolov8n_ultralytics_8.4.77_f59b3d83,yolov8n_bdd100k_road8_top100_v1,PFX_EXACT,M11,830103,20,14,40,800,161,108.99573059248358
bdd100k_road8_dev2k,yolov8n_ultralytics_8.4.77_f59b3d83,yolov8n_bdd100k_road8_top100_v1,PFX_EXACT,M11,830103,20,15,40,800,141,82.63538013572467
bdd100k_road8_dev2k,yolov8n_ultralytics_8.4.77_f59b3d83,yolov8n_bdd100k_road8_top100_v1,PFX_EXACT,M11,830103,20,16,40,800,159,104.48319629308078
bdd100k_road8_dev2k,yolov8n_ultralytics_8.4.77_f59b3d83,yolov8n_bdd100k_road8_top100_v1,PFX_EXACT,M11,830103,20,17,40,800,158,103.54564407420585
bdd100k_road8_dev2k,yolov8n_ultralytics_8.4.77_f59b3d83,yolov8n_bdd100k_road8_top100_v1,PFX_EXACT,M11,830103,20,18,40,800,150,98.24096063491012
bdd100k_road8_dev2k,yolov8n_ultralytics_8.4.77_f59b3d83,yolov8n_bdd100k_road8_top100_v1,PFX_EXACT,M11,830103,20,19,40,800,142,86.04341965825837
bdd100k_road8_dev2k,yolov8n_ultralytics_8.4.77_f59b3d83,yolov8n_bdd100k_road8_top100_v1,PFX_EXACT,M11,830103,20,20,40,800,154,108.10012767435573
bdd100k_road8_dev2k,yolov8n_ultralytics_8.4.77_f59b3d83,yolov8n_bdd100k_road8_top100_v1,PFX_EXACT,M11,830103,20,21,40,800,143,86.73138916469885
bdd100k_road8_dev2k,yolov8n_ultralytics_8.4.77_f59b3d83,yolov8n_bdd100k_road8_top100_v1,PFX_EXACT,M11,830103,20,22,40,800,145,92.91212662627528
bdd100k_road8_dev2k,yolov8n_ultralytics_8.4.77_f59b3d83,yolov8n_bdd100k_road8_top100_v1,PFX_EXACT,M11,830103,20,23,40,800,149,86.65897513345074
bdd100k_road8_dev2k,yolov8n_ultralytics_8.4.77_f59b3d83,yolov8n_bdd100k_road8_top100_v1,PFX_EXACT,M11,830103,20,24,40,800,150,95.84365563377388
bdd100k_road8_dev2k,yolov8n_ultralytics_8.4.77_f59b3d83,yolov8n_bdd100k_road8_top100_v1,PFX_EXACT,M11,830103,20,25,40,800,152,96.78380484817512
bdd100k_road8_dev2k,yolov8n_ultralytics_8.4.77_f59b3d83,yolov8n_bdd100k_road8_top100_v1,PFX_EXACT,M11,830103,20,26,40,800,159,109.65947725066589
bdd100k_road8_dev2k,yolov8n_ultralytics_8.4.77_f59b3d83,yolov8n_bdd100k_road8_top100_v1,PFX_EXACT,M11,830103,20,27,40,800,143,84.62778270503033
bdd100k_road8_dev2k,yolov8n_ultralytics_8.4.77_f59b3d83,yolov8n_bdd100k_road8_top100_v1,PFX_EXACT,M11,830103,20,28,40,800,153,116.20214351691911
bdd100k_road8_dev2k,yolov8n_ultralytics_8.4.77_f59b3d83,yolov8n_bdd100k_road8_top100_v1,PFX_EXACT,M11,830103,20,29,40,800,145,93.6585668751361
bdd100k_road8_dev2k,yolov8n_ultralytics_8.4.77_f59b3d83,yolov8n_bdd100k_road8_top100_v1,PFX_EXACT,M11,830103,20,30,40,800,159,100.86650686354501
bdd100k_road8_dev2k,yolov8n_ultralytics_8.4.77_f59b3d83,yolov8n_bdd100k_road8_top100_v1,PFX_EXACT,M11,830103,20,31,40,800,149,94.76854155245978
bdd100k_road8_dev2k,yolov8n_ultralytics_8.4.77_f59b3d83,yolov8n_bdd100k_road8_top100_v1,PFX_EXACT,M11,830103,20,32,40,800,160,99.81207286836874
bdd100k_road8_dev2k,yolov8n_ultralytics_8.4.77_f59b3d83,yolov8n_bdd100k_road8_top100_v1,PFX_EXACT,M11,830103,20,33,40,800,152,95.23798065523985
bdd100k_road8_dev2k,yolov8n_ultralytics_8.4.77_f59b3d83,yolov8n_bdd100k_road8_top100_v1,PFX_EXACT,M11,830103,20,34,40,800,153,100.70792401912941
bdd100k_road8_dev2k,yolov8n_ultralytics_8.4.77_f59b3d83,yolov8n_bdd100k_road8_top100_v1,PFX_EXACT,M11,830103,20,35,40,800,140,100.60404131526025
bdd100k_road8_dev2k,yolov8n_ultralytics_8.4.77_f59b3d83,yolov8n_bdd100k_road8_top100_v1,PFX_EXACT,M11,830103,20,36,40,800,149,97.02793278372943
bdd100k_road8_dev2k,yolov8n_ultralytics_8.4.77_f59b3d83,yolov8n_bdd100k_road8_top100_v1,PFX_EXACT,M11,830103,20,37,40,800,143,99.38535287921606
bdd100k_road8_dev2k,yolov8n_ultralytics_8.4.77_f59b3d83,yolov8n_bdd100k_road8_top100_v1,PFX_EXACT,M11,830103,20,38,40,800,153,107.67827488381018
bdd100k_road8_dev2k,yolov8n_ultralytics_8.4.77_f59b3d83,yolov8n_bdd100k_road8_top100_v1,PFX_EXACT,M11,830103,20,39,40,800,142,95.51807525351997
bdd100k_road8_dev2k,yolov8n_ultralytics_8.4.77_f59b3d83,yolov8n_bdd100k_road8_top100_v1,PFX_EXACT,M11,830103,20,40,40,800,154,104.52140958551136
bdd100k_road8_dev2k,yolov8n_ultralytics_8.4.77_f59b3d83,yolov8n_bdd100k_road8_top100_v1,PFX_EXACT,M11,830103,20,41,40,800,151,103.76636612972693
bdd100k_road8_dev2k,yolov8n_ultralytics_8.4.77_f59b3d83,yolov8n_bdd100k_road8_top100_v1,PFX_EXACT,M11,830103,20,42,40,800,147,93.20067988223339
bdd100k_road8_dev2k,yolov8n_ultralytics_8.4.77_f59b3d83,yolov8n_bdd100k_road8_top100_v1,PFX_EXACT,M11,830103,20,43,40,800,150,92.70587417911725
bdd100k_road8_dev2k,yolov8n_ultralytics_8.4.77_f59b3d83,yolov8n_bdd100k_road8_top100_v1,PFX_EXACT,M11,830103,20,44,40,800,140,101.01478502495577
bdd100k_road8_dev2k,yolov8n_ultralytics_8.4.77_f59b3d83,yolov8n_bdd100k_road8_top100_v1,PFX_EXACT,M11,830103,20,45,40,800,153,100.54493429761642
bdd100k_road8_dev2k,yolov8n_ultralytics_8.4.77_f59b3d83,yolov8n_bdd100k_road8_top100_v1,PFX_EXACT,M11,830103,20,46,40,800,153,103.71505791256902
bdd100k_road8_dev2k,yolov8n_ultralytics_8.4.77_f59b3d83,yolov8n_bdd100k_road8_top100_v1,PFX_EXACT,M11,830103,20,47,40,800,148,89.1930674448581
bdd100k_road8_dev2k,yolov8n_ultralytics_8.4.77_f59b3d83,yolov8n_bdd100k_road8_top100_v1,PFX_EXACT,M11,830103,20,48,40,800,168,110.21503018876933
bdd100k_road8_dev2k,yolov8n_ultralytics_8.4.77_f59b3d83,yolov8n_bdd100k_road8_top100_v1,PFX_EXACT,M11,830103,20,49,40,800,155,113.27516748596193
bdd100k_road8_dev2k,yolov8n_ultralytics_8.4.77_f59b3d83,yolov8n_bdd100k_road8_top100_v1,PFX_EXACT,M11,830103,30,0,40,1200,189,137.78347375847042
bdd100k_road8_dev2k,yolov8n_ultralytics_8.4.77_f59b3d83,yolov8n_bdd100k_road8_top100_v1,PFX_EXACT,M11,830103,30,1,40,1200,176,116.66716318081458
bdd100k_road8_dev2k,yolov8n_ultralytics_8.4.77_f59b3d83,yolov8n_bdd100k_road8_top100_v1,PFX_EXACT,M11,830103,30,2,40,1200,173,95.93081107939388
bdd100k_road8_dev2k,yolov8n_ultralytics_8.4.77_f59b3d83,yolov8n_bdd100k_road8_top100_v1,PFX_EXACT,M11,830103,30,3,40,1200,173,104.5996962990925
bdd100k_road8_dev2k,yolov8n_ultralytics_8.4.77_f59b3d83,yolov8n_bdd100k_road8_top100_v1,PFX_EXACT,M11,830103,30,4,40,1200,179,101.47485738882553
bdd100k_road8_dev2k,yolov8n_ultralytics_8.4.77_f59b3d83,yolov8n_bdd100k_road8_top100_v1,PFX_EXACT,M11,830103,30,5,40,1200,191,106.20733291928026
bdd100k_road8_dev2k,yolov8n_ultralytics_8.4.77_f59b3d83,yolov8n_bdd100k_road8_top100_v1,PFX_EXACT,M11,830103,30,6,40,1200,186,116.44261400396964
bdd100k_road8_dev2k,yolov8n_ultralytics_8.4.77_f59b3d83,yolov8n_bdd100k_road8_top100_v1,PFX_EXACT,M11,830103,30,7,40,1200,176,101.51862285203725
bdd100k_road8_dev2k,yolov8n_ultralytics_8.4.77_f59b3d83,yolov8n_bdd100k_road8_top100_v1,PFX_EXACT,M11,830103,30,8,40,1200,191,109.70748620764104
bdd100k_road8_dev2k,yolov8n_ultralytics_8.4.77_f59b3d83,yolov8n_bdd100k_road8_top100_v1,PFX_EXACT,M11,830103,30,9,40,1200,189,129.55837667341973
bdd100k_road8_dev2k,yolov8n_ultralytics_8.4.77_f59b3d83,yolov8n_bdd100k_road8_top100_v1,PFX_EXACT,M11,830103,30,10,40,1200,177,101.28156004784437
bdd100k_road8_dev2k,yolov8n_ultralytics_8.4.77_f59b3d83,yolov8n_bdd100k_road8_top100_v1,PFX_EXACT,M11,830103,30,11,40,1200,193,128.16768368437965
bdd100k_road8_dev2k,yolov8n_ultralytics_8.4.77_f59b3d83,yolov8n_bdd100k_road8_top100_v1,PFX_EXACT,M11,830103,30,12,40,1200,195,116.86621068665329
bdd100k_road8_dev2k,yolov8n_ultralytics_8.4.77_f59b3d83,yolov8n_bdd100k_road8_top100_v1,PFX_EXACT,M11,830103,30,13,40,1200,201,140.73972207090026
bdd100k_road8_dev2k,yolov8n_ultralytics_8.4.77_f59b3d83,yolov8n_bdd100k_road8_top100_v1,PFX_EXACT,M11,830103,30,14,40,1200,201,126.43682601174667
bdd100k_road8_dev2k,yolov8n_ultralytics_8.4.77_f59b3d83,yolov8n_bdd100k_road8_top100_v1,PFX_EXACT,M11,830103,30,15,40,1200,174,96.28914369430461
bdd100k_road8_dev2k,yolov8n_ultralytics_8.4.77_f59b3d83,yolov8n_bdd100k_road8_top100_v1,PFX_EXACT,M11,830103,30,16,40,1200,193,122.749260626525
bdd100k_road8_dev2k,yolov8n_ultralytics_8.4.77_f59b3d83,yolov8n_bdd100k_road8_top100_v1,PFX_EXACT,M11,830103,30,17,40,1200,190,121.26007217086456
bdd100k_road8_dev2k,yolov8n_ultralytics_8.4.77_f59b3d83,yolov8n_bdd100k_road8_top100_v1,PFX_EXACT,M11,830103,30,18,40,1200,186,117.2336743696288
bdd100k_road8_dev2k,yolov8n_ultralytics_8.4.77_f59b3d83,yolov8n_bdd100k_road8_top100_v1,PFX_EXACT,M11,830103,30,19,40,1200,174,102.35033639462044
bdd100k_road8_dev2k,yolov8n_ultralytics_8.4.77_f59b3d83,yolov8n_bdd100k_road8_top100_v1,PFX_EXACT,M11,830103,30,20,40,1200,184,125.72818743075717
bdd100k_road8_dev2k,yolov8n_ultralytics_8.4.77_f59b3d83,yolov8n_bdd100k_road8_top100_v1,PFX_EXACT,M11,830103,30,21,40,1200,171,103.53327499610356
bdd100k_road8_dev2k,yolov8n_ultralytics_8.4.77_f59b3d83,yolov8n_bdd100k_road8_top100_v1,PFX_EXACT,M11,830103,30,22,40,1200,175,105.57152627499177
bdd100k_road8_dev2k,yolov8n_ultralytics_8.4.77_f59b3d83,yolov8n_bdd100k_road8_top100_v1,PFX_EXACT,M11,830103,30,23,40,1200,180,96.67125767864461
bdd100k_road8_dev2k,yolov8n_ultralytics_8.4.77_f59b3d83,yolov8n_bdd100k_road8_top100_v1,PFX_EXACT,M11,830103,30,24,40,1200,188,113.01616459837892
bdd100k_road8_dev2k,yolov8n_ultralytics_8.4.77_f59b3d83,yolov8n_bdd100k_road8_top100_v1,PFX_EXACT,M11,830103,30,25,40,1200,183,111.87814777397267
bdd100k_road8_dev2k,yolov8n_ultralytics_8.4.77_f59b3d83,yolov8n_bdd100k_road8_top100_v1,PFX_EXACT,M11,830103,30,26,40,1200,185,119.57976700590227
bdd100k_road8_dev2k,yolov8n_ultralytics_8.4.77_f59b3d83,yolov8n_bdd100k_road8_top100_v1,PFX_EXACT,M11,830103,30,27,40,1200,176,98.91306700667099
bdd100k_road8_dev2k,yolov8n_ultralytics_8.4.77_f59b3d83,yolov8n_bdd100k_road8_top100_v1,PFX_EXACT,M11,830103,30,28,40,1200,191,132.155261772231
bdd100k_road8_dev2k,yolov8n_ultralytics_8.4.77_f59b3d83,yolov8n_bdd100k_road8_top100_v1,PFX_EXACT,M11,830103,30,29,40,1200,178,108.04588785531905
bdd100k_road8_dev2k,yolov8n_ultralytics_8.4.77_f59b3d83,yolov8n_bdd100k_road8_top100_v1,PFX_EXACT,M11,830103,30,30,40,1200,199,115.87046735386637
bdd100k_road8_dev2k,yolov8n_ultralytics_8.4.77_f59b3d83,yolov8n_bdd100k_road8_top100_v1,PFX_EXACT,M11,830103,30,31,40,1200,174,105.83247258180265
bdd100k_road8_dev2k,yolov8n_ultralytics_8.4.77_f59b3d83,yolov8n_bdd100k_road8_top100_v1,PFX_EXACT,M11,830103,30,32,40,1200,197,116.53849991327645
bdd100k_road8_dev2k,yolov8n_ultralytics_8.4.77_f59b3d83,yolov8n_bdd100k_road8_top100_v1,PFX_EXACT,M11,830103,30,33,40,1200,186,110.74030062238651
bdd100k_road8_dev2k,yolov8n_ultralytics_8.4.77_f59b3d83,yolov8n_bdd100k_road8_top100_v1,PFX_EXACT,M11,830103,30,34,40,1200,178,115.92686742029564
bdd100k_road8_dev2k,yolov8n_ultralytics_8.4.77_f59b3d83,yolov8n_bdd100k_road8_top100_v1,PFX_EXACT,M11,830103,30,35,40,1200,170,113.94182062244855
bdd100k_road8_dev2k,yolov8n_ultralytics_8.4.77_f59b3d83,yolov8n_bdd100k_road8_top100_v1,PFX_EXACT,M11,830103,30,36,40,1200,190,116.89611924334943
bdd100k_road8_dev2k,yolov8n_ultralytics_8.4.77_f59b3d83,yolov8n_bdd100k_road8_top100_v1,PFX_EXACT,M11,830103,30,37,40,1200,175,114.84101973893499
bdd100k_road8_dev2k,yolov8n_ultralytics_8.4.77_f59b3d83,yolov8n_bdd100k_road8_top100_v1,PFX_EXACT,M11,830103,30,38,40,1200,185,125.15350350225945
bdd100k_road8_dev2k,yolov8n_ultralytics_8.4.77_f59b3d83,yolov8n_bdd100k_road8_top100_v1,PFX_EXACT,M11,830103,30,39,40,1200,179,109.12237033937527
bdd100k_road8_dev2k,yolov8n_ultralytics_8.4.77_f59b3d83,yolov8n_bdd100k_road8_top100_v1,PFX_EXACT,M11,830103,30,40,40,1200,189,123.09196731920758
bdd100k_road8_dev2k,yolov8n_ultralytics_8.4.77_f59b3d83,yolov8n_bdd100k_road8_top100_v1,PFX_EXACT,M11,830103,30,41,40,1200,176,113.2859073669021
bdd100k_road8_dev2k,yolov8n_ultralytics_8.4.77_f59b3d83,yolov8n_bdd100k_road8_top100_v1,PFX_EXACT,M11,830103,30,42,40,1200,176,108.39896048974423
bdd100k_road8_dev2k,yolov8n_ultralytics_8.4.77_f59b3d83,yolov8n_bdd100k_road8_top100_v1,PFX_EXACT,M11,830103,30,43,40,1200,180,107.02054545720654
bdd100k_road8_dev2k,yolov8n_ultralytics_8.4.77_f59b3d83,yolov8n_bdd100k_road8_top100_v1,PFX_EXACT,M11,830103,30,44,40,1200,169,115.30275115423653
bdd100k_road8_dev2k,yolov8n_ultralytics_8.4.77_f59b3d83,yolov8n_bdd100k_road8_top100_v1,PFX_EXACT,M11,830103,30,45,40,1200,190,117.49241646279178
bdd100k_road8_dev2k,yolov8n_ultralytics_8.4.77_f59b3d83,yolov8n_bdd100k_road8_top100_v1,PFX_EXACT,M11,830103,30,46,40,1200,188,119.16051749177666
bdd100k_road8_dev2k,yolov8n_ultralytics_8.4.77_f59b3d83,yolov8n_bdd100k_road8_top100_v1,PFX_EXACT,M11,830103,30,47,40,1200,174,100.45945519591065
bdd100k_road8_dev2k,yolov8n_ultralytics_8.4.77_f59b3d83,yolov8n_bdd100k_road8_top100_v1,PFX_EXACT,M11,830103,30,48,40,1200,208,132.7768658834701
bdd100k_road8_dev2k,yolov8n_ultralytics_8.4.77_f59b3d83,yolov8n_bdd100k_road8_top100_v1,PFX_EXACT,M11,830103,30,49,40,1200,181,124.8284494415408
bdd100k_road8_dev2k,yolov8n_ultralytics_8.4.77_f59b3d83,yolov8n_bdd100k_road8_top100_v1,PFX_EXACT,M11,830103,40,0,40,1600,209,143.47122167939537
bdd100k_road8_dev2k,yolov8n_ultralytics_8.4.77_f59b3d83,yolov8n_bdd100k_road8_top100_v1,PFX_EXACT,M11,830103,40,1,40,1600,189,123.7011363543189
bdd100k_road8_dev2k,yolov8n_ultralytics_8.4.77_f59b3d83,yolov8n_bdd100k_road8_top100_v1,PFX_EXACT,M11,830103,40,2,40,1600,188,102.51456726211234
bdd100k_road8_dev2k,yolov8n_ultralytics_8.4.77_f59b3d83,yolov8n_bdd100k_road8_top100_v1,PFX_EXACT,M11,830103,40,3,40,1600,187,108.51550919270645
bdd100k_road8_dev2k,yolov8n_ultralytics_8.4.77_f59b3d83,yolov8n_bdd100k_road8_top100_v1,PFX_EXACT,M11,830103,40,4,40,1600,200,110.35932410923083
bdd100k_road8_dev2k,yolov8n_ultralytics_8.4.77_f59b3d83,yolov8n_bdd100k_road8_top100_v1,PFX_EXACT,M11,830103,40,5,40,1600,216,115.22157052413831
bdd100k_road8_dev2k,yolov8n_ultralytics_8.4.77_f59b3d83,yolov8n_bdd100k_road8_top100_v1,PFX_EXACT,M11,830103,40,6,40,1600,203,123.88279047241531
bdd100k_road8_dev2k,yolov8n_ultralytics_8.4.77_f59b3d83,yolov8n_bdd100k_road8_top100_v1,PFX_EXACT,M11,830103,40,7,40,1600,192,107.45193310928408
bdd100k_road8_dev2k,yolov8n_ultralytics_8.4.77_f59b3d83,yolov8n_bdd100k_road8_top100_v1,PFX_EXACT,M11,830103,40,8,40,1600,212,118.5334759047324
bdd100k_road8_dev2k,yolov8n_ultralytics_8.4.77_f59b3d83,yolov8n_bdd100k_road8_top100_v1,PFX_EXACT,M11,830103,40,9,40,1600,201,136.22540774419608
bdd100k_road8_dev2k,yolov8n_ultralytics_8.4.77_f59b3d83,yolov8n_bdd100k_road8_top100_v1,PFX_EXACT,M11,830103,40,10,40,1600,197,112.98411936766625
bdd100k_road8_dev2k,yolov8n_ultralytics_8.4.77_f59b3d83,yolov8n_bdd100k_road8_top100_v1,PFX_EXACT,M11,830103,40,11,40,1600,214,136.4025764253824
bdd100k_road8_dev2k,yolov8n_ultralytics_8.4.77_f59b3d83,yolov8n_bdd100k_road8_top100_v1,PFX_EXACT,M11,830103,40,12,40,1600,213,123.48067355161199
bdd100k_road8_dev2k,yolov8n_ultralytics_8.4.77_f59b3d83,yolov8n_bdd100k_road8_top100_v1,PFX_EXACT,M11,830103,40,13,40,1600,223,147.7543521565408
bdd100k_road8_dev2k,yolov8n_ultralytics_8.4.77_f59b3d83,yolov8n_bdd100k_road8_top100_v1,PFX_EXACT,M11,830103,40,14,40,1600,220,135.89479049251491
bdd100k_road8_dev2k,yolov8n_ultralytics_8.4.77_f59b3d83,yolov8n_bdd100k_road8_top100_v1,PFX_EXACT,M11,830103,40,15,40,1600,192,103.21768980748396
bdd100k_road8_dev2k,yolov8n_ultralytics_8.4.77_f59b3d83,yolov8n_bdd100k_road8_top100_v1,PFX_EXACT,M11,830103,40,16,40,1600,206,128.8799907340543
bdd100k_road8_dev2k,yolov8n_ultralytics_8.4.77_f59b3d83,yolov8n_bdd100k_road8_top100_v1,PFX_EXACT,M11,830103,40,17,40,1600,207,129.3102346426465
bdd100k_road8_dev2k,yolov8n_ultralytics_8.4.77_f59b3d83,yolov8n_bdd100k_road8_top100_v1,PFX_EXACT,M11,830103,40,18,40,1600,198,122.23361617603975
bdd100k_road8_dev2k,yolov8n_ultralytics_8.4.77_f59b3d83,yolov8n_bdd100k_road8_top100_v1,PFX_EXACT,M11,830103,40,19,40,1600,188,110.48807221747525
bdd100k_road8_dev2k,yolov8n_ultralytics_8.4.77_f59b3d83,yolov8n_bdd100k_road8_top100_v1,PFX_EXACT,M11,830103,40,20,40,1600,206,133.19746022696177
bdd100k_road8_dev2k,yolov8n_ultralytics_8.4.77_f59b3d83,yolov8n_bdd100k_road8_top100_v1,PFX_EXACT,M11,830103,40,21,40,1600,191,113.47336187981989
bdd100k_road8_dev2k,yolov8n_ultralytics_8.4.77_f59b3d83,yolov8n_bdd100k_road8_top100_v1,PFX_EXACT,M11,830103,40,22,40,1600,191,114.5772093698767
bdd100k_road8_dev2k,yolov8n_ultralytics_8.4.77_f59b3d83,yolov8n_bdd100k_road8_top100_v1,PFX_EXACT,M11,830103,40,23,40,1600,188,100.6173593490459
bdd100k_road8_dev2k,yolov8n_ultralytics_8.4.77_f59b3d83,yolov8n_bdd100k_road8_top100_v1,PFX_EXACT,M11,830103,40,24,40,1600,207,122.25885551961261
bdd100k_road8_dev2k,yolov8n_ultralytics_8.4.77_f59b3d83,yolov8n_bdd100k_road8_top100_v1,PFX_EXACT,M11,830103,40,25,40,1600,203,121.47257278115907
bdd100k_road8_dev2k,yolov8n_ultralytics_8.4.77_f59b3d83,yolov8n_bdd100k_road8_top100_v1,PFX_EXACT,M11,830103,40,26,40,1600,196,122.06578911018927
bdd100k_road8_dev2k,yolov8n_ultralytics_8.4.77_f59b3d83,yolov8n_bdd100k_road8_top100_v1,PFX_EXACT,M11,830103,40,27,40,1600,187,103.48184426147019
bdd100k_road8_dev2k,yolov8n_ultralytics_8.4.77_f59b3d83,yolov8n_bdd100k_road8_top100_v1,PFX_EXACT,M11,830103,40,28,40,1600,210,142.21391305705654
bdd100k_road8_dev2k,yolov8n_ultralytics_8.4.77_f59b3d83,yolov8n_bdd100k_road8_top100_v1,PFX_EXACT,M11,830103,40,29,40,1600,191,112.77501542004802
bdd100k_road8_dev2k,yolov8n_ultralytics_8.4.77_f59b3d83,yolov8n_bdd100k_road8_top100_v1,PFX_EXACT,M11,830103,40,30,40,1600,220,126.15992699885469
bdd100k_road8_dev2k,yolov8n_ultralytics_8.4.77_f59b3d83,yolov8n_bdd100k_road8_top100_v1,PFX_EXACT,M11,830103,40,31,40,1600,190,115.30254534625315
bdd100k_road8_dev2k,yolov8n_ultralytics_8.4.77_f59b3d83,yolov8n_bdd100k_road8_top100_v1,PFX_EXACT,M11,830103,40,32,40,1600,219,126.14486981221866
bdd100k_road8_dev2k,yolov8n_ultralytics_8.4.77_f59b3d83,yolov8n_bdd100k_road8_top100_v1,PFX_EXACT,M11,830103,40,33,40,1600,209,117.78667272826281
bdd100k_road8_dev2k,yolov8n_ultralytics_8.4.77_f59b3d83,yolov8n_bdd100k_road8_top100_v1,PFX_EXACT,M11,830103,40,34,40,1600,194,122.25501737810738
bdd100k_road8_dev2k,yolov8n_ultralytics_8.4.77_f59b3d83,yolov8n_bdd100k_road8_top100_v1,PFX_EXACT,M11,830103,40,35,40,1600,181,120.23690885423294
bdd100k_road8_dev2k,yolov8n_ultralytics_8.4.77_f59b3d83,yolov8n_bdd100k_road8_top100_v1,PFX_EXACT,M11,830103,40,36,40,1600,209,123.69531237752892
bdd100k_road8_dev2k,yolov8n_ultralytics_8.4.77_f59b3d83,yolov8n_bdd100k_road8_top100_v1,PFX_EXACT,M11,830103,40,37,40,1600,188,120.4509475486822
bdd100k_road8_dev2k,yolov8n_ultralytics_8.4.77_f59b3d83,yolov8n_bdd100k_road8_top100_v1,PFX_EXACT,M11,830103,40,38,40,1600,204,136.45353427671876
bdd100k_road8_dev2k,yolov8n_ultralytics_8.4.77_f59b3d83,yolov8n_bdd100k_road8_top100_v1,PFX_EXACT,M11,830103,40,39,40,1600,194,116.28834218435627
bdd100k_road8_dev2k,yolov8n_ultralytics_8.4.77_f59b3d83,yolov8n_bdd100k_road8_top100_v1,PFX_EXACT,M11,830103,40,40,40,1600,207,132.0635533500696
bdd100k_road8_dev2k,yolov8n_ultralytics_8.4.77_f59b3d83,yolov8n_bdd100k_road8_top100_v1,PFX_EXACT,M11,830103,40,41,40,1600,193,121.4267429228499
bdd100k_road8_dev2k,yolov8n_ultralytics_8.4.77_f59b3d83,yolov8n_bdd100k_road8_top100_v1,PFX_EXACT,M11,830103,40,42,40,1600,194,116.70224688588252
bdd100k_road8_dev2k,yolov8n_ultralytics_8.4.77_f59b3d83,yolov8n_bdd100k_road8_top100_v1,PFX_EXACT,M11,830103,40,43,40,1600,206,116.50301715402901
bdd100k_road8_dev2k,yolov8n_ultralytics_8.4.77_f59b3d83,yolov8n_bdd100k_road8_top100_v1,PFX_EXACT,M11,830103,40,44,40,1600,186,121.07348331452967
bdd100k_road8_dev2k,yolov8n_ultralytics_8.4.77_f59b3d83,yolov8n_bdd100k_road8_top100_v1,PFX_EXACT,M11,830103,40,45,40,1600,215,125.8842691319416
bdd100k_road8_dev2k,yolov8n_ultralytics_8.4.77_f59b3d83,yolov8n_bdd100k_road8_top100_v1,PFX_EXACT,M11,830103,40,46,40,1600,209,127.49848224931722
bdd100k_road8_dev2k,yolov8n_ultralytics_8.4.77_f59b3d83,yolov8n_bdd100k_road8_top100_v1,PFX_EXACT,M11,830103,40,47,40,1600,194,106.74449953911021
bdd100k_road8_dev2k,yolov8n_ultralytics_8.4.77_f59b3d83,yolov8n_bdd100k_road8_top100_v1,PFX_EXACT,M11,830103,40,48,40,1600,231,142.13324772631222
bdd100k_road8_dev2k,yolov8n_ultralytics_8.4.77_f59b3d83,yolov8n_bdd100k_road8_top100_v1,PFX_EXACT,M11,830103,40,49,40,1600,203,134.5234217486578
bdd100k_road8_dev2k,yolov8n_ultralytics_8.4.77_f59b3d83,yolov8n_bdd100k_road8_top100_v1,PFX_EXACT,S_ADAPT,-1,10,0,40,400,77,65.82568448365271
bdd100k_road8_dev2k,yolov8n_ultralytics_8.4.77_f59b3d83,yolov8n_bdd100k_road8_top100_v1,PFX_EXACT,S_ADAPT,-1,10,1,40,400,69,49.08685850637303
bdd100k_road8_dev2k,yolov8n_ultralytics_8.4.77_f59b3d83,yolov8n_bdd100k_road8_top100_v1,PFX_EXACT,S_ADAPT,-1,10,2,40,400,63,40.36794235925122
bdd100k_road8_dev2k,yolov8n_ultralytics_8.4.77_f59b3d83,yolov8n_bdd100k_road8_top100_v1,PFX_EXACT,S_ADAPT,-1,10,3,40,400,65,49.30452952575161
bdd100k_road8_dev2k,yolov8n_ultralytics_8.4.77_f59b3d83,yolov8n_bdd100k_road8_top100_v1,PFX_EXACT,S_ADAPT,-1,10,4,40,400,63,44.34516233645201
bdd100k_road8_dev2k,yolov8n_ultralytics_8.4.77_f59b3d83,yolov8n_bdd100k_road8_top100_v1,PFX_EXACT,S_ADAPT,-1,10,5,40,400,71,47.91205022851655
bdd100k_road8_dev2k,yolov8n_ultralytics_8.4.77_f59b3d83,yolov8n_bdd100k_road8_top100_v1,PFX_EXACT,S_ADAPT,-1,10,6,40,400,73,53.226486907707425
bdd100k_road8_dev2k,yolov8n_ultralytics_8.4.77_f59b3d83,yolov8n_bdd100k_road8_top100_v1,PFX_EXACT,S_ADAPT,-1,10,7,40,400,73,46.97454670659213
bdd100k_road8_dev2k,yolov8n_ultralytics_8.4.77_f59b3d83,yolov8n_bdd100k_road8_top100_v1,PFX_EXACT,S_ADAPT,-1,10,8,40,400,76,46.08341192429938
bdd100k_road8_dev2k,yolov8n_ultralytics_8.4.77_f59b3d83,yolov8n_bdd100k_road8_top100_v1,PFX_EXACT,S_ADAPT,-1,10,9,40,400,72,58.22086552315588
bdd100k_road8_dev2k,yolov8n_ultralytics_8.4.77_f59b3d83,yolov8n_bdd100k_road8_top100_v1,PFX_EXACT,S_ADAPT,-1,10,10,40,400,69,44.461819453496595
bdd100k_road8_dev2k,yolov8n_ultralytics_8.4.77_f59b3d83,yolov8n_bdd100k_road8_top100_v1,PFX_EXACT,S_ADAPT,-1,10,11,40,400,79,58.777532350475035
bdd100k_road8_dev2k,yolov8n_ultralytics_8.4.77_f59b3d83,yolov8n_bdd100k_road8_top100_v1,PFX_EXACT,S_ADAPT,-1,10,12,40,400,75,51.80232056808072
bdd100k_road8_dev2k,yolov8n_ultralytics_8.4.77_f59b3d83,yolov8n_bdd100k_road8_top100_v1,PFX_EXACT,S_ADAPT,-1,10,13,40,400,70,57.781884869983244
bdd100k_road8_dev2k,yolov8n_ultralytics_8.4.77_f59b3d83,yolov8n_bdd100k_road8_top100_v1,PFX_EXACT,S_ADAPT,-1,10,14,40,400,80,52.12071484110361
bdd100k_road8_dev2k,yolov8n_ultralytics_8.4.77_f59b3d83,yolov8n_bdd100k_road8_top100_v1,PFX_EXACT,S_ADAPT,-1,10,15,40,400,72,46.13230538053828
bdd100k_road8_dev2k,yolov8n_ultralytics_8.4.77_f59b3d83,yolov8n_bdd100k_road8_top100_v1,PFX_EXACT,S_ADAPT,-1,10,16,40,400,65,42.07755594084943
bdd100k_road8_dev2k,yolov8n_ultralytics_8.4.77_f59b3d83,yolov8n_bdd100k_road8_top100_v1,PFX_EXACT,S_ADAPT,-1,10,17,40,400,70,47.122667756970024
bdd100k_road8_dev2k,yolov8n_ultralytics_8.4.77_f59b3d83,yolov8n_bdd100k_road8_top100_v1,PFX_EXACT,S_ADAPT,-1,10,18,40,400,71,49.01345783407989
bdd100k_road8_dev2k,yolov8n_ultralytics_8.4.77_f59b3d83,yolov8n_bdd100k_road8_top100_v1,PFX_EXACT,S_ADAPT,-1,10,19,40,400,67,46.314510933151844
bdd100k_road8_dev2k,yolov8n_ultralytics_8.4.77_f59b3d83,yolov8n_bdd100k_road8_top100_v1,PFX_EXACT,S_ADAPT,-1,10,20,40,400,78,55.41914353527331
bdd100k_road8_dev2k,yolov8n_ultralytics_8.4.77_f59b3d83,yolov8n_bdd100k_road8_top100_v1,PFX_EXACT,S_ADAPT,-1,10,21,40,400,72,48.15927161627023
bdd100k_road8_dev2k,yolov8n_ultralytics_8.4.77_f59b3d83,yolov8n_bdd100k_road8_top100_v1,PFX_EXACT,S_ADAPT,-1,10,22,40,400,70,46.04783176255839
bdd100k_road8_dev2k,yolov8n_ultralytics_8.4.77_f59b3d83,yolov8n_bdd100k_road8_top100_v1,PFX_EXACT,S_ADAPT,-1,10,23,40,400,75,47.32863583633199
bdd100k_road8_dev2k,yolov8n_ultralytics_8.4.77_f59b3d83,yolov8n_bdd100k_road8_top100_v1,PFX_EXACT,S_ADAPT,-1,10,24,40,400,76,53.944594360795996
bdd100k_road8_dev2k,yolov8n_ultralytics_8.4.77_f59b3d83,yolov8n_bdd100k_road8_top100_v1,PFX_EXACT,S_ADAPT,-1,10,25,40,400,73,51.76054722104736
bdd100k_road8_dev2k,yolov8n_ultralytics_8.4.77_f59b3d83,yolov8n_bdd100k_road8_top100_v1,PFX_EXACT,S_ADAPT,-1,10,26,40,400,72,57.10812417748577
bdd100k_road8_dev2k,yolov8n_ultralytics_8.4.77_f59b3d83,yolov8n_bdd100k_road8_top100_v1,PFX_EXACT,S_ADAPT,-1,10,27,40,400,69,43.55502889470603
bdd100k_road8_dev2k,yolov8n_ultralytics_8.4.77_f59b3d83,yolov8n_bdd100k_road8_top100_v1,PFX_EXACT,S_ADAPT,-1,10,28,40,400,71,56.59719609546842
bdd100k_road8_dev2k,yolov8n_ultralytics_8.4.77_f59b3d83,yolov8n_bdd100k_road8_top100_v1,PFX_EXACT,S_ADAPT,-1,10,29,40,400,69,49.87239655552071
bdd100k_road8_dev2k,yolov8n_ultralytics_8.4.77_f59b3d83,yolov8n_bdd100k_road8_top100_v1,PFX_EXACT,S_ADAPT,-1,10,30,40,400,76,52.535181997328394
bdd100k_road8_dev2k,yolov8n_ultralytics_8.4.77_f59b3d83,yolov8n_bdd100k_road8_top100_v1,PFX_EXACT,S_ADAPT,-1,10,31,40,400,74,47.913830255817935
bdd100k_road8_dev2k,yolov8n_ultralytics_8.4.77_f59b3d83,yolov8n_bdd100k_road8_top100_v1,PFX_EXACT,S_ADAPT,-1,10,32,40,400,76,47.72219196626857
bdd100k_road8_dev2k,yolov8n_ultralytics_8.4.77_f59b3d83,yolov8n_bdd100k_road8_top100_v1,PFX_EXACT,S_ADAPT,-1,10,33,40,400,70,47.58912182163308
bdd100k_road8_dev2k,yolov8n_ultralytics_8.4.77_f59b3d83,yolov8n_bdd100k_road8_top100_v1,PFX_EXACT,S_ADAPT,-1,10,34,40,400,74,51.957676422640134
bdd100k_road8_dev2k,yolov8n_ultralytics_8.4.77_f59b3d83,yolov8n_bdd100k_road8_top100_v1,PFX_EXACT,S_ADAPT,-1,10,35,40,400,63,43.88730519781897
bdd100k_road8_dev2k,yolov8n_ultralytics_8.4.77_f59b3d83,yolov8n_bdd100k_road8_top100_v1,PFX_EXACT,S_ADAPT,-1,10,36,40,400,68,43.20817456914768
bdd100k_road8_dev2k,yolov8n_ultralytics_8.4.77_f59b3d83,yolov8n_bdd100k_road8_top100_v1,PFX_EXACT,S_ADAPT,-1,10,37,40,400,65,44.295572887857766
bdd100k_road8_dev2k,yolov8n_ultralytics_8.4.77_f59b3d83,yolov8n_bdd100k_road8_top100_v1,PFX_EXACT,S_ADAPT,-1,10,38,40,400,73,54.38860560450226
bdd100k_road8_dev2k,yolov8n_ultralytics_8.4.77_f59b3d83,yolov8n_bdd100k_road8_top100_v1,PFX_EXACT,S_ADAPT,-1,10,39,40,400,72,55.015452395151975
bdd100k_road8_dev2k,yolov8n_ultralytics_8.4.77_f59b3d83,yolov8n_bdd100k_road8_top100_v1,PFX_EXACT,S_ADAPT,-1,10,40,40,400,71,53.182975949429576
bdd100k_road8_dev2k,yolov8n_ultralytics_8.4.77_f59b3d83,yolov8n_bdd100k_road8_top100_v1,PFX_EXACT,S_ADAPT,-1,10,41,40,400,75,48.881289489783114
bdd100k_road8_dev2k,yolov8n_ultralytics_8.4.77_f59b3d83,yolov8n_bdd100k_road8_top100_v1,PFX_EXACT,S_ADAPT,-1,10,42,40,400,69,47.84725904404065
bdd100k_road8_dev2k,yolov8n_ultralytics_8.4.77_f59b3d83,yolov8n_bdd100k_road8_top100_v1,PFX_EXACT,S_ADAPT,-1,10,43,40,400,76,44.77190116828555
bdd100k_road8_dev2k,yolov8n_ultralytics_8.4.77_f59b3d83,yolov8n_bdd100k_road8_top100_v1,PFX_EXACT,S_ADAPT,-1,10,44,40,400,73,53.91612174647332
bdd100k_road8_dev2k,yolov8n_ultralytics_8.4.77_f59b3d83,yolov8n_bdd100k_road8_top100_v1,PFX_EXACT,S_ADAPT,-1,10,45,40,400,76,52.53062273989336
bdd100k_road8_dev2k,yolov8n_ultralytics_8.4.77_f59b3d83,yolov8n_bdd100k_road8_top100_v1,PFX_EXACT,S_ADAPT,-1,10,46,40,400,75,51.46361540882984
bdd100k_road8_dev2k,yolov8n_ultralytics_8.4.77_f59b3d83,yolov8n_bdd100k_road8_top100_v1,PFX_EXACT,S_ADAPT,-1,10,47,40,400,74,46.50648228744778
bdd100k_road8_dev2k,yolov8n_ultralytics_8.4.77_f59b3d83,yolov8n_bdd100k_road8_top100_v1,PFX_EXACT,S_ADAPT,-1,10,48,40,400,77,49.198926511712926
bdd100k_road8_dev2k,yolov8n_ultralytics_8.4.77_f59b3d83,yolov8n_bdd100k_road8_top100_v1,PFX_EXACT,S_ADAPT,-1,10,49,40,400,77,63.20147052259665
bdd100k_road8_dev2k,yolov8n_ultralytics_8.4.77_f59b3d83,yolov8n_bdd100k_road8_top100_v1,PFX_EXACT,S_ADAPT,-1,15,0,40,600,99,81.82695150589765
bdd100k_road8_dev2k,yolov8n_ultralytics_8.4.77_f59b3d83,yolov8n_bdd100k_road8_top100_v1,PFX_EXACT,S_ADAPT,-1,15,1,40,600,88,64.15005327110143
bdd100k_road8_dev2k,yolov8n_ultralytics_8.4.77_f59b3d83,yolov8n_bdd100k_road8_top100_v1,PFX_EXACT,S_ADAPT,-1,15,2,40,600,89,55.92134743449745
bdd100k_road8_dev2k,yolov8n_ultralytics_8.4.77_f59b3d83,yolov8n_bdd100k_road8_top100_v1,PFX_EXACT,S_ADAPT,-1,15,3,40,600,88,63.936844106664324
bdd100k_road8_dev2k,yolov8n_ultralytics_8.4.77_f59b3d83,yolov8n_bdd100k_road8_top100_v1,PFX_EXACT,S_ADAPT,-1,15,4,40,600,95,62.84382133825402
bdd100k_road8_dev2k,yolov8n_ultralytics_8.4.77_f59b3d83,yolov8n_bdd100k_road8_top100_v1,PFX_EXACT,S_ADAPT,-1,15,5,40,600,95,62.95705193835265
bdd100k_road8_dev2k,yolov8n_ultralytics_8.4.77_f59b3d83,yolov8n_bdd100k_road8_top100_v1,PFX_EXACT,S_ADAPT,-1,15,6,40,600,98,69.93018676386228
bdd100k_road8_dev2k,yolov8n_ultralytics_8.4.77_f59b3d83,yolov8n_bdd100k_road8_top100_v1,PFX_EXACT,S_ADAPT,-1,15,7,40,600,97,60.49040905709271
bdd100k_road8_dev2k,yolov8n_ultralytics_8.4.77_f59b3d83,yolov8n_bdd100k_road8_top100_v1,PFX_EXACT,S_ADAPT,-1,15,8,40,600,102,62.62081023697127
bdd100k_road8_dev2k,yolov8n_ultralytics_8.4.77_f59b3d83,yolov8n_bdd100k_road8_top100_v1,PFX_EXACT,S_ADAPT,-1,15,9,40,600,98,84.96108333455
bdd100k_road8_dev2k,yolov8n_ultralytics_8.4.77_f59b3d83,yolov8n_bdd100k_road8_top100_v1,PFX_EXACT,S_ADAPT,-1,15,10,40,600,92,58.99961024695098
bdd100k_road8_dev2k,yolov8n_ultralytics_8.4.77_f59b3d83,yolov8n_bdd100k_road8_top100_v1,PFX_EXACT,S_ADAPT,-1,15,11,40,600,98,70.71871613202059
bdd100k_road8_dev2k,yolov8n_ultralytics_8.4.77_f59b3d83,yolov8n_bdd100k_road8_top100_v1,PFX_EXACT,S_ADAPT,-1,15,12,40,600,102,66.17798730519756
bdd100k_road8_dev2k,yolov8n_ultralytics_8.4.77_f59b3d83,yolov8n_bdd100k_road8_top100_v1,PFX_EXACT,S_ADAPT,-1,15,13,40,600,101,82.68032075548237
bdd100k_road8_dev2k,yolov8n_ultralytics_8.4.77_f59b3d83,yolov8n_bdd100k_road8_top100_v1,PFX_EXACT,S_ADAPT,-1,15,14,40,600,102,69.06408077787128
bdd100k_road8_dev2k,yolov8n_ultralytics_8.4.77_f59b3d83,yolov8n_bdd100k_road8_top100_v1,PFX_EXACT,S_ADAPT,-1,15,15,40,600,92,56.46516128882846
bdd100k_road8_dev2k,yolov8n_ultralytics_8.4.77_f59b3d83,yolov8n_bdd100k_road8_top100_v1,PFX_EXACT,S_ADAPT,-1,15,16,40,600,88,58.16536725706534
bdd100k_road8_dev2k,yolov8n_ultralytics_8.4.77_f59b3d83,yolov8n_bdd100k_road8_top100_v1,PFX_EXACT,S_ADAPT,-1,15,17,40,600,102,65.20801591641238
bdd100k_road8_dev2k,yolov8n_ultralytics_8.4.77_f59b3d83,yolov8n_bdd100k_road8_top100_v1,PFX_EXACT,S_ADAPT,-1,15,18,40,600,95,64.78878997566281
bdd100k_road8_dev2k,yolov8n_ultralytics_8.4.77_f59b3d83,yolov8n_bdd100k_road8_top100_v1,PFX_EXACT,S_ADAPT,-1,15,19,40,600,96,64.6779018575641
bdd100k_road8_dev2k,yolov8n_ultralytics_8.4.77_f59b3d83,yolov8n_bdd100k_road8_top100_v1,PFX_EXACT,S_ADAPT,-1,15,20,40,600,92,66.51659661215331
bdd100k_road8_dev2k,yolov8n_ultralytics_8.4.77_f59b3d83,yolov8n_bdd100k_road8_top100_v1,PFX_EXACT,S_ADAPT,-1,15,21,40,600,93,61.71439515898417
bdd100k_road8_dev2k,yolov8n_ultralytics_8.4.77_f59b3d83,yolov8n_bdd100k_road8_top100_v1,PFX_EXACT,S_ADAPT,-1,15,22,40,600,96,59.94419146202405
bdd100k_road8_dev2k,yolov8n_ultralytics_8.4.77_f59b3d83,yolov8n_bdd100k_road8_top100_v1,PFX_EXACT,S_ADAPT,-1,15,23,40,600,100,61.76497124862344
bdd100k_road8_dev2k,yolov8n_ultralytics_8.4.77_f59b3d83,yolov8n_bdd100k_road8_top100_v1,PFX_EXACT,S_ADAPT,-1,15,24,40,600,97,68.56434033651665
bdd100k_road8_dev2k,yolov8n_ultralytics_8.4.77_f59b3d83,yolov8n_bdd100k_road8_top100_v1,PFX_EXACT,S_ADAPT,-1,15,25,40,600,97,66.10431482689557
bdd100k_road8_dev2k,yolov8n_ultralytics_8.4.77_f59b3d83,yolov8n_bdd100k_road8_top100_v1,PFX_EXACT,S_ADAPT,-1,15,26,40,600,99,77.78273613057307
bdd100k_road8_dev2k,yolov8n_ultralytics_8.4.77_f59b3d83,yolov8n_bdd100k_road8_top100_v1,PFX_EXACT,S_ADAPT,-1,15,27,40,600,90,56.2380638134077
bdd100k_road8_dev2k,yolov8n_ultralytics_8.4.77_f59b3d83,yolov8n_bdd100k_road8_top100_v1,PFX_EXACT,S_ADAPT,-1,15,28,40,600,93,73.3865321643619
bdd100k_road8_dev2k,yolov8n_ultralytics_8.4.77_f59b3d83,yolov8n_bdd100k_road8_top100_v1,PFX_EXACT,S_ADAPT,-1,15,29,40,600,90,63.61357635414067
bdd100k_road8_dev2k,yolov8n_ultralytics_8.4.77_f59b3d83,yolov8n_bdd100k_road8_top100_v1,PFX_EXACT,S_ADAPT,-1,15,30,40,600,101,67.81099834822089
bdd100k_road8_dev2k,yolov8n_ultralytics_8.4.77_f59b3d83,yolov8n_bdd100k_road8_top100_v1,PFX_EXACT,S_ADAPT,-1,15,31,40,600,97,62.887096625686304
bdd100k_road8_dev2k,yolov8n_ultralytics_8.4.77_f59b3d83,yolov8n_bdd100k_road8_top100_v1,PFX_EXACT,S_ADAPT,-1,15,32,40,600,95,60.66893986012754
bdd100k_road8_dev2k,yolov8n_ultralytics_8.4.77_f59b3d83,yolov8n_bdd100k_road8_top100_v1,PFX_EXACT,S_ADAPT,-1,15,33,40,600,95,62.54981958630939
bdd100k_road8_dev2k,yolov8n_ultralytics_8.4.77_f59b3d83,yolov8n_bdd100k_road8_top100_v1,PFX_EXACT,S_ADAPT,-1,15,34,40,600,97,63.8483563934655
bdd100k_road8_dev2k,yolov8n_ultralytics_8.4.77_f59b3d83,yolov8n_bdd100k_road8_top100_v1,PFX_EXACT,S_ADAPT,-1,15,35,40,600,95,69.99319318174905
bdd100k_road8_dev2k,yolov8n_ultralytics_8.4.77_f59b3d83,yolov8n_bdd100k_road8_top100_v1,PFX_EXACT,S_ADAPT,-1,15,36,40,600,98,63.70041129680131
bdd100k_road8_dev2k,yolov8n_ultralytics_8.4.77_f59b3d83,yolov8n_bdd100k_road8_top100_v1,PFX_EXACT,S_ADAPT,-1,15,37,40,600,86,58.39170748139303
bdd100k_road8_dev2k,yolov8n_ultralytics_8.4.77_f59b3d83,yolov8n_bdd100k_road8_top100_v1,PFX_EXACT,S_ADAPT,-1,15,38,40,600,104,74.33168839592072
bdd100k_road8_dev2k,yolov8n_ultralytics_8.4.77_f59b3d83,yolov8n_bdd100k_road8_top100_v1,PFX_EXACT,S_ADAPT,-1,15,39,40,600,94,69.04042038431163
bdd100k_road8_dev2k,yolov8n_ultralytics_8.4.77_f59b3d83,yolov8n_bdd100k_road8_top100_v1,PFX_EXACT,S_ADAPT,-1,15,40,40,600,96,68.81449178454322
bdd100k_road8_dev2k,yolov8n_ultralytics_8.4.77_f59b3d83,yolov8n_bdd100k_road8_top100_v1,PFX_EXACT,S_ADAPT,-1,15,41,40,600,99,71.47900227580817
bdd100k_road8_dev2k,yolov8n_ultralytics_8.4.77_f59b3d83,yolov8n_bdd100k_road8_top100_v1,PFX_EXACT,S_ADAPT,-1,15,42,40,600,84,56.42132354669765
bdd100k_road8_dev2k,yolov8n_ultralytics_8.4.77_f59b3d83,yolov8n_bdd100k_road8_top100_v1,PFX_EXACT,S_ADAPT,-1,15,43,40,600,93,59.45885463100698
bdd100k_road8_dev2k,yolov8n_ultralytics_8.4.77_f59b3d83,yolov8n_bdd100k_road8_top100_v1,PFX_EXACT,S_ADAPT,-1,15,44,40,600,88,65.0301025459202
bdd100k_road8_dev2k,yolov8n_ultralytics_8.4.77_f59b3d83,yolov8n_bdd100k_road8_top100_v1,PFX_EXACT,S_ADAPT,-1,15,45,40,600,97,65.69045882231983
bdd100k_road8_dev2k,yolov8n_ultralytics_8.4.77_f59b3d83,yolov8n_bdd100k_road8_top100_v1,PFX_EXACT,S_ADAPT,-1,15,46,40,600,98,65.38551766234528
bdd100k_road8_dev2k,yolov8n_ultralytics_8.4.77_f59b3d83,yolov8n_bdd100k_road8_top100_v1,PFX_EXACT,S_ADAPT,-1,15,47,40,600,93,57.76547812328596
bdd100k_road8_dev2k,yolov8n_ultralytics_8.4.77_f59b3d83,yolov8n_bdd100k_road8_top100_v1,PFX_EXACT,S_ADAPT,-1,15,48,40,600,111,75.43130969328905
bdd100k_road8_dev2k,yolov8n_ultralytics_8.4.77_f59b3d83,yolov8n_bdd100k_road8_top100_v1,PFX_EXACT,S_ADAPT,-1,15,49,40,600,99,80.17553057981732
bdd100k_road8_dev2k,yolov8n_ultralytics_8.4.77_f59b3d83,yolov8n_bdd100k_road8_top100_v1,PFX_EXACT,S_ADAPT,-1,20,0,40,800,126,99.72893779886131
bdd100k_road8_dev2k,yolov8n_ultralytics_8.4.77_f59b3d83,yolov8n_bdd100k_road8_top100_v1,PFX_EXACT,S_ADAPT,-1,20,1,40,800,114,77.79539585736507
bdd100k_road8_dev2k,yolov8n_ultralytics_8.4.77_f59b3d83,yolov8n_bdd100k_road8_top100_v1,PFX_EXACT,S_ADAPT,-1,20,2,40,800,116,70.42165706303986
bdd100k_road8_dev2k,yolov8n_ultralytics_8.4.77_f59b3d83,yolov8n_bdd100k_road8_top100_v1,PFX_EXACT,S_ADAPT,-1,20,3,40,800,119,83.1578603276194
bdd100k_road8_dev2k,yolov8n_ultralytics_8.4.77_f59b3d83,yolov8n_bdd100k_road8_top100_v1,PFX_EXACT,S_ADAPT,-1,20,4,40,800,127,78.53116222331117
bdd100k_road8_dev2k,yolov8n_ultralytics_8.4.77_f59b3d83,yolov8n_bdd100k_road8_top100_v1,PFX_EXACT,S_ADAPT,-1,20,5,40,800,114,73.28813410023507
bdd100k_road8_dev2k,yolov8n_ultralytics_8.4.77_f59b3d83,yolov8n_bdd100k_road8_top100_v1,PFX_EXACT,S_ADAPT,-1,20,6,40,800,116,80.37024975977883
bdd100k_road8_dev2k,yolov8n_ultralytics_8.4.77_f59b3d83,yolov8n_bdd100k_road8_top100_v1,PFX_EXACT,S_ADAPT,-1,20,7,40,800,116,77.13786595785116
bdd100k_road8_dev2k,yolov8n_ultralytics_8.4.77_f59b3d83,yolov8n_bdd100k_road8_top100_v1,PFX_EXACT,S_ADAPT,-1,20,8,40,800,120,72.33364253423399
bdd100k_road8_dev2k,yolov8n_ultralytics_8.4.77_f59b3d83,yolov8n_bdd100k_road8_top100_v1,PFX_EXACT,S_ADAPT,-1,20,9,40,800,122,97.15948369548356
bdd100k_road8_dev2k,yolov8n_ultralytics_8.4.77_f59b3d83,yolov8n_bdd100k_road8_top100_v1,PFX_EXACT,S_ADAPT,-1,20,10,40,800,117,71.2945862286531
bdd100k_road8_dev2k,yolov8n_ultralytics_8.4.77_f59b3d83,yolov8n_bdd100k_road8_top100_v1,PFX_EXACT,S_ADAPT,-1,20,11,40,800,120,84.18139284416088
bdd100k_road8_dev2k,yolov8n_ultralytics_8.4.77_f59b3d83,yolov8n_bdd100k_road8_top100_v1,PFX_EXACT,S_ADAPT,-1,20,12,40,800,129,81.96674743625438
bdd100k_road8_dev2k,yolov8n_ultralytics_8.4.77_f59b3d83,yolov8n_bdd100k_road8_top100_v1,PFX_EXACT,S_ADAPT,-1,20,13,40,800,127,97.45054282536806
bdd100k_road8_dev2k,yolov8n_ultralytics_8.4.77_f59b3d83,yolov8n_bdd100k_road8_top100_v1,PFX_EXACT,S_ADAPT,-1,20,14,40,800,128,84.74402974771405
bdd100k_road8_dev2k,yolov8n_ultralytics_8.4.77_f59b3d83,yolov8n_bdd100k_road8_top100_v1,PFX_EXACT,S_ADAPT,-1,20,15,40,800,113,68.51280118780092
bdd100k_road8_dev2k,yolov8n_ultralytics_8.4.77_f59b3d83,yolov8n_bdd100k_road8_top100_v1,PFX_EXACT,S_ADAPT,-1,20,16,40,800,111,76.20922015637679
bdd100k_road8_dev2k,yolov8n_ultralytics_8.4.77_f59b3d83,yolov8n_bdd100k_road8_top100_v1,PFX_EXACT,S_ADAPT,-1,20,17,40,800,136,82.66019056225583
bdd100k_road8_dev2k,yolov8n_ultralytics_8.4.77_f59b3d83,yolov8n_bdd100k_road8_top100_v1,PFX_EXACT,S_ADAPT,-1,20,18,40,800,121,83.40354363981088
bdd100k_road8_dev2k,yolov8n_ultralytics_8.4.77_f59b3d83,yolov8n_bdd100k_road8_top100_v1,PFX_EXACT,S_ADAPT,-1,20,19,40,800,117,76.81179540181782
bdd100k_road8_dev2k,yolov8n_ultralytics_8.4.77_f59b3d83,yolov8n_bdd100k_road8_top100_v1,PFX_EXACT,S_ADAPT,-1,20,20,40,800,119,84.99177745500299
bdd100k_road8_dev2k,yolov8n_ultralytics_8.4.77_f59b3d83,yolov8n_bdd100k_road8_top100_v1,PFX_EXACT,S_ADAPT,-1,20,21,40,800,121,75.69018532410885
bdd100k_road8_dev2k,yolov8n_ultralytics_8.4.77_f59b3d83,yolov8n_bdd100k_road8_top100_v1,PFX_EXACT,S_ADAPT,-1,20,22,40,800,121,74.77496123121475
bdd100k_road8_dev2k,yolov8n_ultralytics_8.4.77_f59b3d83,yolov8n_bdd100k_road8_top100_v1,PFX_EXACT,S_ADAPT,-1,20,23,40,800,122,74.13496453799361
bdd100k_road8_dev2k,yolov8n_ultralytics_8.4.77_f59b3d83,yolov8n_bdd100k_road8_top100_v1,PFX_EXACT,S_ADAPT,-1,20,24,40,800,119,78.7529258977214
bdd100k_road8_dev2k,yolov8n_ultralytics_8.4.77_f59b3d83,yolov8n_bdd100k_road8_top100_v1,PFX_EXACT,S_ADAPT,-1,20,25,40,800,123,80.07981434333058
bdd100k_road8_dev2k,yolov8n_ultralytics_8.4.77_f59b3d83,yolov8n_bdd100k_road8_top100_v1,PFX_EXACT,S_ADAPT,-1,20,26,40,800,118,89.61303807491352
bdd100k_road8_dev2k,yolov8n_ultralytics_8.4.77_f59b3d83,yolov8n_bdd100k_road8_top100_v1,PFX_EXACT,S_ADAPT,-1,20,27,40,800,122,74.90194032374662
bdd100k_road8_dev2k,yolov8n_ultralytics_8.4.77_f59b3d83,yolov8n_bdd100k_road8_top100_v1,PFX_EXACT,S_ADAPT,-1,20,28,40,800,115,86.4983828717818
bdd100k_road8_dev2k,yolov8n_ultralytics_8.4.77_f59b3d83,yolov8n_bdd100k_road8_top100_v1,PFX_EXACT,S_ADAPT,-1,20,29,40,800,122,83.09374001192438
bdd100k_road8_dev2k,yolov8n_ultralytics_8.4.77_f59b3d83,yolov8n_bdd100k_road8_top100_v1,PFX_EXACT,S_ADAPT,-1,20,30,40,800,129,85.18225314979361
bdd100k_road8_dev2k,yolov8n_ultralytics_8.4.77_f59b3d83,yolov8n_bdd100k_road8_top100_v1,PFX_EXACT,S_ADAPT,-1,20,31,40,800,121,73.45886764438984
bdd100k_road8_dev2k,yolov8n_ultralytics_8.4.77_f59b3d83,yolov8n_bdd100k_road8_top100_v1,PFX_EXACT,S_ADAPT,-1,20,32,40,800,118,76.42670266025443
bdd100k_road8_dev2k,yolov8n_ultralytics_8.4.77_f59b3d83,yolov8n_bdd100k_road8_top100_v1,PFX_EXACT,S_ADAPT,-1,20,33,40,800,116,76.4708561746494
bdd100k_road8_dev2k,yolov8n_ultralytics_8.4.77_f59b3d83,yolov8n_bdd100k_road8_top100_v1,PFX_EXACT,S_ADAPT,-1,20,34,40,800,121,82.75780780191354
bdd100k_road8_dev2k,yolov8n_ultralytics_8.4.77_f59b3d83,yolov8n_bdd100k_road8_top100_v1,PFX_EXACT,S_ADAPT,-1,20,35,40,800,117,85.84771383725183
bdd100k_road8_dev2k,yolov8n_ultralytics_8.4.77_f59b3d83,yolov8n_bdd100k_road8_top100_v1,PFX_EXACT,S_ADAPT,-1,20,36,40,800,125,81.74162478452955
bdd100k_road8_dev2k,yolov8n_ultralytics_8.4.77_f59b3d83,yolov8n_bdd100k_road8_top100_v1,PFX_EXACT,S_ADAPT,-1,20,37,40,800,111,81.51068288670996
bdd100k_road8_dev2k,yolov8n_ultralytics_8.4.77_f59b3d83,yolov8n_bdd100k_road8_top100_v1,PFX_EXACT,S_ADAPT,-1,20,38,40,800,127,87.58971673449065
bdd100k_road8_dev2k,yolov8n_ultralytics_8.4.77_f59b3d83,yolov8n_bdd100k_road8_top100_v1,PFX_EXACT,S_ADAPT,-1,20,39,40,800,118,82.51387939344899
bdd100k_road8_dev2k,yolov8n_ultralytics_8.4.77_f59b3d83,yolov8n_bdd100k_road8_top100_v1,PFX_EXACT,S_ADAPT,-1,20,40,40,800,124,90.31819516111295
bdd100k_road8_dev2k,yolov8n_ultralytics_8.4.77_f59b3d83,yolov8n_bdd100k_road8_top100_v1,PFX_EXACT,S_ADAPT,-1,20,41,40,800,123,85.15889596671089
bdd100k_road8_dev2k,yolov8n_ultralytics_8.4.77_f59b3d83,yolov8n_bdd100k_road8_top100_v1,PFX_EXACT,S_ADAPT,-1,20,42,40,800,117,78.30982901614107
bdd100k_road8_dev2k,yolov8n_ultralytics_8.4.77_f59b3d83,yolov8n_bdd100k_road8_top100_v1,PFX_EXACT,S_ADAPT,-1,20,43,40,800,119,76.63269586319086
bdd100k_road8_dev2k,yolov8n_ultralytics_8.4.77_f59b3d83,yolov8n_bdd100k_road8_top100_v1,PFX_EXACT,S_ADAPT,-1,20,44,40,800,121,87.61071259289263
bdd100k_road8_dev2k,yolov8n_ultralytics_8.4.77_f59b3d83,yolov8n_bdd100k_road8_top100_v1,PFX_EXACT,S_ADAPT,-1,20,45,40,800,128,84.29454488444682
bdd100k_road8_dev2k,yolov8n_ultralytics_8.4.77_f59b3d83,yolov8n_bdd100k_road8_top100_v1,PFX_EXACT,S_ADAPT,-1,20,46,40,800,122,79.53409948582859
bdd100k_road8_dev2k,yolov8n_ultralytics_8.4.77_f59b3d83,yolov8n_bdd100k_road8_top100_v1,PFX_EXACT,S_ADAPT,-1,20,47,40,800,112,69.07601310783986
bdd100k_road8_dev2k,yolov8n_ultralytics_8.4.77_f59b3d83,yolov8n_bdd100k_road8_top100_v1,PFX_EXACT,S_ADAPT,-1,20,48,40,800,140,95.08113542206874
bdd100k_road8_dev2k,yolov8n_ultralytics_8.4.77_f59b3d83,yolov8n_bdd100k_road8_top100_v1,PFX_EXACT,S_ADAPT,-1,20,49,40,800,120,95.01588391608307
bdd100k_road8_dev2k,yolov8n_ultralytics_8.4.77_f59b3d83,yolov8n_bdd100k_road8_top100_v1,PFX_EXACT,S_ADAPT,-1,30,0,40,1200,175,131.41250883473617
bdd100k_road8_dev2k,yolov8n_ultralytics_8.4.77_f59b3d83,yolov8n_bdd100k_road8_top100_v1,PFX_EXACT,S_ADAPT,-1,30,1,40,1200,155,103.57643558855986
bdd100k_road8_dev2k,yolov8n_ultralytics_8.4.77_f59b3d83,yolov8n_bdd100k_road8_top100_v1,PFX_EXACT,S_ADAPT,-1,30,2,40,1200,160,92.09223699957829
bdd100k_road8_dev2k,yolov8n_ultralytics_8.4.77_f59b3d83,yolov8n_bdd100k_road8_top100_v1,PFX_EXACT,S_ADAPT,-1,30,3,40,1200,158,101.61754250500412
bdd100k_road8_dev2k,yolov8n_ultralytics_8.4.77_f59b3d83,yolov8n_bdd100k_road8_top100_v1,PFX_EXACT,S_ADAPT,-1,30,4,40,1200,167,100.42676267838567
bdd100k_road8_dev2k,yolov8n_ultralytics_8.4.77_f59b3d83,yolov8n_bdd100k_road8_top100_v1,PFX_EXACT,S_ADAPT,-1,30,5,40,1200,172,99.55328207825526
bdd100k_road8_dev2k,yolov8n_ultralytics_8.4.77_f59b3d83,yolov8n_bdd100k_road8_top100_v1,PFX_EXACT,S_ADAPT,-1,30,6,40,1200,166,108.86924013412528
bdd100k_road8_dev2k,yolov8n_ultralytics_8.4.77_f59b3d83,yolov8n_bdd100k_road8_top100_v1,PFX_EXACT,S_ADAPT,-1,30,7,40,1200,161,97.73865305229882
bdd100k_road8_dev2k,yolov8n_ultralytics_8.4.77_f59b3d83,yolov8n_bdd100k_road8_top100_v1,PFX_EXACT,S_ADAPT,-1,30,8,40,1200,166,97.97819188474097
bdd100k_road8_dev2k,yolov8n_ultralytics_8.4.77_f59b3d83,yolov8n_bdd100k_road8_top100_v1,PFX_EXACT,S_ADAPT,-1,30,9,40,1200,166,122.47228933471392
bdd100k_road8_dev2k,yolov8n_ultralytics_8.4.77_f59b3d83,yolov8n_bdd100k_road8_top100_v1,PFX_EXACT,S_ADAPT,-1,30,10,40,1200,163,98.0832246129891
bdd100k_road8_dev2k,yolov8n_ultralytics_8.4.77_f59b3d83,yolov8n_bdd100k_road8_top100_v1,PFX_EXACT,S_ADAPT,-1,30,11,40,1200,166,114.65094938781003
bdd100k_road8_dev2k,yolov8n_ultralytics_8.4.77_f59b3d83,yolov8n_bdd100k_road8_top100_v1,PFX_EXACT,S_ADAPT,-1,30,12,40,1200,172,105.75430056319748
bdd100k_road8_dev2k,yolov8n_ultralytics_8.4.77_f59b3d83,yolov8n_bdd100k_road8_top100_v1,PFX_EXACT,S_ADAPT,-1,30,13,40,1200,175,127.23361924118842
bdd100k_road8_dev2k,yolov8n_ultralytics_8.4.77_f59b3d83,yolov8n_bdd100k_road8_top100_v1,PFX_EXACT,S_ADAPT,-1,30,14,40,1200,173,113.16979540348107
bdd100k_road8_dev2k,yolov8n_ultralytics_8.4.77_f59b3d83,yolov8n_bdd100k_road8_top100_v1,PFX_EXACT,S_ADAPT,-1,30,15,40,1200,152,89.75733828486116
bdd100k_road8_dev2k,yolov8n_ultralytics_8.4.77_f59b3d83,yolov8n_bdd100k_road8_top100_v1,PFX_EXACT,S_ADAPT,-1,30,16,40,1200,162,106.05622209149762
bdd100k_road8_dev2k,yolov8n_ultralytics_8.4.77_f59b3d83,yolov8n_bdd100k_road8_top100_v1,PFX_EXACT,S_ADAPT,-1,30,17,40,1200,171,110.14208983798596
bdd100k_road8_dev2k,yolov8n_ultralytics_8.4.77_f59b3d83,yolov8n_bdd100k_road8_top100_v1,PFX_EXACT,S_ADAPT,-1,30,18,40,1200,165,105.81329916675895
bdd100k_road8_dev2k,yolov8n_ultralytics_8.4.77_f59b3d83,yolov8n_bdd100k_road8_top100_v1,PFX_EXACT,S_ADAPT,-1,30,19,40,1200,156,96.74350831796623
bdd100k_road8_dev2k,yolov8n_ultralytics_8.4.77_f59b3d83,yolov8n_bdd100k_road8_top100_v1,PFX_EXACT,S_ADAPT,-1,30,20,40,1200,164,115.32176745824736
bdd100k_road8_dev2k,yolov8n_ultralytics_8.4.77_f59b3d83,yolov8n_bdd100k_road8_top100_v1,PFX_EXACT,S_ADAPT,-1,30,21,40,1200,157,93.84020369215753
bdd100k_road8_dev2k,yolov8n_ultralytics_8.4.77_f59b3d83,yolov8n_bdd100k_road8_top100_v1,PFX_EXACT,S_ADAPT,-1,30,22,40,1200,158,98.4805654567852
bdd100k_road8_dev2k,yolov8n_ultralytics_8.4.77_f59b3d83,yolov8n_bdd100k_road8_top100_v1,PFX_EXACT,S_ADAPT,-1,30,23,40,1200,161,92.05346599173691
bdd100k_road8_dev2k,yolov8n_ultralytics_8.4.77_f59b3d83,yolov8n_bdd100k_road8_top100_v1,PFX_EXACT,S_ADAPT,-1,30,24,40,1200,169,105.0681660619025
bdd100k_road8_dev2k,yolov8n_ultralytics_8.4.77_f59b3d83,yolov8n_bdd100k_road8_top100_v1,PFX_EXACT,S_ADAPT,-1,30,25,40,1200,162,103.50753291496402
bdd100k_road8_dev2k,yolov8n_ultralytics_8.4.77_f59b3d83,yolov8n_bdd100k_road8_top100_v1,PFX_EXACT,S_ADAPT,-1,30,26,40,1200,169,114.71434230668162
bdd100k_road8_dev2k,yolov8n_ultralytics_8.4.77_f59b3d83,yolov8n_bdd100k_road8_top100_v1,PFX_EXACT,S_ADAPT,-1,30,27,40,1200,164,95.40139301290093
bdd100k_road8_dev2k,yolov8n_ultralytics_8.4.77_f59b3d83,yolov8n_bdd100k_road8_top100_v1,PFX_EXACT,S_ADAPT,-1,30,28,40,1200,167,118.09810400311304
bdd100k_road8_dev2k,yolov8n_ultralytics_8.4.77_f59b3d83,yolov8n_bdd100k_road8_top100_v1,PFX_EXACT,S_ADAPT,-1,30,29,40,1200,162,101.63756274254243
bdd100k_road8_dev2k,yolov8n_ultralytics_8.4.77_f59b3d83,yolov8n_bdd100k_road8_top100_v1,PFX_EXACT,S_ADAPT,-1,30,30,40,1200,178,109.06152097979174
bdd100k_road8_dev2k,yolov8n_ultralytics_8.4.77_f59b3d83,yolov8n_bdd100k_road8_top100_v1,PFX_EXACT,S_ADAPT,-1,30,31,40,1200,156,96.52716956616649
bdd100k_road8_dev2k,yolov8n_ultralytics_8.4.77_f59b3d83,yolov8n_bdd100k_road8_top100_v1,PFX_EXACT,S_ADAPT,-1,30,32,40,1200,162,99.62096717924825
bdd100k_road8_dev2k,yolov8n_ultralytics_8.4.77_f59b3d83,yolov8n_bdd100k_road8_top100_v1,PFX_EXACT,S_ADAPT,-1,30,33,40,1200,169,103.52234186896725
bdd100k_road8_dev2k,yolov8n_ultralytics_8.4.77_f59b3d83,yolov8n_bdd100k_road8_top100_v1,PFX_EXACT,S_ADAPT,-1,30,34,40,1200,158,101.85656602949985
bdd100k_road8_dev2k,yolov8n_ultralytics_8.4.77_f59b3d83,yolov8n_bdd100k_road8_top100_v1,PFX_EXACT,S_ADAPT,-1,30,35,40,1200,147,103.8750327331028
bdd100k_road8_dev2k,yolov8n_ultralytics_8.4.77_f59b3d83,yolov8n_bdd100k_road8_top100_v1,PFX_EXACT,S_ADAPT,-1,30,36,40,1200,175,104.79769116586071
bdd100k_road8_dev2k,yolov8n_ultralytics_8.4.77_f59b3d83,yolov8n_bdd100k_road8_top100_v1,PFX_EXACT,S_ADAPT,-1,30,37,40,1200,153,105.57336128013728
bdd100k_road8_dev2k,yolov8n_ultralytics_8.4.77_f59b3d83,yolov8n_bdd100k_road8_top100_v1,PFX_EXACT,S_ADAPT,-1,30,38,40,1200,172,119.64160455672922
bdd100k_road8_dev2k,yolov8n_ultralytics_8.4.77_f59b3d83,yolov8n_bdd100k_road8_top100_v1,PFX_EXACT,S_ADAPT,-1,30,39,40,1200,158,101.27342972421775
bdd100k_road8_dev2k,yolov8n_ultralytics_8.4.77_f59b3d83,yolov8n_bdd100k_road8_top100_v1,PFX_EXACT,S_ADAPT,-1,30,40,40,1200,167,111.94046293879185
bdd100k_road8_dev2k,yolov8n_ultralytics_8.4.77_f59b3d83,yolov8n_bdd100k_road8_top100_v1,PFX_EXACT,S_ADAPT,-1,30,41,40,1200,164,111.57244936290505
bdd100k_road8_dev2k,yolov8n_ultralytics_8.4.77_f59b3d83,yolov8n_bdd100k_road8_top100_v1,PFX_EXACT,S_ADAPT,-1,30,42,40,1200,164,103.8706431570804
bdd100k_road8_dev2k,yolov8n_ultralytics_8.4.77_f59b3d83,yolov8n_bdd100k_road8_top100_v1,PFX_EXACT,S_ADAPT,-1,30,43,40,1200,161,95.96429699176774
bdd100k_road8_dev2k,yolov8n_ultralytics_8.4.77_f59b3d83,yolov8n_bdd100k_road8_top100_v1,PFX_EXACT,S_ADAPT,-1,30,44,40,1200,157,107.04347845394275
bdd100k_road8_dev2k,yolov8n_ultralytics_8.4.77_f59b3d83,yolov8n_bdd100k_road8_top100_v1,PFX_EXACT,S_ADAPT,-1,30,45,40,1200,171,108.71027078872486
bdd100k_road8_dev2k,yolov8n_ultralytics_8.4.77_f59b3d83,yolov8n_bdd100k_road8_top100_v1,PFX_EXACT,S_ADAPT,-1,30,46,40,1200,165,111.36550720428528
bdd100k_road8_dev2k,yolov8n_ultralytics_8.4.77_f59b3d83,yolov8n_bdd100k_road8_top100_v1,PFX_EXACT,S_ADAPT,-1,30,47,40,1200,154,93.10045308526213
bdd100k_road8_dev2k,yolov8n_ultralytics_8.4.77_f59b3d83,yolov8n_bdd100k_road8_top100_v1,PFX_EXACT,S_ADAPT,-1,30,48,40,1200,177,119.2081509593558
bdd100k_road8_dev2k,yolov8n_ultralytics_8.4.77_f59b3d83,yolov8n_bdd100k_road8_top100_v1,PFX_EXACT,S_ADAPT,-1,30,49,40,1200,171,120.11850157274915
bdd100k_road8_dev2k,yolov8n_ultralytics_8.4.77_f59b3d83,yolov8n_bdd100k_road8_top100_v1,PFX_EXACT,S_ADAPT,-1,40,0,40,1600,197,140.75942808637282
bdd100k_road8_dev2k,yolov8n_ultralytics_8.4.77_f59b3d83,yolov8n_bdd100k_road8_top100_v1,PFX_EXACT,S_ADAPT,-1,40,1,40,1600,185,120.72208229332352
bdd100k_road8_dev2k,yolov8n_ultralytics_8.4.77_f59b3d83,yolov8n_bdd100k_road8_top100_v1,PFX_EXACT,S_ADAPT,-1,40,2,40,1600,181,100.68460925210356
bdd100k_road8_dev2k,yolov8n_ultralytics_8.4.77_f59b3d83,yolov8n_bdd100k_road8_top100_v1,PFX_EXACT,S_ADAPT,-1,40,3,40,1600,181,107.92073120614546
bdd100k_road8_dev2k,yolov8n_ultralytics_8.4.77_f59b3d83,yolov8n_bdd100k_road8_top100_v1,PFX_EXACT,S_ADAPT,-1,40,4,40,1600,192,108.00575471703665
bdd100k_road8_dev2k,yolov8n_ultralytics_8.4.77_f59b3d83,yolov8n_bdd100k_road8_top100_v1,PFX_EXACT,S_ADAPT,-1,40,5,40,1600,205,112.43993631342538
bdd100k_road8_dev2k,yolov8n_ultralytics_8.4.77_f59b3d83,yolov8n_bdd100k_road8_top100_v1,PFX_EXACT,S_ADAPT,-1,40,6,40,1600,197,121.4335472597913
bdd100k_road8_dev2k,yolov8n_ultralytics_8.4.77_f59b3d83,yolov8n_bdd100k_road8_top100_v1,PFX_EXACT,S_ADAPT,-1,40,7,40,1600,187,107.31328093100525
bdd100k_road8_dev2k,yolov8n_ultralytics_8.4.77_f59b3d83,yolov8n_bdd100k_road8_top100_v1,PFX_EXACT,S_ADAPT,-1,40,8,40,1600,201,116.12452922231726
bdd100k_road8_dev2k,yolov8n_ultralytics_8.4.77_f59b3d83,yolov8n_bdd100k_road8_top100_v1,PFX_EXACT,S_ADAPT,-1,40,9,40,1600,195,133.44968235097943
bdd100k_road8_dev2k,yolov8n_ultralytics_8.4.77_f59b3d83,yolov8n_bdd100k_road8_top100_v1,PFX_EXACT,S_ADAPT,-1,40,10,40,1600,189,109.34383080330856
bdd100k_road8_dev2k,yolov8n_ultralytics_8.4.77_f59b3d83,yolov8n_bdd100k_road8_top100_v1,PFX_EXACT,S_ADAPT,-1,40,11,40,1600,201,131.8172651671227
bdd100k_road8_dev2k,yolov8n_ultralytics_8.4.77_f59b3d83,yolov8n_bdd100k_road8_top100_v1,PFX_EXACT,S_ADAPT,-1,40,12,40,1600,202,120.30759002211683
bdd100k_road8_dev2k,yolov8n_ultralytics_8.4.77_f59b3d83,yolov8n_bdd100k_road8_top100_v1,PFX_EXACT,S_ADAPT,-1,40,13,40,1600,215,146.01135006506223
bdd100k_road8_dev2k,yolov8n_ultralytics_8.4.77_f59b3d83,yolov8n_bdd100k_road8_top100_v1,PFX_EXACT,S_ADAPT,-1,40,14,40,1600,214,133.46104594535586
bdd100k_road8_dev2k,yolov8n_ultralytics_8.4.77_f59b3d83,yolov8n_bdd100k_road8_top100_v1,PFX_EXACT,S_ADAPT,-1,40,15,40,1600,189,103.91715016506409
bdd100k_road8_dev2k,yolov8n_ultralytics_8.4.77_f59b3d83,yolov8n_bdd100k_road8_top100_v1,PFX_EXACT,S_ADAPT,-1,40,16,40,1600,200,127.25646112491727
bdd100k_road8_dev2k,yolov8n_ultralytics_8.4.77_f59b3d83,yolov8n_bdd100k_road8_top100_v1,PFX_EXACT,S_ADAPT,-1,40,17,40,1600,199,124.75682879654903
bdd100k_road8_dev2k,yolov8n_ultralytics_8.4.77_f59b3d83,yolov8n_bdd100k_road8_top100_v1,PFX_EXACT,S_ADAPT,-1,40,18,40,1600,191,117.96090506828263
bdd100k_road8_dev2k,yolov8n_ultralytics_8.4.77_f59b3d83,yolov8n_bdd100k_road8_top100_v1,PFX_EXACT,S_ADAPT,-1,40,19,40,1600,183,107.10442521601982
bdd100k_road8_dev2k,yolov8n_ultralytics_8.4.77_f59b3d83,yolov8n_bdd100k_road8_top100_v1,PFX_EXACT,S_ADAPT,-1,40,20,40,1600,196,132.23338509388566
bdd100k_road8_dev2k,yolov8n_ultralytics_8.4.77_f59b3d83,yolov8n_bdd100k_road8_top100_v1,PFX_EXACT,S_ADAPT,-1,40,21,40,1600,182,109.38314697336604
bdd100k_road8_dev2k,yolov8n_ultralytics_8.4.77_f59b3d83,yolov8n_bdd100k_road8_top100_v1,PFX_EXACT,S_ADAPT,-1,40,22,40,1600,189,114.23832825691211
bdd100k_road8_dev2k,yolov8n_ultralytics_8.4.77_f59b3d83,yolov8n_bdd100k_road8_top100_v1,PFX_EXACT,S_ADAPT,-1,40,23,40,1600,186,100.39882266449187
bdd100k_road8_dev2k,yolov8n_ultralytics_8.4.77_f59b3d83,yolov8n_bdd100k_road8_top100_v1,PFX_EXACT,S_ADAPT,-1,40,24,40,1600,195,114.57501771801603
bdd100k_road8_dev2k,yolov8n_ultralytics_8.4.77_f59b3d83,yolov8n_bdd100k_road8_top100_v1,PFX_EXACT,S_ADAPT,-1,40,25,40,1600,192,117.92915676715324
bdd100k_road8_dev2k,yolov8n_ultralytics_8.4.77_f59b3d83,yolov8n_bdd100k_road8_top100_v1,PFX_EXACT,S_ADAPT,-1,40,26,40,1600,190,121.7147997135424
bdd100k_road8_dev2k,yolov8n_ultralytics_8.4.77_f59b3d83,yolov8n_bdd100k_road8_top100_v1,PFX_EXACT,S_ADAPT,-1,40,27,40,1600,179,101.97555934765073
bdd100k_road8_dev2k,yolov8n_ultralytics_8.4.77_f59b3d83,yolov8n_bdd100k_road8_top100_v1,PFX_EXACT,S_ADAPT,-1,40,28,40,1600,204,135.97850057850812
bdd100k_road8_dev2k,yolov8n_ultralytics_8.4.77_f59b3d83,yolov8n_bdd100k_road8_top100_v1,PFX_EXACT,S_ADAPT,-1,40,29,40,1600,185,111.87871650956482
bdd100k_road8_dev2k,yolov8n_ultralytics_8.4.77_f59b3d83,yolov8n_bdd100k_road8_top100_v1,PFX_EXACT,S_ADAPT,-1,40,30,40,1600,208,121.13589588184239
bdd100k_road8_dev2k,yolov8n_ultralytics_8.4.77_f59b3d83,yolov8n_bdd100k_road8_top100_v1,PFX_EXACT,S_ADAPT,-1,40,31,40,1600,184,111.10041954549227
bdd100k_road8_dev2k,yolov8n_ultralytics_8.4.77_f59b3d83,yolov8n_bdd100k_road8_top100_v1,PFX_EXACT,S_ADAPT,-1,40,32,40,1600,203,120.76174254830892
bdd100k_road8_dev2k,yolov8n_ultralytics_8.4.77_f59b3d83,yolov8n_bdd100k_road8_top100_v1,PFX_EXACT,S_ADAPT,-1,40,33,40,1600,200,115.21766638460761
bdd100k_road8_dev2k,yolov8n_ultralytics_8.4.77_f59b3d83,yolov8n_bdd100k_road8_top100_v1,PFX_EXACT,S_ADAPT,-1,40,34,40,1600,187,118.4992641457335
bdd100k_road8_dev2k,yolov8n_ultralytics_8.4.77_f59b3d83,yolov8n_bdd100k_road8_top100_v1,PFX_EXACT,S_ADAPT,-1,40,35,40,1600,172,117.31868686033863
bdd100k_road8_dev2k,yolov8n_ultralytics_8.4.77_f59b3d83,yolov8n_bdd100k_road8_top100_v1,PFX_EXACT,S_ADAPT,-1,40,36,40,1600,205,123.52108003750911
bdd100k_road8_dev2k,yolov8n_ultralytics_8.4.77_f59b3d83,yolov8n_bdd100k_road8_top100_v1,PFX_EXACT,S_ADAPT,-1,40,37,40,1600,187,120.31229537040336
bdd100k_road8_dev2k,yolov8n_ultralytics_8.4.77_f59b3d83,yolov8n_bdd100k_road8_top100_v1,PFX_EXACT,S_ADAPT,-1,40,38,40,1600,192,129.24797445567143
bdd100k_road8_dev2k,yolov8n_ultralytics_8.4.77_f59b3d83,yolov8n_bdd100k_road8_top100_v1,PFX_EXACT,S_ADAPT,-1,40,39,40,1600,182,114.01804768021996
bdd100k_road8_dev2k,yolov8n_ultralytics_8.4.77_f59b3d83,yolov8n_bdd100k_road8_top100_v1,PFX_EXACT,S_ADAPT,-1,40,40,40,1600,203,131.14894668971814
bdd100k_road8_dev2k,yolov8n_ultralytics_8.4.77_f59b3d83,yolov8n_bdd100k_road8_top100_v1,PFX_EXACT,S_ADAPT,-1,40,41,40,1600,189,119.61715705780684
bdd100k_road8_dev2k,yolov8n_ultralytics_8.4.77_f59b3d83,yolov8n_bdd100k_road8_top100_v1,PFX_EXACT,S_ADAPT,-1,40,42,40,1600,186,113.07258350748903
bdd100k_road8_dev2k,yolov8n_ultralytics_8.4.77_f59b3d83,yolov8n_bdd100k_road8_top100_v1,PFX_EXACT,S_ADAPT,-1,40,43,40,1600,202,115.80620248892573
bdd100k_road8_dev2k,yolov8n_ultralytics_8.4.77_f59b3d83,yolov8n_bdd100k_road8_top100_v1,PFX_EXACT,S_ADAPT,-1,40,44,40,1600,181,119.64117408948911
bdd100k_road8_dev2k,yolov8n_ultralytics_8.4.77_f59b3d83,yolov8n_bdd100k_road8_top100_v1,PFX_EXACT,S_ADAPT,-1,40,45,40,1600,201,122.44937991135373
bdd100k_road8_dev2k,yolov8n_ultralytics_8.4.77_f59b3d83,yolov8n_bdd100k_road8_top100_v1,PFX_EXACT,S_ADAPT,-1,40,46,40,1600,201,125.51908348313894
bdd100k_road8_dev2k,yolov8n_ultralytics_8.4.77_f59b3d83,yolov8n_bdd100k_road8_top100_v1,PFX_EXACT,S_ADAPT,-1,40,47,40,1600,186,105.07799157212419
bdd100k_road8_dev2k,yolov8n_ultralytics_8.4.77_f59b3d83,yolov8n_bdd100k_road8_top100_v1,PFX_EXACT,S_ADAPT,-1,40,48,40,1600,225,139.82013825625341
bdd100k_road8_dev2k,yolov8n_ultralytics_8.4.77_f59b3d83,yolov8n_bdd100k_road8_top100_v1,PFX_EXACT,S_ADAPT,-1,40,49,40,1600,194,132.1082756000567
bdd100k_road8_dev2k,yolov8n_ultralytics_8.4.77_f59b3d83,yolov8n_bdd100k_road8_top100_v1,PFX_EXACT,S_FIXED,-1,10,0,40,400,71,53.82441332431191
bdd100k_road8_dev2k,yolov8n_ultralytics_8.4.77_f59b3d83,yolov8n_bdd100k_road8_top100_v1,PFX_EXACT,S_FIXED,-1,10,1,40,400,70,45.14963812979782
bdd100k_road8_dev2k,yolov8n_ultralytics_8.4.77_f59b3d83,yolov8n_bdd100k_road8_top100_v1,PFX_EXACT,S_FIXED,-1,10,2,40,400,70,41.09264834129782
bdd100k_road8_dev2k,yolov8n_ultralytics_8.4.77_f59b3d83,yolov8n_bdd100k_road8_top100_v1,PFX_EXACT,S_FIXED,-1,10,3,40,400,70,49.97402789039735
bdd100k_road8_dev2k,yolov8n_ultralytics_8.4.77_f59b3d83,yolov8n_bdd100k_road8_top100_v1,PFX_EXACT,S_FIXED,-1,10,4,40,400,66,41.21224179950892
bdd100k_road8_dev2k,yolov8n_ultralytics_8.4.77_f59b3d83,yolov8n_bdd100k_road8_top100_v1,PFX_EXACT,S_FIXED,-1,10,5,40,400,83,53.286168941837005
bdd100k_road8_dev2k,yolov8n_ultralytics_8.4.77_f59b3d83,yolov8n_bdd100k_road8_top100_v1,PFX_EXACT,S_FIXED,-1,10,6,40,400,84,60.171730416273746
bdd100k_road8_dev2k,yolov8n_ultralytics_8.4.77_f59b3d83,yolov8n_bdd100k_road8_top100_v1,PFX_EXACT,S_FIXED,-1,10,7,40,400,71,43.02389205964943
bdd100k_road8_dev2k,yolov8n_ultralytics_8.4.77_f59b3d83,yolov8n_bdd100k_road8_top100_v1,PFX_EXACT,S_FIXED,-1,10,8,40,400,74,47.01058090894928
bdd100k_road8_dev2k,yolov8n_ultralytics_8.4.77_f59b3d83,yolov8n_bdd100k_road8_top100_v1,PFX_EXACT,S_FIXED,-1,10,9,40,400,73,59.37306130723548
bdd100k_road8_dev2k,yolov8n_ultralytics_8.4.77_f59b3d83,yolov8n_bdd100k_road8_top100_v1,PFX_EXACT,S_FIXED,-1,10,10,40,400,71,43.5655205430134
bdd100k_road8_dev2k,yolov8n_ultralytics_8.4.77_f59b3d83,yolov8n_bdd100k_road8_top100_v1,PFX_EXACT,S_FIXED,-1,10,11,40,400,86,63.65346125979028
bdd100k_road8_dev2k,yolov8n_ultralytics_8.4.77_f59b3d83,yolov8n_bdd100k_road8_top100_v1,PFX_EXACT,S_FIXED,-1,10,12,40,400,80,52.07342545845239
bdd100k_road8_dev2k,yolov8n_ultralytics_8.4.77_f59b3d83,yolov8n_bdd100k_road8_top100_v1,PFX_EXACT,S_FIXED,-1,10,13,40,400,75,54.76088150824079
bdd100k_road8_dev2k,yolov8n_ultralytics_8.4.77_f59b3d83,yolov8n_bdd100k_road8_top100_v1,PFX_EXACT,S_FIXED,-1,10,14,40,400,79,51.65454514423663
bdd100k_road8_dev2k,yolov8n_ultralytics_8.4.77_f59b3d83,yolov8n_bdd100k_road8_top100_v1,PFX_EXACT,S_FIXED,-1,10,15,40,400,74,44.62734017251042
bdd100k_road8_dev2k,yolov8n_ultralytics_8.4.77_f59b3d83,yolov8n_bdd100k_road8_top100_v1,PFX_EXACT,S_FIXED,-1,10,16,40,400,65,45.66412626641795
bdd100k_road8_dev2k,yolov8n_ultralytics_8.4.77_f59b3d83,yolov8n_bdd100k_road8_top100_v1,PFX_EXACT,S_FIXED,-1,10,17,40,400,73,47.88341422226739
bdd100k_road8_dev2k,yolov8n_ultralytics_8.4.77_f59b3d83,yolov8n_bdd100k_road8_top100_v1,PFX_EXACT,S_FIXED,-1,10,18,40,400,83,51.860059182982425
bdd100k_road8_dev2k,yolov8n_ultralytics_8.4.77_f59b3d83,yolov8n_bdd100k_road8_top100_v1,PFX_EXACT,S_FIXED,-1,10,19,40,400,67,42.44432208986371
bdd100k_road8_dev2k,yolov8n_ultralytics_8.4.77_f59b3d83,yolov8n_bdd100k_road8_top100_v1,PFX_EXACT,S_FIXED,-1,10,20,40,400,75,50.060517206524196
bdd100k_road8_dev2k,yolov8n_ultralytics_8.4.77_f59b3d83,yolov8n_bdd100k_road8_top100_v1,PFX_EXACT,S_FIXED,-1,10,21,40,400,71,44.14319579052175
bdd100k_road8_dev2k,yolov8n_ultralytics_8.4.77_f59b3d83,yolov8n_bdd100k_road8_top100_v1,PFX_EXACT,S_FIXED,-1,10,22,40,400,72,45.690352251035854
bdd100k_road8_dev2k,yolov8n_ultralytics_8.4.77_f59b3d83,yolov8n_bdd100k_road8_top100_v1,PFX_EXACT,S_FIXED,-1,10,23,40,400,78,46.64616352282853
bdd100k_road8_dev2k,yolov8n_ultralytics_8.4.77_f59b3d83,yolov8n_bdd100k_road8_top100_v1,PFX_EXACT,S_FIXED,-1,10,24,40,400,85,55.871424921156624
bdd100k_road8_dev2k,yolov8n_ultralytics_8.4.77_f59b3d83,yolov8n_bdd100k_road8_top100_v1,PFX_EXACT,S_FIXED,-1,10,25,40,400,78,52.12984436756249
bdd100k_road8_dev2k,yolov8n_ultralytics_8.4.77_f59b3d83,yolov8n_bdd100k_road8_top100_v1,PFX_EXACT,S_FIXED,-1,10,26,40,400,78,56.09590027747661
bdd100k_road8_dev2k,yolov8n_ultralytics_8.4.77_f59b3d83,yolov8n_bdd100k_road8_top100_v1,PFX_EXACT,S_FIXED,-1,10,27,40,400,79,46.38170585836539
bdd100k_road8_dev2k,yolov8n_ultralytics_8.4.77_f59b3d83,yolov8n_bdd100k_road8_top100_v1,PFX_EXACT,S_FIXED,-1,10,28,40,400,71,52.423996949646366
bdd100k_road8_dev2k,yolov8n_ultralytics_8.4.77_f59b3d83,yolov8n_bdd100k_road8_top100_v1,PFX_EXACT,S_FIXED,-1,10,29,40,400,68,43.241230014281435
bdd100k_road8_dev2k,yolov8n_ultralytics_8.4.77_f59b3d83,yolov8n_bdd100k_road8_top100_v1,PFX_EXACT,S_FIXED,-1,10,30,40,400,74,48.92915388892009
bdd100k_road8_dev2k,yolov8n_ultralytics_8.4.77_f59b3d83,yolov8n_bdd100k_road8_top100_v1,PFX_EXACT,S_FIXED,-1,10,31,40,400,75,49.516987719989245
bdd100k_road8_dev2k,yolov8n_ultralytics_8.4.77_f59b3d83,yolov8n_bdd100k_road8_top100_v1,PFX_EXACT,S_FIXED,-1,10,32,40,400,82,47.48815661624959
bdd100k_road8_dev2k,yolov8n_ultralytics_8.4.77_f59b3d83,yolov8n_bdd100k_road8_top100_v1,PFX_EXACT,S_FIXED,-1,10,33,40,400,75,47.325705776059095
bdd100k_road8_dev2k,yolov8n_ultralytics_8.4.77_f59b3d83,yolov8n_bdd100k_road8_top100_v1,PFX_EXACT,S_FIXED,-1,10,34,40,400,73,51.21833744030402
bdd100k_road8_dev2k,yolov8n_ultralytics_8.4.77_f59b3d83,yolov8n_bdd100k_road8_top100_v1,PFX_EXACT,S_FIXED,-1,10,35,40,400,68,46.03680123292853
bdd100k_road8_dev2k,yolov8n_ultralytics_8.4.77_f59b3d83,yolov8n_bdd100k_road8_top100_v1,PFX_EXACT,S_FIXED,-1,10,36,40,400,71,44.98085428576453
bdd100k_road8_dev2k,yolov8n_ultralytics_8.4.77_f59b3d83,yolov8n_bdd100k_road8_top100_v1,PFX_EXACT,S_FIXED,-1,10,37,40,400,70,45.4309503006808
bdd100k_road8_dev2k,yolov8n_ultralytics_8.4.77_f59b3d83,yolov8n_bdd100k_road8_top100_v1,PFX_EXACT,S_FIXED,-1,10,38,40,400,74,55.16575881649691
bdd100k_road8_dev2k,yolov8n_ultralytics_8.4.77_f59b3d83,yolov8n_bdd100k_road8_top100_v1,PFX_EXACT,S_FIXED,-1,10,39,40,400,72,55.74507427275622
bdd100k_road8_dev2k,yolov8n_ultralytics_8.4.77_f59b3d83,yolov8n_bdd100k_road8_top100_v1,PFX_EXACT,S_FIXED,-1,10,40,40,400,81,58.71243795552221
bdd100k_road8_dev2k,yolov8n_ultralytics_8.4.77_f59b3d83,yolov8n_bdd100k_road8_top100_v1,PFX_EXACT,S_FIXED,-1,10,41,40,400,74,47.77265336093187
bdd100k_road8_dev2k,yolov8n_ultralytics_8.4.77_f59b3d83,yolov8n_bdd100k_road8_top100_v1,PFX_EXACT,S_FIXED,-1,10,42,40,400,66,41.84823067840473
bdd100k_road8_dev2k,yolov8n_ultralytics_8.4.77_f59b3d83,yolov8n_bdd100k_road8_top100_v1,PFX_EXACT,S_FIXED,-1,10,43,40,400,73,44.16191516494929
bdd100k_road8_dev2k,yolov8n_ultralytics_8.4.77_f59b3d83,yolov8n_bdd100k_road8_top100_v1,PFX_EXACT,S_FIXED,-1,10,44,40,400,71,52.43715313311141
bdd100k_road8_dev2k,yolov8n_ultralytics_8.4.77_f59b3d83,yolov8n_bdd100k_road8_top100_v1,PFX_EXACT,S_FIXED,-1,10,45,40,400,79,53.99099295469732
bdd100k_road8_dev2k,yolov8n_ultralytics_8.4.77_f59b3d83,yolov8n_bdd100k_road8_top100_v1,PFX_EXACT,S_FIXED,-1,10,46,40,400,76,46.82143120084388
bdd100k_road8_dev2k,yolov8n_ultralytics_8.4.77_f59b3d83,yolov8n_bdd100k_road8_top100_v1,PFX_EXACT,S_FIXED,-1,10,47,40,400,74,45.04019697425391
bdd100k_road8_dev2k,yolov8n_ultralytics_8.4.77_f59b3d83,yolov8n_bdd100k_road8_top100_v1,PFX_EXACT,S_FIXED,-1,10,48,40,400,81,50.88638792104403
bdd100k_road8_dev2k,yolov8n_ultralytics_8.4.77_f59b3d83,yolov8n_bdd100k_road8_top100_v1,PFX_EXACT,S_FIXED,-1,10,49,40,400,71,51.828317162746664
bdd100k_road8_dev2k,yolov8n_ultralytics_8.4.77_f59b3d83,yolov8n_bdd100k_road8_top100_v1,PFX_EXACT,S_FIXED,-1,15,0,40,600,106,77.72273359348415
bdd100k_road8_dev2k,yolov8n_ultralytics_8.4.77_f59b3d83,yolov8n_bdd100k_road8_top100_v1,PFX_EXACT,S_FIXED,-1,15,1,40,600,99,65.81610091657767
bdd100k_road8_dev2k,yolov8n_ultralytics_8.4.77_f59b3d83,yolov8n_bdd100k_road8_top100_v1,PFX_EXACT,S_FIXED,-1,15,2,40,600,91,52.67411854340329
bdd100k_road8_dev2k,yolov8n_ultralytics_8.4.77_f59b3d83,yolov8n_bdd100k_road8_top100_v1,PFX_EXACT,S_FIXED,-1,15,3,40,600,90,60.57621494265143
bdd100k_road8_dev2k,yolov8n_ultralytics_8.4.77_f59b3d83,yolov8n_bdd100k_road8_top100_v1,PFX_EXACT,S_FIXED,-1,15,4,40,600,90,54.39864321219347
bdd100k_road8_dev2k,yolov8n_ultralytics_8.4.77_f59b3d83,yolov8n_bdd100k_road8_top100_v1,PFX_EXACT,S_FIXED,-1,15,5,40,600,104,64.9544678057095
bdd100k_road8_dev2k,yolov8n_ultralytics_8.4.77_f59b3d83,yolov8n_bdd100k_road8_top100_v1,PFX_EXACT,S_FIXED,-1,15,6,40,600,104,71.0184507477478
bdd100k_road8_dev2k,yolov8n_ultralytics_8.4.77_f59b3d83,yolov8n_bdd100k_road8_top100_v1,PFX_EXACT,S_FIXED,-1,15,7,40,600,95,54.82687142263871
bdd100k_road8_dev2k,yolov8n_ultralytics_8.4.77_f59b3d83,yolov8n_bdd100k_road8_top100_v1,PFX_EXACT,S_FIXED,-1,15,8,40,600,101,60.759854896032586
bdd100k_road8_dev2k,yolov8n_ultralytics_8.4.77_f59b3d83,yolov8n_bdd100k_road8_top100_v1,PFX_EXACT,S_FIXED,-1,15,9,40,600,101,78.35384271198559
bdd100k_road8_dev2k,yolov8n_ultralytics_8.4.77_f59b3d83,yolov8n_bdd100k_road8_top100_v1,PFX_EXACT,S_FIXED,-1,15,10,40,600,92,55.3224218150607
bdd100k_road8_dev2k,yolov8n_ultralytics_8.4.77_f59b3d83,yolov8n_bdd100k_road8_top100_v1,PFX_EXACT,S_FIXED,-1,15,11,40,600,108,77.76910861400943
bdd100k_road8_dev2k,yolov8n_ultralytics_8.4.77_f59b3d83,yolov8n_bdd100k_road8_top100_v1,PFX_EXACT,S_FIXED,-1,15,12,40,600,106,70.78396135711266
bdd100k_road8_dev2k,yolov8n_ultralytics_8.4.77_f59b3d83,yolov8n_bdd100k_road8_top100_v1,PFX_EXACT,S_FIXED,-1,15,13,40,600,108,76.10320551777883
bdd100k_road8_dev2k,yolov8n_ultralytics_8.4.77_f59b3d83,yolov8n_bdd100k_road8_top100_v1,PFX_EXACT,S_FIXED,-1,15,14,40,600,100,65.52330417544866
bdd100k_road8_dev2k,yolov8n_ultralytics_8.4.77_f59b3d83,yolov8n_bdd100k_road8_top100_v1,PFX_EXACT,S_FIXED,-1,15,15,40,600,95,57.82039509199713
bdd100k_road8_dev2k,yolov8n_ultralytics_8.4.77_f59b3d83,yolov8n_bdd100k_road8_top100_v1,PFX_EXACT,S_FIXED,-1,15,16,40,600,88,59.82493734945314
bdd100k_road8_dev2k,yolov8n_ultralytics_8.4.77_f59b3d83,yolov8n_bdd100k_road8_top100_v1,PFX_EXACT,S_FIXED,-1,15,17,40,600,101,65.10287950477709
bdd100k_road8_dev2k,yolov8n_ultralytics_8.4.77_f59b3d83,yolov8n_bdd100k_road8_top100_v1,PFX_EXACT,S_FIXED,-1,15,18,40,600,100,61.30000656257209
bdd100k_road8_dev2k,yolov8n_ultralytics_8.4.77_f59b3d83,yolov8n_bdd100k_road8_top100_v1,PFX_EXACT,S_FIXED,-1,15,19,40,600,83,49.46957736146843
bdd100k_road8_dev2k,yolov8n_ultralytics_8.4.77_f59b3d83,yolov8n_bdd100k_road8_top100_v1,PFX_EXACT,S_FIXED,-1,15,20,40,600,95,65.89420539555148
bdd100k_road8_dev2k,yolov8n_ultralytics_8.4.77_f59b3d83,yolov8n_bdd100k_road8_top100_v1,PFX_EXACT,S_FIXED,-1,15,21,40,600,96,57.84139095039911
bdd100k_road8_dev2k,yolov8n_ultralytics_8.4.77_f59b3d83,yolov8n_bdd100k_road8_top100_v1,PFX_EXACT,S_FIXED,-1,15,22,40,600,90,57.94103016909738
bdd100k_road8_dev2k,yolov8n_ultralytics_8.4.77_f59b3d83,yolov8n_bdd100k_road8_top100_v1,PFX_EXACT,S_FIXED,-1,15,23,40,600,98,56.88731728985093
bdd100k_road8_dev2k,yolov8n_ultralytics_8.4.77_f59b3d83,yolov8n_bdd100k_road8_top100_v1,PFX_EXACT,S_FIXED,-1,15,24,40,600,107,67.90517650914542
bdd100k_road8_dev2k,yolov8n_ultralytics_8.4.77_f59b3d83,yolov8n_bdd100k_road8_top100_v1,PFX_EXACT,S_FIXED,-1,15,25,40,600,103,66.74959034328315
bdd100k_road8_dev2k,yolov8n_ultralytics_8.4.77_f59b3d83,yolov8n_bdd100k_road8_top100_v1,PFX_EXACT,S_FIXED,-1,15,26,40,600,99,67.85044650573677
bdd100k_road8_dev2k,yolov8n_ultralytics_8.4.77_f59b3d83,yolov8n_bdd100k_road8_top100_v1,PFX_EXACT,S_FIXED,-1,15,27,40,600,100,57.38406013130132
bdd100k_road8_dev2k,yolov8n_ultralytics_8.4.77_f59b3d83,yolov8n_bdd100k_road8_top100_v1,PFX_EXACT,S_FIXED,-1,15,28,40,600,97,69.9444018586989
bdd100k_road8_dev2k,yolov8n_ultralytics_8.4.77_f59b3d83,yolov8n_bdd100k_road8_top100_v1,PFX_EXACT,S_FIXED,-1,15,29,40,600,97,62.80290109460887
bdd100k_road8_dev2k,yolov8n_ultralytics_8.4.77_f59b3d83,yolov8n_bdd100k_road8_top100_v1,PFX_EXACT,S_FIXED,-1,15,30,40,600,99,60.74436879235486
bdd100k_road8_dev2k,yolov8n_ultralytics_8.4.77_f59b3d83,yolov8n_bdd100k_road8_top100_v1,PFX_EXACT,S_FIXED,-1,15,31,40,600,95,60.856449359481985
bdd100k_road8_dev2k,yolov8n_ultralytics_8.4.77_f59b3d83,yolov8n_bdd100k_road8_top100_v1,PFX_EXACT,S_FIXED,-1,15,32,40,600,110,60.192889666602206
bdd100k_road8_dev2k,yolov8n_ultralytics_8.4.77_f59b3d83,yolov8n_bdd100k_road8_top100_v1,PFX_EXACT,S_FIXED,-1,15,33,40,600,101,63.83951123480269
bdd100k_road8_dev2k,yolov8n_ultralytics_8.4.77_f59b3d83,yolov8n_bdd100k_road8_top100_v1,PFX_EXACT,S_FIXED,-1,15,34,40,600,93,61.54160350062554
bdd100k_road8_dev2k,yolov8n_ultralytics_8.4.77_f59b3d83,yolov8n_bdd100k_road8_top100_v1,PFX_EXACT,S_FIXED,-1,15,35,40,600,84,59.43290045239792
bdd100k_road8_dev2k,yolov8n_ultralytics_8.4.77_f59b3d83,yolov8n_bdd100k_road8_top100_v1,PFX_EXACT,S_FIXED,-1,15,36,40,600,92,57.04106278992904
bdd100k_road8_dev2k,yolov8n_ultralytics_8.4.77_f59b3d83,yolov8n_bdd100k_road8_top100_v1,PFX_EXACT,S_FIXED,-1,15,37,40,600,92,57.04668095873566
bdd100k_road8_dev2k,yolov8n_ultralytics_8.4.77_f59b3d83,yolov8n_bdd100k_road8_top100_v1,PFX_EXACT,S_FIXED,-1,15,38,40,600,103,74.71044813364131
bdd100k_road8_dev2k,yolov8n_ultralytics_8.4.77_f59b3d83,yolov8n_bdd100k_road8_top100_v1,PFX_EXACT,S_FIXED,-1,15,39,40,600,88,62.44562111017609
bdd100k_road8_dev2k,yolov8n_ultralytics_8.4.77_f59b3d83,yolov8n_bdd100k_road8_top100_v1,PFX_EXACT,S_FIXED,-1,15,40,40,600,99,69.2390389645161
bdd100k_road8_dev2k,yolov8n_ultralytics_8.4.77_f59b3d83,yolov8n_bdd100k_road8_top100_v1,PFX_EXACT,S_FIXED,-1,15,41,40,600,94,62.29053233093031
bdd100k_road8_dev2k,yolov8n_ultralytics_8.4.77_f59b3d83,yolov8n_bdd100k_road8_top100_v1,PFX_EXACT,S_FIXED,-1,15,42,40,600,96,59.38516959091776
bdd100k_road8_dev2k,yolov8n_ultralytics_8.4.77_f59b3d83,yolov8n_bdd100k_road8_top100_v1,PFX_EXACT,S_FIXED,-1,15,43,40,600,99,58.37839418689511
bdd100k_road8_dev2k,yolov8n_ultralytics_8.4.77_f59b3d83,yolov8n_bdd100k_road8_top100_v1,PFX_EXACT,S_FIXED,-1,15,44,40,600,91,65.6304987012878
bdd100k_road8_dev2k,yolov8n_ultralytics_8.4.77_f59b3d83,yolov8n_bdd100k_road8_top100_v1,PFX_EXACT,S_FIXED,-1,15,45,40,600,102,65.2350714224499
bdd100k_road8_dev2k,yolov8n_ultralytics_8.4.77_f59b3d83,yolov8n_bdd100k_road8_top100_v1,PFX_EXACT,S_FIXED,-1,15,46,40,600,102,63.65271657048443
bdd100k_road8_dev2k,yolov8n_ultralytics_8.4.77_f59b3d83,yolov8n_bdd100k_road8_top100_v1,PFX_EXACT,S_FIXED,-1,15,47,40,600,100,62.99135481035892
bdd100k_road8_dev2k,yolov8n_ultralytics_8.4.77_f59b3d83,yolov8n_bdd100k_road8_top100_v1,PFX_EXACT,S_FIXED,-1,15,48,40,600,104,68.09064518677846
bdd100k_road8_dev2k,yolov8n_ultralytics_8.4.77_f59b3d83,yolov8n_bdd100k_road8_top100_v1,PFX_EXACT,S_FIXED,-1,15,49,40,600,104,72.94160655852968
bdd100k_road8_dev2k,yolov8n_ultralytics_8.4.77_f59b3d83,yolov8n_bdd100k_road8_top100_v1,PFX_EXACT,S_FIXED,-1,20,0,40,800,121,90.21955514524694
bdd100k_road8_dev2k,yolov8n_ultralytics_8.4.77_f59b3d83,yolov8n_bdd100k_road8_top100_v1,PFX_EXACT,S_FIXED,-1,20,1,40,800,113,75.55877423090517
bdd100k_road8_dev2k,yolov8n_ultralytics_8.4.77_f59b3d83,yolov8n_bdd100k_road8_top100_v1,PFX_EXACT,S_FIXED,-1,20,2,40,800,110,62.3382270572472
bdd100k_road8_dev2k,yolov8n_ultralytics_8.4.77_f59b3d83,yolov8n_bdd100k_road8_top100_v1,PFX_EXACT,S_FIXED,-1,20,3,40,800,111,72.58872872049908
bdd100k_road8_dev2k,yolov8n_ultralytics_8.4.77_f59b3d83,yolov8n_bdd100k_road8_top100_v1,PFX_EXACT,S_FIXED,-1,20,4,40,800,114,63.31204286843123
bdd100k_road8_dev2k,yolov8n_ultralytics_8.4.77_f59b3d83,yolov8n_bdd100k_road8_top100_v1,PFX_EXACT,S_FIXED,-1,20,5,40,800,121,76.92015252241569
bdd100k_road8_dev2k,yolov8n_ultralytics_8.4.77_f59b3d83,yolov8n_bdd100k_road8_top100_v1,PFX_EXACT,S_FIXED,-1,20,6,40,800,118,79.28583019829215
bdd100k_road8_dev2k,yolov8n_ultralytics_8.4.77_f59b3d83,yolov8n_bdd100k_road8_top100_v1,PFX_EXACT,S_FIXED,-1,20,7,40,800,117,65.16018137154506
bdd100k_road8_dev2k,yolov8n_ultralytics_8.4.77_f59b3d83,yolov8n_bdd100k_road8_top100_v1,PFX_EXACT,S_FIXED,-1,20,8,40,800,124,71.1973931753419
bdd100k_road8_dev2k,yolov8n_ultralytics_8.4.77_f59b3d83,yolov8n_bdd100k_road8_top100_v1,PFX_EXACT,S_FIXED,-1,20,9,40,800,124,93.17898803147607
bdd100k_road8_dev2k,yolov8n_ultralytics_8.4.77_f59b3d83,yolov8n_bdd100k_road8_top100_v1,PFX_EXACT,S_FIXED,-1,20,10,40,800,109,65.77843123616475
bdd100k_road8_dev2k,yolov8n_ultralytics_8.4.77_f59b3d83,yolov8n_bdd100k_road8_top100_v1,PFX_EXACT,S_FIXED,-1,20,11,40,800,126,88.19143887654347
bdd100k_road8_dev2k,yolov8n_ultralytics_8.4.77_f59b3d83,yolov8n_bdd100k_road8_top100_v1,PFX_EXACT,S_FIXED,-1,20,12,40,800,127,80.12468114256332
bdd100k_road8_dev2k,yolov8n_ultralytics_8.4.77_f59b3d83,yolov8n_bdd100k_road8_top100_v1,PFX_EXACT,S_FIXED,-1,20,13,40,800,135,96.97110225006006
bdd100k_road8_dev2k,yolov8n_ultralytics_8.4.77_f59b3d83,yolov8n_bdd100k_road8_top100_v1,PFX_EXACT,S_FIXED,-1,20,14,40,800,124,79.8874439262626
bdd100k_road8_dev2k,yolov8n_ultralytics_8.4.77_f59b3d83,yolov8n_bdd100k_road8_top100_v1,PFX_EXACT,S_FIXED,-1,20,15,40,800,109,66.08909424833308
bdd100k_road8_dev2k,yolov8n_ultralytics_8.4.77_f59b3d83,yolov8n_bdd100k_road8_top100_v1,PFX_EXACT,S_FIXED,-1,20,16,40,800,114,79.61357236754452
bdd100k_road8_dev2k,yolov8n_ultralytics_8.4.77_f59b3d83,yolov8n_bdd100k_road8_top100_v1,PFX_EXACT,S_FIXED,-1,20,17,40,800,133,85.89514149684761
bdd100k_road8_dev2k,yolov8n_ultralytics_8.4.77_f59b3d83,yolov8n_bdd100k_road8_top100_v1,PFX_EXACT,S_FIXED,-1,20,18,40,800,118,75.95223924783436
bdd100k_road8_dev2k,yolov8n_ultralytics_8.4.77_f59b3d83,yolov8n_bdd100k_road8_top100_v1,PFX_EXACT,S_FIXED,-1,20,19,40,800,102,60.339194554515444
bdd100k_road8_dev2k,yolov8n_ultralytics_8.4.77_f59b3d83,yolov8n_bdd100k_road8_top100_v1,PFX_EXACT,S_FIXED,-1,20,20,40,800,117,79.549876238196
bdd100k_road8_dev2k,yolov8n_ultralytics_8.4.77_f59b3d83,yolov8n_bdd100k_road8_top100_v1,PFX_EXACT,S_FIXED,-1,20,21,40,800,110,67.52897134230173
bdd100k_road8_dev2k,yolov8n_ultralytics_8.4.77_f59b3d83,yolov8n_bdd100k_road8_top100_v1,PFX_EXACT,S_FIXED,-1,20,22,40,800,114,68.8903621955995
bdd100k_road8_dev2k,yolov8n_ultralytics_8.4.77_f59b3d83,yolov8n_bdd100k_road8_top100_v1,PFX_EXACT,S_FIXED,-1,20,23,40,800,109,61.11750408037522
bdd100k_road8_dev2k,yolov8n_ultralytics_8.4.77_f59b3d83,yolov8n_bdd100k_road8_top100_v1,PFX_EXACT,S_FIXED,-1,20,24,40,800,124,76.43258162348107
bdd100k_road8_dev2k,yolov8n_ultralytics_8.4.77_f59b3d83,yolov8n_bdd100k_road8_top100_v1,PFX_EXACT,S_FIXED,-1,20,25,40,800,115,73.74132984824433
bdd100k_road8_dev2k,yolov8n_ultralytics_8.4.77_f59b3d83,yolov8n_bdd100k_road8_top100_v1,PFX_EXACT,S_FIXED,-1,20,26,40,800,124,80.71908992062193
bdd100k_road8_dev2k,yolov8n_ultralytics_8.4.77_f59b3d83,yolov8n_bdd100k_road8_top100_v1,PFX_EXACT,S_FIXED,-1,20,27,40,800,118,66.26852685170661
bdd100k_road8_dev2k,yolov8n_ultralytics_8.4.77_f59b3d83,yolov8n_bdd100k_road8_top100_v1,PFX_EXACT,S_FIXED,-1,20,28,40,800,119,86.24631785879701
bdd100k_road8_dev2k,yolov8n_ultralytics_8.4.77_f59b3d83,yolov8n_bdd100k_road8_top100_v1,PFX_EXACT,S_FIXED,-1,20,29,40,800,117,74.7223867445035
bdd100k_road8_dev2k,yolov8n_ultralytics_8.4.77_f59b3d83,yolov8n_bdd100k_road8_top100_v1,PFX_EXACT,S_FIXED,-1,20,30,40,800,124,72.60198075625925
bdd100k_road8_dev2k,yolov8n_ultralytics_8.4.77_f59b3d83,yolov8n_bdd100k_road8_top100_v1,PFX_EXACT,S_FIXED,-1,20,31,40,800,113,76.61657348428965
bdd100k_road8_dev2k,yolov8n_ultralytics_8.4.77_f59b3d83,yolov8n_bdd100k_road8_top100_v1,PFX_EXACT,S_FIXED,-1,20,32,40,800,138,75.44890260812113
bdd100k_road8_dev2k,yolov8n_ultralytics_8.4.77_f59b3d83,yolov8n_bdd100k_road8_top100_v1,PFX_EXACT,S_FIXED,-1,20,33,40,800,124,77.33776810868397
bdd100k_road8_dev2k,yolov8n_ultralytics_8.4.77_f59b3d83,yolov8n_bdd100k_road8_top100_v1,PFX_EXACT,S_FIXED,-1,20,34,40,800,119,71.9311626858219
bdd100k_road8_dev2k,yolov8n_ultralytics_8.4.77_f59b3d83,yolov8n_bdd100k_road8_top100_v1,PFX_EXACT,S_FIXED,-1,20,35,40,800,99,69.98446899895583
bdd100k_road8_dev2k,yolov8n_ultralytics_8.4.77_f59b3d83,yolov8n_bdd100k_road8_top100_v1,PFX_EXACT,S_FIXED,-1,20,36,40,800,116,74.10253280629611
bdd100k_road8_dev2k,yolov8n_ultralytics_8.4.77_f59b3d83,yolov8n_bdd100k_road8_top100_v1,PFX_EXACT,S_FIXED,-1,20,37,40,800,109,66.54097657144435
bdd100k_road8_dev2k,yolov8n_ultralytics_8.4.77_f59b3d83,yolov8n_bdd100k_road8_top100_v1,PFX_EXACT,S_FIXED,-1,20,38,40,800,132,89.43814588629417
bdd100k_road8_dev2k,yolov8n_ultralytics_8.4.77_f59b3d83,yolov8n_bdd100k_road8_top100_v1,PFX_EXACT,S_FIXED,-1,20,39,40,800,113,76.32809249865808
bdd100k_road8_dev2k,yolov8n_ultralytics_8.4.77_f59b3d83,yolov8n_bdd100k_road8_top100_v1,PFX_EXACT,S_FIXED,-1,20,40,40,800,129,86.20570082562878
bdd100k_road8_dev2k,yolov8n_ultralytics_8.4.77_f59b3d83,yolov8n_bdd100k_road8_top100_v1,PFX_EXACT,S_FIXED,-1,20,41,40,800,114,75.14322303973435
bdd100k_road8_dev2k,yolov8n_ultralytics_8.4.77_f59b3d83,yolov8n_bdd100k_road8_top100_v1,PFX_EXACT,S_FIXED,-1,20,42,40,800,116,68.34212890238388
bdd100k_road8_dev2k,yolov8n_ultralytics_8.4.77_f59b3d83,yolov8n_bdd100k_road8_top100_v1,PFX_EXACT,S_FIXED,-1,20,43,40,800,119,69.89725229459812
bdd100k_road8_dev2k,yolov8n_ultralytics_8.4.77_f59b3d83,yolov8n_bdd100k_road8_top100_v1,PFX_EXACT,S_FIXED,-1,20,44,40,800,101,73.5759788020506
bdd100k_road8_dev2k,yolov8n_ultralytics_8.4.77_f59b3d83,yolov8n_bdd100k_road8_top100_v1,PFX_EXACT,S_FIXED,-1,20,45,40,800,123,78.44982447358755
bdd100k_road8_dev2k,yolov8n_ultralytics_8.4.77_f59b3d83,yolov8n_bdd100k_road8_top100_v1,PFX_EXACT,S_FIXED,-1,20,46,40,800,121,73.3247982969221
bdd100k_road8_dev2k,yolov8n_ultralytics_8.4.77_f59b3d83,yolov8n_bdd100k_road8_top100_v1,PFX_EXACT,S_FIXED,-1,20,47,40,800,120,72.84196733983141
bdd100k_road8_dev2k,yolov8n_ultralytics_8.4.77_f59b3d83,yolov8n_bdd100k_road8_top100_v1,PFX_EXACT,S_FIXED,-1,20,48,40,800,129,86.65013625568155
bdd100k_road8_dev2k,yolov8n_ultralytics_8.4.77_f59b3d83,yolov8n_bdd100k_road8_top100_v1,PFX_EXACT,S_FIXED,-1,20,49,40,800,123,87.20107021921811
bdd100k_road8_dev2k,yolov8n_ultralytics_8.4.77_f59b3d83,yolov8n_bdd100k_road8_top100_v1,PFX_EXACT,S_FIXED,-1,30,0,40,1200,155,108.20256969656369
bdd100k_road8_dev2k,yolov8n_ultralytics_8.4.77_f59b3d83,yolov8n_bdd100k_road8_top100_v1,PFX_EXACT,S_FIXED,-1,30,1,40,1200,150,98.40800686769892
bdd100k_road8_dev2k,yolov8n_ultralytics_8.4.77_f59b3d83,yolov8n_bdd100k_road8_top100_v1,PFX_EXACT,S_FIXED,-1,30,2,40,1200,137,76.74889893961928
bdd100k_road8_dev2k,yolov8n_ultralytics_8.4.77_f59b3d83,yolov8n_bdd100k_road8_top100_v1,PFX_EXACT,S_FIXED,-1,30,3,40,1200,147,90.54488729286805
bdd100k_road8_dev2k,yolov8n_ultralytics_8.4.77_f59b3d83,yolov8n_bdd100k_road8_top100_v1,PFX_EXACT,S_FIXED,-1,30,4,40,1200,152,85.14371780420527
bdd100k_road8_dev2k,yolov8n_ultralytics_8.4.77_f59b3d83,yolov8n_bdd100k_road8_top100_v1,PFX_EXACT,S_FIXED,-1,30,5,40,1200,161,94.17519168577276
bdd100k_road8_dev2k,yolov8n_ultralytics_8.4.77_f59b3d83,yolov8n_bdd100k_road8_top100_v1,PFX_EXACT,S_FIXED,-1,30,6,40,1200,151,98.7121059444666
bdd100k_road8_dev2k,yolov8n_ultralytics_8.4.77_f59b3d83,yolov8n_bdd100k_road8_top100_v1,PFX_EXACT,S_FIXED,-1,30,7,40,1200,147,82.65475935875175
bdd100k_road8_dev2k,yolov8n_ultralytics_8.4.77_f59b3d83,yolov8n_bdd100k_road8_top100_v1,PFX_EXACT,S_FIXED,-1,30,8,40,1200,161,87.82752896727713
bdd100k_road8_dev2k,yolov8n_ultralytics_8.4.77_f59b3d83,yolov8n_bdd100k_road8_top100_v1,PFX_EXACT,S_FIXED,-1,30,9,40,1200,157,110.36481029057903
bdd100k_road8_dev2k,yolov8n_ultralytics_8.4.77_f59b3d83,yolov8n_bdd100k_road8_top100_v1,PFX_EXACT,S_FIXED,-1,30,10,40,1200,146,83.92254078671712
bdd100k_road8_dev2k,yolov8n_ultralytics_8.4.77_f59b3d83,yolov8n_bdd100k_road8_top100_v1,PFX_EXACT,S_FIXED,-1,30,11,40,1200,158,105.20889519706601
bdd100k_road8_dev2k,yolov8n_ultralytics_8.4.77_f59b3d83,yolov8n_bdd100k_road8_top100_v1,PFX_EXACT,S_FIXED,-1,30,12,40,1200,157,94.4808413998899
bdd100k_road8_dev2k,yolov8n_ultralytics_8.4.77_f59b3d83,yolov8n_bdd100k_road8_top100_v1,PFX_EXACT,S_FIXED,-1,30,13,40,1200,164,115.11773651721965
bdd100k_road8_dev2k,yolov8n_ultralytics_8.4.77_f59b3d83,yolov8n_bdd100k_road8_top100_v1,PFX_EXACT,S_FIXED,-1,30,14,40,1200,154,96.53312079971967
bdd100k_road8_dev2k,yolov8n_ultralytics_8.4.77_f59b3d83,yolov8n_bdd100k_road8_top100_v1,PFX_EXACT,S_FIXED,-1,30,15,40,1200,149,83.17241950738395
bdd100k_road8_dev2k,yolov8n_ultralytics_8.4.77_f59b3d83,yolov8n_bdd100k_road8_top100_v1,PFX_EXACT,S_FIXED,-1,30,16,40,1200,153,101.16938990931571
bdd100k_road8_dev2k,yolov8n_ultralytics_8.4.77_f59b3d83,yolov8n_bdd100k_road8_top100_v1,PFX_EXACT,S_FIXED,-1,30,17,40,1200,161,97.98695220269747
bdd100k_road8_dev2k,yolov8n_ultralytics_8.4.77_f59b3d83,yolov8n_bdd100k_road8_top100_v1,PFX_EXACT,S_FIXED,-1,30,18,40,1200,149,92.27539933896723
bdd100k_road8_dev2k,yolov8n_ultralytics_8.4.77_f59b3d83,yolov8n_bdd100k_road8_top100_v1,PFX_EXACT,S_FIXED,-1,30,19,40,1200,144,87.10626206396371
bdd100k_road8_dev2k,yolov8n_ultralytics_8.4.77_f59b3d83,yolov8n_bdd100k_road8_top100_v1,PFX_EXACT,S_FIXED,-1,30,20,40,1200,161,108.62505876233273
bdd100k_road8_dev2k,yolov8n_ultralytics_8.4.77_f59b3d83,yolov8n_bdd100k_road8_top100_v1,PFX_EXACT,S_FIXED,-1,30,21,40,1200,147,89.78309292778792
bdd100k_road8_dev2k,yolov8n_ultralytics_8.4.77_f59b3d83,yolov8n_bdd100k_road8_top100_v1,PFX_EXACT,S_FIXED,-1,30,22,40,1200,147,86.41800190883355
bdd100k_road8_dev2k,yolov8n_ultralytics_8.4.77_f59b3d83,yolov8n_bdd100k_road8_top100_v1,PFX_EXACT,S_FIXED,-1,30,23,40,1200,147,80.69983167346444
bdd100k_road8_dev2k,yolov8n_ultralytics_8.4.77_f59b3d83,yolov8n_bdd100k_road8_top100_v1,PFX_EXACT,S_FIXED,-1,30,24,40,1200,152,90.17847150967532
bdd100k_road8_dev2k,yolov8n_ultralytics_8.4.77_f59b3d83,yolov8n_bdd100k_road8_top100_v1,PFX_EXACT,S_FIXED,-1,30,25,40,1200,147,90.50333705489302
bdd100k_road8_dev2k,yolov8n_ultralytics_8.4.77_f59b3d83,yolov8n_bdd100k_road8_top100_v1,PFX_EXACT,S_FIXED,-1,30,26,40,1200,150,95.70652896927002
bdd100k_road8_dev2k,yolov8n_ultralytics_8.4.77_f59b3d83,yolov8n_bdd100k_road8_top100_v1,PFX_EXACT,S_FIXED,-1,30,27,40,1200,150,82.0324891180195
bdd100k_road8_dev2k,yolov8n_ultralytics_8.4.77_f59b3d83,yolov8n_bdd100k_road8_top100_v1,PFX_EXACT,S_FIXED,-1,30,28,40,1200,154,113.03950293878081
bdd100k_road8_dev2k,yolov8n_ultralytics_8.4.77_f59b3d83,yolov8n_bdd100k_road8_top100_v1,PFX_EXACT,S_FIXED,-1,30,29,40,1200,148,90.53730686215273
bdd100k_road8_dev2k,yolov8n_ultralytics_8.4.77_f59b3d83,yolov8n_bdd100k_road8_top100_v1,PFX_EXACT,S_FIXED,-1,30,30,40,1200,161,97.31097000406967
bdd100k_road8_dev2k,yolov8n_ultralytics_8.4.77_f59b3d83,yolov8n_bdd100k_road8_top100_v1,PFX_EXACT,S_FIXED,-1,30,31,40,1200,140,91.4182469257214
bdd100k_road8_dev2k,yolov8n_ultralytics_8.4.77_f59b3d83,yolov8n_bdd100k_road8_top100_v1,PFX_EXACT,S_FIXED,-1,30,32,40,1200,170,93.5339601188738
bdd100k_road8_dev2k,yolov8n_ultralytics_8.4.77_f59b3d83,yolov8n_bdd100k_road8_top100_v1,PFX_EXACT,S_FIXED,-1,30,33,40,1200,155,94.1291685726749
bdd100k_road8_dev2k,yolov8n_ultralytics_8.4.77_f59b3d83,yolov8n_bdd100k_road8_top100_v1,PFX_EXACT,S_FIXED,-1,30,34,40,1200,157,94.30355802372759
bdd100k_road8_dev2k,yolov8n_ultralytics_8.4.77_f59b3d83,yolov8n_bdd100k_road8_top100_v1,PFX_EXACT,S_FIXED,-1,30,35,40,1200,141,95.0830002814839
bdd100k_road8_dev2k,yolov8n_ultralytics_8.4.77_f59b3d83,yolov8n_bdd100k_road8_top100_v1,PFX_EXACT,S_FIXED,-1,30,36,40,1200,148,88.44910949654763
bdd100k_road8_dev2k,yolov8n_ultralytics_8.4.77_f59b3d83,yolov8n_bdd100k_road8_top100_v1,PFX_EXACT,S_FIXED,-1,30,37,40,1200,146,97.32842465054972
bdd100k_road8_dev2k,yolov8n_ultralytics_8.4.77_f59b3d83,yolov8n_bdd100k_road8_top100_v1,PFX_EXACT,S_FIXED,-1,30,38,40,1200,162,106.78180001961327
bdd100k_road8_dev2k,yolov8n_ultralytics_8.4.77_f59b3d83,yolov8n_bdd100k_road8_top100_v1,PFX_EXACT,S_FIXED,-1,30,39,40,1200,152,98.49108695936224
bdd100k_road8_dev2k,yolov8n_ultralytics_8.4.77_f59b3d83,yolov8n_bdd100k_road8_top100_v1,PFX_EXACT,S_FIXED,-1,30,40,40,1200,156,100.98492516521014
bdd100k_road8_dev2k,yolov8n_ultralytics_8.4.77_f59b3d83,yolov8n_bdd100k_road8_top100_v1,PFX_EXACT,S_FIXED,-1,30,41,40,1200,142,93.36101763037593
bdd100k_road8_dev2k,yolov8n_ultralytics_8.4.77_f59b3d83,yolov8n_bdd100k_road8_top100_v1,PFX_EXACT,S_FIXED,-1,30,42,40,1200,149,88.45174890813085
bdd100k_road8_dev2k,yolov8n_ultralytics_8.4.77_f59b3d83,yolov8n_bdd100k_road8_top100_v1,PFX_EXACT,S_FIXED,-1,30,43,40,1200,159,91.29095206092539
bdd100k_road8_dev2k,yolov8n_ultralytics_8.4.77_f59b3d83,yolov8n_bdd100k_road8_top100_v1,PFX_EXACT,S_FIXED,-1,30,44,40,1200,132,91.51899375274176
bdd100k_road8_dev2k,yolov8n_ultralytics_8.4.77_f59b3d83,yolov8n_bdd100k_road8_top100_v1,PFX_EXACT,S_FIXED,-1,30,45,40,1200,165,103.23117277480198
bdd100k_road8_dev2k,yolov8n_ultralytics_8.4.77_f59b3d83,yolov8n_bdd100k_road8_top100_v1,PFX_EXACT,S_FIXED,-1,30,46,40,1200,162,97.21411001550504
bdd100k_road8_dev2k,yolov8n_ultralytics_8.4.77_f59b3d83,yolov8n_bdd100k_road8_top100_v1,PFX_EXACT,S_FIXED,-1,30,47,40,1200,148,85.75329846387586
bdd100k_road8_dev2k,yolov8n_ultralytics_8.4.77_f59b3d83,yolov8n_bdd100k_road8_top100_v1,PFX_EXACT,S_FIXED,-1,30,48,40,1200,177,111.50707060015617
bdd100k_road8_dev2k,yolov8n_ultralytics_8.4.77_f59b3d83,yolov8n_bdd100k_road8_top100_v1,PFX_EXACT,S_FIXED,-1,30,49,40,1200,149,102.18655956774474
bdd100k_road8_dev2k,yolov8n_ultralytics_8.4.77_f59b3d83,yolov8n_bdd100k_road8_top100_v1,PFX_EXACT,S_FIXED,-1,40,0,40,1600,183,131.7413397782223
bdd100k_road8_dev2k,yolov8n_ultralytics_8.4.77_f59b3d83,yolov8n_bdd100k_road8_top100_v1,PFX_EXACT,S_FIXED,-1,40,1,40,1600,176,117.09580929671272
bdd100k_road8_dev2k,yolov8n_ultralytics_8.4.77_f59b3d83,yolov8n_bdd100k_road8_top100_v1,PFX_EXACT,S_FIXED,-1,40,2,40,1600,170,93.41775704244537
bdd100k_road8_dev2k,yolov8n_ultralytics_8.4.77_f59b3d83,yolov8n_bdd100k_road8_top100_v1,PFX_EXACT,S_FIXED,-1,40,3,40,1600,168,101.11843205797936
bdd100k_road8_dev2k,yolov8n_ultralytics_8.4.77_f59b3d83,yolov8n_bdd100k_road8_top100_v1,PFX_EXACT,S_FIXED,-1,40,4,40,1600,181,99.77424607692298
bdd100k_road8_dev2k,yolov8n_ultralytics_8.4.77_f59b3d83,yolov8n_bdd100k_road8_top100_v1,PFX_EXACT,S_FIXED,-1,40,5,40,1600,193,106.6225447648109
bdd100k_road8_dev2k,yolov8n_ultralytics_8.4.77_f59b3d83,yolov8n_bdd100k_road8_top100_v1,PFX_EXACT,S_FIXED,-1,40,6,40,1600,184,112.5945773329486
bdd100k_road8_dev2k,yolov8n_ultralytics_8.4.77_f59b3d83,yolov8n_bdd100k_road8_top100_v1,PFX_EXACT,S_FIXED,-1,40,7,40,1600,178,98.86174622772586
bdd100k_road8_dev2k,yolov8n_ultralytics_8.4.77_f59b3d83,yolov8n_bdd100k_road8_top100_v1,PFX_EXACT,S_FIXED,-1,40,8,40,1600,192,107.53686077647268
bdd100k_road8_dev2k,yolov8n_ultralytics_8.4.77_f59b3d83,yolov8n_bdd100k_road8_top100_v1,PFX_EXACT,S_FIXED,-1,40,9,40,1600,188,124.98013682741508
bdd100k_road8_dev2k,yolov8n_ultralytics_8.4.77_f59b3d83,yolov8n_bdd100k_road8_top100_v1,PFX_EXACT,S_FIXED,-1,40,10,40,1600,177,100.01728369663763
bdd100k_road8_dev2k,yolov8n_ultralytics_8.4.77_f59b3d83,yolov8n_bdd100k_road8_top100_v1,PFX_EXACT,S_FIXED,-1,40,11,40,1600,187,122.32264277056105
bdd100k_road8_dev2k,yolov8n_ultralytics_8.4.77_f59b3d83,yolov8n_bdd100k_road8_top100_v1,PFX_EXACT,S_FIXED,-1,40,12,40,1600,193,110.22620526764483
bdd100k_road8_dev2k,yolov8n_ultralytics_8.4.77_f59b3d83,yolov8n_bdd100k_road8_top100_v1,PFX_EXACT,S_FIXED,-1,40,13,40,1600,198,135.76577057826165
bdd100k_road8_dev2k,yolov8n_ultralytics_8.4.77_f59b3d83,yolov8n_bdd100k_road8_top100_v1,PFX_EXACT,S_FIXED,-1,40,14,40,1600,193,120.4757328516389
bdd100k_road8_dev2k,yolov8n_ultralytics_8.4.77_f59b3d83,yolov8n_bdd100k_road8_top100_v1,PFX_EXACT,S_FIXED,-1,40,15,40,1600,175,97.84179734775574
bdd100k_road8_dev2k,yolov8n_ultralytics_8.4.77_f59b3d83,yolov8n_bdd100k_road8_top100_v1,PFX_EXACT,S_FIXED,-1,40,16,40,1600,185,115.95229527936944
bdd100k_road8_dev2k,yolov8n_ultralytics_8.4.77_f59b3d83,yolov8n_bdd100k_road8_top100_v1,PFX_EXACT,S_FIXED,-1,40,17,40,1600,192,118.56348659461727
bdd100k_road8_dev2k,yolov8n_ultralytics_8.4.77_f59b3d83,yolov8n_bdd100k_road8_top100_v1,PFX_EXACT,S_FIXED,-1,40,18,40,1600,177,107.4583509538332
bdd100k_road8_dev2k,yolov8n_ultralytics_8.4.77_f59b3d83,yolov8n_bdd100k_road8_top100_v1,PFX_EXACT,S_FIXED,-1,40,19,40,1600,174,104.76916357369392
bdd100k_road8_dev2k,yolov8n_ultralytics_8.4.77_f59b3d83,yolov8n_bdd100k_road8_top100_v1,PFX_EXACT,S_FIXED,-1,40,20,40,1600,185,122.59010276562363
bdd100k_road8_dev2k,yolov8n_ultralytics_8.4.77_f59b3d83,yolov8n_bdd100k_road8_top100_v1,PFX_EXACT,S_FIXED,-1,40,21,40,1600,177,103.60679664426628
bdd100k_road8_dev2k,yolov8n_ultralytics_8.4.77_f59b3d83,yolov8n_bdd100k_road8_top100_v1,PFX_EXACT,S_FIXED,-1,40,22,40,1600,170,98.25479396804965
bdd100k_road8_dev2k,yolov8n_ultralytics_8.4.77_f59b3d83,yolov8n_bdd100k_road8_top100_v1,PFX_EXACT,S_FIXED,-1,40,23,40,1600,176,93.80502259318858
bdd100k_road8_dev2k,yolov8n_ultralytics_8.4.77_f59b3d83,yolov8n_bdd100k_road8_top100_v1,PFX_EXACT,S_FIXED,-1,40,24,40,1600,183,108.53359857280411
bdd100k_road8_dev2k,yolov8n_ultralytics_8.4.77_f59b3d83,yolov8n_bdd100k_road8_top100_v1,PFX_EXACT,S_FIXED,-1,40,25,40,1600,183,110.22167741467787
bdd100k_road8_dev2k,yolov8n_ultralytics_8.4.77_f59b3d83,yolov8n_bdd100k_road8_top100_v1,PFX_EXACT,S_FIXED,-1,40,26,40,1600,180,112.79932938131358
bdd100k_road8_dev2k,yolov8n_ultralytics_8.4.77_f59b3d83,yolov8n_bdd100k_road8_top100_v1,PFX_EXACT,S_FIXED,-1,40,27,40,1600,172,95.03151456900642
bdd100k_road8_dev2k,yolov8n_ultralytics_8.4.77_f59b3d83,yolov8n_bdd100k_road8_top100_v1,PFX_EXACT,S_FIXED,-1,40,28,40,1600,184,131.3298325365401
bdd100k_road8_dev2k,yolov8n_ultralytics_8.4.77_f59b3d83,yolov8n_bdd100k_road8_top100_v1,PFX_EXACT,S_FIXED,-1,40,29,40,1600,178,108.15589774645511
bdd100k_road8_dev2k,yolov8n_ultralytics_8.4.77_f59b3d83,yolov8n_bdd100k_road8_top100_v1,PFX_EXACT,S_FIXED,-1,40,30,40,1600,196,114.25254963264234
bdd100k_road8_dev2k,yolov8n_ultralytics_8.4.77_f59b3d83,yolov8n_bdd100k_road8_top100_v1,PFX_EXACT,S_FIXED,-1,40,31,40,1600,172,105.78019502467468
bdd100k_road8_dev2k,yolov8n_ultralytics_8.4.77_f59b3d83,yolov8n_bdd100k_road8_top100_v1,PFX_EXACT,S_FIXED,-1,40,32,40,1600,203,112.06068011043921
bdd100k_road8_dev2k,yolov8n_ultralytics_8.4.77_f59b3d83,yolov8n_bdd100k_road8_top100_v1,PFX_EXACT,S_FIXED,-1,40,33,40,1600,190,110.77129167242282
bdd100k_road8_dev2k,yolov8n_ultralytics_8.4.77_f59b3d83,yolov8n_bdd100k_road8_top100_v1,PFX_EXACT,S_FIXED,-1,40,34,40,1600,178,110.5019542475653
bdd100k_road8_dev2k,yolov8n_ultralytics_8.4.77_f59b3d83,yolov8n_bdd100k_road8_top100_v1,PFX_EXACT,S_FIXED,-1,40,35,40,1600,165,110.6148768978993
bdd100k_road8_dev2k,yolov8n_ultralytics_8.4.77_f59b3d83,yolov8n_bdd100k_road8_top100_v1,PFX_EXACT,S_FIXED,-1,40,36,40,1600,188,109.57789127690201
bdd100k_road8_dev2k,yolov8n_ultralytics_8.4.77_f59b3d83,yolov8n_bdd100k_road8_top100_v1,PFX_EXACT,S_FIXED,-1,40,37,40,1600,179,114.7533191310989
bdd100k_road8_dev2k,yolov8n_ultralytics_8.4.77_f59b3d83,yolov8n_bdd100k_road8_top100_v1,PFX_EXACT,S_FIXED,-1,40,38,40,1600,193,124.45800854294777
bdd100k_road8_dev2k,yolov8n_ultralytics_8.4.77_f59b3d83,yolov8n_bdd100k_road8_top100_v1,PFX_EXACT,S_FIXED,-1,40,39,40,1600,180,111.49970225831782
bdd100k_road8_dev2k,yolov8n_ultralytics_8.4.77_f59b3d83,yolov8n_bdd100k_road8_top100_v1,PFX_EXACT,S_FIXED,-1,40,40,40,1600,184,119.0437017135008
bdd100k_road8_dev2k,yolov8n_ultralytics_8.4.77_f59b3d83,yolov8n_bdd100k_road8_top100_v1,PFX_EXACT,S_FIXED,-1,40,41,40,1600,171,112.71402624191407
bdd100k_road8_dev2k,yolov8n_ultralytics_8.4.77_f59b3d83,yolov8n_bdd100k_road8_top100_v1,PFX_EXACT,S_FIXED,-1,40,42,40,1600,179,109.32554817701477
bdd100k_road8_dev2k,yolov8n_ultralytics_8.4.77_f59b3d83,yolov8n_bdd100k_road8_top100_v1,PFX_EXACT,S_FIXED,-1,40,43,40,1600,185,103.39678461541573
bdd100k_road8_dev2k,yolov8n_ultralytics_8.4.77_f59b3d83,yolov8n_bdd100k_road8_top100_v1,PFX_EXACT,S_FIXED,-1,40,44,40,1600,164,110.55854282949551
bdd100k_road8_dev2k,yolov8n_ultralytics_8.4.77_f59b3d83,yolov8n_bdd100k_road8_top100_v1,PFX_EXACT,S_FIXED,-1,40,45,40,1600,197,117.19634403485608
bdd100k_road8_dev2k,yolov8n_ultralytics_8.4.77_f59b3d83,yolov8n_bdd100k_road8_top100_v1,PFX_EXACT,S_FIXED,-1,40,46,40,1600,190,117.9678617855617
bdd100k_road8_dev2k,yolov8n_ultralytics_8.4.77_f59b3d83,yolov8n_bdd100k_road8_top100_v1,PFX_EXACT,S_FIXED,-1,40,47,40,1600,183,101.5887541184173
bdd100k_road8_dev2k,yolov8n_ultralytics_8.4.77_f59b3d83,yolov8n_bdd100k_road8_top100_v1,PFX_EXACT,S_FIXED,-1,40,48,40,1600,215,132.09748702216604
bdd100k_road8_dev2k,yolov8n_ultralytics_8.4.77_f59b3d83,yolov8n_bdd100k_road8_top100_v1,PFX_EXACT,S_FIXED,-1,40,49,40,1600,185,118.65932380697359
